Team,period,Rating,Country
AFC Bournemouth,2023-08-12,2097.85,England
AFC Bournemouth,2023-08-19,2106.34,England
AFC Bournemouth,2023-08-26,2128.01,England
AFC Bournemouth,2023-08-29,2150.26,England
AFC Bournemouth,2023-09-02,2150.1,England
AFC Bournemouth,2023-09-17,2143.27,England
AFC Bournemouth,2023-09-24,2178.65,England
AFC Bournemouth,2023-09-27,2183.3,England
AFC Bournemouth,2023-09-30,2169.88,England
AFC Bournemouth,2023-10-07,2143.3,England
AFC Bournemouth,2023-10-21,2150.78,England
AFC Bournemouth,2023-10-28,2164.24,England
AFC Bournemouth,2023-11-01,2170.17,England
AFC Bournemouth,2023-11-04,2158.82,England
AFC Bournemouth,2023-11-11,2165.13,England
AFC Bournemouth,2023-11-25,2166.49,England
AFC Bournemouth,2023-12-03,2177.43,England
AFC Bournemouth,2023-12-06,2189.32,England
AFC Bournemouth,2023-12-09,2209.18,England
AFC Bournemouth,2023-12-16,2221.8,England
AFC Bournemouth,2023-12-23,2222.7,England
AFC Bournemouth,2023-12-26,2235.4,England
AFC Bournemouth,2023-12-31,2258.03,England
AFC Bournemouth,2024-01-06,2252.57,England
AFC Bournemouth,2024-01-21,2248.96,England
AFC Bournemouth,2024-01-25,2249.9,England
AFC Bournemouth,2024-02-01,2260.53,England
AFC Bournemouth,2024-02-04,2263.58,England
AFC Bournemouth,2024-02-10,2273.07,England
AFC Bournemouth,2024-02-17,2269.22,England
AFC Bournemouth,2024-02-24,2281.37,England
AFC Bournemouth,2024-02-27,2308.1,England
AFC Bournemouth,2024-03-03,2309.85,England
AFC Bournemouth,2024-03-09,2294.53,England
AFC Bournemouth,2024-03-13,2289.53,England
AFC Bournemouth,2024-03-30,2280.15,England
AFC Bournemouth,2024-04-02,2271.47,England
AFC Bournemouth,2024-04-06,2278.2,England
AFC Bournemouth,2024-04-13,2285.81,England
AFC Bournemouth,2024-04-21,2282.86,England
AFC Bournemouth,2024-04-24,2269.79,England
AFC Bournemouth,2024-04-28,2275.88,England
AFC Bournemouth,2024-05-04,2281.69,England
AFC Bournemouth,2024-05-11,2276.76,England
AFC Bournemouth,2024-05-19,2255.97,England
AFC Bournemouth,2024-08-17,2241.55,England
AFC Bournemouth,2024-08-25,2242.74,England
AFC Bournemouth,2024-08-28,2236.14,England
AFC Bournemouth,2024-08-31,2268.68,England
AFC Bournemouth,2024-09-14,2242.28,England
AFC Bournemouth,2024-09-21,2247.07,England
AFC Bournemouth,2024-09-30,2268.89,England
AFC Bournemouth,2024-10-05,2283.68,England
AFC Bournemouth,2024-10-19,2292.33,England
AFC Bournemouth,2024-10-26,2280.16,England
AFC Bournemouth,2024-11-02,2268.5,England
AFC Bournemouth,2024-11-09,2292.48,England
AFC Bournemouth,2024-11-23,2289.87,England
AFC Bournemouth,2024-11-30,2286.91,England
AFC Bournemouth,2024-12-05,2309.99,England
AFC Bournemouth,2024-12-08,2301.28,England
AFC Bournemouth,2024-12-16,2298.59,England
AFC Bournemouth,2024-12-22,2310.16,England
AFC Bournemouth,2024-12-26,2335.81,England
AFC Bournemouth,2024-12-29,2323.62,England
AFC Bournemouth,2025-01-04,2327.32,England
AFC Bournemouth,2025-01-11,2299.01,England
AFC Bournemouth,2025-01-14,2301.47,England
AFC Bournemouth,2025-01-18,2296.15,England
AFC Bournemouth,2025-01-25,2313.47,England
AFC Bournemouth,2025-02-01,2273.74,England
AFC Bournemouth,2025-02-08,2273.55,England
AFC Bournemouth,2025-02-15,2317.38,England
AFC Bournemouth,2025-02-22,2345.95,England
AFC Bournemouth,2025-02-25,2337.01,England
AFC Bournemouth,2025-03-01,2326.72,England
AFC Bournemouth,2025-03-09,2326.45,England
AFC Bournemouth,2025-03-15,2342.29,England
AFC Bournemouth,2025-03-30,2349.14,England
AFC Bournemouth,2025-04-02,2352.14,England
AFC Bournemouth,2025-04-05,2346.17,England
AFC Bournemouth,2025-04-14,2338.86,England
AFC Bournemouth,2025-04-19,2344.09,England
AFC Bournemouth,2025-04-27,2337.18,England
AFC Bournemouth,2025-05-03,2332.34,England
AFC Bournemouth,2025-05-10,2316.11,England
AFC Bournemouth,2025-05-20,2284.45,England
AFC Bournemouth,2025-05-25,2292.15,England
AFC Bournemouth,2025-08-15,2291.1,England
AFC Bournemouth,2025-08-23,2302.89,England
AFC Bournemouth,2025-08-26,2303.61,England
AFC Bournemouth,2025-08-30,2288.79,England
AFC Bournemouth,2025-09-13,2280.82,England
AFC Bournemouth,2025-09-21,2295.16,England
AFC Bournemouth,2025-09-27,2319.85,England
AFC Bournemouth,2025-10-03,2326.02,England
AFC Bournemouth,2025-10-18,2327.75,England
AFC Bournemouth,2025-10-26,2314.72,England
AFC Bournemouth,2025-11-02,2301.15,England
AFC Bournemouth,2025-11-09,2332.09,England
AFC Bournemouth,2025-11-22,2324.28,England
AFC Bournemouth,2025-11-29,2328.28,England
AFC Bournemouth,2025-12-02,2320.66,England
AFC Bournemouth,2025-12-06,2311.81,England
AFC Bournemouth,2025-12-15,2301.64,England
AFC Bournemouth,2025-12-20,2302.88,England
AFC Bournemouth,2025-12-27,2299.97,England
AFC Bournemouth,2025-12-30,2294.17,England
AFC Bournemouth,2026-01-03,2299.0,England
AFC Bournemouth,2026-01-07,2304.14,England
AFC Bournemouth,2026-01-10,2302.61,England
AFC Bournemouth,2026-01-19,2297.05,England
AFC Bournemouth,2026-01-24,2281.45,England
AFC Bournemouth,2026-01-31,2275.79,England
AFC Bournemouth,2026-02-07,2284.45,England
AFC Bournemouth,2026-02-10,2280.04,England
AFC Bournemouth,2026-02-21,2282.53,England
AFC Bournemouth,2026-02-28,2286.95,England
AFC Bournemouth,2026-03-03,2285.23,England
AFC Bournemouth,2026-03-14,2296.91,England
AFC Bournemouth,2026-03-20,2298.9,England
AFC Bournemouth,2026-04-11,2309.65,England
AFC Bournemouth,2026-04-18,2318.76,England
AFC Bournemouth,2026-04-22,2338.72,England
AFC Bournemouth,2026-05-03,2362.68,England
AFC Bournemouth,2026-05-09,2370.14,England
AFC Bournemouth,2026-05-19,2350.0,England
AFC Bournemouth,2026-05-24,2358.37,England
AFC Bournemouth,2026-08-23,2358.12,England
AFC Wimbledon,2023-08-05,1755.09,England
AFC Wimbledon,2023-08-09,1774.36,England
AFC Wimbledon,2023-08-12,1784.32,England
AFC Wimbledon,2023-08-15,1791.37,England
AFC Wimbledon,2023-08-19,1811.74,England
AFC Wimbledon,2023-08-26,1818.34,England
AFC Wimbledon,2023-08-30,1818.34,England
AFC Wimbledon,2023-09-02,1839.84,England
AFC Wimbledon,2023-09-09,1840.72,England
AFC Wimbledon,2023-09-16,1842.49,England
AFC Wimbledon,2023-09-23,1854.08,England
AFC Wimbledon,2023-09-30,1859.74,England
AFC Wimbledon,2023-10-03,1881.68,England
AFC Wimbledon,2023-10-07,1880.44,England
AFC Wimbledon,2023-10-14,1894.35,England
AFC Wimbledon,2023-10-21,1887.91,England
AFC Wimbledon,2023-10-24,1890.03,England
AFC Wimbledon,2023-10-28,1879.78,England
AFC Wimbledon,2023-11-04,1853.01,England
AFC Wimbledon,2023-11-11,1855.07,England
AFC Wimbledon,2023-11-25,1868.61,England
AFC Wimbledon,2023-11-28,1879.62,England
AFC Wimbledon,2023-12-04,1879.62,England
AFC Wimbledon,2023-12-09,1891.8,England
AFC Wimbledon,2023-12-16,1901.25,England
AFC Wimbledon,2023-12-22,1915.2,England
AFC Wimbledon,2023-12-26,1939.72,England
AFC Wimbledon,2023-12-29,1933.93,England
AFC Wimbledon,2024-01-01,1929.74,England
AFC Wimbledon,2024-01-06,1910.16,England
AFC Wimbledon,2024-01-13,1897.26,England
AFC Wimbledon,2024-01-23,1901.07,England
AFC Wimbledon,2024-01-27,1908.82,England
AFC Wimbledon,2024-02-03,1893.58,England
AFC Wimbledon,2024-02-10,1882.39,England
AFC Wimbledon,2024-02-13,1888.83,England
AFC Wimbledon,2024-02-17,1879.45,England
AFC Wimbledon,2024-02-20,1876.35,England
AFC Wimbledon,2024-02-24,1860.08,England
AFC Wimbledon,2024-03-02,1844.22,England
AFC Wimbledon,2024-03-05,1854.24,England
AFC Wimbledon,2024-03-09,1856.96,England
AFC Wimbledon,2024-03-12,1860.78,England
AFC Wimbledon,2024-03-16,1870.25,England
AFC Wimbledon,2024-03-23,1869.13,England
AFC Wimbledon,2024-03-29,1853.58,England
AFC Wimbledon,2024-08-10,1849.41,England
AFC Wimbledon,2024-08-13,1845.12,England
AFC Wimbledon,2024-08-17,1845.19,England
AFC Wimbledon,2024-08-24,1858.95,England
AFC Wimbledon,2024-08-28,1874.93,England
AFC Wimbledon,2024-08-31,1881.08,England
AFC Wimbledon,2024-09-14,1876.34,England
AFC Wimbledon,2024-09-21,1880.32,England
AFC Wimbledon,2024-10-01,1892.03,England
AFC Wimbledon,2024-10-05,1894.16,England
AFC Wimbledon,2024-10-12,1887.4,England
AFC Wimbledon,2024-10-19,1877.93,England
AFC Wimbledon,2024-10-22,1879.49,England
AFC Wimbledon,2024-10-26,1872.54,England
AFC Wimbledon,2024-11-03,1892.81,England
AFC Wimbledon,2024-11-09,1907.78,England
AFC Wimbledon,2024-11-16,1909.55,England
AFC Wimbledon,2024-11-19,1898.53,England
AFC Wimbledon,2024-11-23,1896.09,England
AFC Wimbledon,2024-11-26,1902.12,England
AFC Wimbledon,2024-11-30,1900.5,England
AFC Wimbledon,2024-12-03,1897.46,England
AFC Wimbledon,2024-12-07,1889.76,England
AFC Wimbledon,2024-12-14,1890.26,England
AFC Wimbledon,2024-12-21,1890.28,England
AFC Wimbledon,2024-12-26,1888.85,England
AFC Wimbledon,2024-12-30,1885.41,England
AFC Wimbledon,2025-01-02,1876.14,England
AFC Wimbledon,2025-01-18,1885.15,England
AFC Wimbledon,2025-01-25,1894.84,England
AFC Wimbledon,2025-01-28,1893.45,England
AFC Wimbledon,2025-02-01,1890.99,England
AFC Wimbledon,2025-02-08,1897.06,England
AFC Wimbledon,2025-02-11,1900.24,England
AFC Wimbledon,2025-02-15,1914.07,England
AFC Wimbledon,2025-02-18,1912.01,England
AFC Wimbledon,2025-02-22,1904.7,England
AFC Wimbledon,2025-03-01,1905.37,England
AFC Wimbledon,2025-03-04,1896.97,England
AFC Wimbledon,2025-03-08,1883.4,England
AFC Wimbledon,2025-03-11,1882.64,England
AFC Wimbledon,2025-03-15,1881.27,England
AFC Wimbledon,2025-03-22,1880.86,England
AFC Wimbledon,2025-03-29,1886.64,England
AFC Wimbledon,2025-04-01,1905.24,England
AFC Wimbledon,2025-04-05,1900.3,England
AFC Wimbledon,2025-04-12,1884.83,England
AFC Wimbledon,2025-04-18,1888.8,England
AFC Wimbledon,2025-04-21,1903.11,England
AFC Wimbledon,2025-04-26,1902.74,England
AFC Wimbledon,2025-05-03,1891.61,England
AFC Wimbledon,2025-05-10,1888.25,England
AFC Wimbledon,2025-05-17,1904.55,England
AFC Wimbledon,2025-05-26,1894.4,England
AFC Wimbledon,2025-08-01,1887.45,England
AFC Wimbledon,2025-08-09,1862.75,England
AFC Wimbledon,2025-08-12,1878.26,England
AFC Wimbledon,2025-08-16,1871.45,England
AFC Wimbledon,2025-08-19,1865.64,England
AFC Wimbledon,2025-08-23,1869.84,England
AFC Wimbledon,2025-08-26,1879.47,England
AFC Wimbledon,2025-08-30,1874.93,England
AFC Wimbledon,2025-09-06,1853.67,England
AFC Wimbledon,2025-09-13,1855.55,England
AFC Wimbledon,2025-09-20,1868.01,England
AFC Wimbledon,2025-09-27,1866.36,England
AFC Wimbledon,2025-10-04,1875.68,England
AFC Wimbledon,2025-10-11,1875.93,England
AFC Wimbledon,2025-10-18,1866.76,England
AFC Wimbledon,2025-10-25,1876.01,England
AFC Wimbledon,2025-11-01,1893.68,England
AFC Wimbledon,2025-11-08,1898.16,England
AFC Wimbledon,2025-11-22,1871.06,England
AFC Wimbledon,2025-11-29,1870.34,England
AFC Wimbledon,2025-12-09,1847.16,England
AFC Wimbledon,2025-12-13,1849.66,England
AFC Wimbledon,2025-12-19,1858.84,England
AFC Wimbledon,2025-12-26,1846.03,England
AFC Wimbledon,2025-12-29,1853.01,England
AFC Wimbledon,2026-01-01,1858.12,England
AFC Wimbledon,2026-01-04,1860.98,England
AFC Wimbledon,2026-01-17,1861.51,England
AFC Wimbledon,2026-01-24,1851.22,England
AFC Wimbledon,2026-01-31,1859.54,England
AFC Wimbledon,2026-02-03,1855.87,England
AFC Wimbledon,2026-02-07,1857.57,England
AFC Wimbledon,2026-02-14,1861.95,England
AFC Wimbledon,2026-02-17,1853.15,England
AFC Wimbledon,2026-02-21,1857.33,England
AFC Wimbledon,2026-02-28,1865.29,England
AFC Wimbledon,2026-03-08,1861.63,England
AFC Wimbledon,2026-03-11,1857.77,England
AFC Wimbledon,2026-03-14,1879.3,England
AFC Wimbledon,2026-03-17,1881.03,England
AFC Wimbledon,2026-03-21,1882.66,England
AFC Wimbledon,2026-03-28,1876.36,England
AFC Wimbledon,2026-04-03,1873.92,England
AFC Wimbledon,2026-04-06,1866.93,England
AFC Wimbledon,2026-04-11,1846.78,England
AFC Wimbledon,2026-04-15,1841.94,England
AFC Wimbledon,2026-04-18,1832.7,England
AFC Wimbledon,2026-04-25,1856.36,England
AFC Wimbledon,2026-05-02,1857.14,England
AFC Wimbledon,2026-08-15,1833.94,England
Arsenal FC,2023-08-06,2456.57,England
Arsenal FC,2023-08-12,2452.64,England
Arsenal FC,2023-08-21,2459.72,England
Arsenal FC,2023-08-26,2475.7,England
Arsenal FC,2023-09-03,2465.32,England
Arsenal FC,2023-09-17,2466.43,England
Arsenal FC,2023-09-20,2475.62,England
Arsenal FC,2023-09-24,2468.56,England
Arsenal FC,2023-09-27,2443.39,England
Arsenal FC,2023-09-30,2456.82,England
Arsenal FC,2023-10-03,2473.51,England
Arsenal FC,2023-10-08,2478.93,England
Arsenal FC,2023-10-21,2482.49,England
Arsenal FC,2023-10-24,2470.09,England
Arsenal FC,2023-10-28,2462.32,England
Arsenal FC,2023-11-01,2455.4,England
Arsenal FC,2023-11-04,2472.95,England
Arsenal FC,2023-11-08,2480.27,England
Arsenal FC,2023-11-11,2477.94,England
Arsenal FC,2023-11-25,2501.94,England
Arsenal FC,2023-11-29,2498.87,England
Arsenal FC,2023-12-02,2518.98,England
Arsenal FC,2023-12-05,2522.91,England
Arsenal FC,2023-12-09,2521.96,England
Arsenal FC,2023-12-12,2488.1,England
Arsenal FC,2023-12-17,2476.81,England
Arsenal FC,2023-12-23,2490.52,England
Arsenal FC,2023-12-28,2511.55,England
Arsenal FC,2023-12-31,2518.35,England
Arsenal FC,2024-01-07,2486.11,England
Arsenal FC,2024-01-20,2510.53,England
Arsenal FC,2024-01-30,2525.26,England
Arsenal FC,2024-02-04,2497.68,England
Arsenal FC,2024-02-11,2501.8,England
Arsenal FC,2024-02-17,2497.77,England
Arsenal FC,2024-02-21,2495.23,England
Arsenal FC,2024-02-24,2512.91,England
Arsenal FC,2024-03-04,2523.59,England
Arsenal FC,2024-03-09,2537.64,England
Arsenal FC,2024-03-12,2548.98,England
Arsenal FC,2024-03-31,2564.68,England
Arsenal FC,2024-04-03,2555.2,England
Arsenal FC,2024-04-06,2572.88,England
Arsenal FC,2024-04-09,2585.09,England
Arsenal FC,2024-04-14,2596.15,England
Arsenal FC,2024-04-17,2573.2,England
Arsenal FC,2024-04-20,2585.5,England
Arsenal FC,2024-04-23,2579.65,England
Arsenal FC,2024-04-28,2588.94,England
Arsenal FC,2024-05-04,2583.12,England
Arsenal FC,2024-05-12,2598.51,England
Arsenal FC,2024-05-19,2598.95,England
Arsenal FC,2024-08-17,2602.86,England
Arsenal FC,2024-08-24,2588.14,England
Arsenal FC,2024-08-31,2569.28,England
Arsenal FC,2024-09-15,2541.88,England
Arsenal FC,2024-09-19,2521.11,England
Arsenal FC,2024-09-22,2528.85,England
Arsenal FC,2024-09-25,2530.82,England
Arsenal FC,2024-09-28,2537.66,England
Arsenal FC,2024-10-01,2530.13,England
Arsenal FC,2024-10-05,2512.46,England
Arsenal FC,2024-10-19,2503.81,England
Arsenal FC,2024-10-22,2544.03,England
Arsenal FC,2024-10-27,2528.99,England
Arsenal FC,2024-10-30,2506.53,England
Arsenal FC,2024-11-02,2532.47,England
Arsenal FC,2024-11-06,2524.22,England
Arsenal FC,2024-11-10,2533.76,England
Arsenal FC,2024-11-23,2515.9,England
Arsenal FC,2024-11-26,2487.61,England
Arsenal FC,2024-11-30,2517.41,England
Arsenal FC,2024-12-04,2523.88,England
Arsenal FC,2024-12-08,2529.67,England
Arsenal FC,2024-12-11,2534.49,England
Arsenal FC,2024-12-14,2545.29,England
Arsenal FC,2024-12-18,2496.28,England
Arsenal FC,2024-12-21,2505.19,England
Arsenal FC,2024-12-27,2531.51,England
Arsenal FC,2025-01-01,2529.1,England
Arsenal FC,2025-01-04,2532.47,England
Arsenal FC,2025-01-07,2548.53,England
Arsenal FC,2025-01-12,2536.57,England
Arsenal FC,2025-01-15,2547.07,England
Arsenal FC,2025-01-18,2537.62,England
Arsenal FC,2025-01-22,2564.59,England
Arsenal FC,2025-01-25,2533.68,England
Arsenal FC,2025-01-29,2529.24,England
Arsenal FC,2025-02-02,2517.16,England
Arsenal FC,2025-02-05,2556.68,England
Arsenal FC,2025-02-15,2539.25,England
Arsenal FC,2025-02-22,2523.56,England
Arsenal FC,2025-02-26,2509.0,England
Arsenal FC,2025-03-04,2508.03,England
Arsenal FC,2025-03-09,2521.32,England
Arsenal FC,2025-03-12,2508.57,England
Arsenal FC,2025-03-16,2515.26,England
Arsenal FC,2025-04-01,2520.59,England
Arsenal FC,2025-04-05,2491.2,England
Arsenal FC,2025-04-08,2458.47,England
Arsenal FC,2025-04-12,2433.92,England
Arsenal FC,2025-04-16,2392.61,England
Arsenal FC,2025-04-20,2430.5,England
Arsenal FC,2025-04-23,2458.36,England
Arsenal FC,2025-04-29,2446.18,England
Arsenal FC,2025-05-03,2451.03,England
Arsenal FC,2025-05-07,2431.14,England
Arsenal FC,2025-05-11,2467.45,England
Arsenal FC,2025-05-18,2471.83,England
Arsenal FC,2025-05-25,2470.32,England
Arsenal FC,2025-08-17,2439.94,England
Arsenal FC,2025-08-23,2461.48,England
Arsenal FC,2025-08-31,2493.35,England
Arsenal FC,2025-09-13,2502.55,England
Arsenal FC,2025-09-16,2525.44,England
Arsenal FC,2025-09-21,2537.24,England
Arsenal FC,2025-09-24,2539.68,England
Arsenal FC,2025-09-28,2557.16,England
Arsenal FC,2025-10-01,2584.01,England
Arsenal FC,2025-10-04,2584.39,England
Arsenal FC,2025-10-18,2595.26,England
Arsenal FC,2025-10-21,2593.09,England
Arsenal FC,2025-10-26,2593.74,England
Arsenal FC,2025-10-29,2550.6,England
Arsenal FC,2025-11-01,2549.47,England
Arsenal FC,2025-11-04,2574.34,England
Arsenal FC,2025-11-08,2535.36,England
Arsenal FC,2025-11-23,2549.74,England
Arsenal FC,2025-11-26,2570.79,England
Arsenal FC,2025-11-30,2564.86,England
Arsenal FC,2025-12-03,2540.49,England
Arsenal FC,2025-12-06,2541.46,England
Arsenal FC,2025-12-10,2539.01,England
Arsenal FC,2025-12-13,2560.98,England
Arsenal FC,2025-12-20,2580.94,England
Arsenal FC,2025-12-23,2565.98,England
Arsenal FC,2025-12-27,2586.9,England
Arsenal FC,2025-12-30,2576.32,England
Arsenal FC,2026-01-03,2571.49,England
Arsenal FC,2026-01-08,2584.61,England
Arsenal FC,2026-01-11,2584.61,England
Arsenal FC,2026-01-14,2595.3,England
Arsenal FC,2026-01-17,2598.49,England
Arsenal FC,2026-01-20,2571.08,England
Arsenal FC,2026-01-25,2554.04,England
Arsenal FC,2026-01-28,2533.64,England
Arsenal FC,2026-01-31,2537.18,England
Arsenal FC,2026-02-03,2546.24,England
Arsenal FC,2026-02-07,2544.55,England
Arsenal FC,2026-02-12,2544.71,England
Arsenal FC,2026-02-15,2544.71,England
Arsenal FC,2026-02-18,2554.73,England
Arsenal FC,2026-02-22,2572.88,England
Arsenal FC,2026-03-01,2589.03,England
Arsenal FC,2026-03-04,2570.48,England
Arsenal FC,2026-03-07,2570.48,England
Arsenal FC,2026-03-11,2579.84,England
Arsenal FC,2026-03-14,2566.35,England
Arsenal FC,2026-03-17,2580.8,England
Arsenal FC,2026-03-22,2552.8,England
Arsenal FC,2026-04-04,2514.34,England
Arsenal FC,2026-04-07,2507.48,England
Arsenal FC,2026-04-11,2496.73,England
Arsenal FC,2026-04-15,2489.23,England
Arsenal FC,2026-04-19,2474.38,England
Arsenal FC,2026-04-25,2497.18,England
Arsenal FC,2026-04-29,2474.8,England
Arsenal FC,2026-05-02,2474.41,England
Arsenal FC,2026-05-05,2410.43,England
Arsenal FC,2026-05-10,2440.98,England
Arsenal FC,2026-05-18,2474.2,England
Arsenal FC,2026-05-24,2451.27,England
Arsenal FC,2026-05-30,2415.2,England
Arsenal FC,2026-08-21,2429.1,England
Aston Villa,2023-08-12,2332.78,England
Aston Villa,2023-08-20,2317.45,England
Aston Villa,2023-08-23,2316.4,England
Aston Villa,2023-08-27,2319.28,England
Aston Villa,2023-08-31,2319.28,England
Aston Villa,2023-09-03,2313.99,England
Aston Villa,2023-09-16,2308.6,England
Aston Villa,2023-09-21,2314.26,England
Aston Villa,2023-09-24,2311.03,England
Aston Villa,2023-09-27,2306.12,England
Aston Villa,2023-09-30,2306.78,England
Aston Villa,2023-10-05,2319.69,England
Aston Villa,2023-10-08,2318.19,England
Aston Villa,2023-10-22,2319.36,England
Aston Villa,2023-10-26,2310.91,England
Aston Villa,2023-10-29,2303.07,England
Aston Villa,2023-11-05,2314.91,England
Aston Villa,2023-11-09,2340.38,England
Aston Villa,2023-11-12,2339.74,England
Aston Villa,2023-11-26,2367.3,England
Aston Villa,2023-11-30,2353.76,England
Aston Villa,2023-12-03,2342.82,England
Aston Villa,2023-12-06,2352.86,England
Aston Villa,2023-12-09,2353.82,England
Aston Villa,2023-12-14,2350.01,England
Aston Villa,2023-12-17,2349.95,England
Aston Villa,2023-12-22,2359.03,England
Aston Villa,2023-12-26,2371.57,England
Aston Villa,2023-12-30,2360.37,England
Aston Villa,2024-01-06,2346.39,England
Aston Villa,2024-01-14,2340.4,England
Aston Villa,2024-01-26,2352.33,England
Aston Villa,2024-01-30,2370.55,England
Aston Villa,2024-02-03,2369.26,England
Aston Villa,2024-02-07,2365.04,England
Aston Villa,2024-02-11,2349.26,England
Aston Villa,2024-02-17,2345.45,England
Aston Villa,2024-02-24,2329.0,England
Aston Villa,2024-03-02,2337.26,England
Aston Villa,2024-03-07,2317.19,England
Aston Villa,2024-03-10,2319.51,England
Aston Villa,2024-03-14,2328.06,England
Aston Villa,2024-03-17,2327.5,England
Aston Villa,2024-03-30,2339.0,England
Aston Villa,2024-04-03,2328.57,England
Aston Villa,2024-04-06,2324.99,England
Aston Villa,2024-04-11,2315.88,England
Aston Villa,2024-04-14,2304.82,England
Aston Villa,2024-04-18,2304.84,England
Aston Villa,2024-04-21,2307.78,England
Aston Villa,2024-04-27,2311.47,England
Aston Villa,2024-05-02,2317.55,England
Aston Villa,2024-05-05,2322.56,England
Aston Villa,2024-05-09,2328.81,England
Aston Villa,2024-05-13,2321.81,England
Aston Villa,2024-05-19,2291.13,England
Aston Villa,2024-08-17,2302.05,England
Aston Villa,2024-08-24,2316.76,England
Aston Villa,2024-08-31,2339.02,England
Aston Villa,2024-09-14,2322.69,England
Aston Villa,2024-09-17,2331.19,England
Aston Villa,2024-09-21,2308.89,England
Aston Villa,2024-09-24,2273.54,England
Aston Villa,2024-09-29,2291.23,England
Aston Villa,2024-10-02,2288.65,England
Aston Villa,2024-10-06,2299.62,England
Aston Villa,2024-10-19,2300.45,England
Aston Villa,2024-10-22,2294.89,England
Aston Villa,2024-10-26,2307.06,England
Aston Villa,2024-10-30,2276.61,England
Aston Villa,2024-11-03,2314.89,England
Aston Villa,2024-11-06,2311.14,England
Aston Villa,2024-11-09,2306.92,England
Aston Villa,2024-11-23,2340.41,England
Aston Villa,2024-11-27,2335.2,England
Aston Villa,2024-12-01,2323.16,England
Aston Villa,2024-12-04,2328.73,England
Aston Villa,2024-12-07,2348.18,England
Aston Villa,2024-12-10,2372.05,England
Aston Villa,2024-12-14,2355.75,England
Aston Villa,2024-12-21,2352.43,England
Aston Villa,2024-12-26,2358.74,England
Aston Villa,2024-12-30,2362.74,England
Aston Villa,2025-01-04,2358.02,England
Aston Villa,2025-01-10,2357.61,England
Aston Villa,2025-01-15,2361.32,England
Aston Villa,2025-01-18,2370.77,England
Aston Villa,2025-01-21,2369.17,England
Aston Villa,2025-01-26,2383.16,England
Aston Villa,2025-01-29,2390.64,England
Aston Villa,2025-02-01,2376.21,England
Aston Villa,2025-02-09,2365.01,England
Aston Villa,2025-02-15,2347.01,England
Aston Villa,2025-02-19,2329.34,England
Aston Villa,2025-02-22,2352.72,England
Aston Villa,2025-02-25,2339.22,England
Aston Villa,2025-02-28,2343.05,England
Aston Villa,2025-03-04,2343.81,England
Aston Villa,2025-03-08,2329.19,England
Aston Villa,2025-03-12,2316.91,England
Aston Villa,2025-03-30,2334.95,England
Aston Villa,2025-04-02,2349.21,England
Aston Villa,2025-04-05,2339.65,England
Aston Villa,2025-04-09,2315.25,England
Aston Villa,2025-04-12,2318.37,England
Aston Villa,2025-04-15,2309.66,England
Aston Villa,2025-04-19,2310.85,England
Aston Villa,2025-04-22,2328.82,England
Aston Villa,2025-04-26,2314.77,England
Aston Villa,2025-05-03,2329.18,England
Aston Villa,2025-05-10,2345.4,England
Aston Villa,2025-05-16,2391.89,England
Aston Villa,2025-05-25,2433.25,England
Aston Villa,2025-08-16,2416.05,England
Aston Villa,2025-08-23,2418.65,England
Aston Villa,2025-08-31,2395.62,England
Aston Villa,2025-09-13,2365.33,England
Aston Villa,2025-09-16,2373.86,England
Aston Villa,2025-09-21,2344.98,England
Aston Villa,2025-09-25,2340.93,England
Aston Villa,2025-09-28,2325.03,England
Aston Villa,2025-10-02,2307.91,England
Aston Villa,2025-10-05,2294.43,England
Aston Villa,2025-10-19,2300.72,England
Aston Villa,2025-10-23,2301.16,England
Aston Villa,2025-10-26,2306.36,England
Aston Villa,2025-11-01,2282.4,England
Aston Villa,2025-11-06,2326.53,England
Aston Villa,2025-11-09,2295.6,England
Aston Villa,2025-11-23,2328.79,England
Aston Villa,2025-11-27,2336.91,England
Aston Villa,2025-11-30,2346.65,England
Aston Villa,2025-12-03,2341.22,England
Aston Villa,2025-12-06,2340.26,England
Aston Villa,2025-12-11,2341.39,England
Aston Villa,2025-12-14,2348.15,England
Aston Villa,2025-12-21,2373.11,England
Aston Villa,2025-12-27,2371.59,England
Aston Villa,2025-12-30,2382.17,England
Aston Villa,2026-01-03,2378.23,England
Aston Villa,2026-01-07,2391.26,England
Aston Villa,2026-01-10,2387.34,England
Aston Villa,2026-01-18,2395.01,England
Aston Villa,2026-01-22,2371.85,England
Aston Villa,2026-01-25,2402.27,England
Aston Villa,2026-01-29,2377.57,England
Aston Villa,2026-02-01,2363.39,England
Aston Villa,2026-02-07,2354.73,England
Aston Villa,2026-02-11,2349.06,England
Aston Villa,2026-02-14,2362.99,England
Aston Villa,2026-02-21,2357.53,England
Aston Villa,2026-02-27,2357.05,England
Aston Villa,2026-03-04,2354.14,England
Aston Villa,2026-03-12,2343.53,England
Aston Villa,2026-03-15,2352.62,England
Aston Villa,2026-03-19,2345.35,England
Aston Villa,2026-03-22,2359.86,England
Aston Villa,2026-04-09,2362.81,England
Aston Villa,2026-04-12,2358.43,England
Aston Villa,2026-04-16,2352.8,England
Aston Villa,2026-04-19,2342.62,England
Aston Villa,2026-04-25,2325.77,England
Aston Villa,2026-04-30,2335.68,England
Aston Villa,2026-05-03,2332.81,England
Aston Villa,2026-05-07,2338.96,England
Aston Villa,2026-05-10,2347.65,England
Aston Villa,2026-05-15,2348.59,England
Aston Villa,2026-05-20,2354.63,England
Aston Villa,2026-05-24,2339.2,England
Aston Villa,2026-08-23,2355.25,England
Barnsley FC,2023-08-05,1971.75,England
Barnsley FC,2023-08-08,1958.72,England
Barnsley FC,2023-08-12,1951.14,England
Barnsley FC,2023-08-15,1970.88,England
Barnsley FC,2023-08-19,1975.47,England
Barnsley FC,2023-08-26,1956.16,England
Barnsley FC,2023-09-02,1956.49,England
Barnsley FC,2023-09-16,1949.47,England
Barnsley FC,2023-09-19,1942.48,England
Barnsley FC,2023-09-23,1943.99,England
Barnsley FC,2023-09-30,1926.76,England
Barnsley FC,2023-10-03,1921.38,England
Barnsley FC,2023-10-07,1927.38,England
Barnsley FC,2023-10-21,1924.77,England
Barnsley FC,2023-10-24,1929.34,England
Barnsley FC,2023-10-28,1934.44,England
Barnsley FC,2023-11-03,1965.62,England
Barnsley FC,2023-11-11,1967.72,England
Barnsley FC,2023-11-14,1978.47,England
Barnsley FC,2023-11-25,1980.97,England
Barnsley FC,2023-11-28,1984.78,England
Barnsley FC,2023-12-09,1976.68,England
Barnsley FC,2023-12-16,1968.97,England
Barnsley FC,2023-12-23,1958.19,England
Barnsley FC,2023-12-26,1970.76,England
Barnsley FC,2023-12-29,1956.55,England
Barnsley FC,2024-01-01,1965.94,England
Barnsley FC,2024-01-13,1960.47,England
Barnsley FC,2024-01-16,1961.0,England
Barnsley FC,2024-01-23,1964.73,England
Barnsley FC,2024-01-27,1951.24,England
Barnsley FC,2024-02-03,1949.23,England
Barnsley FC,2024-02-10,1946.56,England
Barnsley FC,2024-02-13,1946.81,England
Barnsley FC,2024-02-17,1946.31,England
Barnsley FC,2024-02-24,1953.8,England
Barnsley FC,2024-03-02,1955.79,England
Barnsley FC,2024-03-05,1959.97,England
Barnsley FC,2024-03-09,1951.49,England
Barnsley FC,2024-03-12,1973.02,England
Barnsley FC,2024-03-16,1991.65,England
Barnsley FC,2024-03-29,1998.43,England
Barnsley FC,2024-04-01,1996.76,England
Barnsley FC,2024-04-06,1994.27,England
Barnsley FC,2024-04-09,1993.92,England
Barnsley FC,2024-04-13,1983.44,England
Barnsley FC,2024-04-16,1994.13,England
Barnsley FC,2024-04-20,1976.65,England
Barnsley FC,2024-04-27,1982.29,England
Barnsley FC,2024-05-03,1982.68,England
Barnsley FC,2024-05-07,1981.43,England
Barnsley FC,2024-08-09,1976.59,England
Barnsley FC,2024-08-13,1955.12,England
Barnsley FC,2024-08-17,1970.97,England
Barnsley FC,2024-08-24,1949.31,England
Barnsley FC,2024-08-27,1945.02,England
Barnsley FC,2024-08-31,1925.39,England
Barnsley FC,2024-09-07,1913.8,England
Barnsley FC,2024-09-14,1928.07,England
Barnsley FC,2024-09-17,1921.31,England
Barnsley FC,2024-09-21,1938.06,England
Barnsley FC,2024-09-28,1963.13,England
Barnsley FC,2024-10-01,1961.24,England
Barnsley FC,2024-10-05,1969.64,England
Barnsley FC,2024-10-19,1963.6,England
Barnsley FC,2024-10-22,1961.74,England
Barnsley FC,2024-10-26,1941.41,England
Barnsley FC,2024-11-02,1948.51,England
Barnsley FC,2024-11-08,1953.56,England
Barnsley FC,2024-11-16,1962.75,England
Barnsley FC,2024-11-23,1977.32,England
Barnsley FC,2024-11-26,1978.93,England
Barnsley FC,2024-11-30,1988.71,England
Barnsley FC,2024-12-03,2005.56,England
Barnsley FC,2024-12-07,2008.57,England
Barnsley FC,2024-12-14,2002.1,England
Barnsley FC,2024-12-21,1987.37,England
Barnsley FC,2024-12-26,1986.81,England
Barnsley FC,2024-12-29,1993.6,England
Barnsley FC,2025-01-01,2003.99,England
Barnsley FC,2025-01-04,1999.73,England
Barnsley FC,2025-01-18,1993.66,England
Barnsley FC,2025-01-25,1987.57,England
Barnsley FC,2025-01-28,1975.52,England
Barnsley FC,2025-02-01,1958.82,England
Barnsley FC,2025-02-08,1950.76,England
Barnsley FC,2025-02-15,1954.13,England
Barnsley FC,2025-02-22,1952.16,England
Barnsley FC,2025-02-25,1956.14,England
Barnsley FC,2025-03-01,1951.81,England
Barnsley FC,2025-03-04,1944.29,England
Barnsley FC,2025-03-08,1938.26,England
Barnsley FC,2025-03-15,1934.39,England
Barnsley FC,2025-03-22,1925.36,England
Barnsley FC,2025-03-29,1917.99,England
Barnsley FC,2025-04-01,1904.07,England
Barnsley FC,2025-04-05,1899.87,England
Barnsley FC,2025-04-12,1888.48,England
Barnsley FC,2025-04-18,1873.36,England
Barnsley FC,2025-04-21,1875.43,England
Barnsley FC,2025-04-26,1883.48,England
Barnsley FC,2025-05-03,1852.38,England
Barnsley FC,2025-08-02,1889.57,England
Barnsley FC,2025-08-09,1914.34,England
Barnsley FC,2025-08-13,1909.84,England
Barnsley FC,2025-08-16,1906.74,England
Barnsley FC,2025-08-19,1946.91,England
Barnsley FC,2025-08-23,1942.72,England
Barnsley FC,2025-08-26,1938.05,England
Barnsley FC,2025-08-30,1937.45,England
Barnsley FC,2025-09-13,1948.18,England
Barnsley FC,2025-09-20,1948.04,England
Barnsley FC,2025-09-23,1948.03,England
Barnsley FC,2025-09-27,1948.73,England
Barnsley FC,2025-10-04,1929.48,England
Barnsley FC,2025-10-18,1931.7,England
Barnsley FC,2025-10-25,1922.47,England
Barnsley FC,2025-11-01,1945.96,England
Barnsley FC,2025-11-08,1945.94,England
Barnsley FC,2025-11-22,1928.18,England
Barnsley FC,2025-11-29,1949.63,England
Barnsley FC,2025-12-06,1943.04,England
Barnsley FC,2025-12-09,1936.65,England
Barnsley FC,2025-12-13,1940.39,England
Barnsley FC,2025-12-20,1947.73,England
Barnsley FC,2025-12-26,1942.88,England
Barnsley FC,2025-12-29,1934.88,England
Barnsley FC,2026-01-01,1928.54,England
Barnsley FC,2026-01-12,1917.74,England
Barnsley FC,2026-01-17,1925.76,England
Barnsley FC,2026-01-24,1933.03,England
Barnsley FC,2026-01-27,1929.3,England
Barnsley FC,2026-01-31,1915.35,England
Barnsley FC,2026-02-03,1917.8,England
Barnsley FC,2026-02-07,1909.17,England
Barnsley FC,2026-02-14,1893.97,England
Barnsley FC,2026-02-17,1910.45,England
Barnsley FC,2026-02-21,1922.26,England
Barnsley FC,2026-02-28,1915.42,England
Barnsley FC,2026-03-03,1903.42,England
Barnsley FC,2026-03-07,1909.36,England
Barnsley FC,2026-03-10,1901.27,England
Barnsley FC,2026-03-14,1888.63,England
Barnsley FC,2026-03-17,1887.17,England
Barnsley FC,2026-03-21,1878.01,England
Barnsley FC,2026-04-03,1886.58,England
Barnsley FC,2026-04-06,1879.33,England
Barnsley FC,2026-04-11,1872.15,England
Barnsley FC,2026-04-14,1871.5,England
Barnsley FC,2026-04-18,1870.94,England
Barnsley FC,2026-04-21,1867.67,England
Barnsley FC,2026-04-25,1858.45,England
Barnsley FC,2026-04-28,1854.92,England
Barnsley FC,2026-05-02,1855.43,England
Barnsley FC,2026-08-15,1869.97,England
Birmingham City,2023-08-05,1901.29,England
Birmingham City,2023-08-08,1901.22,England
Birmingham City,2023-08-12,1950.65,England
Birmingham City,2023-08-19,1986.83,England
Birmingham City,2023-08-26,1996.66,England
Birmingham City,2023-08-29,2001.98,England
Birmingham City,2023-09-02,2003.27,England
Birmingham City,2023-09-16,2014.02,England
Birmingham City,2023-09-19,2015.99,England
Birmingham City,2023-09-22,2004.78,England
Birmingham City,2023-09-30,2020.86,England
Birmingham City,2023-10-03,2024.34,England
Birmingham City,2023-10-06,2011.62,England
Birmingham City,2023-10-21,1995.64,England
Birmingham City,2023-10-25,1992.62,England
Birmingham City,2023-10-28,1978.15,England
Birmingham City,2023-11-04,1976.64,England
Birmingham City,2023-11-11,1968.42,England
Birmingham City,2023-11-25,1971.94,England
Birmingham City,2023-11-29,1962.59,England
Birmingham City,2023-12-02,1957.68,England
Birmingham City,2023-12-08,1954.05,England
Birmingham City,2023-12-13,1962.73,England
Birmingham City,2023-12-18,1939.15,England
Birmingham City,2023-12-23,1930.57,England
Birmingham City,2023-12-26,1926.84,England
Birmingham City,2023-12-29,1917.7,England
Birmingham City,2024-01-01,1915.39,England
Birmingham City,2024-01-06,1953.0,England
Birmingham City,2024-01-13,1967.3,England
Birmingham City,2024-01-16,2002.16,England
Birmingham City,2024-01-20,2003.8,England
Birmingham City,2024-01-27,2037.48,England
Birmingham City,2024-02-03,2001.52,England
Birmingham City,2024-02-09,1997.66,England
Birmingham City,2024-02-13,1987.66,England
Birmingham City,2024-02-17,1991.05,England
Birmingham City,2024-02-24,1991.43,England
Birmingham City,2024-03-02,2002.47,England
Birmingham City,2024-03-05,1988.12,England
Birmingham City,2024-03-09,1981.93,England
Birmingham City,2024-03-12,1958.04,England
Birmingham City,2024-03-16,1955.07,England
Birmingham City,2024-03-29,1954.61,England
Birmingham City,2024-04-01,1959.03,England
Birmingham City,2024-04-06,1952.26,England
Birmingham City,2024-04-10,1960.47,England
Birmingham City,2024-04-13,1961.35,England
Birmingham City,2024-04-20,1972.18,England
Birmingham City,2024-04-27,1982.58,England
Birmingham City,2024-05-04,1997.49,England
Birmingham City,2024-08-10,2008.3,England
Birmingham City,2024-08-13,2026.84,England
Birmingham City,2024-08-17,2031.82,England
Birmingham City,2024-08-24,2059.45,England
Birmingham City,2024-08-27,2039.26,England
Birmingham City,2024-08-31,2049.27,England
Birmingham City,2024-09-16,2061.02,England
Birmingham City,2024-09-21,2052.16,England
Birmingham City,2024-09-28,2060.47,England
Birmingham City,2024-10-01,2080.67,England
Birmingham City,2024-10-05,2096.57,England
Birmingham City,2024-10-19,2081.44,England
Birmingham City,2024-10-22,2090.75,England
Birmingham City,2024-10-26,2109.64,England
Birmingham City,2024-11-03,2126.94,England
Birmingham City,2024-11-09,2115.95,England
Birmingham City,2024-11-23,2120.44,England
Birmingham City,2024-11-26,2123.04,England
Birmingham City,2024-12-01,2118.72,England
Birmingham City,2024-12-04,2120.53,England
Birmingham City,2024-12-07,2117.51,England
Birmingham City,2024-12-14,2131.41,England
Birmingham City,2024-12-23,2131.31,England
Birmingham City,2024-12-26,2114.8,England
Birmingham City,2024-12-29,2118.72,England
Birmingham City,2025-01-01,2146.13,England
Birmingham City,2025-01-04,2126.65,England
Birmingham City,2025-01-11,2124.05,England
Birmingham City,2025-01-18,2120.69,England
Birmingham City,2025-01-23,2115.49,England
Birmingham City,2025-01-28,2110.51,England
Birmingham City,2025-02-01,2109.01,England
Birmingham City,2025-02-08,2146.09,England
Birmingham City,2025-02-11,2129.26,England
Birmingham City,2025-02-15,2126.53,England
Birmingham City,2025-02-22,2123.5,England
Birmingham City,2025-02-25,2127.36,England
Birmingham City,2025-03-01,2125.51,England
Birmingham City,2025-03-04,2129.11,England
Birmingham City,2025-03-08,2129.24,England
Birmingham City,2025-03-11,2130.86,England
Birmingham City,2025-03-15,2129.53,England
Birmingham City,2025-03-29,2147.14,England
Birmingham City,2025-04-01,2140.06,England
Birmingham City,2025-04-05,2144.26,England
Birmingham City,2025-04-08,2154.94,England
Birmingham City,2025-04-18,2154.11,England
Birmingham City,2025-04-21,2139.4,England
Birmingham City,2025-04-24,2137.19,England
Birmingham City,2025-04-27,2141.68,England
Birmingham City,2025-04-30,2153.2,England
Birmingham City,2025-05-03,2144.0,England
Birmingham City,2025-08-08,2102.04,England
Birmingham City,2025-08-13,2133.07,England
Birmingham City,2025-08-16,2133.71,England
Birmingham City,2025-08-23,2127.37,England
Birmingham City,2025-08-26,2130.44,England
Birmingham City,2025-08-29,2160.82,England
Birmingham City,2025-09-13,2145.32,England
Birmingham City,2025-09-20,2120.03,England
Birmingham City,2025-09-27,2104.39,England
Birmingham City,2025-09-30,2086.49,England
Birmingham City,2025-10-03,2072.39,England
Birmingham City,2025-10-18,2074.94,England
Birmingham City,2025-10-21,2070.03,England
Birmingham City,2025-10-25,2062.32,England
Birmingham City,2025-11-01,2067.92,England
Birmingham City,2025-11-04,2075.31,England
Birmingham City,2025-11-08,2096.31,England
Birmingham City,2025-11-22,2095.85,England
Birmingham City,2025-11-26,2108.02,England
Birmingham City,2025-12-01,2106.59,England
Birmingham City,2025-12-06,2113.18,England
Birmingham City,2025-12-09,2108.3,England
Birmingham City,2025-12-13,2120.54,England
Birmingham City,2025-12-20,2116.9,England
Birmingham City,2025-12-26,2103.64,England
Birmingham City,2025-12-29,2099.38,England
Birmingham City,2026-01-01,2082.4,England
Birmingham City,2026-01-04,2079.86,England
Birmingham City,2026-01-10,2085.2,England
Birmingham City,2026-01-17,2074.6,England
Birmingham City,2026-01-20,2084.1,England
Birmingham City,2026-01-24,2079.73,England
Birmingham City,2026-01-31,2087.48,England
Birmingham City,2026-02-07,2099.27,England
Birmingham City,2026-02-10,2113.34,England
Birmingham City,2026-02-15,2109.51,England
Birmingham City,2026-02-21,2113.49,England
Birmingham City,2026-02-25,2117.01,England
Birmingham City,2026-03-02,2106.68,England
Birmingham City,2026-03-07,2103.31,England
Birmingham City,2026-03-11,2111.86,England
Birmingham City,2026-03-14,2117.24,England
Birmingham City,2026-03-21,2110.34,England
Birmingham City,2026-04-03,2098.62,England
Birmingham City,2026-04-06,2082.22,England
Birmingham City,2026-04-12,2069.07,England
Birmingham City,2026-04-18,2057.18,England
Birmingham City,2026-04-22,2069.08,England
Birmingham City,2026-04-25,2058.32,England
Birmingham City,2026-05-02,2092.26,England
Birmingham City,2026-08-15,2088.43,England
Blackburn Rovers,2023-08-05,2001.34,England
Blackburn Rovers,2023-08-08,1975.48,England
Blackburn Rovers,2023-08-12,1993.08,England
Blackburn Rovers,2023-08-19,2010.48,England
Blackburn Rovers,2023-08-27,2029.58,England
Blackburn Rovers,2023-08-30,1994.32,England
Blackburn Rovers,2023-09-02,2000.65,England
Blackburn Rovers,2023-09-16,2018.63,England
Blackburn Rovers,2023-09-20,2003.14,England
Blackburn Rovers,2023-09-23,2007.11,England
Blackburn Rovers,2023-09-27,2006.05,England
Blackburn Rovers,2023-10-01,2015.91,England
Blackburn Rovers,2023-10-04,2030.14,England
Blackburn Rovers,2023-10-07,2034.7,England
Blackburn Rovers,2023-10-21,2034.39,England
Blackburn Rovers,2023-10-24,2037.89,England
Blackburn Rovers,2023-10-28,2040.73,England
Blackburn Rovers,2023-11-01,2023.9,England
Blackburn Rovers,2023-11-05,2031.75,England
Blackburn Rovers,2023-11-10,2018.82,England
Blackburn Rovers,2023-11-25,2023.05,England
Blackburn Rovers,2023-11-29,2032.4,England
Blackburn Rovers,2023-12-02,2028.21,England
Blackburn Rovers,2023-12-09,2018.82,England
Blackburn Rovers,2023-12-12,2029.82,England
Blackburn Rovers,2023-12-16,2025.43,England
Blackburn Rovers,2023-12-23,2014.83,England
Blackburn Rovers,2023-12-26,2017.11,England
Blackburn Rovers,2023-12-29,2014.98,England
Blackburn Rovers,2024-01-01,2019.43,England
Blackburn Rovers,2024-01-06,2020.19,England
Blackburn Rovers,2024-01-13,2002.75,England
Blackburn Rovers,2024-01-20,1989.6,England
Blackburn Rovers,2024-01-29,2006.97,England
Blackburn Rovers,2024-02-03,2003.12,England
Blackburn Rovers,2024-02-10,1992.82,England
Blackburn Rovers,2024-02-13,2002.82,England
Blackburn Rovers,2024-02-17,2006.24,England
Blackburn Rovers,2024-02-20,2018.28,England
Blackburn Rovers,2024-02-24,2009.12,England
Blackburn Rovers,2024-02-27,1989.11,England
Blackburn Rovers,2024-03-02,1965.21,England
Blackburn Rovers,2024-03-05,1973.86,England
Blackburn Rovers,2024-03-09,1977.29,England
Blackburn Rovers,2024-03-16,1975.07,England
Blackburn Rovers,2024-03-29,1978.69,England
Blackburn Rovers,2024-04-01,1969.2,England
Blackburn Rovers,2024-04-06,1977.41,England
Blackburn Rovers,2024-04-10,1995.09,England
Blackburn Rovers,2024-04-13,1990.29,England
Blackburn Rovers,2024-04-21,1982.94,England
Blackburn Rovers,2024-04-27,2016.56,England
Blackburn Rovers,2024-05-04,2045.09,England
Blackburn Rovers,2024-08-09,2053.47,England
Blackburn Rovers,2024-08-13,2130.51,England
Blackburn Rovers,2024-08-17,2110.14,England
Blackburn Rovers,2024-08-24,2105.36,England
Blackburn Rovers,2024-08-27,2120.99,England
Blackburn Rovers,2024-08-31,2089.75,England
Blackburn Rovers,2024-09-14,2086.09,England
Blackburn Rovers,2024-09-22,2090.97,England
Blackburn Rovers,2024-09-28,2083.12,England
Blackburn Rovers,2024-10-01,2079.56,England
Blackburn Rovers,2024-10-05,2057.13,England
Blackburn Rovers,2024-10-19,2042.99,England
Blackburn Rovers,2024-10-23,2041.91,England
Blackburn Rovers,2024-10-26,2025.44,England
Blackburn Rovers,2024-11-02,2031.66,England
Blackburn Rovers,2024-11-06,2007.73,England
Blackburn Rovers,2024-11-09,2004.76,England
Blackburn Rovers,2024-11-27,2020.81,England
Blackburn Rovers,2024-11-30,2018.97,England
Blackburn Rovers,2024-12-07,2013.93,England
Blackburn Rovers,2024-12-10,2013.12,England
Blackburn Rovers,2024-12-14,2033.89,England
Blackburn Rovers,2024-12-21,2031.24,England
Blackburn Rovers,2024-12-26,2019.32,England
Blackburn Rovers,2024-12-29,2020.24,England
Blackburn Rovers,2025-01-01,2003.82,England
Blackburn Rovers,2025-01-04,2010.52,England
Blackburn Rovers,2025-01-11,2035.99,England
Blackburn Rovers,2025-01-15,2050.64,England
Blackburn Rovers,2025-01-18,2041.68,England
Blackburn Rovers,2025-01-21,2037.22,England
Blackburn Rovers,2025-01-25,2022.99,England
Blackburn Rovers,2025-01-31,2012.32,England
Blackburn Rovers,2025-02-04,2021.24,England
Blackburn Rovers,2025-02-09,2007.13,England
Blackburn Rovers,2025-02-12,1999.53,England
Blackburn Rovers,2025-02-15,1969.15,England
Blackburn Rovers,2025-02-22,1971.65,England
Blackburn Rovers,2025-03-01,1991.15,England
Blackburn Rovers,2025-03-08,2000.38,England
Blackburn Rovers,2025-03-12,1988.82,England
Blackburn Rovers,2025-03-15,2006.09,England
Blackburn Rovers,2025-03-29,2006.05,England
Blackburn Rovers,2025-04-04,1998.21,England
Blackburn Rovers,2025-04-08,2010.76,England
Blackburn Rovers,2025-04-12,1991.06,England
Blackburn Rovers,2025-04-18,1978.07,England
Blackburn Rovers,2025-04-21,2007.3,England
Blackburn Rovers,2025-04-26,2033.14,England
Blackburn Rovers,2025-05-03,2059.8,England
Blackburn Rovers,2025-08-09,2021.4,England
Blackburn Rovers,2025-08-12,1999.63,England
Blackburn Rovers,2025-08-16,1998.99,England
Blackburn Rovers,2025-08-23,2000.92,England
Blackburn Rovers,2025-08-30,2020.86,England
Blackburn Rovers,2025-09-13,2011.78,England
Blackburn Rovers,2025-09-20,1987.53,England
Blackburn Rovers,2025-09-27,1994.46,England
Blackburn Rovers,2025-09-30,1997.55,England
Blackburn Rovers,2025-10-04,1992.64,England
Blackburn Rovers,2025-10-18,1980.25,England
Blackburn Rovers,2025-10-21,1983.74,England
Blackburn Rovers,2025-10-25,1985.01,England
Blackburn Rovers,2025-11-01,2001.01,England
Blackburn Rovers,2025-11-04,2018.43,England
Blackburn Rovers,2025-11-08,2015.53,England
Blackburn Rovers,2025-11-21,2009.44,England
Blackburn Rovers,2025-11-26,2015.43,England
Blackburn Rovers,2025-11-29,2009.54,England
Blackburn Rovers,2025-12-02,2018.85,England
Blackburn Rovers,2025-12-06,2017.7,England
Blackburn Rovers,2025-12-09,2024.3,England
Blackburn Rovers,2025-12-13,2028.63,England
Blackburn Rovers,2025-12-20,2027.07,England
Blackburn Rovers,2025-12-26,2009.88,England
Blackburn Rovers,2025-12-29,2016.74,England
Blackburn Rovers,2026-01-01,2017.47,England
Blackburn Rovers,2026-01-04,2005.35,England
Blackburn Rovers,2026-01-11,1989.43,England
Blackburn Rovers,2026-01-17,1993.59,England
Blackburn Rovers,2026-01-20,1981.34,England
Blackburn Rovers,2026-01-24,1989.95,England
Blackburn Rovers,2026-01-31,1984.26,England
Blackburn Rovers,2026-02-03,1991.7,England
Blackburn Rovers,2026-02-07,1996.32,England
Blackburn Rovers,2026-02-14,1999.32,England
Blackburn Rovers,2026-02-20,1990.45,England
Blackburn Rovers,2026-02-24,1994.12,England
Blackburn Rovers,2026-02-28,1996.57,England
Blackburn Rovers,2026-03-07,1980.76,England
Blackburn Rovers,2026-03-11,1971.95,England
Blackburn Rovers,2026-03-14,1979.91,England
Blackburn Rovers,2026-03-21,1980.72,England
Blackburn Rovers,2026-04-03,1992.42,England
Blackburn Rovers,2026-04-06,1994.94,England
Blackburn Rovers,2026-04-11,1999.55,England
Blackburn Rovers,2026-04-14,1993.8,England
Blackburn Rovers,2026-04-17,1988.92,England
Blackburn Rovers,2026-04-22,2003.3,England
Blackburn Rovers,2026-05-02,2019.87,England
Blackburn Rovers,2026-08-14,2001.23,England
Blackpool FC,2023-08-05,1904.24,England
Blackpool FC,2023-08-08,1925.19,England
Blackpool FC,2023-08-12,1912.08,England
Blackpool FC,2023-08-15,1913.64,England
Blackpool FC,2023-08-19,1932.24,England
Blackpool FC,2023-08-26,1934.63,England
Blackpool FC,2023-08-29,1908.54,England
Blackpool FC,2023-09-02,1893.95,England
Blackpool FC,2023-09-16,1916.45,England
Blackpool FC,2023-09-23,1905.57,England
Blackpool FC,2023-09-30,1922.81,England
Blackpool FC,2023-10-03,1933.5,England
Blackpool FC,2023-10-07,1925.07,England
Blackpool FC,2023-10-14,1933.06,England
Blackpool FC,2023-10-21,1932.66,England
Blackpool FC,2023-10-24,1947.28,England
Blackpool FC,2023-10-28,1951.36,England
Blackpool FC,2023-11-01,1965.35,England
Blackpool FC,2023-11-04,1968.45,England
Blackpool FC,2023-11-11,1969.06,England
Blackpool FC,2023-11-18,1973.87,England
Blackpool FC,2023-11-25,1973.72,England
Blackpool FC,2023-11-28,1989.19,England
Blackpool FC,2023-12-09,1981.26,England
Blackpool FC,2023-12-16,1991.89,England
Blackpool FC,2023-12-19,1987.68,England
Blackpool FC,2023-12-23,1986.11,England
Blackpool FC,2023-12-26,1999.45,England
Blackpool FC,2023-12-29,1995.01,England
Blackpool FC,2024-01-01,2008.0,England
Blackpool FC,2024-01-07,1988.88,England
Blackpool FC,2024-01-13,1981.13,England
Blackpool FC,2024-01-17,1969.93,England
Blackpool FC,2024-01-20,1976.2,England
Blackpool FC,2024-01-27,1989.09,England
Blackpool FC,2024-02-03,1988.2,England
Blackpool FC,2024-02-10,1990.33,England
Blackpool FC,2024-02-13,1981.95,England
Blackpool FC,2024-02-17,1991.27,England
Blackpool FC,2024-02-24,1974.23,England
Blackpool FC,2024-02-27,1977.32,England
Blackpool FC,2024-03-02,1977.28,England
Blackpool FC,2024-03-09,1986.93,England
Blackpool FC,2024-03-12,1986.9,England
Blackpool FC,2024-03-16,1979.38,England
Blackpool FC,2024-03-29,1969.74,England
Blackpool FC,2024-04-01,1967.19,England
Blackpool FC,2024-04-06,1961.04,England
Blackpool FC,2024-04-09,1960.36,England
Blackpool FC,2024-04-13,1958.67,England
Blackpool FC,2024-04-20,1976.15,England
Blackpool FC,2024-04-27,1997.39,England
Blackpool FC,2024-08-10,1997.85,England
Blackpool FC,2024-08-13,2005.88,England
Blackpool FC,2024-08-17,2010.26,England
Blackpool FC,2024-08-24,1994.59,England
Blackpool FC,2024-08-27,1978.96,England
Blackpool FC,2024-08-31,1952.75,England
Blackpool FC,2024-09-14,1954.99,England
Blackpool FC,2024-09-17,1965.55,England
Blackpool FC,2024-09-21,1955.91,England
Blackpool FC,2024-09-24,1974.07,England
Blackpool FC,2024-09-28,1966.48,England
Blackpool FC,2024-10-01,1978.07,England
Blackpool FC,2024-10-05,1983.07,England
Blackpool FC,2024-10-19,1989.11,England
Blackpool FC,2024-10-22,1984.88,England
Blackpool FC,2024-10-28,1959.58,England
Blackpool FC,2024-11-02,1965.36,England
Blackpool FC,2024-11-09,1965.23,England
Blackpool FC,2024-11-16,1957.16,England
Blackpool FC,2024-11-23,1943.38,England
Blackpool FC,2024-11-26,1940.17,England
Blackpool FC,2024-12-01,1944.49,England
Blackpool FC,2024-12-04,1940.71,England
Blackpool FC,2024-12-14,1929.97,England
Blackpool FC,2024-12-21,1922.53,England
Blackpool FC,2024-12-26,1932.78,England
Blackpool FC,2024-12-29,1928.86,England
Blackpool FC,2025-01-01,1941.24,England
Blackpool FC,2025-01-04,1956.39,England
Blackpool FC,2025-01-18,1955.12,England
Blackpool FC,2025-01-25,1955.17,England
Blackpool FC,2025-01-28,1950.38,England
Blackpool FC,2025-02-01,1948.26,England
Blackpool FC,2025-02-08,1944.69,England
Blackpool FC,2025-02-11,1941.54,England
Blackpool FC,2025-02-15,1954.58,England
Blackpool FC,2025-02-22,1938.73,England
Blackpool FC,2025-03-01,1943.7,England
Blackpool FC,2025-03-04,1936.34,England
Blackpool FC,2025-03-08,1942.37,England
Blackpool FC,2025-03-11,1954.71,England
Blackpool FC,2025-03-15,1957.78,England
Blackpool FC,2025-03-22,1956.12,England
Blackpool FC,2025-03-29,1958.98,England
Blackpool FC,2025-04-01,1958.36,England
Blackpool FC,2025-04-05,1971.97,England
Blackpool FC,2025-04-18,1966.59,England
Blackpool FC,2025-04-21,1969.8,England
Blackpool FC,2025-04-26,1967.11,England
Blackpool FC,2025-04-30,1955.59,England
Blackpool FC,2025-05-03,1951.53,England
Blackpool FC,2025-08-02,1947.99,England
Blackpool FC,2025-08-09,1942.45,England
Blackpool FC,2025-08-12,1967.51,England
Blackpool FC,2025-08-16,1947.51,England
Blackpool FC,2025-08-19,1944.34,England
Blackpool FC,2025-08-23,1927.86,England
Blackpool FC,2025-08-30,1917.7,England
Blackpool FC,2025-09-13,1908.98,England
Blackpool FC,2025-09-20,1909.12,England
Blackpool FC,2025-09-27,1922.16,England
Blackpool FC,2025-09-30,1932.0,England
Blackpool FC,2025-10-04,1922.68,England
Blackpool FC,2025-10-11,1899.15,England
Blackpool FC,2025-10-18,1886.76,England
Blackpool FC,2025-10-25,1875.68,England
Blackpool FC,2025-11-01,1872.86,England
Blackpool FC,2025-11-08,1857.44,England
Blackpool FC,2025-11-15,1856.01,England
Blackpool FC,2025-11-22,1854.12,England
Blackpool FC,2025-11-29,1847.59,England
Blackpool FC,2025-12-07,1861.64,England
Blackpool FC,2025-12-10,1873.84,England
Blackpool FC,2025-12-13,1868.16,England
Blackpool FC,2025-12-20,1870.12,England
Blackpool FC,2025-12-26,1878.17,England
Blackpool FC,2025-12-29,1878.09,England
Blackpool FC,2026-01-01,1898.96,England
Blackpool FC,2026-01-04,1897.78,England
Blackpool FC,2026-01-10,1897.82,England
Blackpool FC,2026-01-17,1889.8,England
Blackpool FC,2026-01-24,1890.53,England
Blackpool FC,2026-01-27,1879.74,England
Blackpool FC,2026-01-31,1870.03,England
Blackpool FC,2026-02-07,1867.3,England
Blackpool FC,2026-02-14,1858.91,England
Blackpool FC,2026-02-17,1868.12,England
Blackpool FC,2026-02-21,1866.74,England
Blackpool FC,2026-02-28,1857.57,England
Blackpool FC,2026-03-07,1852.69,England
Blackpool FC,2026-03-11,1856.55,England
Blackpool FC,2026-03-14,1853.81,England
Blackpool FC,2026-03-17,1871.44,England
Blackpool FC,2026-03-21,1873.78,England
Blackpool FC,2026-03-28,1864.55,England
Blackpool FC,2026-04-03,1881.47,England
Blackpool FC,2026-04-06,1883.75,England
Blackpool FC,2026-04-11,1882.55,England
Blackpool FC,2026-04-18,1898.84,England
Blackpool FC,2026-04-25,1879.31,England
Blackpool FC,2026-05-02,1871.1,England
Blackpool FC,2026-08-15,1901.47,England
Bolton Wanderers,2023-08-05,1929.09,England
Bolton Wanderers,2023-08-08,1927.53,England
Bolton Wanderers,2023-08-12,1948.69,England
Bolton Wanderers,2023-08-15,1960.66,England
Bolton Wanderers,2023-08-19,1978.49,England
Bolton Wanderers,2023-08-26,2001.06,England
Bolton Wanderers,2023-08-29,1983.22,England
Bolton Wanderers,2023-09-02,1998.24,England
Bolton Wanderers,2023-09-16,1995.8,England
Bolton Wanderers,2023-09-23,1995.03,England
Bolton Wanderers,2023-09-30,1966.62,England
Bolton Wanderers,2023-10-03,1955.97,England
Bolton Wanderers,2023-10-07,1950.73,England
Bolton Wanderers,2023-10-21,1948.74,England
Bolton Wanderers,2023-10-24,1934.83,England
Bolton Wanderers,2023-10-28,1945.43,England
Bolton Wanderers,2023-11-04,1960.56,England
Bolton Wanderers,2023-11-07,1972.66,England
Bolton Wanderers,2023-11-11,1972.05,England
Bolton Wanderers,2023-11-25,1989.81,England
Bolton Wanderers,2023-11-28,2006.32,England
Bolton Wanderers,2023-12-02,1991.72,England
Bolton Wanderers,2023-12-11,1989.62,England
Bolton Wanderers,2023-12-16,1999.99,England
Bolton Wanderers,2023-12-23,2003.36,England
Bolton Wanderers,2023-12-26,2013.61,England
Bolton Wanderers,2023-12-29,2026.42,England
Bolton Wanderers,2024-01-01,2034.61,England
Bolton Wanderers,2024-01-07,2020.08,England
Bolton Wanderers,2024-01-13,2016.45,England
Bolton Wanderers,2024-01-16,1999.65,England
Bolton Wanderers,2024-01-20,1993.09,England
Bolton Wanderers,2024-01-23,2002.47,England
Bolton Wanderers,2024-01-27,1998.35,England
Bolton Wanderers,2024-02-03,2000.36,England
Bolton Wanderers,2024-02-10,2022.49,England
Bolton Wanderers,2024-02-13,2010.42,England
Bolton Wanderers,2024-02-17,2012.87,England
Bolton Wanderers,2024-02-20,1989.86,England
Bolton Wanderers,2024-02-24,2006.9,England
Bolton Wanderers,2024-02-27,1997.36,England
Bolton Wanderers,2024-03-02,2005.03,England
Bolton Wanderers,2024-03-05,2000.86,England
Bolton Wanderers,2024-03-09,2021.16,England
Bolton Wanderers,2024-03-12,2019.65,England
Bolton Wanderers,2024-03-16,2020.32,England
Bolton Wanderers,2024-03-29,2029.85,England
Bolton Wanderers,2024-04-01,2035.43,England
Bolton Wanderers,2024-04-06,2054.76,England
Bolton Wanderers,2024-04-13,2073.26,England
Bolton Wanderers,2024-04-16,2071.3,England
Bolton Wanderers,2024-04-20,2081.09,England
Bolton Wanderers,2024-04-27,2090.39,England
Bolton Wanderers,2024-05-03,2090.01,England
Bolton Wanderers,2024-05-07,2091.26,England
Bolton Wanderers,2024-05-18,2081.15,England
Bolton Wanderers,2024-08-10,2067.05,England
Bolton Wanderers,2024-08-13,2067.7,England
Bolton Wanderers,2024-08-18,2046.39,England
Bolton Wanderers,2024-08-24,2026.55,England
Bolton Wanderers,2024-08-27,2039.38,England
Bolton Wanderers,2024-08-31,2036.26,England
Bolton Wanderers,2024-09-14,2017.74,England
Bolton Wanderers,2024-09-21,2016.35,England
Bolton Wanderers,2024-09-25,2014.39,England
Bolton Wanderers,2024-09-28,2009.53,England
Bolton Wanderers,2024-10-01,2015.66,England
Bolton Wanderers,2024-10-05,2020.72,England
Bolton Wanderers,2024-10-19,2029.58,England
Bolton Wanderers,2024-10-22,2020.28,England
Bolton Wanderers,2024-10-26,2005.61,England
Bolton Wanderers,2024-10-29,1989.83,England
Bolton Wanderers,2024-11-02,2003.58,England
Bolton Wanderers,2024-11-09,2009.38,England
Bolton Wanderers,2024-11-23,2023.16,England
Bolton Wanderers,2024-11-26,2008.67,England
Bolton Wanderers,2024-12-03,2008.88,England
Bolton Wanderers,2024-12-14,2011.36,England
Bolton Wanderers,2024-12-20,1988.59,England
Bolton Wanderers,2024-12-26,1989.15,England
Bolton Wanderers,2024-12-29,1976.56,England
Bolton Wanderers,2025-01-01,1979.38,England
Bolton Wanderers,2025-01-04,1976.44,England
Bolton Wanderers,2025-01-11,1981.67,England
Bolton Wanderers,2025-01-18,1984.6,England
Bolton Wanderers,2025-01-21,1979.05,England
Bolton Wanderers,2025-01-25,1981.26,England
Bolton Wanderers,2025-01-28,1980.2,England
Bolton Wanderers,2025-02-01,1988.61,England
Bolton Wanderers,2025-02-08,1979.51,England
Bolton Wanderers,2025-02-15,1977.95,England
Bolton Wanderers,2025-02-22,1979.84,England
Bolton Wanderers,2025-03-01,1977.03,England
Bolton Wanderers,2025-03-04,1973.43,England
Bolton Wanderers,2025-03-08,1981.65,England
Bolton Wanderers,2025-03-11,1977.26,England
Bolton Wanderers,2025-03-15,1975.92,England
Bolton Wanderers,2025-03-29,1973.07,England
Bolton Wanderers,2025-04-01,1987.99,England
Bolton Wanderers,2025-04-05,2001.05,England
Bolton Wanderers,2025-04-08,2011.37,England
Bolton Wanderers,2025-04-12,2022.76,England
Bolton Wanderers,2025-04-18,2020.43,England
Bolton Wanderers,2025-04-21,2006.41,England
Bolton Wanderers,2025-04-26,1983.19,England
Bolton Wanderers,2025-05-03,1956.22,England
Bolton Wanderers,2025-08-03,1982.65,England
Bolton Wanderers,2025-08-09,1979.59,England
Bolton Wanderers,2025-08-13,2038.68,England
Bolton Wanderers,2025-08-16,2041.78,England
Bolton Wanderers,2025-08-20,2026.15,England
Bolton Wanderers,2025-08-23,2018.5,England
Bolton Wanderers,2025-08-30,2028.66,England
Bolton Wanderers,2025-09-06,2049.92,England
Bolton Wanderers,2025-09-13,2057.72,England
Bolton Wanderers,2025-09-20,2047.76,England
Bolton Wanderers,2025-09-27,2048.62,England
Bolton Wanderers,2025-10-04,2039.33,England
Bolton Wanderers,2025-10-11,2036.05,England
Bolton Wanderers,2025-10-16,2023.16,England
Bolton Wanderers,2025-10-25,2036.87,England
Bolton Wanderers,2025-11-01,2022.0,England
Bolton Wanderers,2025-11-08,2024.0,England
Bolton Wanderers,2025-11-22,2021.45,England
Bolton Wanderers,2025-11-29,2033.7,England
Bolton Wanderers,2025-12-06,2023.59,England
Bolton Wanderers,2025-12-09,2042.67,England
Bolton Wanderers,2025-12-13,2046.85,England
Bolton Wanderers,2025-12-20,2050.64,England
Bolton Wanderers,2025-12-26,2068.37,England
Bolton Wanderers,2025-12-29,2078.72,England
Bolton Wanderers,2026-01-01,2086.69,England
Bolton Wanderers,2026-01-04,2082.99,England
Bolton Wanderers,2026-01-10,2069.22,England
Bolton Wanderers,2026-01-17,2068.21,England
Bolton Wanderers,2026-01-20,2066.97,England
Bolton Wanderers,2026-01-24,2056.24,England
Bolton Wanderers,2026-01-27,2039.66,England
Bolton Wanderers,2026-01-31,2034.22,England
Bolton Wanderers,2026-02-07,2042.85,England
Bolton Wanderers,2026-02-14,2034.44,England
Bolton Wanderers,2026-02-17,2029.74,England
Bolton Wanderers,2026-02-21,2031.12,England
Bolton Wanderers,2026-02-28,2025.38,England
Bolton Wanderers,2026-03-07,2030.86,England
Bolton Wanderers,2026-03-14,2038.58,England
Bolton Wanderers,2026-03-17,2038.85,England
Bolton Wanderers,2026-03-21,2056.96,England
Bolton Wanderers,2026-04-03,2044.2,England
Bolton Wanderers,2026-04-06,2038.16,England
Bolton Wanderers,2026-04-11,2031.02,England
Bolton Wanderers,2026-04-14,2037.53,England
Bolton Wanderers,2026-04-18,2045.95,England
Bolton Wanderers,2026-04-25,2047.49,England
Bolton Wanderers,2026-05-02,2042.62,England
Bolton Wanderers,2026-05-09,2047.85,England
Bolton Wanderers,2026-05-14,2041.23,England
Bolton Wanderers,2026-05-24,2054.99,England
Bolton Wanderers,2026-08-15,2023.88,England
Bradford City,2023-08-05,1898.63,England
Bradford City,2023-08-08,1895.05,England
Bradford City,2023-08-12,1891.09,England
Bradford City,2023-08-15,1882.05,England
Bradford City,2023-08-19,1892.42,England
Bradford City,2023-08-26,1882.78,England
Bradford City,2023-08-29,1878.32,England
Bradford City,2023-09-02,1868.01,England
Bradford City,2023-09-09,1859.97,England
Bradford City,2023-09-16,1858.3,England
Bradford City,2023-09-23,1852.36,England
Bradford City,2023-09-26,1852.74,England
Bradford City,2023-09-30,1854.88,England
Bradford City,2023-10-03,1861.75,England
Bradford City,2023-10-07,1864.51,England
Bradford City,2023-10-14,1850.62,England
Bradford City,2023-10-21,1847.19,England
Bradford City,2023-10-24,1852.22,England
Bradford City,2023-10-28,1849.53,England
Bradford City,2023-11-04,1833.51,England
Bradford City,2023-11-11,1833.46,England
Bradford City,2023-11-18,1833.28,England
Bradford City,2023-11-25,1831.31,England
Bradford City,2023-11-28,1827.7,England
Bradford City,2023-12-16,1827.24,England
Bradford City,2023-12-22,1843.53,England
Bradford City,2023-12-26,1860.08,England
Bradford City,2023-12-29,1859.82,England
Bradford City,2024-01-01,1863.56,England
Bradford City,2024-01-06,1872.48,England
Bradford City,2024-01-13,1873.94,England
Bradford City,2024-01-23,1862.26,England
Bradford City,2024-01-27,1870.23,England
Bradford City,2024-02-03,1885.47,England
Bradford City,2024-02-10,1897.62,England
Bradford City,2024-02-13,1890.26,England
Bradford City,2024-02-17,1894.32,England
Bradford City,2024-03-05,1879.27,England
Bradford City,2024-03-09,1886.68,England
Bradford City,2024-03-12,1900.47,England
Bradford City,2024-03-16,1908.73,England
Bradford City,2024-03-19,1903.33,England
Bradford City,2024-03-23,1884.11,England
Bradford City,2024-03-29,1873.09,England
Bradford City,2024-08-10,1870.22,England
Bradford City,2024-08-13,1868.73,England
Bradford City,2024-08-17,1888.37,England
Bradford City,2024-08-24,1881.57,England
Bradford City,2024-08-31,1884.91,England
Bradford City,2024-09-07,1877.85,England
Bradford City,2024-09-14,1875.68,England
Bradford City,2024-09-21,1871.69,England
Bradford City,2024-09-28,1857.83,England
Bradford City,2024-10-01,1845.16,England
Bradford City,2024-10-07,1839.01,England
Bradford City,2024-10-12,1841.82,England
Bradford City,2024-10-19,1851.59,England
Bradford City,2024-10-22,1855.78,England
Bradford City,2024-10-26,1850.11,England
Bradford City,2024-11-02,1861.37,England
Bradford City,2024-11-09,1871.36,England
Bradford City,2024-11-16,1870.17,England
Bradford City,2024-11-30,1870.41,England
Bradford City,2024-12-03,1869.58,England
Bradford City,2024-12-07,1850.65,England
Bradford City,2024-12-14,1846.17,England
Bradford City,2024-12-21,1866.76,England
Bradford City,2024-12-26,1874.99,England
Bradford City,2024-12-29,1882.09,England
Bradford City,2025-01-01,1893.61,England
Bradford City,2025-01-04,1882.05,England
Bradford City,2025-01-18,1874.06,England
Bradford City,2025-01-25,1873.3,England
Bradford City,2025-01-28,1869.91,England
Bradford City,2025-02-01,1872.38,England
Bradford City,2025-02-08,1871.05,England
Bradford City,2025-02-11,1880.42,England
Bradford City,2025-02-15,1884.96,England
Bradford City,2025-02-22,1888.38,England
Bradford City,2025-02-25,1883.32,England
Bradford City,2025-03-01,1898.26,England
Bradford City,2025-03-04,1904.58,England
Bradford City,2025-03-08,1905.93,England
Bradford City,2025-03-15,1900.24,England
Bradford City,2025-03-22,1906.63,England
Bradford City,2025-03-29,1914.72,England
Bradford City,2025-04-01,1918.63,England
Bradford City,2025-04-05,1918.99,England
Bradford City,2025-04-12,1909.34,England
Bradford City,2025-04-17,1924.41,England
Bradford City,2025-04-21,1923.59,England
Bradford City,2025-04-26,1928.37,England
Bradford City,2025-05-03,1942.62,England
Bradford City,2025-08-02,1955.22,England
Bradford City,2025-08-09,1978.41,England
Bradford City,2025-08-12,2000.17,England
Bradford City,2025-08-16,1997.3,England
Bradford City,2025-08-19,1977.97,England
Bradford City,2025-08-23,1978.37,England
Bradford City,2025-08-26,1975.04,England
Bradford City,2025-08-30,1979.58,England
Bradford City,2025-09-06,1989.6,England
Bradford City,2025-09-13,1983.04,England
Bradford City,2025-09-20,1966.13,England
Bradford City,2025-09-24,1966.13,England
Bradford City,2025-09-27,1953.1,England
Bradford City,2025-10-02,1958.27,England
Bradford City,2025-10-18,1947.76,England
Bradford City,2025-10-25,1957.64,England
Bradford City,2025-10-28,1965.31,England
Bradford City,2025-11-01,1936.39,England
Bradford City,2025-11-08,1941.78,England
Bradford City,2025-11-22,1944.32,England
Bradford City,2025-11-29,1945.6,England
Bradford City,2025-12-06,1962.68,England
Bradford City,2025-12-13,1955.38,England
Bradford City,2025-12-20,1962.37,England
Bradford City,2025-12-26,1958.62,England
Bradford City,2025-12-29,1971.47,England
Bradford City,2026-01-01,1950.72,England
Bradford City,2026-01-04,1951.91,England
Bradford City,2026-01-17,1948.58,England
Bradford City,2026-01-24,1960.35,England
Bradford City,2026-01-27,1950.64,England
Bradford City,2026-01-31,1929.41,England
Bradford City,2026-02-07,1929.62,England
Bradford City,2026-02-14,1934.52,England
Bradford City,2026-02-17,1940.01,England
Bradford City,2026-02-21,1935.83,England
Bradford City,2026-02-24,1954.61,England
Bradford City,2026-02-28,1960.28,England
Bradford City,2026-03-07,1957.35,England
Bradford City,2026-03-11,1977.16,England
Bradford City,2026-03-14,1989.63,England
Bradford City,2026-03-17,2000.07,England
Bradford City,2026-03-21,1988.19,England
Bradford City,2026-04-03,1989.05,England
Bradford City,2026-04-06,1984.42,England
Bradford City,2026-04-11,1977.61,England
Bradford City,2026-04-18,1978.16,England
Bradford City,2026-04-21,1971.82,England
Bradford City,2026-04-25,1970.28,England
Bradford City,2026-05-02,1971.71,England
Bradford City,2026-05-09,1966.49,England
Bradford City,2026-05-14,1973.11,England
Bradford City,2026-08-15,1964.79,England
Brentford FC,2023-08-13,2261.69,England
Brentford FC,2023-08-19,2267.09,England
Brentford FC,2023-08-26,2259.05,England
Brentford FC,2023-08-29,2244.86,England
Brentford FC,2023-09-02,2245.02,England
Brentford FC,2023-09-16,2260.72,England
Brentford FC,2023-09-23,2259.15,England
Brentford FC,2023-09-27,2284.31,England
Brentford FC,2023-10-01,2273.9,England
Brentford FC,2023-10-07,2292.27,England
Brentford FC,2023-10-21,2275.36,England
Brentford FC,2023-10-28,2261.3,England
Brentford FC,2023-11-04,2255.76,England
Brentford FC,2023-11-12,2258.8,England
Brentford FC,2023-11-25,2234.8,England
Brentford FC,2023-12-02,2238.98,England
Brentford FC,2023-12-06,2236.91,England
Brentford FC,2023-12-09,2231.09,England
Brentford FC,2023-12-17,2231.14,England
Brentford FC,2023-12-27,2229.31,England
Brentford FC,2023-12-30,2212.06,England
Brentford FC,2024-01-05,2202.4,England
Brentford FC,2024-01-16,2194.1,England
Brentford FC,2024-01-20,2201.68,England
Brentford FC,2024-01-31,2219.42,England
Brentford FC,2024-02-05,2208.02,England
Brentford FC,2024-02-10,2207.31,England
Brentford FC,2024-02-17,2218.17,England
Brentford FC,2024-02-20,2229.87,England
Brentford FC,2024-02-26,2232.52,England
Brentford FC,2024-03-02,2242.78,England
Brentford FC,2024-03-09,2228.74,England
Brentford FC,2024-03-16,2235.32,England
Brentford FC,2024-03-30,2221.3,England
Brentford FC,2024-04-03,2222.69,England
Brentford FC,2024-04-06,2226.26,England
Brentford FC,2024-04-13,2225.78,England
Brentford FC,2024-04-20,2221.61,England
Brentford FC,2024-04-27,2239.8,England
Brentford FC,2024-05-04,2255.62,England
Brentford FC,2024-05-11,2260.56,England
Brentford FC,2024-05-19,2245.14,England
Brentford FC,2024-08-18,2238.61,England
Brentford FC,2024-08-25,2233.84,England
Brentford FC,2024-08-28,2231.95,England
Brentford FC,2024-08-31,2244.11,England
Brentford FC,2024-09-14,2262.97,England
Brentford FC,2024-09-17,2259.88,England
Brentford FC,2024-09-21,2258.61,England
Brentford FC,2024-09-28,2268.15,England
Brentford FC,2024-10-05,2249.39,England
Brentford FC,2024-10-19,2252.74,England
Brentford FC,2024-10-26,2276.47,England
Brentford FC,2024-10-29,2301.84,England
Brentford FC,2024-11-04,2284.34,England
Brentford FC,2024-11-09,2260.36,England
Brentford FC,2024-11-23,2246.98,England
Brentford FC,2024-11-30,2251.85,England
Brentford FC,2024-12-04,2246.28,England
Brentford FC,2024-12-07,2239.84,England
Brentford FC,2024-12-15,2235.52,England
Brentford FC,2024-12-18,2227.16,England
Brentford FC,2024-12-21,2227.55,England
Brentford FC,2024-12-27,2226.58,England
Brentford FC,2025-01-01,2228.99,England
Brentford FC,2025-01-04,2248.3,England
Brentford FC,2025-01-11,2223.28,England
Brentford FC,2025-01-14,2228.37,England
Brentford FC,2025-01-18,2224.53,England
Brentford FC,2025-01-26,2230.39,England
Brentford FC,2025-02-02,2261.3,England
Brentford FC,2025-02-15,2256.86,England
Brentford FC,2025-02-21,2268.46,England
Brentford FC,2025-02-26,2261.8,England
Brentford FC,2025-03-08,2276.41,England
Brentford FC,2025-03-15,2260.57,England
Brentford FC,2025-04-02,2258.59,England
Brentford FC,2025-04-06,2258.12,England
Brentford FC,2025-04-12,2282.68,England
Brentford FC,2025-04-19,2280.89,England
Brentford FC,2025-05-01,2292.24,England
Brentford FC,2025-05-04,2318.12,England
Brentford FC,2025-05-10,2326.01,England
Brentford FC,2025-05-18,2320.49,England
Brentford FC,2025-05-25,2328.97,England
Brentford FC,2025-08-17,2300.7,England
Brentford FC,2025-08-23,2298.1,England
Brentford FC,2025-08-26,2297.37,England
Brentford FC,2025-08-30,2283.36,England
Brentford FC,2025-09-13,2258.71,England
Brentford FC,2025-09-16,2250.18,England
Brentford FC,2025-09-20,2261.0,England
Brentford FC,2025-09-27,2243.78,England
Brentford FC,2025-10-05,2266.85,England
Brentford FC,2025-10-20,2264.11,England
Brentford FC,2025-10-25,2285.11,England
Brentford FC,2025-10-28,2274.0,England
Brentford FC,2025-11-01,2289.09,England
Brentford FC,2025-11-09,2298.24,England
Brentford FC,2025-11-22,2299.39,England
Brentford FC,2025-11-29,2288.49,England
Brentford FC,2025-12-03,2312.86,England
Brentford FC,2025-12-06,2315.81,England
Brentford FC,2025-12-14,2308.3,England
Brentford FC,2025-12-17,2331.47,England
Brentford FC,2025-12-20,2313.34,England
Brentford FC,2025-12-27,2316.24,England
Brentford FC,2026-01-01,2310.11,England
Brentford FC,2026-01-04,2302.68,England
Brentford FC,2026-01-07,2312.11,England
Brentford FC,2026-01-10,2286.98,England
Brentford FC,2026-01-17,2308.04,England
Brentford FC,2026-01-25,2312.12,England
Brentford FC,2026-02-01,2326.31,England
Brentford FC,2026-02-07,2333.22,England
Brentford FC,2026-02-12,2333.06,England
Brentford FC,2026-02-16,2333.06,England
Brentford FC,2026-02-21,2337.14,England
Brentford FC,2026-02-28,2333.58,England
Brentford FC,2026-03-03,2335.3,England
Brentford FC,2026-03-09,2336.9,England
Brentford FC,2026-03-16,2344.45,England
Brentford FC,2026-03-21,2318.41,England
Brentford FC,2026-04-11,2318.47,England
Brentford FC,2026-04-18,2335.49,England
Brentford FC,2026-04-27,2364.48,England
Brentford FC,2026-05-02,2355.93,England
Brentford FC,2026-05-09,2355.1,England
Brentford FC,2026-05-17,2364.39,England
Brentford FC,2026-05-24,2358.35,England
Brentford FC,2026-08-22,2349.95,England
Brighton & Hove Albion,2023-08-12,2348.39,England
Brighton & Hove Albion,2023-08-19,2350.91,England
Brighton & Hove Albion,2023-08-26,2335.05,England
Brighton & Hove Albion,2023-09-02,2331.09,England
Brighton & Hove Albion,2023-09-16,2342.87,England
Brighton & Hove Albion,2023-09-21,2383.32,England
Brighton & Hove Albion,2023-09-24,2347.94,England
Brighton & Hove Albion,2023-09-27,2362.72,England
Brighton & Hove Albion,2023-09-30,2362.05,England
Brighton & Hove Albion,2023-10-05,2370.15,England
Brighton & Hove Albion,2023-10-08,2349.55,England
Brighton & Hove Albion,2023-10-21,2347.2,England
Brighton & Hove Albion,2023-10-26,2365.74,England
Brighton & Hove Albion,2023-10-29,2347.85,England
Brighton & Hove Albion,2023-11-04,2346.84,England
Brighton & Hove Albion,2023-11-09,2339.86,England
Brighton & Hove Albion,2023-11-12,2337.49,England
Brighton & Hove Albion,2023-11-25,2321.49,England
Brighton & Hove Albion,2023-11-30,2322.36,England
Brighton & Hove Albion,2023-12-03,2316.2,England
Brighton & Hove Albion,2023-12-06,2318.27,England
Brighton & Hove Albion,2023-12-09,2312.4,England
Brighton & Hove Albion,2023-12-14,2317.39,England
Brighton & Hove Albion,2023-12-17,2328.68,England
Brighton & Hove Albion,2023-12-21,2318.77,England
Brighton & Hove Albion,2023-12-28,2318.04,England
Brighton & Hove Albion,2024-01-02,2338.65,England
Brighton & Hove Albion,2024-01-06,2343.02,England
Brighton & Hove Albion,2024-01-22,2351.39,England
Brighton & Hove Albion,2024-01-27,2337.56,England
Brighton & Hove Albion,2024-01-30,2338.45,England
Brighton & Hove Albion,2024-02-03,2338.03,England
Brighton & Hove Albion,2024-02-10,2317.14,England
Brighton & Hove Albion,2024-02-18,2329.69,England
Brighton & Hove Albion,2024-02-24,2323.84,England
Brighton & Hove Albion,2024-02-28,2314.25,England
Brighton & Hove Albion,2024-03-02,2313.78,England
Brighton & Hove Albion,2024-03-07,2310.4,England
Brighton & Hove Albion,2024-03-10,2298.26,England
Brighton & Hove Albion,2024-03-14,2311.99,England
Brighton & Hove Albion,2024-03-31,2299.39,England
Brighton & Hove Albion,2024-04-03,2297.99,England
Brighton & Hove Albion,2024-04-06,2280.32,England
Brighton & Hove Albion,2024-04-13,2292.9,England
Brighton & Hove Albion,2024-04-25,2262.09,England
Brighton & Hove Albion,2024-04-28,2256.01,England
Brighton & Hove Albion,2024-05-05,2250.98,England
Brighton & Hove Albion,2024-05-11,2229.82,England
Brighton & Hove Albion,2024-05-15,2227.53,England
Brighton & Hove Albion,2024-05-19,2222.96,England
Brighton & Hove Albion,2024-08-17,2241.48,England
Brighton & Hove Albion,2024-08-24,2275.47,England
Brighton & Hove Albion,2024-08-27,2275.47,England
Brighton & Hove Albion,2024-08-31,2294.35,England
Brighton & Hove Albion,2024-09-14,2309.11,England
Brighton & Hove Albion,2024-09-18,2328.3,England
Brighton & Hove Albion,2024-09-22,2319.96,England
Brighton & Hove Albion,2024-09-28,2323.41,England
Brighton & Hove Albion,2024-10-06,2296.21,England
Brighton & Hove Albion,2024-10-19,2289.69,England
Brighton & Hove Albion,2024-10-26,2296.89,England
Brighton & Hove Albion,2024-10-30,2331.69,England
Brighton & Hove Albion,2024-11-02,2330.52,England
Brighton & Hove Albion,2024-11-09,2315.51,England
Brighton & Hove Albion,2024-11-23,2318.12,England
Brighton & Hove Albion,2024-11-29,2327.97,England
Brighton & Hove Albion,2024-12-05,2345.38,England
Brighton & Hove Albion,2024-12-08,2352.69,England
Brighton & Hove Albion,2024-12-15,2335.72,England
Brighton & Hove Albion,2024-12-21,2320.06,England
Brighton & Hove Albion,2024-12-27,2321.03,England
Brighton & Hove Albion,2024-12-30,2317.03,England
Brighton & Hove Albion,2025-01-04,2313.66,England
Brighton & Hove Albion,2025-01-11,2343.36,England
Brighton & Hove Albion,2025-01-16,2309.92,England
Brighton & Hove Albion,2025-01-19,2327.04,England
Brighton & Hove Albion,2025-01-25,2343.99,England
Brighton & Hove Albion,2025-02-01,2339.19,England
Brighton & Hove Albion,2025-02-08,2352.48,England
Brighton & Hove Albion,2025-02-14,2351.11,England
Brighton & Hove Albion,2025-02-22,2360.53,England
Brighton & Hove Albion,2025-02-25,2369.48,England
Brighton & Hove Albion,2025-03-02,2364.14,England
Brighton & Hove Albion,2025-03-08,2355.2,England
Brighton & Hove Albion,2025-03-15,2350.33,England
Brighton & Hove Albion,2025-03-29,2345.3,England
Brighton & Hove Albion,2025-04-02,2331.04,England
Brighton & Hove Albion,2025-04-05,2337.24,England
Brighton & Hove Albion,2025-04-12,2344.52,England
Brighton & Hove Albion,2025-04-19,2346.31,England
Brighton & Hove Albion,2025-04-26,2325.92,England
Brighton & Hove Albion,2025-05-04,2311.68,England
Brighton & Hove Albion,2025-05-10,2309.66,England
Brighton & Hove Albion,2025-05-19,2351.77,England
Brighton & Hove Albion,2025-05-25,2377.03,England
Brighton & Hove Albion,2025-08-16,2377.78,England
Brighton & Hove Albion,2025-08-24,2374.1,England
Brighton & Hove Albion,2025-08-27,2350.52,England
Brighton & Hove Albion,2025-08-31,2352.62,England
Brighton & Hove Albion,2025-09-13,2360.6,England
Brighton & Hove Albion,2025-09-20,2337.19,England
Brighton & Hove Albion,2025-09-23,2337.2,England
Brighton & Hove Albion,2025-09-27,2333.28,England
Brighton & Hove Albion,2025-10-05,2330.03,England
Brighton & Hove Albion,2025-10-18,2323.86,England
Brighton & Hove Albion,2025-10-25,2321.28,England
Brighton & Hove Albion,2025-10-29,2364.41,England
Brighton & Hove Albion,2025-11-01,2365.25,England
Brighton & Hove Albion,2025-11-09,2352.13,England
Brighton & Hove Albion,2025-11-22,2350.98,England
Brighton & Hove Albion,2025-11-30,2352.32,England
Brighton & Hove Albion,2025-12-03,2357.75,England
Brighton & Hove Albion,2025-12-07,2355.47,England
Brighton & Hove Albion,2025-12-13,2357.21,England
Brighton & Hove Albion,2025-12-20,2370.12,England
Brighton & Hove Albion,2025-12-27,2349.2,England
Brighton & Hove Albion,2025-12-30,2347.23,England
Brighton & Hove Albion,2026-01-03,2336.76,England
Brighton & Hove Albion,2026-01-07,2347.41,England
Brighton & Hove Albion,2026-01-11,2326.76,England
Brighton & Hove Albion,2026-01-19,2332.32,England
Brighton & Hove Albion,2026-01-24,2313.7,England
Brighton & Hove Albion,2026-01-31,2312.33,England
Brighton & Hove Albion,2026-02-08,2291.46,England
Brighton & Hove Albion,2026-02-11,2297.13,England
Brighton & Hove Albion,2026-02-14,2306.93,England
Brighton & Hove Albion,2026-02-21,2302.85,England
Brighton & Hove Albion,2026-03-01,2303.22,England
Brighton & Hove Albion,2026-03-04,2321.78,England
Brighton & Hove Albion,2026-03-14,2334.45,England
Brighton & Hove Albion,2026-03-21,2336.4,England
Brighton & Hove Albion,2026-04-11,2339.89,England
Brighton & Hove Albion,2026-04-18,2346.97,England
Brighton & Hove Albion,2026-04-21,2350.87,England
Brighton & Hove Albion,2026-05-02,2362.28,England
Brighton & Hove Albion,2026-05-09,2380.02,England
Brighton & Hove Albion,2026-05-17,2403.94,England
Brighton & Hove Albion,2026-05-24,2412.03,England
Brighton & Hove Albion,2026-08-23,2395.99,England
Bristol City,2023-08-05,1989.95,England
Bristol City,2023-08-09,2002.32,England
Bristol City,2023-08-12,2024.51,England
Bristol City,2023-08-19,1988.34,England
Bristol City,2023-08-25,1979.75,England
Bristol City,2023-08-29,1999.9,England
Bristol City,2023-09-02,1996.93,England
Bristol City,2023-09-16,2009.71,England
Bristol City,2023-09-19,2026.99,England
Bristol City,2023-09-23,2033.1,England
Bristol City,2023-09-30,2023.9,England
Bristol City,2023-10-04,2038.88,England
Bristol City,2023-10-07,2023.06,England
Bristol City,2023-10-21,1998.16,England
Bristol City,2023-10-25,1990.2,England
Bristol City,2023-10-28,1980.55,England
Bristol City,2023-11-04,1968.13,England
Bristol City,2023-11-11,1973.35,England
Bristol City,2023-11-25,1981.24,England
Bristol City,2023-11-29,1980.22,England
Bristol City,2023-12-03,1995.05,England
Bristol City,2023-12-09,2005.0,England
Bristol City,2023-12-12,1994.0,England
Bristol City,2023-12-16,1986.67,England
Bristol City,2023-12-22,1980.48,England
Bristol City,2023-12-26,1976.12,England
Bristol City,2023-12-29,1985.27,England
Bristol City,2024-01-01,1994.58,England
Bristol City,2024-01-07,1991.81,England
Bristol City,2024-01-13,1997.26,England
Bristol City,2024-01-16,2015.14,England
Bristol City,2024-01-20,2009.18,England
Bristol City,2024-01-26,2004.91,England
Bristol City,2024-01-30,2001.85,England
Bristol City,2024-02-02,1997.95,England
Bristol City,2024-02-07,2000.31,England
Bristol City,2024-02-10,2005.07,England
Bristol City,2024-02-13,2005.07,England
Bristol City,2024-02-17,2016.35,England
Bristol City,2024-02-24,2019.8,England
Bristol City,2024-03-02,2020.21,England
Bristol City,2024-03-05,2018.68,England
Bristol City,2024-03-10,2001.41,England
Bristol City,2024-03-16,2002.97,England
Bristol City,2024-03-29,1992.35,England
Bristol City,2024-04-01,1999.53,England
Bristol City,2024-04-06,1990.37,England
Bristol City,2024-04-10,1972.69,England
Bristol City,2024-04-13,1990.32,England
Bristol City,2024-04-20,1971.87,England
Bristol City,2024-04-27,1972.66,England
Bristol City,2024-05-04,1983.66,England
Bristol City,2024-08-10,2017.26,England
Bristol City,2024-08-13,2026.24,England
Bristol City,2024-08-17,2045.79,England
Bristol City,2024-08-24,2030.67,England
Bristol City,2024-08-31,2024.91,England
Bristol City,2024-09-14,2028.57,England
Bristol City,2024-09-21,2033.47,England
Bristol City,2024-09-29,2027.14,England
Bristol City,2024-10-02,2027.41,England
Bristol City,2024-10-06,2028.34,England
Bristol City,2024-10-19,2037.99,England
Bristol City,2024-10-22,2025.71,England
Bristol City,2024-10-26,2016.45,England
Bristol City,2024-11-02,2022.65,England
Bristol City,2024-11-05,2022.2,England
Bristol City,2024-11-09,2020.1,England
Bristol City,2024-11-23,2023.19,England
Bristol City,2024-11-26,2012.97,England
Bristol City,2024-11-30,2034.85,England
Bristol City,2024-12-07,2038.02,England
Bristol City,2024-12-10,2038.59,England
Bristol City,2024-12-14,2042.6,England
Bristol City,2024-12-22,2053.27,England
Bristol City,2024-12-26,2044.7,England
Bristol City,2024-12-29,2057.44,England
Bristol City,2025-01-01,2067.79,England
Bristol City,2025-01-04,2079.04,England
Bristol City,2025-01-11,2075.84,England
Bristol City,2025-01-18,2087.83,England
Bristol City,2025-01-22,2077.55,England
Bristol City,2025-01-25,2091.79,England
Bristol City,2025-02-01,2082.51,England
Bristol City,2025-02-09,2081.89,England
Bristol City,2025-02-12,2066.78,England
Bristol City,2025-02-15,2078.54,England
Bristol City,2025-02-21,2079.89,England
Bristol City,2025-03-04,2072.24,England
Bristol City,2025-03-08,2066.18,England
Bristol City,2025-03-11,2075.01,England
Bristol City,2025-03-14,2067.42,England
Bristol City,2025-03-29,2055.65,England
Bristol City,2025-04-05,2058.41,England
Bristol City,2025-04-08,2043.7,England
Bristol City,2025-04-12,2043.23,England
Bristol City,2025-04-18,2063.52,England
Bristol City,2025-04-21,2076.99,England
Bristol City,2025-04-28,2077.15,England
Bristol City,2025-05-03,2065.48,England
Bristol City,2025-05-08,2051.7,England
Bristol City,2025-05-12,2029.47,England
Bristol City,2025-08-09,2014.66,England
Bristol City,2025-08-12,2014.7,England
Bristol City,2025-08-16,2033.07,England
Bristol City,2025-08-22,2047.05,England
Bristol City,2025-08-27,2029.49,England
Bristol City,2025-08-30,2053.87,England
Bristol City,2025-09-13,2062.78,England
Bristol City,2025-09-21,2060.88,England
Bristol City,2025-09-27,2063.12,England
Bristol City,2025-09-30,2058.55,England
Bristol City,2025-10-04,2027.42,England
Bristol City,2025-10-18,2025.71,England
Bristol City,2025-10-21,2039.93,England
Bristol City,2025-10-25,2047.64,England
Bristol City,2025-11-01,2059.43,England
Bristol City,2025-11-04,2042.02,England
Bristol City,2025-11-07,2027.39,England
Bristol City,2025-11-22,2028.99,England
Bristol City,2025-11-26,2034.55,England
Bristol City,2025-11-29,2034.7,England
Bristol City,2025-12-06,2026.22,England
Bristol City,2025-12-10,2031.53,England
Bristol City,2025-12-13,2030.92,England
Bristol City,2025-12-20,2023.26,England
Bristol City,2025-12-26,2019.91,England
Bristol City,2025-12-29,2020.12,England
Bristol City,2026-01-01,2035.64,England
Bristol City,2026-01-04,2034.32,England
Bristol City,2026-01-10,2046.17,England
Bristol City,2026-01-17,2053.07,England
Bristol City,2026-01-20,2055.01,England
Bristol City,2026-01-24,2065.66,England
Bristol City,2026-01-30,2053.25,England
Bristol City,2026-02-07,2051.41,England
Bristol City,2026-02-17,2050.18,England
Bristol City,2026-02-21,2048.18,England
Bristol City,2026-02-24,2044.51,England
Bristol City,2026-02-27,2033.44,England
Bristol City,2026-03-03,2042.31,England
Bristol City,2026-03-07,2039.19,England
Bristol City,2026-03-10,2034.46,England
Bristol City,2026-03-14,2024.57,England
Bristol City,2026-03-21,2000.55,England
Bristol City,2026-04-03,1991.45,England
Bristol City,2026-04-06,2004.99,England
Bristol City,2026-04-11,2001.45,England
Bristol City,2026-04-18,1992.1,England
Bristol City,2026-04-21,1982.44,England
Bristol City,2026-04-25,1993.2,England
Bristol City,2026-05-02,1998.07,England
Bristol City,2026-08-15,2027.49,England
Bromley FC,2023-08-05,1763.88,England
Bromley FC,2023-08-12,1751.82,England
Bromley FC,2023-08-15,1744.51,England
Bromley FC,2023-08-19,1731.92,England
Bromley FC,2023-08-25,1701.27,England
Bromley FC,2023-08-28,1684.24,England
Bromley FC,2023-09-02,1683.39,England
Bromley FC,2023-09-09,1668.87,England
Bromley FC,2023-09-16,1682.66,England
Bromley FC,2023-09-19,1680.04,England
Bromley FC,2023-09-23,1687.07,England
Bromley FC,2023-09-26,1682.17,England
Bromley FC,2023-09-30,1677.76,England
Bromley FC,2023-10-03,1684.2,England
Bromley FC,2023-10-07,1690.28,England
Bromley FC,2023-10-14,1695.74,England
Bromley FC,2023-10-21,1728.63,England
Bromley FC,2023-10-24,1734.86,England
Bromley FC,2023-10-28,1744.23,England
Bromley FC,2023-11-04,1741.13,England
Bromley FC,2023-11-11,1737.3,England
Bromley FC,2023-11-18,1735.79,England
Bromley FC,2023-11-21,1744.28,England
Bromley FC,2023-11-25,1756.96,England
Bromley FC,2023-12-02,1763.11,England
Bromley FC,2023-12-09,1759.3,England
Bromley FC,2023-12-16,1756.41,England
Bromley FC,2023-12-23,1760.19,England
Bromley FC,2023-12-26,1775.73,England
Bromley FC,2023-12-30,1776.62,England
Bromley FC,2024-01-06,1791.37,England
Bromley FC,2024-01-13,1774.7,England
Bromley FC,2024-01-20,1803.56,England
Bromley FC,2024-01-23,1810.91,England
Bromley FC,2024-01-27,1801.23,England
Bromley FC,2024-02-03,1785.7,England
Bromley FC,2024-02-10,1776.68,England
Bromley FC,2024-02-17,1773.79,England
Bromley FC,2024-02-20,1785.87,England
Bromley FC,2024-02-24,1759.86,England
Bromley FC,2024-03-02,1751.11,England
Bromley FC,2024-03-05,1759.54,England
Bromley FC,2024-03-09,1761.56,England
Bromley FC,2024-03-16,1768.6,England
Bromley FC,2024-03-20,1771.76,England
Bromley FC,2024-03-23,1775.95,England
Bromley FC,2024-03-29,1777.13,England
Bromley FC,2024-05-05,1772.33,England
Bromley FC,2024-08-10,1769.49,England
Bromley FC,2024-08-13,1773.78,England
Bromley FC,2024-08-17,1773.71,England
Bromley FC,2024-08-24,1780.51,England
Bromley FC,2024-08-31,1762.22,England
Bromley FC,2024-09-07,1762.07,England
Bromley FC,2024-09-14,1766.52,England
Bromley FC,2024-09-21,1767.1,England
Bromley FC,2024-09-28,1769.88,England
Bromley FC,2024-10-01,1770.72,England
Bromley FC,2024-10-05,1765.43,England
Bromley FC,2024-10-19,1766.08,England
Bromley FC,2024-10-22,1770.41,England
Bromley FC,2024-10-26,1777.84,England
Bromley FC,2024-11-02,1795.16,England
Bromley FC,2024-11-09,1781.05,England
Bromley FC,2024-11-16,1788.28,England
Bromley FC,2024-11-26,1785.27,England
Bromley FC,2024-12-01,1807.59,England
Bromley FC,2024-12-04,1805.13,England
Bromley FC,2024-12-07,1808.14,England
Bromley FC,2024-12-14,1816.84,England
Bromley FC,2024-12-21,1826.09,England
Bromley FC,2024-12-26,1824.59,England
Bromley FC,2024-12-29,1822.37,England
Bromley FC,2025-01-02,1823.74,England
Bromley FC,2025-01-05,1816.15,England
Bromley FC,2025-01-12,1816.15,England
Bromley FC,2025-01-18,1815.26,England
Bromley FC,2025-01-25,1801.44,England
Bromley FC,2025-01-28,1802.36,England
Bromley FC,2025-02-01,1811.95,England
Bromley FC,2025-02-04,1814.05,England
Bromley FC,2025-02-08,1814.58,England
Bromley FC,2025-02-15,1807.69,England
Bromley FC,2025-02-22,1794.06,England
Bromley FC,2025-02-25,1799.12,England
Bromley FC,2025-03-01,1798.45,England
Bromley FC,2025-03-04,1788.82,England
Bromley FC,2025-03-08,1765.3,England
Bromley FC,2025-03-13,1759.95,England
Bromley FC,2025-03-22,1762.37,England
Bromley FC,2025-03-29,1762.11,England
Bromley FC,2025-04-01,1758.73,England
Bromley FC,2025-04-05,1764.24,England
Bromley FC,2025-04-12,1766.76,England
Bromley FC,2025-04-18,1777.81,England
Bromley FC,2025-04-21,1766.79,England
Bromley FC,2025-04-26,1770.18,England
Bromley FC,2025-05-03,1740.07,England
Bromley FC,2025-08-02,1740.15,England
Bromley FC,2025-08-09,1775.57,England
Bromley FC,2025-08-12,1774.34,England
Bromley FC,2025-08-16,1773.21,England
Bromley FC,2025-08-19,1796.39,England
Bromley FC,2025-08-23,1808.61,England
Bromley FC,2025-08-26,1832.8,England
Bromley FC,2025-08-30,1827.53,England
Bromley FC,2025-09-06,1816.38,England
Bromley FC,2025-09-13,1813.03,England
Bromley FC,2025-09-20,1821.55,England
Bromley FC,2025-09-27,1830.93,England
Bromley FC,2025-10-04,1844.89,England
Bromley FC,2025-10-11,1845.21,England
Bromley FC,2025-10-18,1857.97,England
Bromley FC,2025-10-25,1848.31,England
Bromley FC,2025-11-01,1866.86,England
Bromley FC,2025-11-08,1859.59,England
Bromley FC,2025-11-15,1874.53,England
Bromley FC,2025-11-22,1871.51,England
Bromley FC,2025-11-29,1870.09,England
Bromley FC,2025-12-09,1862.28,England
Bromley FC,2025-12-13,1876.85,England
Bromley FC,2025-12-20,1877.5,England
Bromley FC,2025-12-26,1875.88,England
Bromley FC,2025-12-29,1875.43,England
Bromley FC,2026-01-01,1885.62,England
Bromley FC,2026-01-10,1895.8,England
Bromley FC,2026-01-17,1898.92,England
Bromley FC,2026-01-24,1903.18,England
Bromley FC,2026-01-27,1915.57,England
Bromley FC,2026-01-31,1908.08,England
Bromley FC,2026-02-07,1909.99,England
Bromley FC,2026-02-14,1896.11,England
Bromley FC,2026-02-17,1893.87,England
Bromley FC,2026-02-21,1883.9,England
Bromley FC,2026-02-28,1882.62,England
Bromley FC,2026-03-03,1874.64,England
Bromley FC,2026-03-07,1877.27,England
Bromley FC,2026-03-14,1874.18,England
Bromley FC,2026-03-17,1863.63,England
Bromley FC,2026-03-21,1846.52,England
Bromley FC,2026-03-28,1858.71,England
Bromley FC,2026-04-03,1855.12,England
Bromley FC,2026-04-07,1874.04,England
Bromley FC,2026-04-11,1867.09,England
Bromley FC,2026-04-16,1864.55,England
Bromley FC,2026-04-23,1856.26,England
Bromley FC,2026-05-02,1879.96,England
Bromley FC,2026-08-15,1865.42,England
Burnley FC,2023-08-11,2170.18,England
Burnley FC,2023-08-27,2167.31,England
Burnley FC,2023-08-30,2168.86,England
Burnley FC,2023-09-02,2158.64,England
Burnley FC,2023-09-18,2153.84,England
Burnley FC,2023-09-23,2155.32,England
Burnley FC,2023-09-26,2179.74,England
Burnley FC,2023-09-30,2176.39,England
Burnley FC,2023-10-03,2165.99,England
Burnley FC,2023-10-07,2149.72,England
Burnley FC,2023-10-21,2166.64,England
Burnley FC,2023-10-28,2153.18,England
Burnley FC,2023-11-01,2129.45,England
Burnley FC,2023-11-04,2108.16,England
Burnley FC,2023-11-11,2110.5,England
Burnley FC,2023-11-25,2114.55,England
Burnley FC,2023-12-02,2125.61,England
Burnley FC,2023-12-05,2138.66,England
Burnley FC,2023-12-09,2144.53,England
Burnley FC,2023-12-16,2138.51,England
Burnley FC,2023-12-23,2126.92,England
Burnley FC,2023-12-26,2097.14,England
Burnley FC,2023-12-30,2108.34,England
Burnley FC,2024-01-05,2091.05,England
Burnley FC,2024-01-12,2093.72,England
Burnley FC,2024-01-31,2101.39,England
Burnley FC,2024-02-03,2122.86,England
Burnley FC,2024-02-10,2110.51,England
Burnley FC,2024-02-17,2114.53,England
Burnley FC,2024-02-24,2120.06,England
Burnley FC,2024-03-03,2118.31,England
Burnley FC,2024-03-10,2109.08,England
Burnley FC,2024-03-16,2102.5,England
Burnley FC,2024-03-30,2099.93,England
Burnley FC,2024-04-02,2116.89,England
Burnley FC,2024-04-06,2131.02,England
Burnley FC,2024-04-13,2118.44,England
Burnley FC,2024-04-20,2112.21,England
Burnley FC,2024-04-27,2120.08,England
Burnley FC,2024-05-04,2140.13,England
Burnley FC,2024-05-11,2142.44,England
Burnley FC,2024-05-19,2140.11,England
Burnley FC,2024-08-12,2158.65,England
Burnley FC,2024-08-17,2123.93,England
Burnley FC,2024-08-24,2096.84,England
Burnley FC,2024-08-28,2070.32,England
Burnley FC,2024-08-31,2101.56,England
Burnley FC,2024-09-14,2127.14,England
Burnley FC,2024-09-21,2112.73,England
Burnley FC,2024-09-28,2115.28,England
Burnley FC,2024-10-01,2109.89,England
Burnley FC,2024-10-05,2101.15,England
Burnley FC,2024-10-19,2079.11,England
Burnley FC,2024-10-23,2083.99,England
Burnley FC,2024-10-26,2098.28,England
Burnley FC,2024-11-03,2099.36,England
Burnley FC,2024-11-07,2096.93,England
Burnley FC,2024-11-10,2089.06,England
Burnley FC,2024-11-23,2085.96,England
Burnley FC,2024-11-26,2087.36,England
Burnley FC,2024-11-30,2099.93,England
Burnley FC,2024-12-06,2106.82,England
Burnley FC,2024-12-10,2119.84,England
Burnley FC,2024-12-15,2132.97,England
Burnley FC,2024-12-21,2132.05,England
Burnley FC,2024-12-26,2136.1,England
Burnley FC,2024-12-29,2156.72,England
Burnley FC,2025-01-01,2157.93,England
Burnley FC,2025-01-04,2151.22,England
Burnley FC,2025-01-11,2137.75,England
Burnley FC,2025-01-17,2131.6,England
Burnley FC,2025-01-22,2137.36,England
Burnley FC,2025-01-27,2149.65,England
Burnley FC,2025-02-01,2151.71,England
Burnley FC,2025-02-04,2140.91,England
Burnley FC,2025-02-08,2111.66,England
Burnley FC,2025-02-12,2105.44,England
Burnley FC,2025-02-15,2129.47,England
Burnley FC,2025-02-21,2145.15,England
Burnley FC,2025-03-01,2133.99,England
Burnley FC,2025-03-04,2140.95,England
Burnley FC,2025-03-08,2139.07,England
Burnley FC,2025-03-11,2143.2,England
Burnley FC,2025-03-15,2159.03,England
Burnley FC,2025-03-29,2170.81,England
Burnley FC,2025-04-05,2179.3,England
Burnley FC,2025-04-08,2185.78,England
Burnley FC,2025-04-11,2196.01,England
Burnley FC,2025-04-18,2205.29,England
Burnley FC,2025-04-21,2206.27,England
Burnley FC,2025-04-26,2188.64,England
Burnley FC,2025-05-03,2173.73,England
Burnley FC,2025-08-16,2138.44,England
Burnley FC,2025-08-23,2118.07,England
Burnley FC,2025-08-26,2130.84,England
Burnley FC,2025-08-30,2108.56,England
Burnley FC,2025-09-14,2106.24,England
Burnley FC,2025-09-20,2114.99,England
Burnley FC,2025-09-23,2095.08,England
Burnley FC,2025-09-27,2108.11,England
Burnley FC,2025-10-05,2121.6,England
Burnley FC,2025-10-18,2114.8,England
Burnley FC,2025-10-26,2115.2,England
Burnley FC,2025-11-01,2116.32,England
Burnley FC,2025-11-08,2106.58,England
Burnley FC,2025-11-22,2114.9,England
Burnley FC,2025-11-29,2125.81,England
Burnley FC,2025-12-03,2135.03,England
Burnley FC,2025-12-06,2130.11,England
Burnley FC,2025-12-13,2131.54,England
Burnley FC,2025-12-20,2130.31,England
Burnley FC,2025-12-27,2129.57,England
Burnley FC,2025-12-30,2124.09,England
Burnley FC,2026-01-03,2134.56,England
Burnley FC,2026-01-07,2131.78,England
Burnley FC,2026-01-10,2129.63,England
Burnley FC,2026-01-17,2134.64,England
Burnley FC,2026-01-24,2136.74,England
Burnley FC,2026-02-02,2135.89,England
Burnley FC,2026-02-07,2137.08,England
Burnley FC,2026-02-11,2119.18,England
Burnley FC,2026-02-14,2112.23,England
Burnley FC,2026-02-21,2112.34,England
Burnley FC,2026-02-28,2115.9,England
Burnley FC,2026-03-03,2117.16,England
Burnley FC,2026-03-14,2105.49,England
Burnley FC,2026-03-21,2100.35,England
Burnley FC,2026-04-11,2096.85,England
Burnley FC,2026-04-19,2104.01,England
Burnley FC,2026-04-22,2093.5,England
Burnley FC,2026-05-01,2083.12,England
Burnley FC,2026-05-10,2074.43,England
Burnley FC,2026-05-18,2041.21,England
Burnley FC,2026-05-24,2041.62,England
Burnley FC,2026-08-16,2076.81,England
Burton Albion,2023-08-05,1761.53,England
Burton Albion,2023-08-09,1788.93,England
Burton Albion,2023-08-12,1815.97,England
Burton Albion,2023-08-15,1829.03,England
Burton Albion,2023-08-19,1834.47,England
Burton Albion,2023-08-26,1811.9,England
Burton Albion,2023-09-02,1803.28,England
Burton Albion,2023-09-16,1810.29,England
Burton Albion,2023-09-19,1798.45,England
Burton Albion,2023-09-23,1807.43,England
Burton Albion,2023-09-30,1800.2,England
Burton Albion,2023-10-03,1809.72,England
Burton Albion,2023-10-09,1810.87,England
Burton Albion,2023-10-14,1820.5,England
Burton Albion,2023-10-21,1818.01,England
Burton Albion,2023-10-24,1831.28,England
Burton Albion,2023-10-28,1818.92,England
Burton Albion,2023-11-04,1820.05,England
Burton Albion,2023-11-11,1821.11,England
Burton Albion,2023-11-14,1823.92,England
Burton Albion,2023-11-25,1809.84,England
Burton Albion,2023-11-28,1817.13,England
Burton Albion,2023-12-09,1812.55,England
Burton Albion,2023-12-16,1820.21,England
Burton Albion,2023-12-23,1800.24,England
Burton Albion,2023-12-26,1786.89,England
Burton Albion,2023-12-29,1803.93,England
Burton Albion,2024-01-01,1795.75,England
Burton Albion,2024-01-06,1783.51,England
Burton Albion,2024-01-15,1779.1,England
Burton Albion,2024-01-20,1775.25,England
Burton Albion,2024-01-27,1770.34,England
Burton Albion,2024-02-03,1741.64,England
Burton Albion,2024-02-10,1750.62,England
Burton Albion,2024-02-17,1748.49,England
Burton Albion,2024-02-24,1759.09,England
Burton Albion,2024-02-27,1768.67,England
Burton Albion,2024-03-02,1781.1,England
Burton Albion,2024-03-09,1780.0,England
Burton Albion,2024-03-12,1779.3,England
Burton Albion,2024-03-16,1782.37,England
Burton Albion,2024-03-23,1798.74,England
Burton Albion,2024-03-29,1797.09,England
Burton Albion,2024-04-01,1798.76,England
Burton Albion,2024-04-06,1781.82,England
Burton Albion,2024-04-13,1776.65,England
Burton Albion,2024-04-16,1795.27,England
Burton Albion,2024-04-20,1793.01,England
Burton Albion,2024-04-27,1814.66,England
Burton Albion,2024-08-10,1822.95,England
Burton Albion,2024-08-13,1814.91,England
Burton Albion,2024-08-17,1820.44,England
Burton Albion,2024-08-24,1816.08,England
Burton Albion,2024-08-31,1810.33,England
Burton Albion,2024-09-14,1783.88,England
Burton Albion,2024-09-21,1767.13,England
Burton Albion,2024-09-28,1774.72,England
Burton Albion,2024-10-01,1782.14,England
Burton Albion,2024-10-05,1778.17,England
Burton Albion,2024-10-19,1769.31,England
Burton Albion,2024-10-22,1768.33,England
Burton Albion,2024-10-26,1750.0,England
Burton Albion,2024-11-02,1766.18,England
Burton Albion,2024-11-05,1778.2,England
Burton Albion,2024-11-09,1773.06,England
Burton Albion,2024-11-23,1757.91,England
Burton Albion,2024-11-26,1757.07,England
Burton Albion,2024-12-01,1770.41,England
Burton Albion,2024-12-04,1771.47,England
Burton Albion,2024-12-07,1755.9,England
Burton Albion,2024-12-14,1749.8,England
Burton Albion,2024-12-21,1757.24,England
Burton Albion,2024-12-26,1773.75,England
Burton Albion,2024-12-29,1780.51,England
Burton Albion,2025-01-01,1788.04,England
Burton Albion,2025-01-04,1785.49,England
Burton Albion,2025-01-18,1775.34,England
Burton Albion,2025-01-21,1794.51,England
Burton Albion,2025-01-25,1783.48,England
Burton Albion,2025-01-28,1793.53,England
Burton Albion,2025-02-01,1810.23,England
Burton Albion,2025-02-08,1813.8,England
Burton Albion,2025-02-15,1808.44,England
Burton Albion,2025-02-18,1814.78,England
Burton Albion,2025-02-22,1812.53,England
Burton Albion,2025-03-01,1842.32,England
Burton Albion,2025-03-04,1835.91,England
Burton Albion,2025-03-08,1827.7,England
Burton Albion,2025-03-15,1844.26,England
Burton Albion,2025-03-29,1842.64,England
Burton Albion,2025-04-01,1850.76,England
Burton Albion,2025-04-05,1843.72,England
Burton Albion,2025-04-12,1846.62,England
Burton Albion,2025-04-18,1863.43,England
Burton Albion,2025-04-21,1878.15,England
Burton Albion,2025-04-26,1872.24,England
Burton Albion,2025-04-29,1874.6,England
Burton Albion,2025-05-03,1874.11,England
Burton Albion,2025-08-02,1854.04,England
Burton Albion,2025-08-09,1829.28,England
Burton Albion,2025-08-16,1816.62,England
Burton Albion,2025-08-19,1777.86,England
Burton Albion,2025-08-23,1807.91,England
Burton Albion,2025-08-26,1807.78,England
Burton Albion,2025-08-30,1818.24,England
Burton Albion,2025-09-13,1815.42,England
Burton Albion,2025-09-20,1833.28,England
Burton Albion,2025-09-27,1829.29,England
Burton Albion,2025-09-30,1830.27,England
Burton Albion,2025-10-04,1833.47,England
Burton Albion,2025-10-11,1836.74,England
Burton Albion,2025-10-18,1829.3,England
Burton Albion,2025-10-25,1820.05,England
Burton Albion,2025-11-01,1830.48,England
Burton Albion,2025-11-04,1842.88,England
Burton Albion,2025-11-08,1837.51,England
Burton Albion,2025-11-15,1838.94,England
Burton Albion,2025-11-29,1847.29,England
Burton Albion,2025-12-02,1837.77,England
Burton Albion,2025-12-08,1843.76,England
Burton Albion,2025-12-13,1836.89,England
Burton Albion,2025-12-20,1855.55,England
Burton Albion,2025-12-26,1864.45,England
Burton Albion,2025-12-29,1870.88,England
Burton Albion,2026-01-01,1868.44,England
Burton Albion,2026-01-04,1851.42,England
Burton Albion,2026-01-10,1849.58,England
Burton Albion,2026-01-17,1834.89,England
Burton Albion,2026-01-22,1826.84,England
Burton Albion,2026-01-27,1843.41,England
Burton Albion,2026-01-31,1847.16,England
Burton Albion,2026-02-03,1850.22,England
Burton Albion,2026-02-07,1861.83,England
Burton Albion,2026-02-14,1902.41,England
Burton Albion,2026-02-17,1876.68,England
Burton Albion,2026-02-21,1892.97,England
Burton Albion,2026-02-24,1890.22,England
Burton Albion,2026-02-28,1884.63,England
Burton Albion,2026-03-03,1887.1,England
Burton Albion,2026-03-07,1893.24,England
Burton Albion,2026-03-14,1891.82,England
Burton Albion,2026-03-17,1888.26,England
Burton Albion,2026-03-21,1900.13,England
Burton Albion,2026-03-28,1909.37,England
Burton Albion,2026-04-03,1900.8,England
Burton Albion,2026-04-06,1897.72,England
Burton Albion,2026-04-11,1917.88,England
Burton Albion,2026-04-19,1939.55,England
Burton Albion,2026-04-25,1934.08,England
Burton Albion,2026-05-02,1911.03,England
Burton Albion,2026-08-15,1932.07,England
Cambridge United,2023-08-05,1888.0,England
Cambridge United,2023-08-08,1874.33,England
Cambridge United,2023-08-12,1865.34,England
Cambridge United,2023-08-15,1860.45,England
Cambridge United,2023-08-19,1854.81,England
Cambridge United,2023-08-26,1859.88,England
Cambridge United,2023-09-04,1851.18,England
Cambridge United,2023-09-16,1851.37,England
Cambridge United,2023-09-23,1851.47,England
Cambridge United,2023-09-30,1840.93,England
Cambridge United,2023-10-03,1846.3,England
Cambridge United,2023-10-09,1845.15,England
Cambridge United,2023-10-14,1844.89,England
Cambridge United,2023-10-21,1829.83,England
Cambridge United,2023-10-24,1818.32,England
Cambridge United,2023-10-28,1801.33,England
Cambridge United,2023-10-31,1790.06,England
Cambridge United,2023-11-04,1809.72,England
Cambridge United,2023-11-11,1811.63,England
Cambridge United,2023-11-25,1808.72,England
Cambridge United,2023-11-28,1801.5,England
Cambridge United,2023-12-02,1801.41,England
Cambridge United,2023-12-09,1805.73,England
Cambridge United,2023-12-16,1795.09,England
Cambridge United,2023-12-22,1808.3,England
Cambridge United,2023-12-26,1819.72,England
Cambridge United,2024-01-01,1821.07,England
Cambridge United,2024-01-06,1820.31,England
Cambridge United,2024-01-13,1824.62,England
Cambridge United,2024-01-20,1823.61,England
Cambridge United,2024-01-27,1828.52,England
Cambridge United,2024-02-03,1830.05,England
Cambridge United,2024-02-10,1821.43,England
Cambridge United,2024-02-13,1821.98,England
Cambridge United,2024-02-17,1828.58,England
Cambridge United,2024-02-20,1851.59,England
Cambridge United,2024-02-24,1839.98,England
Cambridge United,2024-02-27,1845.36,England
Cambridge United,2024-03-02,1837.68,England
Cambridge United,2024-03-09,1828.54,England
Cambridge United,2024-03-12,1810.41,England
Cambridge United,2024-03-16,1816.14,England
Cambridge United,2024-03-29,1809.37,England
Cambridge United,2024-04-01,1799.7,England
Cambridge United,2024-04-06,1805.86,England
Cambridge United,2024-04-13,1793.97,England
Cambridge United,2024-04-16,1786.87,England
Cambridge United,2024-04-20,1785.02,England
Cambridge United,2024-04-23,1777.74,England
Cambridge United,2024-04-27,1799.52,England
Cambridge United,2024-08-10,1797.87,England
Cambridge United,2024-08-13,1796.23,England
Cambridge United,2024-08-17,1802.17,England
Cambridge United,2024-08-24,1817.83,England
Cambridge United,2024-08-31,1813.51,England
Cambridge United,2024-09-14,1819.75,England
Cambridge United,2024-09-21,1784.34,England
Cambridge United,2024-09-28,1782.14,England
Cambridge United,2024-10-01,1769.38,England
Cambridge United,2024-10-05,1747.92,England
Cambridge United,2024-10-19,1738.13,England
Cambridge United,2024-10-22,1756.43,England
Cambridge United,2024-10-26,1774.76,England
Cambridge United,2024-11-02,1789.26,England
Cambridge United,2024-11-09,1796.49,England
Cambridge United,2024-11-16,1787.3,England
Cambridge United,2024-11-23,1800.53,England
Cambridge United,2024-11-26,1815.03,England
Cambridge United,2024-11-30,1820.04,England
Cambridge United,2024-12-03,1803.6,England
Cambridge United,2024-12-07,1804.3,England
Cambridge United,2024-12-14,1801.47,England
Cambridge United,2024-12-20,1806.24,England
Cambridge United,2024-12-26,1809.14,England
Cambridge United,2024-12-29,1809.72,England
Cambridge United,2025-01-01,1806.99,England
Cambridge United,2025-01-04,1809.24,England
Cambridge United,2025-01-18,1806.31,England
Cambridge United,2025-01-25,1804.24,England
Cambridge United,2025-01-28,1797.3,England
Cambridge United,2025-02-01,1792.53,England
Cambridge United,2025-02-08,1808.99,England
Cambridge United,2025-02-11,1825.82,England
Cambridge United,2025-02-15,1832.23,England
Cambridge United,2025-02-22,1838.8,England
Cambridge United,2025-03-01,1834.7,England
Cambridge United,2025-03-04,1827.16,England
Cambridge United,2025-03-08,1828.87,England
Cambridge United,2025-03-11,1816.52,England
Cambridge United,2025-03-15,1801.1,England
Cambridge United,2025-03-22,1810.14,England
Cambridge United,2025-03-29,1813.87,England
Cambridge United,2025-04-01,1799.56,England
Cambridge United,2025-04-05,1807.91,England
Cambridge United,2025-04-12,1809.12,England
Cambridge United,2025-04-18,1796.62,England
Cambridge United,2025-04-21,1789.98,England
Cambridge United,2025-04-26,1795.88,England
Cambridge United,2025-05-03,1805.09,England
Cambridge United,2025-08-02,1812.51,England
Cambridge United,2025-08-09,1817.99,England
Cambridge United,2025-08-12,1813.72,England
Cambridge United,2025-08-16,1829.8,England
Cambridge United,2025-08-19,1844.03,England
Cambridge United,2025-08-23,1839.68,England
Cambridge United,2025-08-26,1849.63,England
Cambridge United,2025-08-30,1857.22,England
Cambridge United,2025-09-06,1856.82,England
Cambridge United,2025-09-13,1853.28,England
Cambridge United,2025-09-20,1847.88,England
Cambridge United,2025-09-23,1847.51,England
Cambridge United,2025-09-27,1863.18,England
Cambridge United,2025-10-04,1871.84,England
Cambridge United,2025-10-11,1881.04,England
Cambridge United,2025-10-18,1868.28,England
Cambridge United,2025-10-25,1847.3,England
Cambridge United,2025-11-01,1865.89,England
Cambridge United,2025-11-08,1859.63,England
Cambridge United,2025-11-15,1842.42,England
Cambridge United,2025-11-22,1851.22,England
Cambridge United,2025-11-29,1846.18,England
Cambridge United,2025-12-06,1862.19,England
Cambridge United,2025-12-09,1875.6,England
Cambridge United,2025-12-13,1875.41,England
Cambridge United,2025-12-19,1878.36,England
Cambridge United,2025-12-26,1885.81,England
Cambridge United,2025-12-29,1871.64,England
Cambridge United,2026-01-01,1873.83,England
Cambridge United,2026-01-10,1868.79,England
Cambridge United,2026-01-17,1878.62,England
Cambridge United,2026-01-24,1895.95,England
Cambridge United,2026-01-27,1902.88,England
Cambridge United,2026-01-31,1903.1,England
Cambridge United,2026-02-07,1909.78,England
Cambridge United,2026-02-10,1912.01,England
Cambridge United,2026-02-14,1910.85,England
Cambridge United,2026-02-17,1923.69,England
Cambridge United,2026-02-21,1929.71,England
Cambridge United,2026-02-28,1926.99,England
Cambridge United,2026-03-07,1940.04,England
Cambridge United,2026-03-14,1965.47,England
Cambridge United,2026-03-17,1974.51,England
Cambridge United,2026-03-21,1959.89,England
Cambridge United,2026-03-28,1963.92,England
Cambridge United,2026-04-02,1975.42,England
Cambridge United,2026-04-06,1981.72,England
Cambridge United,2026-04-11,1976.2,England
Cambridge United,2026-04-16,1978.74,England
Cambridge United,2026-04-21,1988.48,England
Cambridge United,2026-04-25,1991.87,England
Cambridge United,2026-05-02,2017.6,England
Cambridge United,2026-08-15,1978.17,England
Cardiff City,2023-08-06,1951.73,England
Cardiff City,2023-08-09,1947.17,England
Cardiff City,2023-08-12,1968.13,England
Cardiff City,2023-08-19,1975.73,England
Cardiff City,2023-08-26,1986.05,England
Cardiff City,2023-08-29,1980.74,England
Cardiff City,2023-09-02,1970.96,England
Cardiff City,2023-09-16,1969.04,England
Cardiff City,2023-09-19,1968.08,England
Cardiff City,2023-09-24,1979.18,England
Cardiff City,2023-09-27,1980.24,England
Cardiff City,2023-09-30,1997.41,England
Cardiff City,2023-10-03,2006.67,England
Cardiff City,2023-10-07,2000.75,England
Cardiff City,2023-10-21,2001.05,England
Cardiff City,2023-10-24,1997.4,England
Cardiff City,2023-10-28,2007.06,England
Cardiff City,2023-11-04,2008.94,England
Cardiff City,2023-11-11,2021.34,England
Cardiff City,2023-11-25,2023.11,England
Cardiff City,2023-11-28,2000.32,England
Cardiff City,2023-12-02,1999.39,England
Cardiff City,2023-12-09,2003.05,England
Cardiff City,2023-12-13,1994.37,England
Cardiff City,2023-12-16,1981.72,England
Cardiff City,2023-12-23,1964.3,England
Cardiff City,2023-12-26,1954.53,England
Cardiff City,2023-12-29,1955.13,England
Cardiff City,2024-01-01,1952.08,England
Cardiff City,2024-01-06,1954.78,England
Cardiff City,2024-01-13,1948.84,England
Cardiff City,2024-01-20,1962.7,England
Cardiff City,2024-02-03,1980.9,England
Cardiff City,2024-02-10,1983.11,England
Cardiff City,2024-02-13,1977.76,England
Cardiff City,2024-02-17,1964.62,England
Cardiff City,2024-02-20,1952.6,England
Cardiff City,2024-02-24,1958.3,England
Cardiff City,2024-03-02,1957.89,England
Cardiff City,2024-03-06,1944.76,England
Cardiff City,2024-03-09,1939.81,England
Cardiff City,2024-03-16,1939.96,England
Cardiff City,2024-03-29,1946.82,England
Cardiff City,2024-04-01,1929.31,England
Cardiff City,2024-04-06,1922.07,England
Cardiff City,2024-04-10,1913.87,England
Cardiff City,2024-04-13,1908.62,England
Cardiff City,2024-04-20,1873.03,England
Cardiff City,2024-04-27,1888.08,England
Cardiff City,2024-05-04,1870.38,England
Cardiff City,2024-08-10,1877.93,England
Cardiff City,2024-08-13,1870.76,England
Cardiff City,2024-08-17,1905.48,England
Cardiff City,2024-08-25,1907.59,England
Cardiff City,2024-08-28,1918.49,England
Cardiff City,2024-08-31,1934.21,England
Cardiff City,2024-09-14,1942.39,England
Cardiff City,2024-09-21,1948.19,England
Cardiff City,2024-09-28,1934.03,England
Cardiff City,2024-10-01,1926.33,England
Cardiff City,2024-10-06,1925.41,England
Cardiff City,2024-10-19,1925.34,England
Cardiff City,2024-10-22,1938.03,England
Cardiff City,2024-10-26,1958.86,England
Cardiff City,2024-11-02,1975.67,England
Cardiff City,2024-11-06,1979.2,England
Cardiff City,2024-11-09,1982.16,England
Cardiff City,2024-11-23,1986.24,England
Cardiff City,2024-11-27,1989.45,England
Cardiff City,2024-11-30,1990.31,England
Cardiff City,2024-12-11,1980.91,England
Cardiff City,2024-12-14,1978.3,England
Cardiff City,2024-12-21,1986.43,England
Cardiff City,2024-12-26,1984.49,England
Cardiff City,2024-12-29,1971.05,England
Cardiff City,2025-01-01,1964.61,England
Cardiff City,2025-01-04,1971.02,England
Cardiff City,2025-01-09,2006.32,England
Cardiff City,2025-01-14,2010.43,England
Cardiff City,2025-01-18,2002.61,England
Cardiff City,2025-01-21,1995.79,England
Cardiff City,2025-01-25,2010.85,England
Cardiff City,2025-02-01,2005.72,England
Cardiff City,2025-02-08,1980.45,England
Cardiff City,2025-02-11,1975.12,England
Cardiff City,2025-02-15,1963.35,England
Cardiff City,2025-02-22,1971.12,England
Cardiff City,2025-02-25,1964.53,England
Cardiff City,2025-02-28,1960.7,England
Cardiff City,2025-03-04,1953.76,England
Cardiff City,2025-03-08,1962.26,England
Cardiff City,2025-03-11,1967.54,England
Cardiff City,2025-03-15,1950.27,England
Cardiff City,2025-03-29,1959.52,England
Cardiff City,2025-04-05,1974.49,England
Cardiff City,2025-04-08,1982.48,England
Cardiff City,2025-04-12,1982.28,England
Cardiff City,2025-04-18,1975.32,England
Cardiff City,2025-04-21,1980.97,England
Cardiff City,2025-04-26,2005.63,England
Cardiff City,2025-05-03,1998.13,England
Cardiff City,2025-08-02,1976.36,England
Cardiff City,2025-08-07,1988.33,England
Cardiff City,2025-08-12,1984.45,England
Cardiff City,2025-08-16,2001.07,England
Cardiff City,2025-08-19,2006.88,England
Cardiff City,2025-08-23,2020.36,England
Cardiff City,2025-08-26,2001.06,England
Cardiff City,2025-08-30,2010.97,England
Cardiff City,2025-09-13,2019.6,England
Cardiff City,2025-09-20,2036.51,England
Cardiff City,2025-09-23,2056.41,England
Cardiff City,2025-09-27,2034.69,England
Cardiff City,2025-09-30,2033.71,England
Cardiff City,2025-10-04,2030.87,England
Cardiff City,2025-10-18,2029.93,England
Cardiff City,2025-10-25,2016.23,England
Cardiff City,2025-10-28,2012.01,England
Cardiff City,2025-11-01,2010.55,England
Cardiff City,2025-11-08,2025.96,England
Cardiff City,2025-11-22,2014.52,England
Cardiff City,2025-11-29,2010.38,England
Cardiff City,2025-12-06,2013.41,England
Cardiff City,2025-12-09,2027.84,England
Cardiff City,2025-12-13,2030.72,England
Cardiff City,2025-12-16,2056.94,England
Cardiff City,2025-12-20,2052.4,England
Cardiff City,2025-12-26,2018.35,England
Cardiff City,2025-12-29,2012.24,England
Cardiff City,2026-01-01,2031.74,England
Cardiff City,2026-01-04,2045.28,England
Cardiff City,2026-01-10,2052.63,England
Cardiff City,2026-01-17,2051.9,England
Cardiff City,2026-01-24,2056.21,England
Cardiff City,2026-01-27,2059.94,England
Cardiff City,2026-01-31,2056.19,England
Cardiff City,2026-02-07,2039.16,England
Cardiff City,2026-02-14,2036.65,England
Cardiff City,2026-02-17,2045.45,England
Cardiff City,2026-02-21,2051.82,England
Cardiff City,2026-02-28,2064.26,England
Cardiff City,2026-03-07,2057.84,England
Cardiff City,2026-03-10,2065.93,England
Cardiff City,2026-03-14,2059.36,England
Cardiff City,2026-03-17,2073.94,England
Cardiff City,2026-03-21,2071.61,England
Cardiff City,2026-04-06,2076.65,England
Cardiff City,2026-04-11,2083.8,England
Cardiff City,2026-04-14,2092.82,England
Cardiff City,2026-04-18,2110.03,England
Cardiff City,2026-04-22,2077.9,England
Cardiff City,2026-04-25,2089.58,England
Cardiff City,2026-05-02,2072.87,England
Cardiff City,2026-08-17,2069.56,England
Charlton Athletic,2023-08-05,1860.15,England
Charlton Athletic,2023-08-08,1868.22,England
Charlton Athletic,2023-08-12,1876.0,England
Charlton Athletic,2023-08-15,1906.7,England
Charlton Athletic,2023-08-19,1905.6,England
Charlton Athletic,2023-08-26,1908.41,England
Charlton Athletic,2023-09-02,1904.05,England
Charlton Athletic,2023-09-16,1894.06,England
Charlton Athletic,2023-09-23,1885.03,England
Charlton Athletic,2023-09-30,1895.75,England
Charlton Athletic,2023-10-03,1905.95,England
Charlton Athletic,2023-10-07,1914.38,England
Charlton Athletic,2023-10-21,1920.56,England
Charlton Athletic,2023-10-24,1932.18,England
Charlton Athletic,2023-10-28,1921.59,England
Charlton Athletic,2023-10-31,1897.7,England
Charlton Athletic,2023-11-05,1906.83,England
Charlton Athletic,2023-11-11,1910.9,England
Charlton Athletic,2023-11-15,1909.45,England
Charlton Athletic,2023-11-25,1916.18,England
Charlton Athletic,2023-11-28,1921.05,England
Charlton Athletic,2023-12-02,1932.0,England
Charlton Athletic,2023-12-09,1927.67,England
Charlton Athletic,2023-12-16,1935.38,England
Charlton Athletic,2023-12-23,1955.35,England
Charlton Athletic,2023-12-26,1950.93,England
Charlton Athletic,2023-12-29,1939.87,England
Charlton Athletic,2024-01-01,1927.6,England
Charlton Athletic,2024-01-06,1923.68,England
Charlton Athletic,2024-01-13,1907.38,England
Charlton Athletic,2024-01-20,1911.24,England
Charlton Athletic,2024-01-23,1912.28,England
Charlton Athletic,2024-01-27,1899.39,England
Charlton Athletic,2024-02-03,1901.61,England
Charlton Athletic,2024-02-10,1893.9,England
Charlton Athletic,2024-02-13,1883.64,England
Charlton Athletic,2024-02-17,1881.19,England
Charlton Athletic,2024-02-24,1885.59,England
Charlton Athletic,2024-02-27,1882.37,England
Charlton Athletic,2024-03-02,1899.84,England
Charlton Athletic,2024-03-05,1906.47,England
Charlton Athletic,2024-03-09,1906.12,England
Charlton Athletic,2024-03-16,1908.99,England
Charlton Athletic,2024-03-29,1900.78,England
Charlton Athletic,2024-04-01,1902.3,England
Charlton Athletic,2024-04-06,1904.8,England
Charlton Athletic,2024-04-09,1904.08,England
Charlton Athletic,2024-04-13,1915.96,England
Charlton Athletic,2024-04-20,1918.73,England
Charlton Athletic,2024-04-27,1915.46,England
Charlton Athletic,2024-08-10,1905.91,England
Charlton Athletic,2024-08-13,1887.37,England
Charlton Athletic,2024-08-17,1879.93,England
Charlton Athletic,2024-08-24,1899.78,England
Charlton Athletic,2024-08-31,1906.55,England
Charlton Athletic,2024-09-07,1898.23,England
Charlton Athletic,2024-09-14,1907.88,England
Charlton Athletic,2024-09-21,1917.53,England
Charlton Athletic,2024-09-28,1919.5,England
Charlton Athletic,2024-10-01,1920.97,England
Charlton Athletic,2024-10-05,1905.08,England
Charlton Athletic,2024-10-19,1914.35,England
Charlton Athletic,2024-10-22,1916.22,England
Charlton Athletic,2024-10-26,1918.36,England
Charlton Athletic,2024-11-02,1923.09,England
Charlton Athletic,2024-11-09,1919.82,England
Charlton Athletic,2024-11-23,1902.78,England
Charlton Athletic,2024-11-26,1903.63,England
Charlton Athletic,2024-11-30,1905.28,England
Charlton Athletic,2024-12-03,1927.22,England
Charlton Athletic,2024-12-07,1921.66,England
Charlton Athletic,2024-12-14,1921.24,England
Charlton Athletic,2024-12-21,1939.22,England
Charlton Athletic,2024-12-26,1936.33,England
Charlton Athletic,2024-12-29,1941.91,England
Charlton Athletic,2025-01-04,1952.71,England
Charlton Athletic,2025-01-14,1953.67,England
Charlton Athletic,2025-01-18,1963.15,England
Charlton Athletic,2025-01-21,1968.7,England
Charlton Athletic,2025-01-25,1960.06,England
Charlton Athletic,2025-01-28,1973.38,England
Charlton Athletic,2025-02-01,1975.5,England
Charlton Athletic,2025-02-08,1968.93,England
Charlton Athletic,2025-02-11,1971.58,England
Charlton Athletic,2025-02-15,1974.3,England
Charlton Athletic,2025-02-22,1988.7,England
Charlton Athletic,2025-03-01,2013.26,England
Charlton Athletic,2025-03-04,2020.78,England
Charlton Athletic,2025-03-08,2017.39,England
Charlton Athletic,2025-03-11,2019.84,England
Charlton Athletic,2025-03-15,2024.53,England
Charlton Athletic,2025-03-22,2013.03,England
Charlton Athletic,2025-03-29,2006.37,England
Charlton Athletic,2025-04-01,2012.19,England
Charlton Athletic,2025-04-05,2028.28,England
Charlton Athletic,2025-04-12,2027.08,England
Charlton Athletic,2025-04-18,2020.81,England
Charlton Athletic,2025-04-21,2035.01,England
Charlton Athletic,2025-04-26,2026.84,England
Charlton Athletic,2025-05-03,2027.33,England
Charlton Athletic,2025-05-11,2027.97,England
Charlton Athletic,2025-05-15,2036.93,England
Charlton Athletic,2025-05-25,2031.39,England
Charlton Athletic,2025-08-09,1993.2,England
Charlton Athletic,2025-08-12,2001.06,England
Charlton Athletic,2025-08-16,1982.68,England
Charlton Athletic,2025-08-23,1993.84,England
Charlton Athletic,2025-08-26,1983.89,England
Charlton Athletic,2025-08-30,2007.88,England
Charlton Athletic,2025-09-13,2012.95,England
Charlton Athletic,2025-09-20,2013.57,England
Charlton Athletic,2025-09-27,2006.63,England
Charlton Athletic,2025-09-30,2008.17,England
Charlton Athletic,2025-10-04,2008.46,England
Charlton Athletic,2025-10-18,2011.1,England
Charlton Athletic,2025-10-21,2008.51,England
Charlton Athletic,2025-10-25,2002.29,England
Charlton Athletic,2025-11-01,2021.46,England
Charlton Athletic,2025-11-04,2023.35,England
Charlton Athletic,2025-11-08,2017.35,England
Charlton Athletic,2025-11-22,2007.59,England
Charlton Athletic,2025-11-25,1992.83,England
Charlton Athletic,2025-11-29,1996.45,England
Charlton Athletic,2025-12-06,1977.72,England
Charlton Athletic,2025-12-09,1970.39,England
Charlton Athletic,2025-12-13,1958.15,England
Charlton Athletic,2025-12-20,1956.41,England
Charlton Athletic,2025-12-26,1955.78,England
Charlton Athletic,2025-12-29,1953.47,England
Charlton Athletic,2026-01-01,1960.62,England
Charlton Athletic,2026-01-04,1972.74,England
Charlton Athletic,2026-01-10,1989.7,England
Charlton Athletic,2026-01-17,1968.82,England
Charlton Athletic,2026-01-20,1969.07,England
Charlton Athletic,2026-01-24,1954.13,England
Charlton Athletic,2026-01-31,1962.99,England
Charlton Athletic,2026-02-06,1945.03,England
Charlton Athletic,2026-02-11,1948.18,England
Charlton Athletic,2026-02-17,1956.24,England
Charlton Athletic,2026-02-21,1948.8,England
Charlton Athletic,2026-02-24,1945.77,England
Charlton Athletic,2026-02-28,1936.66,England
Charlton Athletic,2026-03-07,1940.04,England
Charlton Athletic,2026-03-11,1930.12,England
Charlton Athletic,2026-03-14,1922.63,England
Charlton Athletic,2026-03-21,1921.86,England
Charlton Athletic,2026-04-03,1930.96,England
Charlton Athletic,2026-04-06,1952.98,England
Charlton Athletic,2026-04-11,1950.24,England
Charlton Athletic,2026-04-18,1947.13,England
Charlton Athletic,2026-04-22,1931.95,England
Charlton Athletic,2026-04-25,1931.65,England
Charlton Athletic,2026-05-02,1918.15,England
Charlton Athletic,2026-08-15,1944.6,England
Chelsea FC,2023-08-13,2316.69,England
Chelsea FC,2023-08-20,2320.16,England
Chelsea FC,2023-08-25,2352.63,England
Chelsea FC,2023-08-30,2352.63,England
Chelsea FC,2023-09-02,2350.53,England
Chelsea FC,2023-09-17,2357.36,England
Chelsea FC,2023-09-24,2360.59,England
Chelsea FC,2023-09-27,2345.81,England
Chelsea FC,2023-10-02,2356.4,England
Chelsea FC,2023-10-07,2372.67,England
Chelsea FC,2023-10-21,2369.11,England
Chelsea FC,2023-10-28,2383.17,England
Chelsea FC,2023-11-01,2400.0,England
Chelsea FC,2023-11-06,2392.12,England
Chelsea FC,2023-11-12,2391.93,England
Chelsea FC,2023-11-25,2408.76,England
Chelsea FC,2023-12-03,2414.91,England
Chelsea FC,2023-12-06,2427.03,England
Chelsea FC,2023-12-10,2395.74,England
Chelsea FC,2023-12-16,2380.73,England
Chelsea FC,2023-12-19,2393.52,England
Chelsea FC,2023-12-24,2390.48,England
Chelsea FC,2023-12-27,2373.53,England
Chelsea FC,2023-12-30,2368.72,England
Chelsea FC,2024-01-06,2357.8,England
Chelsea FC,2024-01-09,2372.95,England
Chelsea FC,2024-01-13,2382.99,England
Chelsea FC,2024-01-23,2410.21,England
Chelsea FC,2024-01-26,2398.28,England
Chelsea FC,2024-01-31,2383.65,England
Chelsea FC,2024-02-04,2375.97,England
Chelsea FC,2024-02-07,2380.2,England
Chelsea FC,2024-02-12,2404.31,England
Chelsea FC,2024-02-17,2377.96,England
Chelsea FC,2024-02-25,2394.74,England
Chelsea FC,2024-02-28,2403.55,England
Chelsea FC,2024-03-02,2393.28,England
Chelsea FC,2024-03-11,2379.8,England
Chelsea FC,2024-03-17,2379.88,England
Chelsea FC,2024-03-30,2382.44,England
Chelsea FC,2024-04-04,2385.5,England
Chelsea FC,2024-04-07,2379.59,England
Chelsea FC,2024-04-15,2382.43,England
Chelsea FC,2024-04-20,2370.11,England
Chelsea FC,2024-04-23,2375.95,England
Chelsea FC,2024-04-27,2372.26,England
Chelsea FC,2024-05-02,2356.68,England
Chelsea FC,2024-05-05,2357.14,England
Chelsea FC,2024-05-11,2370.73,England
Chelsea FC,2024-05-15,2373.01,England
Chelsea FC,2024-05-19,2393.8,England
Chelsea FC,2024-08-18,2390.43,England
Chelsea FC,2024-08-22,2390.43,England
Chelsea FC,2024-08-25,2378.84,England
Chelsea FC,2024-08-29,2363.35,England
Chelsea FC,2024-09-01,2361.62,England
Chelsea FC,2024-09-14,2388.03,England
Chelsea FC,2024-09-21,2395.05,England
Chelsea FC,2024-09-24,2395.05,England
Chelsea FC,2024-09-28,2391.59,England
Chelsea FC,2024-10-03,2390.94,England
Chelsea FC,2024-10-06,2400.41,England
Chelsea FC,2024-10-20,2408.09,England
Chelsea FC,2024-10-24,2399.64,England
Chelsea FC,2024-10-27,2402.76,England
Chelsea FC,2024-10-30,2393.15,England
Chelsea FC,2024-11-03,2431.4,England
Chelsea FC,2024-11-07,2431.4,England
Chelsea FC,2024-11-10,2421.86,England
Chelsea FC,2024-11-23,2427.16,England
Chelsea FC,2024-11-28,2415.9,England
Chelsea FC,2024-12-01,2427.93,England
Chelsea FC,2024-12-04,2451.38,England
Chelsea FC,2024-12-08,2464.38,England
Chelsea FC,2024-12-12,2411.14,England
Chelsea FC,2024-12-15,2415.46,England
Chelsea FC,2024-12-19,2415.46,England
Chelsea FC,2024-12-22,2429.84,England
Chelsea FC,2024-12-26,2441.1,England
Chelsea FC,2024-12-30,2449.16,England
Chelsea FC,2025-01-04,2444.62,England
Chelsea FC,2025-01-11,2444.62,England
Chelsea FC,2025-01-14,2442.18,England
Chelsea FC,2025-01-20,2422.28,England
Chelsea FC,2025-01-25,2456.43,England
Chelsea FC,2025-02-03,2476.97,England
Chelsea FC,2025-02-08,2463.68,England
Chelsea FC,2025-02-14,2465.06,England
Chelsea FC,2025-02-22,2441.68,England
Chelsea FC,2025-02-25,2439.5,England
Chelsea FC,2025-03-06,2422.4,England
Chelsea FC,2025-03-09,2422.35,England
Chelsea FC,2025-03-13,2417.8,England
Chelsea FC,2025-03-16,2411.11,England
Chelsea FC,2025-04-03,2390.89,England
Chelsea FC,2025-04-06,2391.36,England
Chelsea FC,2025-04-10,2389.51,England
Chelsea FC,2025-04-13,2412.43,England
Chelsea FC,2025-04-17,2412.43,England
Chelsea FC,2025-04-20,2419.21,England
Chelsea FC,2025-04-26,2420.22,England
Chelsea FC,2025-05-01,2437.72,England
Chelsea FC,2025-05-04,2444.81,England
Chelsea FC,2025-05-08,2413.64,England
Chelsea FC,2025-05-11,2422.05,England
Chelsea FC,2025-05-16,2412.77,England
Chelsea FC,2025-05-25,2412.67,England
Chelsea FC,2025-05-28,2384.8,England
Chelsea FC,2025-08-17,2377.74,England
Chelsea FC,2025-08-22,2397.85,England
Chelsea FC,2025-08-30,2409.2,England
Chelsea FC,2025-09-13,2433.85,England
Chelsea FC,2025-09-17,2444.43,England
Chelsea FC,2025-09-20,2411.22,England
Chelsea FC,2025-09-23,2400.88,England
Chelsea FC,2025-09-27,2404.8,England
Chelsea FC,2025-09-30,2429.62,England
Chelsea FC,2025-10-04,2428.66,England
Chelsea FC,2025-10-18,2444.37,England
Chelsea FC,2025-10-22,2433.55,England
Chelsea FC,2025-10-25,2431.16,England
Chelsea FC,2025-10-29,2412.09,England
Chelsea FC,2025-11-01,2416.64,England
Chelsea FC,2025-11-05,2424.88,England
Chelsea FC,2025-11-08,2425.12,England
Chelsea FC,2025-11-22,2416.8,England
Chelsea FC,2025-11-25,2423.79,England
Chelsea FC,2025-11-30,2429.72,England
Chelsea FC,2025-12-03,2426.43,England
Chelsea FC,2025-12-06,2435.28,England
Chelsea FC,2025-12-09,2441.85,England
Chelsea FC,2025-12-13,2432.05,England
Chelsea FC,2025-12-16,2405.83,England
Chelsea FC,2025-12-20,2426.6,England
Chelsea FC,2025-12-27,2428.12,England
Chelsea FC,2025-12-30,2433.93,England
Chelsea FC,2026-01-04,2412.57,England
Chelsea FC,2026-01-07,2421.84,England
Chelsea FC,2026-01-10,2404.88,England
Chelsea FC,2026-01-14,2394.18,England
Chelsea FC,2026-01-17,2373.13,England
Chelsea FC,2026-01-21,2388.55,England
Chelsea FC,2026-01-25,2399.36,England
Chelsea FC,2026-01-28,2426.45,England
Chelsea FC,2026-01-31,2413.4,England
Chelsea FC,2026-02-03,2404.34,England
Chelsea FC,2026-02-07,2410.16,England
Chelsea FC,2026-02-10,2423.35,England
Chelsea FC,2026-02-13,2418.54,England
Chelsea FC,2026-02-21,2418.43,England
Chelsea FC,2026-03-01,2402.27,England
Chelsea FC,2026-03-04,2405.18,England
Chelsea FC,2026-03-07,2376.86,England
Chelsea FC,2026-03-11,2374.91,England
Chelsea FC,2026-03-14,2384.74,England
Chelsea FC,2026-03-17,2386.09,England
Chelsea FC,2026-03-21,2397.73,England
Chelsea FC,2026-04-04,2397.73,England
Chelsea FC,2026-04-12,2379.1,England
Chelsea FC,2026-04-18,2389.89,England
Chelsea FC,2026-04-21,2385.99,England
Chelsea FC,2026-04-26,2391.93,England
Chelsea FC,2026-05-04,2398.59,England
Chelsea FC,2026-05-09,2403.31,England
Chelsea FC,2026-05-16,2409.17,England
Chelsea FC,2026-05-19,2388.36,England
Chelsea FC,2026-05-24,2385.5,England
Chelsea FC,2026-08-24,2389.42,England
Coventry City,2023-08-06,2042.24,England
Coventry City,2023-08-09,2022.97,England
Coventry City,2023-08-12,2039.73,England
Coventry City,2023-08-19,2050.34,England
Coventry City,2023-08-26,2046.38,England
Coventry City,2023-09-02,2058.4,England
Coventry City,2023-09-15,2057.8,England
Coventry City,2023-09-19,2058.76,England
Coventry City,2023-09-25,2050.74,England
Coventry City,2023-09-30,2044.18,England
Coventry City,2023-10-04,2029.95,England
Coventry City,2023-10-07,2018.79,England
Coventry City,2023-10-21,2043.68,England
Coventry City,2023-10-25,2045.47,England
Coventry City,2023-10-30,2051.06,England
Coventry City,2023-11-04,2045.43,England
Coventry City,2023-11-11,2044.28,England
Coventry City,2023-11-25,2030.02,England
Coventry City,2023-11-28,2036.42,England
Coventry City,2023-12-02,2035.96,England
Coventry City,2023-12-08,2039.6,England
Coventry City,2023-12-13,2050.89,England
Coventry City,2023-12-16,2060.56,England
Coventry City,2023-12-23,2046.74,England
Coventry City,2023-12-26,2045.76,England
Coventry City,2023-12-29,2050.64,England
Coventry City,2024-01-01,2057.51,England
Coventry City,2024-01-06,2092.45,England
Coventry City,2024-01-13,2069.38,England
Coventry City,2024-01-20,2086.09,England
Coventry City,2024-01-26,2090.68,England
Coventry City,2024-01-30,2093.74,England
Coventry City,2024-02-03,2086.29,England
Coventry City,2024-02-06,2093.44,England
Coventry City,2024-02-11,2081.07,England
Coventry City,2024-02-14,2085.67,England
Coventry City,2024-02-17,2088.82,England
Coventry City,2024-02-23,2091.67,England
Coventry City,2024-02-26,2092.49,England
Coventry City,2024-03-01,2092.21,England
Coventry City,2024-03-05,2093.57,England
Coventry City,2024-03-09,2086.21,England
Coventry City,2024-03-16,2096.82,England
Coventry City,2024-03-29,2095.14,England
Coventry City,2024-04-01,2112.64,England
Coventry City,2024-04-06,2106.47,England
Coventry City,2024-04-09,2115.2,England
Coventry City,2024-04-13,2114.32,England
Coventry City,2024-04-21,2108.42,England
Coventry City,2024-04-24,2075.35,England
Coventry City,2024-04-27,2041.73,England
Coventry City,2024-04-30,2012.06,England
Coventry City,2024-05-04,2026.73,England
Coventry City,2024-08-10,2030.07,England
Coventry City,2024-08-13,2021.09,England
Coventry City,2024-08-16,2043.28,England
Coventry City,2024-08-24,2058.39,England
Coventry City,2024-08-27,2067.11,England
Coventry City,2024-08-31,2058.34,England
Coventry City,2024-09-14,2071.63,England
Coventry City,2024-09-18,2092.44,England
Coventry City,2024-09-21,2087.65,England
Coventry City,2024-09-28,2090.55,England
Coventry City,2024-10-01,2094.11,England
Coventry City,2024-10-05,2088.35,England
Coventry City,2024-10-19,2089.84,England
Coventry City,2024-10-22,2087.56,England
Coventry City,2024-10-26,2073.9,England
Coventry City,2024-11-02,2076.43,England
Coventry City,2024-11-06,2101.14,England
Coventry City,2024-11-09,2101.85,England
Coventry City,2024-11-23,2090.47,England
Coventry City,2024-11-26,2089.07,England
Coventry City,2024-11-30,2088.22,England
Coventry City,2024-12-07,2104.88,England
Coventry City,2024-12-11,2104.53,England
Coventry City,2024-12-14,2113.06,England
Coventry City,2024-12-21,2107.38,England
Coventry City,2024-12-26,2094.11,England
Coventry City,2024-12-29,2104.0,England
Coventry City,2025-01-01,2110.44,England
Coventry City,2025-01-04,2088.16,England
Coventry City,2025-01-11,2083.7,England
Coventry City,2025-01-18,2071.71,England
Coventry City,2025-01-21,2076.17,England
Coventry City,2025-01-25,2076.93,England
Coventry City,2025-02-01,2083.91,England
Coventry City,2025-02-05,2081.8,England
Coventry City,2025-02-08,2081.73,England
Coventry City,2025-02-11,2078.9,England
Coventry City,2025-02-15,2076.05,England
Coventry City,2025-02-22,2076.94,England
Coventry City,2025-03-01,2075.6,England
Coventry City,2025-03-08,2082.77,England
Coventry City,2025-03-11,2081.69,England
Coventry City,2025-03-15,2076.68,England
Coventry City,2025-03-28,2071.9,England
Coventry City,2025-04-05,2063.41,England
Coventry City,2025-04-09,2084.19,England
Coventry City,2025-04-14,2080.27,England
Coventry City,2025-04-18,2076.36,England
Coventry City,2025-04-21,2070.14,England
Coventry City,2025-04-26,2072.7,England
Coventry City,2025-05-03,2085.44,England
Coventry City,2025-05-09,2075.21,England
Coventry City,2025-05-13,2084.88,England
Coventry City,2025-08-09,2099.3,England
Coventry City,2025-08-12,2096.57,England
Coventry City,2025-08-16,2114.91,England
Coventry City,2025-08-23,2094.18,England
Coventry City,2025-08-26,2107.87,England
Coventry City,2025-08-30,2128.49,England
Coventry City,2025-09-13,2141.49,England
Coventry City,2025-09-20,2140.53,England
Coventry City,2025-09-27,2156.18,England
Coventry City,2025-10-01,2149.28,England
Coventry City,2025-10-04,2116.66,England
Coventry City,2025-10-18,2129.06,England
Coventry City,2025-10-21,2138.25,England
Coventry City,2025-10-25,2137.49,England
Coventry City,2025-10-31,2133.27,England
Coventry City,2025-11-04,2137.56,England
Coventry City,2025-11-08,2140.41,England
Coventry City,2025-11-22,2144.49,England
Coventry City,2025-11-25,2146.12,England
Coventry City,2025-11-29,2142.49,England
Coventry City,2025-12-06,2145.47,England
Coventry City,2025-12-09,2150.31,England
Coventry City,2025-12-13,2150.91,England
Coventry City,2025-12-20,2155.76,England
Coventry City,2025-12-26,2147.39,England
Coventry City,2025-12-29,2152.02,England
Coventry City,2026-01-01,2144.86,England
Coventry City,2026-01-04,2147.39,England
Coventry City,2026-01-10,2136.61,England
Coventry City,2026-01-17,2125.53,England
Coventry City,2026-01-20,2123.78,England
Coventry City,2026-01-26,2123.18,England
Coventry City,2026-01-31,2134.11,England
Coventry City,2026-02-07,2129.08,England
Coventry City,2026-02-16,2131.57,England
Coventry City,2026-02-21,2143.19,England
Coventry City,2026-02-25,2151.34,England
Coventry City,2026-02-28,2160.84,England
Coventry City,2026-03-07,2163.95,England
Coventry City,2026-03-11,2164.82,England
Coventry City,2026-03-14,2175.47,England
Coventry City,2026-03-21,2171.6,England
Coventry City,2026-04-03,2169.99,England
Coventry City,2026-04-06,2166.45,England
Coventry City,2026-04-11,2163.42,England
Coventry City,2026-04-17,2168.3,England
Coventry City,2026-04-21,2173.93,England
Coventry City,2026-04-26,2151.09,England
Coventry City,2026-05-02,2126.34,England
Coventry City,2026-08-21,2112.44,England
Crystal Palace,2023-08-12,2237.12,England
Crystal Palace,2023-08-21,2230.04,England
Crystal Palace,2023-08-26,2238.08,England
Crystal Palace,2023-08-29,2231.27,England
Crystal Palace,2023-09-03,2245.61,England
Crystal Palace,2023-09-16,2251.01,England
Crystal Palace,2023-09-23,2237.2,England
Crystal Palace,2023-09-26,2225.6,England
Crystal Palace,2023-09-30,2222.35,England
Crystal Palace,2023-10-07,2220.45,England
Crystal Palace,2023-10-21,2202.64,England
Crystal Palace,2023-10-27,2184.48,England
Crystal Palace,2023-11-04,2205.76,England
Crystal Palace,2023-11-11,2206.15,England
Crystal Palace,2023-11-25,2199.56,England
Crystal Palace,2023-12-03,2201.16,England
Crystal Palace,2023-12-06,2189.28,England
Crystal Palace,2023-12-09,2191.94,England
Crystal Palace,2023-12-16,2210.81,England
Crystal Palace,2023-12-21,2220.72,England
Crystal Palace,2023-12-27,2237.66,England
Crystal Palace,2023-12-30,2254.91,England
Crystal Palace,2024-01-04,2252.14,England
Crystal Palace,2024-01-17,2238.53,England
Crystal Palace,2024-01-20,2214.1,England
Crystal Palace,2024-01-30,2216.64,England
Crystal Palace,2024-02-03,2217.06,England
Crystal Palace,2024-02-12,2192.94,England
Crystal Palace,2024-02-19,2175.3,England
Crystal Palace,2024-02-24,2169.78,England
Crystal Palace,2024-03-02,2177.59,England
Crystal Palace,2024-03-09,2196.48,England
Crystal Palace,2024-03-30,2193.76,England
Crystal Palace,2024-04-02,2202.44,England
Crystal Palace,2024-04-06,2203.58,England
Crystal Palace,2024-04-14,2198.92,England
Crystal Palace,2024-04-21,2209.62,England
Crystal Palace,2024-04-24,2198.38,England
Crystal Palace,2024-04-27,2213.41,England
Crystal Palace,2024-05-06,2249.29,England
Crystal Palace,2024-05-11,2271.12,England
Crystal Palace,2024-05-19,2301.8,England
Crystal Palace,2024-08-18,2308.33,England
Crystal Palace,2024-08-24,2270.47,England
Crystal Palace,2024-08-27,2321.4,England
Crystal Palace,2024-09-01,2323.13,England
Crystal Palace,2024-09-14,2318.41,England
Crystal Palace,2024-09-17,2358.38,England
Crystal Palace,2024-09-21,2339.23,England
Crystal Palace,2024-09-28,2302.45,England
Crystal Palace,2024-10-05,2305.11,England
Crystal Palace,2024-10-21,2285.39,England
Crystal Palace,2024-10-27,2252.22,England
Crystal Palace,2024-10-30,2282.66,England
Crystal Palace,2024-11-02,2264.95,England
Crystal Palace,2024-11-09,2236.05,England
Crystal Palace,2024-11-23,2202.55,England
Crystal Palace,2024-11-30,2207.57,England
Crystal Palace,2024-12-03,2211.2,England
Crystal Palace,2024-12-07,2224.61,England
Crystal Palace,2024-12-15,2241.58,England
Crystal Palace,2024-12-18,2290.59,England
Crystal Palace,2024-12-21,2281.68,England
Crystal Palace,2024-12-26,2256.03,England
Crystal Palace,2024-12-29,2275.53,England
Crystal Palace,2025-01-04,2280.07,England
Crystal Palace,2025-01-12,2301.47,England
Crystal Palace,2025-01-15,2288.51,England
Crystal Palace,2025-01-18,2287.99,England
Crystal Palace,2025-01-26,2282.13,England
Crystal Palace,2025-02-02,2270.95,England
Crystal Palace,2025-02-10,2293.55,England
Crystal Palace,2025-02-15,2290.2,England
Crystal Palace,2025-02-22,2282.97,England
Crystal Palace,2025-02-25,2296.47,England
Crystal Palace,2025-03-01,2290.05,England
Crystal Palace,2025-03-08,2292.47,England
Crystal Palace,2025-03-29,2311.36,England
Crystal Palace,2025-04-02,2318.5,England
Crystal Palace,2025-04-05,2312.3,England
Crystal Palace,2025-04-12,2301.52,England
Crystal Palace,2025-04-16,2287.92,England
Crystal Palace,2025-04-19,2282.69,England
Crystal Palace,2025-04-23,2254.82,England
Crystal Palace,2025-04-26,2268.88,England
Crystal Palace,2025-05-05,2271.86,England
Crystal Palace,2025-05-11,2333.2,England
Crystal Palace,2025-05-17,2331.0,England
Crystal Palace,2025-05-20,2306.26,England
Crystal Palace,2025-05-25,2272.99,England
Crystal Palace,2025-08-10,2252.59,England
Crystal Palace,2025-08-17,2259.64,England
Crystal Palace,2025-08-21,2284.22,England
Crystal Palace,2025-08-24,2284.94,England
Crystal Palace,2025-08-28,2285.64,England
Crystal Palace,2025-08-31,2308.68,England
Crystal Palace,2025-09-13,2304.88,England
Crystal Palace,2025-09-16,2313.13,England
Crystal Palace,2025-09-20,2294.93,England
Crystal Palace,2025-09-27,2304.14,England
Crystal Palace,2025-10-02,2321.61,England
Crystal Palace,2025-10-05,2340.72,England
Crystal Palace,2025-10-18,2338.98,England
Crystal Palace,2025-10-23,2349.15,England
Crystal Palace,2025-10-26,2348.5,England
Crystal Palace,2025-10-29,2401.43,England
Crystal Palace,2025-11-01,2386.34,England
Crystal Palace,2025-11-06,2405.3,England
Crystal Palace,2025-11-09,2418.42,England
Crystal Palace,2025-11-22,2410.61,England
Crystal Palace,2025-11-27,2391.82,England
Crystal Palace,2025-11-30,2412.73,England
Crystal Palace,2025-12-03,2403.51,England
Crystal Palace,2025-12-07,2387.06,England
Crystal Palace,2025-12-11,2397.55,England
Crystal Palace,2025-12-14,2385.19,England
Crystal Palace,2025-12-18,2322.01,England
Crystal Palace,2025-12-20,2304.99,England
Crystal Palace,2025-12-23,2319.95,England
Crystal Palace,2025-12-28,2339.43,England
Crystal Palace,2026-01-01,2342.65,England
Crystal Palace,2026-01-04,2307.5,England
Crystal Palace,2026-01-07,2294.47,England
Crystal Palace,2026-01-10,2249.6,England
Crystal Palace,2026-01-17,2252.56,England
Crystal Palace,2026-01-25,2241.75,England
Crystal Palace,2026-02-01,2244.68,England
Crystal Palace,2026-02-08,2265.55,England
Crystal Palace,2026-02-11,2283.45,England
Crystal Palace,2026-02-19,2326.61,England
Crystal Palace,2026-02-22,2323.56,England
Crystal Palace,2026-02-26,2358.8,England
Crystal Palace,2026-03-01,2342.66,England
Crystal Palace,2026-03-05,2337.93,England
Crystal Palace,2026-03-12,2326.95,England
Crystal Palace,2026-03-15,2292.93,England
Crystal Palace,2026-03-19,2277.22,England
Crystal Palace,2026-04-09,2294.34,England
Crystal Palace,2026-04-12,2270.07,England
Crystal Palace,2026-04-16,2279.66,England
Crystal Palace,2026-04-20,2267.57,England
Crystal Palace,2026-04-25,2257.15,England
Crystal Palace,2026-04-30,2255.98,England
Crystal Palace,2026-05-03,2232.01,England
Crystal Palace,2026-05-07,2229.23,England
Crystal Palace,2026-05-10,2227.98,England
Crystal Palace,2026-05-13,2252.73,England
Crystal Palace,2026-05-17,2243.43,England
Crystal Palace,2026-05-24,2266.37,England
Crystal Palace,2026-05-27,2270.28,England
Crystal Palace,2026-08-22,2266.35,England
Derby County,2023-08-05,2084.27,England
Derby County,2023-08-08,2063.33,England
Derby County,2023-08-12,2036.28,England
Derby County,2023-08-15,2040.99,England
Derby County,2023-08-19,2021.58,England
Derby County,2023-08-26,2001.38,England
Derby County,2023-09-02,1986.37,England
Derby County,2023-09-16,1967.01,England
Derby County,2023-09-23,1963.72,England
Derby County,2023-09-30,1974.26,England
Derby County,2023-10-03,1963.56,England
Derby County,2023-10-07,1981.16,England
Derby County,2023-10-21,1976.91,England
Derby County,2023-10-24,1989.47,England
Derby County,2023-10-28,1996.7,England
Derby County,2023-10-31,2003.07,England
Derby County,2023-11-05,2020.36,England
Derby County,2023-11-11,2018.26,England
Derby County,2023-11-14,2054.28,England
Derby County,2023-11-25,2047.27,England
Derby County,2023-11-28,2052.55,England
Derby County,2023-12-09,2060.98,England
Derby County,2023-12-16,2076.59,England
Derby County,2023-12-21,2060.38,England
Derby County,2023-12-26,2067.2,England
Derby County,2023-12-29,2062.07,England
Derby County,2024-01-01,2066.37,England
Derby County,2024-01-06,2063.93,England
Derby County,2024-01-15,2068.34,England
Derby County,2024-01-20,2074.78,England
Derby County,2024-01-23,2080.79,England
Derby County,2024-01-27,2063.72,England
Derby County,2024-02-03,2061.51,England
Derby County,2024-02-10,2039.74,England
Derby County,2024-02-13,2026.08,England
Derby County,2024-02-17,2027.2,England
Derby County,2024-02-24,2019.71,England
Derby County,2024-02-27,2022.93,England
Derby County,2024-03-02,2019.85,England
Derby County,2024-03-09,2030.15,England
Derby County,2024-03-12,2037.27,England
Derby County,2024-03-16,2036.61,England
Derby County,2024-03-23,2047.09,England
Derby County,2024-03-29,2056.72,England
Derby County,2024-04-02,2047.3,England
Derby County,2024-04-10,2055.65,England
Derby County,2024-04-13,2074.53,England
Derby County,2024-04-20,2076.38,England
Derby County,2024-04-27,2072.51,England
Derby County,2024-08-09,2064.12,England
Derby County,2024-08-13,2039.17,England
Derby County,2024-08-17,2007.29,England
Derby County,2024-08-24,1971.75,England
Derby County,2024-08-27,1980.05,England
Derby County,2024-08-31,1985.82,England
Derby County,2024-09-14,1977.63,England
Derby County,2024-09-21,1959.45,England
Derby County,2024-09-28,1954.99,England
Derby County,2024-10-01,1937.91,England
Derby County,2024-10-05,1962.52,England
Derby County,2024-10-19,1971.55,England
Derby County,2024-10-22,1985.15,England
Derby County,2024-10-26,1986.49,England
Derby County,2024-11-02,1995.17,England
Derby County,2024-11-06,1970.47,England
Derby County,2024-11-09,1966.52,England
Derby County,2024-11-23,1995.62,England
Derby County,2024-11-27,1992.97,England
Derby County,2024-12-01,1994.01,England
Derby County,2024-12-07,1990.16,England
Derby County,2024-12-10,1977.14,England
Derby County,2024-12-13,1974.63,England
Derby County,2024-12-20,1987.81,England
Derby County,2024-12-26,2005.53,England
Derby County,2024-12-29,1997.66,England
Derby County,2025-01-01,2003.86,England
Derby County,2025-01-04,1992.61,England
Derby County,2025-01-14,1997.17,England
Derby County,2025-01-18,2005.37,England
Derby County,2025-01-21,1983.33,England
Derby County,2025-01-25,1968.27,England
Derby County,2025-02-01,1965.32,England
Derby County,2025-02-08,1956.19,England
Derby County,2025-02-11,1952.49,England
Derby County,2025-02-14,1946.79,England
Derby County,2025-02-22,1952.94,England
Derby County,2025-03-01,1948.11,England
Derby County,2025-03-08,1938.88,England
Derby County,2025-03-11,1939.95,England
Derby County,2025-03-15,1950.13,England
Derby County,2025-04-02,1966.03,England
Derby County,2025-04-05,1963.83,England
Derby County,2025-04-08,1957.34,England
Derby County,2025-04-12,1982.03,England
Derby County,2025-04-18,1992.79,England
Derby County,2025-04-21,2007.49,England
Derby County,2025-04-26,2010.31,England
Derby County,2025-05-03,2014.59,England
Derby County,2025-08-09,2015.99,England
Derby County,2025-08-12,1995.33,England
Derby County,2025-08-16,1976.99,England
Derby County,2025-08-22,1963.01,England
Derby County,2025-08-26,1950.24,England
Derby County,2025-08-30,1941.29,England
Derby County,2025-09-13,1953.68,England
Derby County,2025-09-20,1964.08,England
Derby County,2025-09-27,1958.2,England
Derby County,2025-09-30,1956.66,England
Derby County,2025-10-04,1965.75,England
Derby County,2025-10-18,1972.03,England
Derby County,2025-10-21,1977.27,England
Derby County,2025-10-25,1959.22,England
Derby County,2025-11-01,1948.74,England
Derby County,2025-11-04,1960.11,England
Derby County,2025-11-08,1963.01,England
Derby County,2025-11-22,1970.18,England
Derby County,2025-11-25,1976.42,England
Derby County,2025-11-29,1986.06,England
Derby County,2025-12-06,1987.85,England
Derby County,2025-12-10,1976.68,England
Derby County,2025-12-15,1980.12,England
Derby County,2025-12-20,1991.98,England
Derby County,2025-12-26,2005.24,England
Derby County,2025-12-29,2003.45,England
Derby County,2026-01-01,2003.3,England
Derby County,2026-01-04,2005.94,England
Derby County,2026-01-11,2018.43,England
Derby County,2026-01-17,2017.55,England
Derby County,2026-01-20,2017.3,England
Derby County,2026-01-23,2019.56,England
Derby County,2026-01-30,2031.97,England
Derby County,2026-02-07,2034.94,England
Derby County,2026-02-14,2023.61,England
Derby County,2026-02-21,2014.26,England
Derby County,2026-02-24,2016.02,England
Derby County,2026-02-28,2013.57,England
Derby County,2026-03-07,2014.87,England
Derby County,2026-03-10,2017.03,England
Derby County,2026-03-16,2014.66,England
Derby County,2026-03-21,2021.57,England
Derby County,2026-04-03,2023.17,England
Derby County,2026-04-06,2037.73,England
Derby County,2026-04-11,2042.38,England
Derby County,2026-04-18,2032.78,England
Derby County,2026-04-21,2043.49,England
Derby County,2026-04-25,2053.76,England
Derby County,2026-05-02,2087.0,England
Derby County,2026-08-15,2060.55,England
Doncaster Rovers,2023-08-05,1682.91,England
Doncaster Rovers,2023-08-08,1703.31,England
Doncaster Rovers,2023-08-12,1722.44,England
Doncaster Rovers,2023-08-15,1719.76,England
Doncaster Rovers,2023-08-19,1736.51,England
Doncaster Rovers,2023-08-26,1748.55,England
Doncaster Rovers,2023-08-30,1765.9,England
Doncaster Rovers,2023-09-02,1754.0,England
Doncaster Rovers,2023-09-09,1751.75,England
Doncaster Rovers,2023-09-16,1762.86,England
Doncaster Rovers,2023-09-23,1755.68,England
Doncaster Rovers,2023-09-30,1767.51,England
Doncaster Rovers,2023-10-03,1758.57,England
Doncaster Rovers,2023-10-07,1738.56,England
Doncaster Rovers,2023-10-14,1752.91,England
Doncaster Rovers,2023-10-20,1764.89,England
Doncaster Rovers,2023-10-24,1775.94,England
Doncaster Rovers,2023-10-28,1776.33,England
Doncaster Rovers,2023-11-04,1773.38,England
Doncaster Rovers,2023-11-11,1771.31,England
Doncaster Rovers,2023-11-14,1783.32,England
Doncaster Rovers,2023-11-25,1780.55,England
Doncaster Rovers,2023-11-28,1783.99,England
Doncaster Rovers,2023-12-02,1790.57,England
Doncaster Rovers,2023-12-09,1802.06,England
Doncaster Rovers,2023-12-16,1806.35,England
Doncaster Rovers,2023-12-22,1790.05,England
Doncaster Rovers,2023-12-26,1769.62,England
Doncaster Rovers,2023-12-29,1763.21,England
Doncaster Rovers,2024-01-01,1761.03,England
Doncaster Rovers,2024-01-06,1757.32,England
Doncaster Rovers,2024-01-13,1768.57,England
Doncaster Rovers,2024-01-27,1758.86,England
Doncaster Rovers,2024-02-03,1746.49,England
Doncaster Rovers,2024-02-10,1748.07,England
Doncaster Rovers,2024-02-13,1737.86,England
Doncaster Rovers,2024-02-17,1744.38,England
Doncaster Rovers,2024-02-24,1760.65,England
Doncaster Rovers,2024-03-02,1772.82,England
Doncaster Rovers,2024-03-05,1787.87,England
Doncaster Rovers,2024-03-09,1783.4,England
Doncaster Rovers,2024-03-16,1781.23,England
Doncaster Rovers,2024-03-23,1774.39,England
Doncaster Rovers,2024-03-29,1779.45,England
Doncaster Rovers,2024-05-06,1817.83,England
Doncaster Rovers,2024-05-10,1839.98,England
Doncaster Rovers,2024-08-10,1858.38,England
Doncaster Rovers,2024-08-13,1867.9,England
Doncaster Rovers,2024-08-17,1899.05,England
Doncaster Rovers,2024-08-24,1915.9,England
Doncaster Rovers,2024-08-27,1883.35,England
Doncaster Rovers,2024-08-31,1875.76,England
Doncaster Rovers,2024-09-07,1891.0,England
Doncaster Rovers,2024-09-12,1899.69,England
Doncaster Rovers,2024-09-21,1897.21,England
Doncaster Rovers,2024-09-28,1890.82,England
Doncaster Rovers,2024-10-01,1867.59,England
Doncaster Rovers,2024-10-05,1870.93,England
Doncaster Rovers,2024-10-12,1888.76,England
Doncaster Rovers,2024-10-19,1902.39,England
Doncaster Rovers,2024-10-22,1898.05,England
Doncaster Rovers,2024-10-26,1903.72,England
Doncaster Rovers,2024-11-02,1911.89,England
Doncaster Rovers,2024-11-09,1918.39,England
Doncaster Rovers,2024-11-16,1933.11,England
Doncaster Rovers,2024-11-23,1930.66,England
Doncaster Rovers,2024-12-01,1930.33,England
Doncaster Rovers,2024-12-04,1931.4,England
Doncaster Rovers,2024-12-07,1933.59,England
Doncaster Rovers,2024-12-14,1933.09,England
Doncaster Rovers,2024-12-21,1927.58,England
Doncaster Rovers,2024-12-26,1922.61,England
Doncaster Rovers,2024-12-29,1914.11,England
Doncaster Rovers,2025-01-01,1925.86,England
Doncaster Rovers,2025-01-04,1915.95,England
Doncaster Rovers,2025-01-12,1931.83,England
Doncaster Rovers,2025-01-18,1915.81,England
Doncaster Rovers,2025-01-25,1902.62,England
Doncaster Rovers,2025-01-29,1908.03,England
Doncaster Rovers,2025-02-01,1925.41,England
Doncaster Rovers,2025-02-06,1928.25,England
Doncaster Rovers,2025-02-10,1905.65,England
Doncaster Rovers,2025-02-15,1910.96,England
Doncaster Rovers,2025-02-18,1892.24,England
Doncaster Rovers,2025-02-22,1896.7,England
Doncaster Rovers,2025-03-01,1902.89,England
Doncaster Rovers,2025-03-04,1912.53,England
Doncaster Rovers,2025-03-08,1917.99,England
Doncaster Rovers,2025-03-15,1918.2,England
Doncaster Rovers,2025-03-29,1927.07,England
Doncaster Rovers,2025-04-01,1918.28,England
Doncaster Rovers,2025-04-05,1944.37,England
Doncaster Rovers,2025-04-12,1959.83,England
Doncaster Rovers,2025-04-15,1943.84,England
Doncaster Rovers,2025-04-18,1939.63,England
Doncaster Rovers,2025-04-21,1935.36,England
Doncaster Rovers,2025-04-26,1930.58,England
Doncaster Rovers,2025-05-03,1930.15,England
Doncaster Rovers,2025-08-02,1928.57,England
Doncaster Rovers,2025-08-09,1928.4,England
Doncaster Rovers,2025-08-12,1931.74,England
Doncaster Rovers,2025-08-16,1950.53,England
Doncaster Rovers,2025-08-19,1930.7,England
Doncaster Rovers,2025-08-23,1937.55,England
Doncaster Rovers,2025-08-26,1943.14,England
Doncaster Rovers,2025-08-30,1950.89,England
Doncaster Rovers,2025-09-06,1940.87,England
Doncaster Rovers,2025-09-13,1950.61,England
Doncaster Rovers,2025-09-20,1938.14,England
Doncaster Rovers,2025-09-24,1934.59,England
Doncaster Rovers,2025-09-27,1933.57,England
Doncaster Rovers,2025-10-04,1930.37,England
Doncaster Rovers,2025-10-11,1921.83,England
Doncaster Rovers,2025-10-18,1920.12,England
Doncaster Rovers,2025-10-25,1914.64,England
Doncaster Rovers,2025-11-01,1926.83,England
Doncaster Rovers,2025-11-08,1926.85,England
Doncaster Rovers,2025-11-15,1920.2,England
Doncaster Rovers,2025-11-22,1922.89,England
Doncaster Rovers,2025-11-29,1901.43,England
Doncaster Rovers,2025-12-06,1910.36,England
Doncaster Rovers,2025-12-09,1920.35,England
Doncaster Rovers,2025-12-13,1917.46,England
Doncaster Rovers,2025-12-20,1926.78,England
Doncaster Rovers,2025-12-26,1918.72,England
Doncaster Rovers,2025-12-29,1920.92,England
Doncaster Rovers,2026-01-01,1912.94,England
Doncaster Rovers,2026-01-10,1922.94,England
Doncaster Rovers,2026-01-17,1922.42,England
Doncaster Rovers,2026-01-24,1918.82,England
Doncaster Rovers,2026-01-27,1924.9,England
Doncaster Rovers,2026-01-31,1946.12,England
Doncaster Rovers,2026-02-03,1943.07,England
Doncaster Rovers,2026-02-07,1945.08,England
Doncaster Rovers,2026-02-17,1957.03,England
Doncaster Rovers,2026-02-21,1958.28,England
Doncaster Rovers,2026-02-28,1945.83,England
Doncaster Rovers,2026-03-07,1926.88,England
Doncaster Rovers,2026-03-10,1922.15,England
Doncaster Rovers,2026-03-14,1924.89,England
Doncaster Rovers,2026-03-17,1924.62,England
Doncaster Rovers,2026-03-21,1933.78,England
Doncaster Rovers,2026-03-24,1933.16,England
Doncaster Rovers,2026-04-03,1921.11,England
Doncaster Rovers,2026-04-06,1927.6,England
Doncaster Rovers,2026-04-11,1933.6,England
Doncaster Rovers,2026-04-18,1948.66,England
Doncaster Rovers,2026-04-21,1953.26,England
Doncaster Rovers,2026-04-25,1925.64,England
Doncaster Rovers,2026-05-02,1920.47,England
Doncaster Rovers,2026-08-15,1910.28,England
Everton FC,2023-08-12,2227.26,England
Everton FC,2023-08-20,2242.59,England
Everton FC,2023-08-26,2211.41,England
Everton FC,2023-08-30,2194.06,England
Everton FC,2023-09-02,2190.13,England
Everton FC,2023-09-17,2189.02,England
Everton FC,2023-09-23,2190.6,England
Everton FC,2023-09-27,2195.5,England
Everton FC,2023-09-30,2198.29,England
Everton FC,2023-10-07,2224.86,England
Everton FC,2023-10-21,2234.82,England
Everton FC,2023-10-29,2232.3,England
Everton FC,2023-11-01,2256.03,England
Everton FC,2023-11-04,2257.04,England
Everton FC,2023-11-11,2256.65,England
Everton FC,2023-11-26,2267.5,England
Everton FC,2023-12-02,2270.83,England
Everton FC,2023-12-07,2249.23,England
Everton FC,2023-12-10,2280.51,England
Everton FC,2023-12-16,2286.54,England
Everton FC,2023-12-19,2286.64,England
Everton FC,2023-12-23,2281.15,England
Everton FC,2023-12-27,2249.43,England
Everton FC,2023-12-30,2266.52,England
Everton FC,2024-01-04,2269.3,England
Everton FC,2024-01-14,2275.28,England
Everton FC,2024-01-17,2288.89,England
Everton FC,2024-01-27,2281.45,England
Everton FC,2024-01-30,2265.19,England
Everton FC,2024-02-03,2254.16,England
Everton FC,2024-02-10,2257.99,England
Everton FC,2024-02-19,2275.63,England
Everton FC,2024-02-24,2281.49,England
Everton FC,2024-03-02,2265.3,England
Everton FC,2024-03-09,2265.4,England
Everton FC,2024-03-30,2274.78,England
Everton FC,2024-04-02,2269.65,England
Everton FC,2024-04-06,2255.52,England
Everton FC,2024-04-15,2252.66,England
Everton FC,2024-04-21,2248.76,England
Everton FC,2024-04-24,2236.31,England
Everton FC,2024-04-27,2218.12,England
Everton FC,2024-05-03,2201.86,England
Everton FC,2024-05-11,2218.76,England
Everton FC,2024-05-19,2218.3,England
Everton FC,2024-08-17,2199.78,England
Everton FC,2024-08-24,2167.05,England
Everton FC,2024-08-27,2199.61,England
Everton FC,2024-08-31,2167.06,England
Everton FC,2024-09-14,2183.39,England
Everton FC,2024-09-17,2177.69,England
Everton FC,2024-09-21,2152.86,England
Everton FC,2024-09-28,2189.64,England
Everton FC,2024-10-05,2169.82,England
Everton FC,2024-10-19,2165.22,England
Everton FC,2024-10-26,2171.04,England
Everton FC,2024-11-02,2212.52,England
Everton FC,2024-11-09,2209.22,England
Everton FC,2024-11-23,2222.6,England
Everton FC,2024-12-01,2241.92,England
Everton FC,2024-12-04,2234.2,England
Everton FC,2024-12-14,2223.39,England
Everton FC,2024-12-22,2209.02,England
Everton FC,2024-12-26,2219.42,England
Everton FC,2024-12-29,2237.52,England
Everton FC,2025-01-04,2233.82,England
Everton FC,2025-01-09,2237.04,England
Everton FC,2025-01-15,2233.33,England
Everton FC,2025-01-19,2249.48,England
Everton FC,2025-01-25,2232.53,England
Everton FC,2025-02-01,2217.73,England
Everton FC,2025-02-08,2217.93,England
Everton FC,2025-02-12,2181.89,England
Everton FC,2025-02-15,2185.23,England
Everton FC,2025-02-22,2210.89,England
Everton FC,2025-02-26,2217.55,England
Everton FC,2025-03-08,2235.93,England
Everton FC,2025-03-15,2248.93,England
Everton FC,2025-04-02,2241.52,England
Everton FC,2025-04-05,2270.89,England
Everton FC,2025-04-12,2261.06,England
Everton FC,2025-04-19,2251.88,England
Everton FC,2025-04-26,2250.86,England
Everton FC,2025-05-03,2242.88,England
Everton FC,2025-05-10,2228.45,England
Everton FC,2025-05-18,2244.44,England
Everton FC,2025-05-25,2216.73,England
Everton FC,2025-08-18,2256.12,England
Everton FC,2025-08-24,2259.8,England
Everton FC,2025-08-27,2254.39,England
Everton FC,2025-08-30,2269.21,England
Everton FC,2025-09-13,2299.5,England
Everton FC,2025-09-20,2314.72,England
Everton FC,2025-09-23,2304.51,England
Everton FC,2025-09-29,2310.93,England
Everton FC,2025-10-05,2291.82,England
Everton FC,2025-10-18,2282.51,England
Everton FC,2025-10-26,2283.93,England
Everton FC,2025-11-03,2294.06,England
Everton FC,2025-11-08,2284.87,England
Everton FC,2025-11-24,2285.82,England
Everton FC,2025-11-29,2295.44,England
Everton FC,2025-12-02,2303.07,England
Everton FC,2025-12-06,2309.09,England
Everton FC,2025-12-13,2318.89,England
Everton FC,2025-12-20,2298.93,England
Everton FC,2025-12-27,2299.67,England
Everton FC,2025-12-30,2281.71,England
Everton FC,2026-01-04,2289.14,England
Everton FC,2026-01-07,2277.58,England
Everton FC,2026-01-10,2257.73,England
Everton FC,2026-01-18,2250.07,England
Everton FC,2026-01-26,2251.12,England
Everton FC,2026-01-31,2252.49,England
Everton FC,2026-02-07,2245.91,England
Everton FC,2026-02-10,2250.32,England
Everton FC,2026-02-23,2257.06,England
Everton FC,2026-02-28,2275.74,England
Everton FC,2026-03-03,2274.48,England
Everton FC,2026-03-14,2287.96,England
Everton FC,2026-03-21,2276.31,England
Everton FC,2026-04-11,2276.25,England
Everton FC,2026-04-19,2279.63,England
Everton FC,2026-04-25,2273.73,England
Everton FC,2026-05-04,2268.08,England
Everton FC,2026-05-10,2269.32,England
Everton FC,2026-05-17,2287.45,England
Everton FC,2026-05-24,2269.19,England
Everton FC,2026-08-22,2273.11,England
Fulham FC,2023-08-12,2204.76,England
Fulham FC,2023-08-19,2199.36,England
Fulham FC,2023-08-26,2183.38,England
Fulham FC,2023-08-29,2172.27,England
Fulham FC,2023-09-02,2150.53,England
Fulham FC,2023-09-16,2165.3,England
Fulham FC,2023-09-23,2179.11,England
Fulham FC,2023-09-27,2212.61,England
Fulham FC,2023-10-02,2202.01,England
Fulham FC,2023-10-07,2209.02,England
Fulham FC,2023-10-23,2199.27,England
Fulham FC,2023-10-29,2217.15,England
Fulham FC,2023-11-01,2231.61,England
Fulham FC,2023-11-04,2250.82,England
Fulham FC,2023-11-12,2251.45,England
Fulham FC,2023-11-27,2225.09,England
Fulham FC,2023-12-03,2207.91,England
Fulham FC,2023-12-06,2209.57,England
Fulham FC,2023-12-10,2204.49,England
Fulham FC,2023-12-16,2234.86,England
Fulham FC,2023-12-19,2234.77,England
Fulham FC,2023-12-23,2246.36,England
Fulham FC,2023-12-26,2233.66,England
Fulham FC,2023-12-31,2226.86,England
Fulham FC,2024-01-05,2222.41,England
Fulham FC,2024-01-10,2241.91,England
Fulham FC,2024-01-13,2231.86,England
Fulham FC,2024-01-24,2256.55,England
Fulham FC,2024-01-27,2235.21,England
Fulham FC,2024-01-30,2251.47,England
Fulham FC,2024-02-03,2230.01,England
Fulham FC,2024-02-10,2220.52,England
Fulham FC,2024-02-17,2224.32,England
Fulham FC,2024-02-24,2231.79,England
Fulham FC,2024-03-02,2232.26,England
Fulham FC,2024-03-09,2246.82,England
Fulham FC,2024-03-16,2247.72,England
Fulham FC,2024-03-30,2255.76,England
Fulham FC,2024-04-02,2252.86,England
Fulham FC,2024-04-06,2262.93,England
Fulham FC,2024-04-14,2265.02,England
Fulham FC,2024-04-21,2278.89,England
Fulham FC,2024-04-27,2263.86,England
Fulham FC,2024-05-04,2248.03,England
Fulham FC,2024-05-11,2228.87,England
Fulham FC,2024-05-19,2237.94,England
Fulham FC,2024-08-16,2197.68,England
Fulham FC,2024-08-24,2215.73,England
Fulham FC,2024-08-27,2235.93,England
Fulham FC,2024-08-31,2258.39,England
Fulham FC,2024-09-14,2243.76,England
Fulham FC,2024-09-17,2240.57,England
Fulham FC,2024-09-21,2257.55,England
Fulham FC,2024-09-28,2246.48,England
Fulham FC,2024-10-05,2272.22,England
Fulham FC,2024-10-19,2271.39,England
Fulham FC,2024-10-26,2265.57,England
Fulham FC,2024-11-04,2283.07,England
Fulham FC,2024-11-09,2311.98,England
Fulham FC,2024-11-23,2317.76,England
Fulham FC,2024-12-01,2313.65,England
Fulham FC,2024-12-05,2296.24,England
Fulham FC,2024-12-08,2290.45,England
Fulham FC,2024-12-14,2282.8,England
Fulham FC,2024-12-22,2277.8,England
Fulham FC,2024-12-26,2266.53,England
Fulham FC,2024-12-29,2278.72,England
Fulham FC,2025-01-05,2276.87,England
Fulham FC,2025-01-09,2276.15,England
Fulham FC,2025-01-14,2281.97,England
Fulham FC,2025-01-18,2286.93,England
Fulham FC,2025-01-26,2312.01,England
Fulham FC,2025-02-01,2312.21,England
Fulham FC,2025-02-08,2300.86,England
Fulham FC,2025-02-15,2282.21,England
Fulham FC,2025-02-22,2289.44,England
Fulham FC,2025-02-25,2284.22,England
Fulham FC,2025-03-02,2305.47,England
Fulham FC,2025-03-08,2314.41,England
Fulham FC,2025-03-16,2327.47,England
Fulham FC,2025-03-29,2308.57,England
Fulham FC,2025-04-01,2303.24,England
Fulham FC,2025-04-06,2307.08,England
Fulham FC,2025-04-14,2314.39,England
Fulham FC,2025-04-20,2307.61,England
Fulham FC,2025-04-26,2297.89,England
Fulham FC,2025-05-03,2283.48,England
Fulham FC,2025-05-10,2297.9,England
Fulham FC,2025-05-18,2303.42,England
Fulham FC,2025-05-25,2281.03,England
Fulham FC,2025-08-16,2280.28,England
Fulham FC,2025-08-24,2232.61,England
Fulham FC,2025-08-27,2250.18,England
Fulham FC,2025-08-30,2238.82,England
Fulham FC,2025-09-13,2291.36,England
Fulham FC,2025-09-20,2280.54,England
Fulham FC,2025-09-23,2280.91,England
Fulham FC,2025-09-28,2296.81,England
Fulham FC,2025-10-03,2290.63,England
Fulham FC,2025-10-18,2279.76,England
Fulham FC,2025-10-25,2273.49,England
Fulham FC,2025-10-28,2272.21,England
Fulham FC,2025-11-01,2278.22,England
Fulham FC,2025-11-08,2287.4,England
Fulham FC,2025-11-22,2276.64,England
Fulham FC,2025-11-29,2292.74,England
Fulham FC,2025-12-02,2304.95,England
Fulham FC,2025-12-07,2321.41,England
Fulham FC,2025-12-13,2319.97,England
Fulham FC,2025-12-17,2312.67,England
Fulham FC,2025-12-22,2291.36,England
Fulham FC,2025-12-27,2286.43,England
Fulham FC,2026-01-01,2283.21,England
Fulham FC,2026-01-04,2283.36,England
Fulham FC,2026-01-07,2274.09,England
Fulham FC,2026-01-10,2251.01,England
Fulham FC,2026-01-17,2252.47,England
Fulham FC,2026-01-24,2271.09,England
Fulham FC,2026-02-01,2259.56,England
Fulham FC,2026-02-07,2266.15,England
Fulham FC,2026-02-11,2263.62,England
Fulham FC,2026-02-15,2264.12,England
Fulham FC,2026-02-22,2272.65,England
Fulham FC,2026-03-01,2301.09,England
Fulham FC,2026-03-04,2277.92,England
Fulham FC,2026-03-08,2267.72,England
Fulham FC,2026-03-15,2288.24,England
Fulham FC,2026-03-21,2293.38,England
Fulham FC,2026-04-11,2312.62,England
Fulham FC,2026-04-18,2295.6,England
Fulham FC,2026-04-25,2312.45,England
Fulham FC,2026-05-02,2312.84,England
Fulham FC,2026-05-09,2305.38,England
Fulham FC,2026-05-17,2288.18,England
Fulham FC,2026-05-24,2291.47,England
Fulham FC,2026-08-24,2287.56,England
Huddersfield Town,2023-08-05,1943.92,England
Huddersfield Town,2023-08-08,1950.13,England
Huddersfield Town,2023-08-12,1957.75,England
Huddersfield Town,2023-08-19,1961.33,England
Huddersfield Town,2023-08-26,1954.78,England
Huddersfield Town,2023-09-02,1952.21,England
Huddersfield Town,2023-09-16,1968.84,England
Huddersfield Town,2023-09-20,1976.22,England
Huddersfield Town,2023-09-25,1984.23,England
Huddersfield Town,2023-09-30,1981.26,England
Huddersfield Town,2023-10-03,1977.78,England
Huddersfield Town,2023-10-07,1981.06,England
Huddersfield Town,2023-10-21,1984.11,England
Huddersfield Town,2023-10-24,1987.76,England
Huddersfield Town,2023-10-28,1968.96,England
Huddersfield Town,2023-11-04,1936.26,England
Huddersfield Town,2023-11-11,1920.12,England
Huddersfield Town,2023-11-25,1920.15,England
Huddersfield Town,2023-11-29,1918.43,England
Huddersfield Town,2023-12-02,1913.12,England
Huddersfield Town,2023-12-09,1903.17,England
Huddersfield Town,2023-12-12,1909.87,England
Huddersfield Town,2023-12-16,1896.74,England
Huddersfield Town,2023-12-23,1894.46,England
Huddersfield Town,2023-12-26,1892.19,England
Huddersfield Town,2023-12-29,1883.57,England
Huddersfield Town,2024-01-01,1879.36,England
Huddersfield Town,2024-01-07,1879.36,England
Huddersfield Town,2024-01-13,1882.71,England
Huddersfield Town,2024-01-20,1895.87,England
Huddersfield Town,2024-01-28,1889.92,England
Huddersfield Town,2024-02-03,1893.88,England
Huddersfield Town,2024-02-10,1882.49,England
Huddersfield Town,2024-02-14,1902.78,England
Huddersfield Town,2024-02-17,1903.46,England
Huddersfield Town,2024-02-24,1945.89,England
Huddersfield Town,2024-03-02,1951.26,England
Huddersfield Town,2024-03-06,1964.38,England
Huddersfield Town,2024-03-10,1969.03,England
Huddersfield Town,2024-03-16,1983.38,England
Huddersfield Town,2024-03-29,1985.05,England
Huddersfield Town,2024-04-01,1980.68,England
Huddersfield Town,2024-04-06,1974.02,England
Huddersfield Town,2024-04-09,1984.09,England
Huddersfield Town,2024-04-13,1966.47,England
Huddersfield Town,2024-04-20,1979.57,England
Huddersfield Town,2024-04-27,1969.18,England
Huddersfield Town,2024-05-04,1936.87,England
Huddersfield Town,2024-08-10,1975.05,England
Huddersfield Town,2024-08-13,1975.62,England
Huddersfield Town,2024-08-17,2012.47,England
Huddersfield Town,2024-08-24,2006.22,England
Huddersfield Town,2024-08-27,2000.03,England
Huddersfield Town,2024-08-31,1988.83,England
Huddersfield Town,2024-09-14,2007.36,England
Huddersfield Town,2024-09-21,2018.24,England
Huddersfield Town,2024-09-24,2000.08,England
Huddersfield Town,2024-09-28,2011.73,England
Huddersfield Town,2024-10-01,1991.54,England
Huddersfield Town,2024-10-05,1983.13,England
Huddersfield Town,2024-10-19,1973.1,England
Huddersfield Town,2024-10-22,1977.98,England
Huddersfield Town,2024-10-26,1975.99,England
Huddersfield Town,2024-11-01,1984.49,England
Huddersfield Town,2024-11-09,1996.72,England
Huddersfield Town,2024-11-23,2013.74,England
Huddersfield Town,2024-11-26,2017.05,England
Huddersfield Town,2024-12-03,2024.8,England
Huddersfield Town,2024-12-07,2018.15,England
Huddersfield Town,2024-12-14,2031.44,England
Huddersfield Town,2024-12-20,2026.68,England
Huddersfield Town,2024-12-26,2014.49,England
Huddersfield Town,2024-12-29,2007.72,England
Huddersfield Town,2025-01-04,2011.88,England
Huddersfield Town,2025-01-07,2020.91,England
Huddersfield Town,2025-01-18,2022.17,England
Huddersfield Town,2025-01-25,2019.95,England
Huddersfield Town,2025-01-28,2024.95,England
Huddersfield Town,2025-02-01,2014.53,England
Huddersfield Town,2025-02-08,2001.35,England
Huddersfield Town,2025-02-15,1997.97,England
Huddersfield Town,2025-02-18,1989.22,England
Huddersfield Town,2025-02-22,1988.16,England
Huddersfield Town,2025-02-25,1988.93,England
Huddersfield Town,2025-03-01,1990.09,England
Huddersfield Town,2025-03-04,1986.88,England
Huddersfield Town,2025-03-08,1976.66,England
Huddersfield Town,2025-03-15,1971.33,England
Huddersfield Town,2025-03-29,1977.99,England
Huddersfield Town,2025-04-01,1977.46,England
Huddersfield Town,2025-04-05,1986.21,England
Huddersfield Town,2025-04-08,1963.85,England
Huddersfield Town,2025-04-12,1960.95,England
Huddersfield Town,2025-04-18,1973.45,England
Huddersfield Town,2025-04-21,1962.61,England
Huddersfield Town,2025-04-26,1947.52,England
Huddersfield Town,2025-05-03,1890.87,England
Huddersfield Town,2025-08-02,1936.31,England
Huddersfield Town,2025-08-09,1977.75,England
Huddersfield Town,2025-08-13,1933.48,England
Huddersfield Town,2025-08-16,1953.47,England
Huddersfield Town,2025-08-19,1973.3,England
Huddersfield Town,2025-08-23,1987.72,England
Huddersfield Town,2025-08-26,1959.78,England
Huddersfield Town,2025-08-30,1960.37,England
Huddersfield Town,2025-09-06,1982.38,England
Huddersfield Town,2025-09-13,1988.95,England
Huddersfield Town,2025-09-20,1971.09,England
Huddersfield Town,2025-09-24,1971.09,England
Huddersfield Town,2025-09-27,1958.45,England
Huddersfield Town,2025-10-04,1973.55,England
Huddersfield Town,2025-10-16,1986.44,England
Huddersfield Town,2025-10-25,1982.37,England
Huddersfield Town,2025-11-01,1997.24,England
Huddersfield Town,2025-11-08,1983.88,England
Huddersfield Town,2025-11-22,1971.63,England
Huddersfield Town,2025-11-25,1988.49,England
Huddersfield Town,2025-11-29,1989.21,England
Huddersfield Town,2025-12-06,1986.18,England
Huddersfield Town,2025-12-09,1974.93,England
Huddersfield Town,2025-12-13,1972.49,England
Huddersfield Town,2025-12-20,1963.51,England
Huddersfield Town,2025-12-26,1970.62,England
Huddersfield Town,2025-12-29,1986.66,England
Huddersfield Town,2026-01-01,1999.72,England
Huddersfield Town,2026-01-04,1996.64,England
Huddersfield Town,2026-01-10,1995.13,England
Huddersfield Town,2026-01-17,2009.83,England
Huddersfield Town,2026-01-24,1998.06,England
Huddersfield Town,2026-01-27,2003.9,England
Huddersfield Town,2026-01-31,2009.62,England
Huddersfield Town,2026-02-07,2012.35,England
Huddersfield Town,2026-02-14,2009.55,England
Huddersfield Town,2026-02-17,1997.6,England
Huddersfield Town,2026-02-21,1985.79,England
Huddersfield Town,2026-02-28,1995.24,England
Huddersfield Town,2026-03-07,1991.55,England
Huddersfield Town,2026-03-14,1992.3,England
Huddersfield Town,2026-03-17,1993.71,England
Huddersfield Town,2026-03-21,1977.18,England
Huddersfield Town,2026-04-03,1980.35,England
Huddersfield Town,2026-04-06,1975.88,England
Huddersfield Town,2026-04-11,1987.8,England
Huddersfield Town,2026-04-14,1978.78,England
Huddersfield Town,2026-04-18,1970.36,England
Huddersfield Town,2026-04-25,1951.8,England
Huddersfield Town,2026-05-02,1951.01,England
Huddersfield Town,2026-08-15,1974.21,England
Hull City,2023-08-05,1932.89,England
Hull City,2023-08-08,1912.49,England
Hull City,2023-08-12,1967.7,England
Hull City,2023-08-19,1950.29,England
Hull City,2023-08-25,1958.88,England
Hull City,2023-09-02,1969.68,England
Hull City,2023-09-15,1970.29,England
Hull City,2023-09-20,1974.77,England
Hull City,2023-09-24,1997.84,England
Hull City,2023-09-30,2001.22,England
Hull City,2023-10-03,1998.8,England
Hull City,2023-10-07,2008.39,England
Hull City,2023-10-21,2012.71,England
Hull City,2023-10-25,2015.74,England
Hull City,2023-10-28,2013.95,England
Hull City,2023-11-04,2005.14,England
Hull City,2023-11-11,2021.29,England
Hull City,2023-11-25,2034.57,England
Hull City,2023-11-28,2033.68,England
Hull City,2023-12-02,2051.43,England
Hull City,2023-12-09,2047.94,England
Hull City,2023-12-13,2051.66,England
Hull City,2023-12-16,2064.32,England
Hull City,2023-12-22,2070.51,England
Hull City,2023-12-26,2061.89,England
Hull City,2023-12-29,2064.02,England
Hull City,2024-01-01,2065.23,England
Hull City,2024-01-06,2027.62,England
Hull City,2024-01-12,2020.81,England
Hull City,2024-01-16,1985.95,England
Hull City,2024-01-19,1985.98,England
Hull City,2024-02-03,1997.68,England
Hull City,2024-02-10,2002.97,England
Hull City,2024-02-13,2022.88,England
Hull City,2024-02-17,2022.2,England
Hull City,2024-02-20,2014.06,England
Hull City,2024-02-24,2027.82,England
Hull City,2024-03-02,2041.57,England
Hull City,2024-03-05,2055.93,England
Hull City,2024-03-09,2048.39,England
Hull City,2024-03-29,2042.87,England
Hull City,2024-04-01,2038.8,England
Hull City,2024-04-06,2046.04,England
Hull City,2024-04-10,2044.03,England
Hull City,2024-04-13,2047.17,England
Hull City,2024-04-20,2055.66,England
Hull City,2024-04-24,2088.74,England
Hull City,2024-04-27,2092.43,England
Hull City,2024-05-04,2091.72,England
Hull City,2024-08-10,2058.12,England
Hull City,2024-08-14,2063.14,England
Hull City,2024-08-17,2068.07,England
Hull City,2024-08-24,2054.83,England
Hull City,2024-08-31,2025.94,England
Hull City,2024-09-13,2027.97,England
Hull City,2024-09-20,2000.97,England
Hull City,2024-09-28,2015.13,England
Hull City,2024-10-01,2019.56,England
Hull City,2024-10-05,2013.95,England
Hull City,2024-10-20,2018.64,England
Hull City,2024-10-23,2013.77,England
Hull City,2024-10-26,2012.43,England
Hull City,2024-11-02,2012.15,England
Hull City,2024-11-05,2010.45,England
Hull City,2024-11-10,2016.36,England
Hull City,2024-11-23,2014.11,England
Hull City,2024-11-26,2000.6,England
Hull City,2024-11-30,2006.3,England
Hull City,2024-12-07,2011.34,England
Hull City,2024-12-11,1998.06,England
Hull City,2024-12-14,1989.52,England
Hull City,2024-12-21,2000.98,England
Hull City,2024-12-26,1990.33,England
Hull City,2024-12-29,1989.41,England
Hull City,2025-01-01,1998.98,England
Hull City,2025-01-04,1989.47,England
Hull City,2025-01-12,1973.59,England
Hull City,2025-01-18,1978.12,England
Hull City,2025-01-21,1976.62,England
Hull City,2025-01-24,1967.49,England
Hull City,2025-02-01,1993.55,England
Hull City,2025-02-12,1999.78,England
Hull City,2025-02-15,1999.09,England
Hull City,2025-02-22,2013.79,England
Hull City,2025-02-25,2020.38,England
Hull City,2025-03-04,2028.47,England
Hull City,2025-03-08,2034.53,England
Hull City,2025-03-12,2043.03,England
Hull City,2025-03-15,2037.88,England
Hull City,2025-03-29,2014.66,England
Hull City,2025-04-05,2020.35,England
Hull City,2025-04-08,2026.59,England
Hull City,2025-04-14,2030.51,England
Hull City,2025-04-18,2014.65,England
Hull City,2025-04-21,2024.24,England
Hull City,2025-04-26,2021.41,England
Hull City,2025-05-03,2046.53,England
Hull City,2025-08-09,2032.11,England
Hull City,2025-08-12,2059.58,England
Hull City,2025-08-17,2044.26,England
Hull City,2025-08-23,2042.34,England
Hull City,2025-08-30,2017.95,England
Hull City,2025-09-13,1996.62,England
Hull City,2025-09-20,1980.51,England
Hull City,2025-09-27,1973.15,England
Hull City,2025-09-30,1979.32,England
Hull City,2025-10-04,1984.71,England
Hull City,2025-10-18,1982.16,England
Hull City,2025-10-21,1973.52,England
Hull City,2025-10-25,1979.74,England
Hull City,2025-11-01,1975.69,England
Hull City,2025-11-04,1964.32,England
Hull City,2025-11-08,1965.69,England
Hull City,2025-11-22,1971.53,England
Hull City,2025-11-25,1955.04,England
Hull City,2025-11-29,1949.32,England
Hull City,2025-12-05,1959.64,England
Hull City,2025-12-10,1958.86,England
Hull City,2025-12-13,1962.49,England
Hull City,2025-12-20,1960.59,England
Hull City,2025-12-26,1984.71,England
Hull City,2025-12-29,1978.38,England
Hull City,2026-01-01,1989.47,England
Hull City,2026-01-11,1998.87,England
Hull City,2026-01-17,1991.17,England
Hull City,2026-01-20,2001.07,England
Hull City,2026-01-24,1995.53,England
Hull City,2026-01-31,2001.22,England
Hull City,2026-02-03,2000.23,England
Hull City,2026-02-07,2002.07,England
Hull City,2026-02-13,2006.88,England
Hull City,2026-02-21,2009.44,England
Hull City,2026-02-24,2007.68,England
Hull City,2026-02-28,1984.19,England
Hull City,2026-03-03,1991.78,England
Hull City,2026-03-07,1980.36,England
Hull City,2026-03-10,1992.09,England
Hull City,2026-03-14,1985.73,England
Hull City,2026-03-21,1976.66,England
Hull City,2026-04-03,1963.62,England
Hull City,2026-04-06,1967.16,England
Hull City,2026-04-11,1988.79,England
Hull City,2026-04-18,2000.67,England
Hull City,2026-04-21,2009.24,England
Hull City,2026-04-25,2009.53,England
Hull City,2026-05-02,2030.79,England
Hull City,2026-05-08,2042.0,England
Hull City,2026-05-11,2042.72,England
Hull City,2026-05-23,2021.03,England
Hull City,2026-08-22,2025.15,England
Ipswich Town,2023-08-06,2190.32,England
Ipswich Town,2023-08-09,2135.31,England
Ipswich Town,2023-08-12,2115.7,England
Ipswich Town,2023-08-19,2107.2,England
Ipswich Town,2023-08-26,2118.82,England
Ipswich Town,2023-08-29,2120.5,England
Ipswich Town,2023-09-02,2130.27,England
Ipswich Town,2023-09-16,2127.78,England
Ipswich Town,2023-09-19,2129.64,England
Ipswich Town,2023-09-23,2125.67,England
Ipswich Town,2023-09-26,2111.72,England
Ipswich Town,2023-09-30,2114.69,England
Ipswich Town,2023-10-03,2117.11,England
Ipswich Town,2023-10-07,2122.99,England
Ipswich Town,2023-10-25,2130.95,England
Ipswich Town,2023-10-28,2151.53,England
Ipswich Town,2023-11-01,2137.07,England
Ipswich Town,2023-11-04,2138.59,England
Ipswich Town,2023-11-07,2130.44,England
Ipswich Town,2023-11-11,2138.86,England
Ipswich Town,2023-11-25,2129.15,England
Ipswich Town,2023-11-29,2123.3,England
Ipswich Town,2023-12-02,2123.76,England
Ipswich Town,2023-12-09,2124.57,England
Ipswich Town,2023-12-12,2124.32,England
Ipswich Town,2023-12-16,2137.66,England
Ipswich Town,2023-12-23,2138.8,England
Ipswich Town,2023-12-26,2139.85,England
Ipswich Town,2023-12-29,2135.2,England
Ipswich Town,2024-01-01,2126.26,England
Ipswich Town,2024-01-06,2145.83,England
Ipswich Town,2024-01-13,2150.05,England
Ipswich Town,2024-01-22,2146.82,England
Ipswich Town,2024-01-27,2156.82,England
Ipswich Town,2024-02-03,2150.14,England
Ipswich Town,2024-02-10,2144.39,England
Ipswich Town,2024-02-14,2156.14,England
Ipswich Town,2024-02-17,2154.94,England
Ipswich Town,2024-02-20,2151.31,England
Ipswich Town,2024-02-24,2150.92,England
Ipswich Town,2024-03-02,2148.03,England
Ipswich Town,2024-03-05,2149.56,England
Ipswich Town,2024-03-09,2154.52,England
Ipswich Town,2024-03-16,2136.33,England
Ipswich Town,2024-03-29,2132.71,England
Ipswich Town,2024-04-01,2149.77,England
Ipswich Town,2024-04-06,2152.67,England
Ipswich Town,2024-04-10,2163.96,England
Ipswich Town,2024-04-13,2162.57,England
Ipswich Town,2024-04-27,2158.87,England
Ipswich Town,2024-04-30,2188.54,England
Ipswich Town,2024-05-04,2220.86,England
Ipswich Town,2024-08-17,2206.42,England
Ipswich Town,2024-08-24,2195.64,England
Ipswich Town,2024-08-28,2179.67,England
Ipswich Town,2024-08-31,2157.22,England
Ipswich Town,2024-09-14,2142.45,England
Ipswich Town,2024-09-21,2148.68,England
Ipswich Town,2024-09-29,2130.99,England
Ipswich Town,2024-10-05,2134.7,England
Ipswich Town,2024-10-19,2139.3,England
Ipswich Town,2024-10-26,2115.58,England
Ipswich Town,2024-11-02,2104.28,England
Ipswich Town,2024-11-10,2105.38,England
Ipswich Town,2024-11-24,2100.31,England
Ipswich Town,2024-11-30,2118.65,England
Ipswich Town,2024-12-03,2115.02,England
Ipswich Town,2024-12-08,2123.74,England
Ipswich Town,2024-12-14,2136.38,England
Ipswich Town,2024-12-21,2134.59,England
Ipswich Town,2024-12-27,2108.28,England
Ipswich Town,2024-12-30,2100.22,England
Ipswich Town,2025-01-05,2102.07,England
Ipswich Town,2025-01-12,2088.04,England
Ipswich Town,2025-01-16,2121.48,England
Ipswich Town,2025-01-19,2120.24,England
Ipswich Town,2025-01-25,2117.36,England
Ipswich Town,2025-02-01,2101.07,England
Ipswich Town,2025-02-08,2101.13,England
Ipswich Town,2025-02-15,2119.13,England
Ipswich Town,2025-02-22,2126.86,England
Ipswich Town,2025-02-26,2146.81,England
Ipswich Town,2025-03-03,2128.97,England
Ipswich Town,2025-03-08,2126.55,England
Ipswich Town,2025-03-15,2124.03,England
Ipswich Town,2025-04-02,2121.03,England
Ipswich Town,2025-04-05,2131.07,England
Ipswich Town,2025-04-13,2108.15,England
Ipswich Town,2025-04-20,2070.26,England
Ipswich Town,2025-04-26,2051.76,England
Ipswich Town,2025-05-03,2059.75,England
Ipswich Town,2025-05-10,2051.86,England
Ipswich Town,2025-05-18,2046.44,England
Ipswich Town,2025-05-25,2063.66,England
Ipswich Town,2025-08-08,2105.62,England
Ipswich Town,2025-08-12,2106.85,England
Ipswich Town,2025-08-17,2132.91,England
Ipswich Town,2025-08-23,2115.89,England
Ipswich Town,2025-08-30,2124.86,England
Ipswich Town,2025-09-12,2132.53,England
Ipswich Town,2025-09-20,2156.77,England
Ipswich Town,2025-09-27,2170.72,England
Ipswich Town,2025-09-30,2175.3,England
Ipswich Town,2025-10-05,2166.81,England
Ipswich Town,2025-10-17,2161.39,England
Ipswich Town,2025-10-21,2163.97,England
Ipswich Town,2025-10-25,2157.53,England
Ipswich Town,2025-11-01,2143.27,England
Ipswich Town,2025-11-04,2137.52,England
Ipswich Town,2025-11-08,2142.24,England
Ipswich Town,2025-11-22,2151.49,England
Ipswich Town,2025-11-25,2167.99,England
Ipswich Town,2025-11-28,2178.4,England
Ipswich Town,2025-12-02,2169.09,England
Ipswich Town,2025-12-06,2166.11,England
Ipswich Town,2025-12-10,2174.76,England
Ipswich Town,2025-12-13,2175.61,England
Ipswich Town,2025-12-20,2191.03,England
Ipswich Town,2025-12-26,2187.14,England
Ipswich Town,2025-12-29,2182.51,England
Ipswich Town,2026-01-01,2176.48,England
Ipswich Town,2026-01-10,2189.53,England
Ipswich Town,2026-01-17,2185.38,England
Ipswich Town,2026-01-20,2183.43,England
Ipswich Town,2026-01-24,2182.99,England
Ipswich Town,2026-01-31,2191.53,England
Ipswich Town,2026-02-07,2190.06,England
Ipswich Town,2026-02-13,2165.49,England
Ipswich Town,2026-02-21,2179.85,England
Ipswich Town,2026-02-24,2178.38,England
Ipswich Town,2026-02-28,2175.22,England
Ipswich Town,2026-03-03,2167.62,England
Ipswich Town,2026-03-07,2164.11,England
Ipswich Town,2026-03-10,2191.27,England
Ipswich Town,2026-03-14,2175.78,England
Ipswich Town,2026-03-21,2185.26,England
Ipswich Town,2026-04-06,2201.66,England
Ipswich Town,2026-04-11,2196.99,England
Ipswich Town,2026-04-14,2198.32,England
Ipswich Town,2026-04-19,2191.05,England
Ipswich Town,2026-04-22,2206.23,England
Ipswich Town,2026-04-25,2205.3,England
Ipswich Town,2026-04-28,2202.4,England
Ipswich Town,2026-05-02,2215.64,England
Ipswich Town,2026-08-22,2188.11,England
Leeds United,2023-08-06,2199.6,England
Leeds United,2023-08-09,2170.69,England
Leeds United,2023-08-12,2121.26,England
Leeds United,2023-08-18,2113.1,England
Leeds United,2023-08-26,2101.48,England
Leeds United,2023-08-29,2112.89,England
Leeds United,2023-09-02,2133.83,England
Leeds United,2023-09-17,2147.32,England
Leeds United,2023-09-20,2142.84,England
Leeds United,2023-09-23,2150.36,England
Leeds United,2023-09-30,2165.49,England
Leeds United,2023-10-04,2174.2,England
Leeds United,2023-10-07,2190.03,England
Leeds United,2023-10-21,2203.45,England
Leeds United,2023-10-25,2206.88,England
Leeds United,2023-10-28,2225.68,England
Leeds United,2023-11-03,2220.5,England
Leeds United,2023-11-11,2219.01,England
Leeds United,2023-11-24,2226.76,England
Leeds United,2023-11-29,2231.39,England
Leeds United,2023-12-02,2236.35,England
Leeds United,2023-12-09,2245.74,England
Leeds United,2023-12-12,2244.53,England
Leeds United,2023-12-16,2234.86,England
Leeds United,2023-12-23,2233.72,England
Leeds United,2023-12-26,2240.6,England
Leeds United,2023-12-29,2224.53,England
Leeds United,2024-01-01,2226.84,England
Leeds United,2024-01-07,2221.69,England
Leeds United,2024-01-13,2227.62,England
Leeds United,2024-01-21,2245.4,England
Leeds United,2024-01-24,2238.51,England
Leeds United,2024-01-27,2221.24,England
Leeds United,2024-02-02,2225.14,England
Leeds United,2024-02-06,2218.28,England
Leeds United,2024-02-10,2215.82,England
Leeds United,2024-02-13,2213.97,England
Leeds United,2024-02-17,2236.4,England
Leeds United,2024-02-23,2248.43,England
Leeds United,2024-02-28,2239.61,England
Leeds United,2024-03-02,2234.25,England
Leeds United,2024-03-05,2242.38,England
Leeds United,2024-03-08,2248.29,England
Leeds United,2024-03-17,2250.32,England
Leeds United,2024-03-29,2261.39,England
Leeds United,2024-04-01,2265.47,England
Leeds United,2024-04-06,2271.64,England
Leeds United,2024-04-09,2262.31,England
Leeds United,2024-04-13,2267.11,England
Leeds United,2024-04-22,2276.48,England
Leeds United,2024-04-26,2277.76,England
Leeds United,2024-05-04,2295.76,England
Leeds United,2024-05-12,2276.08,England
Leeds United,2024-05-16,2256.0,England
Leeds United,2024-05-26,2242.05,England
Leeds United,2024-08-10,2248.62,England
Leeds United,2024-08-14,2250.17,England
Leeds United,2024-08-17,2252.59,England
Leeds United,2024-08-23,2231.05,England
Leeds United,2024-08-31,2259.94,England
Leeds United,2024-09-14,2234.36,England
Leeds United,2024-09-21,2228.57,England
Leeds United,2024-09-28,2225.68,England
Leeds United,2024-10-01,2218.69,England
Leeds United,2024-10-04,2210.65,England
Leeds United,2024-10-18,2192.07,England
Leeds United,2024-10-22,2215.55,England
Leeds United,2024-10-26,2224.81,England
Leeds United,2024-11-02,2226.82,England
Leeds United,2024-11-06,2238.86,England
Leeds United,2024-11-09,2242.93,England
Leeds United,2024-11-24,2243.94,England
Leeds United,2024-11-27,2251.45,England
Leeds United,2024-11-30,2253.3,England
Leeds United,2024-12-07,2257.14,England
Leeds United,2024-12-10,2247.39,England
Leeds United,2024-12-14,2259.18,England
Leeds United,2024-12-21,2255.77,England
Leeds United,2024-12-26,2261.07,England
Leeds United,2024-12-29,2268.94,England
Leeds United,2025-01-01,2285.36,England
Leeds United,2025-01-04,2294.88,England
Leeds United,2025-01-11,2294.88,England
Leeds United,2025-01-19,2292.6,England
Leeds United,2025-01-22,2293.1,England
Leeds United,2025-01-27,2280.8,England
Leeds United,2025-02-01,2285.93,England
Leeds United,2025-02-05,2288.05,England
Leeds United,2025-02-08,2248.01,England
Leeds United,2025-02-11,2270.42,England
Leeds United,2025-02-17,2303.76,England
Leeds United,2025-02-24,2300.69,England
Leeds United,2025-03-01,2311.11,England
Leeds United,2025-03-09,2311.76,England
Leeds United,2025-03-12,2316.8,England
Leeds United,2025-03-15,2324.78,England
Leeds United,2025-03-29,2335.47,England
Leeds United,2025-04-05,2323.28,England
Leeds United,2025-04-08,2316.77,England
Leeds United,2025-04-12,2306.72,England
Leeds United,2025-04-18,2313.2,England
Leeds United,2025-04-21,2308.28,England
Leeds United,2025-04-28,2308.11,England
Leeds United,2025-05-03,2295.81,England
Leeds United,2025-08-18,2256.41,England
Leeds United,2025-08-23,2234.87,England
Leeds United,2025-08-26,2296.34,England
Leeds United,2025-08-30,2311.56,England
Leeds United,2025-09-13,2259.02,England
Leeds United,2025-09-20,2249.38,England
Leeds United,2025-09-27,2224.7,England
Leeds United,2025-10-04,2246.78,England
Leeds United,2025-10-18,2253.57,England
Leeds United,2025-10-24,2271.15,England
Leeds United,2025-11-01,2270.31,England
Leeds United,2025-11-09,2266.91,England
Leeds United,2025-11-23,2233.72,England
Leeds United,2025-11-29,2233.42,England
Leeds United,2025-12-03,2236.7,England
Leeds United,2025-12-06,2247.24,England
Leeds United,2025-12-14,2254.75,England
Leeds United,2025-12-20,2271.76,England
Leeds United,2025-12-28,2283.16,England
Leeds United,2026-01-01,2284.62,England
Leeds United,2026-01-04,2289.92,England
Leeds United,2026-01-07,2292.89,England
Leeds United,2026-01-11,2280.4,England
Leeds United,2026-01-17,2278.95,England
Leeds United,2026-01-26,2277.89,England
Leeds United,2026-01-31,2274.35,England
Leeds United,2026-02-06,2264.01,England
Leeds United,2026-02-10,2250.83,England
Leeds United,2026-02-15,2254.65,England
Leeds United,2026-02-21,2260.11,England
Leeds United,2026-02-28,2265.74,England
Leeds United,2026-03-03,2272.73,England
Leeds United,2026-03-08,2245.43,England
Leeds United,2026-03-15,2279.46,England
Leeds United,2026-03-21,2305.51,England
Leeds United,2026-04-05,2297.56,England
Leeds United,2026-04-13,2303.09,England
Leeds United,2026-04-18,2315.51,England
Leeds United,2026-04-22,2295.56,England
Leeds United,2026-04-26,2289.61,England
Leeds United,2026-05-01,2299.99,England
Leeds United,2026-05-11,2269.28,England
Leeds United,2026-05-17,2245.36,England
Leeds United,2026-05-24,2218.38,England
Leeds United,2026-08-22,2234.95,England
Leicester City,2023-08-06,2182.91,England
Leicester City,2023-08-09,2155.52,England
Leicester City,2023-08-12,2147.89,England
Leicester City,2023-08-19,2140.3,England
Leicester City,2023-08-26,2157.53,England
Leicester City,2023-08-29,2163.65,England
Leicester City,2023-09-02,2152.85,England
Leicester City,2023-09-15,2150.72,England
Leicester City,2023-09-20,2149.02,England
Leicester City,2023-09-23,2142.9,England
Leicester City,2023-09-27,2161.51,England
Leicester City,2023-10-01,2151.64,England
Leicester City,2023-10-04,2170.42,England
Leicester City,2023-10-07,2198.11,England
Leicester City,2023-10-21,2195.03,England
Leicester City,2023-10-24,2198.95,England
Leicester City,2023-10-28,2218.06,England
Leicester City,2023-11-03,2223.24,England
Leicester City,2023-11-11,2213.95,England
Leicester City,2023-11-25,2211.48,England
Leicester City,2023-11-29,2220.65,England
Leicester City,2023-12-02,2214.89,England
Leicester City,2023-12-09,2216.64,England
Leicester City,2023-12-13,2215.72,England
Leicester City,2023-12-18,2239.31,England
Leicester City,2023-12-23,2231.61,England
Leicester City,2023-12-26,2230.56,England
Leicester City,2023-12-29,2229.95,England
Leicester City,2024-01-01,2234.17,England
Leicester City,2024-01-06,2190.89,England
Leicester City,2024-01-13,2213.96,England
Leicester City,2024-01-22,2217.18,England
Leicester City,2024-01-27,2183.51,England
Leicester City,2024-01-30,2191.74,England
Leicester City,2024-02-03,2198.58,England
Leicester City,2024-02-10,2211.4,England
Leicester City,2024-02-13,2223.02,England
Leicester City,2024-02-17,2233.18,England
Leicester City,2024-02-23,2221.15,England
Leicester City,2024-02-27,2194.43,England
Leicester City,2024-03-02,2188.49,England
Leicester City,2024-03-05,2202.43,England
Leicester City,2024-03-09,2209.95,England
Leicester City,2024-03-17,2209.87,England
Leicester City,2024-03-29,2220.49,England
Leicester City,2024-04-01,2223.07,England
Leicester City,2024-04-06,2229.84,England
Leicester City,2024-04-09,2222.15,England
Leicester City,2024-04-12,2232.74,England
Leicester City,2024-04-20,2239.49,England
Leicester City,2024-04-23,2245.98,England
Leicester City,2024-04-29,2246.01,England
Leicester City,2024-05-04,2217.48,England
Leicester City,2024-08-19,2208.61,England
Leicester City,2024-08-24,2190.55,England
Leicester City,2024-08-27,2187.22,England
Leicester City,2024-08-31,2164.96,England
Leicester City,2024-09-14,2169.69,England
Leicester City,2024-09-21,2194.53,England
Leicester City,2024-09-24,2187.63,England
Leicester City,2024-09-28,2180.78,England
Leicester City,2024-10-05,2165.98,England
Leicester City,2024-10-19,2150.26,England
Leicester City,2024-10-25,2148.22,England
Leicester City,2024-10-30,2127.57,England
Leicester City,2024-11-02,2138.88,England
Leicester City,2024-11-10,2143.34,England
Leicester City,2024-11-23,2138.05,England
Leicester City,2024-11-30,2133.18,England
Leicester City,2024-12-03,2126.66,England
Leicester City,2024-12-08,2119.35,England
Leicester City,2024-12-14,2102.76,England
Leicester City,2024-12-22,2087.42,England
Leicester City,2024-12-26,2083.94,England
Leicester City,2024-12-29,2088.71,England
Leicester City,2025-01-04,2093.43,England
Leicester City,2025-01-11,2084.39,England
Leicester City,2025-01-15,2097.36,England
Leicester City,2025-01-18,2092.39,England
Leicester City,2025-01-26,2100.09,England
Leicester City,2025-02-01,2114.89,England
Leicester City,2025-02-07,2092.64,England
Leicester City,2025-02-15,2110.08,England
Leicester City,2025-02-21,2098.48,England
Leicester City,2025-02-27,2099.24,England
Leicester City,2025-03-09,2099.3,England
Leicester City,2025-03-16,2083.18,England
Leicester City,2025-04-02,2070.7,England
Leicester City,2025-04-07,2065.99,England
Leicester City,2025-04-12,2058.71,England
Leicester City,2025-04-20,2056.8,England
Leicester City,2025-04-26,2053.59,England
Leicester City,2025-05-03,2053.07,England
Leicester City,2025-05-11,2050.97,England
Leicester City,2025-05-18,2056.4,England
Leicester City,2025-05-25,2048.7,England
Leicester City,2025-08-10,2121.2,England
Leicester City,2025-08-13,2165.48,England
Leicester City,2025-08-16,2160.07,England
Leicester City,2025-08-23,2148.91,England
Leicester City,2025-08-29,2118.53,England
Leicester City,2025-09-13,2122.26,England
Leicester City,2025-09-20,2123.22,England
Leicester City,2025-09-26,2116.02,England
Leicester City,2025-09-30,2094.45,England
Leicester City,2025-10-04,2093.51,England
Leicester City,2025-10-18,2105.88,England
Leicester City,2025-10-21,2114.52,England
Leicester City,2025-10-25,2112.2,England
Leicester City,2025-11-01,2096.19,England
Leicester City,2025-11-04,2093.15,England
Leicester City,2025-11-08,2089.23,England
Leicester City,2025-11-22,2085.53,England
Leicester City,2025-11-25,2064.18,England
Leicester City,2025-11-29,2049.3,England
Leicester City,2025-12-06,2047.51,England
Leicester City,2025-12-10,2042.19,England
Leicester City,2025-12-13,2041.34,England
Leicester City,2025-12-20,2047.37,England
Leicester City,2025-12-26,2046.88,England
Leicester City,2025-12-29,2048.68,England
Leicester City,2026-01-01,2033.15,England
Leicester City,2026-01-05,2018.02,England
Leicester City,2026-01-10,1995.79,England
Leicester City,2026-01-17,2006.86,England
Leicester City,2026-01-20,2008.62,England
Leicester City,2026-01-24,2021.83,England
Leicester City,2026-01-31,2012.97,England
Leicester City,2026-02-07,2001.17,England
Leicester City,2026-02-10,1994.64,England
Leicester City,2026-02-14,2004.95,England
Leicester City,2026-02-21,2012.85,England
Leicester City,2026-02-24,2003.39,England
Leicester City,2026-02-28,2000.06,England
Leicester City,2026-03-07,2003.57,England
Leicester City,2026-03-10,2008.31,England
Leicester City,2026-03-14,2019.4,England
Leicester City,2026-03-21,2024.86,England
Leicester City,2026-04-03,2015.77,England
Leicester City,2026-04-06,2023.59,England
Leicester City,2026-04-11,2041.39,England
Leicester City,2026-04-18,2044.27,England
Leicester City,2026-04-21,2035.7,England
Leicester City,2026-04-24,2002.07,England
Leicester City,2026-05-02,1985.49,England
Leicester City,2026-08-15,1999.88,England
Leyton Orient,2023-08-05,1844.3,England
Leyton Orient,2023-08-08,1861.45,England
Leyton Orient,2023-08-12,1843.26,England
Leyton Orient,2023-08-15,1835.82,England
Leyton Orient,2023-08-19,1817.22,England
Leyton Orient,2023-08-26,1812.14,England
Leyton Orient,2023-09-02,1816.05,England
Leyton Orient,2023-09-09,1827.49,England
Leyton Orient,2023-09-16,1849.49,England
Leyton Orient,2023-09-23,1867.97,England
Leyton Orient,2023-09-30,1866.89,England
Leyton Orient,2023-10-03,1861.37,England
Leyton Orient,2023-10-07,1871.1,England
Leyton Orient,2023-10-14,1870.43,England
Leyton Orient,2023-10-21,1873.04,England
Leyton Orient,2023-10-24,1874.14,England
Leyton Orient,2023-10-28,1886.49,England
Leyton Orient,2023-11-04,1888.03,England
Leyton Orient,2023-11-11,1895.2,England
Leyton Orient,2023-11-21,1898.69,England
Leyton Orient,2023-11-25,1896.92,England
Leyton Orient,2023-11-28,1900.61,England
Leyton Orient,2023-12-03,1918.09,England
Leyton Orient,2023-12-09,1909.66,England
Leyton Orient,2023-12-16,1873.65,England
Leyton Orient,2023-12-23,1870.28,England
Leyton Orient,2023-12-26,1874.7,England
Leyton Orient,2023-12-29,1876.57,England
Leyton Orient,2024-01-01,1875.22,England
Leyton Orient,2024-01-13,1878.8,England
Leyton Orient,2024-01-20,1885.35,England
Leyton Orient,2024-01-27,1908.25,England
Leyton Orient,2024-02-03,1922.33,England
Leyton Orient,2024-02-06,1944.78,England
Leyton Orient,2024-02-10,1947.45,England
Leyton Orient,2024-02-13,1959.6,England
Leyton Orient,2024-02-17,1961.73,England
Leyton Orient,2024-02-24,1948.82,England
Leyton Orient,2024-02-27,1945.73,England
Leyton Orient,2024-03-02,1952.07,England
Leyton Orient,2024-03-09,1956.34,England
Leyton Orient,2024-03-12,1946.91,England
Leyton Orient,2024-03-16,1938.97,England
Leyton Orient,2024-03-29,1928.55,England
Leyton Orient,2024-04-01,1923.18,England
Leyton Orient,2024-04-06,1909.06,England
Leyton Orient,2024-04-09,1904.71,England
Leyton Orient,2024-04-13,1885.84,England
Leyton Orient,2024-04-20,1874.21,England
Leyton Orient,2024-04-27,1864.42,England
Leyton Orient,2024-08-10,1878.52,England
Leyton Orient,2024-08-13,1895.28,England
Leyton Orient,2024-08-17,1902.71,England
Leyton Orient,2024-08-24,1875.07,England
Leyton Orient,2024-08-27,1868.45,England
Leyton Orient,2024-08-31,1890.47,England
Leyton Orient,2024-09-14,1856.03,England
Leyton Orient,2024-09-17,1859.13,England
Leyton Orient,2024-09-21,1834.41,England
Leyton Orient,2024-09-24,1822.13,England
Leyton Orient,2024-09-28,1829.69,England
Leyton Orient,2024-10-01,1833.52,England
Leyton Orient,2024-10-05,1857.76,England
Leyton Orient,2024-10-19,1886.58,England
Leyton Orient,2024-10-22,1905.82,England
Leyton Orient,2024-10-26,1903.67,England
Leyton Orient,2024-11-03,1951.88,England
Leyton Orient,2024-11-09,1952.01,England
Leyton Orient,2024-11-23,1947.53,England
Leyton Orient,2024-11-26,1944.23,England
Leyton Orient,2024-11-30,1957.73,England
Leyton Orient,2024-12-03,1933.63,England
Leyton Orient,2024-12-07,1908.95,England
Leyton Orient,2024-12-14,1915.05,England
Leyton Orient,2024-12-21,1929.78,England
Leyton Orient,2024-12-26,1949.1,England
Leyton Orient,2024-12-29,1948.53,England
Leyton Orient,2025-01-01,1959.97,England
Leyton Orient,2025-01-04,1963.33,England
Leyton Orient,2025-01-14,1958.77,England
Leyton Orient,2025-01-18,1948.51,England
Leyton Orient,2025-01-25,1948.12,England
Leyton Orient,2025-01-28,1954.45,England
Leyton Orient,2025-02-01,1963.22,England
Leyton Orient,2025-02-08,1981.14,England
Leyton Orient,2025-02-11,1985.59,England
Leyton Orient,2025-02-15,1993.08,England
Leyton Orient,2025-02-18,1997.59,England
Leyton Orient,2025-02-22,1995.7,England
Leyton Orient,2025-02-25,1991.85,England
Leyton Orient,2025-03-01,1967.28,England
Leyton Orient,2025-03-04,1955.72,England
Leyton Orient,2025-03-08,1955.2,England
Leyton Orient,2025-03-15,1952.12,England
Leyton Orient,2025-03-27,1938.69,England
Leyton Orient,2025-04-01,1930.57,England
Leyton Orient,2025-04-05,1929.78,England
Leyton Orient,2025-04-08,1930.86,England
Leyton Orient,2025-04-12,1936.57,England
Leyton Orient,2025-04-18,1951.68,England
Leyton Orient,2025-04-21,1958.33,England
Leyton Orient,2025-04-26,1965.56,England
Leyton Orient,2025-05-03,2022.21,England
Leyton Orient,2025-05-10,2027.22,England
Leyton Orient,2025-05-14,1995.66,England
Leyton Orient,2025-05-25,2001.2,England
Leyton Orient,2025-08-02,1955.75,England
Leyton Orient,2025-08-09,1932.12,England
Leyton Orient,2025-08-12,1934.01,England
Leyton Orient,2025-08-16,1945.57,England
Leyton Orient,2025-08-19,1969.47,England
Leyton Orient,2025-08-23,1966.98,England
Leyton Orient,2025-08-30,1952.13,England
Leyton Orient,2025-09-06,1931.74,England
Leyton Orient,2025-09-13,1923.93,England
Leyton Orient,2025-09-20,1920.76,England
Leyton Orient,2025-09-27,1903.49,England
Leyton Orient,2025-10-04,1906.34,England
Leyton Orient,2025-10-11,1914.88,England
Leyton Orient,2025-10-18,1903.48,England
Leyton Orient,2025-10-25,1894.49,England
Leyton Orient,2025-11-03,1933.43,England
Leyton Orient,2025-11-08,1919.47,England
Leyton Orient,2025-11-15,1937.99,England
Leyton Orient,2025-11-22,1939.88,England
Leyton Orient,2025-11-29,1931.53,England
Leyton Orient,2025-12-05,1932.98,England
Leyton Orient,2025-12-09,1927.84,England
Leyton Orient,2025-12-13,1924.1,England
Leyton Orient,2025-12-20,1917.11,England
Leyton Orient,2025-12-26,1912.78,England
Leyton Orient,2025-12-29,1899.79,England
Leyton Orient,2026-01-01,1894.68,England
Leyton Orient,2026-01-10,1882.67,England
Leyton Orient,2026-01-17,1883.4,England
Leyton Orient,2026-01-24,1894.13,England
Leyton Orient,2026-01-27,1888.05,England
Leyton Orient,2026-01-31,1889.24,England
Leyton Orient,2026-02-07,1879.47,England
Leyton Orient,2026-02-17,1867.4,England
Leyton Orient,2026-02-21,1878.08,England
Leyton Orient,2026-02-28,1884.92,England
Leyton Orient,2026-03-07,1887.85,England
Leyton Orient,2026-03-10,1875.91,England
Leyton Orient,2026-03-14,1878.13,England
Leyton Orient,2026-03-17,1876.39,England
Leyton Orient,2026-03-21,1870.8,England
Leyton Orient,2026-03-28,1878.93,England
Leyton Orient,2026-04-02,1880.23,England
Leyton Orient,2026-04-06,1884.69,England
Leyton Orient,2026-04-11,1883.36,England
Leyton Orient,2026-04-14,1900.86,England
Leyton Orient,2026-04-18,1909.87,England
Leyton Orient,2026-04-25,1929.4,England
Leyton Orient,2026-05-02,1952.45,England
Leyton Orient,2026-08-15,1880.72,England
Lincoln City,2023-08-05,1822.08,England
Lincoln City,2023-08-08,1859.49,England
Lincoln City,2023-08-12,1878.58,England
Lincoln City,2023-08-15,1888.6,England
Lincoln City,2023-08-19,1864.26,England
Lincoln City,2023-08-26,1861.87,England
Lincoln City,2023-08-30,1864.42,England
Lincoln City,2023-09-02,1855.48,England
Lincoln City,2023-09-16,1857.78,England
Lincoln City,2023-09-23,1849.88,England
Lincoln City,2023-09-27,1858.49,England
Lincoln City,2023-09-30,1858.04,England
Lincoln City,2023-10-03,1863.56,England
Lincoln City,2023-10-07,1862.09,England
Lincoln City,2023-10-14,1852.46,England
Lincoln City,2023-10-21,1855.89,England
Lincoln City,2023-10-24,1844.26,England
Lincoln City,2023-10-28,1849.53,England
Lincoln City,2023-10-31,1861.82,England
Lincoln City,2023-11-04,1873.01,England
Lincoln City,2023-11-11,1870.93,England
Lincoln City,2023-11-18,1860.21,England
Lincoln City,2023-11-21,1856.72,England
Lincoln City,2023-11-25,1854.22,England
Lincoln City,2023-11-28,1861.43,England
Lincoln City,2023-12-09,1852.26,England
Lincoln City,2023-12-16,1849.86,England
Lincoln City,2023-12-21,1866.07,England
Lincoln City,2023-12-26,1855.82,England
Lincoln City,2023-12-29,1851.87,England
Lincoln City,2024-01-01,1838.88,England
Lincoln City,2024-01-13,1824.55,England
Lincoln City,2024-01-20,1818.11,England
Lincoln City,2024-01-27,1824.99,England
Lincoln City,2024-02-03,1853.69,England
Lincoln City,2024-02-10,1850.22,England
Lincoln City,2024-02-13,1860.49,England
Lincoln City,2024-02-17,1863.74,England
Lincoln City,2024-02-24,1873.73,England
Lincoln City,2024-02-27,1879.1,England
Lincoln City,2024-03-02,1898.85,England
Lincoln City,2024-03-09,1907.32,England
Lincoln City,2024-03-12,1925.44,England
Lincoln City,2024-03-16,1936.49,England
Lincoln City,2024-03-29,1946.91,England
Lincoln City,2024-04-01,1954.88,England
Lincoln City,2024-04-06,1959.45,England
Lincoln City,2024-04-13,1963.56,England
Lincoln City,2024-04-16,1954.45,England
Lincoln City,2024-04-20,1972.11,England
Lincoln City,2024-04-27,1992.05,England
Lincoln City,2024-08-10,1983.76,England
Lincoln City,2024-08-13,1956.87,England
Lincoln City,2024-08-17,1941.01,England
Lincoln City,2024-08-24,1940.51,England
Lincoln City,2024-08-31,1938.84,England
Lincoln City,2024-09-14,1938.41,England
Lincoln City,2024-09-21,1921.04,England
Lincoln City,2024-09-28,1923.23,England
Lincoln City,2024-10-01,1911.65,England
Lincoln City,2024-10-05,1887.41,England
Lincoln City,2024-10-19,1902.53,England
Lincoln City,2024-10-22,1902.32,England
Lincoln City,2024-10-26,1901.26,England
Lincoln City,2024-10-29,1900.5,England
Lincoln City,2024-11-04,1930.4,England
Lincoln City,2024-11-09,1924.93,England
Lincoln City,2024-11-16,1931.42,England
Lincoln City,2024-11-23,1941.15,England
Lincoln City,2024-11-26,1929.28,England
Lincoln City,2024-11-30,1929.37,England
Lincoln City,2024-12-03,1937.45,England
Lincoln City,2024-12-07,1943.01,England
Lincoln City,2024-12-14,1929.72,England
Lincoln City,2024-12-21,1950.67,England
Lincoln City,2024-12-26,1958.32,England
Lincoln City,2024-12-29,1970.91,England
Lincoln City,2025-01-01,1967.62,England
Lincoln City,2025-01-04,1975.34,England
Lincoln City,2025-01-11,1977.94,England
Lincoln City,2025-01-18,1961.09,England
Lincoln City,2025-01-25,1941.67,England
Lincoln City,2025-01-28,1946.46,England
Lincoln City,2025-02-01,1944.53,England
Lincoln City,2025-02-08,1928.07,England
Lincoln City,2025-02-15,1920.59,England
Lincoln City,2025-02-18,1918.26,England
Lincoln City,2025-02-22,1920.5,England
Lincoln City,2025-03-01,1924.84,England
Lincoln City,2025-03-04,1924.03,England
Lincoln City,2025-03-08,1923.91,England
Lincoln City,2025-03-15,1935.97,England
Lincoln City,2025-03-22,1934.92,England
Lincoln City,2025-03-29,1934.7,England
Lincoln City,2025-04-01,1935.22,England
Lincoln City,2025-04-05,1919.14,England
Lincoln City,2025-04-12,1929.37,England
Lincoln City,2025-04-18,1907.62,England
Lincoln City,2025-04-21,1921.64,England
Lincoln City,2025-04-26,1941.97,England
Lincoln City,2025-05-03,1939.0,England
Lincoln City,2025-08-02,1937.84,England
Lincoln City,2025-08-09,1962.55,England
Lincoln City,2025-08-12,1952.24,England
Lincoln City,2025-08-16,1935.33,England
Lincoln City,2025-08-19,1913.97,England
Lincoln City,2025-08-23,1921.62,England
Lincoln City,2025-08-26,1921.76,England
Lincoln City,2025-08-30,1921.24,England
Lincoln City,2025-09-06,1927.08,England
Lincoln City,2025-09-13,1929.89,England
Lincoln City,2025-09-20,1930.6,England
Lincoln City,2025-09-23,1940.95,England
Lincoln City,2025-09-27,1938.36,England
Lincoln City,2025-10-04,1932.72,England
Lincoln City,2025-10-18,1937.07,England
Lincoln City,2025-10-25,1946.06,England
Lincoln City,2025-10-28,1938.4,England
Lincoln City,2025-11-01,1939.59,England
Lincoln City,2025-11-08,1947.49,England
Lincoln City,2025-11-15,1954.14,England
Lincoln City,2025-11-22,1957.09,England
Lincoln City,2025-11-29,1961.88,England
Lincoln City,2025-12-09,1968.27,England
Lincoln City,2025-12-13,1973.95,England
Lincoln City,2025-12-20,1978.49,England
Lincoln City,2025-12-26,1981.48,England
Lincoln City,2025-12-29,1989.49,England
Lincoln City,2026-01-01,1976.43,England
Lincoln City,2026-01-04,1973.63,England
Lincoln City,2026-01-17,1987.13,England
Lincoln City,2026-01-22,1995.18,England
Lincoln City,2026-01-27,2004.89,England
Lincoln City,2026-01-31,2017.74,England
Lincoln City,2026-02-07,2008.18,England
Lincoln City,2026-02-14,2016.6,England
Lincoln City,2026-02-17,2023.89,England
Lincoln City,2026-02-21,2027.57,England
Lincoln City,2026-02-28,2036.73,England
Lincoln City,2026-03-07,2043.16,England
Lincoln City,2026-03-10,2057.14,England
Lincoln City,2026-03-14,2076.99,England
Lincoln City,2026-03-17,2075.58,England
Lincoln City,2026-03-21,2082.38,England
Lincoln City,2026-04-03,2084.82,England
Lincoln City,2026-04-06,2089.58,England
Lincoln City,2026-04-11,2090.92,England
Lincoln City,2026-04-18,2086.61,England
Lincoln City,2026-04-21,2082.02,England
Lincoln City,2026-04-25,2076.61,England
Lincoln City,2026-05-02,2068.63,England
Lincoln City,2026-08-15,2029.61,England
Liverpool FC,2023-08-13,2433.54,England
Liverpool FC,2023-08-19,2425.06,England
Liverpool FC,2023-08-27,2435.75,England
Liverpool FC,2023-09-03,2441.03,England
Liverpool FC,2023-09-16,2428.99,England
Liverpool FC,2023-09-21,2444.43,England
Liverpool FC,2023-09-24,2456.39,England
Liverpool FC,2023-09-27,2437.8,England
Liverpool FC,2023-09-30,2434.93,England
Liverpool FC,2023-10-05,2453.82,England
Liverpool FC,2023-10-08,2474.44,England
Liverpool FC,2023-10-21,2464.48,England
Liverpool FC,2023-10-26,2438.14,England
Liverpool FC,2023-10-29,2472.61,England
Liverpool FC,2023-11-01,2466.68,England
Liverpool FC,2023-11-05,2478.46,England
Liverpool FC,2023-11-09,2448.14,England
Liverpool FC,2023-11-12,2445.1,England
Liverpool FC,2023-11-25,2468.73,England
Liverpool FC,2023-11-30,2472.47,England
Liverpool FC,2023-12-03,2489.65,England
Liverpool FC,2023-12-06,2495.11,England
Liverpool FC,2023-12-09,2492.45,England
Liverpool FC,2023-12-14,2424.26,England
Liverpool FC,2023-12-17,2440.5,England
Liverpool FC,2023-12-20,2404.44,England
Liverpool FC,2023-12-23,2390.73,England
Liverpool FC,2023-12-26,2420.51,England
Liverpool FC,2024-01-01,2447.91,England
Liverpool FC,2024-01-07,2480.15,England
Liverpool FC,2024-01-10,2460.65,England
Liverpool FC,2024-01-21,2464.26,England
Liverpool FC,2024-01-24,2439.57,England
Liverpool FC,2024-01-28,2431.93,England
Liverpool FC,2024-01-31,2446.56,England
Liverpool FC,2024-02-04,2474.14,England
Liverpool FC,2024-02-10,2486.49,England
Liverpool FC,2024-02-17,2475.62,England
Liverpool FC,2024-02-21,2450.07,England
Liverpool FC,2024-02-25,2433.3,England
Liverpool FC,2024-02-28,2424.12,England
Liverpool FC,2024-03-02,2426.34,England
Liverpool FC,2024-03-07,2435.44,England
Liverpool FC,2024-03-10,2439.2,England
Liverpool FC,2024-03-14,2464.89,England
Liverpool FC,2024-03-17,2486.8,England
Liverpool FC,2024-03-31,2499.4,England
Liverpool FC,2024-04-04,2505.74,England
Liverpool FC,2024-04-07,2518.97,England
Liverpool FC,2024-04-11,2520.64,England
Liverpool FC,2024-04-14,2525.3,England
Liverpool FC,2024-04-18,2541.17,England
Liverpool FC,2024-04-21,2527.3,England
Liverpool FC,2024-04-24,2539.74,England
Liverpool FC,2024-04-27,2527.66,England
Liverpool FC,2024-05-05,2551.45,England
Liverpool FC,2024-05-13,2558.45,England
Liverpool FC,2024-05-19,2548.55,England
Liverpool FC,2024-08-17,2562.99,England
Liverpool FC,2024-08-25,2567.76,England
Liverpool FC,2024-09-01,2540.36,England
Liverpool FC,2024-09-14,2526.29,England
Liverpool FC,2024-09-17,2527.47,England
Liverpool FC,2024-09-21,2522.68,England
Liverpool FC,2024-09-25,2514.94,England
Liverpool FC,2024-09-28,2538.01,England
Liverpool FC,2024-10-02,2543.57,England
Liverpool FC,2024-10-05,2540.9,England
Liverpool FC,2024-10-20,2533.23,England
Liverpool FC,2024-10-23,2514.53,England
Liverpool FC,2024-10-27,2529.57,England
Liverpool FC,2024-10-30,2494.77,England
Liverpool FC,2024-11-02,2495.93,England
Liverpool FC,2024-11-05,2497.93,England
Liverpool FC,2024-11-09,2502.14,England
Liverpool FC,2024-11-24,2519.4,England
Liverpool FC,2024-11-27,2516.35,England
Liverpool FC,2024-12-01,2528.29,England
Liverpool FC,2024-12-04,2534.95,England
Liverpool FC,2024-12-10,2560.21,England
Liverpool FC,2024-12-14,2567.87,England
Liverpool FC,2024-12-18,2521.43,England
Liverpool FC,2024-12-22,2549.43,England
Liverpool FC,2024-12-26,2552.9,England
Liverpool FC,2024-12-29,2569.8,England
Liverpool FC,2025-01-05,2586.43,England
Liverpool FC,2025-01-08,2566.38,England
Liverpool FC,2025-01-11,2566.38,England
Liverpool FC,2025-01-14,2551.02,England
Liverpool FC,2025-01-18,2554.87,England
Liverpool FC,2025-01-21,2524.1,England
Liverpool FC,2025-01-25,2526.97,England
Liverpool FC,2025-01-29,2475.31,England
Liverpool FC,2025-02-01,2515.05,England
Liverpool FC,2025-02-06,2512.65,England
Liverpool FC,2025-02-09,2464.19,England
Liverpool FC,2025-02-12,2500.23,England
Liverpool FC,2025-02-16,2507.19,England
Liverpool FC,2025-02-19,2524.86,England
Liverpool FC,2025-02-23,2535.37,England
Liverpool FC,2025-02-26,2552.03,England
Liverpool FC,2025-03-05,2547.87,England
Liverpool FC,2025-03-08,2527.78,England
Liverpool FC,2025-03-11,2478.64,England
Liverpool FC,2025-03-16,2471.73,England
Liverpool FC,2025-04-02,2479.14,England
Liverpool FC,2025-04-06,2475.3,England
Liverpool FC,2025-04-13,2486.23,England
Liverpool FC,2025-04-20,2488.14,England
Liverpool FC,2025-04-27,2513.97,England
Liverpool FC,2025-05-04,2506.88,England
Liverpool FC,2025-05-11,2470.57,England
Liverpool FC,2025-05-19,2428.47,England
Liverpool FC,2025-05-25,2461.73,England
Liverpool FC,2025-08-10,2482.14,England
Liverpool FC,2025-08-15,2483.19,England
Liverpool FC,2025-08-25,2526.24,England
Liverpool FC,2025-08-31,2494.38,England
Liverpool FC,2025-09-14,2496.69,England
Liverpool FC,2025-09-17,2514.1,England
Liverpool FC,2025-09-20,2498.87,England
Liverpool FC,2025-09-23,2473.3,England
Liverpool FC,2025-09-27,2464.09,England
Liverpool FC,2025-09-30,2480.6,England
Liverpool FC,2025-10-04,2481.56,England
Liverpool FC,2025-10-19,2494.99,England
Liverpool FC,2025-10-22,2495.61,England
Liverpool FC,2025-10-25,2474.61,England
Liverpool FC,2025-10-29,2421.68,England
Liverpool FC,2025-11-01,2445.63,England
Liverpool FC,2025-11-04,2458.4,England
Liverpool FC,2025-11-09,2466.16,England
Liverpool FC,2025-11-22,2486.01,England
Liverpool FC,2025-11-26,2522.99,England
Liverpool FC,2025-11-30,2501.57,England
Liverpool FC,2025-12-03,2486.84,England
Liverpool FC,2025-12-06,2476.31,England
Liverpool FC,2025-12-09,2463.36,England
Liverpool FC,2025-12-13,2461.62,England
Liverpool FC,2025-12-20,2480.86,England
Liverpool FC,2025-12-27,2466.23,England
Liverpool FC,2026-01-01,2464.77,England
Liverpool FC,2026-01-04,2464.61,England
Liverpool FC,2026-01-08,2451.5,England
Liverpool FC,2026-01-12,2451.5,England
Liverpool FC,2026-01-17,2446.48,England
Liverpool FC,2026-01-21,2437.14,England
Liverpool FC,2026-01-24,2452.73,England
Liverpool FC,2026-01-28,2435.45,England
Liverpool FC,2026-01-31,2454.11,England
Liverpool FC,2026-02-08,2478.78,England
Liverpool FC,2026-02-11,2473.67,England
Liverpool FC,2026-02-14,2463.87,England
Liverpool FC,2026-02-22,2475.22,England
Liverpool FC,2026-02-28,2445.32,England
Liverpool FC,2026-03-03,2444.94,England
Liverpool FC,2026-03-06,2434.24,England
Liverpool FC,2026-03-10,2441.91,England
Liverpool FC,2026-03-15,2465.93,England
Liverpool FC,2026-03-18,2480.11,England
Liverpool FC,2026-03-21,2478.16,England
Liverpool FC,2026-04-04,2470.73,England
Liverpool FC,2026-04-08,2435.99,England
Liverpool FC,2026-04-11,2416.75,England
Liverpool FC,2026-04-14,2386.14,England
Liverpool FC,2026-04-19,2382.76,England
Liverpool FC,2026-04-25,2393.17,England
Liverpool FC,2026-05-03,2412.15,England
Liverpool FC,2026-05-09,2407.43,England
Liverpool FC,2026-05-15,2406.49,England
Liverpool FC,2026-05-24,2412.54,England
Liverpool FC,2026-08-23,2412.66,England
Luton Town,2023-08-12,2110.61,England
Luton Town,2023-08-25,2078.14,England
Luton Town,2023-08-29,2066.56,England
Luton Town,2023-09-01,2043.24,England
Luton Town,2023-09-16,2028.47,England
Luton Town,2023-09-23,2042.96,England
Luton Town,2023-09-26,2039.42,England
Luton Town,2023-09-30,2036.63,England
Luton Town,2023-10-03,2047.03,England
Luton Town,2023-10-07,2038.72,England
Luton Town,2023-10-21,2046.6,England
Luton Town,2023-10-29,2054.44,England
Luton Town,2023-11-05,2042.66,England
Luton Town,2023-11-11,2057.22,England
Luton Town,2023-11-25,2063.8,England
Luton Town,2023-12-02,2059.62,England
Luton Town,2023-12-05,2055.69,England
Luton Town,2023-12-10,2083.43,England
Luton Town,2023-12-16,2070.81,England
Luton Town,2023-12-23,2062.74,England
Luton Town,2023-12-26,2062.28,England
Luton Town,2023-12-30,2067.09,England
Luton Town,2024-01-07,2081.61,England
Luton Town,2024-01-12,2078.95,England
Luton Town,2024-01-16,2095.75,England
Luton Town,2024-01-27,2103.19,England
Luton Town,2024-01-30,2102.3,England
Luton Town,2024-02-03,2113.43,England
Luton Town,2024-02-10,2129.18,England
Luton Town,2024-02-18,2132.42,England
Luton Town,2024-02-21,2157.97,England
Luton Town,2024-02-27,2162.59,England
Luton Town,2024-03-02,2154.33,England
Luton Town,2024-03-09,2135.44,England
Luton Town,2024-03-13,2140.44,England
Luton Town,2024-03-16,2135.21,England
Luton Town,2024-03-30,2114.11,England
Luton Town,2024-04-03,2123.6,England
Luton Town,2024-04-06,2116.86,England
Luton Town,2024-04-13,2129.99,England
Luton Town,2024-04-20,2134.15,England
Luton Town,2024-04-27,2130.73,England
Luton Town,2024-05-03,2147.0,England
Luton Town,2024-05-11,2164.78,England
Luton Town,2024-05-19,2155.7,England
Luton Town,2024-08-12,2137.16,England
Luton Town,2024-08-17,2115.22,England
Luton Town,2024-08-24,2100.2,England
Luton Town,2024-08-27,2089.28,England
Luton Town,2024-08-30,2068.82,England
Luton Town,2024-09-14,2058.22,England
Luton Town,2024-09-21,2053.66,England
Luton Town,2024-09-27,2053.36,England
Luton Town,2024-10-01,2051.81,England
Luton Town,2024-10-05,2051.61,England
Luton Town,2024-10-19,2054.41,England
Luton Town,2024-10-23,2054.59,England
Luton Town,2024-10-26,2068.24,England
Luton Town,2024-11-01,2062.32,England
Luton Town,2024-11-06,2058.79,England
Luton Town,2024-11-09,2057.47,England
Luton Town,2024-11-23,2059.7,England
Luton Town,2024-11-27,2052.19,England
Luton Town,2024-11-30,2048.45,England
Luton Town,2024-12-07,2045.57,England
Luton Town,2024-12-10,2048.83,England
Luton Town,2024-12-14,2028.06,England
Luton Town,2024-12-20,2014.88,England
Luton Town,2024-12-26,2023.44,England
Luton Town,2024-12-29,2009.94,England
Luton Town,2025-01-01,1995.73,England
Luton Town,2025-01-06,1986.02,England
Luton Town,2025-01-11,2023.51,England
Luton Town,2025-01-18,2039.9,England
Luton Town,2025-01-21,2030.41,England
Luton Town,2025-01-25,2053.93,England
Luton Town,2025-02-01,2046.03,England
Luton Town,2025-02-12,2035.26,England
Luton Town,2025-02-15,2026.21,England
Luton Town,2025-02-19,2007.94,England
Luton Town,2025-02-23,1993.99,England
Luton Town,2025-03-01,1984.95,England
Luton Town,2025-03-08,1986.83,England
Luton Town,2025-03-11,1981.56,England
Luton Town,2025-03-15,1990.63,England
Luton Town,2025-03-29,2013.84,England
Luton Town,2025-04-05,2026.03,England
Luton Town,2025-04-08,2029.35,England
Luton Town,2025-04-12,2049.05,England
Luton Town,2025-04-18,2038.3,England
Luton Town,2025-04-21,2024.82,England
Luton Town,2025-04-26,2022.25,England
Luton Town,2025-05-03,2069.36,England
Luton Town,2025-08-01,2076.31,England
Luton Town,2025-08-09,2073.07,England
Luton Town,2025-08-12,2075.81,England
Luton Town,2025-08-16,2078.68,England
Luton Town,2025-08-19,2086.53,England
Luton Town,2025-08-23,2073.06,England
Luton Town,2025-08-30,2062.61,England
Luton Town,2025-09-13,2053.64,England
Luton Town,2025-09-20,2052.93,England
Luton Town,2025-09-27,2053.95,England
Luton Town,2025-09-30,2044.11,England
Luton Town,2025-10-04,2030.62,England
Luton Town,2025-10-18,2027.12,England
Luton Town,2025-10-25,2026.32,England
Luton Town,2025-10-31,2037.53,England
Luton Town,2025-11-08,2028.9,England
Luton Town,2025-11-15,2022.5,England
Luton Town,2025-11-22,2040.26,England
Luton Town,2025-11-25,2023.41,England
Luton Town,2025-11-29,2011.16,England
Luton Town,2025-12-06,1978.49,England
Luton Town,2025-12-09,1983.63,England
Luton Town,2025-12-13,1996.16,England
Luton Town,2025-12-18,1985.61,England
Luton Town,2025-12-26,1986.21,England
Luton Town,2025-12-29,1999.2,England
Luton Town,2026-01-01,2002.22,England
Luton Town,2026-01-10,2002.07,England
Luton Town,2026-01-17,1988.57,England
Luton Town,2026-01-24,1984.78,England
Luton Town,2026-01-27,1978.94,England
Luton Town,2026-01-31,1988.65,England
Luton Town,2026-02-07,1988.45,England
Luton Town,2026-02-14,1990.96,England
Luton Town,2026-02-18,1988.28,England
Luton Town,2026-02-21,1971.99,England
Luton Town,2026-02-28,1963.66,England
Luton Town,2026-03-07,1972.07,England
Luton Town,2026-03-10,1976.79,England
Luton Town,2026-03-14,1977.92,England
Luton Town,2026-03-17,1987.57,England
Luton Town,2026-03-21,1964.49,England
Luton Town,2026-04-03,1977.85,England
Luton Town,2026-04-06,1984.84,England
Luton Town,2026-04-15,1992.26,England
Luton Town,2026-04-18,2008.49,England
Luton Town,2026-04-21,2037.54,England
Luton Town,2026-04-25,2046.76,England
Luton Town,2026-05-02,2051.63,England
Luton Town,2026-08-15,2019.59,England
Manchester City,2023-08-06,2524.4,England
Manchester City,2023-08-11,2545.17,England
Manchester City,2023-08-19,2540.98,England
Manchester City,2023-08-27,2530.88,England
Manchester City,2023-09-02,2552.61,England
Manchester City,2023-09-16,2524.94,England
Manchester City,2023-09-19,2583.07,England
Manchester City,2023-09-23,2558.74,England
Manchester City,2023-09-27,2553.95,England
Manchester City,2023-09-30,2561.49,England
Manchester City,2023-10-04,2594.89,England
Manchester City,2023-10-08,2589.47,England
Manchester City,2023-10-21,2591.81,England
Manchester City,2023-10-25,2593.61,England
Manchester City,2023-10-29,2615.76,England
Manchester City,2023-11-04,2627.1,England
Manchester City,2023-11-07,2626.3,England
Manchester City,2023-11-12,2626.48,England
Manchester City,2023-11-25,2602.86,England
Manchester City,2023-11-28,2632.23,England
Manchester City,2023-12-03,2638.61,England
Manchester City,2023-12-06,2628.57,England
Manchester City,2023-12-10,2600.83,England
Manchester City,2023-12-13,2557.54,England
Manchester City,2023-12-16,2538.67,England
Manchester City,2023-12-27,2570.39,England
Manchester City,2023-12-30,2552.24,England
Manchester City,2024-01-07,2552.24,England
Manchester City,2024-01-13,2565.5,England
Manchester City,2024-01-26,2559.81,England
Manchester City,2024-01-31,2552.12,England
Manchester City,2024-02-05,2563.52,England
Manchester City,2024-02-10,2559.7,England
Manchester City,2024-02-13,2580.89,England
Manchester City,2024-02-17,2607.23,England
Manchester City,2024-02-20,2595.53,England
Manchester City,2024-02-24,2583.38,England
Manchester City,2024-02-27,2578.76,England
Manchester City,2024-03-03,2586.83,England
Manchester City,2024-03-06,2601.64,England
Manchester City,2024-03-10,2597.88,England
Manchester City,2024-03-16,2600.93,England
Manchester City,2024-03-31,2585.24,England
Manchester City,2024-04-03,2595.67,England
Manchester City,2024-04-06,2594.53,England
Manchester City,2024-04-09,2574.45,England
Manchester City,2024-04-13,2561.34,England
Manchester City,2024-04-17,2544.42,England
Manchester City,2024-04-20,2556.75,England
Manchester City,2024-04-25,2587.56,England
Manchester City,2024-04-28,2579.8,England
Manchester City,2024-05-04,2588.72,England
Manchester City,2024-05-11,2607.89,England
Manchester City,2024-05-14,2628.27,England
Manchester City,2024-05-19,2666.73,England
Manchester City,2024-05-25,2641.61,England
Manchester City,2024-08-10,2612.1,England
Manchester City,2024-08-18,2615.48,England
Manchester City,2024-08-24,2626.25,England
Manchester City,2024-08-31,2620.04,England
Manchester City,2024-09-14,2601.17,England
Manchester City,2024-09-18,2599.38,England
Manchester City,2024-09-22,2591.64,England
Manchester City,2024-09-24,2591.64,England
Manchester City,2024-09-28,2614.48,England
Manchester City,2024-10-01,2630.77,England
Manchester City,2024-10-05,2605.03,England
Manchester City,2024-10-20,2584.69,England
Manchester City,2024-10-23,2581.31,England
Manchester City,2024-10-26,2585.53,England
Manchester City,2024-10-30,2545.46,England
Manchester City,2024-11-02,2557.12,England
Manchester City,2024-11-05,2538.1,England
Manchester City,2024-11-09,2553.11,England
Manchester City,2024-11-23,2553.4,England
Manchester City,2024-11-26,2553.03,England
Manchester City,2024-12-01,2541.09,England
Manchester City,2024-12-04,2533.11,England
Manchester City,2024-12-07,2519.7,England
Manchester City,2024-12-11,2523.61,England
Manchester City,2024-12-15,2513.34,England
Manchester City,2024-12-21,2516.66,England
Manchester City,2024-12-26,2506.26,England
Manchester City,2024-12-29,2501.49,England
Manchester City,2025-01-04,2515.91,England
Manchester City,2025-01-11,2515.91,England
Manchester City,2025-01-14,2510.82,England
Manchester City,2025-01-19,2512.06,England
Manchester City,2025-01-22,2505.51,England
Manchester City,2025-01-25,2471.36,England
Manchester City,2025-01-29,2484.12,England
Manchester City,2025-02-02,2496.2,England
Manchester City,2025-02-08,2478.28,England
Manchester City,2025-02-11,2449.62,England
Manchester City,2025-02-15,2433.24,England
Manchester City,2025-02-19,2423.31,England
Manchester City,2025-02-23,2412.8,England
Manchester City,2025-02-26,2422.94,England
Manchester City,2025-03-01,2421.31,England
Manchester City,2025-03-08,2432.86,England
Manchester City,2025-03-15,2437.73,England
Manchester City,2025-03-30,2430.88,England
Manchester City,2025-04-02,2443.35,England
Manchester City,2025-04-06,2427.28,England
Manchester City,2025-04-12,2438.06,England
Manchester City,2025-04-19,2447.24,England
Manchester City,2025-04-22,2429.28,England
Manchester City,2025-04-27,2447.77,England
Manchester City,2025-05-02,2478.28,England
Manchester City,2025-05-10,2486.58,England
Manchester City,2025-05-17,2488.78,England
Manchester City,2025-05-20,2520.45,England
Manchester City,2025-05-25,2542.84,England
Manchester City,2025-08-16,2534.97,England
Manchester City,2025-08-23,2471.13,England
Manchester City,2025-08-31,2469.03,England
Manchester City,2025-09-14,2489.39,England
Manchester City,2025-09-18,2497.55,England
Manchester City,2025-09-21,2485.76,England
Manchester City,2025-09-24,2485.76,England
Manchester City,2025-09-27,2472.73,England
Manchester City,2025-10-01,2501.95,England
Manchester City,2025-10-05,2478.89,England
Manchester City,2025-10-18,2488.2,England
Manchester City,2025-10-21,2487.01,England
Manchester City,2025-10-26,2481.81,England
Manchester City,2025-10-29,2476.7,England
Manchester City,2025-11-02,2490.27,England
Manchester City,2025-11-05,2540.73,England
Manchester City,2025-11-09,2532.97,England
Manchester City,2025-11-22,2567.52,England
Manchester City,2025-11-25,2567.64,England
Manchester City,2025-11-29,2567.93,England
Manchester City,2025-12-02,2555.72,England
Manchester City,2025-12-06,2551.15,England
Manchester City,2025-12-10,2555.81,England
Manchester City,2025-12-14,2568.16,England
Manchester City,2025-12-17,2544.99,England
Manchester City,2025-12-20,2541.36,England
Manchester City,2025-12-27,2527.82,England
Manchester City,2026-01-01,2525.56,England
Manchester City,2026-01-04,2546.91,England
Manchester City,2026-01-07,2536.26,England
Manchester City,2026-01-10,2536.26,England
Manchester City,2026-01-13,2520.56,England
Manchester City,2026-01-17,2528.69,England
Manchester City,2026-01-20,2544.05,England
Manchester City,2026-01-24,2523.53,England
Manchester City,2026-01-28,2550.86,England
Manchester City,2026-02-01,2547.89,England
Manchester City,2026-02-04,2514.74,England
Manchester City,2026-02-08,2490.07,England
Manchester City,2026-02-11,2492.61,England
Manchester City,2026-02-14,2485.57,England
Manchester City,2026-02-21,2498.31,England
Manchester City,2026-02-28,2492.69,England
Manchester City,2026-03-04,2489.2,England
Manchester City,2026-03-07,2478.45,England
Manchester City,2026-03-11,2486.24,England
Manchester City,2026-03-14,2470.22,England
Manchester City,2026-03-17,2489.31,England
Manchester City,2026-03-22,2517.32,England
Manchester City,2026-04-04,2524.75,England
Manchester City,2026-04-12,2543.39,England
Manchester City,2026-04-19,2558.23,England
Manchester City,2026-04-22,2568.74,England
Manchester City,2026-04-25,2555.73,England
Manchester City,2026-05-04,2561.38,England
Manchester City,2026-05-09,2562.22,England
Manchester City,2026-05-13,2537.47,England
Manchester City,2026-05-16,2531.61,England
Manchester City,2026-05-19,2551.76,England
Manchester City,2026-05-24,2567.18,England
Manchester City,2026-08-23,2567.43,England
Manchester United,2023-08-14,2403.39,England
Manchester United,2023-08-19,2411.69,England
Manchester United,2023-08-26,2383.51,England
Manchester United,2023-09-03,2393.89,England
Manchester United,2023-09-16,2382.11,England
Manchester United,2023-09-20,2371.29,England
Manchester United,2023-09-23,2369.81,England
Manchester United,2023-09-26,2381.41,England
Manchester United,2023-09-30,2384.65,England
Manchester United,2023-10-03,2395.56,England
Manchester United,2023-10-07,2377.18,England
Manchester United,2023-10-21,2398.18,England
Manchester United,2023-10-24,2413.22,England
Manchester United,2023-10-29,2391.08,England
Manchester United,2023-11-01,2409.63,England
Manchester United,2023-11-04,2390.41,England
Manchester United,2023-11-08,2392.1,England
Manchester United,2023-11-11,2377.54,England
Manchester United,2023-11-26,2366.69,England
Manchester United,2023-11-29,2355.52,England
Manchester United,2023-12-02,2351.29,England
Manchester United,2023-12-06,2339.18,England
Manchester United,2023-12-09,2319.32,England
Manchester United,2023-12-12,2353.49,England
Manchester United,2023-12-17,2337.24,England
Manchester United,2023-12-23,2328.89,England
Manchester United,2023-12-26,2316.36,England
Manchester United,2023-12-30,2308.22,England
Manchester United,2024-01-08,2322.06,England
Manchester United,2024-01-14,2334.31,England
Manchester United,2024-01-28,2344.95,England
Manchester United,2024-02-01,2345.3,England
Manchester United,2024-02-04,2332.87,England
Manchester United,2024-02-11,2348.65,England
Manchester United,2024-02-18,2345.41,England
Manchester United,2024-02-24,2337.94,England
Manchester United,2024-02-28,2332.24,England
Manchester United,2024-03-03,2324.16,England
Manchester United,2024-03-09,2324.06,England
Manchester United,2024-03-17,2302.16,England
Manchester United,2024-03-30,2316.18,England
Manchester United,2024-04-04,2313.12,England
Manchester United,2024-04-07,2299.89,England
Manchester United,2024-04-13,2292.28,England
Manchester United,2024-04-21,2298.18,England
Manchester United,2024-04-24,2308.99,England
Manchester United,2024-04-27,2301.12,England
Manchester United,2024-05-06,2265.24,England
Manchester United,2024-05-12,2249.86,England
Manchester United,2024-05-15,2237.31,England
Manchester United,2024-05-19,2241.89,England
Manchester United,2024-05-25,2266.99,England
Manchester United,2024-08-10,2296.51,England
Manchester United,2024-08-16,2336.78,England
Manchester United,2024-08-24,2302.79,England
Manchester United,2024-09-01,2330.18,England
Manchester United,2024-09-14,2355.98,England
Manchester United,2024-09-17,2362.74,England
Manchester United,2024-09-21,2381.89,England
Manchester United,2024-09-25,2411.93,England
Manchester United,2024-09-29,2403.57,England
Manchester United,2024-10-03,2376.29,England
Manchester United,2024-10-06,2365.32,England
Manchester United,2024-10-19,2361.96,England
Manchester United,2024-10-24,2376.7,England
Manchester United,2024-10-27,2367.64,England
Manchester United,2024-10-30,2388.28,England
Manchester United,2024-11-03,2350.03,England
Manchester United,2024-11-07,2376.16,England
Manchester United,2024-11-10,2371.7,England
Manchester United,2024-11-24,2376.78,England
Manchester United,2024-11-28,2398.62,England
Manchester United,2024-12-01,2379.3,England
Manchester United,2024-12-04,2372.84,England
Manchester United,2024-12-07,2372.49,England
Manchester United,2024-12-12,2388.67,England
Manchester United,2024-12-15,2398.94,England
Manchester United,2024-12-19,2407.2,England
Manchester United,2024-12-22,2395.62,England
Manchester United,2024-12-26,2390.74,England
Manchester United,2024-12-30,2358.9,England
Manchester United,2025-01-05,2342.28,England
Manchester United,2025-01-12,2354.23,England
Manchester United,2025-01-16,2367.02,England
Manchester United,2025-01-19,2349.9,England
Manchester United,2025-01-23,2354.4,England
Manchester United,2025-01-26,2329.32,England
Manchester United,2025-01-30,2313.54,England
Manchester United,2025-02-02,2324.72,England
Manchester United,2025-02-07,2346.96,England
Manchester United,2025-02-16,2342.2,England
Manchester United,2025-02-22,2316.55,England
Manchester United,2025-02-26,2296.6,England
Manchester United,2025-03-02,2275.35,England
Manchester United,2025-03-06,2273.72,England
Manchester United,2025-03-09,2260.42,England
Manchester United,2025-03-13,2253.48,England
Manchester United,2025-03-16,2269.61,England
Manchester United,2025-04-01,2282.86,England
Manchester United,2025-04-06,2298.93,England
Manchester United,2025-04-10,2297.59,England
Manchester United,2025-04-13,2276.03,England
Manchester United,2025-04-17,2277.07,England
Manchester United,2025-04-20,2237.1,England
Manchester United,2025-04-27,2244.0,England
Manchester United,2025-05-01,2246.05,England
Manchester United,2025-05-04,2220.17,England
Manchester United,2025-05-08,2244.54,England
Manchester United,2025-05-11,2243.22,England
Manchester United,2025-05-16,2252.49,England
Manchester United,2025-05-21,2245.77,England
Manchester United,2025-05-25,2204.41,England
Manchester United,2025-08-17,2234.8,England
Manchester United,2025-08-24,2282.46,England
Manchester United,2025-08-27,2306.13,England
Manchester United,2025-08-30,2328.41,England
Manchester United,2025-09-14,2308.06,England
Manchester United,2025-09-20,2341.26,England
Manchester United,2025-09-27,2358.47,England
Manchester United,2025-10-04,2354.09,England
Manchester United,2025-10-19,2340.65,England
Manchester United,2025-10-25,2343.23,England
Manchester United,2025-11-01,2375.78,England
Manchester United,2025-11-08,2393.44,England
Manchester United,2025-11-24,2392.5,England
Manchester United,2025-11-30,2371.59,England
Manchester United,2025-12-04,2386.87,England
Manchester United,2025-12-08,2402.34,England
Manchester United,2025-12-15,2412.5,England
Manchester United,2025-12-21,2387.55,England
Manchester United,2025-12-26,2371.33,England
Manchester United,2025-12-30,2372.45,England
Manchester United,2026-01-04,2367.16,England
Manchester United,2026-01-07,2369.93,England
Manchester United,2026-01-11,2390.59,England
Manchester United,2026-01-17,2382.45,England
Manchester United,2026-01-25,2399.49,England
Manchester United,2026-02-01,2411.01,England
Manchester United,2026-02-07,2431.29,England
Manchester United,2026-02-10,2444.21,England
Manchester United,2026-02-23,2437.47,England
Manchester United,2026-03-01,2453.61,England
Manchester United,2026-03-04,2462.69,England
Manchester United,2026-03-15,2453.61,England
Manchester United,2026-03-20,2451.62,England
Manchester United,2026-04-13,2446.09,England
Manchester United,2026-04-18,2435.3,England
Manchester United,2026-04-27,2406.31,England
Manchester United,2026-05-03,2387.32,England
Manchester United,2026-05-09,2364.3,England
Manchester United,2026-05-17,2358.24,England
Manchester United,2026-05-24,2350.14,England
Manchester United,2026-08-22,2346.03,England
Mansfield Town,2023-08-05,1930.58,England
Mansfield Town,2023-08-08,1909.72,England
Mansfield Town,2023-08-12,1915.17,England
Mansfield Town,2023-08-15,1917.87,England
Mansfield Town,2023-08-19,1913.9,England
Mansfield Town,2023-08-26,1919.41,England
Mansfield Town,2023-08-29,1927.32,England
Mansfield Town,2023-09-02,1937.62,England
Mansfield Town,2023-09-09,1922.18,England
Mansfield Town,2023-09-16,1934.11,England
Mansfield Town,2023-09-23,1938.3,England
Mansfield Town,2023-09-26,1922.72,England
Mansfield Town,2023-09-30,1934.3,England
Mansfield Town,2023-10-03,1939.14,England
Mansfield Town,2023-10-07,1940.38,England
Mansfield Town,2023-10-14,1948.84,England
Mansfield Town,2023-10-24,1952.57,England
Mansfield Town,2023-10-28,1972.5,England
Mansfield Town,2023-10-31,1966.33,England
Mansfield Town,2023-11-04,1966.49,England
Mansfield Town,2023-11-11,1964.11,England
Mansfield Town,2023-11-18,1975.54,England
Mansfield Town,2023-11-25,1988.18,England
Mansfield Town,2023-11-28,1984.45,England
Mansfield Town,2023-12-16,1975.89,England
Mansfield Town,2023-12-23,1985.28,England
Mansfield Town,2023-12-26,1983.74,England
Mansfield Town,2023-12-29,1990.15,England
Mansfield Town,2024-01-01,1992.84,England
Mansfield Town,2024-01-06,1992.54,England
Mansfield Town,2024-01-13,2001.88,England
Mansfield Town,2024-01-23,1994.76,England
Mansfield Town,2024-01-27,1987.01,England
Mansfield Town,2024-02-03,1978.13,England
Mansfield Town,2024-02-10,1963.45,England
Mansfield Town,2024-02-13,1950.15,England
Mansfield Town,2024-02-17,1950.04,England
Mansfield Town,2024-02-24,1945.33,England
Mansfield Town,2024-03-02,1957.89,England
Mansfield Town,2024-03-05,1967.89,England
Mansfield Town,2024-03-09,1977.11,England
Mansfield Town,2024-03-12,1964.03,England
Mansfield Town,2024-03-16,1955.76,England
Mansfield Town,2024-03-23,1965.81,England
Mansfield Town,2024-03-29,1970.91,England
Mansfield Town,2024-08-09,1975.74,England
Mansfield Town,2024-08-13,1975.09,England
Mansfield Town,2024-08-17,1969.57,England
Mansfield Town,2024-08-24,1970.07,England
Mansfield Town,2024-08-31,1946.97,England
Mansfield Town,2024-09-14,1940.72,England
Mansfield Town,2024-09-21,1919.92,England
Mansfield Town,2024-09-28,1899.69,England
Mansfield Town,2024-10-01,1889.95,England
Mansfield Town,2024-10-05,1884.94,England
Mansfield Town,2024-10-19,1902.84,England
Mansfield Town,2024-10-22,1896.66,England
Mansfield Town,2024-10-26,1877.76,England
Mansfield Town,2024-11-03,1911.24,England
Mansfield Town,2024-11-09,1891.18,England
Mansfield Town,2024-11-23,1898.43,England
Mansfield Town,2024-11-26,1872.8,England
Mansfield Town,2024-11-30,1892.73,England
Mansfield Town,2024-12-03,1892.51,England
Mansfield Town,2024-12-07,1899.16,England
Mansfield Town,2024-12-14,1899.59,England
Mansfield Town,2024-12-21,1907.02,England
Mansfield Town,2024-12-26,1901.33,England
Mansfield Town,2024-12-29,1927.72,England
Mansfield Town,2025-01-01,1924.91,England
Mansfield Town,2025-01-04,1928.43,England
Mansfield Town,2025-01-14,1925.74,England
Mansfield Town,2025-01-18,1933.43,England
Mansfield Town,2025-01-25,1935.49,England
Mansfield Town,2025-01-28,1953.49,England
Mansfield Town,2025-02-01,1942.69,England
Mansfield Town,2025-02-07,1928.39,England
Mansfield Town,2025-02-11,1923.95,England
Mansfield Town,2025-02-15,1910.91,England
Mansfield Town,2025-02-18,1913.24,England
Mansfield Town,2025-02-23,1889.99,England
Mansfield Town,2025-03-01,1860.2,England
Mansfield Town,2025-03-04,1866.2,England
Mansfield Town,2025-03-08,1881.49,England
Mansfield Town,2025-03-11,1890.46,England
Mansfield Town,2025-03-15,1894.32,England
Mansfield Town,2025-03-29,1912.74,England
Mansfield Town,2025-04-01,1906.92,England
Mansfield Town,2025-04-05,1898.16,England
Mansfield Town,2025-04-08,1897.09,England
Mansfield Town,2025-04-18,1903.84,England
Mansfield Town,2025-04-21,1911.14,England
Mansfield Town,2025-04-27,1906.66,England
Mansfield Town,2025-04-30,1914.97,England
Mansfield Town,2025-05-03,1902.38,England
Mansfield Town,2025-08-02,1922.44,England
Mansfield Town,2025-08-09,1922.61,England
Mansfield Town,2025-08-12,1904.03,England
Mansfield Town,2025-08-16,1896.38,England
Mansfield Town,2025-08-19,1899.55,England
Mansfield Town,2025-08-23,1902.04,England
Mansfield Town,2025-08-27,1907.45,England
Mansfield Town,2025-08-30,1907.97,England
Mansfield Town,2025-09-06,1912.67,England
Mansfield Town,2025-09-13,1902.76,England
Mansfield Town,2025-09-20,1894.81,England
Mansfield Town,2025-09-27,1893.0,England
Mansfield Town,2025-10-04,1889.62,England
Mansfield Town,2025-10-18,1893.12,England
Mansfield Town,2025-10-25,1893.27,England
Mansfield Town,2025-10-28,1903.32,England
Mansfield Town,2025-11-01,1899.81,England
Mansfield Town,2025-11-08,1912.68,England
Mansfield Town,2025-11-22,1924.92,England
Mansfield Town,2025-11-29,1929.06,England
Mansfield Town,2025-12-06,1900.53,England
Mansfield Town,2025-12-09,1881.45,England
Mansfield Town,2025-12-13,1878.95,England
Mansfield Town,2025-12-20,1864.49,England
Mansfield Town,2025-12-26,1869.34,England
Mansfield Town,2025-12-29,1858.99,England
Mansfield Town,2026-01-01,1879.74,England
Mansfield Town,2026-01-11,1909.63,England
Mansfield Town,2026-01-17,1896.06,England
Mansfield Town,2026-01-24,1890.38,England
Mansfield Town,2026-01-27,1888.85,England
Mansfield Town,2026-01-31,1893.76,England
Mansfield Town,2026-02-07,1900.72,England
Mansfield Town,2026-02-10,1901.01,England
Mansfield Town,2026-02-14,1907.95,England
Mansfield Town,2026-02-17,1898.74,England
Mansfield Town,2026-02-21,1895.06,England
Mansfield Town,2026-02-28,1887.11,England
Mansfield Town,2026-03-03,1884.47,England
Mansfield Town,2026-03-07,1884.47,England
Mansfield Town,2026-03-10,1893.97,England
Mansfield Town,2026-03-14,1906.61,England
Mansfield Town,2026-03-17,1896.16,England
Mansfield Town,2026-03-21,1902.34,England
Mansfield Town,2026-04-03,1914.39,England
Mansfield Town,2026-04-06,1917.47,England
Mansfield Town,2026-04-11,1921.1,England
Mansfield Town,2026-04-14,1903.6,England
Mansfield Town,2026-04-18,1887.37,England
Mansfield Town,2026-04-21,1881.22,England
Mansfield Town,2026-04-25,1899.79,England
Mansfield Town,2026-04-28,1902.64,England
Mansfield Town,2026-05-02,1919.36,England
Mansfield Town,2026-08-15,1929.55,England
Middlesbrough FC,2023-08-05,2102.8,England
Middlesbrough FC,2023-08-08,2096.59,England
Middlesbrough FC,2023-08-12,2079.82,England
Middlesbrough FC,2023-08-19,2076.25,England
Middlesbrough FC,2023-08-26,2083.95,England
Middlesbrough FC,2023-08-29,2101.79,England
Middlesbrough FC,2023-09-02,2085.84,England
Middlesbrough FC,2023-09-16,2067.86,England
Middlesbrough FC,2023-09-19,2072.32,England
Middlesbrough FC,2023-09-23,2090.67,England
Middlesbrough FC,2023-09-26,2090.28,England
Middlesbrough FC,2023-09-30,2084.26,England
Middlesbrough FC,2023-10-03,2074.99,England
Middlesbrough FC,2023-10-07,2073.88,England
Middlesbrough FC,2023-10-21,2089.86,England
Middlesbrough FC,2023-10-24,2104.61,England
Middlesbrough FC,2023-10-28,2101.3,England
Middlesbrough FC,2023-10-31,2110.06,England
Middlesbrough FC,2023-11-04,2113.03,England
Middlesbrough FC,2023-11-11,2122.32,England
Middlesbrough FC,2023-11-25,2114.43,England
Middlesbrough FC,2023-11-28,2118.11,England
Middlesbrough FC,2023-12-02,2113.14,England
Middlesbrough FC,2023-12-09,2112.32,England
Middlesbrough FC,2023-12-13,2108.6,England
Middlesbrough FC,2023-12-16,2102.1,England
Middlesbrough FC,2023-12-19,2104.32,England
Middlesbrough FC,2023-12-23,2099.4,England
Middlesbrough FC,2023-12-26,2098.55,England
Middlesbrough FC,2023-12-29,2107.17,England
Middlesbrough FC,2024-01-01,2100.31,England
Middlesbrough FC,2024-01-06,2114.28,England
Middlesbrough FC,2024-01-09,2099.14,England
Middlesbrough FC,2024-01-13,2118.31,England
Middlesbrough FC,2024-01-20,2128.86,England
Middlesbrough FC,2024-01-23,2101.65,England
Middlesbrough FC,2024-02-04,2112.47,England
Middlesbrough FC,2024-02-10,2107.72,England
Middlesbrough FC,2024-02-14,2102.03,England
Middlesbrough FC,2024-02-17,2091.86,England
Middlesbrough FC,2024-02-24,2084.49,England
Middlesbrough FC,2024-03-02,2075.83,England
Middlesbrough FC,2024-03-06,2052.72,England
Middlesbrough FC,2024-03-09,2035.75,England
Middlesbrough FC,2024-03-12,2059.65,England
Middlesbrough FC,2024-03-16,2061.86,England
Middlesbrough FC,2024-03-29,2069.33,England
Middlesbrough FC,2024-04-01,2066.16,England
Middlesbrough FC,2024-04-06,2074.55,England
Middlesbrough FC,2024-04-10,2076.56,England
Middlesbrough FC,2024-04-13,2077.95,England
Middlesbrough FC,2024-04-22,2068.59,England
Middlesbrough FC,2024-04-27,2053.54,England
Middlesbrough FC,2024-05-04,2060.12,England
Middlesbrough FC,2024-08-10,2062.36,England
Middlesbrough FC,2024-08-14,2060.82,England
Middlesbrough FC,2024-08-17,2092.7,England
Middlesbrough FC,2024-08-24,2131.3,England
Middlesbrough FC,2024-08-27,2125.66,England
Middlesbrough FC,2024-08-31,2109.95,England
Middlesbrough FC,2024-09-14,2127.61,England
Middlesbrough FC,2024-09-21,2126.79,England
Middlesbrough FC,2024-09-28,2142.75,England
Middlesbrough FC,2024-10-01,2150.71,England
Middlesbrough FC,2024-10-05,2173.94,England
Middlesbrough FC,2024-10-19,2164.29,England
Middlesbrough FC,2024-10-23,2166.74,England
Middlesbrough FC,2024-10-27,2165.77,England
Middlesbrough FC,2024-11-02,2163.24,England
Middlesbrough FC,2024-11-05,2169.05,England
Middlesbrough FC,2024-11-09,2170.37,England
Middlesbrough FC,2024-11-23,2168.88,England
Middlesbrough FC,2024-11-27,2152.84,England
Middlesbrough FC,2024-11-30,2147.14,England
Middlesbrough FC,2024-12-06,2140.25,England
Middlesbrough FC,2024-12-10,2150.0,England
Middlesbrough FC,2024-12-14,2165.32,England
Middlesbrough FC,2024-12-21,2153.8,England
Middlesbrough FC,2024-12-26,2152.44,England
Middlesbrough FC,2024-12-29,2131.82,England
Middlesbrough FC,2025-01-01,2122.25,England
Middlesbrough FC,2025-01-04,2115.84,England
Middlesbrough FC,2025-01-11,2090.37,England
Middlesbrough FC,2025-01-18,2089.89,England
Middlesbrough FC,2025-01-21,2119.64,England
Middlesbrough FC,2025-01-25,2117.89,England
Middlesbrough FC,2025-02-03,2108.08,England
Middlesbrough FC,2025-02-12,2103.03,England
Middlesbrough FC,2025-02-15,2100.1,England
Middlesbrough FC,2025-02-21,2098.75,England
Middlesbrough FC,2025-02-25,2100.38,England
Middlesbrough FC,2025-03-01,2105.2,England
Middlesbrough FC,2025-03-08,2097.83,England
Middlesbrough FC,2025-03-11,2082.01,England
Middlesbrough FC,2025-03-15,2072.94,England
Middlesbrough FC,2025-03-29,2071.82,England
Middlesbrough FC,2025-04-04,2079.66,England
Middlesbrough FC,2025-04-08,2086.18,England
Middlesbrough FC,2025-04-12,2086.39,England
Middlesbrough FC,2025-04-18,2087.57,England
Middlesbrough FC,2025-04-21,2108.75,England
Middlesbrough FC,2025-04-26,2125.19,England
Middlesbrough FC,2025-05-03,2112.46,England
Middlesbrough FC,2025-08-09,2089.68,England
Middlesbrough FC,2025-08-12,2086.34,England
Middlesbrough FC,2025-08-16,2053.93,England
Middlesbrough FC,2025-08-23,2063.68,England
Middlesbrough FC,2025-08-30,2065.21,England
Middlesbrough FC,2025-09-13,2084.11,England
Middlesbrough FC,2025-09-19,2082.61,England
Middlesbrough FC,2025-09-27,2087.39,England
Middlesbrough FC,2025-09-30,2090.78,England
Middlesbrough FC,2025-10-04,2075.17,England
Middlesbrough FC,2025-10-17,2080.6,England
Middlesbrough FC,2025-10-22,2080.11,England
Middlesbrough FC,2025-10-25,2087.14,England
Middlesbrough FC,2025-11-01,2084.64,England
Middlesbrough FC,2025-11-04,2087.68,England
Middlesbrough FC,2025-11-08,2066.67,England
Middlesbrough FC,2025-11-22,2069.37,England
Middlesbrough FC,2025-11-25,2067.74,England
Middlesbrough FC,2025-11-29,2058.11,England
Middlesbrough FC,2025-12-05,2047.78,England
Middlesbrough FC,2025-12-09,2055.11,England
Middlesbrough FC,2025-12-13,2070.11,England
Middlesbrough FC,2025-12-20,2077.78,England
Middlesbrough FC,2025-12-26,2094.96,England
Middlesbrough FC,2025-12-29,2101.3,England
Middlesbrough FC,2026-01-01,2101.45,England
Middlesbrough FC,2026-01-04,2101.61,England
Middlesbrough FC,2026-01-10,2124.69,England
Middlesbrough FC,2026-01-16,2119.72,England
Middlesbrough FC,2026-01-21,2126.3,England
Middlesbrough FC,2026-01-24,2131.65,England
Middlesbrough FC,2026-01-31,2136.66,England
Middlesbrough FC,2026-02-09,2140.96,England
Middlesbrough FC,2026-02-16,2138.47,England
Middlesbrough FC,2026-02-21,2143.64,England
Middlesbrough FC,2026-02-24,2153.09,England
Middlesbrough FC,2026-03-02,2163.42,England
Middlesbrough FC,2026-03-08,2168.0,England
Middlesbrough FC,2026-03-11,2177.93,England
Middlesbrough FC,2026-03-14,2187.82,England
Middlesbrough FC,2026-03-21,2187.01,England
Middlesbrough FC,2026-04-03,2183.53,England
Middlesbrough FC,2026-04-06,2197.64,England
Middlesbrough FC,2026-04-11,2204.32,England
Middlesbrough FC,2026-04-19,2211.6,England
Middlesbrough FC,2026-04-22,2188.9,England
Middlesbrough FC,2026-04-25,2178.21,England
Middlesbrough FC,2026-05-02,2167.24,England
Middlesbrough FC,2026-05-09,2172.25,England
Middlesbrough FC,2026-05-12,2182.66,England
Middlesbrough FC,2026-05-23,2170.08,England
Middlesbrough FC,2026-08-15,2209.1,England
Millwall FC,2023-08-05,2073.24,England
Millwall FC,2023-08-08,2109.69,England
Millwall FC,2023-08-12,2087.49,England
Millwall FC,2023-08-20,2070.95,England
Millwall FC,2023-08-26,2061.48,England
Millwall FC,2023-09-02,2060.19,England
Millwall FC,2023-09-17,2046.7,England
Millwall FC,2023-09-20,2042.92,England
Millwall FC,2023-09-23,2039.26,England
Millwall FC,2023-09-30,2032.32,England
Millwall FC,2023-10-03,2010.3,England
Millwall FC,2023-10-07,2000.7,England
Millwall FC,2023-10-21,2004.15,England
Millwall FC,2023-10-24,2000.66,England
Millwall FC,2023-10-28,1993.13,England
Millwall FC,2023-11-04,1982.88,England
Millwall FC,2023-11-11,1973.8,England
Millwall FC,2023-11-25,1988.06,England
Millwall FC,2023-11-29,1993.91,England
Millwall FC,2023-12-02,1986.55,England
Millwall FC,2023-12-09,1982.89,England
Millwall FC,2023-12-13,1983.8,England
Millwall FC,2023-12-16,1996.93,England
Millwall FC,2023-12-23,1996.9,England
Millwall FC,2023-12-26,1986.88,England
Millwall FC,2023-12-29,1991.08,England
Millwall FC,2024-01-01,1981.77,England
Millwall FC,2024-01-06,2025.04,England
Millwall FC,2024-01-13,2005.87,England
Millwall FC,2024-01-20,2011.18,England
Millwall FC,2024-01-27,1994.78,England
Millwall FC,2024-02-03,1983.08,England
Millwall FC,2024-02-11,1995.44,England
Millwall FC,2024-02-14,1983.68,England
Millwall FC,2024-02-17,1958.74,England
Millwall FC,2024-02-24,1952.93,England
Millwall FC,2024-03-02,1960.32,England
Millwall FC,2024-03-05,1951.66,England
Millwall FC,2024-03-09,1957.85,England
Millwall FC,2024-03-17,1955.82,England
Millwall FC,2024-03-29,1952.36,England
Millwall FC,2024-04-01,1974.2,England
Millwall FC,2024-04-06,1980.86,England
Millwall FC,2024-04-09,1988.55,England
Millwall FC,2024-04-13,1993.78,England
Millwall FC,2024-04-20,1983.82,England
Millwall FC,2024-04-27,1976.93,England
Millwall FC,2024-05-04,1969.68,England
Millwall FC,2024-08-10,1968.62,England
Millwall FC,2024-08-13,1995.39,England
Millwall FC,2024-08-17,1975.84,England
Millwall FC,2024-08-24,1989.08,England
Millwall FC,2024-08-27,1995.69,England
Millwall FC,2024-08-31,1999.66,England
Millwall FC,2024-09-14,2010.26,England
Millwall FC,2024-09-21,2001.48,England
Millwall FC,2024-09-28,2008.86,England
Millwall FC,2024-10-01,2016.56,England
Millwall FC,2024-10-05,2015.81,England
Millwall FC,2024-10-19,2006.78,England
Millwall FC,2024-10-23,2020.05,England
Millwall FC,2024-10-26,2036.82,England
Millwall FC,2024-11-03,2035.74,England
Millwall FC,2024-11-06,2023.71,England
Millwall FC,2024-11-09,2022.55,England
Millwall FC,2024-11-23,2059.02,England
Millwall FC,2024-11-30,2066.08,England
Millwall FC,2024-12-07,2049.42,England
Millwall FC,2024-12-11,2036.07,England
Millwall FC,2024-12-14,2020.76,England
Millwall FC,2024-12-21,2023.41,England
Millwall FC,2024-12-26,2028.93,England
Millwall FC,2024-12-29,2019.04,England
Millwall FC,2025-01-01,2010.89,England
Millwall FC,2025-01-04,2019.89,England
Millwall FC,2025-01-13,2032.99,England
Millwall FC,2025-01-18,2028.46,England
Millwall FC,2025-01-21,2035.28,England
Millwall FC,2025-01-25,2011.76,England
Millwall FC,2025-01-28,2002.31,England
Millwall FC,2025-02-01,1982.49,England
Millwall FC,2025-02-08,2022.53,England
Millwall FC,2025-02-12,2024.92,England
Millwall FC,2025-02-15,2029.32,England
Millwall FC,2025-02-18,2004.15,England
Millwall FC,2025-02-22,1997.99,England
Millwall FC,2025-03-01,2004.41,England
Millwall FC,2025-03-04,2012.07,England
Millwall FC,2025-03-08,1995.84,England
Millwall FC,2025-03-12,1990.8,England
Millwall FC,2025-03-15,1979.39,England
Millwall FC,2025-03-29,1982.94,England
Millwall FC,2025-04-05,1970.03,England
Millwall FC,2025-04-08,1960.23,England
Millwall FC,2025-04-12,1960.01,England
Millwall FC,2025-04-18,1973.01,England
Millwall FC,2025-04-21,1972.05,England
Millwall FC,2025-04-26,1980.37,England
Millwall FC,2025-05-03,1995.28,England
Millwall FC,2025-08-09,2009.62,England
Millwall FC,2025-08-12,1999.51,England
Millwall FC,2025-08-16,2031.91,England
Millwall FC,2025-08-23,2043.83,England
Millwall FC,2025-08-26,2030.13,England
Millwall FC,2025-08-30,2020.53,England
Millwall FC,2025-09-13,2015.47,England
Millwall FC,2025-09-16,2007.22,England
Millwall FC,2025-09-22,2006.02,England
Millwall FC,2025-09-27,2017.47,England
Millwall FC,2025-10-01,2024.36,England
Millwall FC,2025-10-04,2029.07,England
Millwall FC,2025-10-18,2020.04,England
Millwall FC,2025-10-21,2013.79,England
Millwall FC,2025-10-25,2016.11,England
Millwall FC,2025-11-01,2008.0,England
Millwall FC,2025-11-04,2000.62,England
Millwall FC,2025-11-08,1993.07,England
Millwall FC,2025-11-22,1990.12,England
Millwall FC,2025-11-26,1995.01,England
Millwall FC,2025-11-29,1990.78,England
Millwall FC,2025-12-06,1999.27,England
Millwall FC,2025-12-10,2010.44,England
Millwall FC,2025-12-13,2006.8,England
Millwall FC,2025-12-20,2008.37,England
Millwall FC,2025-12-26,2012.26,England
Millwall FC,2025-12-29,2012.05,England
Millwall FC,2026-01-01,2017.14,England
Millwall FC,2026-01-04,2023.06,England
Millwall FC,2026-01-10,2025.21,England
Millwall FC,2026-01-17,2029.85,England
Millwall FC,2026-01-20,2031.6,England
Millwall FC,2026-01-24,2046.54,England
Millwall FC,2026-01-31,2061.1,England
Millwall FC,2026-02-07,2068.16,England
Millwall FC,2026-02-14,2084.09,England
Millwall FC,2026-02-21,2083.81,England
Millwall FC,2026-02-25,2080.28,England
Millwall FC,2026-02-28,2071.43,England
Millwall FC,2026-03-07,2082.86,England
Millwall FC,2026-03-10,2080.69,England
Millwall FC,2026-03-14,2072.73,England
Millwall FC,2026-03-21,2063.25,England
Millwall FC,2026-04-03,2066.72,England
Millwall FC,2026-04-06,2077.93,England
Millwall FC,2026-04-10,2070.97,England
Millwall FC,2026-04-18,2075.2,England
Millwall FC,2026-04-21,2093.27,England
Millwall FC,2026-04-24,2126.91,England
Millwall FC,2026-05-02,2158.03,England
Millwall FC,2026-05-08,2146.82,England
Millwall FC,2026-05-11,2146.11,England
Millwall FC,2026-08-15,2116.68,England
Milton Keynes Dons,2023-08-05,1889.18,England
Milton Keynes Dons,2023-08-08,1880.54,England
Milton Keynes Dons,2023-08-12,1872.93,England
Milton Keynes Dons,2023-08-15,1868.57,England
Milton Keynes Dons,2023-08-19,1853.28,England
Milton Keynes Dons,2023-08-26,1841.23,England
Milton Keynes Dons,2023-09-02,1845.47,England
Milton Keynes Dons,2023-09-09,1837.4,England
Milton Keynes Dons,2023-09-16,1839.22,England
Milton Keynes Dons,2023-09-23,1841.76,England
Milton Keynes Dons,2023-09-30,1846.24,England
Milton Keynes Dons,2023-10-03,1842.15,England
Milton Keynes Dons,2023-10-07,1838.97,England
Milton Keynes Dons,2023-10-14,1836.3,England
Milton Keynes Dons,2023-10-21,1819.7,England
Milton Keynes Dons,2023-10-24,1814.67,England
Milton Keynes Dons,2023-10-28,1818.37,England
Milton Keynes Dons,2023-11-04,1820.31,England
Milton Keynes Dons,2023-11-11,1859.38,England
Milton Keynes Dons,2023-11-25,1856.85,England
Milton Keynes Dons,2023-11-28,1863.68,England
Milton Keynes Dons,2023-12-16,1875.36,England
Milton Keynes Dons,2023-12-23,1873.79,England
Milton Keynes Dons,2023-12-26,1881.2,England
Milton Keynes Dons,2023-12-29,1885.86,England
Milton Keynes Dons,2024-01-01,1888.03,England
Milton Keynes Dons,2024-01-13,1872.81,England
Milton Keynes Dons,2024-01-20,1882.56,England
Milton Keynes Dons,2024-01-23,1878.76,England
Milton Keynes Dons,2024-01-27,1874.03,England
Milton Keynes Dons,2024-02-03,1880.38,England
Milton Keynes Dons,2024-02-10,1881.0,England
Milton Keynes Dons,2024-02-13,1888.37,England
Milton Keynes Dons,2024-02-17,1869.24,England
Milton Keynes Dons,2024-02-20,1867.55,England
Milton Keynes Dons,2024-02-24,1859.49,England
Milton Keynes Dons,2024-03-02,1875.36,England
Milton Keynes Dons,2024-03-05,1865.36,England
Milton Keynes Dons,2024-03-09,1864.85,England
Milton Keynes Dons,2024-03-12,1868.87,England
Milton Keynes Dons,2024-03-16,1869.59,England
Milton Keynes Dons,2024-03-23,1875.67,England
Milton Keynes Dons,2024-03-29,1876.74,England
Milton Keynes Dons,2024-05-07,1874.54,England
Milton Keynes Dons,2024-05-11,1882.32,England
Milton Keynes Dons,2024-08-10,1885.18,England
Milton Keynes Dons,2024-08-13,1861.88,England
Milton Keynes Dons,2024-08-17,1878.24,England
Milton Keynes Dons,2024-08-24,1861.03,England
Milton Keynes Dons,2024-09-02,1874.0,England
Milton Keynes Dons,2024-09-07,1862.91,England
Milton Keynes Dons,2024-09-14,1867.66,England
Milton Keynes Dons,2024-09-21,1870.13,England
Milton Keynes Dons,2024-09-28,1867.35,England
Milton Keynes Dons,2024-10-01,1862.22,England
Milton Keynes Dons,2024-10-05,1872.57,England
Milton Keynes Dons,2024-10-12,1876.16,England
Milton Keynes Dons,2024-10-19,1872.87,England
Milton Keynes Dons,2024-10-22,1870.99,England
Milton Keynes Dons,2024-10-26,1880.88,England
Milton Keynes Dons,2024-11-03,1860.62,England
Milton Keynes Dons,2024-11-09,1856.55,England
Milton Keynes Dons,2024-11-16,1856.02,England
Milton Keynes Dons,2024-12-03,1868.89,England
Milton Keynes Dons,2024-12-14,1885.43,England
Milton Keynes Dons,2024-12-21,1881.91,England
Milton Keynes Dons,2024-12-26,1867.15,England
Milton Keynes Dons,2024-12-29,1858.12,England
Milton Keynes Dons,2025-01-01,1858.82,England
Milton Keynes Dons,2025-01-04,1858.06,England
Milton Keynes Dons,2025-01-18,1855.39,England
Milton Keynes Dons,2025-01-21,1840.59,England
Milton Keynes Dons,2025-01-25,1830.9,England
Milton Keynes Dons,2025-01-28,1827.63,England
Milton Keynes Dons,2025-02-01,1810.26,England
Milton Keynes Dons,2025-02-08,1809.74,England
Milton Keynes Dons,2025-02-11,1804.87,England
Milton Keynes Dons,2025-02-15,1809.22,England
Milton Keynes Dons,2025-02-22,1805.8,England
Milton Keynes Dons,2025-03-01,1802.03,England
Milton Keynes Dons,2025-03-04,1799.18,England
Milton Keynes Dons,2025-03-08,1793.39,England
Milton Keynes Dons,2025-03-15,1795.06,England
Milton Keynes Dons,2025-03-22,1788.79,England
Milton Keynes Dons,2025-03-25,1787.91,England
Milton Keynes Dons,2025-03-29,1803.63,England
Milton Keynes Dons,2025-04-02,1804.26,England
Milton Keynes Dons,2025-04-05,1787.99,England
Milton Keynes Dons,2025-04-12,1779.62,England
Milton Keynes Dons,2025-04-18,1791.22,England
Milton Keynes Dons,2025-04-21,1798.2,England
Milton Keynes Dons,2025-04-26,1778.43,England
Milton Keynes Dons,2025-05-03,1766.33,England
Milton Keynes Dons,2025-08-02,1808.11,England
Milton Keynes Dons,2025-08-09,1822.35,England
Milton Keynes Dons,2025-08-12,1822.31,England
Milton Keynes Dons,2025-08-16,1830.78,England
Milton Keynes Dons,2025-08-19,1899.28,England
Milton Keynes Dons,2025-08-23,1911.6,England
Milton Keynes Dons,2025-08-30,1921.45,England
Milton Keynes Dons,2025-09-06,1916.54,England
Milton Keynes Dons,2025-09-13,1910.53,England
Milton Keynes Dons,2025-09-20,1920.41,England
Milton Keynes Dons,2025-09-27,1893.32,England
Milton Keynes Dons,2025-10-04,1881.3,England
Milton Keynes Dons,2025-10-11,1881.06,England
Milton Keynes Dons,2025-10-18,1891.78,England
Milton Keynes Dons,2025-10-25,1901.45,England
Milton Keynes Dons,2025-11-01,1883.21,England
Milton Keynes Dons,2025-11-08,1878.57,England
Milton Keynes Dons,2025-11-15,1876.36,England
Milton Keynes Dons,2025-11-22,1879.47,England
Milton Keynes Dons,2025-11-29,1887.41,England
Milton Keynes Dons,2025-12-06,1887.34,England
Milton Keynes Dons,2025-12-09,1904.88,England
Milton Keynes Dons,2025-12-13,1905.06,England
Milton Keynes Dons,2025-12-20,1907.56,England
Milton Keynes Dons,2025-12-26,1919.95,England
Milton Keynes Dons,2025-12-29,1921.86,England
Milton Keynes Dons,2026-01-01,1929.15,England
Milton Keynes Dons,2026-01-04,1926.49,England
Milton Keynes Dons,2026-01-09,1900.29,England
Milton Keynes Dons,2026-01-17,1896.57,England
Milton Keynes Dons,2026-01-24,1922.36,England
Milton Keynes Dons,2026-01-27,1927.76,England
Milton Keynes Dons,2026-01-31,1936.81,England
Milton Keynes Dons,2026-02-07,1941.88,England
Milton Keynes Dons,2026-02-14,1938.42,England
Milton Keynes Dons,2026-02-17,1932.26,England
Milton Keynes Dons,2026-02-23,1943.0,England
Milton Keynes Dons,2026-02-28,1945.72,England
Milton Keynes Dons,2026-03-07,1932.9,England
Milton Keynes Dons,2026-03-10,1943.19,England
Milton Keynes Dons,2026-03-14,1937.68,England
Milton Keynes Dons,2026-03-18,1964.14,England
Milton Keynes Dons,2026-03-21,1980.32,England
Milton Keynes Dons,2026-03-28,1984.16,England
Milton Keynes Dons,2026-04-03,1972.02,England
Milton Keynes Dons,2026-04-06,1953.96,England
Milton Keynes Dons,2026-04-11,1960.9,England
Milton Keynes Dons,2026-04-18,1960.21,England
Milton Keynes Dons,2026-04-25,1947.96,England
Milton Keynes Dons,2026-05-02,1954.07,England
Milton Keynes Dons,2026-08-15,1960.68,England
Newcastle United,2023-08-12,2426.72,England
Newcastle United,2023-08-19,2430.9,England
Newcastle United,2023-08-27,2420.21,England
Newcastle United,2023-09-02,2424.18,England
Newcastle United,2023-09-16,2408.48,England
Newcastle United,2023-09-19,2377.12,England
Newcastle United,2023-09-24,2387.13,England
Newcastle United,2023-09-27,2391.91,England
Newcastle United,2023-09-30,2395.27,England
Newcastle United,2023-10-04,2375.37,England
Newcastle United,2023-10-08,2380.51,England
Newcastle United,2023-10-21,2398.32,England
Newcastle United,2023-10-25,2409.56,England
Newcastle United,2023-10-28,2404.09,England
Newcastle United,2023-11-01,2385.54,England
Newcastle United,2023-11-04,2367.99,England
Newcastle United,2023-11-07,2391.32,England
Newcastle United,2023-11-11,2385.01,England
Newcastle United,2023-11-25,2368.18,England
Newcastle United,2023-11-28,2343.68,England
Newcastle United,2023-12-02,2347.92,England
Newcastle United,2023-12-07,2369.52,England
Newcastle United,2023-12-10,2351.84,England
Newcastle United,2023-12-13,2358.95,England
Newcastle United,2023-12-16,2328.58,England
Newcastle United,2023-12-19,2315.8,England
Newcastle United,2023-12-23,2323.86,England
Newcastle United,2023-12-26,2332.4,England
Newcastle United,2024-01-01,2305.01,England
Newcastle United,2024-01-06,2329.18,England
Newcastle United,2024-01-13,2315.92,England
Newcastle United,2024-01-27,2337.26,England
Newcastle United,2024-01-30,2319.05,England
Newcastle United,2024-02-03,2307.91,England
Newcastle United,2024-02-10,2293.57,England
Newcastle United,2024-02-17,2297.43,England
Newcastle United,2024-02-24,2279.74,England
Newcastle United,2024-02-27,2299.77,England
Newcastle United,2024-03-02,2304.53,England
Newcastle United,2024-03-11,2318.02,England
Newcastle United,2024-03-16,2314.97,England
Newcastle United,2024-03-30,2312.73,England
Newcastle United,2024-04-02,2317.86,England
Newcastle United,2024-04-06,2307.8,England
Newcastle United,2024-04-13,2309.15,England
Newcastle United,2024-04-24,2320.39,England
Newcastle United,2024-04-27,2326.26,England
Newcastle United,2024-05-04,2306.2,England
Newcastle United,2024-05-11,2327.38,England
Newcastle United,2024-05-15,2339.93,England
Newcastle United,2024-05-19,2355.34,England
Newcastle United,2024-08-17,2377.02,England
Newcastle United,2024-08-25,2375.84,England
Newcastle United,2024-08-28,2397.32,England
Newcastle United,2024-09-01,2383.07,England
Newcastle United,2024-09-15,2382.53,England
Newcastle United,2024-09-21,2365.55,England
Newcastle United,2024-09-28,2325.66,England
Newcastle United,2024-10-01,2331.0,England
Newcastle United,2024-10-05,2350.82,England
Newcastle United,2024-10-19,2357.34,England
Newcastle United,2024-10-27,2354.22,England
Newcastle United,2024-10-30,2363.82,England
Newcastle United,2024-11-02,2337.89,England
Newcastle United,2024-11-10,2334.73,England
Newcastle United,2024-11-25,2360.62,England
Newcastle United,2024-11-30,2355.61,England
Newcastle United,2024-12-04,2348.94,England
Newcastle United,2024-12-07,2355.39,England
Newcastle United,2024-12-14,2371.98,England
Newcastle United,2024-12-18,2380.34,England
Newcastle United,2024-12-21,2382.13,England
Newcastle United,2024-12-26,2375.82,England
Newcastle United,2024-12-30,2407.66,England
Newcastle United,2025-01-04,2428.01,England
Newcastle United,2025-01-07,2411.95,England
Newcastle United,2025-01-12,2411.95,England
Newcastle United,2025-01-15,2412.24,England
Newcastle United,2025-01-18,2417.56,England
Newcastle United,2025-01-25,2425.58,England
Newcastle United,2025-02-01,2425.38,England
Newcastle United,2025-02-05,2385.86,England
Newcastle United,2025-02-08,2348.77,England
Newcastle United,2025-02-15,2365.15,England
Newcastle United,2025-02-23,2359.49,England
Newcastle United,2025-02-26,2342.83,England
Newcastle United,2025-03-02,2348.17,England
Newcastle United,2025-03-10,2342.59,England
Newcastle United,2025-03-16,2349.5,England
Newcastle United,2025-04-02,2351.48,England
Newcastle United,2025-04-07,2356.2,England
Newcastle United,2025-04-13,2377.76,England
Newcastle United,2025-04-16,2391.36,England
Newcastle United,2025-04-19,2390.16,England
Newcastle United,2025-04-26,2408.65,England
Newcastle United,2025-05-04,2422.9,England
Newcastle United,2025-05-11,2414.49,England
Newcastle United,2025-05-18,2410.11,England
Newcastle United,2025-05-25,2437.81,England
Newcastle United,2025-08-16,2455.02,England
Newcastle United,2025-08-25,2411.96,England
Newcastle United,2025-08-30,2396.73,England
Newcastle United,2025-09-13,2420.38,England
Newcastle United,2025-09-18,2428.19,England
Newcastle United,2025-09-21,2413.85,England
Newcastle United,2025-09-24,2413.85,England
Newcastle United,2025-09-28,2396.36,England
Newcastle United,2025-10-01,2408.5,England
Newcastle United,2025-10-05,2408.68,England
Newcastle United,2025-10-18,2414.86,England
Newcastle United,2025-10-21,2409.78,England
Newcastle United,2025-10-25,2416.04,England
Newcastle United,2025-10-29,2400.65,England
Newcastle United,2025-11-02,2413.24,England
Newcastle United,2025-11-05,2446.95,England
Newcastle United,2025-11-09,2437.8,England
Newcastle United,2025-11-22,2403.24,England
Newcastle United,2025-11-25,2398.22,England
Newcastle United,2025-11-29,2388.59,England
Newcastle United,2025-12-02,2376.64,England
Newcastle United,2025-12-06,2381.56,England
Newcastle United,2025-12-10,2387.23,England
Newcastle United,2025-12-14,2382.64,England
Newcastle United,2025-12-17,2389.94,England
Newcastle United,2025-12-20,2369.18,England
Newcastle United,2025-12-26,2385.39,England
Newcastle United,2025-12-30,2390.88,England
Newcastle United,2026-01-04,2426.03,England
Newcastle United,2026-01-07,2423.06,England
Newcastle United,2026-01-10,2424.59,England
Newcastle United,2026-01-13,2440.29,England
Newcastle United,2026-01-18,2426.47,England
Newcastle United,2026-01-21,2429.29,England
Newcastle United,2026-01-25,2398.87,England
Newcastle United,2026-01-28,2389.61,England
Newcastle United,2026-01-31,2370.94,England
Newcastle United,2026-02-04,2404.09,England
Newcastle United,2026-02-07,2397.18,England
Newcastle United,2026-02-10,2404.32,England
Newcastle United,2026-02-14,2390.39,England
Newcastle United,2026-02-18,2378.95,England
Newcastle United,2026-02-21,2366.22,England
Newcastle United,2026-02-24,2381.22,England
Newcastle United,2026-02-28,2362.54,England
Newcastle United,2026-03-04,2353.45,England
Newcastle United,2026-03-07,2364.2,England
Newcastle United,2026-03-10,2358.59,England
Newcastle United,2026-03-14,2348.77,England
Newcastle United,2026-03-18,2332.74,England
Newcastle United,2026-03-22,2320.26,England
Newcastle United,2026-04-12,2344.52,England
Newcastle United,2026-04-18,2335.41,England
Newcastle United,2026-04-25,2312.61,England
Newcastle United,2026-05-02,2301.21,England
Newcastle United,2026-05-10,2326.68,England
Newcastle United,2026-05-17,2321.56,England
Newcastle United,2026-05-24,2318.27,England
Newcastle United,2026-08-23,2318.15,England
Norwich City,2023-08-05,2055.76,England
Norwich City,2023-08-12,2068.27,England
Norwich City,2023-08-16,2084.32,England
Norwich City,2023-08-20,2100.86,England
Norwich City,2023-08-26,2107.41,England
Norwich City,2023-08-29,2087.26,England
Norwich City,2023-09-02,2099.47,England
Norwich City,2023-09-16,2105.59,England
Norwich City,2023-09-20,2107.29,England
Norwich City,2023-09-23,2104.56,England
Norwich City,2023-09-27,2071.07,England
Norwich City,2023-09-30,2054.99,England
Norwich City,2023-10-04,2065.79,England
Norwich City,2023-10-07,2076.95,England
Norwich City,2023-10-21,2063.53,England
Norwich City,2023-10-24,2048.79,England
Norwich City,2023-10-28,2042.67,England
Norwich City,2023-11-05,2034.82,England
Norwich City,2023-11-11,2022.42,England
Norwich City,2023-11-25,2012.83,England
Norwich City,2023-11-28,2020.68,England
Norwich City,2023-12-03,2005.84,England
Norwich City,2023-12-09,2013.76,England
Norwich City,2023-12-13,2016.62,England
Norwich City,2023-12-16,2003.29,England
Norwich City,2023-12-23,2005.57,England
Norwich City,2023-12-26,2022.36,England
Norwich City,2023-12-29,2018.17,England
Norwich City,2024-01-01,1995.84,England
Norwich City,2024-01-06,2002.3,England
Norwich City,2024-01-12,2009.11,England
Norwich City,2024-01-17,2009.1,England
Norwich City,2024-01-20,2019.94,England
Norwich City,2024-01-24,2026.82,England
Norwich City,2024-01-28,2034.47,England
Norwich City,2024-02-03,2041.93,England
Norwich City,2024-02-10,2032.14,England
Norwich City,2024-02-13,2032.03,England
Norwich City,2024-02-17,2045.16,England
Norwich City,2024-02-24,2054.31,England
Norwich City,2024-03-02,2064.36,England
Norwich City,2024-03-06,2087.47,England
Norwich City,2024-03-09,2088.49,England
Norwich City,2024-03-16,2083.76,England
Norwich City,2024-03-29,2080.96,England
Norwich City,2024-04-01,2078.38,England
Norwich City,2024-04-06,2075.49,England
Norwich City,2024-04-09,2080.77,England
Norwich City,2024-04-13,2079.51,England
Norwich City,2024-04-20,2097.95,England
Norwich City,2024-04-27,2090.27,England
Norwich City,2024-05-04,2075.36,England
Norwich City,2024-05-12,2095.03,England
Norwich City,2024-05-16,2115.11,England
Norwich City,2024-08-10,2120.15,England
Norwich City,2024-08-13,2096.0,England
Norwich City,2024-08-17,2116.38,England
Norwich City,2024-08-24,2077.72,England
Norwich City,2024-08-27,2026.78,England
Norwich City,2024-08-31,2035.56,England
Norwich City,2024-09-14,2034.22,England
Norwich City,2024-09-21,2021.7,England
Norwich City,2024-09-28,2026.16,England
Norwich City,2024-10-01,2033.16,England
Norwich City,2024-10-05,2038.77,England
Norwich City,2024-10-19,2050.14,England
Norwich City,2024-10-22,2052.09,England
Norwich City,2024-10-27,2053.06,England
Norwich City,2024-11-02,2036.25,England
Norwich City,2024-11-05,2032.57,England
Norwich City,2024-11-09,2034.68,England
Norwich City,2024-11-23,2027.16,England
Norwich City,2024-11-26,2033.89,England
Norwich City,2024-11-30,2037.63,England
Norwich City,2024-12-07,2059.84,England
Norwich City,2024-12-10,2049.14,England
Norwich City,2024-12-15,2036.01,England
Norwich City,2024-12-21,2034.3,England
Norwich City,2024-12-26,2028.78,England
Norwich City,2024-12-29,2034.04,England
Norwich City,2025-01-01,2048.25,England
Norwich City,2025-01-04,2070.52,England
Norwich City,2025-01-11,2040.82,England
Norwich City,2025-01-18,2030.41,England
Norwich City,2025-01-22,2029.91,England
Norwich City,2025-01-25,2033.53,England
Norwich City,2025-02-01,2047.38,England
Norwich City,2025-02-08,2056.51,England
Norwich City,2025-02-11,2070.9,England
Norwich City,2025-02-15,2071.58,England
Norwich City,2025-02-22,2065.46,England
Norwich City,2025-03-01,2045.96,England
Norwich City,2025-03-07,2050.7,England
Norwich City,2025-03-11,2040.52,England
Norwich City,2025-03-14,2048.11,England
Norwich City,2025-03-29,2051.24,England
Norwich City,2025-04-05,2056.05,England
Norwich City,2025-04-08,2066.85,England
Norwich City,2025-04-11,2056.61,England
Norwich City,2025-04-18,2040.43,England
Norwich City,2025-04-21,2041.39,England
Norwich City,2025-04-26,2024.95,England
Norwich City,2025-05-03,2032.45,England
Norwich City,2025-08-09,2018.11,England
Norwich City,2025-08-12,2049.76,England
Norwich City,2025-08-16,2059.88,England
Norwich City,2025-08-23,2050.13,England
Norwich City,2025-08-26,2034.88,England
Norwich City,2025-08-30,2014.94,England
Norwich City,2025-09-13,2001.94,England
Norwich City,2025-09-20,2010.43,England
Norwich City,2025-09-27,2008.45,England
Norwich City,2025-10-01,1988.46,England
Norwich City,2025-10-05,1996.95,England
Norwich City,2025-10-18,1998.66,England
Norwich City,2025-10-21,1993.42,England
Norwich City,2025-10-25,1999.06,England
Norwich City,2025-11-01,2003.11,England
Norwich City,2025-11-05,1983.35,England
Norwich City,2025-11-08,1987.27,England
Norwich City,2025-11-22,1987.72,England
Norwich City,2025-11-25,1990.49,England
Norwich City,2025-11-29,1982.28,England
Norwich City,2025-12-06,1985.55,England
Norwich City,2025-12-09,1976.19,England
Norwich City,2025-12-13,1970.66,England
Norwich City,2025-12-20,1974.9,England
Norwich City,2025-12-26,1975.54,England
Norwich City,2025-12-29,1979.45,England
Norwich City,2026-01-01,1979.45,England
Norwich City,2026-01-04,1993.2,England
Norwich City,2026-01-11,1988.28,England
Norwich City,2026-01-17,2005.81,England
Norwich City,2026-01-20,2016.7,England
Norwich City,2026-01-26,2017.31,England
Norwich City,2026-01-31,2012.3,England
Norwich City,2026-02-07,2007.68,England
Norwich City,2026-02-10,2013.85,England
Norwich City,2026-02-14,2046.53,England
Norwich City,2026-02-21,2042.55,England
Norwich City,2026-02-25,2055.43,England
Norwich City,2026-02-28,2058.78,England
Norwich City,2026-03-08,2086.07,England
Norwich City,2026-03-11,2078.41,England
Norwich City,2026-03-14,2096.38,England
Norwich City,2026-03-18,2082.91,England
Norwich City,2026-03-21,2083.68,England
Norwich City,2026-04-03,2077.78,England
Norwich City,2026-04-06,2066.57,England
Norwich City,2026-04-11,2071.24,England
Norwich City,2026-04-18,2080.59,England
Norwich City,2026-04-21,2069.88,England
Norwich City,2026-04-25,2076.63,England
Norwich City,2026-05-02,2055.38,England
Norwich City,2026-08-15,2047.55,England
Nottingham Forest,2023-08-12,2133.3,England
Nottingham Forest,2023-08-18,2126.44,England
Nottingham Forest,2023-08-26,2154.61,England
Nottingham Forest,2023-08-30,2153.07,England
Nottingham Forest,2023-09-02,2155.16,England
Nottingham Forest,2023-09-18,2159.96,England
Nottingham Forest,2023-09-23,2184.28,England
Nottingham Forest,2023-10-01,2194.69,England
Nottingham Forest,2023-10-07,2196.59,England
Nottingham Forest,2023-10-21,2188.72,England
Nottingham Forest,2023-10-29,2154.25,England
Nottingham Forest,2023-11-05,2142.4,England
Nottingham Forest,2023-11-12,2158.41,England
Nottingham Forest,2023-11-25,2174.41,England
Nottingham Forest,2023-12-02,2171.09,England
Nottingham Forest,2023-12-06,2169.43,England
Nottingham Forest,2023-12-09,2155.15,England
Nottingham Forest,2023-12-15,2133.19,England
Nottingham Forest,2023-12-23,2132.28,England
Nottingham Forest,2023-12-26,2123.73,England
Nottingham Forest,2023-12-30,2131.86,England
Nottingham Forest,2024-01-07,2150.98,England
Nottingham Forest,2024-01-17,2162.18,England
Nottingham Forest,2024-01-20,2154.61,England
Nottingham Forest,2024-01-26,2158.88,England
Nottingham Forest,2024-01-30,2144.15,England
Nottingham Forest,2024-02-04,2141.11,England
Nottingham Forest,2024-02-07,2138.74,England
Nottingham Forest,2024-02-10,2153.08,England
Nottingham Forest,2024-02-17,2153.86,England
Nottingham Forest,2024-02-24,2170.31,England
Nottingham Forest,2024-02-28,2176.02,England
Nottingham Forest,2024-03-02,2173.8,England
Nottingham Forest,2024-03-10,2185.94,England
Nottingham Forest,2024-03-16,2191.18,England
Nottingham Forest,2024-03-30,2193.89,England
Nottingham Forest,2024-04-02,2196.81,England
Nottingham Forest,2024-04-07,2196.47,England
Nottingham Forest,2024-04-13,2193.72,England
Nottingham Forest,2024-04-21,2197.62,England
Nottingham Forest,2024-04-28,2205.39,England
Nottingham Forest,2024-05-04,2224.52,England
Nottingham Forest,2024-05-11,2210.93,England
Nottingham Forest,2024-05-19,2213.27,England
Nottingham Forest,2024-08-17,2227.68,England
Nottingham Forest,2024-08-24,2208.07,England
Nottingham Forest,2024-08-28,2186.59,England
Nottingham Forest,2024-08-31,2197.36,England
Nottingham Forest,2024-09-14,2211.44,England
Nottingham Forest,2024-09-22,2219.77,England
Nottingham Forest,2024-09-28,2230.85,England
Nottingham Forest,2024-10-06,2221.37,England
Nottingham Forest,2024-10-21,2241.09,England
Nottingham Forest,2024-10-25,2243.14,England
Nottingham Forest,2024-11-02,2261.93,England
Nottingham Forest,2024-11-10,2265.1,England
Nottingham Forest,2024-11-23,2282.96,England
Nottingham Forest,2024-11-30,2264.61,England
Nottingham Forest,2024-12-04,2272.6,England
Nottingham Forest,2024-12-07,2272.93,England
Nottingham Forest,2024-12-14,2289.23,England
Nottingham Forest,2024-12-21,2288.84,England
Nottingham Forest,2024-12-26,2287.2,England
Nottingham Forest,2024-12-29,2269.1,England
Nottingham Forest,2025-01-06,2304.04,England
Nottingham Forest,2025-01-11,2266.55,England
Nottingham Forest,2025-01-14,2281.9,England
Nottingham Forest,2025-01-19,2294.47,England
Nottingham Forest,2025-01-25,2277.14,England
Nottingham Forest,2025-02-01,2281.94,England
Nottingham Forest,2025-02-11,2248.39,England
Nottingham Forest,2025-02-15,2267.04,England
Nottingham Forest,2025-02-23,2272.69,England
Nottingham Forest,2025-02-26,2287.25,England
Nottingham Forest,2025-03-03,2305.1,England
Nottingham Forest,2025-03-08,2293.53,England
Nottingham Forest,2025-03-15,2296.05,England
Nottingham Forest,2025-03-29,2301.08,England
Nottingham Forest,2025-04-01,2287.82,England
Nottingham Forest,2025-04-05,2297.39,England
Nottingham Forest,2025-04-12,2307.22,England
Nottingham Forest,2025-04-21,2316.73,England
Nottingham Forest,2025-04-27,2298.24,England
Nottingham Forest,2025-05-01,2286.88,England
Nottingham Forest,2025-05-05,2283.89,England
Nottingham Forest,2025-05-11,2285.99,England
Nottingham Forest,2025-05-18,2298.91,England
Nottingham Forest,2025-05-25,2299.02,England
Nottingham Forest,2025-08-17,2327.28,England
Nottingham Forest,2025-08-24,2326.57,England
Nottingham Forest,2025-08-31,2335.11,England
Nottingham Forest,2025-09-13,2325.91,England
Nottingham Forest,2025-09-17,2337.16,England
Nottingham Forest,2025-09-20,2328.41,England
Nottingham Forest,2025-09-24,2306.57,England
Nottingham Forest,2025-09-27,2279.16,England
Nottingham Forest,2025-10-02,2303.69,England
Nottingham Forest,2025-10-05,2303.52,England
Nottingham Forest,2025-10-18,2287.82,England
Nottingham Forest,2025-10-23,2286.31,England
Nottingham Forest,2025-10-26,2299.34,England
Nottingham Forest,2025-11-01,2266.78,England
Nottingham Forest,2025-11-06,2275.18,England
Nottingham Forest,2025-11-09,2278.59,England
Nottingham Forest,2025-11-22,2258.74,England
Nottingham Forest,2025-11-27,2285.62,England
Nottingham Forest,2025-11-30,2284.28,England
Nottingham Forest,2025-12-03,2307.63,England
Nottingham Forest,2025-12-06,2301.61,England
Nottingham Forest,2025-12-11,2297.09,England
Nottingham Forest,2025-12-14,2278.8,England
Nottingham Forest,2025-12-22,2300.11,England
Nottingham Forest,2025-12-27,2313.65,England
Nottingham Forest,2025-12-30,2331.61,England
Nottingham Forest,2026-01-03,2335.55,England
Nottingham Forest,2026-01-06,2330.92,England
Nottingham Forest,2026-01-09,2299.32,England
Nottingham Forest,2026-01-17,2296.12,England
Nottingham Forest,2026-01-22,2282.4,England
Nottingham Forest,2026-01-25,2278.32,England
Nottingham Forest,2026-01-29,2250.2,England
Nottingham Forest,2026-02-01,2247.27,England
Nottingham Forest,2026-02-06,2257.61,England
Nottingham Forest,2026-02-11,2274.16,England
Nottingham Forest,2026-02-19,2287.55,England
Nottingham Forest,2026-02-22,2276.2,England
Nottingham Forest,2026-02-26,2319.72,England
Nottingham Forest,2026-03-01,2319.34,England
Nottingham Forest,2026-03-04,2322.82,England
Nottingham Forest,2026-03-12,2321.45,England
Nottingham Forest,2026-03-15,2300.93,England
Nottingham Forest,2026-03-19,2305.22,England
Nottingham Forest,2026-03-22,2307.69,England
Nottingham Forest,2026-04-09,2291.22,England
Nottingham Forest,2026-04-12,2295.59,England
Nottingham Forest,2026-04-16,2286.11,England
Nottingham Forest,2026-04-19,2278.95,England
Nottingham Forest,2026-04-24,2267.98,England
Nottingham Forest,2026-04-30,2258.06,England
Nottingham Forest,2026-05-04,2251.4,England
Nottingham Forest,2026-05-07,2245.26,England
Nottingham Forest,2026-05-10,2219.78,England
Nottingham Forest,2026-05-17,2225.85,England
Nottingham Forest,2026-05-24,2217.48,England
Nottingham Forest,2026-08-22,2200.91,England
Notts County,2023-08-05,2025.77,England
Notts County,2023-08-08,1988.36,England
Notts County,2023-08-12,1982.0,England
Notts County,2023-08-15,1955.72,England
Notts County,2023-08-19,1938.97,England
Notts County,2023-08-26,1925.93,England
Notts County,2023-09-02,1928.76,England
Notts County,2023-09-09,1936.82,England
Notts County,2023-09-15,1934.05,England
Notts County,2023-09-23,1931.12,England
Notts County,2023-09-30,1921.68,England
Notts County,2023-10-03,1925.69,England
Notts County,2023-10-07,1926.02,England
Notts County,2023-10-14,1917.56,England
Notts County,2023-10-21,1909.59,England
Notts County,2023-10-24,1912.86,England
Notts County,2023-10-28,1912.32,England
Notts County,2023-11-04,1902.98,England
Notts County,2023-11-11,1893.3,England
Notts County,2023-11-18,1893.49,England
Notts County,2023-11-25,1879.95,England
Notts County,2023-11-28,1877.69,England
Notts County,2023-12-01,1844.09,England
Notts County,2023-12-09,1862.98,England
Notts County,2023-12-16,1866.2,England
Notts County,2023-12-22,1862.7,England
Notts County,2023-12-26,1883.13,England
Notts County,2023-12-29,1870.91,England
Notts County,2024-01-01,1879.62,England
Notts County,2024-01-13,1884.47,England
Notts County,2024-01-27,1897.11,England
Notts County,2024-02-03,1905.99,England
Notts County,2024-02-09,1892.32,England
Notts County,2024-02-13,1873.82,England
Notts County,2024-02-17,1886.27,England
Notts County,2024-02-24,1878.06,England
Notts County,2024-02-27,1872.91,England
Notts County,2024-03-09,1870.18,England
Notts County,2024-03-12,1848.1,England
Notts County,2024-03-16,1843.17,England
Notts County,2024-03-19,1848.58,England
Notts County,2024-03-23,1837.03,England
Notts County,2024-03-29,1838.35,England
Notts County,2024-08-10,1837.99,England
Notts County,2024-08-13,1834.47,England
Notts County,2024-08-18,1844.47,England
Notts County,2024-08-22,1839.1,England
Notts County,2024-08-31,1848.34,England
Notts County,2024-09-07,1841.98,England
Notts County,2024-09-14,1837.53,England
Notts County,2024-09-21,1854.78,England
Notts County,2024-09-28,1867.68,England
Notts County,2024-10-01,1874.43,England
Notts County,2024-10-05,1857.26,England
Notts County,2024-10-12,1843.19,England
Notts County,2024-10-19,1852.66,England
Notts County,2024-10-22,1855.69,England
Notts County,2024-10-26,1878.66,England
Notts County,2024-11-01,1887.1,England
Notts County,2024-11-09,1880.6,England
Notts County,2024-11-16,1878.38,England
Notts County,2024-11-23,1882.22,England
Notts County,2024-11-30,1881.97,England
Notts County,2024-12-03,1888.12,England
Notts County,2024-12-14,1882.39,England
Notts County,2024-12-21,1861.8,England
Notts County,2024-12-26,1876.57,England
Notts County,2024-12-29,1878.36,England
Notts County,2025-01-01,1883.74,England
Notts County,2025-01-04,1876.82,England
Notts County,2025-01-18,1877.5,England
Notts County,2025-01-25,1891.32,England
Notts County,2025-01-28,1891.64,England
Notts County,2025-02-01,1911.09,England
Notts County,2025-02-08,1905.14,England
Notts County,2025-02-13,1895.06,England
Notts County,2025-02-18,1887.74,England
Notts County,2025-02-22,1895.37,England
Notts County,2025-03-01,1893.13,England
Notts County,2025-03-04,1910.7,England
Notts County,2025-03-08,1924.26,England
Notts County,2025-03-11,1890.41,England
Notts County,2025-03-15,1880.57,England
Notts County,2025-03-22,1870.73,England
Notts County,2025-03-29,1884.29,England
Notts County,2025-04-02,1883.66,England
Notts County,2025-04-05,1904.95,England
Notts County,2025-04-11,1905.34,England
Notts County,2025-04-17,1890.26,England
Notts County,2025-04-21,1884.16,England
Notts County,2025-04-26,1903.18,England
Notts County,2025-05-03,1903.6,England
Notts County,2025-05-10,1906.95,England
Notts County,2025-05-17,1890.66,England
Notts County,2025-08-02,1862.91,England
Notts County,2025-08-09,1877.69,England
Notts County,2025-08-12,1864.22,England
Notts County,2025-08-16,1867.21,England
Notts County,2025-08-20,1839.12,England
Notts County,2025-08-23,1826.91,England
Notts County,2025-08-30,1833.48,England
Notts County,2025-09-06,1827.38,England
Notts County,2025-09-13,1815.65,England
Notts County,2025-09-20,1814.27,England
Notts County,2025-09-27,1824.58,England
Notts County,2025-10-04,1822.83,England
Notts County,2025-10-18,1819.87,England
Notts County,2025-10-21,1826.5,England
Notts County,2025-10-25,1847.48,England
Notts County,2025-11-01,1867.59,England
Notts County,2025-11-10,1863.4,England
Notts County,2025-11-15,1873.99,England
Notts County,2025-11-22,1863.93,England
Notts County,2025-11-29,1864.72,England
Notts County,2025-12-09,1847.18,England
Notts County,2025-12-13,1828.01,England
Notts County,2025-12-20,1835.01,England
Notts County,2025-12-26,1851.49,England
Notts County,2025-12-29,1849.58,England
Notts County,2026-01-01,1855.97,England
Notts County,2026-01-17,1872.43,England
Notts County,2026-01-24,1871.95,England
Notts County,2026-01-27,1876.82,England
Notts County,2026-01-31,1889.98,England
Notts County,2026-02-03,1891.37,England
Notts County,2026-02-07,1898.94,England
Notts County,2026-02-14,1912.82,England
Notts County,2026-02-17,1896.32,England
Notts County,2026-02-21,1893.26,England
Notts County,2026-02-28,1902.19,England
Notts County,2026-03-07,1903.46,England
Notts County,2026-03-14,1900.83,England
Notts County,2026-03-17,1903.66,England
Notts County,2026-03-21,1903.59,England
Notts County,2026-03-24,1905.31,England
Notts County,2026-03-28,1895.94,England
Notts County,2026-04-03,1897.05,England
Notts County,2026-04-06,1876.05,England
Notts County,2026-04-11,1881.57,England
Notts County,2026-04-18,1883.87,England
Notts County,2026-04-25,1899.04,England
Notts County,2026-05-02,1913.87,England
Notts County,2026-05-10,1912.24,England
Notts County,2026-05-15,1921.67,England
Notts County,2026-05-25,1918.24,England
Notts County,2026-08-15,1903.85,England
Oxford United,2023-08-05,2004.08,England
Oxford United,2023-08-09,1991.71,England
Oxford United,2023-08-12,1978.48,England
Oxford United,2023-08-15,1973.78,England
Oxford United,2023-08-19,1969.18,England
Oxford United,2023-08-26,1966.37,England
Oxford United,2023-09-02,1970.72,England
Oxford United,2023-09-16,1976.91,England
Oxford United,2023-09-23,1979.1,England
Oxford United,2023-09-30,1978.55,England
Oxford United,2023-10-03,1973.43,England
Oxford United,2023-10-07,1975.28,England
Oxford United,2023-10-21,1975.68,England
Oxford United,2023-10-24,1990.32,England
Oxford United,2023-10-28,1981.41,England
Oxford United,2023-10-31,1969.12,England
Oxford United,2023-11-04,1972.25,England
Oxford United,2023-11-11,1965.09,England
Oxford United,2023-11-25,1965.4,England
Oxford United,2023-11-28,1948.9,England
Oxford United,2023-12-02,1968.09,England
Oxford United,2023-12-09,1961.01,England
Oxford United,2023-12-12,1962.86,England
Oxford United,2023-12-16,1955.2,England
Oxford United,2023-12-23,1965.44,England
Oxford United,2023-12-26,1954.03,England
Oxford United,2023-12-29,1959.16,England
Oxford United,2024-01-01,1971.43,England
Oxford United,2024-01-06,1936.49,England
Oxford United,2024-01-13,1937.27,England
Oxford United,2024-01-23,1933.54,England
Oxford United,2024-01-27,1935.71,England
Oxford United,2024-01-30,1929.39,England
Oxford United,2024-02-03,1915.82,England
Oxford United,2024-02-10,1913.7,England
Oxford United,2024-02-13,1920.91,England
Oxford United,2024-02-17,1908.72,England
Oxford United,2024-02-20,1907.24,England
Oxford United,2024-02-24,1920.14,England
Oxford United,2024-03-02,1920.52,England
Oxford United,2024-03-09,1931.28,England
Oxford United,2024-03-12,1932.78,England
Oxford United,2024-03-16,1931.65,England
Oxford United,2024-03-29,1939.4,England
Oxford United,2024-04-01,1929.12,England
Oxford United,2024-04-06,1946.07,England
Oxford United,2024-04-13,1953.16,England
Oxford United,2024-04-16,1962.27,England
Oxford United,2024-04-19,1990.12,England
Oxford United,2024-04-27,2011.74,England
Oxford United,2024-05-04,1988.52,England
Oxford United,2024-05-08,1967.59,England
Oxford United,2024-05-18,1977.7,England
Oxford United,2024-08-10,1972.65,England
Oxford United,2024-08-13,1979.12,England
Oxford United,2024-08-16,1956.93,England
Oxford United,2024-08-24,1961.72,England
Oxford United,2024-08-27,1953.0,England
Oxford United,2024-08-31,1938.72,England
Oxford United,2024-09-14,1952.02,England
Oxford United,2024-09-21,1947.12,England
Oxford United,2024-09-28,1944.56,England
Oxford United,2024-10-01,1946.12,England
Oxford United,2024-10-05,1947.48,England
Oxford United,2024-10-19,1931.8,England
Oxford United,2024-10-22,1918.2,England
Oxford United,2024-10-26,1915.39,England
Oxford United,2024-11-02,1911.62,England
Oxford United,2024-11-05,1913.33,England
Oxford United,2024-11-08,1907.08,England
Oxford United,2024-11-23,1908.57,England
Oxford United,2024-11-26,1900.66,England
Oxford United,2024-11-30,1893.61,England
Oxford United,2024-12-11,1882.48,England
Oxford United,2024-12-14,1873.24,England
Oxford United,2024-12-21,1876.66,England
Oxford United,2024-12-26,1878.6,England
Oxford United,2024-12-29,1879.58,England
Oxford United,2025-01-01,1887.73,England
Oxford United,2025-01-04,1890.12,England
Oxford United,2025-01-11,1889.45,England
Oxford United,2025-01-14,1873.36,England
Oxford United,2025-01-18,1882.32,England
Oxford United,2025-01-21,1891.81,England
Oxford United,2025-01-25,1914.99,England
Oxford United,2025-02-01,1924.28,England
Oxford United,2025-02-04,1935.07,England
Oxford United,2025-02-11,1938.78,England
Oxford United,2025-02-15,1928.57,England
Oxford United,2025-02-22,1932.7,England
Oxford United,2025-03-01,1934.04,England
Oxford United,2025-03-07,1929.3,England
Oxford United,2025-03-12,1920.8,England
Oxford United,2025-03-15,1916.49,England
Oxford United,2025-03-29,1917.61,England
Oxford United,2025-04-05,1905.54,England
Oxford United,2025-04-09,1920.26,England
Oxford United,2025-04-12,1915.68,England
Oxford United,2025-04-18,1909.18,England
Oxford United,2025-04-21,1903.54,England
Oxford United,2025-04-26,1907.49,England
Oxford United,2025-05-03,1906.96,England
Oxford United,2025-08-09,1908.23,England
Oxford United,2025-08-12,1917.18,England
Oxford United,2025-08-17,1932.49,England
Oxford United,2025-08-23,1938.84,England
Oxford United,2025-08-27,1962.41,England
Oxford United,2025-08-30,1941.8,England
Oxford United,2025-09-13,1938.07,England
Oxford United,2025-09-21,1939.98,England
Oxford United,2025-09-27,1943.42,England
Oxford United,2025-10-01,1932.89,England
Oxford United,2025-10-04,1929.48,England
Oxford United,2025-10-18,1923.2,England
Oxford United,2025-10-22,1935.65,England
Oxford United,2025-10-25,1935.4,England
Oxford United,2025-11-01,1943.51,England
Oxford United,2025-11-04,1937.54,England
Oxford United,2025-11-08,1935.59,England
Oxford United,2025-11-22,1932.89,England
Oxford United,2025-11-25,1930.13,England
Oxford United,2025-11-28,1919.72,England
Oxford United,2025-12-06,1924.14,England
Oxford United,2025-12-09,1917.53,England
Oxford United,2025-12-13,1924.28,England
Oxford United,2025-12-20,1926.03,England
Oxford United,2025-12-26,1928.59,England
Oxford United,2025-12-29,1932.36,England
Oxford United,2026-01-01,1938.39,England
Oxford United,2026-01-09,1958.97,England
Oxford United,2026-01-17,1952.08,England
Oxford United,2026-01-20,1974.66,England
Oxford United,2026-01-24,1961.45,England
Oxford United,2026-01-31,1953.7,England
Oxford United,2026-02-03,1935.28,England
Oxford United,2026-02-07,1940.31,England
Oxford United,2026-02-10,1934.14,England
Oxford United,2026-02-15,1938.22,England
Oxford United,2026-02-21,1933.05,England
Oxford United,2026-02-25,1932.2,England
Oxford United,2026-02-28,1902.72,England
Oxford United,2026-03-06,1906.69,England
Oxford United,2026-03-11,1915.5,England
Oxford United,2026-03-14,1922.99,England
Oxford United,2026-03-21,1939.62,England
Oxford United,2026-04-03,1952.66,England
Oxford United,2026-04-06,1954.93,England
Oxford United,2026-04-11,1969.32,England
Oxford United,2026-04-18,1978.91,England
Oxford United,2026-04-21,1994.4,England
Oxford United,2026-04-25,1989.11,England
Oxford United,2026-05-02,1957.98,England
Oxford United,2026-08-15,1951.38,England
Peterborough United,2023-08-05,1991.22,England
Peterborough United,2023-08-08,1969.86,England
Peterborough United,2023-08-12,1962.08,England
Peterborough United,2023-08-15,1942.34,England
Peterborough United,2023-08-19,1949.38,England
Peterborough United,2023-08-26,1969.58,England
Peterborough United,2023-08-29,1942.56,England
Peterborough United,2023-09-02,1974.22,England
Peterborough United,2023-09-16,1952.22,England
Peterborough United,2023-09-19,1952.01,England
Peterborough United,2023-09-23,1952.78,England
Peterborough United,2023-09-26,1968.37,England
Peterborough United,2023-09-30,1985.56,England
Peterborough United,2023-10-03,1987.25,England
Peterborough United,2023-10-07,1988.72,England
Peterborough United,2023-10-21,1988.04,England
Peterborough United,2023-10-24,1992.34,England
Peterborough United,2023-10-28,1988.26,England
Peterborough United,2023-11-04,1991.62,England
Peterborough United,2023-11-07,1991.82,England
Peterborough United,2023-11-11,1989.91,England
Peterborough United,2023-11-14,1983.5,England
Peterborough United,2023-11-25,1997.59,England
Peterborough United,2023-11-28,1996.09,England
Peterborough United,2023-12-02,1989.51,England
Peterborough United,2023-12-09,1996.59,England
Peterborough United,2023-12-16,2017.41,England
Peterborough United,2023-12-23,2032.28,England
Peterborough United,2023-12-26,2041.46,England
Peterborough United,2023-12-29,2055.67,England
Peterborough United,2024-01-01,2051.36,England
Peterborough United,2024-01-07,2056.51,England
Peterborough United,2024-01-13,2072.82,England
Peterborough United,2024-01-20,2073.0,England
Peterborough United,2024-01-27,2066.11,England
Peterborough United,2024-02-03,2053.01,England
Peterborough United,2024-02-06,2031.88,England
Peterborough United,2024-02-10,2034.88,England
Peterborough United,2024-02-17,2025.55,England
Peterborough United,2024-02-24,2037.16,England
Peterborough United,2024-03-02,2041.38,England
Peterborough United,2024-03-05,2034.51,England
Peterborough United,2024-03-09,2035.61,England
Peterborough United,2024-03-13,2031.53,England
Peterborough United,2024-03-16,2036.34,England
Peterborough United,2024-03-29,2041.74,England
Peterborough United,2024-04-01,2047.11,England
Peterborough United,2024-04-10,2045.35,England
Peterborough United,2024-04-13,2038.26,England
Peterborough United,2024-04-16,2036.15,England
Peterborough United,2024-04-20,2032.18,England
Peterborough United,2024-04-23,1990.6,England
Peterborough United,2024-04-27,1981.29,England
Peterborough United,2024-05-04,2004.51,England
Peterborough United,2024-05-08,2025.44,England
Peterborough United,2024-08-10,1987.26,England
Peterborough United,2024-08-13,1980.8,England
Peterborough United,2024-08-17,1978.93,England
Peterborough United,2024-08-24,1934.12,England
Peterborough United,2024-08-31,1927.72,England
Peterborough United,2024-09-14,1928.15,England
Peterborough United,2024-09-21,1926.12,England
Peterborough United,2024-09-24,1938.39,England
Peterborough United,2024-09-28,1930.07,England
Peterborough United,2024-10-01,1927.51,England
Peterborough United,2024-10-05,1910.13,England
Peterborough United,2024-10-12,1899.43,England
Peterborough United,2024-10-19,1899.23,England
Peterborough United,2024-10-22,1903.46,England
Peterborough United,2024-10-26,1918.13,England
Peterborough United,2024-11-02,1918.71,England
Peterborough United,2024-11-09,1911.49,England
Peterborough United,2024-11-23,1922.93,England
Peterborough United,2024-11-30,1923.18,England
Peterborough United,2024-12-04,1922.11,England
Peterborough United,2024-12-09,1922.43,England
Peterborough United,2024-12-14,1906.74,England
Peterborough United,2024-12-20,1900.15,England
Peterborough United,2024-12-26,1905.84,England
Peterborough United,2024-12-29,1899.05,England
Peterborough United,2025-01-01,1891.53,England
Peterborough United,2025-01-04,1875.26,England
Peterborough United,2025-01-09,1872.03,England
Peterborough United,2025-01-18,1882.3,England
Peterborough United,2025-01-21,1890.88,England
Peterborough United,2025-01-25,1910.3,England
Peterborough United,2025-01-28,1888.71,England
Peterborough United,2025-02-02,1886.42,England
Peterborough United,2025-02-11,1883.77,England
Peterborough United,2025-02-15,1881.62,England
Peterborough United,2025-02-22,1882.68,England
Peterborough United,2025-03-01,1876.36,England
Peterborough United,2025-03-04,1883.72,England
Peterborough United,2025-03-08,1887.82,England
Peterborough United,2025-03-15,1903.24,England
Peterborough United,2025-03-22,1914.74,England
Peterborough United,2025-03-29,1920.74,England
Peterborough United,2025-04-01,1899.44,England
Peterborough United,2025-04-05,1905.36,England
Peterborough United,2025-04-08,1894.68,England
Peterborough United,2025-04-18,1879.5,England
Peterborough United,2025-04-21,1877.42,England
Peterborough United,2025-04-26,1900.64,England
Peterborough United,2025-04-30,1892.34,England
Peterborough United,2025-05-03,1876.42,England
Peterborough United,2025-08-02,1898.2,England
Peterborough United,2025-08-09,1901.43,England
Peterborough United,2025-08-12,1869.04,England
Peterborough United,2025-08-16,1870.99,England
Peterborough United,2025-08-19,1830.8,England
Peterborough United,2025-08-23,1830.4,England
Peterborough United,2025-08-30,1830.24,England
Peterborough United,2025-09-06,1808.22,England
Peterborough United,2025-09-13,1803.72,England
Peterborough United,2025-09-20,1813.59,England
Peterborough United,2025-09-27,1816.18,England
Peterborough United,2025-10-04,1825.47,England
Peterborough United,2025-10-18,1832.93,England
Peterborough United,2025-10-25,1843.99,England
Peterborough United,2025-11-01,1845.45,England
Peterborough United,2025-11-08,1840.97,England
Peterborough United,2025-11-20,1859.49,England
Peterborough United,2025-11-25,1887.83,England
Peterborough United,2025-11-29,1909.28,England
Peterborough United,2025-12-06,1915.88,England
Peterborough United,2025-12-09,1931.62,England
Peterborough United,2025-12-13,1924.44,England
Peterborough United,2025-12-20,1926.59,England
Peterborough United,2025-12-26,1930.91,England
Peterborough United,2025-12-29,1920.86,England
Peterborough United,2026-01-01,1923.57,England
Peterborough United,2026-01-04,1926.37,England
Peterborough United,2026-01-10,1940.13,England
Peterborough United,2026-01-17,1929.66,England
Peterborough United,2026-01-24,1924.25,England
Peterborough United,2026-01-27,1916.99,England
Peterborough United,2026-01-31,1911.27,England
Peterborough United,2026-02-07,1906.22,England
Peterborough United,2026-02-10,1905.93,England
Peterborough United,2026-02-14,1901.04,England
Peterborough United,2026-02-17,1884.56,England
Peterborough United,2026-02-21,1874.05,England
Peterborough United,2026-02-28,1881.12,England
Peterborough United,2026-03-14,1878.91,England
Peterborough United,2026-03-17,1864.99,England
Peterborough United,2026-03-21,1863.37,England
Peterborough United,2026-04-03,1850.01,England
Peterborough United,2026-04-06,1844.97,England
Peterborough United,2026-04-11,1846.16,England
Peterborough United,2026-04-16,1876.26,England
Peterborough United,2026-04-19,1854.59,England
Peterborough United,2026-04-25,1857.11,England
Peterborough United,2026-04-28,1854.25,England
Peterborough United,2026-05-02,1859.42,England
Peterborough United,2026-08-15,1867.74,England
Plymouth Argyle,2023-08-05,2012.3,England
Plymouth Argyle,2023-08-08,1995.14,England
Plymouth Argyle,2023-08-12,1957.32,England
Plymouth Argyle,2023-08-19,1945.51,England
Plymouth Argyle,2023-08-26,1935.67,England
Plymouth Argyle,2023-08-29,1942.48,England
Plymouth Argyle,2023-09-02,1936.15,England
Plymouth Argyle,2023-09-16,1939.59,England
Plymouth Argyle,2023-09-19,1922.31,England
Plymouth Argyle,2023-09-23,1925.04,England
Plymouth Argyle,2023-09-30,1921.66,England
Plymouth Argyle,2023-10-03,1943.67,England
Plymouth Argyle,2023-10-07,1942.68,England
Plymouth Argyle,2023-10-21,1960.59,England
Plymouth Argyle,2023-10-25,1954.49,England
Plymouth Argyle,2023-10-28,1933.91,England
Plymouth Argyle,2023-11-04,1930.93,England
Plymouth Argyle,2023-11-11,1932.42,England
Plymouth Argyle,2023-11-25,1921.8,England
Plymouth Argyle,2023-11-28,1915.4,England
Plymouth Argyle,2023-12-02,1910.63,England
Plymouth Argyle,2023-12-09,1908.89,England
Plymouth Argyle,2023-12-13,1910.98,England
Plymouth Argyle,2023-12-16,1917.56,England
Plymouth Argyle,2023-12-23,1926.13,England
Plymouth Argyle,2023-12-26,1935.9,England
Plymouth Argyle,2023-12-29,1928.45,England
Plymouth Argyle,2024-01-01,1936.36,England
Plymouth Argyle,2024-01-06,1941.88,England
Plymouth Argyle,2024-01-13,1938.53,England
Plymouth Argyle,2024-01-20,1924.67,England
Plymouth Argyle,2024-01-27,1941.93,England
Plymouth Argyle,2024-02-03,1935.85,England
Plymouth Argyle,2024-02-06,1942.72,England
Plymouth Argyle,2024-02-10,1933.06,England
Plymouth Argyle,2024-02-14,1928.46,England
Plymouth Argyle,2024-02-17,1906.03,England
Plymouth Argyle,2024-02-20,1919.02,England
Plymouth Argyle,2024-02-24,1926.39,England
Plymouth Argyle,2024-03-02,1929.29,England
Plymouth Argyle,2024-03-05,1925.63,England
Plymouth Argyle,2024-03-09,1922.2,England
Plymouth Argyle,2024-03-16,1929.2,England
Plymouth Argyle,2024-03-29,1931.99,England
Plymouth Argyle,2024-04-01,1924.8,England
Plymouth Argyle,2024-04-05,1932.84,England
Plymouth Argyle,2024-04-09,1935.27,England
Plymouth Argyle,2024-04-12,1924.68,England
Plymouth Argyle,2024-04-20,1926.22,England
Plymouth Argyle,2024-04-27,1933.11,England
Plymouth Argyle,2024-05-04,1933.83,England
Plymouth Argyle,2024-08-11,1912.05,England
Plymouth Argyle,2024-08-14,1973.84,England
Plymouth Argyle,2024-08-17,1968.91,England
Plymouth Argyle,2024-08-24,1968.35,England
Plymouth Argyle,2024-08-27,1973.84,England
Plymouth Argyle,2024-08-31,1944.7,England
Plymouth Argyle,2024-09-14,1898.72,England
Plymouth Argyle,2024-09-21,1888.1,England
Plymouth Argyle,2024-09-27,1888.4,England
Plymouth Argyle,2024-10-01,1893.79,England
Plymouth Argyle,2024-10-05,1916.22,England
Plymouth Argyle,2024-10-19,1916.3,England
Plymouth Argyle,2024-10-23,1903.02,England
Plymouth Argyle,2024-10-26,1892.51,England
Plymouth Argyle,2024-11-02,1890.51,England
Plymouth Argyle,2024-11-05,1877.07,England
Plymouth Argyle,2024-11-09,1881.02,England
Plymouth Argyle,2024-11-22,1870.88,England
Plymouth Argyle,2024-11-26,1864.14,England
Plymouth Argyle,2024-11-30,1842.27,England
Plymouth Argyle,2024-12-10,1830.01,England
Plymouth Argyle,2024-12-14,1816.99,England
Plymouth Argyle,2024-12-21,1828.5,England
Plymouth Argyle,2024-12-26,1841.76,England
Plymouth Argyle,2024-12-29,1840.78,England
Plymouth Argyle,2025-01-01,1830.43,England
Plymouth Argyle,2025-01-04,1833.65,England
Plymouth Argyle,2025-01-11,1858.67,England
Plymouth Argyle,2025-01-14,1874.76,England
Plymouth Argyle,2025-01-18,1870.84,England
Plymouth Argyle,2025-01-22,1865.07,England
Plymouth Argyle,2025-01-25,1823.72,England
Plymouth Argyle,2025-02-01,1813.94,England
Plymouth Argyle,2025-02-09,1862.39,England
Plymouth Argyle,2025-02-12,1860.01,England
Plymouth Argyle,2025-02-15,1890.38,England
Plymouth Argyle,2025-02-19,1908.64,England
Plymouth Argyle,2025-02-22,1900.88,England
Plymouth Argyle,2025-03-01,1902.51,England
Plymouth Argyle,2025-03-04,1894.42,England
Plymouth Argyle,2025-03-08,1871.13,England
Plymouth Argyle,2025-03-12,1847.47,England
Plymouth Argyle,2025-03-15,1837.3,England
Plymouth Argyle,2025-03-29,1836.55,England
Plymouth Argyle,2025-04-05,1831.74,England
Plymouth Argyle,2025-04-09,1836.82,England
Plymouth Argyle,2025-04-12,1833.76,England
Plymouth Argyle,2025-04-18,1832.58,England
Plymouth Argyle,2025-04-21,1838.8,England
Plymouth Argyle,2025-04-26,1840.88,England
Plymouth Argyle,2025-05-03,1853.2,England
Plymouth Argyle,2025-08-02,1815.99,England
Plymouth Argyle,2025-08-09,1819.06,England
Plymouth Argyle,2025-08-12,1870.06,England
Plymouth Argyle,2025-08-16,1886.97,England
Plymouth Argyle,2025-08-19,1863.08,England
Plymouth Argyle,2025-08-23,1879.56,England
Plymouth Argyle,2025-08-26,1878.87,England
Plymouth Argyle,2025-08-30,1868.95,England
Plymouth Argyle,2025-09-06,1862.01,England
Plymouth Argyle,2025-09-13,1870.98,England
Plymouth Argyle,2025-09-20,1861.11,England
Plymouth Argyle,2025-09-27,1865.09,England
Plymouth Argyle,2025-10-04,1890.21,England
Plymouth Argyle,2025-10-18,1899.38,England
Plymouth Argyle,2025-10-23,1900.68,England
Plymouth Argyle,2025-10-28,1890.63,England
Plymouth Argyle,2025-11-01,1897.26,England
Plymouth Argyle,2025-11-08,1910.62,England
Plymouth Argyle,2025-11-22,1904.18,England
Plymouth Argyle,2025-11-29,1893.09,England
Plymouth Argyle,2025-12-06,1876.01,England
Plymouth Argyle,2025-12-09,1872.63,England
Plymouth Argyle,2025-12-13,1877.33,England
Plymouth Argyle,2025-12-20,1868.01,England
Plymouth Argyle,2025-12-26,1863.74,England
Plymouth Argyle,2025-12-29,1874.65,England
Plymouth Argyle,2026-01-01,1871.21,England
Plymouth Argyle,2026-01-04,1888.22,England
Plymouth Argyle,2026-01-17,1898.69,England
Plymouth Argyle,2026-01-24,1902.48,England
Plymouth Argyle,2026-01-27,1904.01,England
Plymouth Argyle,2026-01-31,1905.41,England
Plymouth Argyle,2026-02-07,1914.95,England
Plymouth Argyle,2026-02-14,1923.35,England
Plymouth Argyle,2026-02-17,1935.41,England
Plymouth Argyle,2026-02-21,1929.05,England
Plymouth Argyle,2026-02-28,1950.49,England
Plymouth Argyle,2026-03-07,1969.44,England
Plymouth Argyle,2026-03-10,1969.05,England
Plymouth Argyle,2026-03-14,1975.61,England
Plymouth Argyle,2026-03-17,1966.53,England
Plymouth Argyle,2026-03-21,1983.05,England
Plymouth Argyle,2026-04-03,1995.81,England
Plymouth Argyle,2026-04-06,2003.07,England
Plymouth Argyle,2026-04-11,2010.25,England
Plymouth Argyle,2026-04-18,2019.49,England
Plymouth Argyle,2026-04-21,2025.84,England
Plymouth Argyle,2026-04-25,2031.12,England
Plymouth Argyle,2026-05-02,2043.39,England
Plymouth Argyle,2026-08-15,2041.63,England
Portsmouth FC,2023-08-05,1885.66,England
Portsmouth FC,2023-08-08,1886.18,England
Portsmouth FC,2023-08-12,1904.38,England
Portsmouth FC,2023-08-15,1907.97,England
Portsmouth FC,2023-08-19,1943.74,England
Portsmouth FC,2023-08-26,1945.91,England
Portsmouth FC,2023-08-29,1972.93,England
Portsmouth FC,2023-09-02,1941.26,England
Portsmouth FC,2023-09-16,1960.61,England
Portsmouth FC,2023-09-19,1967.61,England
Portsmouth FC,2023-09-23,1975.51,England
Portsmouth FC,2023-09-30,1987.82,England
Portsmouth FC,2023-10-03,1986.99,England
Portsmouth FC,2023-10-07,1994.09,England
Portsmouth FC,2023-10-21,2001.54,England
Portsmouth FC,2023-10-24,2013.05,England
Portsmouth FC,2023-10-28,2015.59,England
Portsmouth FC,2023-11-05,2022.7,England
Portsmouth FC,2023-11-11,2018.62,England
Portsmouth FC,2023-11-25,2018.77,England
Portsmouth FC,2023-11-28,2011.47,England
Portsmouth FC,2023-12-02,1991.24,England
Portsmouth FC,2023-12-11,1993.36,England
Portsmouth FC,2023-12-16,2007.56,England
Portsmouth FC,2023-12-23,2044.08,England
Portsmouth FC,2023-12-26,2054.17,England
Portsmouth FC,2023-12-29,2053.12,England
Portsmouth FC,2024-01-01,2037.03,England
Portsmouth FC,2024-01-06,2031.28,England
Portsmouth FC,2024-01-13,2027.7,England
Portsmouth FC,2024-01-20,2028.7,England
Portsmouth FC,2024-01-27,2030.36,England
Portsmouth FC,2024-01-30,2036.68,England
Portsmouth FC,2024-02-03,2042.8,England
Portsmouth FC,2024-02-10,2053.51,England
Portsmouth FC,2024-02-13,2052.95,England
Portsmouth FC,2024-02-17,2047.51,England
Portsmouth FC,2024-02-24,2043.11,England
Portsmouth FC,2024-03-02,2042.73,England
Portsmouth FC,2024-03-09,2033.08,England
Portsmouth FC,2024-03-12,2033.78,England
Portsmouth FC,2024-03-16,2028.97,England
Portsmouth FC,2024-03-29,2040.11,England
Portsmouth FC,2024-04-02,2049.53,England
Portsmouth FC,2024-04-06,2058.05,England
Portsmouth FC,2024-04-13,2039.54,England
Portsmouth FC,2024-04-16,2028.85,England
Portsmouth FC,2024-04-20,2006.72,England
Portsmouth FC,2024-04-27,1986.78,England
Portsmouth FC,2024-08-10,1980.21,England
Portsmouth FC,2024-08-13,1953.43,England
Portsmouth FC,2024-08-17,1975.38,England
Portsmouth FC,2024-08-24,1936.79,England
Portsmouth FC,2024-08-31,1881.04,England
Portsmouth FC,2024-09-15,1865.53,England
Portsmouth FC,2024-09-21,1879.94,England
Portsmouth FC,2024-09-28,1894.7,England
Portsmouth FC,2024-10-02,1905.05,England
Portsmouth FC,2024-10-05,1903.68,England
Portsmouth FC,2024-10-19,1893.69,England
Portsmouth FC,2024-10-22,1881.0,England
Portsmouth FC,2024-10-25,1879.29,England
Portsmouth FC,2024-11-02,1879.56,England
Portsmouth FC,2024-11-05,1892.99,England
Portsmouth FC,2024-11-09,1901.81,England
Portsmouth FC,2024-11-30,1903.9,England
Portsmouth FC,2024-12-07,1900.73,England
Portsmouth FC,2024-12-10,1911.42,England
Portsmouth FC,2024-12-13,1913.93,England
Portsmouth FC,2024-12-21,1919.62,England
Portsmouth FC,2024-12-26,1930.42,England
Portsmouth FC,2024-12-29,1917.68,England
Portsmouth FC,2025-01-01,1921.41,England
Portsmouth FC,2025-01-05,1922.66,England
Portsmouth FC,2025-01-10,1943.78,England
Portsmouth FC,2025-01-15,1929.12,England
Portsmouth FC,2025-01-18,1929.61,England
Portsmouth FC,2025-01-22,1939.68,England
Portsmouth FC,2025-01-25,1934.67,England
Portsmouth FC,2025-01-28,1944.12,England
Portsmouth FC,2025-02-01,1942.07,England
Portsmouth FC,2025-02-08,1942.2,England
Portsmouth FC,2025-02-11,1947.53,England
Portsmouth FC,2025-02-15,1957.74,England
Portsmouth FC,2025-02-22,1955.29,England
Portsmouth FC,2025-03-01,1964.33,England
Portsmouth FC,2025-03-09,1963.68,England
Portsmouth FC,2025-03-12,1987.34,England
Portsmouth FC,2025-03-15,1992.74,England
Portsmouth FC,2025-03-29,1992.77,England
Portsmouth FC,2025-04-05,2005.68,England
Portsmouth FC,2025-04-09,1984.9,England
Portsmouth FC,2025-04-12,1960.21,England
Portsmouth FC,2025-04-18,1976.39,England
Portsmouth FC,2025-04-21,2006.84,England
Portsmouth FC,2025-04-26,1998.49,England
Portsmouth FC,2025-05-03,1973.37,England
Portsmouth FC,2025-08-09,1972.1,England
Portsmouth FC,2025-08-12,2006.15,England
Portsmouth FC,2025-08-16,1996.03,England
Portsmouth FC,2025-08-23,2001.47,England
Portsmouth FC,2025-08-30,1988.05,England
Portsmouth FC,2025-09-14,1999.66,England
Portsmouth FC,2025-09-20,1982.59,England
Portsmouth FC,2025-09-27,1968.64,England
Portsmouth FC,2025-10-01,1964.1,England
Portsmouth FC,2025-10-04,1979.71,England
Portsmouth FC,2025-10-18,1967.34,England
Portsmouth FC,2025-10-21,1958.14,England
Portsmouth FC,2025-10-25,1960.32,England
Portsmouth FC,2025-11-01,1954.72,England
Portsmouth FC,2025-11-05,1947.55,England
Portsmouth FC,2025-11-08,1946.18,England
Portsmouth FC,2025-11-22,1949.13,England
Portsmouth FC,2025-11-26,1947.64,England
Portsmouth FC,2025-11-29,1947.49,England
Portsmouth FC,2025-12-06,1966.22,England
Portsmouth FC,2025-12-09,1958.47,England
Portsmouth FC,2025-12-13,1954.14,England
Portsmouth FC,2025-12-20,1942.29,England
Portsmouth FC,2025-12-26,1931.48,England
Portsmouth FC,2025-12-29,1933.79,England
Portsmouth FC,2026-01-01,1918.28,England
Portsmouth FC,2026-01-11,1905.18,England
Portsmouth FC,2026-01-17,1935.43,England
Portsmouth FC,2026-01-21,1939.06,England
Portsmouth FC,2026-01-25,1950.5,England
Portsmouth FC,2026-01-31,1971.13,England
Portsmouth FC,2026-02-07,1984.85,England
Portsmouth FC,2026-02-14,1988.51,England
Portsmouth FC,2026-02-17,1980.45,England
Portsmouth FC,2026-02-21,1980.73,England
Portsmouth FC,2026-02-24,1980.91,England
Portsmouth FC,2026-02-28,2004.41,England
Portsmouth FC,2026-03-07,2020.22,England
Portsmouth FC,2026-03-10,2026.18,England
Portsmouth FC,2026-03-16,2028.55,England
Portsmouth FC,2026-03-21,2034.74,England
Portsmouth FC,2026-04-03,2040.64,England
Portsmouth FC,2026-04-06,2038.38,England
Portsmouth FC,2026-04-11,2031.69,England
Portsmouth FC,2026-04-14,2030.36,England
Portsmouth FC,2026-04-18,2027.49,England
Portsmouth FC,2026-04-21,2021.86,England
Portsmouth FC,2026-04-25,2000.86,England
Portsmouth FC,2026-05-02,1966.92,England
Portsmouth FC,2026-08-15,1965.03,England
Preston North End,2023-08-05,1933.03,England
Preston North End,2023-08-08,1954.72,England
Preston North End,2023-08-12,1962.22,England
Preston North End,2023-08-19,1987.08,England
Preston North End,2023-08-26,2015.13,England
Preston North End,2023-09-02,2009.55,England
Preston North End,2023-09-16,2006.12,England
Preston North End,2023-09-19,2004.14,England
Preston North End,2023-09-23,1997.03,England
Preston North End,2023-09-30,2001.59,England
Preston North End,2023-10-04,1982.82,England
Preston North End,2023-10-07,1976.94,England
Preston North End,2023-10-21,1973.49,England
Preston North End,2023-10-25,1973.65,England
Preston North End,2023-10-28,1975.44,England
Preston North End,2023-11-04,1981.07,England
Preston North End,2023-11-10,1994.01,England
Preston North End,2023-11-25,1992.24,England
Preston North End,2023-11-28,1988.57,England
Preston North End,2023-12-01,1978.07,England
Preston North End,2023-12-09,1970.15,England
Preston North End,2023-12-12,1963.45,England
Preston North End,2023-12-16,1962.68,England
Preston North End,2023-12-22,1959.89,England
Preston North End,2023-12-26,1953.01,England
Preston North End,2023-12-29,1955.47,England
Preston North End,2024-01-01,1970.31,England
Preston North End,2024-01-06,1981.24,England
Preston North End,2024-01-13,1975.79,England
Preston North End,2024-01-21,1958.01,England
Preston North End,2024-01-27,1974.4,England
Preston North End,2024-02-03,1981.09,England
Preston North End,2024-02-10,1978.89,England
Preston North End,2024-02-14,1984.57,England
Preston North End,2024-02-17,1981.14,England
Preston North End,2024-02-23,1978.3,England
Preston North End,2024-03-02,1964.56,England
Preston North End,2024-03-06,1965.8,England
Preston North End,2024-03-09,1972.78,England
Preston North End,2024-03-16,1965.78,England
Preston North End,2024-03-29,1985.95,England
Preston North End,2024-04-01,1981.53,England
Preston North End,2024-04-06,1974.54,England
Preston North End,2024-04-09,1964.47,England
Preston North End,2024-04-13,1965.72,England
Preston North End,2024-04-16,1964.1,England
Preston North End,2024-04-20,1962.32,England
Preston North End,2024-04-29,1962.28,England
Preston North End,2024-05-04,1939.82,England
Preston North End,2024-08-09,1911.26,England
Preston North End,2024-08-13,1940.27,England
Preston North End,2024-08-17,1971.75,England
Preston North End,2024-08-24,1986.77,England
Preston North End,2024-08-27,1996.26,England
Preston North End,2024-08-31,2010.54,England
Preston North End,2024-09-14,1992.87,England
Preston North End,2024-09-17,1996.05,England
Preston North End,2024-09-22,1991.17,England
Preston North End,2024-09-28,1983.79,England
Preston North End,2024-10-02,1975.72,England
Preston North End,2024-10-05,1984.47,England
Preston North End,2024-10-19,1982.98,England
Preston North End,2024-10-22,1981.04,England
Preston North End,2024-10-26,1991.55,England
Preston North End,2024-10-30,2014.0,England
Preston North End,2024-11-02,2007.8,England
Preston North End,2024-11-06,2019.74,England
Preston North End,2024-11-09,2010.93,England
Preston North End,2024-11-23,1981.82,England
Preston North End,2024-11-26,1978.24,England
Preston North End,2024-11-30,1978.09,England
Preston North End,2024-12-07,1978.94,England
Preston North End,2024-12-11,1988.34,England
Preston North End,2024-12-14,1976.55,England
Preston North End,2024-12-21,1968.09,England
Preston North End,2024-12-26,1978.74,England
Preston North End,2024-12-29,1974.21,England
Preston North End,2025-01-01,1981.3,England
Preston North End,2025-01-04,1978.91,England
Preston North End,2025-01-14,1977.95,England
Preston North End,2025-01-18,1961.56,England
Preston North End,2025-01-21,1975.35,England
Preston North End,2025-01-25,1977.1,England
Preston North End,2025-01-31,1987.77,England
Preston North End,2025-02-08,2001.77,England
Preston North End,2025-02-11,1987.37,England
Preston North End,2025-02-15,1963.34,England
Preston North End,2025-02-18,1988.51,England
Preston North End,2025-02-22,1987.62,England
Preston North End,2025-03-01,1998.78,England
Preston North End,2025-03-04,1985.91,England
Preston North End,2025-03-08,1985.99,England
Preston North End,2025-03-11,1989.42,England
Preston North End,2025-03-15,1984.03,England
Preston North End,2025-03-30,1965.99,England
Preston North End,2025-04-02,1950.1,England
Preston North End,2025-04-05,1948.8,England
Preston North End,2025-04-08,1940.81,England
Preston North End,2025-04-12,1950.87,England
Preston North End,2025-04-18,1954.53,England
Preston North End,2025-04-21,1944.95,England
Preston North End,2025-04-26,1942.87,England
Preston North End,2025-05-03,1954.55,England
Preston North End,2025-08-09,1971.24,England
Preston North End,2025-08-12,1948.65,England
Preston North End,2025-08-16,1954.05,England
Preston North End,2025-08-23,1971.07,England
Preston North End,2025-08-26,1990.65,England
Preston North End,2025-08-30,2004.08,England
Preston North End,2025-09-13,1985.18,England
Preston North End,2025-09-20,1974.78,England
Preston North End,2025-09-27,1972.53,England
Preston North End,2025-09-30,1966.37,England
Preston North End,2025-10-04,1966.07,England
Preston North End,2025-10-18,1971.61,England
Preston North End,2025-10-21,1976.52,England
Preston North End,2025-10-24,1975.22,England
Preston North End,2025-11-01,1978.88,England
Preston North End,2025-11-05,1982.43,England
Preston North End,2025-11-08,1989.98,England
Preston North End,2025-11-21,1996.06,England
Preston North End,2025-11-25,1984.62,England
Preston North End,2025-11-29,1994.78,England
Preston North End,2025-12-06,1988.89,England
Preston North End,2025-12-09,1984.06,England
Preston North End,2025-12-13,1977.3,England
Preston North End,2025-12-20,1973.07,England
Preston North End,2025-12-26,1980.16,England
Preston North End,2025-12-29,1972.93,England
Preston North End,2026-01-01,1989.59,England
Preston North End,2026-01-04,1990.91,England
Preston North End,2026-01-09,1992.89,England
Preston North End,2026-01-17,1993.76,England
Preston North End,2026-01-20,1983.87,England
Preston North End,2026-01-24,1978.51,England
Preston North End,2026-01-31,1969.98,England
Preston North End,2026-02-07,1954.76,England
Preston North End,2026-02-14,1945.8,England
Preston North End,2026-02-20,1954.66,England
Preston North End,2026-02-24,1954.63,England
Preston North End,2026-02-28,1963.49,England
Preston North End,2026-03-06,1959.51,England
Preston North End,2026-03-11,1958.65,England
Preston North End,2026-03-14,1940.69,England
Preston North End,2026-03-20,1942.51,England
Preston North End,2026-04-03,1951.6,England
Preston North End,2026-04-06,1945.38,England
Preston North End,2026-04-11,1948.12,England
Preston North End,2026-04-18,1937.34,England
Preston North End,2026-04-22,1925.44,England
Preston North End,2026-04-25,1930.38,England
Preston North End,2026-05-02,1952.05,England
Preston North End,2026-08-15,1983.16,England
Queens Park Rangers,2023-08-05,1927.73,England
Queens Park Rangers,2023-08-12,1906.78,England
Queens Park Rangers,2023-08-16,1890.72,England
Queens Park Rangers,2023-08-19,1899.21,England
Queens Park Rangers,2023-08-26,1883.76,England
Queens Park Rangers,2023-09-02,1899.71,England
Queens Park Rangers,2023-09-16,1894.62,England
Queens Park Rangers,2023-09-19,1912.13,England
Queens Park Rangers,2023-09-22,1923.34,England
Queens Park Rangers,2023-09-30,1929.89,England
Queens Park Rangers,2023-10-04,1921.18,England
Queens Park Rangers,2023-10-07,1916.63,England
Queens Park Rangers,2023-10-21,1913.58,England
Queens Park Rangers,2023-10-24,1918.61,England
Queens Park Rangers,2023-10-28,1899.5,England
Queens Park Rangers,2023-11-04,1897.1,England
Queens Park Rangers,2023-11-11,1891.88,England
Queens Park Rangers,2023-11-25,1901.47,England
Queens Park Rangers,2023-11-28,1924.12,England
Queens Park Rangers,2023-12-01,1934.62,England
Queens Park Rangers,2023-12-09,1938.11,England
Queens Park Rangers,2023-12-13,1936.02,England
Queens Park Rangers,2023-12-16,1935.98,England
Queens Park Rangers,2023-12-23,1926.53,England
Queens Park Rangers,2023-12-26,1936.55,England
Queens Park Rangers,2023-12-29,1941.2,England
Queens Park Rangers,2024-01-01,1944.24,England
Queens Park Rangers,2024-01-06,1949.7,England
Queens Park Rangers,2024-01-14,1963.68,England
Queens Park Rangers,2024-01-20,1958.38,England
Queens Park Rangers,2024-01-28,1964.32,England
Queens Park Rangers,2024-02-03,1968.18,England
Queens Park Rangers,2024-02-10,1977.96,England
Queens Park Rangers,2024-02-14,1982.36,England
Queens Park Rangers,2024-02-17,1971.07,England
Queens Park Rangers,2024-02-24,1967.57,England
Queens Park Rangers,2024-03-02,1973.51,England
Queens Park Rangers,2024-03-06,1968.73,England
Queens Park Rangers,2024-03-09,1985.7,England
Queens Park Rangers,2024-03-16,2007.18,England
Queens Park Rangers,2024-03-29,2007.64,England
Queens Park Rangers,2024-04-01,2016.69,England
Queens Park Rangers,2024-04-06,2027.79,England
Queens Park Rangers,2024-04-09,2025.36,England
Queens Park Rangers,2024-04-13,2022.2,England
Queens Park Rangers,2024-04-20,2023.98,England
Queens Park Rangers,2024-04-26,2022.7,England
Queens Park Rangers,2024-05-04,2008.03,England
Queens Park Rangers,2024-08-10,2006.6,England
Queens Park Rangers,2024-08-13,2008.23,England
Queens Park Rangers,2024-08-17,1983.54,England
Queens Park Rangers,2024-08-24,1984.1,England
Queens Park Rangers,2024-08-27,1995.01,England
Queens Park Rangers,2024-08-30,2015.47,England
Queens Park Rangers,2024-09-14,2031.44,England
Queens Park Rangers,2024-09-17,1991.47,England
Queens Park Rangers,2024-09-21,2000.26,England
Queens Park Rangers,2024-09-28,2008.11,England
Queens Park Rangers,2024-10-01,2003.68,England
Queens Park Rangers,2024-10-05,1979.07,England
Queens Park Rangers,2024-10-19,1989.07,England
Queens Park Rangers,2024-10-22,1991.35,England
Queens Park Rangers,2024-10-26,1977.05,England
Queens Park Rangers,2024-11-02,1965.64,England
Queens Park Rangers,2024-11-05,1959.84,England
Queens Park Rangers,2024-11-09,1955.76,England
Queens Park Rangers,2024-11-23,1943.97,England
Queens Park Rangers,2024-11-27,1940.76,England
Queens Park Rangers,2024-11-30,1939.01,England
Queens Park Rangers,2024-12-07,1916.8,England
Queens Park Rangers,2024-12-11,1927.92,England
Queens Park Rangers,2024-12-14,1923.91,England
Queens Park Rangers,2024-12-21,1932.37,England
Queens Park Rangers,2024-12-26,1928.54,England
Queens Park Rangers,2024-12-29,1923.28,England
Queens Park Rangers,2025-01-01,1930.63,England
Queens Park Rangers,2025-01-06,1940.34,England
Queens Park Rangers,2025-01-11,1949.38,England
Queens Park Rangers,2025-01-18,1953.3,England
Queens Park Rangers,2025-01-21,1954.8,England
Queens Park Rangers,2025-01-25,1970.65,England
Queens Park Rangers,2025-02-01,1990.47,England
Queens Park Rangers,2025-02-04,1981.54,England
Queens Park Rangers,2025-02-11,1984.37,England
Queens Park Rangers,2025-02-14,1990.07,England
Queens Park Rangers,2025-02-22,1992.52,England
Queens Park Rangers,2025-03-01,1997.99,England
Queens Park Rangers,2025-03-08,1989.88,England
Queens Park Rangers,2025-03-11,2005.69,England
Queens Park Rangers,2025-03-15,1997.71,England
Queens Park Rangers,2025-03-29,1977.51,England
Queens Park Rangers,2025-04-05,1962.53,England
Queens Park Rangers,2025-04-09,1947.82,England
Queens Park Rangers,2025-04-12,1948.28,England
Queens Park Rangers,2025-04-18,1944.62,England
Queens Park Rangers,2025-04-21,1944.26,England
Queens Park Rangers,2025-04-26,1961.88,England
Queens Park Rangers,2025-05-03,1954.09,England
Queens Park Rangers,2025-08-09,1937.39,England
Queens Park Rangers,2025-08-12,1886.39,England
Queens Park Rangers,2025-08-16,1891.94,England
Queens Park Rangers,2025-08-23,1912.68,England
Queens Park Rangers,2025-08-30,1888.69,England
Queens Park Rangers,2025-09-13,1895.88,England
Queens Park Rangers,2025-09-20,1908.72,England
Queens Park Rangers,2025-09-27,1911.89,England
Queens Park Rangers,2025-10-01,1922.42,England
Queens Park Rangers,2025-10-04,1953.55,England
Queens Park Rangers,2025-10-18,1962.57,England
Queens Park Rangers,2025-10-22,1979.93,England
Queens Park Rangers,2025-10-25,1997.98,England
Queens Park Rangers,2025-11-01,2012.24,England
Queens Park Rangers,2025-11-05,2020.12,England
Queens Park Rangers,2025-11-08,2021.22,England
Queens Park Rangers,2025-11-22,2015.38,England
Queens Park Rangers,2025-11-26,2009.39,England
Queens Park Rangers,2025-11-29,2017.61,England
Queens Park Rangers,2025-12-06,2030.52,England
Queens Park Rangers,2025-12-09,2035.4,England
Queens Park Rangers,2025-12-13,2020.4,England
Queens Park Rangers,2025-12-20,2014.37,England
Queens Park Rangers,2025-12-26,2025.18,England
Queens Park Rangers,2025-12-29,2012.74,England
Queens Park Rangers,2026-01-01,2012.74,England
Queens Park Rangers,2026-01-04,2021.68,England
Queens Park Rangers,2026-01-11,2048.33,England
Queens Park Rangers,2026-01-17,2036.96,England
Queens Park Rangers,2026-01-20,2014.37,England
Queens Park Rangers,2026-01-24,1994.22,England
Queens Park Rangers,2026-01-31,1983.28,England
Queens Park Rangers,2026-02-06,2001.24,England
Queens Park Rangers,2026-02-14,1998.24,England
Queens Park Rangers,2026-02-21,1995.68,England
Queens Park Rangers,2026-02-24,1988.44,England
Queens Park Rangers,2026-02-28,1988.01,England
Queens Park Rangers,2026-03-08,1983.43,England
Queens Park Rangers,2026-03-11,1974.88,England
Queens Park Rangers,2026-03-14,1963.79,England
Queens Park Rangers,2026-03-21,1957.59,England
Queens Park Rangers,2026-04-03,1966.61,England
Queens Park Rangers,2026-04-06,1972.83,England
Queens Park Rangers,2026-04-11,1976.36,England
Queens Park Rangers,2026-04-18,1972.13,England
Queens Park Rangers,2026-04-21,1978.36,England
Queens Park Rangers,2026-04-25,1968.09,England
Queens Park Rangers,2026-05-02,1954.86,England
Queens Park Rangers,2026-08-15,1956.75,England
Reading FC,2023-08-05,1860.99,England
Reading FC,2023-08-08,1824.53,England
Reading FC,2023-08-12,1849.53,England
Reading FC,2023-08-15,1844.88,England
Reading FC,2023-08-19,1837.82,England
Reading FC,2023-08-26,1846.85,England
Reading FC,2023-08-29,1845.17,England
Reading FC,2023-09-04,1853.88,England
Reading FC,2023-09-16,1856.32,England
Reading FC,2023-09-23,1867.2,England
Reading FC,2023-09-30,1874.43,England
Reading FC,2023-10-03,1869.18,England
Reading FC,2023-10-07,1859.46,England
Reading FC,2023-10-21,1853.28,England
Reading FC,2023-10-24,1853.42,England
Reading FC,2023-10-28,1850.88,England
Reading FC,2023-11-04,1848.95,England
Reading FC,2023-11-07,1839.66,England
Reading FC,2023-11-11,1830.09,England
Reading FC,2023-11-25,1829.46,England
Reading FC,2023-11-28,1844.77,England
Reading FC,2023-12-03,1852.99,England
Reading FC,2023-12-09,1861.1,England
Reading FC,2023-12-12,1859.24,England
Reading FC,2023-12-16,1861.64,England
Reading FC,2023-12-23,1876.64,England
Reading FC,2023-12-26,1867.46,England
Reading FC,2023-12-29,1887.53,England
Reading FC,2024-01-01,1878.27,England
Reading FC,2024-01-13,1880.25,England
Reading FC,2024-01-20,1871.29,England
Reading FC,2024-01-23,1865.28,England
Reading FC,2024-01-27,1842.38,England
Reading FC,2024-02-03,1855.94,England
Reading FC,2024-02-06,1842.88,England
Reading FC,2024-02-10,1850.59,England
Reading FC,2024-02-13,1859.41,England
Reading FC,2024-02-17,1864.86,England
Reading FC,2024-02-20,1881.11,England
Reading FC,2024-02-24,1881.12,England
Reading FC,2024-03-02,1887.05,England
Reading FC,2024-03-09,1891.85,England
Reading FC,2024-03-12,1884.73,England
Reading FC,2024-03-16,1879.0,England
Reading FC,2024-03-29,1883.57,England
Reading FC,2024-04-01,1877.99,England
Reading FC,2024-04-06,1873.43,England
Reading FC,2024-04-09,1878.74,England
Reading FC,2024-04-13,1889.22,England
Reading FC,2024-04-20,1891.47,England
Reading FC,2024-04-27,1870.23,England
Reading FC,2024-08-10,1859.43,England
Reading FC,2024-08-13,1855.62,England
Reading FC,2024-08-17,1875.12,England
Reading FC,2024-08-24,1888.72,England
Reading FC,2024-08-31,1881.95,England
Reading FC,2024-09-14,1916.38,England
Reading FC,2024-09-21,1917.76,England
Reading FC,2024-09-28,1906.12,England
Reading FC,2024-10-01,1898.69,England
Reading FC,2024-10-05,1904.95,England
Reading FC,2024-10-19,1905.13,England
Reading FC,2024-10-22,1894.1,England
Reading FC,2024-10-26,1893.93,England
Reading FC,2024-10-29,1896.64,England
Reading FC,2024-11-02,1872.51,England
Reading FC,2024-11-09,1876.86,England
Reading FC,2024-11-23,1865.41,England
Reading FC,2024-11-26,1863.8,England
Reading FC,2024-12-01,1868.53,England
Reading FC,2024-12-03,1884.97,England
Reading FC,2024-12-07,1886.14,England
Reading FC,2024-12-14,1896.88,England
Reading FC,2024-12-21,1875.93,England
Reading FC,2024-12-26,1875.11,England
Reading FC,2024-12-29,1848.71,England
Reading FC,2025-01-01,1851.43,England
Reading FC,2025-01-04,1840.64,England
Reading FC,2025-01-11,1854.11,England
Reading FC,2025-01-18,1837.24,England
Reading FC,2025-01-25,1837.63,England
Reading FC,2025-01-28,1827.59,England
Reading FC,2025-02-01,1819.18,England
Reading FC,2025-02-08,1832.36,England
Reading FC,2025-02-11,1820.78,England
Reading FC,2025-02-15,1823.41,England
Reading FC,2025-02-22,1826.44,England
Reading FC,2025-03-01,1831.08,England
Reading FC,2025-03-04,1854.13,England
Reading FC,2025-03-08,1865.43,England
Reading FC,2025-03-11,1870.83,England
Reading FC,2025-03-15,1876.95,England
Reading FC,2025-03-29,1870.95,England
Reading FC,2025-04-01,1871.57,England
Reading FC,2025-04-05,1852.34,England
Reading FC,2025-04-08,1872.99,England
Reading FC,2025-04-12,1866.87,England
Reading FC,2025-04-18,1888.62,England
Reading FC,2025-04-21,1881.3,England
Reading FC,2025-04-26,1896.6,England
Reading FC,2025-05-03,1927.7,England
Reading FC,2025-08-02,1928.86,England
Reading FC,2025-08-09,1887.42,England
Reading FC,2025-08-12,1853.37,England
Reading FC,2025-08-16,1860.17,England
Reading FC,2025-08-20,1875.81,England
Reading FC,2025-08-23,1881.61,England
Reading FC,2025-08-26,1871.97,England
Reading FC,2025-08-30,1879.28,England
Reading FC,2025-09-13,1868.56,England
Reading FC,2025-09-20,1871.74,England
Reading FC,2025-09-23,1852.42,England
Reading FC,2025-09-27,1851.45,England
Reading FC,2025-10-04,1854.82,England
Reading FC,2025-10-11,1887.81,England
Reading FC,2025-10-18,1888.74,England
Reading FC,2025-10-21,1884.57,England
Reading FC,2025-10-25,1890.03,England
Reading FC,2025-11-01,1919.23,England
Reading FC,2025-11-06,1907.23,England
Reading FC,2025-11-22,1915.32,England
Reading FC,2025-11-29,1921.85,England
Reading FC,2025-12-09,1906.11,England
Reading FC,2025-12-13,1913.42,England
Reading FC,2025-12-18,1923.97,England
Reading FC,2025-12-26,1928.26,England
Reading FC,2025-12-29,1938.31,England
Reading FC,2026-01-01,1940.76,England
Reading FC,2026-01-04,1946.58,England
Reading FC,2026-01-17,1942.86,England
Reading FC,2026-01-24,1935.6,England
Reading FC,2026-01-27,1928.52,England
Reading FC,2026-01-31,1926.45,England
Reading FC,2026-02-07,1924.76,England
Reading FC,2026-02-10,1921.82,England
Reading FC,2026-02-14,1908.45,England
Reading FC,2026-02-17,1913.15,England
Reading FC,2026-02-21,1912.07,England
Reading FC,2026-02-28,1906.39,England
Reading FC,2026-03-07,1897.99,England
Reading FC,2026-03-10,1888.49,England
Reading FC,2026-03-14,1881.92,England
Reading FC,2026-03-17,1885.49,England
Reading FC,2026-03-21,1881.76,England
Reading FC,2026-03-28,1890.74,England
Reading FC,2026-04-03,1887.58,England
Reading FC,2026-04-06,1882.82,England
Reading FC,2026-04-11,1876.82,England
Reading FC,2026-04-18,1859.61,England
Reading FC,2026-04-25,1859.74,England
Reading FC,2026-05-02,1867.95,England
Reading FC,2026-08-15,1899.99,England
Sheffield United,2023-08-12,2077.16,England
Sheffield United,2023-08-18,2084.02,England
Sheffield United,2023-08-27,2094.13,England
Sheffield United,2023-08-30,2091.58,England
Sheffield United,2023-09-02,2095.51,England
Sheffield United,2023-09-16,2069.37,England
Sheffield United,2023-09-24,2059.36,England
Sheffield United,2023-09-30,2067.9,England
Sheffield United,2023-10-07,2060.89,England
Sheffield United,2023-10-21,2039.89,England
Sheffield United,2023-10-28,2047.65,England
Sheffield United,2023-11-04,2034.33,England
Sheffield United,2023-11-12,2036.69,England
Sheffield United,2023-11-25,2035.33,England
Sheffield United,2023-12-02,2024.27,England
Sheffield United,2023-12-06,2018.81,England
Sheffield United,2023-12-09,2024.64,England
Sheffield United,2023-12-16,2039.65,England
Sheffield United,2023-12-22,2030.58,England
Sheffield United,2023-12-26,2031.04,England
Sheffield United,2023-12-30,2049.18,England
Sheffield United,2024-01-06,2040.76,England
Sheffield United,2024-01-21,2064.63,England
Sheffield United,2024-01-27,2078.46,England
Sheffield United,2024-01-30,2075.93,England
Sheffield United,2024-02-03,2077.21,England
Sheffield United,2024-02-10,2061.47,England
Sheffield United,2024-02-18,2048.91,England
Sheffield United,2024-02-25,2048.88,England
Sheffield United,2024-03-04,2038.2,England
Sheffield United,2024-03-09,2053.51,England
Sheffield United,2024-03-30,2045.46,England
Sheffield United,2024-04-04,2039.12,England
Sheffield United,2024-04-07,2045.04,England
Sheffield United,2024-04-13,2045.53,England
Sheffield United,2024-04-20,2051.76,England
Sheffield United,2024-04-24,2040.95,England
Sheffield United,2024-04-27,2035.09,England
Sheffield United,2024-05-04,2015.95,England
Sheffield United,2024-05-11,1999.05,England
Sheffield United,2024-05-19,2000.18,England
Sheffield United,2024-08-09,2028.74,England
Sheffield United,2024-08-13,2035.21,England
Sheffield United,2024-08-17,2059.9,England
Sheffield United,2024-08-24,2098.56,England
Sheffield United,2024-08-27,2102.85,England
Sheffield United,2024-09-01,2099.06,England
Sheffield United,2024-09-13,2097.03,England
Sheffield United,2024-09-21,2115.22,England
Sheffield United,2024-09-28,2100.45,England
Sheffield United,2024-10-02,2106.8,England
Sheffield United,2024-10-05,2107.0,England
Sheffield United,2024-10-18,2125.58,England
Sheffield United,2024-10-23,2123.12,England
Sheffield United,2024-10-26,2129.48,England
Sheffield United,2024-11-02,2123.26,England
Sheffield United,2024-11-05,2123.71,England
Sheffield United,2024-11-10,2104.52,England
Sheffield United,2024-11-23,2115.9,England
Sheffield United,2024-11-26,2123.8,England
Sheffield United,2024-11-29,2117.6,England
Sheffield United,2024-12-08,2105.56,England
Sheffield United,2024-12-11,2118.91,England
Sheffield United,2024-12-14,2131.93,England
Sheffield United,2024-12-21,2123.8,England
Sheffield United,2024-12-26,2119.75,England
Sheffield United,2024-12-29,2122.32,England
Sheffield United,2025-01-01,2107.95,England
Sheffield United,2025-01-04,2114.28,England
Sheffield United,2025-01-09,2078.98,England
Sheffield United,2025-01-18,2089.39,England
Sheffield United,2025-01-21,2087.53,England
Sheffield United,2025-01-24,2096.66,England
Sheffield United,2025-02-01,2099.61,England
Sheffield United,2025-02-08,2099.48,England
Sheffield United,2025-02-12,2104.53,England
Sheffield United,2025-02-15,2113.59,England
Sheffield United,2025-02-24,2116.66,England
Sheffield United,2025-03-01,2111.19,England
Sheffield United,2025-03-08,2111.11,England
Sheffield United,2025-03-11,2102.29,England
Sheffield United,2025-03-16,2095.9,England
Sheffield United,2025-03-28,2100.68,England
Sheffield United,2025-04-05,2112.76,England
Sheffield United,2025-04-08,2122.56,England
Sheffield United,2025-04-12,2125.61,England
Sheffield United,2025-04-18,2132.57,England
Sheffield United,2025-04-21,2131.6,England
Sheffield United,2025-04-25,2111.79,England
Sheffield United,2025-05-03,2085.14,England
Sheffield United,2025-05-08,2098.9,England
Sheffield United,2025-05-12,2121.14,England
Sheffield United,2025-05-24,2111.48,England
Sheffield United,2025-08-09,2126.3,England
Sheffield United,2025-08-13,2095.27,England
Sheffield United,2025-08-16,2101.57,England
Sheffield United,2025-08-23,2089.65,England
Sheffield United,2025-08-30,2088.12,England
Sheffield United,2025-09-12,2080.45,England
Sheffield United,2025-09-20,2079.84,England
Sheffield United,2025-09-27,2076.4,England
Sheffield United,2025-09-30,2067.2,England
Sheffield United,2025-10-04,2061.8,England
Sheffield United,2025-10-18,2035.22,England
Sheffield United,2025-10-21,2031.72,England
Sheffield United,2025-10-24,2033.02,England
Sheffield United,2025-11-01,2043.5,England
Sheffield United,2025-11-04,2039.21,England
Sheffield United,2025-11-08,2038.12,England
Sheffield United,2025-11-23,2047.74,England
Sheffield United,2025-11-26,2049.23,England
Sheffield United,2025-11-29,2064.11,England
Sheffield United,2025-12-06,2069.35,England
Sheffield United,2025-12-09,2078.72,England
Sheffield United,2025-12-12,2084.03,England
Sheffield United,2025-12-20,2087.67,England
Sheffield United,2025-12-26,2087.45,England
Sheffield United,2025-12-29,2093.24,England
Sheffield United,2026-01-01,2108.78,England
Sheffield United,2026-01-11,2098.14,England
Sheffield United,2026-01-17,2119.02,England
Sheffield United,2026-01-21,2116.18,England
Sheffield United,2026-01-24,2116.62,England
Sheffield United,2026-01-31,2102.06,England
Sheffield United,2026-02-03,2120.48,England
Sheffield United,2026-02-09,2116.18,England
Sheffield United,2026-02-14,2112.52,England
Sheffield United,2026-02-22,2117.2,England
Sheffield United,2026-02-25,2109.05,England
Sheffield United,2026-02-28,2109.48,England
Sheffield United,2026-03-07,2110.47,England
Sheffield United,2026-03-11,2118.12,England
Sheffield United,2026-03-14,2112.74,England
Sheffield United,2026-03-21,2107.68,England
Sheffield United,2026-04-03,2116.69,England
Sheffield United,2026-04-06,2103.16,England
Sheffield United,2026-04-11,2081.53,England
Sheffield United,2026-04-18,2086.3,England
Sheffield United,2026-04-22,2071.92,England
Sheffield United,2026-04-25,2066.99,England
Sheffield United,2026-05-02,2033.75,England
Sheffield United,2026-08-15,2037.58,England
Sheffield Wednesday,2023-08-04,2067.61,England
Sheffield Wednesday,2023-08-08,2063.69,England
Sheffield Wednesday,2023-08-12,2008.49,England
Sheffield Wednesday,2023-08-19,1983.63,England
Sheffield Wednesday,2023-08-26,1973.31,England
Sheffield Wednesday,2023-08-29,1965.4,England
Sheffield Wednesday,2023-09-02,1944.47,England
Sheffield Wednesday,2023-09-16,1946.96,England
Sheffield Wednesday,2023-09-19,1942.51,England
Sheffield Wednesday,2023-09-23,1947.51,England
Sheffield Wednesday,2023-09-29,1938.51,England
Sheffield Wednesday,2023-10-03,1934.76,England
Sheffield Wednesday,2023-10-07,1931.48,England
Sheffield Wednesday,2023-10-21,1939.88,England
Sheffield Wednesday,2023-10-25,1945.97,England
Sheffield Wednesday,2023-10-29,1947.59,England
Sheffield Wednesday,2023-11-04,1960.01,England
Sheffield Wednesday,2023-11-11,1969.08,England
Sheffield Wednesday,2023-11-25,1965.55,England
Sheffield Wednesday,2023-11-29,1956.38,England
Sheffield Wednesday,2023-12-02,1960.57,England
Sheffield Wednesday,2023-12-09,1951.94,England
Sheffield Wednesday,2023-12-13,1949.07,England
Sheffield Wednesday,2023-12-16,1949.11,England
Sheffield Wednesday,2023-12-23,1966.53,England
Sheffield Wednesday,2023-12-26,1967.51,England
Sheffield Wednesday,2023-12-29,1965.06,England
Sheffield Wednesday,2024-01-01,1963.85,England
Sheffield Wednesday,2024-01-06,1961.16,England
Sheffield Wednesday,2024-01-13,1949.26,England
Sheffield Wednesday,2024-01-20,1932.55,England
Sheffield Wednesday,2024-01-26,1927.95,England
Sheffield Wednesday,2024-01-31,1944.53,England
Sheffield Wednesday,2024-02-03,1940.57,England
Sheffield Wednesday,2024-02-06,1933.42,England
Sheffield Wednesday,2024-02-09,1937.28,England
Sheffield Wednesday,2024-02-13,1925.66,England
Sheffield Wednesday,2024-02-17,1950.6,England
Sheffield Wednesday,2024-02-24,1947.13,England
Sheffield Wednesday,2024-03-02,1946.24,England
Sheffield Wednesday,2024-03-05,1949.89,England
Sheffield Wednesday,2024-03-08,1943.97,England
Sheffield Wednesday,2024-03-16,1962.16,England
Sheffield Wednesday,2024-03-29,1963.66,England
Sheffield Wednesday,2024-04-01,1966.83,England
Sheffield Wednesday,2024-04-06,1955.73,England
Sheffield Wednesday,2024-04-09,1950.45,England
Sheffield Wednesday,2024-04-13,1954.08,England
Sheffield Wednesday,2024-04-21,1961.43,England
Sheffield Wednesday,2024-04-27,1964.44,England
Sheffield Wednesday,2024-05-04,1979.3,England
Sheffield Wednesday,2024-08-11,2001.08,England
Sheffield Wednesday,2024-08-14,1996.06,England
Sheffield Wednesday,2024-08-18,1994.28,England
Sheffield Wednesday,2024-08-23,2015.82,England
Sheffield Wednesday,2024-08-27,2030.4,England
Sheffield Wednesday,2024-08-31,2026.43,England
Sheffield Wednesday,2024-09-14,2010.46,England
Sheffield Wednesday,2024-09-17,1999.9,England
Sheffield Wednesday,2024-09-21,2004.45,England
Sheffield Wednesday,2024-09-28,1986.57,England
Sheffield Wednesday,2024-10-02,1986.3,England
Sheffield Wednesday,2024-10-05,1992.05,England
Sheffield Wednesday,2024-10-19,2014.09,England
Sheffield Wednesday,2024-10-22,2023.98,England
Sheffield Wednesday,2024-10-25,2025.69,England
Sheffield Wednesday,2024-10-29,2000.32,England
Sheffield Wednesday,2024-11-02,1992.95,England
Sheffield Wednesday,2024-11-05,1996.62,England
Sheffield Wednesday,2024-11-10,2015.81,England
Sheffield Wednesday,2024-11-23,2011.73,England
Sheffield Wednesday,2024-11-26,2025.25,England
Sheffield Wednesday,2024-12-01,2024.21,England
Sheffield Wednesday,2024-12-07,2023.36,England
Sheffield Wednesday,2024-12-10,2024.16,England
Sheffield Wednesday,2024-12-14,2033.41,England
Sheffield Wednesday,2024-12-21,2053.45,England
Sheffield Wednesday,2024-12-26,2054.81,England
Sheffield Wednesday,2024-12-29,2059.33,England
Sheffield Wednesday,2025-01-01,2053.13,England
Sheffield Wednesday,2025-01-04,2044.13,England
Sheffield Wednesday,2025-01-11,2048.6,England
Sheffield Wednesday,2025-01-19,2050.87,England
Sheffield Wednesday,2025-01-22,2061.14,England
Sheffield Wednesday,2025-01-25,2045.3,England
Sheffield Wednesday,2025-02-01,2053.19,England
Sheffield Wednesday,2025-02-08,2060.86,England
Sheffield Wednesday,2025-02-12,2068.95,England
Sheffield Wednesday,2025-02-15,2071.8,England
Sheffield Wednesday,2025-02-21,2056.12,England
Sheffield Wednesday,2025-02-28,2045.01,England
Sheffield Wednesday,2025-03-08,2068.3,England
Sheffield Wednesday,2025-03-11,2078.48,England
Sheffield Wednesday,2025-03-16,2084.88,England
Sheffield Wednesday,2025-03-29,2075.62,England
Sheffield Wednesday,2025-04-05,2069.94,England
Sheffield Wednesday,2025-04-08,2057.39,England
Sheffield Wednesday,2025-04-12,2061.97,England
Sheffield Wednesday,2025-04-18,2046.18,England
Sheffield Wednesday,2025-04-21,2025.01,England
Sheffield Wednesday,2025-04-26,2033.35,England
Sheffield Wednesday,2025-05-03,2042.4,England
Sheffield Wednesday,2025-08-10,1969.89,England
Sheffield Wednesday,2025-08-13,1910.81,England
Sheffield Wednesday,2025-08-16,1859.01,England
Sheffield Wednesday,2025-08-23,1868.99,England
Sheffield Wednesday,2025-08-26,1807.53,England
Sheffield Wednesday,2025-08-30,1830.76,England
Sheffield Wednesday,2025-09-13,1821.85,England
Sheffield Wednesday,2025-09-16,1794.84,England
Sheffield Wednesday,2025-09-20,1811.92,England
Sheffield Wednesday,2025-09-27,1808.74,England
Sheffield Wednesday,2025-09-30,1826.64,England
Sheffield Wednesday,2025-10-04,1859.26,England
Sheffield Wednesday,2025-10-18,1856.62,England
Sheffield Wednesday,2025-10-22,1857.11,England
Sheffield Wednesday,2025-10-25,1857.36,England
Sheffield Wednesday,2025-11-01,1866.97,England
Sheffield Wednesday,2025-11-05,1886.72,England
Sheffield Wednesday,2025-11-08,1887.93,England
Sheffield Wednesday,2025-11-23,1878.31,England
Sheffield Wednesday,2025-11-26,1873.42,England
Sheffield Wednesday,2025-11-29,1863.26,England
Sheffield Wednesday,2025-12-06,1864.41,England
Sheffield Wednesday,2025-12-09,1869.86,England
Sheffield Wednesday,2025-12-15,1866.41,England
Sheffield Wednesday,2025-12-20,1850.99,England
Sheffield Wednesday,2025-12-26,1826.87,England
Sheffield Wednesday,2025-12-29,1820.01,England
Sheffield Wednesday,2026-01-01,1803.35,England
Sheffield Wednesday,2026-01-04,1794.4,England
Sheffield Wednesday,2026-01-10,1819.53,England
Sheffield Wednesday,2026-01-17,1789.28,England
Sheffield Wednesday,2026-01-20,1779.78,England
Sheffield Wednesday,2026-01-24,1769.13,England
Sheffield Wednesday,2026-01-31,1763.99,England
Sheffield Wednesday,2026-02-03,1756.55,England
Sheffield Wednesday,2026-02-08,1752.07,England
Sheffield Wednesday,2026-02-14,1736.13,England
Sheffield Wednesday,2026-02-22,1731.46,England
Sheffield Wednesday,2026-02-25,1718.57,England
Sheffield Wednesday,2026-02-28,1716.22,England
Sheffield Wednesday,2026-03-07,1714.92,England
Sheffield Wednesday,2026-03-10,1717.42,England
Sheffield Wednesday,2026-03-14,1732.91,England
Sheffield Wednesday,2026-03-21,1741.99,England
Sheffield Wednesday,2026-04-03,1749.9,England
Sheffield Wednesday,2026-04-06,1742.08,England
Sheffield Wednesday,2026-04-11,1745.11,England
Sheffield Wednesday,2026-04-18,1748.21,England
Sheffield Wednesday,2026-04-22,1770.91,England
Sheffield Wednesday,2026-04-25,1776.2,England
Sheffield Wednesday,2026-05-02,1796.42,England
Sheffield Wednesday,2026-08-15,1868.15,England
Southampton FC,2023-08-04,2126.3,England
Southampton FC,2023-08-08,2119.2,England
Southampton FC,2023-08-12,2106.69,England
Southampton FC,2023-08-19,2118.51,England
Southampton FC,2023-08-26,2133.97,England
Southampton FC,2023-09-02,2128.2,England
Southampton FC,2023-09-15,2130.33,England
Southampton FC,2023-09-19,2128.47,England
Southampton FC,2023-09-23,2110.12,England
Southampton FC,2023-09-30,2095.0,England
Southampton FC,2023-10-03,2099.03,England
Southampton FC,2023-10-07,2111.35,England
Southampton FC,2023-10-21,2107.03,England
Southampton FC,2023-10-25,2106.86,England
Southampton FC,2023-10-28,2121.32,England
Southampton FC,2023-11-04,2131.59,England
Southampton FC,2023-11-11,2120.55,England
Southampton FC,2023-11-25,2120.51,England
Southampton FC,2023-11-29,2121.53,England
Southampton FC,2023-12-02,2122.47,England
Southampton FC,2023-12-09,2125.98,England
Southampton FC,2023-12-13,2114.69,England
Southampton FC,2023-12-16,2119.07,England
Southampton FC,2023-12-23,2128.52,England
Southampton FC,2023-12-26,2137.3,England
Southampton FC,2023-12-29,2144.75,England
Southampton FC,2024-01-01,2167.09,England
Southampton FC,2024-01-06,2148.07,England
Southampton FC,2024-01-13,2159.97,England
Southampton FC,2024-01-20,2177.89,England
Southampton FC,2024-01-28,2183.15,England
Southampton FC,2024-02-03,2179.73,England
Southampton FC,2024-02-06,2170.53,England
Southampton FC,2024-02-10,2181.93,England
Southampton FC,2024-02-13,2181.93,England
Southampton FC,2024-02-16,2188.9,England
Southampton FC,2024-02-20,2197.04,England
Southampton FC,2024-02-24,2202.86,England
Southampton FC,2024-02-28,2212.04,England
Southampton FC,2024-03-02,2201.0,England
Southampton FC,2024-03-06,2199.76,England
Southampton FC,2024-03-09,2224.76,England
Southampton FC,2024-03-29,2217.29,England
Southampton FC,2024-04-01,2200.22,England
Southampton FC,2024-04-06,2192.01,England
Southampton FC,2024-04-09,2183.27,England
Southampton FC,2024-04-13,2183.57,England
Southampton FC,2024-04-16,2185.2,England
Southampton FC,2024-04-20,2220.8,England
Southampton FC,2024-04-23,2214.31,England
Southampton FC,2024-04-27,2192.56,England
Southampton FC,2024-05-04,2174.56,England
Southampton FC,2024-05-12,2181.86,England
Southampton FC,2024-05-17,2182.94,England
Southampton FC,2024-05-26,2196.89,England
Southampton FC,2024-08-17,2175.2,England
Southampton FC,2024-08-24,2194.81,England
Southampton FC,2024-08-28,2183.9,England
Southampton FC,2024-08-31,2171.76,England
Southampton FC,2024-09-14,2145.96,England
Southampton FC,2024-09-17,2151.65,England
Southampton FC,2024-09-21,2145.41,England
Southampton FC,2024-09-30,2123.6,England
Southampton FC,2024-10-05,2141.27,England
Southampton FC,2024-10-19,2156.99,England
Southampton FC,2024-10-26,2152.77,England
Southampton FC,2024-10-29,2194.7,England
Southampton FC,2024-11-02,2153.21,England
Southampton FC,2024-11-09,2164.67,England
Southampton FC,2024-11-24,2147.41,England
Southampton FC,2024-11-29,2137.56,England
Southampton FC,2024-12-04,2114.11,England
Southampton FC,2024-12-07,2094.66,England
Southampton FC,2024-12-15,2103.33,England
Southampton FC,2024-12-18,2149.76,England
Southampton FC,2024-12-22,2154.76,England
Southampton FC,2024-12-26,2124.62,England
Southampton FC,2024-12-29,2105.11,England
Southampton FC,2025-01-04,2085.8,England
Southampton FC,2025-01-12,2100.43,England
Southampton FC,2025-01-16,2087.64,England
Southampton FC,2025-01-19,2075.07,England
Southampton FC,2025-01-25,2067.05,England
Southampton FC,2025-02-01,2083.35,England
Southampton FC,2025-02-08,2112.6,England
Southampton FC,2025-02-15,2068.76,England
Southampton FC,2025-02-22,2059.34,England
Southampton FC,2025-02-25,2061.52,England
Southampton FC,2025-03-08,2081.61,England
Southampton FC,2025-03-15,2073.37,England
Southampton FC,2025-04-02,2066.23,England
Southampton FC,2025-04-06,2055.6,England
Southampton FC,2025-04-12,2052.47,England
Southampton FC,2025-04-19,2052.48,England
Southampton FC,2025-04-26,2062.21,England
Southampton FC,2025-05-03,2062.72,England
Southampton FC,2025-05-10,2054.43,England
Southampton FC,2025-05-18,2038.45,England
Southampton FC,2025-05-25,2039.95,England
Southampton FC,2025-08-09,2061.2,England
Southampton FC,2025-08-12,2099.49,England
Southampton FC,2025-08-17,2073.43,England
Southampton FC,2025-08-23,2094.47,England
Southampton FC,2025-08-26,2109.72,England
Southampton FC,2025-08-30,2078.41,England
Southampton FC,2025-09-14,2066.8,England
Southampton FC,2025-09-20,2082.9,England
Southampton FC,2025-09-23,2108.47,England
Southampton FC,2025-09-27,2103.69,England
Southampton FC,2025-09-30,2112.89,England
Southampton FC,2025-10-04,2103.81,England
Southampton FC,2025-10-18,2105.41,England
Southampton FC,2025-10-21,2091.2,England
Southampton FC,2025-10-25,2089.93,England
Southampton FC,2025-11-01,2086.28,England
Southampton FC,2025-11-05,2078.4,England
Southampton FC,2025-11-08,2077.19,England
Southampton FC,2025-11-22,2086.95,England
Southampton FC,2025-11-25,2108.3,England
Southampton FC,2025-11-29,2112.52,England
Southampton FC,2025-12-06,2105.93,England
Southampton FC,2025-12-09,2110.07,England
Southampton FC,2025-12-13,2115.6,England
Southampton FC,2025-12-20,2110.76,England
Southampton FC,2025-12-26,2108.19,England
Southampton FC,2025-12-29,2112.45,England
Southampton FC,2026-01-01,2107.36,England
Southampton FC,2026-01-04,2107.19,England
Southampton FC,2026-01-10,2089.28,England
Southampton FC,2026-01-17,2096.98,England
Southampton FC,2026-01-21,2099.82,England
Southampton FC,2026-01-25,2088.38,England
Southampton FC,2026-01-31,2103.48,England
Southampton FC,2026-02-07,2093.62,England
Southampton FC,2026-02-10,2100.16,England
Southampton FC,2026-02-14,2089.85,England
Southampton FC,2026-02-21,2097.29,England
Southampton FC,2026-02-24,2104.53,England
Southampton FC,2026-02-28,2106.87,England
Southampton FC,2026-03-08,2117.07,England
Southampton FC,2026-03-11,2123.82,England
Southampton FC,2026-03-14,2113.18,England
Southampton FC,2026-03-18,2126.64,England
Southampton FC,2026-03-21,2110.0,England
Southampton FC,2026-04-04,2148.45,England
Southampton FC,2026-04-07,2140.0,England
Southampton FC,2026-04-11,2135.36,England
Southampton FC,2026-04-14,2141.11,England
Southampton FC,2026-04-18,2174.51,England
Southampton FC,2026-04-21,2184.16,England
Southampton FC,2026-04-25,2197.18,England
Southampton FC,2026-04-28,2200.07,England
Southampton FC,2026-05-02,2178.4,England
Southampton FC,2026-05-09,2173.39,England
Southampton FC,2026-05-12,2162.97,England
Southampton FC,2026-05-23,2197.25,England
Southampton FC,2026-08-16,2188.99,England
Stevenage FC,2023-08-05,1933.41,England
Stevenage FC,2023-08-08,1895.74,England
Stevenage FC,2023-08-12,1893.78,England
Stevenage FC,2023-08-15,1898.65,England
Stevenage FC,2023-08-19,1905.71,England
Stevenage FC,2023-08-26,1903.55,England
Stevenage FC,2023-08-29,1881.24,England
Stevenage FC,2023-09-02,1877.33,England
Stevenage FC,2023-09-09,1903.41,England
Stevenage FC,2023-09-16,1913.41,England
Stevenage FC,2023-09-23,1930.64,England
Stevenage FC,2023-09-30,1931.2,England
Stevenage FC,2023-10-03,1941.86,England
Stevenage FC,2023-10-07,1954.78,England
Stevenage FC,2023-10-14,1946.78,England
Stevenage FC,2023-10-21,1934.18,England
Stevenage FC,2023-10-24,1936.39,England
Stevenage FC,2023-10-28,1929.16,England
Stevenage FC,2023-11-04,1937.68,England
Stevenage FC,2023-11-11,1941.56,England
Stevenage FC,2023-11-18,1952.28,England
Stevenage FC,2023-11-25,1952.55,England
Stevenage FC,2023-11-28,1954.04,England
Stevenage FC,2023-12-02,1948.37,England
Stevenage FC,2023-12-09,1952.94,England
Stevenage FC,2023-12-12,1944.99,England
Stevenage FC,2023-12-16,1946.96,England
Stevenage FC,2023-12-23,1957.74,England
Stevenage FC,2023-12-26,1956.12,England
Stevenage FC,2024-01-01,1972.22,England
Stevenage FC,2024-01-06,1966.58,England
Stevenage FC,2024-01-13,1963.03,England
Stevenage FC,2024-01-27,1966.38,England
Stevenage FC,2024-02-03,1967.26,England
Stevenage FC,2024-02-06,1980.33,England
Stevenage FC,2024-02-10,1986.1,England
Stevenage FC,2024-02-13,1993.23,England
Stevenage FC,2024-02-17,1992.11,England
Stevenage FC,2024-02-24,1990.12,England
Stevenage FC,2024-02-27,1984.74,England
Stevenage FC,2024-03-02,1964.99,England
Stevenage FC,2024-03-09,1962.11,England
Stevenage FC,2024-03-13,1966.18,England
Stevenage FC,2024-03-16,1974.12,England
Stevenage FC,2024-03-23,1983.44,England
Stevenage FC,2024-03-29,1973.92,England
Stevenage FC,2024-04-01,1972.39,England
Stevenage FC,2024-04-06,1977.75,England
Stevenage FC,2024-04-09,1978.1,England
Stevenage FC,2024-04-13,1983.26,England
Stevenage FC,2024-04-19,1955.4,England
Stevenage FC,2024-04-27,1901.86,England
Stevenage FC,2024-08-10,1921.68,England
Stevenage FC,2024-08-13,1945.84,England
Stevenage FC,2024-08-17,1908.97,England
Stevenage FC,2024-08-24,1913.34,England
Stevenage FC,2024-08-31,1915.01,England
Stevenage FC,2024-09-14,1900.74,England
Stevenage FC,2024-09-21,1883.26,England
Stevenage FC,2024-09-24,1888.61,England
Stevenage FC,2024-09-28,1886.63,England
Stevenage FC,2024-10-01,1886.54,England
Stevenage FC,2024-10-05,1903.92,England
Stevenage FC,2024-10-19,1886.02,England
Stevenage FC,2024-10-22,1867.72,England
Stevenage FC,2024-10-26,1866.14,England
Stevenage FC,2024-10-29,1881.93,England
Stevenage FC,2024-11-02,1905.72,England
Stevenage FC,2024-11-09,1901.38,England
Stevenage FC,2024-11-23,1905.86,England
Stevenage FC,2024-11-30,1885.93,England
Stevenage FC,2024-12-03,1881.9,England
Stevenage FC,2024-12-14,1878.8,England
Stevenage FC,2024-12-21,1886.23,England
Stevenage FC,2024-12-26,1901.06,England
Stevenage FC,2024-12-29,1905.3,England
Stevenage FC,2025-01-01,1923.2,England
Stevenage FC,2025-01-04,1915.49,England
Stevenage FC,2025-01-18,1918.72,England
Stevenage FC,2025-01-25,1924.82,England
Stevenage FC,2025-01-28,1931.38,England
Stevenage FC,2025-02-01,1943.88,England
Stevenage FC,2025-02-08,1950.46,England
Stevenage FC,2025-02-11,1936.12,England
Stevenage FC,2025-02-15,1938.28,England
Stevenage FC,2025-02-18,1931.94,England
Stevenage FC,2025-02-22,1926.09,England
Stevenage FC,2025-03-01,1924.93,England
Stevenage FC,2025-03-04,1932.47,England
Stevenage FC,2025-03-08,1917.17,England
Stevenage FC,2025-03-11,1915.55,England
Stevenage FC,2025-03-15,1909.44,England
Stevenage FC,2025-03-27,1922.87,England
Stevenage FC,2025-04-01,1918.96,England
Stevenage FC,2025-04-05,1909.26,England
Stevenage FC,2025-04-12,1898.51,England
Stevenage FC,2025-04-18,1903.89,England
Stevenage FC,2025-04-21,1883.21,England
Stevenage FC,2025-04-24,1885.42,England
Stevenage FC,2025-04-27,1891.14,England
Stevenage FC,2025-05-03,1918.12,England
Stevenage FC,2025-08-02,1921.65,England
Stevenage FC,2025-08-09,1933.34,England
Stevenage FC,2025-08-12,1925.49,England
Stevenage FC,2025-08-16,1930.32,England
Stevenage FC,2025-08-19,1937.78,England
Stevenage FC,2025-08-23,1923.37,England
Stevenage FC,2025-08-30,1913.65,England
Stevenage FC,2025-09-13,1923.57,England
Stevenage FC,2025-09-20,1937.65,England
Stevenage FC,2025-09-27,1954.91,England
Stevenage FC,2025-10-04,1968.4,England
Stevenage FC,2025-10-18,1972.35,England
Stevenage FC,2025-10-25,1962.46,England
Stevenage FC,2025-11-01,1965.93,England
Stevenage FC,2025-11-06,1977.93,England
Stevenage FC,2025-11-22,1975.24,England
Stevenage FC,2025-11-25,1946.91,England
Stevenage FC,2025-11-29,1931.93,England
Stevenage FC,2025-12-09,1917.51,England
Stevenage FC,2025-12-13,1908.18,England
Stevenage FC,2025-12-20,1889.51,England
Stevenage FC,2025-12-26,1902.32,England
Stevenage FC,2025-12-29,1908.43,England
Stevenage FC,2026-01-01,1911.88,England
Stevenage FC,2026-01-10,1924.62,England
Stevenage FC,2026-01-17,1910.24,England
Stevenage FC,2026-01-20,1911.48,England
Stevenage FC,2026-01-24,1917.15,England
Stevenage FC,2026-01-27,1924.41,England
Stevenage FC,2026-01-31,1938.37,England
Stevenage FC,2026-02-07,1941.7,England
Stevenage FC,2026-02-14,1955.3,England
Stevenage FC,2026-02-17,1961.37,England
Stevenage FC,2026-02-21,1958.53,England
Stevenage FC,2026-02-28,1948.91,England
Stevenage FC,2026-03-07,1942.78,England
Stevenage FC,2026-03-10,1954.72,England
Stevenage FC,2026-03-14,1933.18,England
Stevenage FC,2026-03-17,1942.27,England
Stevenage FC,2026-03-21,1945.99,England
Stevenage FC,2026-04-03,1951.45,England
Stevenage FC,2026-04-06,1949.17,England
Stevenage FC,2026-04-11,1955.99,England
Stevenage FC,2026-04-14,1949.48,England
Stevenage FC,2026-04-18,1953.78,England
Stevenage FC,2026-04-21,1957.05,England
Stevenage FC,2026-04-25,1984.66,England
Stevenage FC,2026-05-02,2018.62,England
Stevenage FC,2026-05-09,2005.99,England
Stevenage FC,2026-05-13,1999.93,England
Stevenage FC,2026-08-15,1978.88,England
Stockport County,2023-08-05,1965.07,England
Stockport County,2023-08-08,1968.99,England
Stockport County,2023-08-12,1948.66,England
Stockport County,2023-08-15,1957.7,England
Stockport County,2023-08-19,1949.03,England
Stockport County,2023-08-26,1943.51,England
Stockport County,2023-09-02,1935.8,England
Stockport County,2023-09-09,1934.91,England
Stockport County,2023-09-16,1933.1,England
Stockport County,2023-09-23,1916.67,England
Stockport County,2023-09-30,1924.49,England
Stockport County,2023-10-03,1934.78,England
Stockport County,2023-10-07,1954.8,England
Stockport County,2023-10-14,1970.49,England
Stockport County,2023-10-21,1981.15,England
Stockport County,2023-10-24,1974.12,England
Stockport County,2023-10-28,1974.16,England
Stockport County,2023-11-04,1975.28,England
Stockport County,2023-11-11,1997.22,England
Stockport County,2023-11-18,1994.17,England
Stockport County,2023-11-25,1996.39,England
Stockport County,2023-11-28,2008.34,England
Stockport County,2023-12-03,1994.4,England
Stockport County,2023-12-09,1989.84,England
Stockport County,2023-12-13,1973.33,England
Stockport County,2023-12-16,1973.26,England
Stockport County,2023-12-22,1976.76,England
Stockport County,2023-12-26,1957.88,England
Stockport County,2023-12-29,1958.14,England
Stockport County,2024-01-01,1955.45,England
Stockport County,2024-01-13,1952.24,England
Stockport County,2024-01-27,1961.95,England
Stockport County,2024-02-03,1972.83,England
Stockport County,2024-02-10,1975.68,England
Stockport County,2024-02-13,1972.61,England
Stockport County,2024-02-17,1979.62,England
Stockport County,2024-02-20,1959.59,England
Stockport County,2024-02-24,1940.57,England
Stockport County,2024-03-09,1955.06,England
Stockport County,2024-03-14,1972.81,England
Stockport County,2024-03-18,1966.8,England
Stockport County,2024-03-23,1960.72,England
Stockport County,2024-03-29,1964.74,England
Stockport County,2024-08-10,1966.39,England
Stockport County,2024-08-13,1889.36,England
Stockport County,2024-08-17,1884.99,England
Stockport County,2024-08-24,1911.62,England
Stockport County,2024-08-31,1934.72,England
Stockport County,2024-09-14,1939.04,England
Stockport County,2024-09-21,1963.76,England
Stockport County,2024-09-28,1938.67,England
Stockport County,2024-10-01,1934.97,England
Stockport County,2024-10-05,1934.16,England
Stockport County,2024-10-19,1924.89,England
Stockport County,2024-10-22,1944.59,England
Stockport County,2024-10-26,1945.66,England
Stockport County,2024-10-29,1942.95,England
Stockport County,2024-11-02,1982.62,England
Stockport County,2024-11-05,1961.38,England
Stockport County,2024-11-09,1955.58,England
Stockport County,2024-11-16,1959.76,England
Stockport County,2024-11-23,1974.91,England
Stockport County,2024-11-30,2013.4,England
Stockport County,2024-12-04,2011.6,England
Stockport County,2024-12-07,2011.08,England
Stockport County,2024-12-14,2014.18,England
Stockport County,2024-12-20,2020.77,England
Stockport County,2024-12-26,2032.97,England
Stockport County,2024-12-29,2039.15,England
Stockport County,2025-01-01,2011.74,England
Stockport County,2025-01-04,2008.22,England
Stockport County,2025-01-12,1986.82,England
Stockport County,2025-01-18,2003.68,England
Stockport County,2025-01-25,2010.43,England
Stockport County,2025-01-28,2008.11,England
Stockport County,2025-02-01,1999.34,England
Stockport County,2025-02-08,2007.39,England
Stockport County,2025-02-11,2026.18,England
Stockport County,2025-02-15,2045.38,England
Stockport County,2025-02-22,2038.82,England
Stockport County,2025-03-01,2033.85,England
Stockport County,2025-03-04,2012.02,England
Stockport County,2025-03-08,2015.41,England
Stockport County,2025-03-15,2016.74,England
Stockport County,2025-03-22,2009.17,England
Stockport County,2025-03-29,2010.79,England
Stockport County,2025-04-01,2014.7,England
Stockport County,2025-04-05,2006.3,England
Stockport County,2025-04-12,2005.48,England
Stockport County,2025-04-18,2020.66,England
Stockport County,2025-04-21,2031.51,England
Stockport County,2025-04-26,2011.17,England
Stockport County,2025-05-03,2031.05,England
Stockport County,2025-05-10,2026.05,England
Stockport County,2025-05-14,2057.59,England
Stockport County,2025-08-03,2031.16,England
Stockport County,2025-08-09,2039.07,England
Stockport County,2025-08-12,2027.49,England
Stockport County,2025-08-16,2015.92,England
Stockport County,2025-08-19,2035.25,England
Stockport County,2025-08-23,2005.19,England
Stockport County,2025-08-26,1977.11,England
Stockport County,2025-08-30,1983.97,England
Stockport County,2025-09-06,1990.91,England
Stockport County,2025-09-13,1982.28,England
Stockport County,2025-09-20,1986.13,England
Stockport County,2025-09-27,1987.11,England
Stockport County,2025-10-04,1972.0,England
Stockport County,2025-10-11,1995.53,England
Stockport County,2025-10-18,2001.9,England
Stockport County,2025-10-27,2015.35,England
Stockport County,2025-11-01,2015.89,England
Stockport County,2025-11-08,2024.52,England
Stockport County,2025-11-20,2006.0,England
Stockport County,2025-11-29,1984.55,England
Stockport County,2025-12-06,1968.53,England
Stockport County,2025-12-09,1958.55,England
Stockport County,2025-12-13,1967.88,England
Stockport County,2025-12-20,1982.33,England
Stockport County,2025-12-26,1979.34,England
Stockport County,2025-12-29,1977.13,England
Stockport County,2026-01-01,1989.41,England
Stockport County,2026-01-04,1983.59,England
Stockport County,2026-01-10,1985.1,England
Stockport County,2026-01-17,1988.97,England
Stockport County,2026-01-24,1984.66,England
Stockport County,2026-01-27,1995.45,England
Stockport County,2026-01-31,1994.06,England
Stockport County,2026-02-07,2003.83,England
Stockport County,2026-02-17,1998.34,England
Stockport County,2026-02-21,2004.16,England
Stockport County,2026-02-24,2006.91,England
Stockport County,2026-02-28,2016.53,England
Stockport County,2026-03-14,1996.68,England
Stockport County,2026-03-17,2007.41,England
Stockport County,2026-03-21,2030.48,England
Stockport County,2026-03-28,2036.78,England
Stockport County,2026-04-03,2017.84,England
Stockport County,2026-04-06,2023.88,England
Stockport County,2026-04-15,2028.72,England
Stockport County,2026-04-18,2019.95,England
Stockport County,2026-04-21,2026.09,England
Stockport County,2026-04-25,2023.58,England
Stockport County,2026-04-28,2026.57,England
Stockport County,2026-05-02,2026.06,England
Stockport County,2026-05-09,2038.68,England
Stockport County,2026-05-13,2044.74,England
Stockport County,2026-05-24,2030.99,England
Stockport County,2026-08-15,2032.74,England
Stoke City,2023-08-05,2042.7,England
Stoke City,2023-08-08,2071.71,England
Stoke City,2023-08-12,2091.32,England
Stoke City,2023-08-19,2078.82,England
Stoke City,2023-08-26,2088.29,England
Stoke City,2023-08-29,2079.09,England
Stoke City,2023-09-02,2084.67,England
Stoke City,2023-09-16,2078.55,England
Stoke City,2023-09-20,2071.16,England
Stoke City,2023-09-24,2048.1,England
Stoke City,2023-09-27,2043.45,England
Stoke City,2023-09-30,2052.64,England
Stoke City,2023-10-03,2048.61,England
Stoke City,2023-10-07,2020.92,England
Stoke City,2023-10-21,2026.72,England
Stoke City,2023-10-25,2023.3,England
Stoke City,2023-10-28,2026.6,England
Stoke City,2023-11-04,2024.72,England
Stoke City,2023-11-11,2025.87,England
Stoke City,2023-11-25,2021.64,England
Stoke City,2023-11-28,1999.0,England
Stoke City,2023-12-02,2003.77,England
Stoke City,2023-12-09,2012.4,England
Stoke City,2023-12-12,2003.59,England
Stoke City,2023-12-17,2008.04,England
Stoke City,2023-12-23,2008.07,England
Stoke City,2023-12-26,2011.79,England
Stoke City,2023-12-29,2014.74,England
Stoke City,2024-01-01,2023.68,England
Stoke City,2024-01-06,2019.31,England
Stoke City,2024-01-13,2016.75,England
Stoke City,2024-01-20,2015.1,England
Stoke City,2024-01-27,2019.04,England
Stoke City,2024-02-03,2012.2,England
Stoke City,2024-02-10,2022.51,England
Stoke City,2024-02-14,2018.11,England
Stoke City,2024-02-17,2014.95,England
Stoke City,2024-02-24,2009.26,England
Stoke City,2024-03-02,2017.91,England
Stoke City,2024-03-05,2009.78,England
Stoke City,2024-03-09,2002.81,England
Stoke City,2024-03-16,2007.55,England
Stoke City,2024-03-29,2013.08,England
Stoke City,2024-04-01,2017.44,England
Stoke City,2024-04-06,2007.82,England
Stoke City,2024-04-10,2022.08,England
Stoke City,2024-04-13,2018.45,England
Stoke City,2024-04-20,2016.91,England
Stoke City,2024-04-27,2038.67,England
Stoke City,2024-05-04,2027.66,England
Stoke City,2024-08-10,2024.33,England
Stoke City,2024-08-13,1986.86,England
Stoke City,2024-08-17,2013.38,England
Stoke City,2024-08-24,2001.7,England
Stoke City,2024-08-27,2007.34,England
Stoke City,2024-08-31,2036.47,England
Stoke City,2024-09-14,2023.16,England
Stoke City,2024-09-17,2033.13,England
Stoke City,2024-09-20,2060.12,England
Stoke City,2024-09-28,2044.16,England
Stoke City,2024-10-02,2033.82,England
Stoke City,2024-10-05,2023.49,England
Stoke City,2024-10-19,2012.12,England
Stoke City,2024-10-22,2024.4,England
Stoke City,2024-10-26,2018.05,England
Stoke City,2024-10-29,1976.12,England
Stoke City,2024-11-02,1967.44,England
Stoke City,2024-11-06,1991.38,England
Stoke City,2024-11-09,1992.54,England
Stoke City,2024-11-23,2004.32,England
Stoke City,2024-11-26,2007.9,England
Stoke City,2024-11-30,1995.34,England
Stoke City,2024-12-07,1991.99,England
Stoke City,2024-12-10,1988.73,England
Stoke City,2024-12-14,1991.35,England
Stoke City,2024-12-21,1971.3,England
Stoke City,2024-12-26,1965.99,England
Stoke City,2024-12-29,1961.54,England
Stoke City,2025-01-01,1960.34,England
Stoke City,2025-01-04,1957.11,England
Stoke City,2025-01-11,1992.72,England
Stoke City,2025-01-18,1980.48,England
Stoke City,2025-01-22,1970.4,England
Stoke City,2025-01-25,1947.22,England
Stoke City,2025-02-01,1921.16,England
Stoke City,2025-02-08,1946.43,England
Stoke City,2025-02-12,1961.55,England
Stoke City,2025-02-15,1968.43,England
Stoke City,2025-02-22,1974.55,England
Stoke City,2025-02-25,1972.92,England
Stoke City,2025-03-01,1954.85,England
Stoke City,2025-03-08,1947.68,England
Stoke City,2025-03-12,1959.24,England
Stoke City,2025-03-15,1970.65,England
Stoke City,2025-03-29,1990.86,England
Stoke City,2025-04-05,1992.15,England
Stoke City,2025-04-08,1988.85,England
Stoke City,2025-04-12,1989.05,England
Stoke City,2025-04-18,2004.84,England
Stoke City,2025-04-21,2009.76,England
Stoke City,2025-04-25,2029.57,England
Stoke City,2025-05-03,2025.29,England
Stoke City,2025-08-09,2023.89,England
Stoke City,2025-08-12,2010.87,England
Stoke City,2025-08-16,2062.67,England
Stoke City,2025-08-23,2041.63,England
Stoke City,2025-08-26,2044.96,England
Stoke City,2025-08-30,2028.05,England
Stoke City,2025-09-13,2043.55,England
Stoke City,2025-09-20,2030.71,England
Stoke City,2025-09-27,2032.68,England
Stoke City,2025-09-30,2029.3,England
Stoke City,2025-10-04,2034.2,England
Stoke City,2025-10-18,2035.34,England
Stoke City,2025-10-21,2041.59,England
Stoke City,2025-10-25,2039.41,England
Stoke City,2025-11-01,2027.62,England
Stoke City,2025-11-04,2033.59,England
Stoke City,2025-11-08,2030.73,England
Stoke City,2025-11-22,2034.44,England
Stoke City,2025-11-25,2049.2,England
Stoke City,2025-11-29,2054.93,England
Stoke City,2025-12-06,2049.69,England
Stoke City,2025-12-10,2041.05,England
Stoke City,2025-12-13,2033.07,England
Stoke City,2025-12-20,2031.69,England
Stoke City,2025-12-26,2024.59,England
Stoke City,2025-12-29,2018.8,England
Stoke City,2026-01-01,2007.7,England
Stoke City,2026-01-04,1993.95,England
Stoke City,2026-01-10,2004.74,England
Stoke City,2026-01-17,2016.12,England
Stoke City,2026-01-21,2009.54,England
Stoke City,2026-01-24,2013.9,England
Stoke City,2026-01-31,1998.8,England
Stoke City,2026-02-07,2014.48,England
Stoke City,2026-02-11,2011.33,England
Stoke City,2026-02-15,2010.83,England
Stoke City,2026-02-21,2002.93,England
Stoke City,2026-02-25,2003.79,England
Stoke City,2026-02-28,1994.29,England
Stoke City,2026-03-07,1997.28,England
Stoke City,2026-03-10,1970.12,England
Stoke City,2026-03-14,1983.99,England
Stoke City,2026-03-20,1982.16,England
Stoke City,2026-04-03,1974.26,England
Stoke City,2026-04-06,1959.7,England
Stoke City,2026-04-11,1955.09,England
Stoke City,2026-04-18,1959.63,England
Stoke City,2026-04-21,1941.56,England
Stoke City,2026-04-25,1962.55,England
Stoke City,2026-05-02,1957.69,England
Stoke City,2026-08-15,1952.1,England
Sunderland FC,2023-08-06,2049.4,England
Sunderland FC,2023-08-08,2019.05,England
Sunderland FC,2023-08-12,2011.55,England
Sunderland FC,2023-08-19,2021.79,England
Sunderland FC,2023-08-26,2025.74,England
Sunderland FC,2023-09-02,2031.51,England
Sunderland FC,2023-09-16,2036.6,England
Sunderland FC,2023-09-20,2052.09,England
Sunderland FC,2023-09-24,2040.99,England
Sunderland FC,2023-09-29,2049.99,England
Sunderland FC,2023-10-04,2061.2,England
Sunderland FC,2023-10-07,2062.32,England
Sunderland FC,2023-10-21,2056.52,England
Sunderland FC,2023-10-24,2052.59,England
Sunderland FC,2023-10-28,2058.72,England
Sunderland FC,2023-11-04,2064.09,England
Sunderland FC,2023-11-11,2072.31,England
Sunderland FC,2023-11-25,2082.92,England
Sunderland FC,2023-11-29,2084.64,England
Sunderland FC,2023-12-02,2092.01,England
Sunderland FC,2023-12-09,2103.53,England
Sunderland FC,2023-12-12,2104.74,England
Sunderland FC,2023-12-16,2112.07,England
Sunderland FC,2023-12-23,2125.89,England
Sunderland FC,2023-12-26,2134.51,England
Sunderland FC,2023-12-29,2137.48,England
Sunderland FC,2024-01-01,2122.64,England
Sunderland FC,2024-01-06,2098.48,England
Sunderland FC,2024-01-13,2094.26,England
Sunderland FC,2024-01-19,2094.22,England
Sunderland FC,2024-01-27,2090.28,England
Sunderland FC,2024-02-04,2079.46,England
Sunderland FC,2024-02-10,2089.12,England
Sunderland FC,2024-02-14,2068.82,England
Sunderland FC,2024-02-17,2065.44,England
Sunderland FC,2024-02-24,2037.61,England
Sunderland FC,2024-03-02,2027.57,England
Sunderland FC,2024-03-05,2013.63,England
Sunderland FC,2024-03-09,1988.63,England
Sunderland FC,2024-03-16,1967.15,England
Sunderland FC,2024-03-29,1960.3,England
Sunderland FC,2024-04-01,1969.78,England
Sunderland FC,2024-04-06,1978.95,England
Sunderland FC,2024-04-09,1988.28,England
Sunderland FC,2024-04-13,2004.55,England
Sunderland FC,2024-04-20,2014.52,England
Sunderland FC,2024-04-27,2002.07,England
Sunderland FC,2024-05-04,1987.21,England
Sunderland FC,2024-08-10,1979.65,England
Sunderland FC,2024-08-13,1950.65,England
Sunderland FC,2024-08-18,1952.43,England
Sunderland FC,2024-08-24,1979.52,England
Sunderland FC,2024-08-31,2035.27,England
Sunderland FC,2024-09-14,2081.26,England
Sunderland FC,2024-09-21,2082.09,England
Sunderland FC,2024-09-28,2080.77,England
Sunderland FC,2024-10-01,2097.85,England
Sunderland FC,2024-10-04,2105.89,England
Sunderland FC,2024-10-20,2101.18,England
Sunderland FC,2024-10-23,2101.01,England
Sunderland FC,2024-10-26,2103.82,England
Sunderland FC,2024-11-02,2115.22,England
Sunderland FC,2024-11-06,2103.28,England
Sunderland FC,2024-11-09,2102.57,England
Sunderland FC,2024-11-23,2066.1,England
Sunderland FC,2024-11-26,2069.01,England
Sunderland FC,2024-11-29,2075.21,England
Sunderland FC,2024-12-07,2078.55,England
Sunderland FC,2024-12-10,2077.99,England
Sunderland FC,2024-12-14,2084.18,England
Sunderland FC,2024-12-21,2085.89,England
Sunderland FC,2024-12-26,2097.82,England
Sunderland FC,2024-12-29,2102.27,England
Sunderland FC,2025-01-01,2116.64,England
Sunderland FC,2025-01-05,2115.39,England
Sunderland FC,2025-01-11,2079.78,England
Sunderland FC,2025-01-17,2085.93,England
Sunderland FC,2025-01-21,2107.97,England
Sunderland FC,2025-01-25,2149.32,England
Sunderland FC,2025-02-03,2159.13,England
Sunderland FC,2025-02-08,2168.01,England
Sunderland FC,2025-02-12,2178.78,England
Sunderland FC,2025-02-17,2145.43,England
Sunderland FC,2025-02-22,2130.74,England
Sunderland FC,2025-02-28,2141.84,England
Sunderland FC,2025-03-08,2133.33,England
Sunderland FC,2025-03-11,2129.9,England
Sunderland FC,2025-03-15,2134.91,England
Sunderland FC,2025-03-29,2131.36,England
Sunderland FC,2025-04-05,2122.69,England
Sunderland FC,2025-04-08,2111.89,England
Sunderland FC,2025-04-12,2105.34,England
Sunderland FC,2025-04-18,2085.05,England
Sunderland FC,2025-04-21,2055.81,England
Sunderland FC,2025-04-26,2051.86,England
Sunderland FC,2025-05-03,2059.64,England
Sunderland FC,2025-05-09,2069.88,England
Sunderland FC,2025-05-13,2060.2,England
Sunderland FC,2025-05-24,2069.86,England
Sunderland FC,2025-08-16,2073.4,England
Sunderland FC,2025-08-23,2093.77,England
Sunderland FC,2025-08-26,2121.71,England
Sunderland FC,2025-08-30,2135.72,England
Sunderland FC,2025-09-13,2139.52,England
Sunderland FC,2025-09-21,2168.4,England
Sunderland FC,2025-09-27,2195.81,England
Sunderland FC,2025-10-04,2200.2,England
Sunderland FC,2025-10-18,2193.18,England
Sunderland FC,2025-10-25,2195.56,England
Sunderland FC,2025-11-03,2185.44,England
Sunderland FC,2025-11-08,2224.42,England
Sunderland FC,2025-11-22,2235.18,England
Sunderland FC,2025-11-29,2231.18,England
Sunderland FC,2025-12-03,2245.91,England
Sunderland FC,2025-12-06,2250.48,England
Sunderland FC,2025-12-14,2255.07,England
Sunderland FC,2025-12-20,2242.15,England
Sunderland FC,2025-12-28,2230.75,England
Sunderland FC,2026-01-01,2233.02,England
Sunderland FC,2026-01-04,2234.72,England
Sunderland FC,2026-01-07,2225.28,England
Sunderland FC,2026-01-10,2245.14,England
Sunderland FC,2026-01-17,2242.17,England
Sunderland FC,2026-01-24,2219.49,England
Sunderland FC,2026-02-02,2220.34,England
Sunderland FC,2026-02-07,2222.03,England
Sunderland FC,2026-02-11,2227.14,England
Sunderland FC,2026-02-15,2223.06,England
Sunderland FC,2026-02-22,2214.53,England
Sunderland FC,2026-02-28,2210.11,England
Sunderland FC,2026-03-03,2203.11,England
Sunderland FC,2026-03-08,2189.73,England
Sunderland FC,2026-03-14,2177.06,England
Sunderland FC,2026-03-22,2189.55,England
Sunderland FC,2026-04-12,2178.99,England
Sunderland FC,2026-04-19,2189.17,England
Sunderland FC,2026-04-24,2200.15,England
Sunderland FC,2026-05-02,2208.44,England
Sunderland FC,2026-05-09,2231.45,England
Sunderland FC,2026-05-17,2213.32,England
Sunderland FC,2026-05-24,2216.18,England
Sunderland FC,2026-08-22,2243.71,England
Swansea City,2023-08-05,2024.97,England
Swansea City,2023-08-08,2062.77,England
Swansea City,2023-08-12,2062.34,England
Swansea City,2023-08-19,2051.73,England
Swansea City,2023-08-26,2023.67,England
Swansea City,2023-08-29,2001.42,England
Swansea City,2023-09-02,2004.38,England
Swansea City,2023-09-16,2006.31,England
Swansea City,2023-09-19,1988.8,England
Swansea City,2023-09-23,1983.8,England
Swansea City,2023-09-30,1990.74,England
Swansea City,2023-10-04,1979.94,England
Swansea City,2023-10-07,1980.93,England
Swansea City,2023-10-21,1984.01,England
Swansea City,2023-10-24,1996.24,England
Swansea City,2023-10-28,1993.39,England
Swansea City,2023-11-04,1988.02,England
Swansea City,2023-11-11,1979.6,England
Swansea City,2023-11-25,1966.32,England
Swansea City,2023-11-29,1961.69,England
Swansea City,2023-12-02,1967.01,England
Swansea City,2023-12-09,1971.76,England
Swansea City,2023-12-12,1980.58,England
Swansea City,2023-12-16,1987.08,England
Swansea City,2023-12-22,1989.88,England
Swansea City,2023-12-26,1981.1,England
Swansea City,2023-12-29,1976.21,England
Swansea City,2024-01-01,1978.88,England
Swansea City,2024-01-06,1976.55,England
Swansea City,2024-01-13,1962.26,England
Swansea City,2024-01-20,1944.34,England
Swansea City,2024-01-25,1943.39,England
Swansea City,2024-01-30,1935.15,England
Swansea City,2024-02-03,1941.24,England
Swansea City,2024-02-10,1935.95,England
Swansea City,2024-02-13,1937.81,England
Swansea City,2024-02-17,1939.01,England
Swansea City,2024-02-24,1966.84,England
Swansea City,2024-03-02,1990.74,England
Swansea City,2024-03-06,1990.84,England
Swansea City,2024-03-10,2008.11,England
Swansea City,2024-03-16,2007.95,England
Swansea City,2024-03-29,2006.45,England
Swansea City,2024-04-01,1997.4,England
Swansea City,2024-04-06,1989.01,England
Swansea City,2024-04-10,1974.75,England
Swansea City,2024-04-13,1989.37,England
Swansea City,2024-04-20,1976.26,England
Swansea City,2024-04-27,1983.93,England
Swansea City,2024-05-04,1991.18,England
Swansea City,2024-08-10,1988.94,England
Swansea City,2024-08-13,2014.35,England
Swansea City,2024-08-17,1982.86,England
Swansea City,2024-08-25,1980.76,England
Swansea City,2024-08-28,1980.93,England
Swansea City,2024-08-31,1998.16,England
Swansea City,2024-09-14,1999.5,England
Swansea City,2024-09-21,2004.3,England
Swansea City,2024-09-29,2010.63,England
Swansea City,2024-10-02,2004.29,England
Swansea City,2024-10-05,2014.61,England
Swansea City,2024-10-19,2028.75,England
Swansea City,2024-10-22,2018.86,England
Swansea City,2024-10-26,2002.09,England
Swansea City,2024-11-02,2005.86,England
Swansea City,2024-11-05,2018.93,England
Swansea City,2024-11-10,2026.81,England
Swansea City,2024-11-24,2025.8,England
Swansea City,2024-11-27,2028.45,England
Swansea City,2024-11-30,2026.36,England
Swansea City,2024-12-07,2029.24,England
Swansea City,2024-12-10,2041.51,England
Swansea City,2024-12-14,2035.32,England
Swansea City,2024-12-21,2023.86,England
Swansea City,2024-12-26,2027.68,England
Swansea City,2024-12-29,2041.19,England
Swansea City,2025-01-01,2037.46,England
Swansea City,2025-01-04,2038.88,England
Swansea City,2025-01-12,2024.26,England
Swansea City,2025-01-18,2032.08,England
Swansea City,2025-01-21,2033.93,England
Swansea City,2025-01-25,2030.32,England
Swansea City,2025-02-01,2023.33,England
Swansea City,2025-02-09,2023.94,England
Swansea City,2025-02-12,2015.85,England
Swansea City,2025-02-15,2008.97,England
Swansea City,2025-02-22,2006.47,England
Swansea City,2025-03-04,2019.34,England
Swansea City,2025-03-08,2026.71,England
Swansea City,2025-03-12,2021.0,England
Swansea City,2025-03-15,2005.17,England
Swansea City,2025-03-29,1994.48,England
Swansea City,2025-04-05,1996.68,England
Swansea City,2025-04-09,1991.6,England
Swansea City,2025-04-12,1998.15,England
Swansea City,2025-04-18,2014.0,England
Swansea City,2025-04-21,2014.38,England
Swansea City,2025-04-26,2006.05,England
Swansea City,2025-05-03,2006.58,England
Swansea City,2025-08-09,2029.36,England
Swansea City,2025-08-12,2038.23,England
Swansea City,2025-08-16,2031.93,England
Swansea City,2025-08-23,2043.98,England
Swansea City,2025-08-26,2044.68,England
Swansea City,2025-08-30,2021.44,England
Swansea City,2025-09-13,2042.78,England
Swansea City,2025-09-17,2031.54,England
Swansea City,2025-09-20,2056.82,England
Swansea City,2025-09-27,2045.38,England
Swansea City,2025-09-30,2042.29,England
Swansea City,2025-10-04,2043.24,England
Swansea City,2025-10-18,2041.62,England
Swansea City,2025-10-22,2024.26,England
Swansea City,2025-10-25,2018.62,England
Swansea City,2025-10-29,2023.72,England
Swansea City,2025-11-01,2004.55,England
Swansea City,2025-11-05,2001.01,England
Swansea City,2025-11-08,1996.28,England
Swansea City,2025-11-22,1994.69,England
Swansea City,2025-11-25,1988.44,England
Swansea City,2025-11-29,1977.09,England
Swansea City,2025-12-06,1972.66,England
Swansea City,2025-12-09,1980.42,England
Swansea City,2025-12-13,1988.4,England
Swansea City,2025-12-19,1992.94,England
Swansea City,2025-12-26,2001.3,England
Swansea City,2025-12-29,1997.53,England
Swansea City,2026-01-01,1984.99,England
Swansea City,2026-01-04,1979.08,England
Swansea City,2026-01-11,1988.72,England
Swansea City,2026-01-17,1999.32,England
Swansea City,2026-01-20,2011.57,England
Swansea City,2026-01-24,2017.11,England
Swansea City,2026-01-31,2032.39,England
Swansea City,2026-02-08,2036.88,England
Swansea City,2026-02-14,2048.21,England
Swansea City,2026-02-21,2050.22,England
Swansea City,2026-02-24,2050.24,England
Swansea City,2026-02-28,2053.4,England
Swansea City,2026-03-07,2050.41,England
Swansea City,2026-03-10,2044.46,England
Swansea City,2026-03-13,2049.28,England
Swansea City,2026-03-21,2053.15,England
Swansea City,2026-04-03,2044.14,England
Swansea City,2026-04-06,2030.03,England
Swansea City,2026-04-11,2012.23,England
Swansea City,2026-04-18,1978.84,England
Swansea City,2026-04-21,1972.61,England
Swansea City,2026-04-25,1965.86,England
Swansea City,2026-05-02,1979.37,England
Swansea City,2026-08-15,1984.95,England
Tottenham Hotspur,2023-08-13,2315.67,England
Tottenham Hotspur,2023-08-19,2307.38,England
Tottenham Hotspur,2023-08-26,2285.7,England
Tottenham Hotspur,2023-08-29,2296.81,England
Tottenham Hotspur,2023-09-02,2307.03,England
Tottenham Hotspur,2023-09-16,2333.17,England
Tottenham Hotspur,2023-09-24,2340.23,England
Tottenham Hotspur,2023-09-30,2343.1,England
Tottenham Hotspur,2023-10-07,2351.4,England
Tottenham Hotspur,2023-10-23,2361.15,England
Tottenham Hotspur,2023-10-27,2379.31,England
Tottenham Hotspur,2023-11-06,2387.19,England
Tottenham Hotspur,2023-11-11,2356.32,England
Tottenham Hotspur,2023-11-26,2328.76,England
Tottenham Hotspur,2023-12-03,2322.39,England
Tottenham Hotspur,2023-12-07,2328.47,England
Tottenham Hotspur,2023-12-10,2346.15,England
Tottenham Hotspur,2023-12-15,2368.11,England
Tottenham Hotspur,2023-12-23,2373.6,England
Tottenham Hotspur,2023-12-28,2374.32,England
Tottenham Hotspur,2023-12-31,2351.7,England
Tottenham Hotspur,2024-01-05,2368.99,England
Tottenham Hotspur,2024-01-14,2356.74,England
Tottenham Hotspur,2024-01-26,2362.43,England
Tottenham Hotspur,2024-01-31,2344.69,England
Tottenham Hotspur,2024-02-03,2355.72,England
Tottenham Hotspur,2024-02-10,2376.61,England
Tottenham Hotspur,2024-02-17,2378.36,England
Tottenham Hotspur,2024-03-02,2370.55,England
Tottenham Hotspur,2024-03-10,2368.24,England
Tottenham Hotspur,2024-03-16,2367.34,England
Tottenham Hotspur,2024-03-30,2388.44,England
Tottenham Hotspur,2024-04-02,2401.45,England
Tottenham Hotspur,2024-04-07,2401.79,England
Tottenham Hotspur,2024-04-13,2400.43,England
Tottenham Hotspur,2024-04-28,2391.14,England
Tottenham Hotspur,2024-05-02,2406.72,England
Tottenham Hotspur,2024-05-05,2382.93,England
Tottenham Hotspur,2024-05-11,2380.61,England
Tottenham Hotspur,2024-05-14,2360.23,England
Tottenham Hotspur,2024-05-19,2359.11,England
Tottenham Hotspur,2024-08-19,2367.97,England
Tottenham Hotspur,2024-08-24,2400.7,England
Tottenham Hotspur,2024-09-01,2414.96,England
Tottenham Hotspur,2024-09-15,2442.36,England
Tottenham Hotspur,2024-09-18,2421.54,England
Tottenham Hotspur,2024-09-21,2422.81,England
Tottenham Hotspur,2024-09-26,2439.16,England
Tottenham Hotspur,2024-09-29,2447.52,England
Tottenham Hotspur,2024-10-03,2413.17,England
Tottenham Hotspur,2024-10-06,2440.38,England
Tottenham Hotspur,2024-10-19,2422.27,England
Tottenham Hotspur,2024-10-24,2392.57,England
Tottenham Hotspur,2024-10-27,2425.75,England
Tottenham Hotspur,2024-10-30,2465.82,England
Tottenham Hotspur,2024-11-03,2427.55,England
Tottenham Hotspur,2024-11-07,2385.26,England
Tottenham Hotspur,2024-11-10,2384.15,England
Tottenham Hotspur,2024-11-23,2383.86,England
Tottenham Hotspur,2024-11-28,2378.04,England
Tottenham Hotspur,2024-12-01,2382.15,England
Tottenham Hotspur,2024-12-05,2359.07,England
Tottenham Hotspur,2024-12-08,2346.07,England
Tottenham Hotspur,2024-12-12,2350.07,England
Tottenham Hotspur,2024-12-15,2341.4,England
Tottenham Hotspur,2024-12-19,2333.14,England
Tottenham Hotspur,2024-12-22,2305.15,England
Tottenham Hotspur,2024-12-26,2306.8,England
Tottenham Hotspur,2024-12-29,2302.86,England
Tottenham Hotspur,2025-01-04,2282.51,England
Tottenham Hotspur,2025-01-08,2302.56,England
Tottenham Hotspur,2025-01-12,2315.74,England
Tottenham Hotspur,2025-01-15,2305.25,England
Tottenham Hotspur,2025-01-19,2289.1,England
Tottenham Hotspur,2025-01-23,2299.56,England
Tottenham Hotspur,2025-01-26,2291.86,England
Tottenham Hotspur,2025-01-30,2289.89,England
Tottenham Hotspur,2025-02-02,2258.98,England
Tottenham Hotspur,2025-02-06,2261.38,England
Tottenham Hotspur,2025-02-09,2272.57,England
Tottenham Hotspur,2025-02-16,2277.33,England
Tottenham Hotspur,2025-02-22,2269.6,England
Tottenham Hotspur,2025-02-26,2259.45,England
Tottenham Hotspur,2025-03-06,2268.01,England
Tottenham Hotspur,2025-03-09,2268.27,England
Tottenham Hotspur,2025-03-13,2285.22,England
Tottenham Hotspur,2025-03-16,2272.16,England
Tottenham Hotspur,2025-04-03,2292.38,England
Tottenham Hotspur,2025-04-06,2303.02,England
Tottenham Hotspur,2025-04-10,2306.6,England
Tottenham Hotspur,2025-04-13,2287.16,England
Tottenham Hotspur,2025-04-17,2286.38,England
Tottenham Hotspur,2025-04-21,2276.88,England
Tottenham Hotspur,2025-04-27,2251.05,England
Tottenham Hotspur,2025-05-01,2289.7,England
Tottenham Hotspur,2025-05-04,2280.99,England
Tottenham Hotspur,2025-05-08,2305.9,England
Tottenham Hotspur,2025-05-11,2244.56,England
Tottenham Hotspur,2025-05-16,2198.07,England
Tottenham Hotspur,2025-05-21,2204.79,England
Tottenham Hotspur,2025-05-25,2179.53,England
Tottenham Hotspur,2025-08-13,2161.78,England
Tottenham Hotspur,2025-08-16,2197.07,England
Tottenham Hotspur,2025-08-23,2260.91,England
Tottenham Hotspur,2025-08-30,2275.74,England
Tottenham Hotspur,2025-09-13,2294.59,England
Tottenham Hotspur,2025-09-16,2309.05,England
Tottenham Hotspur,2025-09-20,2332.44,England
Tottenham Hotspur,2025-09-24,2336.01,England
Tottenham Hotspur,2025-09-27,2337.02,England
Tottenham Hotspur,2025-09-30,2356.41,England
Tottenham Hotspur,2025-10-04,2334.34,England
Tottenham Hotspur,2025-10-19,2328.05,England
Tottenham Hotspur,2025-10-22,2323.66,England
Tottenham Hotspur,2025-10-26,2322.23,England
Tottenham Hotspur,2025-10-29,2337.62,England
Tottenham Hotspur,2025-11-01,2333.07,England
Tottenham Hotspur,2025-11-04,2357.9,England
Tottenham Hotspur,2025-11-08,2340.23,England
Tottenham Hotspur,2025-11-23,2325.86,England
Tottenham Hotspur,2025-11-26,2305.39,England
Tottenham Hotspur,2025-11-29,2289.31,England
Tottenham Hotspur,2025-12-02,2301.26,England
Tottenham Hotspur,2025-12-06,2298.31,England
Tottenham Hotspur,2025-12-09,2327.45,England
Tottenham Hotspur,2025-12-14,2345.74,England
Tottenham Hotspur,2025-12-20,2326.49,England
Tottenham Hotspur,2025-12-28,2307.02,England
Tottenham Hotspur,2026-01-01,2313.14,England
Tottenham Hotspur,2026-01-04,2311.44,England
Tottenham Hotspur,2026-01-07,2306.31,England
Tottenham Hotspur,2026-01-10,2310.22,England
Tottenham Hotspur,2026-01-17,2304.6,England
Tottenham Hotspur,2026-01-20,2306.89,England
Tottenham Hotspur,2026-01-24,2304.8,England
Tottenham Hotspur,2026-01-28,2346.24,England
Tottenham Hotspur,2026-02-01,2349.21,England
Tottenham Hotspur,2026-02-07,2328.93,England
Tottenham Hotspur,2026-02-10,2321.78,England
Tottenham Hotspur,2026-02-22,2303.63,England
Tottenham Hotspur,2026-03-01,2275.19,England
Tottenham Hotspur,2026-03-05,2279.93,England
Tottenham Hotspur,2026-03-10,2274.38,England
Tottenham Hotspur,2026-03-15,2250.36,England
Tottenham Hotspur,2026-03-18,2243.31,England
Tottenham Hotspur,2026-03-22,2240.84,England
Tottenham Hotspur,2026-04-12,2251.4,England
Tottenham Hotspur,2026-04-18,2244.32,England
Tottenham Hotspur,2026-04-25,2286.26,England
Tottenham Hotspur,2026-05-03,2289.14,England
Tottenham Hotspur,2026-05-11,2319.86,England
Tottenham Hotspur,2026-05-19,2340.67,England
Tottenham Hotspur,2026-05-24,2358.94,England
Tottenham Hotspur,2026-08-22,2367.34,England
Watford FC,2023-08-05,2001.37,England
Watford FC,2023-08-08,2039.04,England
Watford FC,2023-08-12,2076.86,England
Watford FC,2023-08-19,2089.36,England
Watford FC,2023-08-27,2070.26,England
Watford FC,2023-09-02,2058.23,England
Watford FC,2023-09-16,2047.48,England
Watford FC,2023-09-20,2050.95,England
Watford FC,2023-09-23,2043.42,England
Watford FC,2023-09-30,2049.45,England
Watford FC,2023-10-04,2038.23,England
Watford FC,2023-10-07,2044.15,England
Watford FC,2023-10-21,2035.75,England
Watford FC,2023-10-24,2023.53,England
Watford FC,2023-10-28,2031.06,England
Watford FC,2023-11-04,2063.75,England
Watford FC,2023-11-11,2067.61,England
Watford FC,2023-11-25,2070.07,England
Watford FC,2023-11-28,2062.22,England
Watford FC,2023-12-02,2044.48,England
Watford FC,2023-12-09,2040.96,England
Watford FC,2023-12-12,2041.21,England
Watford FC,2023-12-16,2041.98,England
Watford FC,2023-12-23,2052.59,England
Watford FC,2023-12-26,2056.94,England
Watford FC,2023-12-29,2053.99,England
Watford FC,2024-01-01,2046.09,England
Watford FC,2024-01-06,2091.89,England
Watford FC,2024-01-14,2077.9,England
Watford FC,2024-01-20,2083.87,England
Watford FC,2024-01-28,2078.62,England
Watford FC,2024-01-31,2062.04,England
Watford FC,2024-02-03,2043.84,England
Watford FC,2024-02-06,2053.05,England
Watford FC,2024-02-10,2040.22,England
Watford FC,2024-02-13,2040.35,England
Watford FC,2024-02-17,2029.49,England
Watford FC,2024-02-24,1987.05,England
Watford FC,2024-03-02,1979.66,England
Watford FC,2024-03-06,1979.56,England
Watford FC,2024-03-09,1986.92,England
Watford FC,2024-03-16,1989.89,England
Watford FC,2024-03-29,1978.82,England
Watford FC,2024-04-01,1990.23,England
Watford FC,2024-04-06,1997.22,England
Watford FC,2024-04-10,1985.93,England
Watford FC,2024-04-13,1985.63,England
Watford FC,2024-04-20,1977.14,England
Watford FC,2024-04-27,1989.6,England
Watford FC,2024-05-04,1983.02,England
Watford FC,2024-08-10,1984.08,England
Watford FC,2024-08-13,2007.38,England
Watford FC,2024-08-17,1980.86,England
Watford FC,2024-08-24,2016.4,England
Watford FC,2024-08-27,2010.91,England
Watford FC,2024-09-01,2014.7,England
Watford FC,2024-09-14,2001.41,England
Watford FC,2024-09-21,2013.92,England
Watford FC,2024-09-24,2013.92,England
Watford FC,2024-09-28,2015.24,England
Watford FC,2024-10-02,2023.3,England
Watford FC,2024-10-05,2000.07,England
Watford FC,2024-10-19,1997.26,England
Watford FC,2024-10-22,1973.78,England
Watford FC,2024-10-26,1990.24,England
Watford FC,2024-11-02,1997.62,England
Watford FC,2024-11-05,1984.56,England
Watford FC,2024-11-08,1990.81,England
Watford FC,2024-11-22,2000.95,England
Watford FC,2024-11-26,2011.18,England
Watford FC,2024-11-30,2012.93,England
Watford FC,2024-12-11,2026.2,England
Watford FC,2024-12-15,2026.36,England
Watford FC,2024-12-21,2027.28,England
Watford FC,2024-12-26,2016.47,England
Watford FC,2024-12-29,2029.93,England
Watford FC,2025-01-01,2022.57,England
Watford FC,2025-01-04,2016.24,England
Watford FC,2025-01-09,2016.95,England
Watford FC,2025-01-14,2012.85,England
Watford FC,2025-01-18,2004.64,England
Watford FC,2025-01-21,1990.85,England
Watford FC,2025-01-25,1990.09,England
Watford FC,2025-02-01,1976.24,England
Watford FC,2025-02-08,1967.37,England
Watford FC,2025-02-11,1944.95,England
Watford FC,2025-02-15,1947.88,England
Watford FC,2025-02-23,1961.84,England
Watford FC,2025-03-01,1979.91,England
Watford FC,2025-03-08,1996.14,England
Watford FC,2025-03-12,2001.85,England
Watford FC,2025-03-15,2006.15,England
Watford FC,2025-03-29,2006.9,England
Watford FC,2025-04-05,2004.14,England
Watford FC,2025-04-08,1997.9,England
Watford FC,2025-04-12,2000.51,England
Watford FC,2025-04-18,1991.24,England
Watford FC,2025-04-21,1960.79,England
Watford FC,2025-04-26,1934.95,England
Watford FC,2025-05-03,1925.89,England
Watford FC,2025-08-09,1964.09,England
Watford FC,2025-08-12,1932.43,England
Watford FC,2025-08-16,1926.89,England
Watford FC,2025-08-23,1914.84,England
Watford FC,2025-08-30,1946.14,England
Watford FC,2025-09-13,1955.22,England
Watford FC,2025-09-22,1956.42,England
Watford FC,2025-09-27,1963.78,England
Watford FC,2025-10-01,1968.31,England
Watford FC,2025-10-04,1971.72,England
Watford FC,2025-10-18,1998.31,England
Watford FC,2025-10-22,2009.11,England
Watford FC,2025-10-25,2009.87,England
Watford FC,2025-11-01,2012.37,England
Watford FC,2025-11-04,2018.12,England
Watford FC,2025-11-07,2032.76,England
Watford FC,2025-11-22,2025.59,England
Watford FC,2025-11-25,2037.03,England
Watford FC,2025-12-01,2038.46,England
Watford FC,2025-12-06,2035.18,England
Watford FC,2025-12-09,2029.74,England
Watford FC,2025-12-13,2048.05,England
Watford FC,2025-12-20,2049.42,England
Watford FC,2025-12-26,2049.91,England
Watford FC,2025-12-29,2045.99,England
Watford FC,2026-01-01,2062.97,England
Watford FC,2026-01-10,2057.62,England
Watford FC,2026-01-17,2052.99,England
Watford FC,2026-01-21,2049.36,England
Watford FC,2026-01-24,2040.74,England
Watford FC,2026-01-31,2025.46,England
Watford FC,2026-02-03,2026.45,England
Watford FC,2026-02-07,2036.32,England
Watford FC,2026-02-14,2045.28,England
Watford FC,2026-02-21,2054.62,England
Watford FC,2026-02-24,2056.1,England
Watford FC,2026-02-27,2067.16,England
Watford FC,2026-03-10,2064.66,England
Watford FC,2026-03-14,2050.8,England
Watford FC,2026-03-17,2048.61,England
Watford FC,2026-03-21,2043.15,England
Watford FC,2026-04-03,2034.13,England
Watford FC,2026-04-06,2012.12,England
Watford FC,2026-04-11,1997.72,England
Watford FC,2026-04-18,1992.95,England
Watford FC,2026-04-21,1982.57,England
Watford FC,2026-04-25,1993.26,England
Watford FC,2026-05-02,2018.01,England
Watford FC,2026-08-16,2026.27,England
West Bromwich Albion,2023-08-05,2104.98,England
West Bromwich Albion,2023-08-08,2075.97,England
West Bromwich Albion,2023-08-12,2076.4,England
West Bromwich Albion,2023-08-18,2084.56,England
West Bromwich Albion,2023-08-26,2076.86,England
West Bromwich Albion,2023-09-02,2079.43,England
West Bromwich Albion,2023-09-16,2066.65,England
West Bromwich Albion,2023-09-20,2063.19,England
West Bromwich Albion,2023-09-23,2066.86,England
West Bromwich Albion,2023-09-30,2062.29,England
West Bromwich Albion,2023-10-03,2066.05,England
West Bromwich Albion,2023-10-06,2078.76,England
West Bromwich Albion,2023-10-21,2060.84,England
West Bromwich Albion,2023-10-24,2055.82,England
West Bromwich Albion,2023-10-30,2050.24,England
West Bromwich Albion,2023-11-04,2059.05,England
West Bromwich Albion,2023-11-11,2070.08,England
West Bromwich Albion,2023-11-25,2079.78,England
West Bromwich Albion,2023-11-28,2102.57,England
West Bromwich Albion,2023-12-02,2108.32,England
West Bromwich Albion,2023-12-09,2096.8,England
West Bromwich Albion,2023-12-12,2107.06,England
West Bromwich Albion,2023-12-17,2102.6,England
West Bromwich Albion,2023-12-23,2107.52,England
West Bromwich Albion,2023-12-26,2090.73,England
West Bromwich Albion,2023-12-29,2106.8,England
West Bromwich Albion,2024-01-01,2104.14,England
West Bromwich Albion,2024-01-07,2063.4,England
West Bromwich Albion,2024-01-13,2080.84,England
West Bromwich Albion,2024-01-20,2070.0,England
West Bromwich Albion,2024-01-28,2070.86,England
West Bromwich Albion,2024-02-03,2106.82,England
West Bromwich Albion,2024-02-10,2112.57,England
West Bromwich Albion,2024-02-13,2117.92,England
West Bromwich Albion,2024-02-16,2110.95,England
West Bromwich Albion,2024-02-20,2097.97,England
West Bromwich Albion,2024-02-24,2084.21,England
West Bromwich Albion,2024-03-01,2084.49,England
West Bromwich Albion,2024-03-06,2089.28,England
West Bromwich Albion,2024-03-10,2084.64,England
West Bromwich Albion,2024-03-16,2083.08,England
West Bromwich Albion,2024-03-29,2086.53,England
West Bromwich Albion,2024-04-01,2075.12,England
West Bromwich Albion,2024-04-06,2084.74,England
West Bromwich Albion,2024-04-10,2098.57,England
West Bromwich Albion,2024-04-13,2082.3,England
West Bromwich Albion,2024-04-20,2075.54,England
West Bromwich Albion,2024-04-27,2072.53,England
West Bromwich Albion,2024-05-04,2094.99,England
West Bromwich Albion,2024-05-12,2087.69,England
West Bromwich Albion,2024-05-17,2086.61,England
West Bromwich Albion,2024-08-10,2088.06,England
West Bromwich Albion,2024-08-13,2054.95,England
West Bromwich Albion,2024-08-17,2052.53,England
West Bromwich Albion,2024-08-24,2064.2,England
West Bromwich Albion,2024-08-31,2046.97,England
West Bromwich Albion,2024-09-15,2062.49,England
West Bromwich Albion,2024-09-21,2073.11,England
West Bromwich Albion,2024-09-28,2090.99,England
West Bromwich Albion,2024-10-01,2083.03,England
West Bromwich Albion,2024-10-05,2083.78,England
West Bromwich Albion,2024-10-19,2099.47,England
West Bromwich Albion,2024-10-23,2100.54,England
West Bromwich Albion,2024-10-26,2079.7,England
West Bromwich Albion,2024-11-01,2085.62,England
West Bromwich Albion,2024-11-07,2088.05,England
West Bromwich Albion,2024-11-10,2082.15,England
West Bromwich Albion,2024-11-23,2089.66,England
West Bromwich Albion,2024-11-26,2086.74,England
West Bromwich Albion,2024-11-30,2086.89,England
West Bromwich Albion,2024-12-08,2098.93,England
West Bromwich Albion,2024-12-11,2099.28,England
West Bromwich Albion,2024-12-15,2099.13,England
West Bromwich Albion,2024-12-22,2088.47,England
West Bromwich Albion,2024-12-26,2070.75,England
West Bromwich Albion,2024-12-29,2068.18,England
West Bromwich Albion,2025-01-01,2061.09,England
West Bromwich Albion,2025-01-04,2059.68,England
West Bromwich Albion,2025-01-11,2087.98,England
West Bromwich Albion,2025-01-18,2100.23,England
West Bromwich Albion,2025-01-21,2070.48,England
West Bromwich Albion,2025-01-25,2075.49,England
West Bromwich Albion,2025-02-01,2085.28,England
West Bromwich Albion,2025-02-08,2077.61,England
West Bromwich Albion,2025-02-12,2085.22,England
West Bromwich Albion,2025-02-15,2080.82,England
West Bromwich Albion,2025-02-22,2076.7,England
West Bromwich Albion,2025-03-01,2066.28,England
West Bromwich Albion,2025-03-08,2074.38,England
West Bromwich Albion,2025-03-11,2070.24,England
West Bromwich Albion,2025-03-15,2075.4,England
West Bromwich Albion,2025-03-29,2072.27,England
West Bromwich Albion,2025-04-05,2080.94,England
West Bromwich Albion,2025-04-08,2095.65,England
West Bromwich Albion,2025-04-12,2093.05,England
West Bromwich Albion,2025-04-18,2096.96,England
West Bromwich Albion,2025-04-21,2082.26,England
West Bromwich Albion,2025-04-26,2057.61,England
West Bromwich Albion,2025-05-03,2010.5,England
West Bromwich Albion,2025-08-09,2048.89,England
West Bromwich Albion,2025-08-12,2069.55,England
West Bromwich Albion,2025-08-16,2071.23,England
West Bromwich Albion,2025-08-23,2065.79,England
West Bromwich Albion,2025-08-30,2082.7,England
West Bromwich Albion,2025-09-13,2070.31,England
West Bromwich Albion,2025-09-19,2071.82,England
West Bromwich Albion,2025-09-26,2079.01,England
West Bromwich Albion,2025-10-01,2099.01,England
West Bromwich Albion,2025-10-04,2094.31,England
West Bromwich Albion,2025-10-18,2088.77,England
West Bromwich Albion,2025-10-22,2077.97,England
West Bromwich Albion,2025-10-25,2084.41,England
West Bromwich Albion,2025-11-01,2074.8,England
West Bromwich Albion,2025-11-04,2072.92,England
West Bromwich Albion,2025-11-08,2074.86,England
West Bromwich Albion,2025-11-22,2070.78,England
West Bromwich Albion,2025-11-26,2058.61,England
West Bromwich Albion,2025-11-29,2069.97,England
West Bromwich Albion,2025-12-06,2057.05,England
West Bromwich Albion,2025-12-09,2052.91,England
West Bromwich Albion,2025-12-12,2047.59,England
West Bromwich Albion,2025-12-20,2049.49,England
West Bromwich Albion,2025-12-26,2052.85,England
West Bromwich Albion,2025-12-29,2065.28,England
West Bromwich Albion,2026-01-01,2077.82,England
West Bromwich Albion,2026-01-05,2092.96,England
West Bromwich Albion,2026-01-11,2083.32,England
West Bromwich Albion,2026-01-16,2088.29,England
West Bromwich Albion,2026-01-20,2077.4,England
West Bromwich Albion,2026-01-23,2075.14,England
West Bromwich Albion,2026-01-31,2054.52,England
West Bromwich Albion,2026-02-07,2038.83,England
West Bromwich Albion,2026-02-10,2024.76,England
West Bromwich Albion,2026-02-14,1992.09,England
West Bromwich Albion,2026-02-21,1980.47,England
West Bromwich Albion,2026-02-24,1983.49,England
West Bromwich Albion,2026-02-28,2012.97,England
West Bromwich Albion,2026-03-07,2011.98,England
West Bromwich Albion,2026-03-11,2005.23,England
West Bromwich Albion,2026-03-14,2011.59,England
West Bromwich Albion,2026-03-21,2035.6,England
West Bromwich Albion,2026-04-03,2052.89,England
West Bromwich Albion,2026-04-06,2050.37,England
West Bromwich Albion,2026-04-10,2057.34,England
West Bromwich Albion,2026-04-18,2068.12,England
West Bromwich Albion,2026-04-21,2078.51,England
West Bromwich Albion,2026-04-25,2079.44,England
West Bromwich Albion,2026-05-02,2059.22,England
West Bromwich Albion,2026-08-15,2067.05,England
West Ham United,2023-08-12,2187.79,England
West Ham United,2023-08-20,2184.32,England
West Ham United,2023-08-26,2200.19,England
West Ham United,2023-09-01,2223.5,England
West Ham United,2023-09-16,2251.18,England
West Ham United,2023-09-21,2277.82,England
West Ham United,2023-09-24,2265.86,England
West Ham United,2023-09-27,2257.24,England
West Ham United,2023-09-30,2248.71,England
West Ham United,2023-10-05,2264.97,England
West Ham United,2023-10-08,2259.84,England
West Ham United,2023-10-22,2258.66,England
West Ham United,2023-10-26,2258.09,England
West Ham United,2023-10-29,2260.61,England
West Ham United,2023-11-01,2267.53,England
West Ham United,2023-11-04,2273.07,England
West Ham United,2023-11-09,2276.49,England
West Ham United,2023-11-12,2260.48,England
West Ham United,2023-11-25,2256.44,England
West Ham United,2023-11-30,2242.75,England
West Ham United,2023-12-03,2241.15,England
West Ham United,2023-12-07,2235.07,England
West Ham United,2023-12-10,2240.14,England
West Ham United,2023-12-14,2246.89,England
West Ham United,2023-12-17,2243.9,England
West Ham United,2023-12-20,2279.95,England
West Ham United,2023-12-23,2288.31,England
West Ham United,2023-12-28,2267.28,England
West Ham United,2024-01-02,2246.66,England
West Ham United,2024-01-07,2249.43,England
West Ham United,2024-01-16,2231.55,England
West Ham United,2024-01-21,2207.68,England
West Ham United,2024-02-01,2197.05,England
West Ham United,2024-02-04,2209.48,England
West Ham United,2024-02-11,2205.36,England
West Ham United,2024-02-17,2204.58,England
West Ham United,2024-02-26,2201.94,England
West Ham United,2024-03-02,2218.12,England
West Ham United,2024-03-07,2220.6,England
West Ham United,2024-03-10,2229.82,England
West Ham United,2024-03-14,2246.99,England
West Ham United,2024-03-17,2247.56,England
West Ham United,2024-03-30,2249.79,England
West Ham United,2024-04-02,2236.77,England
West Ham United,2024-04-06,2243.61,England
West Ham United,2024-04-11,2243.5,England
West Ham United,2024-04-14,2241.41,England
West Ham United,2024-04-18,2244.77,England
West Ham United,2024-04-21,2234.07,England
West Ham United,2024-04-27,2246.15,England
West Ham United,2024-05-05,2245.68,England
West Ham United,2024-05-11,2227.91,England
West Ham United,2024-05-19,2189.45,England
West Ham United,2024-08-17,2178.53,England
West Ham United,2024-08-24,2216.4,England
West Ham United,2024-08-28,2223.0,England
West Ham United,2024-08-31,2229.21,England
West Ham United,2024-09-14,2243.84,England
West Ham United,2024-09-21,2236.82,England
West Ham United,2024-09-25,2244.55,England
West Ham United,2024-09-28,2235.01,England
West Ham United,2024-10-05,2231.31,England
West Ham United,2024-10-19,2249.41,England
West Ham United,2024-10-27,2258.47,England
West Ham United,2024-11-02,2239.68,England
West Ham United,2024-11-09,2242.98,England
West Ham United,2024-11-25,2217.08,England
West Ham United,2024-11-30,2187.28,England
West Ham United,2024-12-03,2193.8,England
West Ham United,2024-12-09,2210.41,England
West Ham United,2024-12-16,2213.11,England
West Ham United,2024-12-21,2228.76,England
West Ham United,2024-12-26,2258.91,England
West Ham United,2024-12-29,2242.01,England
West Ham United,2025-01-04,2227.59,England
West Ham United,2025-01-10,2228.0,England
West Ham United,2025-01-14,2222.19,England
West Ham United,2025-01-18,2222.7,England
West Ham United,2025-01-26,2208.7,England
West Ham United,2025-02-03,2188.16,England
West Ham United,2025-02-15,2192.6,England
West Ham United,2025-02-22,2208.29,England
West Ham United,2025-02-27,2207.53,England
West Ham United,2025-03-10,2213.11,England
West Ham United,2025-03-15,2200.11,England
West Ham United,2025-04-01,2210.43,England
West Ham United,2025-04-05,2216.4,England
West Ham United,2025-04-13,2205.47,England
West Ham United,2025-04-19,2205.46,England
West Ham United,2025-04-26,2225.85,England
West Ham United,2025-05-04,2234.56,England
West Ham United,2025-05-11,2235.88,England
West Ham United,2025-05-18,2222.95,England
West Ham United,2025-05-25,2205.73,England
West Ham United,2025-08-16,2202.19,England
West Ham United,2025-08-22,2182.08,England
West Ham United,2025-08-26,2216.64,England
West Ham United,2025-08-31,2208.1,England
West Ham United,2025-09-13,2189.24,England
West Ham United,2025-09-20,2207.44,England
West Ham United,2025-09-29,2201.03,England
West Ham United,2025-10-04,2200.65,England
West Ham United,2025-10-20,2203.39,England
West Ham United,2025-10-24,2185.81,England
West Ham United,2025-11-02,2173.23,England
West Ham United,2025-11-08,2182.97,England
West Ham United,2025-11-22,2190.77,England
West Ham United,2025-11-30,2212.18,England
West Ham United,2025-12-04,2196.9,England
West Ham United,2025-12-07,2199.18,England
West Ham United,2025-12-14,2192.41,England
West Ham United,2025-12-20,2196.03,England
West Ham United,2025-12-27,2200.96,England
West Ham United,2025-12-30,2202.94,England
West Ham United,2026-01-03,2220.61,England
West Ham United,2026-01-06,2225.24,England
West Ham United,2026-01-11,2198.6,England
West Ham United,2026-01-17,2204.22,England
West Ham United,2026-01-24,2226.89,England
West Ham United,2026-01-31,2239.94,England
West Ham United,2026-02-07,2238.76,England
West Ham United,2026-02-10,2225.84,England
West Ham United,2026-02-14,2185.25,England
West Ham United,2026-02-21,2182.76,England
West Ham United,2026-02-28,2212.65,England
West Ham United,2026-03-04,2235.82,England
West Ham United,2026-03-09,2234.22,England
West Ham United,2026-03-14,2250.24,England
West Ham United,2026-03-22,2235.74,England
West Ham United,2026-04-05,2243.68,England
West Ham United,2026-04-10,2252.3,England
West Ham United,2026-04-20,2264.4,England
West Ham United,2026-04-25,2270.3,England
West Ham United,2026-05-02,2278.85,England
West Ham United,2026-05-10,2248.28,England
West Ham United,2026-05-17,2253.4,England
West Ham United,2026-05-24,2280.38,England
West Ham United,2026-08-16,2245.19,England
Wigan Athletic,2023-08-05,1893.66,England
Wigan Athletic,2023-08-08,1903.81,England
Wigan Athletic,2023-08-12,1914.95,England
Wigan Athletic,2023-08-15,1903.67,England
Wigan Athletic,2023-08-19,1885.84,England
Wigan Athletic,2023-08-26,1905.14,England
Wigan Athletic,2023-09-02,1919.74,England
Wigan Athletic,2023-09-16,1919.56,England
Wigan Athletic,2023-09-23,1904.14,England
Wigan Athletic,2023-09-30,1891.83,England
Wigan Athletic,2023-10-03,1882.31,England
Wigan Athletic,2023-10-07,1869.39,England
Wigan Athletic,2023-10-21,1869.27,England
Wigan Athletic,2023-10-24,1854.62,England
Wigan Athletic,2023-10-28,1844.73,England
Wigan Athletic,2023-10-31,1868.61,England
Wigan Athletic,2023-11-04,1875.59,England
Wigan Athletic,2023-11-07,1875.39,England
Wigan Athletic,2023-11-11,1874.99,England
Wigan Athletic,2023-11-25,1876.76,England
Wigan Athletic,2023-11-28,1852.61,England
Wigan Athletic,2023-12-01,1880.24,England
Wigan Athletic,2023-12-09,1889.43,England
Wigan Athletic,2023-12-16,1875.72,England
Wigan Athletic,2023-12-23,1860.72,England
Wigan Athletic,2023-12-26,1853.9,England
Wigan Athletic,2023-12-29,1855.67,England
Wigan Athletic,2024-01-01,1846.28,England
Wigan Athletic,2024-01-08,1832.45,England
Wigan Athletic,2024-01-13,1826.97,England
Wigan Athletic,2024-01-20,1835.94,England
Wigan Athletic,2024-01-23,1846.1,England
Wigan Athletic,2024-01-27,1842.76,England
Wigan Athletic,2024-02-03,1855.86,England
Wigan Athletic,2024-02-10,1854.84,England
Wigan Athletic,2024-02-13,1847.63,England
Wigan Athletic,2024-02-17,1847.69,England
Wigan Athletic,2024-02-23,1828.6,England
Wigan Athletic,2024-02-27,1838.14,England
Wigan Athletic,2024-03-02,1817.71,England
Wigan Athletic,2024-03-09,1813.44,England
Wigan Athletic,2024-03-12,1822.75,England
Wigan Athletic,2024-03-16,1830.28,England
Wigan Athletic,2024-03-29,1831.91,England
Wigan Athletic,2024-04-01,1841.58,England
Wigan Athletic,2024-04-06,1828.03,England
Wigan Athletic,2024-04-09,1828.75,England
Wigan Athletic,2024-04-13,1824.63,England
Wigan Athletic,2024-04-20,1846.76,England
Wigan Athletic,2024-04-27,1853.62,England
Wigan Athletic,2024-08-10,1863.17,England
Wigan Athletic,2024-08-13,1884.64,England
Wigan Athletic,2024-08-17,1865.14,England
Wigan Athletic,2024-08-24,1845.97,England
Wigan Athletic,2024-08-31,1835.95,England
Wigan Athletic,2024-09-14,1836.36,England
Wigan Athletic,2024-09-21,1853.73,England
Wigan Athletic,2024-09-24,1848.38,England
Wigan Athletic,2024-09-28,1852.25,England
Wigan Athletic,2024-10-01,1854.81,England
Wigan Athletic,2024-10-05,1855.62,England
Wigan Athletic,2024-10-19,1865.41,England
Wigan Athletic,2024-10-22,1871.6,England
Wigan Athletic,2024-10-28,1896.89,England
Wigan Athletic,2024-11-02,1910.99,England
Wigan Athletic,2024-11-09,1918.05,England
Wigan Athletic,2024-11-23,1903.48,England
Wigan Athletic,2024-11-26,1904.34,England
Wigan Athletic,2024-11-30,1899.33,England
Wigan Athletic,2024-12-03,1891.57,England
Wigan Athletic,2024-12-07,1916.26,England
Wigan Athletic,2024-12-14,1913.78,England
Wigan Athletic,2024-12-21,1911.45,England
Wigan Athletic,2024-12-26,1915.04,England
Wigan Athletic,2024-12-29,1901.35,England
Wigan Athletic,2025-01-04,1920.82,England
Wigan Athletic,2025-01-14,1923.51,England
Wigan Athletic,2025-01-18,1920.28,England
Wigan Athletic,2025-01-21,1901.1,England
Wigan Athletic,2025-01-25,1892.18,England
Wigan Athletic,2025-01-28,1913.77,England
Wigan Athletic,2025-02-01,1915.7,England
Wigan Athletic,2025-02-08,1927.05,England
Wigan Athletic,2025-02-15,1907.85,England
Wigan Athletic,2025-02-18,1893.26,England
Wigan Athletic,2025-02-22,1893.21,England
Wigan Athletic,2025-02-25,1892.43,England
Wigan Athletic,2025-03-01,1887.8,England
Wigan Athletic,2025-03-04,1881.8,England
Wigan Athletic,2025-03-08,1880.1,England
Wigan Athletic,2025-03-15,1875.41,England
Wigan Athletic,2025-03-29,1882.78,England
Wigan Athletic,2025-04-01,1867.85,England
Wigan Athletic,2025-04-05,1868.64,England
Wigan Athletic,2025-04-08,1866.29,England
Wigan Athletic,2025-04-12,1861.63,England
Wigan Athletic,2025-04-18,1872.39,England
Wigan Athletic,2025-04-21,1877.2,England
Wigan Athletic,2025-04-26,1879.89,England
Wigan Athletic,2025-04-29,1877.55,England
Wigan Athletic,2025-05-03,1884.28,England
Wigan Athletic,2025-08-02,1879.12,England
Wigan Athletic,2025-08-09,1902.76,England
Wigan Athletic,2025-08-12,1916.24,England
Wigan Athletic,2025-08-16,1914.29,England
Wigan Athletic,2025-08-19,1906.44,England
Wigan Athletic,2025-08-23,1917.73,England
Wigan Athletic,2025-08-26,1945.82,England
Wigan Athletic,2025-08-30,1938.95,England
Wigan Athletic,2025-09-06,1933.1,England
Wigan Athletic,2025-09-13,1923.36,England
Wigan Athletic,2025-09-20,1933.32,England
Wigan Athletic,2025-09-23,1939.93,England
Wigan Athletic,2025-09-27,1961.65,England
Wigan Athletic,2025-10-04,1936.53,England
Wigan Athletic,2025-10-11,1915.98,England
Wigan Athletic,2025-10-18,1910.48,England
Wigan Athletic,2025-10-25,1910.34,England
Wigan Athletic,2025-11-01,1895.45,England
Wigan Athletic,2025-11-08,1885.88,England
Wigan Athletic,2025-11-22,1912.99,England
Wigan Athletic,2025-11-29,1927.97,England
Wigan Athletic,2025-12-02,1937.49,England
Wigan Athletic,2025-12-06,1933.86,England
Wigan Athletic,2025-12-13,1936.29,England
Wigan Athletic,2025-12-20,1934.33,England
Wigan Athletic,2025-12-26,1938.08,England
Wigan Athletic,2025-12-29,1931.64,England
Wigan Athletic,2026-01-01,1937.98,England
Wigan Athletic,2026-01-04,1924.44,England
Wigan Athletic,2026-01-09,1922.46,England
Wigan Athletic,2026-01-17,1923.48,England
Wigan Athletic,2026-01-24,1927.09,England
Wigan Athletic,2026-01-27,1920.36,England
Wigan Athletic,2026-01-31,1907.51,England
Wigan Athletic,2026-02-07,1912.56,England
Wigan Athletic,2026-02-10,1915.49,England
Wigan Athletic,2026-02-15,1915.49,England
Wigan Athletic,2026-02-18,1918.18,England
Wigan Athletic,2026-02-21,1912.36,England
Wigan Athletic,2026-02-28,1902.89,England
Wigan Athletic,2026-03-07,1907.78,England
Wigan Athletic,2026-03-10,1908.17,England
Wigan Athletic,2026-03-14,1895.7,England
Wigan Athletic,2026-03-17,1897.17,England
Wigan Athletic,2026-03-21,1898.29,England
Wigan Athletic,2026-03-28,1889.31,England
Wigan Athletic,2026-04-02,1888.01,England
Wigan Athletic,2026-04-06,1906.84,England
Wigan Athletic,2026-04-11,1903.22,England
Wigan Athletic,2026-04-14,1940.16,England
Wigan Athletic,2026-04-19,1936.66,England
Wigan Athletic,2026-04-25,1913.01,England
Wigan Athletic,2026-05-02,1879.05,England
Wigan Athletic,2026-08-15,1918.47,England
Wolverhampton Wanderers,2023-08-14,2123.93,England
Wolverhampton Wanderers,2023-08-19,2121.41,England
Wolverhampton Wanderers,2023-08-26,2152.6,England
Wolverhampton Wanderers,2023-08-29,2178.68,England
Wolverhampton Wanderers,2023-09-03,2164.35,England
Wolverhampton Wanderers,2023-09-16,2176.39,England
Wolverhampton Wanderers,2023-09-23,2161.9,England
Wolverhampton Wanderers,2023-09-26,2175.86,England
Wolverhampton Wanderers,2023-09-30,2168.32,England
Wolverhampton Wanderers,2023-10-08,2169.82,England
Wolverhampton Wanderers,2023-10-21,2162.34,England
Wolverhampton Wanderers,2023-10-28,2167.81,England
Wolverhampton Wanderers,2023-11-04,2181.13,England
Wolverhampton Wanderers,2023-11-11,2212.01,England
Wolverhampton Wanderers,2023-11-27,2238.37,England
Wolverhampton Wanderers,2023-12-02,2218.27,England
Wolverhampton Wanderers,2023-12-05,2205.2,England
Wolverhampton Wanderers,2023-12-09,2219.48,England
Wolverhampton Wanderers,2023-12-17,2222.47,England
Wolverhampton Wanderers,2023-12-24,2225.52,England
Wolverhampton Wanderers,2023-12-27,2227.36,England
Wolverhampton Wanderers,2023-12-30,2210.27,England
Wolverhampton Wanderers,2024-01-05,2219.93,England
Wolverhampton Wanderers,2024-01-16,2228.23,England
Wolverhampton Wanderers,2024-01-22,2219.86,England
Wolverhampton Wanderers,2024-01-28,2219.0,England
Wolverhampton Wanderers,2024-02-01,2218.65,England
Wolverhampton Wanderers,2024-02-04,2226.34,England
Wolverhampton Wanderers,2024-02-10,2227.05,England
Wolverhampton Wanderers,2024-02-17,2225.3,England
Wolverhampton Wanderers,2024-02-25,2225.34,England
Wolverhampton Wanderers,2024-02-28,2234.93,England
Wolverhampton Wanderers,2024-03-02,2230.16,England
Wolverhampton Wanderers,2024-03-09,2215.6,England
Wolverhampton Wanderers,2024-03-16,2204.99,England
Wolverhampton Wanderers,2024-03-30,2193.49,England
Wolverhampton Wanderers,2024-04-02,2176.54,England
Wolverhampton Wanderers,2024-04-06,2169.69,England
Wolverhampton Wanderers,2024-04-13,2172.45,England
Wolverhampton Wanderers,2024-04-20,2160.14,England
Wolverhampton Wanderers,2024-04-24,2173.22,England
Wolverhampton Wanderers,2024-04-27,2176.64,England
Wolverhampton Wanderers,2024-05-04,2167.71,England
Wolverhampton Wanderers,2024-05-11,2145.88,England
Wolverhampton Wanderers,2024-05-19,2155.78,England
Wolverhampton Wanderers,2024-08-17,2151.89,England
Wolverhampton Wanderers,2024-08-25,2163.48,England
Wolverhampton Wanderers,2024-08-28,2189.99,England
Wolverhampton Wanderers,2024-08-31,2179.22,England
Wolverhampton Wanderers,2024-09-15,2179.76,England
Wolverhampton Wanderers,2024-09-18,2160.57,England
Wolverhampton Wanderers,2024-09-21,2182.86,England
Wolverhampton Wanderers,2024-09-28,2159.81,England
Wolverhampton Wanderers,2024-10-05,2178.57,England
Wolverhampton Wanderers,2024-10-20,2198.91,England
Wolverhampton Wanderers,2024-10-26,2191.72,England
Wolverhampton Wanderers,2024-11-02,2209.43,England
Wolverhampton Wanderers,2024-11-09,2197.97,England
Wolverhampton Wanderers,2024-11-23,2192.19,England
Wolverhampton Wanderers,2024-11-30,2195.14,England
Wolverhampton Wanderers,2024-12-04,2202.86,England
Wolverhampton Wanderers,2024-12-09,2186.24,England
Wolverhampton Wanderers,2024-12-14,2173.61,England
Wolverhampton Wanderers,2024-12-22,2188.94,England
Wolverhampton Wanderers,2024-12-26,2193.83,England
Wolverhampton Wanderers,2024-12-29,2197.76,England
Wolverhampton Wanderers,2025-01-06,2162.82,England
Wolverhampton Wanderers,2025-01-11,2166.02,England
Wolverhampton Wanderers,2025-01-15,2165.72,England
Wolverhampton Wanderers,2025-01-20,2185.61,England
Wolverhampton Wanderers,2025-01-25,2216.53,England
Wolverhampton Wanderers,2025-02-01,2230.95,England
Wolverhampton Wanderers,2025-02-09,2245.06,England
Wolverhampton Wanderers,2025-02-16,2238.11,England
Wolverhampton Wanderers,2025-02-22,2209.53,England
Wolverhampton Wanderers,2025-02-25,2214.76,England
Wolverhampton Wanderers,2025-03-01,2225.05,England
Wolverhampton Wanderers,2025-03-08,2206.65,England
Wolverhampton Wanderers,2025-03-15,2214.9,England
Wolverhampton Wanderers,2025-04-01,2204.57,England
Wolverhampton Wanderers,2025-04-05,2194.54,England
Wolverhampton Wanderers,2025-04-13,2213.97,England
Wolverhampton Wanderers,2025-04-20,2253.93,England
Wolverhampton Wanderers,2025-04-26,2257.15,England
Wolverhampton Wanderers,2025-05-02,2226.63,England
Wolverhampton Wanderers,2025-05-10,2228.64,England
Wolverhampton Wanderers,2025-05-20,2253.39,England
Wolverhampton Wanderers,2025-05-25,2244.91,England
Wolverhampton Wanderers,2025-08-16,2252.77,England
Wolverhampton Wanderers,2025-08-23,2240.98,England
Wolverhampton Wanderers,2025-08-26,2206.42,England
Wolverhampton Wanderers,2025-08-30,2191.6,England
Wolverhampton Wanderers,2025-09-13,2167.95,England
Wolverhampton Wanderers,2025-09-20,2177.6,England
Wolverhampton Wanderers,2025-09-23,2187.81,England
Wolverhampton Wanderers,2025-09-27,2186.79,England
Wolverhampton Wanderers,2025-10-05,2190.03,England
Wolverhampton Wanderers,2025-10-18,2197.06,England
Wolverhampton Wanderers,2025-10-26,2196.66,England
Wolverhampton Wanderers,2025-10-29,2215.74,England
Wolverhampton Wanderers,2025-11-01,2209.73,England
Wolverhampton Wanderers,2025-11-08,2209.48,England
Wolverhampton Wanderers,2025-11-22,2217.29,England
Wolverhampton Wanderers,2025-11-30,2207.55,England
Wolverhampton Wanderers,2025-12-03,2184.2,England
Wolverhampton Wanderers,2025-12-08,2168.73,England
Wolverhampton Wanderers,2025-12-13,2146.76,England
Wolverhampton Wanderers,2025-12-20,2164.89,England
Wolverhampton Wanderers,2025-12-27,2179.52,England
Wolverhampton Wanderers,2025-12-30,2178.39,England
Wolverhampton Wanderers,2026-01-03,2160.72,England
Wolverhampton Wanderers,2026-01-07,2172.28,England
Wolverhampton Wanderers,2026-01-10,2160.43,England
Wolverhampton Wanderers,2026-01-18,2174.24,England
Wolverhampton Wanderers,2026-01-24,2194.77,England
Wolverhampton Wanderers,2026-01-31,2200.43,England
Wolverhampton Wanderers,2026-02-07,2194.61,England
Wolverhampton Wanderers,2026-02-11,2178.06,England
Wolverhampton Wanderers,2026-02-15,2177.63,England
Wolverhampton Wanderers,2026-02-18,2167.61,England
Wolverhampton Wanderers,2026-02-22,2170.66,England
Wolverhampton Wanderers,2026-02-27,2171.14,England
Wolverhampton Wanderers,2026-03-03,2171.53,England
Wolverhampton Wanderers,2026-03-06,2182.23,England
Wolverhampton Wanderers,2026-03-16,2174.68,England
Wolverhampton Wanderers,2026-04-10,2166.06,England
Wolverhampton Wanderers,2026-04-18,2153.64,England
Wolverhampton Wanderers,2026-04-25,2111.7,England
Wolverhampton Wanderers,2026-05-02,2103.42,England
Wolverhampton Wanderers,2026-05-09,2085.68,England
Wolverhampton Wanderers,2026-05-17,2102.86,England
Wolverhampton Wanderers,2026-05-24,2102.45,England
Wolverhampton Wanderers,2026-08-14,2121.09,England
Wrexham FC,2023-08-05,1995.65,England
Wrexham FC,2023-08-08,1985.51,England
Wrexham FC,2023-08-12,1975.55,England
Wrexham FC,2023-08-15,1958.97,England
Wrexham FC,2023-08-19,1947.07,England
Wrexham FC,2023-08-26,1948.13,England
Wrexham FC,2023-08-29,1952.6,England
Wrexham FC,2023-09-02,1939.2,England
Wrexham FC,2023-09-09,1941.45,England
Wrexham FC,2023-09-16,1946.47,England
Wrexham FC,2023-09-23,1962.89,England
Wrexham FC,2023-09-30,1963.87,England
Wrexham FC,2023-10-03,1959.02,England
Wrexham FC,2023-10-07,1959.64,England
Wrexham FC,2023-10-14,1957.44,England
Wrexham FC,2023-10-21,1960.87,England
Wrexham FC,2023-10-24,1960.38,England
Wrexham FC,2023-10-28,1960.91,England
Wrexham FC,2023-11-04,1960.75,England
Wrexham FC,2023-11-11,1967.2,England
Wrexham FC,2023-11-18,1955.95,England
Wrexham FC,2023-11-25,1961.3,England
Wrexham FC,2023-11-28,1967.59,England
Wrexham FC,2023-12-03,1977.68,England
Wrexham FC,2023-12-16,1967.69,England
Wrexham FC,2023-12-23,1959.34,England
Wrexham FC,2023-12-26,1970.33,England
Wrexham FC,2023-12-29,1962.09,England
Wrexham FC,2024-01-01,1954.95,England
Wrexham FC,2024-01-07,1943.44,England
Wrexham FC,2024-01-13,1956.35,England
Wrexham FC,2024-01-20,1956.18,England
Wrexham FC,2024-01-29,1938.81,England
Wrexham FC,2024-02-03,1929.24,England
Wrexham FC,2024-02-10,1917.08,England
Wrexham FC,2024-02-13,1924.18,England
Wrexham FC,2024-02-17,1911.73,England
Wrexham FC,2024-02-20,1913.43,England
Wrexham FC,2024-02-24,1925.42,England
Wrexham FC,2024-02-27,1932.01,England
Wrexham FC,2024-03-02,1928.26,England
Wrexham FC,2024-03-09,1934.18,England
Wrexham FC,2024-03-12,1944.53,England
Wrexham FC,2024-03-16,1941.03,England
Wrexham FC,2024-03-23,1934.2,England
Wrexham FC,2024-03-29,1929.11,England
Wrexham FC,2024-08-10,1921.99,England
Wrexham FC,2024-08-13,1915.51,England
Wrexham FC,2024-08-18,1936.83,England
Wrexham FC,2024-08-24,1923.23,England
Wrexham FC,2024-08-31,1929.63,England
Wrexham FC,2024-09-07,1957.26,England
Wrexham FC,2024-09-16,1945.51,England
Wrexham FC,2024-09-21,1969.2,England
Wrexham FC,2024-09-28,1961.63,England
Wrexham FC,2024-10-01,1961.73,England
Wrexham FC,2024-10-05,1955.49,England
Wrexham FC,2024-10-19,1950.59,England
Wrexham FC,2024-10-22,1945.71,England
Wrexham FC,2024-10-26,1943.57,England
Wrexham FC,2024-11-03,1951.29,England
Wrexham FC,2024-11-09,1971.35,England
Wrexham FC,2024-11-16,1967.15,England
Wrexham FC,2024-11-23,1949.8,England
Wrexham FC,2024-11-26,1961.68,England
Wrexham FC,2024-12-03,1944.84,England
Wrexham FC,2024-12-07,1960.41,England
Wrexham FC,2024-12-14,1963.23,England
Wrexham FC,2024-12-21,1984.04,England
Wrexham FC,2024-12-26,1973.79,England
Wrexham FC,2024-12-29,1987.49,England
Wrexham FC,2025-01-01,1977.09,England
Wrexham FC,2025-01-04,1993.36,England
Wrexham FC,2025-01-16,1999.76,England
Wrexham FC,2025-01-23,2004.96,England
Wrexham FC,2025-01-28,1998.4,England
Wrexham FC,2025-02-01,1995.05,England
Wrexham FC,2025-02-15,1988.51,England
Wrexham FC,2025-02-18,1984.0,England
Wrexham FC,2025-02-23,2007.25,England
Wrexham FC,2025-03-01,2010.06,England
Wrexham FC,2025-03-04,2013.26,England
Wrexham FC,2025-03-08,2008.25,England
Wrexham FC,2025-03-11,2002.85,England
Wrexham FC,2025-03-15,1996.25,England
Wrexham FC,2025-03-22,2003.83,England
Wrexham FC,2025-03-29,2002.63,England
Wrexham FC,2025-04-01,2016.95,England
Wrexham FC,2025-04-05,2023.98,England
Wrexham FC,2025-04-12,2028.63,England
Wrexham FC,2025-04-18,2020.73,England
Wrexham FC,2025-04-21,2017.51,England
Wrexham FC,2025-04-26,2025.68,England
Wrexham FC,2025-05-03,2028.65,England
Wrexham FC,2025-08-09,2007.41,England
Wrexham FC,2025-08-12,1979.94,England
Wrexham FC,2025-08-16,1978.26,England
Wrexham FC,2025-08-23,1968.27,England
Wrexham FC,2025-08-26,1948.68,England
Wrexham FC,2025-08-30,1958.28,England
Wrexham FC,2025-09-13,1951.09,England
Wrexham FC,2025-09-20,1942.61,England
Wrexham FC,2025-09-23,1961.92,England
Wrexham FC,2025-09-27,1967.8,England
Wrexham FC,2025-09-30,1989.37,England
Wrexham FC,2025-10-03,2003.46,England
Wrexham FC,2025-10-18,2002.32,England
Wrexham FC,2025-10-22,1989.88,England
Wrexham FC,2025-10-25,1982.85,England
Wrexham FC,2025-10-28,1987.07,England
Wrexham FC,2025-10-31,1991.3,England
Wrexham FC,2025-11-05,1998.47,England
Wrexham FC,2025-11-08,2004.46,England
Wrexham FC,2025-11-22,1995.2,England
Wrexham FC,2025-11-26,1989.63,England
Wrexham FC,2025-11-29,1995.53,England
Wrexham FC,2025-12-06,2001.41,England
Wrexham FC,2025-12-10,2002.19,England
Wrexham FC,2025-12-13,1983.88,England
Wrexham FC,2025-12-19,1979.35,England
Wrexham FC,2025-12-26,1979.57,England
Wrexham FC,2025-12-29,1986.8,England
Wrexham FC,2026-01-01,1986.07,England
Wrexham FC,2026-01-04,1983.43,England
Wrexham FC,2026-01-09,2015.03,England
Wrexham FC,2026-01-17,1997.5,England
Wrexham FC,2026-01-20,1995.74,England
Wrexham FC,2026-01-24,2015.89,England
Wrexham FC,2026-01-31,2021.03,England
Wrexham FC,2026-02-07,2013.97,England
Wrexham FC,2026-02-13,2038.54,England
Wrexham FC,2026-02-17,2041.33,England
Wrexham FC,2026-02-21,2026.97,England
Wrexham FC,2026-02-24,2026.8,England
Wrexham FC,2026-02-28,2035.9,England
Wrexham FC,2026-03-07,2064.22,England
Wrexham FC,2026-03-10,2052.49,England
Wrexham FC,2026-03-13,2047.66,England
Wrexham FC,2026-03-17,2049.85,England
Wrexham FC,2026-03-21,2054.91,England
Wrexham FC,2026-04-03,2037.63,England
Wrexham FC,2026-04-07,2046.09,England
Wrexham FC,2026-04-12,2059.24,England
Wrexham FC,2026-04-18,2054.7,England
Wrexham FC,2026-04-21,2039.21,England
Wrexham FC,2026-04-26,2062.05,England
Wrexham FC,2026-05-02,2073.01,England
Wrexham FC,2026-08-17,2076.32,England
Wycombe Wanderers,2023-08-05,1881.95,England
Wycombe Wanderers,2023-08-08,1890.59,England
Wycombe Wanderers,2023-08-12,1871.5,England
Wycombe Wanderers,2023-08-15,1878.94,England
Wycombe Wanderers,2023-08-19,1873.51,England
Wycombe Wanderers,2023-08-26,1870.26,England
Wycombe Wanderers,2023-08-29,1875.64,England
Wycombe Wanderers,2023-09-02,1870.37,England
Wycombe Wanderers,2023-09-16,1847.87,England
Wycombe Wanderers,2023-09-23,1856.89,England
Wycombe Wanderers,2023-09-30,1863.22,England
Wycombe Wanderers,2023-10-03,1864.05,England
Wycombe Wanderers,2023-10-07,1869.74,England
Wycombe Wanderers,2023-10-21,1870.41,England
Wycombe Wanderers,2023-10-24,1884.34,England
Wycombe Wanderers,2023-10-28,1893.24,England
Wycombe Wanderers,2023-10-31,1904.51,England
Wycombe Wanderers,2023-11-04,1920.53,England
Wycombe Wanderers,2023-11-11,1916.65,England
Wycombe Wanderers,2023-11-25,1917.29,England
Wycombe Wanderers,2023-11-28,1913.48,England
Wycombe Wanderers,2023-12-02,1921.89,England
Wycombe Wanderers,2023-12-09,1924.86,England
Wycombe Wanderers,2023-12-16,1909.24,England
Wycombe Wanderers,2023-12-23,1899.64,England
Wycombe Wanderers,2023-12-26,1905.04,England
Wycombe Wanderers,2023-12-29,1903.18,England
Wycombe Wanderers,2024-01-01,1885.97,England
Wycombe Wanderers,2024-01-06,1898.21,England
Wycombe Wanderers,2024-01-13,1912.55,England
Wycombe Wanderers,2024-01-23,1902.39,England
Wycombe Wanderers,2024-01-27,1911.61,England
Wycombe Wanderers,2024-02-03,1895.28,England
Wycombe Wanderers,2024-02-10,1892.29,England
Wycombe Wanderers,2024-02-13,1904.36,England
Wycombe Wanderers,2024-02-17,1916.55,England
Wycombe Wanderers,2024-02-24,1918.55,England
Wycombe Wanderers,2024-02-27,1907.8,England
Wycombe Wanderers,2024-03-02,1905.82,England
Wycombe Wanderers,2024-03-09,1901.01,England
Wycombe Wanderers,2024-03-12,1891.7,England
Wycombe Wanderers,2024-03-16,1907.99,England
Wycombe Wanderers,2024-03-29,1896.85,England
Wycombe Wanderers,2024-04-01,1899.39,England
Wycombe Wanderers,2024-04-10,1891.05,England
Wycombe Wanderers,2024-04-13,1867.85,England
Wycombe Wanderers,2024-04-16,1870.11,England
Wycombe Wanderers,2024-04-20,1865.53,England
Wycombe Wanderers,2024-04-23,1872.81,England
Wycombe Wanderers,2024-04-27,1876.07,England
Wycombe Wanderers,2024-08-10,1883.19,England
Wycombe Wanderers,2024-08-13,1876.38,England
Wycombe Wanderers,2024-08-17,1871.4,England
Wycombe Wanderers,2024-08-24,1844.57,England
Wycombe Wanderers,2024-08-28,1844.39,England
Wycombe Wanderers,2024-08-31,1870.61,England
Wycombe Wanderers,2024-09-14,1874.12,England
Wycombe Wanderers,2024-09-21,1909.53,England
Wycombe Wanderers,2024-09-24,1944.89,England
Wycombe Wanderers,2024-09-28,1957.53,England
Wycombe Wanderers,2024-10-01,1959.43,England
Wycombe Wanderers,2024-10-05,1945.51,England
Wycombe Wanderers,2024-10-19,1945.7,England
Wycombe Wanderers,2024-10-22,1946.68,England
Wycombe Wanderers,2024-10-26,1948.84,England
Wycombe Wanderers,2024-11-02,1956.35,England
Wycombe Wanderers,2024-11-05,1977.59,England
Wycombe Wanderers,2024-11-09,1970.54,England
Wycombe Wanderers,2024-11-23,1960.81,England
Wycombe Wanderers,2024-11-26,1986.44,England
Wycombe Wanderers,2024-11-30,1979.13,England
Wycombe Wanderers,2024-12-03,2015.83,England
Wycombe Wanderers,2024-12-07,2014.65,England
Wycombe Wanderers,2024-12-14,2017.24,England
Wycombe Wanderers,2024-12-20,2040.01,England
Wycombe Wanderers,2024-12-26,2025.18,England
Wycombe Wanderers,2024-12-29,2019.59,England
Wycombe Wanderers,2025-01-01,2021.49,England
Wycombe Wanderers,2025-01-04,2006.35,England
Wycombe Wanderers,2025-01-07,1997.32,England
Wycombe Wanderers,2025-01-10,1976.2,England
Wycombe Wanderers,2025-01-18,1968.51,England
Wycombe Wanderers,2025-01-25,1972.33,England
Wycombe Wanderers,2025-01-28,1984.37,England
Wycombe Wanderers,2025-02-01,1989.14,England
Wycombe Wanderers,2025-02-08,1975.14,England
Wycombe Wanderers,2025-02-15,1989.16,England
Wycombe Wanderers,2025-02-18,1998.66,England
Wycombe Wanderers,2025-02-22,1998.7,England
Wycombe Wanderers,2025-03-01,2000.55,England
Wycombe Wanderers,2025-03-04,2006.95,England
Wycombe Wanderers,2025-03-08,2002.86,England
Wycombe Wanderers,2025-03-15,2009.46,England
Wycombe Wanderers,2025-03-18,2013.8,England
Wycombe Wanderers,2025-03-29,2014.02,England
Wycombe Wanderers,2025-04-01,2032.58,England
Wycombe Wanderers,2025-04-05,2051.81,England
Wycombe Wanderers,2025-04-08,2074.17,England
Wycombe Wanderers,2025-04-12,2084.92,England
Wycombe Wanderers,2025-04-18,2087.24,England
Wycombe Wanderers,2025-04-21,2073.05,England
Wycombe Wanderers,2025-04-26,2065.82,England
Wycombe Wanderers,2025-05-03,2045.94,England
Wycombe Wanderers,2025-05-11,2045.29,England
Wycombe Wanderers,2025-05-15,2036.34,England
Wycombe Wanderers,2025-08-02,2023.73,England
Wycombe Wanderers,2025-08-09,2015.82,England
Wycombe Wanderers,2025-08-12,2013.92,England
Wycombe Wanderers,2025-08-16,1995.13,England
Wycombe Wanderers,2025-08-19,1981.86,England
Wycombe Wanderers,2025-08-23,1976.05,England
Wycombe Wanderers,2025-08-26,1951.86,England
Wycombe Wanderers,2025-08-30,1961.57,England
Wycombe Wanderers,2025-09-06,1956.87,England
Wycombe Wanderers,2025-09-13,1961.38,England
Wycombe Wanderers,2025-09-20,1948.99,England
Wycombe Wanderers,2025-09-23,1942.37,England
Wycombe Wanderers,2025-09-27,1944.03,England
Wycombe Wanderers,2025-10-04,1963.28,England
Wycombe Wanderers,2025-10-11,1983.83,England
Wycombe Wanderers,2025-10-18,1996.22,England
Wycombe Wanderers,2025-10-25,2000.3,England
Wycombe Wanderers,2025-10-28,2001.59,England
Wycombe Wanderers,2025-11-01,1994.96,England
Wycombe Wanderers,2025-11-08,2008.91,England
Wycombe Wanderers,2025-11-15,2017.6,England
Wycombe Wanderers,2025-11-22,2014.65,England
Wycombe Wanderers,2025-11-29,2005.22,England
Wycombe Wanderers,2025-12-06,1995.39,England
Wycombe Wanderers,2025-12-09,1998.76,England
Wycombe Wanderers,2025-12-13,2005.63,England
Wycombe Wanderers,2025-12-20,2001.85,England
Wycombe Wanderers,2025-12-26,2001.24,England
Wycombe Wanderers,2025-12-29,1990.33,England
Wycombe Wanderers,2026-01-01,1970.82,England
Wycombe Wanderers,2026-01-04,1967.96,England
Wycombe Wanderers,2026-01-17,1963.68,England
Wycombe Wanderers,2026-01-24,1969.09,England
Wycombe Wanderers,2026-01-27,1975.82,England
Wycombe Wanderers,2026-01-31,1970.91,England
Wycombe Wanderers,2026-02-07,1968.9,England
Wycombe Wanderers,2026-02-14,1982.26,England
Wycombe Wanderers,2026-02-17,1976.99,England
Wycombe Wanderers,2026-02-21,1979.84,England
Wycombe Wanderers,2026-02-28,1985.43,England
Wycombe Wanderers,2026-03-03,1997.43,England
Wycombe Wanderers,2026-03-07,1991.95,England
Wycombe Wanderers,2026-03-14,1990.82,England
Wycombe Wanderers,2026-03-17,1976.24,England
Wycombe Wanderers,2026-03-21,1981.84,England
Wycombe Wanderers,2026-03-28,1988.51,England
Wycombe Wanderers,2026-04-03,2007.45,England
Wycombe Wanderers,2026-04-06,2012.08,England
Wycombe Wanderers,2026-04-11,2000.16,England
Wycombe Wanderers,2026-04-18,1983.87,England
Wycombe Wanderers,2026-04-25,1989.28,England
Wycombe Wanderers,2026-05-02,1966.65,England
Wycombe Wanderers,2026-08-15,1936.28,England
