Team,period,Rating
Athletico PR,2023-07-23,1919.4
Athletico PR,2023-07-29,1928.97
Athletico PR,2023-08-02,1881.55
Athletico PR,2023-08-05,1874.55
Athletico PR,2023-08-09,1871.34
Athletico PR,2023-08-16,1854.87
Athletico PR,2023-08-22,1900.26
Athletico PR,2023-08-27,1922.6
Athletico PR,2023-09-02,1896.55
Athletico PR,2023-09-14,1909.64
Athletico PR,2023-09-22,1911.62
Athletico PR,2023-10-01,1932.75
Athletico PR,2023-10-08,1913.74
Athletico PR,2023-10-19,1909.72
Athletico PR,2023-10-22,1902.03
Athletico PR,2023-10-26,1901.68
Athletico PR,2023-10-29,1927.82
Athletico PR,2023-11-01,1919.48
Athletico PR,2023-11-05,1928.88
Athletico PR,2023-11-09,1920.01
Athletico PR,2023-11-12,1935.38
Athletico PR,2023-11-25,1924.61
Athletico PR,2023-12-01,1902.22
Athletico PR,2023-12-03,1882.16
Athletico PR,2023-12-07,1869.65
Athletico PR,2024-01-18,1912.74
Athletico PR,2024-01-21,1876.82
Athletico PR,2024-01-24,1857.07
Athletico PR,2024-01-27,1891.21
Athletico PR,2024-02-01,1875.93
Athletico PR,2024-02-03,1862.85
Athletico PR,2024-02-08,1848.07
Athletico PR,2024-02-10,1810.97
Athletico PR,2024-02-15,1826.86
Athletico PR,2024-02-18,1844.49
Athletico PR,2024-02-25,1834.12
Athletico PR,2024-03-02,1841.17
Athletico PR,2024-03-10,1837.38
Athletico PR,2024-03-16,1871.7
Athletico PR,2024-03-28,1882.22
Athletico PR,2024-04-03,1849.08
Athletico PR,2024-04-10,1887.3
Athletico PR,2024-04-14,1910.25
Athletico PR,2024-04-18,1955.2
Athletico PR,2024-04-21,1959.26
Athletico PR,2024-04-25,1952.18
Athletico PR,2024-04-28,1941.97
Athletico PR,2024-05-01,1963.42
Athletico PR,2024-05-05,1951.78
Athletico PR,2024-05-09,1957.31
Athletico PR,2024-05-12,1958.83
Athletico PR,2024-05-16,1957.53
Athletico PR,2024-05-31,1945.99
Athletico PR,2024-06-02,1967.4
Athletico PR,2024-06-14,1969.76
Athletico PR,2024-06-16,1978.59
Athletico PR,2024-06-20,1959.93
Athletico PR,2024-06-23,1971.51
Athletico PR,2024-06-27,1983.23
Athletico PR,2024-06-30,1984.97
Athletico PR,2024-07-04,1978.39
Athletico PR,2024-07-07,1959.26
Athletico PR,2024-07-11,1937.45
Athletico PR,2024-07-13,1945.52
Athletico PR,2024-07-19,1953.76
Athletico PR,2024-07-21,1931.17
Athletico PR,2024-07-26,1962.98
Athletico PR,2024-07-29,1957.4
Athletico PR,2024-08-01,1954.34
Athletico PR,2024-08-04,1949.93
Athletico PR,2024-08-08,1940.91
Athletico PR,2024-08-12,1959.16
Athletico PR,2024-08-16,1928.18
Athletico PR,2024-08-18,1921.74
Athletico PR,2024-08-23,1908.02
Athletico PR,2024-08-27,1909.77
Athletico PR,2024-08-30,1918.07
Athletico PR,2024-09-01,1896.76
Athletico PR,2024-09-12,1907.44
Athletico PR,2024-09-14,1902.26
Athletico PR,2024-09-20,1905.18
Athletico PR,2024-09-23,1904.17
Athletico PR,2024-09-27,1866.93
Athletico PR,2024-09-30,1893.78
Athletico PR,2024-10-05,1881.99
Athletico PR,2024-10-18,1877.01
Athletico PR,2024-10-23,1864.16
Athletico PR,2024-10-26,1863.96
Athletico PR,2024-11-02,1878.32
Athletico PR,2024-11-10,1854.57
Athletico PR,2024-11-16,1845.01
Athletico PR,2024-11-20,1847.66
Athletico PR,2024-11-24,1871.42
Athletico PR,2024-12-01,1863.22
Athletico PR,2024-12-06,1866.34
Athletico PR,2024-12-08,1852.94
Athletico PR,2025-01-11,1823.91
Athletico PR,2025-01-15,1766.64
Athletico PR,2025-01-18,1781.43
Athletico PR,2025-01-23,1815.32
Athletico PR,2025-01-25,1785.94
Athletico PR,2025-01-29,1774.75
Athletico PR,2025-02-02,1848.31
Athletico PR,2025-02-07,1864.12
Athletico PR,2025-02-09,1865.44
Athletico PR,2025-02-13,1886.8
Athletico PR,2025-02-15,1870.42
Athletico PR,2025-02-22,1841.2
Athletico PR,2025-02-26,1852.36
Athletico PR,2025-03-08,1863.23
Athletico PR,2025-03-13,1856.38
Athletico PR,2025-03-16,1861.61
Athletico PR,2025-03-20,1857.05
Athletico PR,2025-04-05,1853.81
Athletico PR,2025-04-11,1891.69
Athletico PR,2025-04-16,1898.26
Athletico PR,2025-04-21,1891.24
Athletico PR,2025-04-25,1896.89
Athletico PR,2025-05-01,1907.47
Athletico PR,2025-05-04,1907.93
Athletico PR,2025-05-09,1892.95
Athletico PR,2025-05-17,1879.56
Athletico PR,2025-05-21,1883.4
Athletico PR,2025-05-24,1872.51
Athletico PR,2025-06-01,1852.84
Athletico PR,2025-06-08,1857.15
Athletico PR,2025-06-14,1860.32
Athletico PR,2025-06-21,1873.18
Athletico PR,2025-06-28,1860.9
Athletico PR,2025-07-06,1862.29
Athletico PR,2025-07-13,1864.76
Athletico PR,2025-07-20,1872.8
Athletico PR,2025-07-23,1869.49
Athletico PR,2025-07-27,1862.33
Athletico PR,2025-08-01,1862.08
Athletico PR,2025-08-03,1868.13
Athletico PR,2025-08-07,1877.85
Athletico PR,2025-08-12,1878.89
Athletico PR,2025-08-17,1859.0
Athletico PR,2025-08-24,1856.62
Athletico PR,2025-08-28,1851.62
Athletico PR,2025-08-31,1859.06
Athletico PR,2025-09-06,1863.63
Athletico PR,2025-09-11,1851.68
Athletico PR,2025-09-17,1859.22
Athletico PR,2025-09-22,1861.6
Athletico PR,2025-09-25,1884.1
Athletico PR,2025-09-28,1902.26
Athletico PR,2025-10-06,1898.9
Athletico PR,2025-10-10,1902.99
Athletico PR,2025-10-15,1908.51
Athletico PR,2025-10-19,1908.88
Athletico PR,2025-10-28,1897.3
Athletico PR,2025-11-01,1899.02
Athletico PR,2025-11-08,1914.35
Athletico PR,2025-11-16,1922.93
Athletico PR,2025-11-23,1927.72
Athletico PR,2026-01-09,1847.61
Athletico PR,2026-01-11,1851.07
Athletico PR,2026-01-15,1804.87
Athletico PR,2026-01-17,1822.45
Athletico PR,2026-01-21,1824.36
Athletico PR,2026-01-24,1807.47
Athletico PR,2026-01-28,1825.06
Athletico PR,2026-02-04,1847.07
Athletico PR,2026-02-07,1794.82
Athletico PR,2026-02-12,1808.55
Athletico PR,2026-02-15,1840.59
Athletico PR,2026-02-19,1838.34
Athletico PR,2026-02-22,1824.57
Athletico PR,2026-02-25,1857.76
Athletico PR,2026-03-15,1846.36
Athletico PR,2026-03-18,1871.78
Athletico PR,2026-03-22,1865.31
Athletico PR,2026-03-30,1861.01
Athletico PR,2026-04-02,1873.79
Athletico PR,2026-04-05,1884.87
Athletico PR,2026-04-12,1894.65
Athletico PR,2026-04-19,1893.26
Athletico PR,2026-04-24,1910.74
Athletico PR,2026-04-26,1927.28
Athletico PR,2026-05-03,1919.3
Athletico PR,2026-05-11,1896.08
Athletico PR,2026-05-15,1910.94
Athletico PR,2026-05-18,1907.55
Athletico PR,2026-05-24,1890.36
Athletico PR,2026-05-30,1878.92
Athletico PR,2026-07-23,1888.36
Atletico-MG,2023-07-18,2013.09
Atletico-MG,2023-07-23,2004.68
Atletico-MG,2023-07-30,2009.32
Atletico-MG,2023-08-03,1999.15
Atletico-MG,2023-08-06,1983.12
Atletico-MG,2023-08-10,1974.37
Atletico-MG,2023-08-13,1968.78
Atletico-MG,2023-08-20,1951.44
Atletico-MG,2023-08-27,1936.86
Atletico-MG,2023-09-02,1962.9
Atletico-MG,2023-09-17,1940.86
Atletico-MG,2023-09-24,1962.51
Atletico-MG,2023-10-01,1988.59
Atletico-MG,2023-10-08,1988.95
Atletico-MG,2023-10-20,1972.47
Atletico-MG,2023-10-22,1990.74
Atletico-MG,2023-10-26,1990.69
Atletico-MG,2023-10-29,2003.12
Atletico-MG,2023-11-02,1991.93
Atletico-MG,2023-11-04,2007.62
Atletico-MG,2023-11-09,1976.13
Atletico-MG,2023-11-12,1964.47
Atletico-MG,2023-11-26,1957.74
Atletico-MG,2023-11-29,1937.28
Atletico-MG,2023-12-03,1964.65
Atletico-MG,2023-12-07,1983.84
Atletico-MG,2024-01-25,2019.56
Atletico-MG,2024-01-28,2019.62
Atletico-MG,2024-02-03,2013.09
Atletico-MG,2024-02-09,2016.86
Atletico-MG,2024-02-15,2020.28
Atletico-MG,2024-02-17,1998.88
Atletico-MG,2024-02-24,2000.65
Atletico-MG,2024-03-02,1968.71
Atletico-MG,2024-03-09,1983.18
Atletico-MG,2024-03-17,1978.93
Atletico-MG,2024-03-30,1991.51
Atletico-MG,2024-04-05,1992.72
Atletico-MG,2024-04-11,1987.06
Atletico-MG,2024-04-14,2004.23
Atletico-MG,2024-04-18,2019.26
Atletico-MG,2024-04-21,1991.16
Atletico-MG,2024-04-24,1993.16
Atletico-MG,2024-04-27,1998.03
Atletico-MG,2024-05-01,2018.67
Atletico-MG,2024-05-04,2031.44
Atletico-MG,2024-05-08,2011.39
Atletico-MG,2024-05-15,1999.13
Atletico-MG,2024-05-23,2043.8
Atletico-MG,2024-05-29,2047.39
Atletico-MG,2024-06-02,2033.1
Atletico-MG,2024-06-12,2008.24
Atletico-MG,2024-06-18,2000.44
Atletico-MG,2024-06-20,1765.2
Atletico-MG,2024-06-23,1983.74
Atletico-MG,2024-06-27,1969.23
Atletico-MG,2024-06-30,1947.66
Atletico-MG,2024-07-04,1958.73
Atletico-MG,2024-07-08,1959.69
Atletico-MG,2024-07-12,1962.23
Atletico-MG,2024-07-17,1970.91
Atletico-MG,2024-07-21,1968.88
Atletico-MG,2024-07-29,1968.29
Atletico-MG,2024-08-01,1989.03
Atletico-MG,2024-08-04,2004.56
Atletico-MG,2024-08-08,2012.3
Atletico-MG,2024-08-11,2002.87
Atletico-MG,2024-08-14,1983.33
Atletico-MG,2024-08-17,1968.8
Atletico-MG,2024-08-21,1991.35
Atletico-MG,2024-08-25,1976.06
Atletico-MG,2024-08-29,1966.15
Atletico-MG,2024-09-01,1942.62
Atletico-MG,2024-09-13,1929.99
Atletico-MG,2024-09-15,1917.3
Atletico-MG,2024-09-19,1928.13
Atletico-MG,2024-09-22,1911.88
Atletico-MG,2024-09-26,1941.34
Atletico-MG,2024-09-28,1959.37
Atletico-MG,2024-10-03,1976.08
Atletico-MG,2024-10-05,1943.42
Atletico-MG,2024-10-10,1951.01
Atletico-MG,2024-10-17,1918.36
Atletico-MG,2024-10-19,1931.41
Atletico-MG,2024-10-23,1938.58
Atletico-MG,2024-10-27,1900.73
Atletico-MG,2024-10-30,1891.08
Atletico-MG,2024-11-03,1888.12
Atletico-MG,2024-11-07,1876.87
Atletico-MG,2024-11-10,1901.28
Atletico-MG,2024-11-14,1930.57
Atletico-MG,2024-11-16,1940.12
Atletico-MG,2024-11-21,1888.69
Atletico-MG,2024-11-24,1875.18
Atletico-MG,2024-11-27,1849.95
Atletico-MG,2024-11-30,1851.55
Atletico-MG,2024-12-04,1865.05
Atletico-MG,2024-12-08,1878.44
Atletico-MG,2025-01-19,1787.73
Atletico-MG,2025-01-22,1731.17
Atletico-MG,2025-01-26,1731.18
Atletico-MG,2025-01-30,1771.05
Atletico-MG,2025-02-01,1823.67
Atletico-MG,2025-02-05,1886.03
Atletico-MG,2025-02-09,1891.54
Atletico-MG,2025-02-12,1880.85
Atletico-MG,2025-02-15,1888.8
Atletico-MG,2025-02-18,1946.14
Atletico-MG,2025-02-22,1938.94
Atletico-MG,2025-03-05,1969.98
Atletico-MG,2025-03-08,1986.0
Atletico-MG,2025-03-15,2024.76
Atletico-MG,2025-03-29,2017.22
Atletico-MG,2025-04-02,1958.33
Atletico-MG,2025-04-06,1952.09
Atletico-MG,2025-04-11,1961.47
Atletico-MG,2025-04-14,1949.06
Atletico-MG,2025-04-17,1967.6
Atletico-MG,2025-04-20,1958.61
Atletico-MG,2025-04-24,1928.48
Atletico-MG,2025-04-26,1939.84
Atletico-MG,2025-04-30,1988.36
Atletico-MG,2025-05-06,1971.58
Atletico-MG,2025-05-09,1947.96
Atletico-MG,2025-05-11,1922.12
Atletico-MG,2025-05-16,1909.03
Atletico-MG,2025-05-19,1880.28
Atletico-MG,2025-05-22,1914.53
Atletico-MG,2025-05-25,1927.84
Atletico-MG,2025-05-30,1929.48
Atletico-MG,2025-06-01,1960.81
Atletico-MG,2025-06-13,1959.69
Atletico-MG,2025-07-13,1960.97
Atletico-MG,2025-07-18,1944.63
Atletico-MG,2025-07-20,1960.56
Atletico-MG,2025-07-25,1943.19
Atletico-MG,2025-07-28,1939.77
Atletico-MG,2025-08-01,1961.12
Atletico-MG,2025-08-03,1949.2
Atletico-MG,2025-08-07,1956.88
Atletico-MG,2025-08-10,1965.18
Atletico-MG,2025-08-15,1970.76
Atletico-MG,2025-08-17,1987.57
Atletico-MG,2025-08-22,1968.78
Atletico-MG,2025-08-25,1941.61
Atletico-MG,2025-08-28,1939.11
Atletico-MG,2025-08-31,1965.02
Atletico-MG,2025-09-12,1985.94
Atletico-MG,2025-09-14,1976.28
Atletico-MG,2025-09-18,1915.51
Atletico-MG,2025-09-20,1923.85
Atletico-MG,2025-09-25,1930.36
Atletico-MG,2025-09-28,1913.49
Atletico-MG,2025-10-01,1912.32
Atletico-MG,2025-10-04,1926.84
Atletico-MG,2025-10-09,1922.8
Atletico-MG,2025-10-16,1905.8
Atletico-MG,2025-10-18,1892.96
Atletico-MG,2025-10-22,1861.55
Atletico-MG,2025-10-25,1865.37
Atletico-MG,2025-10-29,1879.14
Atletico-MG,2025-11-02,1897.38
Atletico-MG,2025-11-06,1896.45
Atletico-MG,2025-11-08,1915.28
Atletico-MG,2025-11-13,1938.24
Atletico-MG,2025-11-16,1929.71
Atletico-MG,2025-11-22,1935.7
Atletico-MG,2025-11-26,1926.22
Atletico-MG,2025-11-30,1918.51
Atletico-MG,2025-12-04,1904.79
Atletico-MG,2025-12-07,1919.98
Atletico-MG,2026-01-11,1884.26
Atletico-MG,2026-01-14,1870.63
Atletico-MG,2026-01-18,1892.46
Atletico-MG,2026-01-22,1919.72
Atletico-MG,2026-01-25,1874.84
Atletico-MG,2026-01-28,1907.61
Atletico-MG,2026-01-31,1917.58
Atletico-MG,2026-02-04,1903.18
Atletico-MG,2026-02-07,1904.35
Atletico-MG,2026-02-12,1899.39
Atletico-MG,2026-02-14,1912.33
Atletico-MG,2026-02-22,1921.31
Atletico-MG,2026-02-26,1928.59
Atletico-MG,2026-03-01,1930.74
Atletico-MG,2026-03-08,1957.2
Atletico-MG,2026-03-11,1964.88
Atletico-MG,2026-03-14,1928.75
Atletico-MG,2026-03-19,1920.23
Atletico-MG,2026-03-21,1890.18
Atletico-MG,2026-04-03,1912.92
Atletico-MG,2026-04-05,1901.84
Atletico-MG,2026-04-09,1892.33
Atletico-MG,2026-04-12,1901.68
Atletico-MG,2026-04-17,1893.64
Atletico-MG,2026-04-19,1893.72
Atletico-MG,2026-04-24,1906.59
Atletico-MG,2026-04-27,1895.27
Atletico-MG,2026-04-30,1819.25
Atletico-MG,2026-05-03,1839.92
Atletico-MG,2026-05-06,1821.74
Atletico-MG,2026-05-10,1823.84
Atletico-MG,2026-05-14,1849.28
Atletico-MG,2026-05-16,1848.09
Atletico-MG,2026-05-22,1835.82
Atletico-MG,2026-05-24,1845.6
Atletico-MG,2026-05-28,1852.57
Atletico-MG,2026-05-31,1868.92
Atletico-MG,2026-07-22,1874.41
Botafogo-RJ,2023-07-20,1863.82
Botafogo-RJ,2023-07-23,1891.24
Botafogo-RJ,2023-07-30,1899.6
Botafogo-RJ,2023-08-03,1892.7
Botafogo-RJ,2023-08-06,1901.12
Botafogo-RJ,2023-08-10,1859.95
Botafogo-RJ,2023-08-13,1853.44
Botafogo-RJ,2023-08-19,1876.43
Botafogo-RJ,2023-08-24,1893.3
Botafogo-RJ,2023-08-27,1889.2
Botafogo-RJ,2023-08-31,1886.8
Botafogo-RJ,2023-09-03,1898.16
Botafogo-RJ,2023-09-17,1920.21
Botafogo-RJ,2023-09-23,1919.72
Botafogo-RJ,2023-10-03,1922.51
Botafogo-RJ,2023-10-08,1921.72
Botafogo-RJ,2023-10-19,1913.44
Botafogo-RJ,2023-10-22,1921.13
Botafogo-RJ,2023-10-30,1921.28
Botafogo-RJ,2023-11-02,1900.3
Botafogo-RJ,2023-11-06,1902.18
Botafogo-RJ,2023-11-10,1894.85
Botafogo-RJ,2023-11-12,1887.93
Botafogo-RJ,2023-11-23,1908.87
Botafogo-RJ,2023-11-26,1908.99
Botafogo-RJ,2023-11-30,1923.01
Botafogo-RJ,2023-12-03,1934.72
Botafogo-RJ,2023-12-07,1925.47
Botafogo-RJ,2024-01-17,1881.33
Botafogo-RJ,2024-01-20,1894.68
Botafogo-RJ,2024-01-25,1858.56
Botafogo-RJ,2024-01-27,1854.64
Botafogo-RJ,2024-01-31,1893.18
Botafogo-RJ,2024-02-03,1880.19
Botafogo-RJ,2024-02-08,1877.22
Botafogo-RJ,2024-02-14,1912.13
Botafogo-RJ,2024-02-18,1899.6
Botafogo-RJ,2024-02-22,1872.79
Botafogo-RJ,2024-02-24,1867.63
Botafogo-RJ,2024-02-29,1868.07
Botafogo-RJ,2024-03-03,1907.34
Botafogo-RJ,2024-03-07,1926.25
Botafogo-RJ,2024-03-10,1880.7
Botafogo-RJ,2024-03-14,1905.12
Botafogo-RJ,2024-03-17,1878.51
Botafogo-RJ,2024-03-27,1875.27
Botafogo-RJ,2024-04-04,1889.89
Botafogo-RJ,2024-04-12,1835.16
Botafogo-RJ,2024-04-14,1877.94
Botafogo-RJ,2024-04-19,1903.82
Botafogo-RJ,2024-04-21,1884.66
Botafogo-RJ,2024-04-25,1899.02
Botafogo-RJ,2024-04-28,1923.89
Botafogo-RJ,2024-05-03,1910.09
Botafogo-RJ,2024-05-05,1904.92
Botafogo-RJ,2024-05-09,1926.15
Botafogo-RJ,2024-05-12,1928.98
Botafogo-RJ,2024-05-17,1924.38
Botafogo-RJ,2024-05-23,1915.63
Botafogo-RJ,2024-05-29,1914.22
Botafogo-RJ,2024-06-02,1924.6
Botafogo-RJ,2024-06-12,1917.72
Botafogo-RJ,2024-06-16,1974.89
Botafogo-RJ,2024-06-20,1993.55
Botafogo-RJ,2024-06-22,1966.43
Botafogo-RJ,2024-06-27,1973.67
Botafogo-RJ,2024-06-29,1970.84
Botafogo-RJ,2024-07-04,1965.86
Botafogo-RJ,2024-07-08,1964.89
Botafogo-RJ,2024-07-12,1967.3
Botafogo-RJ,2024-07-18,1959.18
Botafogo-RJ,2024-07-20,1976.97
Botafogo-RJ,2024-07-25,1990.33
Botafogo-RJ,2024-07-28,1979.28
Botafogo-RJ,2024-07-31,2001.53
Botafogo-RJ,2024-08-04,1986.91
Botafogo-RJ,2024-08-08,1998.37
Botafogo-RJ,2024-08-11,2004.6
Botafogo-RJ,2024-08-15,1991.61
Botafogo-RJ,2024-08-18,1990.86
Botafogo-RJ,2024-08-22,1981.19
Botafogo-RJ,2024-08-25,1978.41
Botafogo-RJ,2024-09-01,1989.49
Botafogo-RJ,2024-09-15,1994.62
Botafogo-RJ,2024-09-19,2004.35
Botafogo-RJ,2024-09-21,2016.61
Botafogo-RJ,2024-09-26,2022.97
Botafogo-RJ,2024-09-29,2016.2
Botafogo-RJ,2024-10-05,2027.98
Botafogo-RJ,2024-10-19,2034.06
Botafogo-RJ,2024-10-24,2062.48
Botafogo-RJ,2024-10-27,2067.41
Botafogo-RJ,2024-10-31,2015.6
Botafogo-RJ,2024-11-06,2002.07
Botafogo-RJ,2024-11-09,2005.81
Botafogo-RJ,2024-11-21,2057.24
Botafogo-RJ,2024-11-23,2063.01
Botafogo-RJ,2024-11-27,2074.16
Botafogo-RJ,2024-11-30,2072.57
Botafogo-RJ,2024-12-05,2092.96
Botafogo-RJ,2024-12-08,2134.68
Botafogo-RJ,2025-01-11,2037.43
Botafogo-RJ,2025-01-14,1973.25
Botafogo-RJ,2025-01-18,1896.24
Botafogo-RJ,2025-01-23,1897.48
Botafogo-RJ,2025-01-26,1879.62
Botafogo-RJ,2025-01-30,1923.96
Botafogo-RJ,2025-02-07,1955.87
Botafogo-RJ,2025-02-09,1932.83
Botafogo-RJ,2025-02-13,1883.13
Botafogo-RJ,2025-02-15,1874.41
Botafogo-RJ,2025-02-23,1896.03
Botafogo-RJ,2025-03-30,1890.34
Botafogo-RJ,2025-04-03,1864.21
Botafogo-RJ,2025-04-06,1914.45
Botafogo-RJ,2025-04-09,1933.53
Botafogo-RJ,2025-04-12,1974.51
Botafogo-RJ,2025-04-16,1986.37
Botafogo-RJ,2025-04-20,1995.37
Botafogo-RJ,2025-04-24,1960.78
Botafogo-RJ,2025-04-27,1913.43
Botafogo-RJ,2025-05-01,1983.3
Botafogo-RJ,2025-05-04,2001.49
Botafogo-RJ,2025-05-07,1980.36
Botafogo-RJ,2025-05-12,1979.96
Botafogo-RJ,2025-05-15,1955.92
Botafogo-RJ,2025-05-18,1995.53
Botafogo-RJ,2025-05-23,1998.16
Botafogo-RJ,2025-05-28,1978.62
Botafogo-RJ,2025-06-01,1960.68
Botafogo-RJ,2025-06-05,1979.07
Botafogo-RJ,2025-06-16,1989.11
Botafogo-RJ,2025-06-28,2032.21
Botafogo-RJ,2025-07-12,2041.02
Botafogo-RJ,2025-07-17,2054.3
Botafogo-RJ,2025-07-20,2054.13
Botafogo-RJ,2025-07-26,2058.93
Botafogo-RJ,2025-07-30,2053.07
Botafogo-RJ,2025-08-03,2046.64
Botafogo-RJ,2025-08-07,2031.09
Botafogo-RJ,2025-08-10,2005.74
Botafogo-RJ,2025-08-15,2024.35
Botafogo-RJ,2025-08-18,1986.34
Botafogo-RJ,2025-08-22,1931.13
Botafogo-RJ,2025-08-24,1934.36
Botafogo-RJ,2025-08-28,1972.84
Botafogo-RJ,2025-08-30,1976.01
Botafogo-RJ,2025-09-12,1981.56
Botafogo-RJ,2025-09-14,1994.42
Botafogo-RJ,2025-09-18,2001.05
Botafogo-RJ,2025-09-20,1992.71
Botafogo-RJ,2025-09-25,1985.63
Botafogo-RJ,2025-09-28,1979.32
Botafogo-RJ,2025-10-02,1972.64
Botafogo-RJ,2025-10-04,1985.2
Botafogo-RJ,2025-10-16,1971.27
Botafogo-RJ,2025-10-19,1948.77
Botafogo-RJ,2025-10-26,1962.12
Botafogo-RJ,2025-11-01,1965.34
Botafogo-RJ,2025-11-05,1951.64
Botafogo-RJ,2025-11-09,1958.34
Botafogo-RJ,2025-11-19,2008.36
Botafogo-RJ,2025-11-22,1985.72
Botafogo-RJ,2025-11-30,1976.41
Botafogo-RJ,2025-12-04,1974.81
Botafogo-RJ,2025-12-07,1940.02
Botafogo-RJ,2026-01-15,1863.46
Botafogo-RJ,2026-01-19,1816.75
Botafogo-RJ,2026-01-21,1807.59
Botafogo-RJ,2026-01-25,1817.89
Botafogo-RJ,2026-01-30,1809.24
Botafogo-RJ,2026-02-02,1801.51
Botafogo-RJ,2026-02-05,1855.43
Botafogo-RJ,2026-02-08,1831.36
Botafogo-RJ,2026-02-12,1867.24
Botafogo-RJ,2026-02-15,1837.67
Botafogo-RJ,2026-02-19,1811.93
Botafogo-RJ,2026-02-22,1816.97
Botafogo-RJ,2026-02-26,1887.31
Botafogo-RJ,2026-02-28,1846.47
Botafogo-RJ,2026-03-04,1875.4
Botafogo-RJ,2026-03-07,1848.21
Botafogo-RJ,2026-03-11,1898.14
Botafogo-RJ,2026-03-15,1897.39
Botafogo-RJ,2026-03-18,1893.01
Botafogo-RJ,2026-03-21,1887.06
Botafogo-RJ,2026-03-30,1891.36
Botafogo-RJ,2026-04-02,1885.61
Botafogo-RJ,2026-04-05,1885.68
Botafogo-RJ,2026-04-10,1882.71
Botafogo-RJ,2026-04-12,1881.55
Botafogo-RJ,2026-04-16,1874.38
Botafogo-RJ,2026-04-18,1899.87
Botafogo-RJ,2026-04-21,1906.39
Botafogo-RJ,2026-04-25,1894.58
Botafogo-RJ,2026-04-29,1908.38
Botafogo-RJ,2026-05-02,1898.64
Botafogo-RJ,2026-05-07,1881.12
Botafogo-RJ,2026-05-10,1879.03
Botafogo-RJ,2026-05-14,1865.48
Botafogo-RJ,2026-05-17,1870.47
Botafogo-RJ,2026-05-21,1869.19
Botafogo-RJ,2026-05-23,1863.84
Botafogo-RJ,2026-05-28,1833.83
Botafogo-RJ,2026-05-30,1870.44
Botafogo-RJ,2026-07-17,1882.46
Botafogo-RJ,2026-07-24,1887.43
CA Bragantino,2023-07-23,1911.89
CA Bragantino,2023-07-29,1936.91
CA Bragantino,2023-08-04,1951.93
CA Bragantino,2023-08-06,1954.18
CA Bragantino,2023-08-11,1949.24
CA Bragantino,2023-08-15,1961.42
CA Bragantino,2023-08-20,1931.68
CA Bragantino,2023-08-27,1941.71
CA Bragantino,2023-09-03,1947.74
CA Bragantino,2023-09-15,1954.78
CA Bragantino,2023-09-20,1952.33
CA Bragantino,2023-10-01,1986.95
CA Bragantino,2023-10-08,2005.95
CA Bragantino,2023-10-20,1999.83
CA Bragantino,2023-10-22,1982.84
CA Bragantino,2023-10-26,1982.89
CA Bragantino,2023-11-02,1981.92
CA Bragantino,2023-11-05,1965.12
CA Bragantino,2023-11-09,1997.76
CA Bragantino,2023-11-12,2004.67
CA Bragantino,2023-11-24,1987.91
CA Bragantino,2023-11-26,1992.77
CA Bragantino,2023-12-01,1987.53
CA Bragantino,2023-12-03,1996.25
CA Bragantino,2023-12-07,1975.64
CA Bragantino,2024-01-20,1962.41
CA Bragantino,2024-01-24,1981.26
CA Bragantino,2024-01-27,1959.49
CA Bragantino,2024-01-31,2000.39
CA Bragantino,2024-02-04,2009.76
CA Bragantino,2024-02-08,2006.24
CA Bragantino,2024-02-11,1998.32
CA Bragantino,2024-02-15,1966.16
CA Bragantino,2024-02-17,1933.39
CA Bragantino,2024-02-21,1947.66
CA Bragantino,2024-02-24,1936.44
CA Bragantino,2024-02-28,1956.45
CA Bragantino,2024-03-03,1931.79
CA Bragantino,2024-03-07,1912.88
CA Bragantino,2024-03-10,1886.7
CA Bragantino,2024-03-14,1862.29
CA Bragantino,2024-03-17,1879.35
CA Bragantino,2024-03-28,1905.62
CA Bragantino,2024-04-04,1910.13
CA Bragantino,2024-04-11,1921.82
CA Bragantino,2024-04-14,1907.01
CA Bragantino,2024-04-18,1915.09
CA Bragantino,2024-04-20,1899.91
CA Bragantino,2024-04-25,1902.07
CA Bragantino,2024-04-28,1911.74
CA Bragantino,2024-05-01,1937.34
CA Bragantino,2024-05-04,1937.12
CA Bragantino,2024-05-10,1944.15
CA Bragantino,2024-05-12,1916.25
CA Bragantino,2024-05-17,1938.19
CA Bragantino,2024-05-22,1945.8
CA Bragantino,2024-05-29,1952.72
CA Bragantino,2024-06-01,1966.18
CA Bragantino,2024-06-12,1991.05
CA Bragantino,2024-06-15,1972.64
CA Bragantino,2024-06-21,1961.49
CA Bragantino,2024-06-22,1848.43
CA Bragantino,2024-06-23,1893.0
CA Bragantino,2024-06-27,1885.76
CA Bragantino,2024-06-29,1866.88
CA Bragantino,2024-07-04,1896.76
CA Bragantino,2024-07-07,1895.49
CA Bragantino,2024-07-13,1896.53
CA Bragantino,2024-07-18,1900.9
CA Bragantino,2024-07-21,1923.49
CA Bragantino,2024-07-25,1934.91
CA Bragantino,2024-07-28,1904.45
CA Bragantino,2024-08-01,1907.53
CA Bragantino,2024-08-04,1885.97
CA Bragantino,2024-08-08,1895.0
CA Bragantino,2024-08-11,1899.91
CA Bragantino,2024-08-14,1882.05
CA Bragantino,2024-08-17,1867.28
CA Bragantino,2024-08-21,1877.64
CA Bragantino,2024-08-26,1890.13
CA Bragantino,2024-08-29,1866.58
CA Bragantino,2024-09-01,1890.84
CA Bragantino,2024-09-15,1889.87
CA Bragantino,2024-09-22,1906.12
CA Bragantino,2024-09-26,1913.28
CA Bragantino,2024-09-29,1900.78
CA Bragantino,2024-10-05,1887.08
CA Bragantino,2024-10-19,1866.61
CA Bragantino,2024-10-27,1861.67
CA Bragantino,2024-11-02,1866.88
CA Bragantino,2024-11-09,1880.26
CA Bragantino,2024-11-20,1890.98
CA Bragantino,2024-11-24,1900.34
CA Bragantino,2024-12-01,1891.45
CA Bragantino,2024-12-06,1888.33
CA Bragantino,2024-12-08,1916.83
CA Bragantino,2025-01-16,1930.48
CA Bragantino,2025-01-19,1922.45
CA Bragantino,2025-01-22,1915.84
CA Bragantino,2025-01-25,1932.34
CA Bragantino,2025-01-28,1912.07
CA Bragantino,2025-01-31,1905.51
CA Bragantino,2025-02-05,1910.32
CA Bragantino,2025-02-08,1911.05
CA Bragantino,2025-02-12,1912.53
CA Bragantino,2025-02-16,1905.5
CA Bragantino,2025-02-20,1888.67
CA Bragantino,2025-02-23,1870.44
CA Bragantino,2025-02-27,1879.49
CA Bragantino,2025-03-03,1874.01
CA Bragantino,2025-03-12,1889.44
CA Bragantino,2025-04-01,1897.59
CA Bragantino,2025-04-06,1905.09
CA Bragantino,2025-04-12,1864.11
CA Bragantino,2025-04-17,1878.87
CA Bragantino,2025-04-21,1889.55
CA Bragantino,2025-04-28,1893.09
CA Bragantino,2025-05-01,1911.8
CA Bragantino,2025-05-06,1920.24
CA Bragantino,2025-05-10,1930.13
CA Bragantino,2025-05-18,1933.25
CA Bragantino,2025-05-23,1952.73
CA Bragantino,2025-05-27,1966.64
CA Bragantino,2025-06-01,1962.22
CA Bragantino,2025-06-13,1923.04
CA Bragantino,2025-07-14,1919.85
CA Bragantino,2025-07-17,1919.53
CA Bragantino,2025-07-20,1903.32
CA Bragantino,2025-07-24,1928.79
CA Bragantino,2025-07-26,1900.99
CA Bragantino,2025-07-30,1906.85
CA Bragantino,2025-08-03,1918.76
CA Bragantino,2025-08-07,1934.31
CA Bragantino,2025-08-09,1932.71
CA Bragantino,2025-08-16,1930.12
CA Bragantino,2025-08-23,1879.36
CA Bragantino,2025-08-30,1876.19
CA Bragantino,2025-09-14,1883.06
CA Bragantino,2025-09-22,1858.39
CA Bragantino,2025-09-28,1862.69
CA Bragantino,2025-10-02,1871.26
CA Bragantino,2025-10-04,1872.67
CA Bragantino,2025-10-16,1883.89
CA Bragantino,2025-10-21,1884.11
CA Bragantino,2025-10-26,1880.68
CA Bragantino,2025-11-02,1870.12
CA Bragantino,2025-11-05,1857.19
CA Bragantino,2025-11-09,1839.91
CA Bragantino,2025-11-16,1848.44
CA Bragantino,2025-11-23,1862.19
CA Bragantino,2025-11-26,1864.42
CA Bragantino,2025-12-03,1882.3
CA Bragantino,2025-12-07,1875.38
CA Bragantino,2026-01-11,1877.01
CA Bragantino,2026-01-15,1863.68
CA Bragantino,2026-01-18,1857.97
CA Bragantino,2026-01-22,1893.9
CA Bragantino,2026-01-25,1906.4
CA Bragantino,2026-01-28,1862.53
CA Bragantino,2026-02-01,1870.48
CA Bragantino,2026-02-04,1884.88
CA Bragantino,2026-02-08,1903.04
CA Bragantino,2026-02-13,1887.86
CA Bragantino,2026-02-16,1889.03
CA Bragantino,2026-02-21,1891.87
CA Bragantino,2026-02-25,1858.68
CA Bragantino,2026-03-13,1872.32
CA Bragantino,2026-03-16,1888.8
CA Bragantino,2026-03-18,1865.53
CA Bragantino,2026-03-21,1871.49
CA Bragantino,2026-04-03,1881.84
CA Bragantino,2026-04-06,1908.39
CA Bragantino,2026-04-10,1884.64
CA Bragantino,2026-04-12,1911.28
CA Bragantino,2026-04-17,1863.03
CA Bragantino,2026-04-19,1897.24
CA Bragantino,2026-04-23,1925.59
CA Bragantino,2026-04-26,1926.37
CA Bragantino,2026-05-01,1905.49
CA Bragantino,2026-05-03,1915.9
CA Bragantino,2026-05-08,1891.47
CA Bragantino,2026-05-10,1910.43
CA Bragantino,2026-05-14,1939.82
CA Bragantino,2026-05-17,1949.51
CA Bragantino,2026-05-21,1956.41
CA Bragantino,2026-05-25,1938.84
CA Bragantino,2026-05-28,1958.26
CA Bragantino,2026-05-31,1962.37
CA Bragantino,2026-07-18,1968.76
CA Bragantino,2026-07-23,1948.18
Chapecoense,2023-07-19,1684.82
Chapecoense,2023-07-25,1695.86
Chapecoense,2023-07-29,1684.12
Chapecoense,2023-08-03,1681.28
Chapecoense,2023-08-06,1685.07
Chapecoense,2023-08-13,1698.13
Chapecoense,2023-08-20,1695.35
Chapecoense,2023-08-24,1689.26
Chapecoense,2023-08-27,1689.81
Chapecoense,2023-09-01,1688.65
Chapecoense,2023-09-06,1677.8
Chapecoense,2023-09-16,1679.3
Chapecoense,2023-09-23,1691.77
Chapecoense,2023-10-01,1697.44
Chapecoense,2023-10-06,1706.84
Chapecoense,2023-10-14,1702.52
Chapecoense,2023-10-22,1707.22
Chapecoense,2023-10-31,1699.64
Chapecoense,2023-11-07,1698.88
Chapecoense,2023-11-11,1706.03
Chapecoense,2023-11-17,1707.05
Chapecoense,2023-11-25,1764.61
Chapecoense,2024-01-20,1741.79
Chapecoense,2024-01-25,1744.27
Chapecoense,2024-01-28,1754.79
Chapecoense,2024-01-31,1730.77
Chapecoense,2024-02-04,1715.46
Chapecoense,2024-02-07,1684.42
Chapecoense,2024-02-10,1688.61
Chapecoense,2024-02-14,1683.2
Chapecoense,2024-02-20,1696.54
Chapecoense,2024-02-24,1682.69
Chapecoense,2024-03-02,1705.8
Chapecoense,2024-04-20,1715.6
Chapecoense,2024-04-27,1721.32
Chapecoense,2024-05-04,1736.18
Chapecoense,2024-05-11,1729.69
Chapecoense,2024-05-15,1719.73
Chapecoense,2024-05-26,1722.83
Chapecoense,2024-06-02,1728.01
Chapecoense,2024-06-09,1708.16
Chapecoense,2024-06-14,1699.94
Chapecoense,2024-06-18,1694.43
Chapecoense,2024-06-23,1680.18
Chapecoense,2024-07-02,1687.34
Chapecoense,2024-07-06,1690.2
Chapecoense,2024-07-15,1679.55
Chapecoense,2024-07-19,1680.18
Chapecoense,2024-07-24,1691.72
Chapecoense,2024-07-27,1707.3
Chapecoense,2024-08-05,1714.22
Chapecoense,2024-08-10,1712.24
Chapecoense,2024-08-17,1706.31
Chapecoense,2024-08-22,1693.02
Chapecoense,2024-08-25,1695.18
Chapecoense,2024-08-31,1703.68
Chapecoense,2024-09-10,1711.68
Chapecoense,2024-09-15,1700.46
Chapecoense,2024-09-19,1687.03
Chapecoense,2024-09-22,1697.54
Chapecoense,2024-09-27,1696.23
Chapecoense,2024-10-04,1704.2
Chapecoense,2024-10-10,1693.99
Chapecoense,2024-10-17,1702.49
Chapecoense,2024-10-22,1687.18
Chapecoense,2024-10-29,1686.27
Chapecoense,2024-11-02,1688.95
Chapecoense,2024-11-10,1687.24
Chapecoense,2024-11-17,1709.5
Chapecoense,2024-11-24,1672.23
Chapecoense,2025-01-15,1701.22
Chapecoense,2025-01-19,1672.93
Chapecoense,2025-01-22,1681.66
Chapecoense,2025-01-26,1713.85
Chapecoense,2025-01-30,1687.38
Chapecoense,2025-02-01,1699.39
Chapecoense,2025-02-05,1701.07
Chapecoense,2025-02-09,1706.9
Chapecoense,2025-02-14,1716.92
Chapecoense,2025-02-16,1708.0
Chapecoense,2025-02-22,1717.73
Chapecoense,2025-03-01,1718.11
Chapecoense,2025-03-09,1719.46
Chapecoense,2025-03-15,1732.74
Chapecoense,2025-03-22,1730.54
Chapecoense,2025-04-05,1719.92
Chapecoense,2025-04-12,1730.87
Chapecoense,2025-04-17,1727.37
Chapecoense,2025-04-20,1738.82
Chapecoense,2025-04-26,1726.7
Chapecoense,2025-05-04,1718.16
Chapecoense,2025-05-09,1733.14
Chapecoense,2025-05-17,1725.11
Chapecoense,2025-05-24,1713.36
Chapecoense,2025-06-03,1722.88
Chapecoense,2025-06-07,1740.36
Chapecoense,2025-06-17,1737.44
Chapecoense,2025-06-21,1741.49
Chapecoense,2025-06-30,1745.97
Chapecoense,2025-07-08,1726.93
Chapecoense,2025-07-13,1718.66
Chapecoense,2025-07-20,1718.54
Chapecoense,2025-07-24,1708.83
Chapecoense,2025-07-28,1713.03
Chapecoense,2025-08-03,1734.19
Chapecoense,2025-08-09,1749.86
Chapecoense,2025-08-17,1743.72
Chapecoense,2025-08-23,1763.2
Chapecoense,2025-09-02,1780.41
Chapecoense,2025-09-07,1789.87
Chapecoense,2025-09-17,1782.32
Chapecoense,2025-09-22,1773.34
Chapecoense,2025-09-26,1789.19
Chapecoense,2025-09-29,1789.5
Chapecoense,2025-10-04,1790.05
Chapecoense,2025-10-10,1779.66
Chapecoense,2025-10-15,1778.01
Chapecoense,2025-10-20,1771.11
Chapecoense,2025-10-27,1769.13
Chapecoense,2025-11-02,1786.18
Chapecoense,2025-11-10,1795.99
Chapecoense,2025-11-15,1860.31
Chapecoense,2025-11-23,1910.21
Chapecoense,2026-01-06,1854.27
Chapecoense,2026-01-11,1818.1
Chapecoense,2026-01-14,1811.05
Chapecoense,2026-01-18,1797.38
Chapecoense,2026-01-22,1788.6
Chapecoense,2026-01-25,1802.68
Chapecoense,2026-01-29,1822.01
Chapecoense,2026-02-01,1823.75
Chapecoense,2026-02-06,1794.76
Chapecoense,2026-02-08,1766.95
Chapecoense,2026-02-11,1736.67
Chapecoense,2026-02-14,1744.43
Chapecoense,2026-02-22,1764.22
Chapecoense,2026-03-01,1776.76
Chapecoense,2026-03-08,1794.18
Chapecoense,2026-03-13,1772.2
Chapecoense,2026-03-17,1751.99
Chapecoense,2026-03-20,1776.26
Chapecoense,2026-03-22,1780.94
Chapecoense,2026-04-03,1758.2
Chapecoense,2026-04-05,1762.38
Chapecoense,2026-04-12,1752.6
Chapecoense,2026-04-18,1727.11
Chapecoense,2026-04-21,1720.59
Chapecoense,2026-04-27,1715.5
Chapecoense,2026-05-03,1705.09
Chapecoense,2026-05-10,1713.22
Chapecoense,2026-05-14,1726.77
Chapecoense,2026-05-17,1718.14
Chapecoense,2026-05-24,1705.93
Chapecoense,2026-05-31,1737.97
Chapecoense,2026-07-18,1724.2
Chapecoense,2026-07-23,1738.72
Clube Do Remo,2023-07-18,1730.49
Clube Do Remo,2023-07-24,1721.39
Clube Do Remo,2023-07-30,1713.1
Clube Do Remo,2023-08-06,1702.14
Clube Do Remo,2023-08-13,1696.0
Clube Do Remo,2023-08-20,1699.42
Clube Do Remo,2023-08-26,1721.75
Clube Do Remo,2024-01-21,1721.75
Clube Do Remo,2024-01-25,1739.59
Clube Do Remo,2024-01-28,1714.91
Clube Do Remo,2024-02-04,1727.01
Clube Do Remo,2024-02-09,1736.86
Clube Do Remo,2024-02-15,1779.96
Clube Do Remo,2024-02-20,1801.96
Clube Do Remo,2024-02-25,1802.07
Clube Do Remo,2024-02-29,1798.78
Clube Do Remo,2024-03-03,1770.01
Clube Do Remo,2024-03-08,1812.68
Clube Do Remo,2024-03-10,1803.26
Clube Do Remo,2024-03-16,1803.3
Clube Do Remo,2024-03-21,1765.76
Clube Do Remo,2024-03-23,1745.04
Clube Do Remo,2024-03-29,1769.38
Clube Do Remo,2024-04-20,1759.92
Clube Do Remo,2024-04-28,1727.68
Clube Do Remo,2024-05-05,1742.57
Clube Do Remo,2024-05-13,1723.49
Clube Do Remo,2024-05-19,1705.39
Clube Do Remo,2024-05-25,1717.43
Clube Do Remo,2024-06-01,1687.01
Clube Do Remo,2024-06-10,1690.66
Clube Do Remo,2024-06-16,1684.25
Clube Do Remo,2024-06-25,1675.78
Clube Do Remo,2024-06-30,1680.57
Clube Do Remo,2024-07-09,1667.64
Clube Do Remo,2024-07-16,1672.79
Clube Do Remo,2024-07-23,1662.76
Clube Do Remo,2024-07-27,1666.45
Clube Do Remo,2024-08-06,1677.39
Clube Do Remo,2024-08-10,1678.72
Clube Do Remo,2024-08-18,1692.99
Clube Do Remo,2024-08-24,1732.95
Clube Do Remo,2024-08-31,1730.13
Clube Do Remo,2024-09-10,1705.45
Clube Do Remo,2024-09-15,1732.33
Clube Do Remo,2024-09-21,1710.33
Clube Do Remo,2024-09-29,1713.51
Clube Do Remo,2024-10-05,1746.29
Clube Do Remo,2025-01-18,1759.43
Clube Do Remo,2025-01-26,1802.68
Clube Do Remo,2025-01-30,1792.9
Clube Do Remo,2025-02-04,1798.26
Clube Do Remo,2025-02-07,1816.38
Clube Do Remo,2025-02-09,1837.07
Clube Do Remo,2025-02-16,1821.92
Clube Do Remo,2025-02-23,1817.78
Clube Do Remo,2025-02-27,1827.27
Clube Do Remo,2025-03-11,1820.99
Clube Do Remo,2025-03-30,1851.37
Clube Do Remo,2025-04-03,1847.71
Clube Do Remo,2025-04-07,1815.97
Clube Do Remo,2025-04-13,1795.67
Clube Do Remo,2025-04-18,1789.21
Clube Do Remo,2025-04-22,1785.15
Clube Do Remo,2025-04-26,1771.61
Clube Do Remo,2025-05-03,1762.22
Clube Do Remo,2025-05-08,1784.35
Clube Do Remo,2025-05-11,1755.97
Clube Do Remo,2025-05-15,1765.96
Clube Do Remo,2025-05-18,1755.68
Clube Do Remo,2025-05-24,1763.05
Clube Do Remo,2025-06-01,1760.14
Clube Do Remo,2025-06-09,1766.55
Clube Do Remo,2025-06-14,1763.38
Clube Do Remo,2025-06-21,1739.05
Clube Do Remo,2025-06-29,1725.92
Clube Do Remo,2025-07-05,1740.22
Clube Do Remo,2025-07-13,1748.49
Clube Do Remo,2025-07-18,1762.17
Clube Do Remo,2025-07-25,1742.33
Clube Do Remo,2025-07-30,1727.42
Clube Do Remo,2025-08-02,1742.72
Clube Do Remo,2025-08-09,1737.08
Clube Do Remo,2025-08-16,1736.8
Clube Do Remo,2025-08-23,1726.38
Clube Do Remo,2025-08-29,1713.18
Clube Do Remo,2025-09-05,1727.55
Clube Do Remo,2025-09-13,1735.97
Clube Do Remo,2025-09-21,1745.65
Clube Do Remo,2025-09-25,1743.85
Clube Do Remo,2025-09-28,1735.99
Clube Do Remo,2025-10-05,1722.86
Clube Do Remo,2025-10-10,1718.78
Clube Do Remo,2025-10-15,1735.03
Clube Do Remo,2025-10-19,1755.8
Clube Do Remo,2025-10-25,1762.72
Clube Do Remo,2025-11-02,1745.66
Clube Do Remo,2025-11-08,1734.93
Clube Do Remo,2025-11-15,1795.54
Clube Do Remo,2025-11-23,1806.63
Clube Do Remo,2026-01-24,1684.93
Clube Do Remo,2026-01-28,1769.9
Clube Do Remo,2026-01-31,1692.12
Clube Do Remo,2026-02-05,1693.26
Clube Do Remo,2026-02-06,1681.96
Clube Do Remo,2026-02-08,1731.7
Clube Do Remo,2026-02-12,1736.66
Clube Do Remo,2026-02-15,1778.47
Clube Do Remo,2026-02-19,1806.56
Clube Do Remo,2026-02-25,1779.09
Clube Do Remo,2026-03-01,1773.74
Clube Do Remo,2026-03-08,1787.43
Clube Do Remo,2026-03-12,1794.68
Clube Do Remo,2026-03-15,1780.89
Clube Do Remo,2026-03-20,1776.91
Clube Do Remo,2026-03-22,1782.07
Clube Do Remo,2026-04-03,1792.66
Clube Do Remo,2026-04-06,1786.21
Clube Do Remo,2026-04-11,1774.57
Clube Do Remo,2026-04-19,1740.36
Clube Do Remo,2026-04-23,1740.26
Clube Do Remo,2026-04-25,1754.88
Clube Do Remo,2026-05-02,1764.62
Clube Do Remo,2026-05-10,1769.79
Clube Do Remo,2026-05-14,1768.71
Clube Do Remo,2026-05-17,1777.34
Clube Do Remo,2026-05-24,1794.54
Clube Do Remo,2026-06-01,1786.84
Clube Do Remo,2026-07-24,1780.35
Corinthians,2023-07-19,1857.62
Corinthians,2023-07-22,1850.84
Corinthians,2023-07-26,1849.79
Corinthians,2023-07-29,1867.67
Corinthians,2023-08-02,1871.74
Corinthians,2023-08-05,1896.85
Corinthians,2023-08-09,1849.59
Corinthians,2023-08-13,1847.34
Corinthians,2023-08-17,1867.99
Corinthians,2023-08-20,1855.22
Corinthians,2023-08-23,1867.61
Corinthians,2023-08-27,1836.53
Corinthians,2023-08-30,1824.29
Corinthians,2023-09-03,1812.41
Corinthians,2023-09-15,1812.87
Corinthians,2023-09-19,1815.42
Corinthians,2023-09-23,1815.91
Corinthians,2023-09-27,1831.15
Corinthians,2023-09-30,1808.58
Corinthians,2023-10-04,1811.99
Corinthians,2023-10-08,1784.9
Corinthians,2023-10-20,1790.59
Corinthians,2023-10-22,1783.17
Corinthians,2023-10-26,1806.36
Corinthians,2023-10-29,1804.62
Corinthians,2023-11-01,1812.97
Corinthians,2023-11-05,1829.76
Corinthians,2023-11-09,1861.26
Corinthians,2023-11-12,1845.97
Corinthians,2023-11-25,1831.3
Corinthians,2023-11-29,1842.41
Corinthians,2023-12-02,1845.5
Corinthians,2023-12-07,1844.35
Corinthians,2024-01-21,1827.38
Corinthians,2024-01-24,1843.61
Corinthians,2024-01-28,1844.73
Corinthians,2024-01-30,1846.89
Corinthians,2024-02-04,1868.07
Corinthians,2024-02-07,1872.51
Corinthians,2024-02-11,1885.79
Corinthians,2024-02-15,1899.41
Corinthians,2024-02-18,1906.62
Corinthians,2024-02-23,1918.34
Corinthians,2024-02-26,1942.05
Corinthians,2024-03-02,1958.17
Corinthians,2024-03-10,1935.35
Corinthians,2024-03-15,1947.88
Corinthians,2024-04-03,1927.2
Corinthians,2024-04-10,1936.87
Corinthians,2024-04-14,1919.7
Corinthians,2024-04-18,1921.54
Corinthians,2024-04-20,1936.72
Corinthians,2024-04-24,1941.47
Corinthians,2024-04-28,1932.62
Corinthians,2024-05-02,1922.24
Corinthians,2024-05-05,1917.39
Corinthians,2024-05-08,1913.15
Corinthians,2024-05-11,1913.43
Corinthians,2024-05-15,1924.59
Corinthians,2024-05-23,1922.95
Corinthians,2024-05-29,1920.91
Corinthians,2024-06-02,1902.35
Corinthians,2024-06-12,1908.76
Corinthians,2024-06-16,1909.38
Corinthians,2024-06-20,1921.35
Corinthians,2024-06-23,1909.76
Corinthians,2024-06-27,1891.34
Corinthians,2024-07-02,1883.38
Corinthians,2024-07-05,1868.3
Corinthians,2024-07-07,1853.89
Corinthians,2024-07-11,1847.69
Corinthians,2024-07-17,1866.5
Corinthians,2024-07-21,1872.18
Corinthians,2024-07-26,1878.87
Corinthians,2024-07-29,1879.46
Corinthians,2024-08-01,1879.95
Corinthians,2024-08-04,1894.24
Corinthians,2024-08-08,1881.8
Corinthians,2024-08-11,1876.89
Corinthians,2024-08-14,1894.74
Corinthians,2024-08-18,1914.94
Corinthians,2024-08-21,1904.59
Corinthians,2024-08-25,1898.29
Corinthians,2024-08-30,1893.46
Corinthians,2024-09-01,1898.72
Corinthians,2024-09-12,1918.51
Corinthians,2024-09-15,1913.38
Corinthians,2024-09-18,1918.8
Corinthians,2024-09-21,1931.44
Corinthians,2024-09-25,1924.85
Corinthians,2024-09-29,1939.34
Corinthians,2024-10-03,1918.35
Corinthians,2024-10-06,1926.45
Corinthians,2024-10-18,1931.44
Corinthians,2024-10-20,1922.81
Corinthians,2024-10-25,1921.64
Corinthians,2024-10-28,1931.36
Corinthians,2024-11-01,1916.2
Corinthians,2024-11-05,1921.01
Corinthians,2024-11-09,1945.31
Corinthians,2024-11-20,1966.83
Corinthians,2024-11-24,1966.2
Corinthians,2024-11-30,1986.35
Corinthians,2024-12-04,1995.71
Corinthians,2024-12-08,1999.35
Corinthians,2025-01-16,1985.7
Corinthians,2025-01-19,1972.84
Corinthians,2025-01-22,1980.05
Corinthians,2025-01-26,1987.54
Corinthians,2025-01-30,1951.99
Corinthians,2025-02-01,1943.94
Corinthians,2025-02-04,1941.75
Corinthians,2025-02-07,1966.22
Corinthians,2025-02-10,1950.06
Corinthians,2025-02-13,1955.97
Corinthians,2025-02-15,1927.18
Corinthians,2025-02-20,1946.87
Corinthians,2025-02-23,1919.41
Corinthians,2025-02-27,1956.63
Corinthians,2025-03-02,1956.01
Corinthians,2025-03-06,1962.09
Corinthians,2025-03-09,1956.17
Corinthians,2025-03-13,1965.9
Corinthians,2025-03-16,1963.29
Corinthians,2025-03-28,1963.66
Corinthians,2025-03-31,1952.42
Corinthians,2025-04-03,1955.22
Corinthians,2025-04-05,1963.95
Corinthians,2025-04-09,1941.74
Corinthians,2025-04-12,1964.36
Corinthians,2025-04-17,1934.51
Corinthians,2025-04-19,1938.45
Corinthians,2025-04-25,1922.01
Corinthians,2025-04-27,1926.14
Corinthians,2025-05-01,1937.34
Corinthians,2025-05-03,1950.55
Corinthians,2025-05-07,1925.7
Corinthians,2025-05-10,1918.93
Corinthians,2025-05-16,1902.4
Corinthians,2025-05-18,1912.8
Corinthians,2025-05-22,1936.89
Corinthians,2025-05-25,1923.59
Corinthians,2025-05-28,1947.47
Corinthians,2025-06-01,1948.03
Corinthians,2025-06-13,1951.19
Corinthians,2025-07-14,1954.38
Corinthians,2025-07-17,1944.47
Corinthians,2025-07-20,1951.27
Corinthians,2025-07-24,1924.42
Corinthians,2025-07-26,1919.62
Corinthians,2025-07-31,1934.12
Corinthians,2025-08-03,1912.01
Corinthians,2025-08-07,1915.04
Corinthians,2025-08-12,1916.88
Corinthians,2025-08-17,1916.97
Corinthians,2025-08-24,1911.55
Corinthians,2025-08-28,1916.55
Corinthians,2025-08-31,1910.83
Corinthians,2025-09-11,1922.78
Corinthians,2025-09-14,1958.34
Corinthians,2025-09-21,1949.51
Corinthians,2025-09-29,1919.37
Corinthians,2025-10-02,1904.38
Corinthians,2025-10-05,1927.56
Corinthians,2025-10-16,1923.33
Corinthians,2025-10-18,1936.17
Corinthians,2025-10-25,1934.3
Corinthians,2025-11-02,1922.9
Corinthians,2025-11-05,1935.83
Corinthians,2025-11-09,1937.9
Corinthians,2025-11-20,1929.46
Corinthians,2025-11-24,1926.48
Corinthians,2025-11-30,1935.78
Corinthians,2025-12-03,1903.14
Corinthians,2025-12-07,1890.36
Corinthians,2025-12-11,1895.99
Corinthians,2025-12-14,1859.0
Corinthians,2025-12-18,1889.1
Corinthians,2025-12-21,1885.6
Corinthians,2026-01-11,1894.2
Corinthians,2026-01-15,1907.53
Corinthians,2026-01-18,1932.84
Corinthians,2026-01-22,1954.59
Corinthians,2026-01-26,1949.03
Corinthians,2026-01-29,1935.46
Corinthians,2026-02-06,1900.09
Corinthians,2026-02-09,1906.19
Corinthians,2026-02-13,1921.38
Corinthians,2026-02-16,1931.38
Corinthians,2026-02-19,1933.64
Corinthians,2026-02-23,1950.48
Corinthians,2026-02-26,1921.29
Corinthians,2026-03-01,1951.97
Corinthians,2026-03-12,1968.07
Corinthians,2026-03-15,1969.79
Corinthians,2026-03-20,1945.52
Corinthians,2026-03-23,1956.84
Corinthians,2026-04-02,1948.74
Corinthians,2026-04-06,1945.64
Corinthians,2026-04-10,1939.22
Corinthians,2026-04-12,1935.7
Corinthians,2026-04-16,1943.97
Corinthians,2026-04-19,1938.19
Corinthians,2026-04-22,1960.91
Corinthians,2026-04-26,1939.38
Corinthians,2026-05-01,1951.74
Corinthians,2026-05-04,1964.97
Corinthians,2026-05-07,1950.2
Corinthians,2026-05-10,1925.89
Corinthians,2026-05-15,1942.02
Corinthians,2026-05-17,1937.03
Corinthians,2026-05-22,1902.3
Corinthians,2026-05-24,1892.52
Corinthians,2026-05-28,1893.85
Corinthians,2026-05-30,1919.6
Corinthians,2026-07-24,1926.1
Coritiba,2023-07-25,1811.05
Coritiba,2023-07-30,1802.68
Coritiba,2023-08-06,1800.43
Coritiba,2023-08-13,1802.68
Coritiba,2023-08-20,1793.14
Coritiba,2023-08-27,1790.41
Coritiba,2023-09-15,1786.68
Coritiba,2023-09-22,1764.59
Coritiba,2023-09-28,1759.68
Coritiba,2023-10-01,1738.56
Coritiba,2023-10-08,1738.19
Coritiba,2023-10-19,1735.03
Coritiba,2023-10-22,1725.55
Coritiba,2023-10-27,1728.32
Coritiba,2023-10-29,1726.62
Coritiba,2023-11-02,1722.84
Coritiba,2023-11-05,1723.44
Coritiba,2023-11-08,1716.26
Coritiba,2023-11-11,1720.8
Coritiba,2023-11-26,1718.05
Coritiba,2023-11-30,1704.03
Coritiba,2023-12-03,1695.32
Coritiba,2023-12-07,1696.47
Coritiba,2024-01-19,1722.81
Coritiba,2024-01-23,1740.54
Coritiba,2024-01-26,1742.48
Coritiba,2024-01-28,1734.43
Coritiba,2024-02-02,1741.26
Coritiba,2024-02-04,1729.12
Coritiba,2024-02-08,1749.65
Coritiba,2024-02-10,1745.84
Coritiba,2024-02-15,1744.59
Coritiba,2024-02-18,1726.95
Coritiba,2024-02-23,1754.8
Coritiba,2024-02-25,1742.65
Coritiba,2024-03-03,1745.49
Coritiba,2024-03-09,1764.06
Coritiba,2024-03-17,1784.68
Coritiba,2024-03-24,1805.51
Coritiba,2024-04-21,1804.96
Coritiba,2024-04-28,1815.25
Coritiba,2024-05-04,1805.42
Coritiba,2024-05-12,1807.08
Coritiba,2024-05-15,1823.4
Coritiba,2024-05-18,1843.52
Coritiba,2024-05-28,1839.21
Coritiba,2024-06-01,1834.77
Coritiba,2024-06-08,1833.22
Coritiba,2024-06-16,1827.78
Coritiba,2024-06-20,1832.04
Coritiba,2024-06-26,1823.18
Coritiba,2024-06-29,1823.31
Coritiba,2024-07-07,1814.31
Coritiba,2024-07-13,1809.89
Coritiba,2024-07-20,1826.19
Coritiba,2024-07-23,1823.6
Coritiba,2024-07-27,1808.03
Coritiba,2024-08-03,1808.2
Coritiba,2024-08-11,1807.62
Coritiba,2024-08-18,1805.96
Coritiba,2024-08-23,1807.81
Coritiba,2024-08-28,1826.82
Coritiba,2024-09-04,1824.6
Coritiba,2024-09-08,1810.93
Coritiba,2024-09-15,1820.84
Coritiba,2024-09-19,1821.48
Coritiba,2024-09-21,1794.24
Coritiba,2024-09-28,1786.7
Coritiba,2024-10-05,1786.89
Coritiba,2024-10-13,1791.55
Coritiba,2024-10-19,1806.67
Coritiba,2024-10-24,1822.08
Coritiba,2024-10-28,1807.24
Coritiba,2024-11-06,1783.24
Coritiba,2024-11-12,1790.49
Coritiba,2024-11-17,1768.22
Coritiba,2024-11-22,1762.13
Coritiba,2025-01-12,1727.48
Coritiba,2025-01-16,1716.98
Coritiba,2025-01-19,1735.09
Coritiba,2025-01-23,1687.41
Coritiba,2025-01-25,1716.79
Coritiba,2025-01-31,1695.12
Coritiba,2025-02-02,1701.43
Coritiba,2025-02-06,1720.01
Coritiba,2025-02-08,1748.86
Coritiba,2025-02-12,1746.92
Coritiba,2025-02-15,1797.18
Coritiba,2025-02-22,1804.85
Coritiba,2025-02-27,1788.61
Coritiba,2025-03-09,1827.83
Coritiba,2025-04-05,1848.15
Coritiba,2025-04-12,1837.2
Coritiba,2025-04-17,1811.97
Coritiba,2025-04-22,1816.03
Coritiba,2025-04-26,1807.65
Coritiba,2025-05-03,1828.08
Coritiba,2025-05-10,1824.53
Coritiba,2025-05-20,1840.32
Coritiba,2025-05-27,1828.01
Coritiba,2025-05-31,1819.95
Coritiba,2025-06-05,1826.82
Coritiba,2025-06-15,1825.36
Coritiba,2025-06-22,1845.16
Coritiba,2025-06-28,1857.45
Coritiba,2025-07-05,1863.74
Coritiba,2025-07-11,1855.81
Coritiba,2025-07-19,1856.94
Coritiba,2025-07-23,1853.74
Coritiba,2025-07-27,1839.0
Coritiba,2025-08-01,1839.09
Coritiba,2025-08-09,1823.42
Coritiba,2025-08-15,1820.07
Coritiba,2025-08-23,1830.5
Coritiba,2025-08-30,1842.04
Coritiba,2025-09-06,1848.37
Coritiba,2025-09-13,1859.32
Coritiba,2025-09-21,1853.2
Coritiba,2025-09-26,1864.61
Coritiba,2025-09-30,1877.14
Coritiba,2025-10-04,1876.49
Coritiba,2025-10-10,1878.44
Coritiba,2025-10-13,1883.45
Coritiba,2025-10-19,1883.08
Coritiba,2025-10-25,1883.98
Coritiba,2025-10-31,1873.72
Coritiba,2025-11-10,1916.24
Coritiba,2025-11-15,1914.54
Coritiba,2025-11-23,1894.09
Coritiba,2026-01-08,1788.44
Coritiba,2026-01-10,1736.58
Coritiba,2026-01-14,1736.32
Coritiba,2026-01-17,1718.73
Coritiba,2026-01-22,1792.05
Coritiba,2026-01-24,1762.74
Coritiba,2026-01-28,1806.61
Coritiba,2026-01-31,1790.76
Coritiba,2026-02-06,1768.01
Coritiba,2026-02-08,1767.08
Coritiba,2026-02-11,1797.36
Coritiba,2026-02-14,1819.1
Coritiba,2026-02-21,1820.78
Coritiba,2026-02-25,1852.64
Coritiba,2026-03-12,1836.55
Coritiba,2026-03-15,1850.35
Coritiba,2026-03-19,1855.04
Coritiba,2026-03-22,1861.51
Coritiba,2026-04-02,1855.35
Coritiba,2026-04-05,1864.53
Coritiba,2026-04-12,1865.69
Coritiba,2026-04-19,1865.61
Coritiba,2026-04-23,1865.66
Coritiba,2026-04-26,1869.24
Coritiba,2026-05-02,1866.15
Coritiba,2026-05-09,1865.21
Coritiba,2026-05-14,1826.63
Coritiba,2026-05-17,1795.81
Coritiba,2026-05-26,1802.32
Coritiba,2026-05-30,1804.03
Coritiba,2026-07-23,1804.67
Cruzeiro,2023-07-23,1919.93
Cruzeiro,2023-07-29,1910.37
Cruzeiro,2023-08-06,1901.94
Cruzeiro,2023-08-15,1893.94
Cruzeiro,2023-08-20,1906.7
Cruzeiro,2023-08-28,1908.63
Cruzeiro,2023-09-03,1902.6
Cruzeiro,2023-09-15,1887.72
Cruzeiro,2023-09-21,1898.25
Cruzeiro,2023-10-01,1899.34
Cruzeiro,2023-10-15,1903.18
Cruzeiro,2023-10-20,1880.41
Cruzeiro,2023-10-22,1862.15
Cruzeiro,2023-10-26,1869.74
Cruzeiro,2023-11-03,1886.81
Cruzeiro,2023-11-05,1885.36
Cruzeiro,2023-11-11,1880.81
Cruzeiro,2023-11-18,1879.21
Cruzeiro,2023-11-22,1884.32
Cruzeiro,2023-11-28,1882.01
Cruzeiro,2023-12-01,1904.4
Cruzeiro,2023-12-03,1892.68
Cruzeiro,2023-12-07,1875.05
Cruzeiro,2024-01-24,1877.01
Cruzeiro,2024-01-27,1872.56
Cruzeiro,2024-02-03,1879.09
Cruzeiro,2024-02-09,1883.5
Cruzeiro,2024-02-16,1889.45
Cruzeiro,2024-02-18,1897.95
Cruzeiro,2024-02-21,1915.49
Cruzeiro,2024-02-25,1919.83
Cruzeiro,2024-03-02,1910.13
Cruzeiro,2024-03-10,1917.03
Cruzeiro,2024-03-16,1938.65
Cruzeiro,2024-03-30,1926.08
Cruzeiro,2024-04-05,1848.13
Cruzeiro,2024-04-12,1857.99
Cruzeiro,2024-04-14,1815.22
Cruzeiro,2024-04-18,1845.8
Cruzeiro,2024-04-21,1873.9
Cruzeiro,2024-04-24,1848.16
Cruzeiro,2024-04-28,1880.75
Cruzeiro,2024-05-08,1897.03
Cruzeiro,2024-05-12,1908.66
Cruzeiro,2024-05-17,1914.3
Cruzeiro,2024-05-31,1937.59
Cruzeiro,2024-06-02,1942.28
Cruzeiro,2024-06-14,1943.67
Cruzeiro,2024-06-16,1942.53
Cruzeiro,2024-06-20,1945.14
Cruzeiro,2024-06-23,1945.76
Cruzeiro,2024-06-27,1934.03
Cruzeiro,2024-06-30,1935.91
Cruzeiro,2024-07-04,1931.17
Cruzeiro,2024-07-07,1945.58
Cruzeiro,2024-07-10,1956.04
Cruzeiro,2024-07-13,1954.99
Cruzeiro,2024-07-21,1949.49
Cruzeiro,2024-07-25,1959.88
Cruzeiro,2024-07-28,1970.93
Cruzeiro,2024-08-06,1999.64
Cruzeiro,2024-08-11,2009.07
Cruzeiro,2024-08-16,1978.91
Cruzeiro,2024-08-20,1948.52
Cruzeiro,2024-08-23,1926.7
Cruzeiro,2024-08-26,1922.57
Cruzeiro,2024-08-29,1914.01
Cruzeiro,2024-09-01,1934.18
Cruzeiro,2024-09-15,1950.73
Cruzeiro,2024-09-20,1940.61
Cruzeiro,2024-09-22,1950.08
Cruzeiro,2024-09-27,1950.11
Cruzeiro,2024-09-29,1940.48
Cruzeiro,2024-10-04,1939.45
Cruzeiro,2024-10-19,1948.17
Cruzeiro,2024-10-24,1929.37
Cruzeiro,2024-10-26,1929.57
Cruzeiro,2024-10-30,1927.63
Cruzeiro,2024-11-07,1913.03
Cruzeiro,2024-11-09,1909.01
Cruzeiro,2024-11-20,1887.49
Cruzeiro,2024-11-23,1885.13
Cruzeiro,2024-11-28,1883.29
Cruzeiro,2024-12-01,1892.18
Cruzeiro,2024-12-05,1899.28
Cruzeiro,2024-12-08,1906.21
Cruzeiro,2025-01-20,1856.24
Cruzeiro,2025-01-22,1892.57
Cruzeiro,2025-01-25,1896.23
Cruzeiro,2025-01-30,1905.87
Cruzeiro,2025-02-02,1917.28
Cruzeiro,2025-02-06,1942.2
Cruzeiro,2025-02-09,1936.68
Cruzeiro,2025-02-12,1918.67
Cruzeiro,2025-02-16,1930.21
Cruzeiro,2025-02-22,1934.57
Cruzeiro,2025-03-29,1954.09
Cruzeiro,2025-04-02,1929.52
Cruzeiro,2025-04-06,1918.89
Cruzeiro,2025-04-10,1923.89
Cruzeiro,2025-04-13,1923.3
Cruzeiro,2025-04-18,1917.28
Cruzeiro,2025-04-21,1906.61
Cruzeiro,2025-04-25,1877.73
Cruzeiro,2025-04-27,1864.8
Cruzeiro,2025-05-02,1880.65
Cruzeiro,2025-05-04,1891.28
Cruzeiro,2025-05-08,1861.4
Cruzeiro,2025-05-11,1900.22
Cruzeiro,2025-05-15,1807.84
Cruzeiro,2025-05-19,1836.59
Cruzeiro,2025-05-23,1852.25
Cruzeiro,2025-05-26,1873.82
Cruzeiro,2025-05-29,1882.68
Cruzeiro,2025-06-02,1909.16
Cruzeiro,2025-06-13,1935.24
Cruzeiro,2025-07-14,1963.28
Cruzeiro,2025-07-18,1956.82
Cruzeiro,2025-07-20,1970.44
Cruzeiro,2025-07-24,1997.29
Cruzeiro,2025-07-27,2014.89
Cruzeiro,2025-07-31,2032.08
Cruzeiro,2025-08-03,2038.5
Cruzeiro,2025-08-08,2054.12
Cruzeiro,2025-08-10,2058.33
Cruzeiro,2025-08-19,2048.43
Cruzeiro,2025-08-23,2050.51
Cruzeiro,2025-08-28,2053.01
Cruzeiro,2025-08-31,2024.98
Cruzeiro,2025-09-12,2004.06
Cruzeiro,2025-09-16,1997.43
Cruzeiro,2025-09-22,2022.1
Cruzeiro,2025-09-27,2009.86
Cruzeiro,2025-10-03,2004.9
Cruzeiro,2025-10-06,1981.4
Cruzeiro,2025-10-16,1998.39
Cruzeiro,2025-10-19,2000.63
Cruzeiro,2025-10-27,1988.22
Cruzeiro,2025-11-01,1994.72
Cruzeiro,2025-11-06,1985.56
Cruzeiro,2025-11-09,2006.87
Cruzeiro,2025-11-20,1999.95
Cruzeiro,2025-11-24,2002.93
Cruzeiro,2025-11-30,1995.34
Cruzeiro,2025-12-04,1996.94
Cruzeiro,2025-12-07,1939.26
Cruzeiro,2025-12-11,1933.62
Cruzeiro,2025-12-14,1970.61
Cruzeiro,2026-01-10,1893.67
Cruzeiro,2026-01-15,1860.78
Cruzeiro,2026-01-17,1892.96
Cruzeiro,2026-01-22,1882.36
Cruzeiro,2026-01-25,1927.24
Cruzeiro,2026-01-30,1935.88
Cruzeiro,2026-02-02,1958.09
Cruzeiro,2026-02-06,1980.84
Cruzeiro,2026-02-08,1993.33
Cruzeiro,2026-02-11,1980.78
Cruzeiro,2026-02-14,1970.47
Cruzeiro,2026-02-21,1982.29
Cruzeiro,2026-02-26,2011.48
Cruzeiro,2026-02-28,2010.54
Cruzeiro,2026-03-08,1984.09
Cruzeiro,2026-03-12,1974.95
Cruzeiro,2026-03-16,1978.15
Cruzeiro,2026-03-18,1952.73
Cruzeiro,2026-03-22,1949.33
Cruzeiro,2026-04-02,1958.38
Cruzeiro,2026-04-04,1966.49
Cruzeiro,2026-04-08,1957.8
Cruzeiro,2026-04-12,1931.17
Cruzeiro,2026-04-16,1938.9
Cruzeiro,2026-04-19,1939.13
Cruzeiro,2026-04-23,1957.07
Cruzeiro,2026-04-25,1942.45
Cruzeiro,2026-04-29,1916.6
Cruzeiro,2026-05-03,1895.93
Cruzeiro,2026-05-07,1876.07
Cruzeiro,2026-05-10,1880.12
Cruzeiro,2026-05-13,1910.24
Cruzeiro,2026-05-17,1936.49
Cruzeiro,2026-05-20,1926.04
Cruzeiro,2026-05-24,1938.24
Cruzeiro,2026-05-29,1962.58
Cruzeiro,2026-06-01,1947.05
Cruzeiro,2026-07-23,1948.13
EC Bahia,2023-07-22,1842.11
EC Bahia,2023-07-30,1841.01
EC Bahia,2023-08-06,1820.68
EC Bahia,2023-08-13,1826.27
EC Bahia,2023-08-20,1856.01
EC Bahia,2023-08-27,1860.11
EC Bahia,2023-09-03,1851.98
EC Bahia,2023-09-15,1855.71
EC Bahia,2023-09-19,1870.42
EC Bahia,2023-09-30,1854.92
EC Bahia,2023-10-07,1859.86
EC Bahia,2023-10-19,1855.88
EC Bahia,2023-10-21,1859.87
EC Bahia,2023-10-26,1852.28
EC Bahia,2023-10-29,1838.54
EC Bahia,2023-10-31,1892.82
EC Bahia,2023-11-04,1890.55
EC Bahia,2023-11-10,1859.65
EC Bahia,2023-11-12,1844.28
EC Bahia,2023-11-25,1858.95
EC Bahia,2023-11-30,1860.94
EC Bahia,2023-12-03,1882.72
EC Bahia,2023-12-07,1863.54
EC Bahia,2024-01-18,1798.54
EC Bahia,2024-01-21,1748.49
EC Bahia,2024-01-24,1795.76
EC Bahia,2024-01-27,1839.76
EC Bahia,2024-01-31,1888.27
EC Bahia,2024-02-04,1912.91
EC Bahia,2024-02-08,1897.12
EC Bahia,2024-02-10,1960.45
EC Bahia,2024-02-16,1970.68
EC Bahia,2024-02-18,1971.04
EC Bahia,2024-02-22,1963.4
EC Bahia,2024-02-25,1958.7
EC Bahia,2024-02-29,1951.04
EC Bahia,2024-03-03,1919.24
EC Bahia,2024-03-07,1936.11
EC Bahia,2024-03-09,1919.45
EC Bahia,2024-03-13,1925.66
EC Bahia,2024-03-16,1917.09
EC Bahia,2024-03-21,1922.38
EC Bahia,2024-03-24,1957.44
EC Bahia,2024-03-28,1842.0
EC Bahia,2024-04-13,1894.01
EC Bahia,2024-04-17,1881.04
EC Bahia,2024-04-21,1915.11
EC Bahia,2024-04-28,1911.65
EC Bahia,2024-05-01,1906.31
EC Bahia,2024-05-05,1911.48
EC Bahia,2024-05-12,1939.38
EC Bahia,2024-05-24,1930.76
EC Bahia,2024-05-26,1931.53
EC Bahia,2024-06-02,1941.2
EC Bahia,2024-06-14,1934.53
EC Bahia,2024-06-16,1951.78
EC Bahia,2024-06-21,1955.11
EC Bahia,2024-06-23,1954.51
EC Bahia,2024-06-27,1952.95
EC Bahia,2024-06-30,1944.76
EC Bahia,2024-07-05,1945.92
EC Bahia,2024-07-07,1954.65
EC Bahia,2024-07-11,1976.47
EC Bahia,2024-07-13,1982.24
EC Bahia,2024-07-21,1976.55
EC Bahia,2024-07-25,1969.12
EC Bahia,2024-07-28,1969.57
EC Bahia,2024-07-31,1947.33
EC Bahia,2024-08-04,1928.14
EC Bahia,2024-08-08,1916.68
EC Bahia,2024-08-11,1917.74
EC Bahia,2024-08-17,1952.76
EC Bahia,2024-08-25,1955.54
EC Bahia,2024-08-29,1932.31
EC Bahia,2024-09-01,1908.04
EC Bahia,2024-09-13,1944.71
EC Bahia,2024-09-15,1957.4
EC Bahia,2024-09-22,1959.03
EC Bahia,2024-09-29,1968.26
EC Bahia,2024-10-06,1952.71
EC Bahia,2024-10-19,1943.99
EC Bahia,2024-10-29,1939.36
EC Bahia,2024-11-06,1958.58
EC Bahia,2024-11-09,1940.29
EC Bahia,2024-11-20,1942.26
EC Bahia,2024-11-24,1918.5
EC Bahia,2024-11-30,1926.81
EC Bahia,2024-12-04,1917.44
EC Bahia,2024-12-08,1940.27
EC Bahia,2025-01-12,1858.46
EC Bahia,2025-01-17,1797.93
EC Bahia,2025-01-19,1786.31
EC Bahia,2025-01-24,1831.2
EC Bahia,2025-01-26,1809.67
EC Bahia,2025-01-29,1847.63
EC Bahia,2025-02-01,1824.68
EC Bahia,2025-02-05,1857.14
EC Bahia,2025-02-09,1905.69
EC Bahia,2025-02-12,1928.95
EC Bahia,2025-02-15,1935.23
EC Bahia,2025-02-19,1891.97
EC Bahia,2025-02-22,1843.94
EC Bahia,2025-02-26,1889.07
EC Bahia,2025-03-01,1887.71
EC Bahia,2025-03-07,1897.55
EC Bahia,2025-03-09,1944.55
EC Bahia,2025-03-14,1937.63
EC Bahia,2025-03-16,1931.85
EC Bahia,2025-03-19,1925.43
EC Bahia,2025-03-23,1950.47
EC Bahia,2025-03-26,1954.18
EC Bahia,2025-03-31,1965.42
EC Bahia,2025-04-04,1968.22
EC Bahia,2025-04-07,1959.74
EC Bahia,2025-04-10,1952.55
EC Bahia,2025-04-13,1943.52
EC Bahia,2025-04-18,1949.53
EC Bahia,2025-04-22,1947.63
EC Bahia,2025-04-25,1954.82
EC Bahia,2025-04-27,1929.31
EC Bahia,2025-05-01,1948.81
EC Bahia,2025-05-04,1930.62
EC Bahia,2025-05-08,1941.38
EC Bahia,2025-05-11,1929.09
EC Bahia,2025-05-15,1897.52
EC Bahia,2025-05-18,1892.39
EC Bahia,2025-05-22,1881.47
EC Bahia,2025-05-25,1914.87
EC Bahia,2025-05-29,1928.7
EC Bahia,2025-05-31,1959.29
EC Bahia,2025-06-05,1900.87
EC Bahia,2025-06-07,1879.05
EC Bahia,2025-06-13,1918.24
EC Bahia,2025-07-10,1928.13
EC Bahia,2025-07-13,1926.85
EC Bahia,2025-07-16,1917.82
EC Bahia,2025-07-19,1943.26
EC Bahia,2025-07-23,1979.88
EC Bahia,2025-07-27,1995.32
EC Bahia,2025-07-31,1987.05
EC Bahia,2025-08-02,1978.24
EC Bahia,2025-08-07,1971.26
EC Bahia,2025-08-10,2001.37
EC Bahia,2025-08-17,2001.27
EC Bahia,2025-08-21,1973.16
EC Bahia,2025-08-24,1993.66
EC Bahia,2025-08-29,1968.75
EC Bahia,2025-08-31,1961.5
EC Bahia,2025-09-04,1977.05
EC Bahia,2025-09-06,1955.86
EC Bahia,2025-09-11,1897.38
EC Bahia,2025-09-16,1904.01
EC Bahia,2025-09-20,1917.79
EC Bahia,2025-09-25,1919.16
EC Bahia,2025-09-28,1900.85
EC Bahia,2025-10-02,1907.53
EC Bahia,2025-10-05,1893.43
EC Bahia,2025-10-17,1891.66
EC Bahia,2025-10-20,1909.72
EC Bahia,2025-10-23,1931.92
EC Bahia,2025-10-26,1935.5
EC Bahia,2025-11-02,1946.06
EC Bahia,2025-11-06,1946.99
EC Bahia,2025-11-08,1944.38
EC Bahia,2025-11-20,1948.19
EC Bahia,2025-11-23,1946.78
EC Bahia,2025-11-28,1942.24
EC Bahia,2025-12-04,1964.56
EC Bahia,2025-12-07,1975.52
EC Bahia,2026-01-11,1866.76
EC Bahia,2026-01-14,1827.86
EC Bahia,2026-01-17,1864.23
EC Bahia,2026-01-20,1933.19
EC Bahia,2026-01-25,1963.07
EC Bahia,2026-01-29,1976.63
EC Bahia,2026-02-01,1937.68
EC Bahia,2026-02-05,1965.5
EC Bahia,2026-02-08,1952.05
EC Bahia,2026-02-12,1956.97
EC Bahia,2026-02-14,1937.33
EC Bahia,2026-02-18,1933.97
EC Bahia,2026-02-22,1941.55
EC Bahia,2026-02-25,1937.28
EC Bahia,2026-02-28,1949.18
EC Bahia,2026-03-07,1912.09
EC Bahia,2026-03-12,1927.72
EC Bahia,2026-03-15,1904.62
EC Bahia,2026-03-18,1927.89
EC Bahia,2026-03-22,1922.73
EC Bahia,2026-04-02,1909.95
EC Bahia,2026-04-06,1908.95
EC Bahia,2026-04-11,1917.27
EC Bahia,2026-04-20,1929.49
EC Bahia,2026-04-23,1929.58
EC Bahia,2026-04-25,1926.74
EC Bahia,2026-05-03,1916.17
EC Bahia,2026-05-10,1912.13
EC Bahia,2026-05-14,1913.21
EC Bahia,2026-05-17,1929.0
EC Bahia,2026-05-26,1922.49
EC Bahia,2026-05-30,1885.87
EC Bahia,2026-07-18,1899.64
EC Bahia,2026-07-22,1894.16
EC Vitoria Salvador,2023-07-20,1778.24
EC Vitoria Salvador,2023-07-25,1767.19
EC Vitoria Salvador,2023-07-30,1766.37
EC Vitoria Salvador,2023-08-03,1775.38
EC Vitoria Salvador,2023-08-08,1783.43
EC Vitoria Salvador,2023-08-13,1766.99
EC Vitoria Salvador,2023-08-19,1774.31
EC Vitoria Salvador,2023-08-27,1770.84
EC Vitoria Salvador,2023-09-02,1777.01
EC Vitoria Salvador,2023-09-10,1780.47
EC Vitoria Salvador,2023-09-17,1768.95
EC Vitoria Salvador,2023-09-23,1765.89
EC Vitoria Salvador,2023-09-30,1770.09
EC Vitoria Salvador,2023-10-08,1780.55
EC Vitoria Salvador,2023-10-15,1776.6
EC Vitoria Salvador,2023-10-21,1775.73
EC Vitoria Salvador,2023-10-29,1783.16
EC Vitoria Salvador,2023-11-05,1789.51
EC Vitoria Salvador,2023-11-12,1799.22
EC Vitoria Salvador,2023-11-18,1776.11
EC Vitoria Salvador,2023-11-25,1718.55
EC Vitoria Salvador,2024-01-17,1753.15
EC Vitoria Salvador,2024-01-20,1760.28
EC Vitoria Salvador,2024-01-25,1752.75
EC Vitoria Salvador,2024-01-28,1747.15
EC Vitoria Salvador,2024-02-01,1756.84
EC Vitoria Salvador,2024-02-04,1784.74
EC Vitoria Salvador,2024-02-07,1778.4
EC Vitoria Salvador,2024-02-10,1801.28
EC Vitoria Salvador,2024-02-15,1779.7
EC Vitoria Salvador,2024-02-18,1779.34
EC Vitoria Salvador,2024-02-21,1803.49
EC Vitoria Salvador,2024-02-25,1791.88
EC Vitoria Salvador,2024-03-03,1823.75
EC Vitoria Salvador,2024-03-06,1836.35
EC Vitoria Salvador,2024-03-10,1837.33
EC Vitoria Salvador,2024-03-17,1816.41
EC Vitoria Salvador,2024-03-21,1811.12
EC Vitoria Salvador,2024-03-24,1819.03
EC Vitoria Salvador,2024-03-28,1863.97
EC Vitoria Salvador,2024-04-14,1833.96
EC Vitoria Salvador,2024-04-21,1799.89
EC Vitoria Salvador,2024-04-28,1767.3
EC Vitoria Salvador,2024-05-03,1781.11
EC Vitoria Salvador,2024-05-05,1781.45
EC Vitoria Salvador,2024-05-12,1786.57
EC Vitoria Salvador,2024-05-23,1795.32
EC Vitoria Salvador,2024-06-01,1801.7
EC Vitoria Salvador,2024-06-06,1809.84
EC Vitoria Salvador,2024-06-12,1791.37
EC Vitoria Salvador,2024-06-16,1821.12
EC Vitoria Salvador,2024-06-20,1821.12
EC Vitoria Salvador,2024-06-23,1776.55
EC Vitoria Salvador,2024-06-28,1808.26
EC Vitoria Salvador,2024-06-30,1806.53
EC Vitoria Salvador,2024-07-05,1821.61
EC Vitoria Salvador,2024-07-07,1803.43
EC Vitoria Salvador,2024-07-12,1801.03
EC Vitoria Salvador,2024-07-18,1811.32
EC Vitoria Salvador,2024-07-21,1815.39
EC Vitoria Salvador,2024-07-25,1809.06
EC Vitoria Salvador,2024-07-28,1814.64
EC Vitoria Salvador,2024-08-03,1786.59
EC Vitoria Salvador,2024-08-11,1785.53
EC Vitoria Salvador,2024-08-20,1815.93
EC Vitoria Salvador,2024-08-25,1832.79
EC Vitoria Salvador,2024-09-01,1829.11
EC Vitoria Salvador,2024-09-14,1822.2
EC Vitoria Salvador,2024-09-21,1821.92
EC Vitoria Salvador,2024-09-29,1810.01
EC Vitoria Salvador,2024-10-05,1842.68
EC Vitoria Salvador,2024-10-19,1863.14
EC Vitoria Salvador,2024-10-26,1860.68
EC Vitoria Salvador,2024-11-02,1846.33
EC Vitoria Salvador,2024-11-09,1822.03
EC Vitoria Salvador,2024-11-20,1836.46
EC Vitoria Salvador,2024-11-23,1830.69
EC Vitoria Salvador,2024-12-01,1848.51
EC Vitoria Salvador,2024-12-05,1856.36
EC Vitoria Salvador,2024-12-08,1842.9
EC Vitoria Salvador,2025-01-11,1794.78
EC Vitoria Salvador,2025-01-16,1761.51
EC Vitoria Salvador,2025-01-19,1764.58
EC Vitoria Salvador,2025-01-23,1785.06
EC Vitoria Salvador,2025-01-25,1743.91
EC Vitoria Salvador,2025-01-30,1737.36
EC Vitoria Salvador,2025-02-01,1760.31
EC Vitoria Salvador,2025-02-05,1775.15
EC Vitoria Salvador,2025-02-08,1795.49
EC Vitoria Salvador,2025-02-11,1802.63
EC Vitoria Salvador,2025-02-16,1829.83
EC Vitoria Salvador,2025-02-20,1849.87
EC Vitoria Salvador,2025-02-22,1843.98
EC Vitoria Salvador,2025-02-25,1891.23
EC Vitoria Salvador,2025-03-01,1876.8
EC Vitoria Salvador,2025-03-06,1884.47
EC Vitoria Salvador,2025-03-08,1868.56
EC Vitoria Salvador,2025-03-12,1895.45
EC Vitoria Salvador,2025-03-16,1901.23
EC Vitoria Salvador,2025-03-20,1897.73
EC Vitoria Salvador,2025-03-23,1872.7
EC Vitoria Salvador,2025-03-27,1834.9
EC Vitoria Salvador,2025-03-29,1840.73
EC Vitoria Salvador,2025-04-03,1861.51
EC Vitoria Salvador,2025-04-06,1852.98
EC Vitoria Salvador,2025-04-11,1843.3
EC Vitoria Salvador,2025-04-14,1855.71
EC Vitoria Salvador,2025-04-17,1821.39
EC Vitoria Salvador,2025-04-20,1839.97
EC Vitoria Salvador,2025-04-24,1839.05
EC Vitoria Salvador,2025-04-27,1844.33
EC Vitoria Salvador,2025-05-03,1851.3
EC Vitoria Salvador,2025-05-07,1824.24
EC Vitoria Salvador,2025-05-10,1840.67
EC Vitoria Salvador,2025-05-15,1820.32
EC Vitoria Salvador,2025-05-18,1825.44
EC Vitoria Salvador,2025-05-25,1853.79
EC Vitoria Salvador,2025-05-29,1854.64
EC Vitoria Salvador,2025-06-01,1854.09
EC Vitoria Salvador,2025-06-13,1828.01
EC Vitoria Salvador,2025-07-09,1843.59
EC Vitoria Salvador,2025-07-12,1836.62
EC Vitoria Salvador,2025-07-17,1823.35
EC Vitoria Salvador,2025-07-20,1839.57
EC Vitoria Salvador,2025-07-24,1817.79
EC Vitoria Salvador,2025-07-26,1801.18
EC Vitoria Salvador,2025-08-04,1838.02
EC Vitoria Salvador,2025-08-09,1858.12
EC Vitoria Salvador,2025-08-16,1832.36
EC Vitoria Salvador,2025-08-26,1828.53
EC Vitoria Salvador,2025-08-31,1802.62
EC Vitoria Salvador,2025-09-13,1797.09
EC Vitoria Salvador,2025-09-20,1815.65
EC Vitoria Salvador,2025-09-28,1829.74
EC Vitoria Salvador,2025-10-03,1831.24
EC Vitoria Salvador,2025-10-05,1826.11
EC Vitoria Salvador,2025-10-17,1827.88
EC Vitoria Salvador,2025-10-21,1827.4
EC Vitoria Salvador,2025-10-25,1829.28
EC Vitoria Salvador,2025-11-01,1822.78
EC Vitoria Salvador,2025-11-05,1815.8
EC Vitoria Salvador,2025-11-09,1809.11
EC Vitoria Salvador,2025-11-19,1831.84
EC Vitoria Salvador,2025-11-23,1850.43
EC Vitoria Salvador,2025-11-29,1862.35
EC Vitoria Salvador,2025-12-03,1844.47
EC Vitoria Salvador,2025-12-07,1835.45
EC Vitoria Salvador,2026-01-10,1803.18
EC Vitoria Salvador,2026-01-13,1738.74
EC Vitoria Salvador,2026-01-18,1711.74
EC Vitoria Salvador,2026-01-21,1748.42
EC Vitoria Salvador,2026-01-25,1718.55
EC Vitoria Salvador,2026-01-28,1755.28
EC Vitoria Salvador,2026-02-01,1785.79
EC Vitoria Salvador,2026-02-05,1812.47
EC Vitoria Salvador,2026-02-07,1823.18
EC Vitoria Salvador,2026-02-11,1779.84
EC Vitoria Salvador,2026-02-18,1787.68
EC Vitoria Salvador,2026-02-22,1783.38
EC Vitoria Salvador,2026-03-01,1792.74
EC Vitoria Salvador,2026-03-07,1829.84
EC Vitoria Salvador,2026-03-12,1814.2
EC Vitoria Salvador,2026-03-14,1850.34
EC Vitoria Salvador,2026-03-19,1850.24
EC Vitoria Salvador,2026-03-22,1839.11
EC Vitoria Salvador,2026-03-25,1823.24
EC Vitoria Salvador,2026-03-28,1862.98
EC Vitoria Salvador,2026-04-02,1853.93
EC Vitoria Salvador,2026-04-05,1849.76
EC Vitoria Salvador,2026-04-09,1843.33
EC Vitoria Salvador,2026-04-11,1838.46
EC Vitoria Salvador,2026-04-16,1849.07
EC Vitoria Salvador,2026-04-19,1854.85
EC Vitoria Salvador,2026-04-23,1845.01
EC Vitoria Salvador,2026-04-26,1828.47
EC Vitoria Salvador,2026-04-30,1840.51
EC Vitoria Salvador,2026-05-02,1843.6
EC Vitoria Salvador,2026-05-07,1866.77
EC Vitoria Salvador,2026-05-09,1862.4
EC Vitoria Salvador,2026-05-15,1867.95
EC Vitoria Salvador,2026-05-17,1858.25
EC Vitoria Salvador,2026-05-21,1838.26
EC Vitoria Salvador,2026-05-23,1838.0
EC Vitoria Salvador,2026-05-28,1871.82
EC Vitoria Salvador,2026-05-31,1845.66
EC Vitoria Salvador,2026-06-03,1859.14
EC Vitoria Salvador,2026-06-06,1842.05
EC Vitoria Salvador,2026-07-17,1828.27
EC Vitoria Salvador,2026-07-24,1823.3
Flamengo,2023-07-22,2013.06
Flamengo,2023-07-27,2003.7
Flamengo,2023-07-30,1999.07
Flamengo,2023-08-04,2056.3
Flamengo,2023-08-07,2041.32
Flamengo,2023-08-11,2037.59
Flamengo,2023-08-13,2019.53
Flamengo,2023-08-17,1988.54
Flamengo,2023-08-20,1998.08
Flamengo,2023-08-26,1992.44
Flamengo,2023-09-03,1981.08
Flamengo,2023-09-14,1967.99
Flamengo,2023-09-17,1965.68
Flamengo,2023-09-21,1931.01
Flamengo,2023-09-24,1924.78
Flamengo,2023-09-30,1940.28
Flamengo,2023-10-08,1967.38
Flamengo,2023-10-20,1990.15
Flamengo,2023-10-22,1999.12
Flamengo,2023-10-26,2033.4
Flamengo,2023-11-02,2023.68
Flamengo,2023-11-05,1989.88
Flamengo,2023-11-09,1989.16
Flamengo,2023-11-11,1967.04
Flamengo,2023-11-24,1983.8
Flamengo,2023-11-26,2023.72
Flamengo,2023-11-29,2044.18
Flamengo,2023-12-03,2056.33
Flamengo,2023-12-07,2061.36
Flamengo,2024-01-18,2026.6
Flamengo,2024-01-21,1923.1
Flamengo,2024-01-27,1895.83
Flamengo,2024-02-01,2013.83
Flamengo,2024-02-04,2023.83
Flamengo,2024-02-08,2026.79
Flamengo,2024-02-10,2014.22
Flamengo,2024-02-16,2011.26
Flamengo,2024-02-21,2033.62
Flamengo,2024-02-25,2030.27
Flamengo,2024-03-02,2054.18
Flamengo,2024-03-10,2058.18
Flamengo,2024-03-17,2054.81
Flamengo,2024-03-30,2038.29
Flamengo,2024-04-03,2022.64
Flamengo,2024-04-11,2047.83
Flamengo,2024-04-14,2076.62
Flamengo,2024-04-18,2080.1
Flamengo,2024-04-21,2090.57
Flamengo,2024-04-25,2038.01
Flamengo,2024-04-28,2013.14
Flamengo,2024-05-02,2011.41
Flamengo,2024-05-04,2011.64
Flamengo,2024-05-08,2021.26
Flamengo,2024-05-11,2020.98
Flamengo,2024-05-16,2039.9
Flamengo,2024-05-23,2060.6
Flamengo,2024-05-29,2068.1
Flamengo,2024-06-02,2085.0
Flamengo,2024-06-14,2073.89
Flamengo,2024-06-16,2065.07
Flamengo,2024-06-21,2061.73
Flamengo,2024-06-23,2074.49
Flamengo,2024-06-27,2064.85
Flamengo,2024-06-30,2062.97
Flamengo,2024-07-04,2051.89
Flamengo,2024-07-07,2052.68
Flamengo,2024-07-12,2050.03
Flamengo,2024-07-20,2036.21
Flamengo,2024-07-25,2042.54
Flamengo,2024-07-28,2062.12
Flamengo,2024-08-01,2057.53
Flamengo,2024-08-04,2039.91
Flamengo,2024-08-08,2042.68
Flamengo,2024-08-11,2064.3
Flamengo,2024-08-16,2076.38
Flamengo,2024-08-18,2077.12
Flamengo,2024-08-23,2014.81
Flamengo,2024-08-26,2002.31
Flamengo,2024-08-29,2025.54
Flamengo,2024-09-01,2020.28
Flamengo,2024-09-13,1983.61
Flamengo,2024-09-15,1959.07
Flamengo,2024-09-20,1985.22
Flamengo,2024-09-22,1959.39
Flamengo,2024-09-27,1989.62
Flamengo,2024-09-30,1962.77
Flamengo,2024-10-03,1983.76
Flamengo,2024-10-06,1999.3
Flamengo,2024-10-18,2000.38
Flamengo,2024-10-20,2009.01
Flamengo,2024-10-26,2003.47
Flamengo,2024-10-30,1988.85
Flamengo,2024-11-03,1991.81
Flamengo,2024-11-07,2006.41
Flamengo,2024-11-10,1982.01
Flamengo,2024-11-14,1952.72
Flamengo,2024-11-20,1956.49
Flamengo,2024-11-27,1992.11
Flamengo,2024-12-01,2022.7
Flamengo,2024-12-05,1994.91
Flamengo,2024-12-08,2008.37
Flamengo,2025-01-12,1911.48
Flamengo,2025-01-16,1858.34
Flamengo,2025-01-20,1823.15
Flamengo,2025-01-22,1802.54
Flamengo,2025-01-25,1901.78
Flamengo,2025-01-31,1954.66
Flamengo,2025-02-05,1964.46
Flamengo,2025-02-08,2026.18
Flamengo,2025-02-13,2075.88
Flamengo,2025-02-16,2119.89
Flamengo,2025-02-22,2113.55
Flamengo,2025-03-01,2108.68
Flamengo,2025-03-08,2122.74
Flamengo,2025-03-13,2125.54
Flamengo,2025-03-16,2145.03
Flamengo,2025-03-30,2146.47
Flamengo,2025-04-04,2120.4
Flamengo,2025-04-06,2128.93
Flamengo,2025-04-10,2127.05
Flamengo,2025-04-13,2140.76
Flamengo,2025-04-17,2137.67
Flamengo,2025-04-19,2161.81
Flamengo,2025-04-23,2105.7
Flamengo,2025-04-27,2101.57
Flamengo,2025-05-02,2147.2
Flamengo,2025-05-04,2136.57
Flamengo,2025-05-08,2131.31
Flamengo,2025-05-11,2143.59
Flamengo,2025-05-16,2174.14
Flamengo,2025-05-18,2134.53
Flamengo,2025-05-22,2126.48
Flamengo,2025-05-25,2113.32
Flamengo,2025-05-29,2134.03
Flamengo,2025-06-01,2134.17
Flamengo,2025-06-17,2203.76
Flamengo,2025-06-20,2200.27
Flamengo,2025-06-25,2169.76
Flamengo,2025-07-12,2191.07
Flamengo,2025-07-17,2167.07
Flamengo,2025-07-21,2174.84
Flamengo,2025-07-24,2149.36
Flamengo,2025-07-28,2152.78
Flamengo,2025-08-01,2131.44
Flamengo,2025-08-03,2121.45
Flamengo,2025-08-07,2113.78
Flamengo,2025-08-09,2115.51
Flamengo,2025-08-14,2130.91
Flamengo,2025-08-17,2134.98
Flamengo,2025-08-21,2117.7
Flamengo,2025-08-26,2121.53
Flamengo,2025-08-31,2125.65
Flamengo,2025-09-14,2123.61
Flamengo,2025-09-19,2123.25
Flamengo,2025-09-21,2113.19
Flamengo,2025-09-26,2096.25
Flamengo,2025-09-29,2126.39
Flamengo,2025-10-03,2131.35
Flamengo,2025-10-05,2145.44
Flamengo,2025-10-16,2159.38
Flamengo,2025-10-19,2162.79
Flamengo,2025-10-23,2154.94
Flamengo,2025-10-26,2139.55
Flamengo,2025-10-30,2098.93
Flamengo,2025-11-02,2099.32
Flamengo,2025-11-06,2130.36
Flamengo,2025-11-09,2125.28
Flamengo,2025-11-15,2122.71
Flamengo,2025-11-20,2131.47
Flamengo,2025-11-23,2117.71
Flamengo,2025-11-26,2127.18
Flamengo,2025-11-29,2103.56
Flamengo,2025-12-04,2103.98
Flamengo,2025-12-06,1997.32
Flamengo,2026-01-11,1893.88
Flamengo,2026-01-15,1856.41
Flamengo,2026-01-18,1813.56
Flamengo,2026-01-22,1807.8
Flamengo,2026-01-25,1886.62
Flamengo,2026-01-29,1929.41
Flamengo,2026-02-04,1940.71
Flamengo,2026-02-08,2010.51
Flamengo,2026-02-11,2053.84
Flamengo,2026-02-15,2083.41
Flamengo,2026-02-23,2102.36
Flamengo,2026-03-03,2116.55
Flamengo,2026-03-08,2117.89
Flamengo,2026-03-12,2127.03
Flamengo,2026-03-15,2127.77
Flamengo,2026-03-20,2131.75
Flamengo,2026-03-23,2120.43
Flamengo,2026-04-03,2110.08
Flamengo,2026-04-05,2101.18
Flamengo,2026-04-09,2054.28
Flamengo,2026-04-12,2087.08
Flamengo,2026-04-17,2082.7
Flamengo,2026-04-20,2070.49
Flamengo,2026-04-23,2080.33
Flamengo,2026-04-27,2091.64
Flamengo,2026-04-30,2094.62
Flamengo,2026-05-03,2098.64
Flamengo,2026-05-08,2098.88
Flamengo,2026-05-11,2108.98
Flamengo,2026-05-15,2103.44
Flamengo,2026-05-18,2106.82
Flamengo,2026-05-21,2083.89
Flamengo,2026-05-24,2077.34
Flamengo,2026-05-27,2050.89
Flamengo,2026-05-30,2049.19
Flamengo,2026-07-23,2034.67
Fluminense,2023-07-25,1945.12
Fluminense,2023-07-29,1953.59
Fluminense,2023-08-02,1931.23
Fluminense,2023-08-06,1951.82
Fluminense,2023-08-09,1947.94
Fluminense,2023-08-13,1972.78
Fluminense,2023-08-19,1966.63
Fluminense,2023-08-25,1969.64
Fluminense,2023-08-27,1947.31
Fluminense,2023-09-01,1928.16
Fluminense,2023-09-03,1976.43
Fluminense,2023-09-16,1983.42
Fluminense,2023-09-21,1972.89
Fluminense,2023-09-28,1955.1
Fluminense,2023-09-30,1929.07
Fluminense,2023-10-05,1913.83
Fluminense,2023-10-08,1914.62
Fluminense,2023-10-20,1908.93
Fluminense,2023-10-22,1925.91
Fluminense,2023-10-26,1934.05
Fluminense,2023-10-29,1921.62
Fluminense,2023-10-31,1867.34
Fluminense,2023-11-04,1904.55
Fluminense,2023-11-08,1895.39
Fluminense,2023-11-11,1917.51
Fluminense,2023-11-23,1911.38
Fluminense,2023-11-26,1914.12
Fluminense,2023-11-29,1906.22
Fluminense,2023-12-03,1877.51
Fluminense,2023-12-07,1863.01
Fluminense,2023-12-18,1942.62
Fluminense,2023-12-22,1951.74
Fluminense,2024-01-19,1896.47
Fluminense,2024-01-21,1878.77
Fluminense,2024-01-26,1845.91
Fluminense,2024-01-28,1783.99
Fluminense,2024-02-02,1846.36
Fluminense,2024-02-04,1860.49
Fluminense,2024-02-09,1903.67
Fluminense,2024-02-15,1924.97
Fluminense,2024-02-17,1949.12
Fluminense,2024-02-25,1952.48
Fluminense,2024-03-03,1913.2
Fluminense,2024-03-10,1909.2
Fluminense,2024-03-17,1912.58
Fluminense,2024-04-04,1919.27
Fluminense,2024-04-10,1922.1
Fluminense,2024-04-14,1936.89
Fluminense,2024-04-17,1949.86
Fluminense,2024-04-20,1940.15
Fluminense,2024-04-26,1929.56
Fluminense,2024-04-28,1938.41
Fluminense,2024-05-01,1939.33
Fluminense,2024-05-04,1926.56
Fluminense,2024-05-10,1900.29
Fluminense,2024-05-14,1880.12
Fluminense,2024-05-17,1892.83
Fluminense,2024-05-23,1916.57
Fluminense,2024-05-30,1879.94
Fluminense,2024-06-01,1883.55
Fluminense,2024-06-12,1890.43
Fluminense,2024-06-16,1877.42
Fluminense,2024-06-20,1874.8
Fluminense,2024-06-23,1862.03
Fluminense,2024-06-28,1830.32
Fluminense,2024-06-30,1824.3
Fluminense,2024-07-05,1844.24
Fluminense,2024-07-07,1839.08
Fluminense,2024-07-12,1830.57
Fluminense,2024-07-22,1848.79
Fluminense,2024-07-25,1866.99
Fluminense,2024-07-28,1897.44
Fluminense,2024-08-02,1896.76
Fluminense,2024-08-04,1915.95
Fluminense,2024-08-08,1925.74
Fluminense,2024-08-11,1933.33
Fluminense,2024-08-14,1900.7
Fluminense,2024-08-18,1880.51
Fluminense,2024-08-21,1891.26
Fluminense,2024-08-25,1906.54
Fluminense,2024-09-01,1905.36
Fluminense,2024-09-15,1907.84
Fluminense,2024-09-19,1897.01
Fluminense,2024-09-21,1884.76
Fluminense,2024-09-26,1855.3
Fluminense,2024-09-29,1875.97
Fluminense,2024-10-04,1877.01
Fluminense,2024-10-18,1875.93
Fluminense,2024-10-23,1888.78
Fluminense,2024-10-26,1891.23
Fluminense,2024-11-02,1895.95
Fluminense,2024-11-08,1889.08
Fluminense,2024-11-23,1890.55
Fluminense,2024-11-26,1902.74
Fluminense,2024-12-01,1910.95
Fluminense,2024-12-06,1921.57
Fluminense,2024-12-08,1919.99
Fluminense,2025-01-12,1878.99
Fluminense,2025-01-16,1862.69
Fluminense,2025-01-18,1893.24
Fluminense,2025-01-24,1946.43
Fluminense,2025-01-26,1966.93
Fluminense,2025-01-30,1922.59
Fluminense,2025-02-03,1961.26
Fluminense,2025-02-06,1993.75
Fluminense,2025-02-08,1932.03
Fluminense,2025-02-16,1958.37
Fluminense,2025-02-23,1965.22
Fluminense,2025-02-26,1979.74
Fluminense,2025-03-02,1999.84
Fluminense,2025-03-05,2013.63
Fluminense,2025-03-09,2021.26
Fluminense,2025-03-13,2018.47
Fluminense,2025-03-16,1998.97
Fluminense,2025-03-29,1977.76
Fluminense,2025-04-02,1942.27
Fluminense,2025-04-06,1934.77
Fluminense,2025-04-11,1963.33
Fluminense,2025-04-14,1964.45
Fluminense,2025-04-17,1994.29
Fluminense,2025-04-20,1975.7
Fluminense,2025-04-24,1898.07
Fluminense,2025-04-27,1945.41
Fluminense,2025-04-30,1961.46
Fluminense,2025-05-03,1953.02
Fluminense,2025-05-09,1904.89
Fluminense,2025-05-11,1930.73
Fluminense,2025-05-15,1919.51
Fluminense,2025-05-18,1959.78
Fluminense,2025-05-22,1965.53
Fluminense,2025-05-24,1944.3
Fluminense,2025-05-30,1945.85
Fluminense,2025-06-02,1943.72
Fluminense,2025-06-22,2039.26
Fluminense,2025-06-25,2037.39
Fluminense,2025-07-04,1982.52
Fluminense,2025-07-08,1997.38
Fluminense,2025-07-18,2003.84
Fluminense,2025-07-21,1996.07
Fluminense,2025-07-24,2033.01
Fluminense,2025-07-27,1994.47
Fluminense,2025-07-31,1981.71
Fluminense,2025-08-03,1955.62
Fluminense,2025-08-07,1938.45
Fluminense,2025-08-10,1908.35
Fluminense,2025-08-13,1871.81
Fluminense,2025-08-16,1884.09
Fluminense,2025-08-20,1855.55
Fluminense,2025-08-23,1906.31
Fluminense,2025-08-29,1931.22
Fluminense,2025-08-31,1935.09
Fluminense,2025-09-11,1993.56
Fluminense,2025-09-14,1958.01
Fluminense,2025-09-17,1947.49
Fluminense,2025-09-20,1928.92
Fluminense,2025-09-24,1943.05
Fluminense,2025-09-28,1949.36
Fluminense,2025-10-02,1975.27
Fluminense,2025-10-04,1960.76
Fluminense,2025-10-09,1966.7
Fluminense,2025-10-17,1983.95
Fluminense,2025-10-21,2007.78
Fluminense,2025-10-25,2003.19
Fluminense,2025-10-29,2007.93
Fluminense,2025-11-02,2007.68
Fluminense,2025-11-06,2000.27
Fluminense,2025-11-09,1978.96
Fluminense,2025-11-20,1970.2
Fluminense,2025-11-23,1959.85
Fluminense,2025-11-28,1997.18
Fluminense,2025-12-03,2024.97
Fluminense,2025-12-07,2014.02
Fluminense,2025-12-12,2027.79
Fluminense,2025-12-15,2010.11
Fluminense,2026-01-14,1952.05
Fluminense,2026-01-17,1917.18
Fluminense,2026-01-23,1942.07
Fluminense,2026-01-25,1863.25
Fluminense,2026-01-28,1956.54
Fluminense,2026-02-02,1964.28
Fluminense,2026-02-05,1936.46
Fluminense,2026-02-09,1975.9
Fluminense,2026-02-12,1940.01
Fluminense,2026-02-16,1949.28
Fluminense,2026-02-22,1982.8
Fluminense,2026-02-26,1947.92
Fluminense,2026-03-01,1960.6
Fluminense,2026-03-08,1959.26
Fluminense,2026-03-12,1952.0
Fluminense,2026-03-15,1949.34
Fluminense,2026-03-19,1976.9
Fluminense,2026-03-21,2006.95
Fluminense,2026-04-02,2015.05
Fluminense,2026-04-05,2005.87
Fluminense,2026-04-08,1999.09
Fluminense,2026-04-12,1966.28
Fluminense,2026-04-16,1968.78
Fluminense,2026-04-19,1971.48
Fluminense,2026-04-24,1961.86
Fluminense,2026-04-27,1966.95
Fluminense,2026-05-01,1927.05
Fluminense,2026-05-03,1936.96
Fluminense,2026-05-07,1929.77
Fluminense,2026-05-09,1934.14
Fluminense,2026-05-13,1930.62
Fluminense,2026-05-17,1940.29
Fluminense,2026-05-20,1976.72
Fluminense,2026-05-24,1978.63
Fluminense,2026-05-28,1956.54
Fluminense,2026-06-01,1972.07
Fluminense,2026-07-18,1965.68
Gremio Porto Alegre,2023-07-23,1958.26
Gremio Porto Alegre,2023-07-27,1967.62
Gremio Porto Alegre,2023-07-30,1955.55
Gremio Porto Alegre,2023-08-06,1947.56
Gremio Porto Alegre,2023-08-13,1922.72
Gremio Porto Alegre,2023-08-17,1953.72
Gremio Porto Alegre,2023-08-20,1920.93
Gremio Porto Alegre,2023-08-28,1919.0
Gremio Porto Alegre,2023-09-03,1930.63
Gremio Porto Alegre,2023-09-15,1923.6
Gremio Porto Alegre,2023-09-19,1921.04
Gremio Porto Alegre,2023-09-22,1911.16
Gremio Porto Alegre,2023-09-30,1943.17
Gremio Porto Alegre,2023-10-08,1935.11
Gremio Porto Alegre,2023-10-19,1939.13
Gremio Porto Alegre,2023-10-21,1907.35
Gremio Porto Alegre,2023-10-26,1873.08
Gremio Porto Alegre,2023-10-29,1862.55
Gremio Porto Alegre,2023-11-02,1866.33
Gremio Porto Alegre,2023-11-04,1868.6
Gremio Porto Alegre,2023-11-10,1875.93
Gremio Porto Alegre,2023-11-12,1891.21
Gremio Porto Alegre,2023-11-26,1897.94
Gremio Porto Alegre,2023-11-30,1912.36
Gremio Porto Alegre,2023-12-03,1912.46
Gremio Porto Alegre,2023-12-07,1926.95
Gremio Porto Alegre,2024-01-20,1959.92
Gremio Porto Alegre,2024-01-25,1968.78
Gremio Porto Alegre,2024-01-28,1931.29
Gremio Porto Alegre,2024-02-01,1954.67
Gremio Porto Alegre,2024-02-03,1948.27
Gremio Porto Alegre,2024-02-07,1913.05
Gremio Porto Alegre,2024-02-10,1908.0
Gremio Porto Alegre,2024-02-14,1894.15
Gremio Porto Alegre,2024-02-17,1898.57
Gremio Porto Alegre,2024-02-25,1906.69
Gremio Porto Alegre,2024-03-02,1900.16
Gremio Porto Alegre,2024-03-10,1908.43
Gremio Porto Alegre,2024-03-16,1921.0
Gremio Porto Alegre,2024-03-27,1927.11
Gremio Porto Alegre,2024-03-30,1936.92
Gremio Porto Alegre,2024-04-03,1855.4
Gremio Porto Alegre,2024-04-10,1841.35
Gremio Porto Alegre,2024-04-14,1880.16
Gremio Porto Alegre,2024-04-18,1835.22
Gremio Porto Alegre,2024-04-20,1874.66
Gremio Porto Alegre,2024-04-24,1901.76
Gremio Porto Alegre,2024-04-28,1905.22
Gremio Porto Alegre,2024-05-01,1903.46
Gremio Porto Alegre,2024-05-30,1894.65
Gremio Porto Alegre,2024-06-01,1881.18
Gremio Porto Alegre,2024-06-05,1877.01
Gremio Porto Alegre,2024-06-09,1931.2
Gremio Porto Alegre,2024-06-14,1942.32
Gremio Porto Alegre,2024-06-16,1885.14
Gremio Porto Alegre,2024-06-20,1880.44
Gremio Porto Alegre,2024-06-22,1882.03
Gremio Porto Alegre,2024-06-27,1875.68
Gremio Porto Alegre,2024-06-30,1881.69
Gremio Porto Alegre,2024-07-05,1895.83
Gremio Porto Alegre,2024-07-07,1902.54
Gremio Porto Alegre,2024-07-10,1892.08
Gremio Porto Alegre,2024-07-14,1892.99
Gremio Porto Alegre,2024-07-18,1871.43
Gremio Porto Alegre,2024-07-21,1867.36
Gremio Porto Alegre,2024-07-26,1860.68
Gremio Porto Alegre,2024-07-29,1889.02
Gremio Porto Alegre,2024-08-01,1888.53
Gremio Porto Alegre,2024-08-04,1892.93
Gremio Porto Alegre,2024-08-08,1905.38
Gremio Porto Alegre,2024-08-11,1886.44
Gremio Porto Alegre,2024-08-14,1919.07
Gremio Porto Alegre,2024-08-17,1884.05
Gremio Porto Alegre,2024-08-21,1873.3
Gremio Porto Alegre,2024-08-25,1888.01
Gremio Porto Alegre,2024-09-01,1911.55
Gremio Porto Alegre,2024-09-15,1912.53
Gremio Porto Alegre,2024-09-22,1938.34
Gremio Porto Alegre,2024-09-26,1922.14
Gremio Porto Alegre,2024-09-29,1928.91
Gremio Porto Alegre,2024-10-05,1919.95
Gremio Porto Alegre,2024-10-10,1912.36
Gremio Porto Alegre,2024-10-19,1918.76
Gremio Porto Alegre,2024-10-26,1929.28
Gremio Porto Alegre,2024-11-02,1924.56
Gremio Porto Alegre,2024-11-09,1924.4
Gremio Porto Alegre,2024-11-20,1900.64
Gremio Porto Alegre,2024-11-28,1902.48
Gremio Porto Alegre,2024-12-01,1904.03
Gremio Porto Alegre,2024-12-05,1896.18
Gremio Porto Alegre,2024-12-08,1892.53
Gremio Porto Alegre,2025-01-23,1926.8
Gremio Porto Alegre,2025-01-27,1945.78
Gremio Porto Alegre,2025-01-30,1917.61
Gremio Porto Alegre,2025-02-01,1924.28
Gremio Porto Alegre,2025-02-06,1931.41
Gremio Porto Alegre,2025-02-09,1935.33
Gremio Porto Alegre,2025-02-12,1933.12
Gremio Porto Alegre,2025-02-15,1912.98
Gremio Porto Alegre,2025-02-19,1963.85
Gremio Porto Alegre,2025-02-23,1982.03
Gremio Porto Alegre,2025-03-01,1978.87
Gremio Porto Alegre,2025-03-08,1966.4
Gremio Porto Alegre,2025-03-12,1980.57
Gremio Porto Alegre,2025-03-16,1957.26
Gremio Porto Alegre,2025-03-29,1964.8
Gremio Porto Alegre,2025-04-03,1948.24
Gremio Porto Alegre,2025-04-05,1919.99
Gremio Porto Alegre,2025-04-09,1918.74
Gremio Porto Alegre,2025-04-13,1905.03
Gremio Porto Alegre,2025-04-17,1920.08
Gremio Porto Alegre,2025-04-20,1903.65
Gremio Porto Alegre,2025-04-25,1888.26
Gremio Porto Alegre,2025-04-27,1882.97
Gremio Porto Alegre,2025-05-01,1901.22
Gremio Porto Alegre,2025-05-04,1912.46
Gremio Porto Alegre,2025-05-08,1909.02
Gremio Porto Alegre,2025-05-10,1899.12
Gremio Porto Alegre,2025-05-14,1901.38
Gremio Porto Alegre,2025-05-18,1898.88
Gremio Porto Alegre,2025-05-21,1902.1
Gremio Porto Alegre,2025-05-25,1868.7
Gremio Porto Alegre,2025-05-30,1895.53
Gremio Porto Alegre,2025-06-01,1887.29
Gremio Porto Alegre,2025-06-13,1884.12
Gremio Porto Alegre,2025-07-14,1856.08
Gremio Porto Alegre,2025-07-17,1838.5
Gremio Porto Alegre,2025-07-19,1858.68
Gremio Porto Alegre,2025-07-24,1845.51
Gremio Porto Alegre,2025-07-27,1849.26
Gremio Porto Alegre,2025-07-30,1872.2
Gremio Porto Alegre,2025-08-03,1898.3
Gremio Porto Alegre,2025-08-11,1910.9
Gremio Porto Alegre,2025-08-17,1894.08
Gremio Porto Alegre,2025-08-24,1886.13
Gremio Porto Alegre,2025-08-31,1882.01
Gremio Porto Alegre,2025-09-13,1874.49
Gremio Porto Alegre,2025-09-21,1881.76
Gremio Porto Alegre,2025-09-25,1888.84
Gremio Porto Alegre,2025-09-28,1874.76
Gremio Porto Alegre,2025-10-02,1857.91
Gremio Porto Alegre,2025-10-04,1856.51
Gremio Porto Alegre,2025-10-17,1830.12
Gremio Porto Alegre,2025-10-20,1812.06
Gremio Porto Alegre,2025-10-26,1812.4
Gremio Porto Alegre,2025-11-02,1823.8
Gremio Porto Alegre,2025-11-06,1832.97
Gremio Porto Alegre,2025-11-10,1840.79
Gremio Porto Alegre,2025-11-20,1861.54
Gremio Porto Alegre,2025-11-22,1884.17
Gremio Porto Alegre,2025-11-26,1923.2
Gremio Porto Alegre,2025-12-03,1895.41
Gremio Porto Alegre,2025-12-07,1913.5
Gremio Porto Alegre,2026-01-11,1926.32
Gremio Porto Alegre,2026-01-15,1935.49
Gremio Porto Alegre,2026-01-17,1952.35
Gremio Porto Alegre,2026-01-22,1939.53
Gremio Porto Alegre,2026-01-26,1966.03
Gremio Porto Alegre,2026-01-28,1872.74
Gremio Porto Alegre,2026-01-31,1831.88
Gremio Porto Alegre,2026-02-05,1777.95
Gremio Porto Alegre,2026-02-07,1814.4
Gremio Porto Alegre,2026-02-12,1828.77
Gremio Porto Alegre,2026-02-15,1878.03
Gremio Porto Alegre,2026-02-22,1901.24
Gremio Porto Alegre,2026-02-26,1893.96
Gremio Porto Alegre,2026-03-01,1880.66
Gremio Porto Alegre,2026-03-08,1874.09
Gremio Porto Alegre,2026-03-13,1860.45
Gremio Porto Alegre,2026-03-17,1880.66
Gremio Porto Alegre,2026-03-19,1880.75
Gremio Porto Alegre,2026-03-22,1856.38
Gremio Porto Alegre,2026-04-03,1869.3
Gremio Porto Alegre,2026-04-06,1875.74
Gremio Porto Alegre,2026-04-09,1873.08
Gremio Porto Alegre,2026-04-12,1873.82
Gremio Porto Alegre,2026-04-15,1880.09
Gremio Porto Alegre,2026-04-19,1879.86
Gremio Porto Alegre,2026-04-22,1891.25
Gremio Porto Alegre,2026-04-26,1887.67
Gremio Porto Alegre,2026-04-30,1876.2
Gremio Porto Alegre,2026-05-03,1884.18
Gremio Porto Alegre,2026-05-06,1880.99
Gremio Porto Alegre,2026-05-11,1870.89
Gremio Porto Alegre,2026-05-15,1887.98
Gremio Porto Alegre,2026-05-17,1872.19
Gremio Porto Alegre,2026-05-21,1857.07
Gremio Porto Alegre,2026-05-24,1886.97
Gremio Porto Alegre,2026-05-27,1862.21
Gremio Porto Alegre,2026-05-30,1836.45
Gremio Porto Alegre,2026-07-18,1823.61
Gremio Porto Alegre,2026-07-24,1805.3
Internacional,2023-07-23,1895.02
Internacional,2023-07-29,1901.97
Internacional,2023-08-02,1914.68
Internacional,2023-08-05,1889.57
Internacional,2023-08-09,1897.15
Internacional,2023-08-13,1903.67
Internacional,2023-08-19,1881.77
Internacional,2023-08-23,1832.91
Internacional,2023-08-26,1838.55
Internacional,2023-08-30,1854.66
Internacional,2023-09-02,1862.02
Internacional,2023-09-14,1856.52
Internacional,2023-09-22,1854.54
Internacional,2023-09-28,1872.34
Internacional,2023-10-01,1846.26
Internacional,2023-10-05,1861.49
Internacional,2023-10-08,1869.56
Internacional,2023-10-19,1873.53
Internacional,2023-10-22,1890.24
Internacional,2023-10-27,1892.52
Internacional,2023-10-29,1894.22
Internacional,2023-11-01,1887.93
Internacional,2023-11-05,1889.39
Internacional,2023-11-08,1898.54
Internacional,2023-11-12,1905.85
Internacional,2023-11-26,1900.99
Internacional,2023-11-30,1911.28
Internacional,2023-12-02,1908.2
Internacional,2023-12-07,1917.45
Internacional,2024-01-21,1898.77
Internacional,2024-01-24,1874.96
Internacional,2024-01-27,1891.11
Internacional,2024-01-31,1906.57
Internacional,2024-02-03,1913.42
Internacional,2024-02-08,1954.89
Internacional,2024-02-11,1947.98
Internacional,2024-02-15,1938.82
Internacional,2024-02-19,1936.8
Internacional,2024-02-25,1928.68
Internacional,2024-02-29,1930.99
Internacional,2024-03-02,1899.34
Internacional,2024-03-09,1893.09
Internacional,2024-03-14,1930.09
Internacional,2024-03-17,1975.86
Internacional,2024-03-26,1999.54
Internacional,2024-04-03,1973.2
Internacional,2024-04-11,1987.33
Internacional,2024-04-13,1935.32
Internacional,2024-04-18,1929.53
Internacional,2024-04-21,1925.47
Internacional,2024-04-26,1913.2
Internacional,2024-04-29,1946.01
Internacional,2024-05-29,1960.2
Internacional,2024-06-01,1981.62
Internacional,2024-06-05,1997.9
Internacional,2024-06-09,2009.7
Internacional,2024-06-14,1992.25
Internacional,2024-06-16,1962.49
Internacional,2024-06-20,1950.53
Internacional,2024-06-22,1948.93
Internacional,2024-06-27,1963.43
Internacional,2024-06-30,1961.81
Internacional,2024-07-05,1941.88
Internacional,2024-07-07,1949.01
Internacional,2024-07-11,1939.38
Internacional,2024-07-13,1963.36
Internacional,2024-07-17,1957.72
Internacional,2024-07-20,1939.94
Internacional,2024-07-24,1961.16
Internacional,2024-07-28,1960.72
Internacional,2024-08-04,1955.52
Internacional,2024-08-12,1937.28
Internacional,2024-08-15,1921.97
Internacional,2024-08-18,1937.16
Internacional,2024-08-26,1941.29
Internacional,2024-08-29,1949.84
Internacional,2024-09-01,1948.56
Internacional,2024-09-12,1941.63
Internacional,2024-09-17,1983.43
Internacional,2024-09-22,2009.2
Internacional,2024-09-26,2002.05
Internacional,2024-09-29,2013.95
Internacional,2024-10-06,2005.84
Internacional,2024-10-19,1999.44
Internacional,2024-10-27,2037.29
Internacional,2024-10-30,2051.91
Internacional,2024-11-06,2053.3
Internacional,2024-11-08,2060.17
Internacional,2024-11-22,2054.76
Internacional,2024-11-24,2045.4
Internacional,2024-12-01,2014.81
Internacional,2024-12-05,1994.42
Internacional,2024-12-08,1994.37
Internacional,2025-01-22,1993.82
Internacional,2025-01-25,1993.56
Internacional,2025-01-29,2000.35
Internacional,2025-02-03,2019.76
Internacional,2025-02-06,1975.53
Internacional,2025-02-09,1971.61
Internacional,2025-02-13,1993.45
Internacional,2025-02-15,1965.58
Internacional,2025-02-22,1951.87
Internacional,2025-03-02,1990.55
Internacional,2025-03-08,2003.01
Internacional,2025-03-16,2026.32
Internacional,2025-03-30,2024.89
Internacional,2025-04-04,2022.09
Internacional,2025-04-06,2032.71
Internacional,2025-04-11,2026.54
Internacional,2025-04-14,2022.7
Internacional,2025-04-17,2014.99
Internacional,2025-04-20,2031.42
Internacional,2025-04-23,2045.64
Internacional,2025-04-26,2034.08
Internacional,2025-04-30,2055.82
Internacional,2025-05-03,2042.61
Internacional,2025-05-09,2001.32
Internacional,2025-05-12,2001.72
Internacional,2025-05-16,2000.39
Internacional,2025-05-19,1963.28
Internacional,2025-05-23,2006.3
Internacional,2025-05-25,1958.47
Internacional,2025-05-29,1944.64
Internacional,2025-06-02,1946.77
Internacional,2025-06-13,1947.89
Internacional,2025-07-12,1954.86
Internacional,2025-07-20,1971.09
Internacional,2025-07-24,1991.27
Internacional,2025-07-27,1967.05
Internacional,2025-07-31,1979.8
Internacional,2025-08-04,1956.39
Internacional,2025-08-07,1973.55
Internacional,2025-08-09,1975.14
Internacional,2025-08-14,1959.74
Internacional,2025-08-17,1955.67
Internacional,2025-08-21,1972.95
Internacional,2025-08-23,1970.86
Internacional,2025-09-01,1965.28
Internacional,2025-09-13,1945.26
Internacional,2025-09-21,1937.99
Internacional,2025-09-27,1918.52
Internacional,2025-10-02,1933.51
Internacional,2025-10-04,1920.94
Internacional,2025-10-16,1929.57
Internacional,2025-10-19,1928.24
Internacional,2025-10-23,1906.04
Internacional,2025-10-25,1910.62
Internacional,2025-11-02,1892.38
Internacional,2025-11-05,1899.36
Internacional,2025-11-08,1901.97
Internacional,2025-11-21,1894.64
Internacional,2025-11-25,1900.31
Internacional,2025-11-28,1920.53
Internacional,2025-12-04,1933.12
Internacional,2025-12-07,1940.04
Internacional,2026-01-11,1891.35
Internacional,2026-01-15,1862.07
Internacional,2026-01-18,1835.95
Internacional,2026-01-21,1881.99
Internacional,2026-01-26,1855.49
Internacional,2026-01-28,1837.9
Internacional,2026-01-31,1795.24
Internacional,2026-02-04,1783.94
Internacional,2026-02-08,1785.18
Internacional,2026-02-13,1786.43
Internacional,2026-02-16,1850.44
Internacional,2026-02-21,1876.32
Internacional,2026-02-25,1903.78
Internacional,2026-03-01,1917.09
Internacional,2026-03-08,1923.66
Internacional,2026-03-11,1915.97
Internacional,2026-03-15,1939.07
Internacional,2026-03-19,1951.59
Internacional,2026-03-22,1946.89
Internacional,2026-04-02,1942.05
Internacional,2026-04-06,1945.15
Internacional,2026-04-12,1944.4
Internacional,2026-04-19,1934.97
Internacional,2026-04-23,1931.54
Internacional,2026-04-25,1943.35
Internacional,2026-05-03,1933.44
Internacional,2026-05-09,1934.38
Internacional,2026-05-13,1953.22
Internacional,2026-05-16,1937.28
Internacional,2026-05-23,1937.54
Internacional,2026-05-31,1933.43
Internacional,2026-07-23,1932.35
Mirassol,2023-07-20,1764.26
Mirassol,2023-07-22,1756.32
Mirassol,2023-07-29,1768.06
Mirassol,2023-08-02,1778.57
Mirassol,2023-08-05,1790.52
Mirassol,2023-08-08,1773.86
Mirassol,2023-08-12,1784.63
Mirassol,2023-08-18,1775.78
Mirassol,2023-08-23,1785.23
Mirassol,2023-09-02,1779.07
Mirassol,2023-09-10,1789.01
Mirassol,2023-09-16,1803.84
Mirassol,2023-09-23,1811.49
Mirassol,2023-09-29,1815.69
Mirassol,2023-10-04,1820.85
Mirassol,2023-10-11,1840.79
Mirassol,2023-10-21,1848.67
Mirassol,2023-10-28,1847.13
Mirassol,2023-11-03,1856.73
Mirassol,2023-11-12,1869.39
Mirassol,2023-11-18,1862.29
Mirassol,2023-11-25,1846.64
Mirassol,2024-01-21,1847.19
Mirassol,2024-01-23,1798.83
Mirassol,2024-01-28,1814.37
Mirassol,2024-02-01,1794.53
Mirassol,2024-02-03,1799.94
Mirassol,2024-02-08,1800.75
Mirassol,2024-02-11,1802.29
Mirassol,2024-02-14,1800.39
Mirassol,2024-02-17,1815.43
Mirassol,2024-02-24,1816.32
Mirassol,2024-03-02,1822.66
Mirassol,2024-03-10,1821.55
Mirassol,2024-04-24,1797.34
Mirassol,2024-04-30,1809.19
Mirassol,2024-05-08,1814.24
Mirassol,2024-05-12,1814.19
Mirassol,2024-05-16,1819.22
Mirassol,2024-05-19,1802.81
Mirassol,2024-05-29,1793.15
Mirassol,2024-06-05,1796.2
Mirassol,2024-06-12,1797.97
Mirassol,2024-06-16,1794.54
Mirassol,2024-06-21,1798.8
Mirassol,2024-06-26,1815.74
Mirassol,2024-07-03,1835.41
Mirassol,2024-07-10,1847.83
Mirassol,2024-07-13,1849.63
Mirassol,2024-07-20,1833.33
Mirassol,2024-07-24,1819.88
Mirassol,2024-07-27,1822.8
Mirassol,2024-08-05,1815.87
Mirassol,2024-08-10,1813.24
Mirassol,2024-08-17,1822.24
Mirassol,2024-08-22,1817.39
Mirassol,2024-08-26,1814.14
Mirassol,2024-09-04,1808.07
Mirassol,2024-09-07,1795.1
Mirassol,2024-09-14,1807.35
Mirassol,2024-09-18,1807.61
Mirassol,2024-09-21,1805.66
Mirassol,2024-09-29,1796.54
Mirassol,2024-10-05,1796.34
Mirassol,2024-10-12,1803.13
Mirassol,2024-10-19,1808.75
Mirassol,2024-10-23,1802.54
Mirassol,2024-10-26,1805.17
Mirassol,2024-11-06,1829.18
Mirassol,2024-11-10,1854.4
Mirassol,2024-11-15,1833.11
Mirassol,2024-11-24,1870.38
Mirassol,2025-01-17,1867.77
Mirassol,2025-01-19,1841.94
Mirassol,2025-01-23,1851.8
Mirassol,2025-01-26,1831.28
Mirassol,2025-01-29,1834.93
Mirassol,2025-02-02,1818.34
Mirassol,2025-02-05,1827.87
Mirassol,2025-02-08,1831.6
Mirassol,2025-02-12,1819.26
Mirassol,2025-02-18,1813.72
Mirassol,2025-02-20,1830.55
Mirassol,2025-02-23,1784.32
Mirassol,2025-03-02,1784.93
Mirassol,2025-03-29,1765.41
Mirassol,2025-04-06,1809.8
Mirassol,2025-04-13,1818.84
Mirassol,2025-04-17,1803.78
Mirassol,2025-04-20,1825.31
Mirassol,2025-04-26,1813.95
Mirassol,2025-05-06,1805.51
Mirassol,2025-05-10,1812.28
Mirassol,2025-05-19,1849.38
Mirassol,2025-05-24,1854.12
Mirassol,2025-06-01,1876.46
Mirassol,2025-07-17,1860.11
Mirassol,2025-07-19,1851.74
Mirassol,2025-07-24,1848.11
Mirassol,2025-07-26,1864.72
Mirassol,2025-08-02,1888.2
Mirassol,2025-08-09,1886.47
Mirassol,2025-08-19,1896.38
Mirassol,2025-08-24,1922.08
Mirassol,2025-08-31,1929.33
Mirassol,2025-09-13,1936.85
Mirassol,2025-09-18,1930.22
Mirassol,2025-09-21,1924.47
Mirassol,2025-09-28,1941.34
Mirassol,2025-10-02,1932.76
Mirassol,2025-10-05,1909.58
Mirassol,2025-10-09,1903.63
Mirassol,2025-10-16,1895.0
Mirassol,2025-10-19,1899.64
Mirassol,2025-10-25,1910.78
Mirassol,2025-11-01,1907.56
Mirassol,2025-11-06,1914.97
Mirassol,2025-11-10,1907.75
Mirassol,2025-11-20,1900.26
Mirassol,2025-11-24,1913.65
Mirassol,2025-11-29,1901.74
Mirassol,2025-12-02,1895.76
Mirassol,2025-12-06,2002.43
Mirassol,2026-01-12,1921.99
Mirassol,2026-01-14,1926.87
Mirassol,2026-01-18,1937.95
Mirassol,2026-01-22,1902.03
Mirassol,2026-01-24,1902.57
Mirassol,2026-01-30,1919.7
Mirassol,2026-02-01,1907.13
Mirassol,2026-02-05,1906.0
Mirassol,2026-02-08,1902.93
Mirassol,2026-02-11,1915.47
Mirassol,2026-02-16,1904.39
Mirassol,2026-03-11,1921.19
Mirassol,2026-03-15,1935.53
Mirassol,2026-03-19,1930.84
Mirassol,2026-03-22,1941.97
Mirassol,2026-04-02,1947.72
Mirassol,2026-04-06,1921.17
Mirassol,2026-04-09,1920.39
Mirassol,2026-04-11,1912.08
Mirassol,2026-04-15,1866.47
Mirassol,2026-04-19,1875.9
Mirassol,2026-04-23,1847.55
Mirassol,2026-04-26,1866.53
Mirassol,2026-04-30,1915.47
Mirassol,2026-05-04,1902.25
Mirassol,2026-05-08,1884.44
Mirassol,2026-05-10,1876.3
Mirassol,2026-05-14,1846.92
Mirassol,2026-05-16,1848.12
Mirassol,2026-05-20,1868.03
Mirassol,2026-05-24,1866.12
Mirassol,2026-05-27,1835.31
Mirassol,2026-05-30,1846.74
Mirassol,2026-07-18,1859.59
Palmeiras,2023-07-22,2021.95
Palmeiras,2023-07-30,2014.71
Palmeiras,2023-08-03,2024.88
Palmeiras,2023-08-06,2004.29
Palmeiras,2023-08-10,2013.04
Palmeiras,2023-08-15,2021.04
Palmeiras,2023-08-19,2025.71
Palmeiras,2023-08-24,2034.92
Palmeiras,2023-08-27,2038.54
Palmeiras,2023-08-31,2041.45
Palmeiras,2023-09-03,2053.33
Palmeiras,2023-09-16,2066.79
Palmeiras,2023-09-22,2076.68
Palmeiras,2023-09-29,2053.72
Palmeiras,2023-10-01,2019.1
Palmeiras,2023-10-06,2003.78
Palmeiras,2023-10-08,1981.63
Palmeiras,2023-10-20,1998.11
Palmeiras,2023-10-22,2007.58
Palmeiras,2023-10-26,1990.91
Palmeiras,2023-10-29,2004.64
Palmeiras,2023-11-02,2025.62
Palmeiras,2023-11-05,2016.23
Palmeiras,2023-11-09,2016.95
Palmeiras,2023-11-12,2009.64
Palmeiras,2023-11-26,2015.28
Palmeiras,2023-11-30,2031.84
Palmeiras,2023-12-03,2060.55
Palmeiras,2023-12-07,2078.19
Palmeiras,2024-01-21,2109.01
Palmeiras,2024-01-25,2085.8
Palmeiras,2024-01-28,2076.3
Palmeiras,2024-01-31,2035.39
Palmeiras,2024-02-09,2052.81
Palmeiras,2024-02-12,2081.59
Palmeiras,2024-02-15,2055.33
Palmeiras,2024-02-18,2048.13
Palmeiras,2024-02-24,2047.25
Palmeiras,2024-02-28,2051.3
Palmeiras,2024-03-04,2061.56
Palmeiras,2024-03-09,2076.32
Palmeiras,2024-03-16,2064.7
Palmeiras,2024-03-29,2069.88
Palmeiras,2024-04-04,2016.74
Palmeiras,2024-04-12,2029.78
Palmeiras,2024-04-14,2059.8
Palmeiras,2024-04-18,2065.59
Palmeiras,2024-04-21,2055.12
Palmeiras,2024-04-25,2023.53
Palmeiras,2024-04-30,2033.11
Palmeiras,2024-05-03,2020.65
Palmeiras,2024-05-05,2056.49
Palmeiras,2024-05-10,2025.08
Palmeiras,2024-05-12,2023.56
Palmeiras,2024-05-16,2023.51
Palmeiras,2024-05-24,2048.31
Palmeiras,2024-05-31,2024.24
Palmeiras,2024-06-02,2011.43
Palmeiras,2024-06-14,2030.89
Palmeiras,2024-06-18,2038.68
Palmeiras,2024-06-21,2049.84
Palmeiras,2024-06-23,2042.96
Palmeiras,2024-06-27,2056.3
Palmeiras,2024-07-02,2064.25
Palmeiras,2024-07-05,2050.11
Palmeiras,2024-07-07,2041.38
Palmeiras,2024-07-12,2037.7
Palmeiras,2024-07-18,2045.83
Palmeiras,2024-07-21,2051.33
Palmeiras,2024-07-25,2033.13
Palmeiras,2024-07-28,2027.55
Palmeiras,2024-08-01,2032.14
Palmeiras,2024-08-04,2037.34
Palmeiras,2024-08-08,2034.56
Palmeiras,2024-08-11,2012.95
Palmeiras,2024-08-15,2025.93
Palmeiras,2024-08-18,2030.84
Palmeiras,2024-08-22,2040.51
Palmeiras,2024-08-24,2040.78
Palmeiras,2024-09-01,2062.09
Palmeiras,2024-09-15,2076.85
Palmeiras,2024-09-22,2081.14
Palmeiras,2024-09-28,2063.11
Palmeiras,2024-10-05,2076.82
Palmeiras,2024-10-21,2080.95
Palmeiras,2024-10-26,2105.14
Palmeiras,2024-11-05,2100.33
Palmeiras,2024-11-09,2100.48
Palmeiras,2024-11-20,2098.51
Palmeiras,2024-11-23,2127.54
Palmeiras,2024-11-27,2116.39
Palmeiras,2024-12-05,2109.28
Palmeiras,2024-12-08,2110.87
Palmeiras,2025-01-16,2074.41
Palmeiras,2025-01-18,2051.52
Palmeiras,2025-01-23,2048.51
Palmeiras,2025-01-26,2048.47
Palmeiras,2025-01-28,2068.73
Palmeiras,2025-02-02,2042.59
Palmeiras,2025-02-07,2018.12
Palmeiras,2025-02-09,2035.75
Palmeiras,2025-02-13,2021.81
Palmeiras,2025-02-16,2041.65
Palmeiras,2025-02-20,2027.34
Palmeiras,2025-02-23,2073.57
Palmeiras,2025-03-02,2076.48
Palmeiras,2025-03-11,2083.41
Palmeiras,2025-03-16,2086.03
Palmeiras,2025-03-28,2085.66
Palmeiras,2025-03-30,2091.35
Palmeiras,2025-04-04,2073.57
Palmeiras,2025-04-06,2065.36
Palmeiras,2025-04-10,2075.5
Palmeiras,2025-04-12,2052.89
Palmeiras,2025-04-17,2060.6
Palmeiras,2025-04-20,2061.2
Palmeiras,2025-04-25,2034.44
Palmeiras,2025-04-27,2059.95
Palmeiras,2025-05-01,2068.11
Palmeiras,2025-05-04,2088.64
Palmeiras,2025-05-08,2074.13
Palmeiras,2025-05-11,2061.47
Palmeiras,2025-05-16,2082.11
Palmeiras,2025-05-18,2078.99
Palmeiras,2025-05-23,2085.76
Palmeiras,2025-05-25,2098.93
Palmeiras,2025-05-29,2062.9
Palmeiras,2025-06-02,2036.41
Palmeiras,2025-06-19,2123.02
Palmeiras,2025-06-24,2109.49
Palmeiras,2025-06-28,2104.79
Palmeiras,2025-07-05,2127.78
Palmeiras,2025-07-17,2144.14
Palmeiras,2025-07-20,2128.21
Palmeiras,2025-07-24,2091.27
Palmeiras,2025-07-27,2087.52
Palmeiras,2025-07-31,2073.03
Palmeiras,2025-08-04,2036.18
Palmeiras,2025-08-07,2033.15
Palmeiras,2025-08-10,2040.96
Palmeiras,2025-08-15,2030.4
Palmeiras,2025-08-18,2068.41
Palmeiras,2025-08-22,2048.07
Palmeiras,2025-08-26,2072.76
Palmeiras,2025-08-31,2078.47
Palmeiras,2025-09-13,2098.48
Palmeiras,2025-09-18,2083.39
Palmeiras,2025-09-21,2066.81
Palmeiras,2025-09-25,2053.73
Palmeiras,2025-09-28,2072.05
Palmeiras,2025-10-02,2094.9
Palmeiras,2025-10-05,2109.66
Palmeiras,2025-10-12,2114.74
Palmeiras,2025-10-16,2103.52
Palmeiras,2025-10-19,2100.11
Palmeiras,2025-10-24,2066.63
Palmeiras,2025-10-27,2079.05
Palmeiras,2025-10-31,2094.72
Palmeiras,2025-11-02,2099.61
Palmeiras,2025-11-07,2093.22
Palmeiras,2025-11-10,2100.44
Palmeiras,2025-11-16,2099.53
Palmeiras,2025-11-19,2076.8
Palmeiras,2025-11-23,2087.15
Palmeiras,2025-11-26,2048.12
Palmeiras,2025-11-29,2071.76
Palmeiras,2025-12-04,2085.48
Palmeiras,2025-12-07,2038.95
Palmeiras,2026-01-11,2071.03
Palmeiras,2026-01-14,2050.4
Palmeiras,2026-01-18,2039.32
Palmeiras,2026-01-21,2059.93
Palmeiras,2026-01-24,2070.71
Palmeiras,2026-01-28,2037.94
Palmeiras,2026-02-02,2025.83
Palmeiras,2026-02-05,1999.14
Palmeiras,2026-02-09,1993.05
Palmeiras,2026-02-13,1991.79
Palmeiras,2026-02-16,1965.9
Palmeiras,2026-02-22,1993.53
Palmeiras,2026-02-26,2028.41
Palmeiras,2026-03-02,2006.35
Palmeiras,2026-03-05,2012.53
Palmeiras,2026-03-09,2030.91
Palmeiras,2026-03-12,2031.89
Palmeiras,2026-03-15,2017.56
Palmeiras,2026-03-18,2021.93
Palmeiras,2026-03-22,2014.18
Palmeiras,2026-04-03,2001.26
Palmeiras,2026-04-06,2002.26
Palmeiras,2026-04-09,2018.84
Palmeiras,2026-04-12,2022.35
Palmeiras,2026-04-17,2036.38
Palmeiras,2026-04-19,2037.77
Palmeiras,2026-04-24,2070.2
Palmeiras,2026-04-26,2069.42
Palmeiras,2026-04-30,2050.49
Palmeiras,2026-05-02,2015.24
Palmeiras,2026-05-06,2015.18
Palmeiras,2026-05-10,2010.01
Palmeiras,2026-05-14,2000.16
Palmeiras,2026-05-17,1973.9
Palmeiras,2026-05-21,1992.94
Palmeiras,2026-05-24,1999.51
Palmeiras,2026-05-29,2002.08
Palmeiras,2026-05-31,1970.04
Palmeiras,2026-07-23,1969.39
Santos FC,2023-07-23,1773.21
Santos FC,2023-07-29,1764.74
Santos FC,2023-08-05,1771.74
Santos FC,2023-08-13,1751.64
Santos FC,2023-08-20,1784.42
Santos FC,2023-08-27,1799.01
Santos FC,2023-09-03,1808.32
Santos FC,2023-09-15,1823.2
Santos FC,2023-09-19,1808.49
Santos FC,2023-10-01,1796.53
Santos FC,2023-10-08,1818.68
Santos FC,2023-10-20,1824.8
Santos FC,2023-10-22,1808.09
Santos FC,2023-10-27,1805.32
Santos FC,2023-10-29,1807.05
Santos FC,2023-11-02,1816.77
Santos FC,2023-11-07,1824.88
Santos FC,2023-11-09,1824.44
Santos FC,2023-11-12,1828.95
Santos FC,2023-11-26,1828.83
Santos FC,2023-11-29,1836.74
Santos FC,2023-12-03,1856.79
Santos FC,2023-12-07,1877.81
Santos FC,2024-01-20,1880.45
Santos FC,2024-01-25,1856.94
Santos FC,2024-01-28,1866.43
Santos FC,2024-02-01,1878.38
Santos FC,2024-02-04,1884.75
Santos FC,2024-02-07,1880.3
Santos FC,2024-02-11,1878.76
Santos FC,2024-02-14,1875.73
Santos FC,2024-02-18,1869.54
Santos FC,2024-02-25,1891.78
Santos FC,2024-03-03,1916.43
Santos FC,2024-03-09,1916.08
Santos FC,2024-03-18,1902.72
Santos FC,2024-03-28,1876.45
Santos FC,2024-04-20,1923.8
Santos FC,2024-04-27,1929.75
Santos FC,2024-05-07,1937.44
Santos FC,2024-05-11,1947.12
Santos FC,2024-05-16,1934.63
Santos FC,2024-05-19,1922.14
Santos FC,2024-05-25,1911.85
Santos FC,2024-06-04,1920.13
Santos FC,2024-06-08,1941.07
Santos FC,2024-06-15,1934.98
Santos FC,2024-06-20,1937.13
Santos FC,2024-06-26,1920.2
Santos FC,2024-07-02,1913.05
Santos FC,2024-07-06,1905.79
Santos FC,2024-07-16,1919.18
Santos FC,2024-07-19,1917.3
Santos FC,2024-07-23,1919.89
Santos FC,2024-07-28,1931.69
Santos FC,2024-08-03,1934.19
Santos FC,2024-08-10,1932.91
Santos FC,2024-08-17,1930.33
Santos FC,2024-08-22,1928.21
Santos FC,2024-08-24,1917.66
Santos FC,2024-08-31,1914.41
Santos FC,2024-09-07,1925.41
Santos FC,2024-09-15,1928.0
Santos FC,2024-09-20,1929.88
Santos FC,2024-09-24,1926.05
Santos FC,2024-09-28,1927.46
Santos FC,2024-10-08,1920.03
Santos FC,2024-10-12,1913.22
Santos FC,2024-10-17,1904.74
Santos FC,2024-10-23,1907.59
Santos FC,2024-10-28,1908.11
Santos FC,2024-11-02,1927.9
Santos FC,2024-11-12,1920.65
Santos FC,2024-11-17,1896.83
Santos FC,2024-11-24,1855.15
Santos FC,2025-01-17,1857.76
Santos FC,2025-01-20,1878.34
Santos FC,2025-01-23,1881.35
Santos FC,2025-01-25,1882.49
Santos FC,2025-01-29,1879.91
Santos FC,2025-02-02,1813.95
Santos FC,2025-02-06,1853.6
Santos FC,2025-02-09,1876.14
Santos FC,2025-02-13,1870.23
Santos FC,2025-02-17,1898.62
Santos FC,2025-02-19,1901.16
Santos FC,2025-02-23,1930.58
Santos FC,2025-03-03,1936.05
Santos FC,2025-03-09,1941.96
Santos FC,2025-03-30,1930.82
Santos FC,2025-04-07,1939.3
Santos FC,2025-04-14,1938.18
Santos FC,2025-04-17,1919.64
Santos FC,2025-04-20,1936.06
Santos FC,2025-04-28,1932.52
Santos FC,2025-05-01,1952.69
Santos FC,2025-05-04,1941.45
Santos FC,2025-05-13,1916.53
Santos FC,2025-05-18,1906.12
Santos FC,2025-05-23,1909.43
Santos FC,2025-05-25,1881.09
Santos FC,2025-06-01,1899.02
Santos FC,2025-06-13,1912.6
Santos FC,2025-07-17,1936.59
Santos FC,2025-07-19,1944.95
Santos FC,2025-07-24,1924.77
Santos FC,2025-07-26,1937.28
Santos FC,2025-08-05,1931.43
Santos FC,2025-08-10,1927.23
Santos FC,2025-08-17,1926.6
Santos FC,2025-08-24,1906.11
Santos FC,2025-08-31,1902.24
Santos FC,2025-09-14,1911.9
Santos FC,2025-09-22,1900.66
Santos FC,2025-09-28,1896.37
Santos FC,2025-10-02,1913.2
Santos FC,2025-10-06,1912.93
Santos FC,2025-10-16,1917.16
Santos FC,2025-10-21,1917.63
Santos FC,2025-10-26,1904.28
Santos FC,2025-11-01,1902.74
Santos FC,2025-11-07,1909.13
Santos FC,2025-11-09,1914.2
Santos FC,2025-11-16,1915.12
Santos FC,2025-11-20,1922.61
Santos FC,2025-11-25,1916.94
Santos FC,2025-11-29,1915.42
Santos FC,2025-12-03,1958.43
Santos FC,2025-12-07,2016.12
Santos FC,2026-01-10,1978.54
Santos FC,2026-01-14,1999.17
Santos FC,2026-01-19,1989.86
Santos FC,2026-01-22,1968.11
Santos FC,2026-01-25,1955.61
Santos FC,2026-01-29,1936.28
Santos FC,2026-02-01,1894.04
Santos FC,2026-02-05,1901.7
Santos FC,2026-02-08,1916.95
Santos FC,2026-02-12,1903.2
Santos FC,2026-02-16,1917.39
Santos FC,2026-02-22,1947.59
Santos FC,2026-02-26,1949.86
Santos FC,2026-03-11,1924.85
Santos FC,2026-03-15,1923.12
Santos FC,2026-03-19,1910.61
Santos FC,2026-03-22,1914.01
Santos FC,2026-04-03,1903.42
Santos FC,2026-04-05,1912.32
Santos FC,2026-04-09,1872.41
Santos FC,2026-04-12,1863.07
Santos FC,2026-04-15,1897.43
Santos FC,2026-04-19,1894.73
Santos FC,2026-04-23,1894.67
Santos FC,2026-04-25,1897.51
Santos FC,2026-04-29,1897.87
Santos FC,2026-05-02,1933.12
Santos FC,2026-05-06,1912.74
Santos FC,2026-05-10,1893.78
Santos FC,2026-05-14,1932.36
Santos FC,2026-05-17,1963.18
Santos FC,2026-05-21,1940.59
Santos FC,2026-05-24,1910.68
Santos FC,2026-05-27,1904.37
Santos FC,2026-05-31,1930.53
Santos FC,2026-07-17,1918.52
Santos FC,2026-07-22,1885.54
Sao Paulo,2023-07-22,1946.68
Sao Paulo,2023-07-26,1947.72
Sao Paulo,2023-07-30,1948.82
Sao Paulo,2023-08-04,1949.21
Sao Paulo,2023-08-06,1965.25
Sao Paulo,2023-08-11,1956.99
Sao Paulo,2023-08-13,1975.05
Sao Paulo,2023-08-17,1954.41
Sao Paulo,2023-08-19,1931.41
Sao Paulo,2023-08-25,1905.74
Sao Paulo,2023-08-27,1908.26
Sao Paulo,2023-09-01,1941.63
Sao Paulo,2023-09-14,1947.13
Sao Paulo,2023-09-17,1949.44
Sao Paulo,2023-09-21,1904.08
Sao Paulo,2023-09-24,1910.32
Sao Paulo,2023-09-28,1915.22
Sao Paulo,2023-09-30,1937.8
Sao Paulo,2023-10-07,1935.75
Sao Paulo,2023-10-19,1941.93
Sao Paulo,2023-10-21,1973.72
Sao Paulo,2023-10-26,1990.38
Sao Paulo,2023-10-29,1964.24
Sao Paulo,2023-11-03,1947.18
Sao Paulo,2023-11-09,1914.54
Sao Paulo,2023-11-12,1910.03
Sao Paulo,2023-11-23,1916.17
Sao Paulo,2023-11-26,1935.11
Sao Paulo,2023-11-30,1933.11
Sao Paulo,2023-12-03,1905.73
Sao Paulo,2023-12-07,1900.7
Sao Paulo,2024-01-21,1855.74
Sao Paulo,2024-01-23,1904.1
Sao Paulo,2024-01-27,1941.19
Sao Paulo,2024-01-30,1939.03
Sao Paulo,2024-02-08,1956.23
Sao Paulo,2024-02-10,1982.43
Sao Paulo,2024-02-14,1985.47
Sao Paulo,2024-02-17,2018.24
Sao Paulo,2024-02-25,2021.07
Sao Paulo,2024-02-29,2016.49
Sao Paulo,2024-03-04,2006.23
Sao Paulo,2024-03-10,2017.19
Sao Paulo,2024-03-17,2009.2
Sao Paulo,2024-04-05,1985.89
Sao Paulo,2024-04-11,1996.11
Sao Paulo,2024-04-14,1968.72
Sao Paulo,2024-04-18,1965.25
Sao Paulo,2024-04-21,1952.69
Sao Paulo,2024-04-26,1950.18
Sao Paulo,2024-04-30,1940.61
Sao Paulo,2024-05-03,1949.84
Sao Paulo,2024-05-05,1949.51
Sao Paulo,2024-05-09,1959.59
Sao Paulo,2024-05-14,1979.76
Sao Paulo,2024-05-17,1983.84
Sao Paulo,2024-05-24,1998.78
Sao Paulo,2024-05-30,2001.54
Sao Paulo,2024-06-02,1990.94
Sao Paulo,2024-06-14,2008.39
Sao Paulo,2024-06-16,2007.77
Sao Paulo,2024-06-20,2004.61
Sao Paulo,2024-06-23,2001.78
Sao Paulo,2024-06-28,1985.91
Sao Paulo,2024-06-30,1994.1
Sao Paulo,2024-07-04,2000.67
Sao Paulo,2024-07-07,2001.94
Sao Paulo,2024-07-12,1999.4
Sao Paulo,2024-07-18,2020.96
Sao Paulo,2024-07-21,1995.05
Sao Paulo,2024-07-25,1981.69
Sao Paulo,2024-07-28,1967.7
Sao Paulo,2024-07-31,1978.76
Sao Paulo,2024-08-04,1996.39
Sao Paulo,2024-08-09,2016.88
Sao Paulo,2024-08-11,1973.2
Sao Paulo,2024-08-16,1952.14
Sao Paulo,2024-08-18,1947.23
Sao Paulo,2024-08-23,1966.39
Sao Paulo,2024-08-25,1949.53
Sao Paulo,2024-08-29,1959.44
Sao Paulo,2024-09-01,1960.62
Sao Paulo,2024-09-13,1973.24
Sao Paulo,2024-09-15,1956.68
Sao Paulo,2024-09-19,1946.95
Sao Paulo,2024-09-22,1921.17
Sao Paulo,2024-09-26,1914.81
Sao Paulo,2024-09-29,1900.32
Sao Paulo,2024-10-06,1914.43
Sao Paulo,2024-10-17,1932.12
Sao Paulo,2024-10-27,1936.01
Sao Paulo,2024-11-06,1916.78
Sao Paulo,2024-11-10,1940.53
Sao Paulo,2024-11-20,1929.82
Sao Paulo,2024-11-24,1943.32
Sao Paulo,2024-12-01,1941.78
Sao Paulo,2024-12-05,1944.29
Sao Paulo,2024-12-08,1902.58
Sao Paulo,2025-01-21,1866.2
Sao Paulo,2025-01-23,1853.51
Sao Paulo,2025-01-26,1846.02
Sao Paulo,2025-01-30,1867.78
Sao Paulo,2025-02-02,1933.74
Sao Paulo,2025-02-05,1924.22
Sao Paulo,2025-02-08,1923.49
Sao Paulo,2025-02-11,1924.83
Sao Paulo,2025-02-14,1943.66
Sao Paulo,2025-02-16,1923.81
Sao Paulo,2025-02-19,1929.01
Sao Paulo,2025-02-23,1932.0
Sao Paulo,2025-03-04,1964.44
Sao Paulo,2025-03-11,1957.51
Sao Paulo,2025-03-29,1975.12
Sao Paulo,2025-04-03,1968.47
Sao Paulo,2025-04-06,1974.7
Sao Paulo,2025-04-11,1958.11
Sao Paulo,2025-04-13,1958.71
Sao Paulo,2025-04-16,1946.85
Sao Paulo,2025-04-20,1930.43
Sao Paulo,2025-04-24,1930.67
Sao Paulo,2025-04-26,1915.57
Sao Paulo,2025-04-30,1931.39
Sao Paulo,2025-05-03,1934.18
Sao Paulo,2025-05-07,1946.62
Sao Paulo,2025-05-11,1959.27
Sao Paulo,2025-05-15,1972.5
Sao Paulo,2025-05-18,1975.0
Sao Paulo,2025-05-21,1998.29
Sao Paulo,2025-05-24,1993.56
Sao Paulo,2025-05-28,1974.8
Sao Paulo,2025-05-31,1944.2
Sao Paulo,2025-06-13,1930.97
Sao Paulo,2025-07-12,1930.51
Sao Paulo,2025-07-17,1930.82
Sao Paulo,2025-07-20,1924.02
Sao Paulo,2025-07-25,1939.57
Sao Paulo,2025-07-27,1978.12
Sao Paulo,2025-08-01,1978.37
Sao Paulo,2025-08-04,2001.79
Sao Paulo,2025-08-07,1992.07
Sao Paulo,2025-08-09,1971.96
Sao Paulo,2025-08-13,1921.32
Sao Paulo,2025-08-16,1927.09
Sao Paulo,2025-08-20,1919.15
Sao Paulo,2025-08-25,1946.34
Sao Paulo,2025-08-31,1974.36
Sao Paulo,2025-09-14,1961.5
Sao Paulo,2025-09-19,1928.71
Sao Paulo,2025-09-22,1939.95
Sao Paulo,2025-09-26,1968.5
Sao Paulo,2025-09-30,1952.73
Sao Paulo,2025-10-03,1958.74
Sao Paulo,2025-10-05,1943.98
Sao Paulo,2025-10-17,1970.38
Sao Paulo,2025-10-19,1965.73
Sao Paulo,2025-10-26,1962.15
Sao Paulo,2025-11-03,1945.01
Sao Paulo,2025-11-06,1913.97
Sao Paulo,2025-11-09,1931.26
Sao Paulo,2025-11-20,1939.7
Sao Paulo,2025-11-23,1925.46
Sao Paulo,2025-11-28,1888.13
Sao Paulo,2025-12-04,1875.55
Sao Paulo,2025-12-07,1884.55
Sao Paulo,2026-01-12,1965.0
Sao Paulo,2026-01-16,1960.23
Sao Paulo,2026-01-18,1934.93
Sao Paulo,2026-01-21,1933.88
Sao Paulo,2026-01-24,1923.11
Sao Paulo,2026-01-29,1880.31
Sao Paulo,2026-02-01,1922.55
Sao Paulo,2026-02-05,1914.89
Sao Paulo,2026-02-08,1928.29
Sao Paulo,2026-02-12,1913.93
Sao Paulo,2026-02-16,1928.76
Sao Paulo,2026-02-21,1925.91
Sao Paulo,2026-02-25,1894.05
Sao Paulo,2026-03-02,1916.11
Sao Paulo,2026-03-13,1938.1
Sao Paulo,2026-03-16,1921.62
Sao Paulo,2026-03-19,1930.14
Sao Paulo,2026-03-22,1937.89
Sao Paulo,2026-04-02,1942.73
Sao Paulo,2026-04-04,1934.62
Sao Paulo,2026-04-08,1916.36
Sao Paulo,2026-04-11,1921.22
Sao Paulo,2026-04-15,1914.07
Sao Paulo,2026-04-18,1894.94
Sao Paulo,2026-04-22,1913.5
Sao Paulo,2026-04-26,1894.52
Sao Paulo,2026-04-29,1873.91
Sao Paulo,2026-05-03,1884.47
Sao Paulo,2026-05-08,1866.34
Sao Paulo,2026-05-10,1890.65
Sao Paulo,2026-05-14,1919.76
Sao Paulo,2026-05-17,1910.09
Sao Paulo,2026-05-20,1910.68
Sao Paulo,2026-05-23,1916.04
Sao Paulo,2026-05-27,1905.62
Sao Paulo,2026-06-01,1913.32
Sao Paulo,2026-07-23,1903.88
Vasco da Gama,2023-07-23,1837.3
Vasco da Gama,2023-07-29,1819.42
Vasco da Gama,2023-08-06,1827.41
Vasco da Gama,2023-08-15,1815.23
Vasco da Gama,2023-08-20,1832.57
Vasco da Gama,2023-08-27,1828.95
Vasco da Gama,2023-09-03,1837.08
Vasco da Gama,2023-09-16,1830.1
Vasco da Gama,2023-09-22,1852.19
Vasco da Gama,2023-09-26,1870.62
Vasco da Gama,2023-10-01,1882.58
Vasco da Gama,2023-10-07,1884.62
Vasco da Gama,2023-10-19,1879.39
Vasco da Gama,2023-10-22,1870.41
Vasco da Gama,2023-10-27,1868.13
Vasco da Gama,2023-10-29,1861.34
Vasco da Gama,2023-11-02,1866.71
Vasco da Gama,2023-11-06,1864.83
Vasco da Gama,2023-11-12,1891.62
Vasco da Gama,2023-11-22,1886.51
Vasco da Gama,2023-11-25,1897.29
Vasco da Gama,2023-11-29,1886.18
Vasco da Gama,2023-12-03,1886.07
Vasco da Gama,2023-12-07,1906.68
Vasco da Gama,2024-01-18,1815.57
Vasco da Gama,2024-01-22,1821.43
Vasco da Gama,2024-01-26,1847.23
Vasco da Gama,2024-01-28,1826.63
Vasco da Gama,2024-01-31,1887.13
Vasco da Gama,2024-02-04,1877.13
Vasco da Gama,2024-02-09,1914.89
Vasco da Gama,2024-02-15,1893.6
Vasco da Gama,2024-02-18,1906.13
Vasco da Gama,2024-02-24,1913.59
Vasco da Gama,2024-02-28,1907.03
Vasco da Gama,2024-03-03,1913.05
Vasco da Gama,2024-03-08,1937.66
Vasco da Gama,2024-03-10,1914.78
Vasco da Gama,2024-03-17,1894.11
Vasco da Gama,2024-04-14,1855.29
Vasco da Gama,2024-04-18,1847.22
Vasco da Gama,2024-04-20,1856.93
Vasco da Gama,2024-04-27,1891.49
Vasco da Gama,2024-05-02,1862.28
Vasco da Gama,2024-05-05,1873.92
Vasco da Gama,2024-05-12,1868.8
Vasco da Gama,2024-05-22,1867.41
Vasco da Gama,2024-06-02,1856.61
Vasco da Gama,2024-06-14,1837.15
Vasco da Gama,2024-06-16,1838.3
Vasco da Gama,2024-06-20,1836.55
Vasco da Gama,2024-06-23,1839.38
Vasco da Gama,2024-06-27,1840.94
Vasco da Gama,2024-06-29,1843.78
Vasco da Gama,2024-07-04,1839.84
Vasco da Gama,2024-07-07,1832.7
Vasco da Gama,2024-07-11,1838.91
Vasco da Gama,2024-07-18,1864.64
Vasco da Gama,2024-07-21,1866.66
Vasco da Gama,2024-07-29,1838.32
Vasco da Gama,2024-08-01,1861.58
Vasco da Gama,2024-08-04,1883.13
Vasco da Gama,2024-08-07,1870.83
Vasco da Gama,2024-08-11,1863.24
Vasco da Gama,2024-08-18,1852.0
Vasco da Gama,2024-08-27,1850.25
Vasco da Gama,2024-08-30,1841.95
Vasco da Gama,2024-09-01,1845.63
Vasco da Gama,2024-09-12,1834.95
Vasco da Gama,2024-09-15,1859.49
Vasco da Gama,2024-09-22,1855.2
Vasco da Gama,2024-09-29,1864.83
Vasco da Gama,2024-10-03,1848.12
Vasco da Gama,2024-10-06,1856.03
Vasco da Gama,2024-10-17,1838.34
Vasco da Gama,2024-10-19,1825.28
Vasco da Gama,2024-10-25,1841.87
Vasco da Gama,2024-10-29,1846.49
Vasco da Gama,2024-11-06,1860.02
Vasco da Gama,2024-11-09,1865.7
Vasco da Gama,2024-11-22,1871.1
Vasco da Gama,2024-11-24,1871.73
Vasco da Gama,2024-12-01,1862.62
Vasco da Gama,2024-12-04,1849.12
Vasco da Gama,2024-12-08,1863.6
Vasco da Gama,2025-01-11,1841.15
Vasco da Gama,2025-01-17,1767.07
Vasco da Gama,2025-01-19,1699.01
Vasco da Gama,2025-01-24,1757.91
Vasco da Gama,2025-01-27,1831.24
Vasco da Gama,2025-01-29,1912.06
Vasco da Gama,2025-02-01,1921.74
Vasco da Gama,2025-02-06,1889.25
Vasco da Gama,2025-02-11,1928.51
Vasco da Gama,2025-02-16,1884.51
Vasco da Gama,2025-02-19,1904.13
Vasco da Gama,2025-02-23,1882.51
Vasco da Gama,2025-03-01,1887.39
Vasco da Gama,2025-03-06,1913.62
Vasco da Gama,2025-03-08,1899.55
Vasco da Gama,2025-03-30,1910.69
Vasco da Gama,2025-04-03,1883.88
Vasco da Gama,2025-04-05,1875.14
Vasco da Gama,2025-04-09,1875.85
Vasco da Gama,2025-04-13,1887.41
Vasco da Gama,2025-04-16,1897.9
Vasco da Gama,2025-04-19,1873.76
Vasco da Gama,2025-04-23,1872.37
Vasco da Gama,2025-04-27,1885.3
Vasco da Gama,2025-05-01,1887.59
Vasco da Gama,2025-05-04,1867.07
Vasco da Gama,2025-05-08,1851.58
Vasco da Gama,2025-05-10,1835.14
Vasco da Gama,2025-05-14,1819.18
Vasco da Gama,2025-05-17,1817.36
Vasco da Gama,2025-05-21,1837.12
Vasco da Gama,2025-05-24,1858.36
Vasco da Gama,2025-05-28,1861.74
Vasco da Gama,2025-06-01,1866.16
Vasco da Gama,2025-06-13,1879.39
Vasco da Gama,2025-07-12,1870.58
Vasco da Gama,2025-07-16,1841.27
Vasco da Gama,2025-07-19,1821.1
Vasco da Gama,2025-07-23,1860.72
Vasco da Gama,2025-07-27,1884.95
Vasco da Gama,2025-07-31,1923.42
Vasco da Gama,2025-08-02,1899.93
Vasco da Gama,2025-08-08,1893.78
Vasco da Gama,2025-08-10,1885.47
Vasco da Gama,2025-08-17,1886.1
Vasco da Gama,2025-08-21,1889.05
Vasco da Gama,2025-08-24,1894.48
Vasco da Gama,2025-08-28,1855.99
Vasco da Gama,2025-09-01,1866.7
Vasco da Gama,2025-09-12,1861.15
Vasco da Gama,2025-09-15,1882.59
Vasco da Gama,2025-09-21,1892.65
Vasco da Gama,2025-09-25,1891.28
Vasco da Gama,2025-09-27,1903.52
Vasco da Gama,2025-10-02,1880.66
Vasco da Gama,2025-10-05,1885.8
Vasco da Gama,2025-10-16,1895.21
Vasco da Gama,2025-10-21,1871.39
Vasco da Gama,2025-10-26,1874.82
Vasco da Gama,2025-11-03,1891.95
Vasco da Gama,2025-11-05,1905.64
Vasco da Gama,2025-11-08,1908.08
Vasco da Gama,2025-11-20,1887.34
Vasco da Gama,2025-11-23,1888.75
Vasco da Gama,2025-11-28,1868.52
Vasco da Gama,2025-12-02,1874.49
Vasco da Gama,2025-12-07,1859.3
Vasco da Gama,2025-12-12,1845.53
Vasco da Gama,2025-12-15,1863.2
Vasco da Gama,2025-12-18,1833.11
Vasco da Gama,2025-12-21,1836.61
Vasco da Gama,2026-01-16,1849.0
Vasco da Gama,2026-01-18,1813.77
Vasco da Gama,2026-01-22,1819.53
Vasco da Gama,2026-01-26,1870.48
Vasco da Gama,2026-01-30,1853.34
Vasco da Gama,2026-02-03,1889.24
Vasco da Gama,2026-02-06,1918.24
Vasco da Gama,2026-02-08,1942.32
Vasco da Gama,2026-02-12,1937.39
Vasco da Gama,2026-02-15,1959.83
Vasco da Gama,2026-02-22,1926.31
Vasco da Gama,2026-02-26,1924.03
Vasco da Gama,2026-03-01,1911.36
Vasco da Gama,2026-03-12,1910.38
Vasco da Gama,2026-03-16,1907.17
Vasco da Gama,2026-03-19,1879.61
Vasco da Gama,2026-03-22,1903.99
Vasco da Gama,2026-04-02,1910.15
Vasco da Gama,2026-04-05,1910.08
Vasco da Gama,2026-04-08,1858.97
Vasco da Gama,2026-04-11,1870.62
Vasco da Gama,2026-04-15,1850.84
Vasco da Gama,2026-04-18,1869.97
Vasco da Gama,2026-04-22,1887.76
Vasco da Gama,2026-04-26,1909.31
Vasco da Gama,2026-05-01,1910.14
Vasco da Gama,2026-05-03,1906.12
Vasco da Gama,2026-05-07,1859.89
Vasco da Gama,2026-05-11,1883.11
Vasco da Gama,2026-05-14,1886.18
Vasco da Gama,2026-05-16,1902.12
Vasco da Gama,2026-05-21,1880.55
Vasco da Gama,2026-05-25,1898.12
Vasco da Gama,2026-05-28,1881.52
Vasco da Gama,2026-05-31,1865.16
Vasco da Gama,2026-07-17,1878.95
Vasco da Gama,2026-07-23,1884.38
