Team,period,Rating,Country
AD Confianca Aracaju,2023-07-22,1624.61,Brazil
AD Confianca Aracaju,2023-07-29,1623.53,Brazil
AD Confianca Aracaju,2023-08-08,1622.29,Brazil
AD Confianca Aracaju,2023-08-12,1617.33,Brazil
AD Confianca Aracaju,2023-08-19,1627.92,Brazil
AD Confianca Aracaju,2023-08-26,1656.72,Brazil
AD Confianca Aracaju,2024-01-06,1623.2,Brazil
AD Confianca Aracaju,2024-01-13,1642.11,Brazil
AD Confianca Aracaju,2024-01-21,1650.98,Brazil
AD Confianca Aracaju,2024-01-27,1624.66,Brazil
AD Confianca Aracaju,2024-01-31,1648.52,Brazil
AD Confianca Aracaju,2024-02-04,1671.91,Brazil
AD Confianca Aracaju,2024-02-10,1647.72,Brazil
AD Confianca Aracaju,2024-02-23,1656.37,Brazil
AD Confianca Aracaju,2024-02-28,1652.84,Brazil
AD Confianca Aracaju,2024-03-03,1648.45,Brazil
AD Confianca Aracaju,2024-03-13,1661.92,Brazil
AD Confianca Aracaju,2024-04-23,1630.01,Brazil
AD Confianca Aracaju,2024-04-30,1621.52,Brazil
AD Confianca Aracaju,2024-05-04,1617.97,Brazil
AD Confianca Aracaju,2024-05-19,1610.74,Brazil
AD Confianca Aracaju,2024-05-25,1609.89,Brazil
AD Confianca Aracaju,2024-06-01,1616.23,Brazil
AD Confianca Aracaju,2024-06-11,1624.83,Brazil
AD Confianca Aracaju,2024-06-16,1607.78,Brazil
AD Confianca Aracaju,2024-06-28,1614.61,Brazil
AD Confianca Aracaju,2024-07-02,1636.69,Brazil
AD Confianca Aracaju,2024-07-08,1642.63,Brazil
AD Confianca Aracaju,2024-07-13,1631.08,Brazil
AD Confianca Aracaju,2024-07-23,1636.03,Brazil
AD Confianca Aracaju,2024-07-29,1634.4,Brazil
AD Confianca Aracaju,2024-08-01,1629.63,Brazil
AD Confianca Aracaju,2024-08-04,1610.86,Brazil
AD Confianca Aracaju,2024-08-10,1609.53,Brazil
AD Confianca Aracaju,2024-08-19,1627.14,Brazil
AD Confianca Aracaju,2024-08-24,1610.78,Brazil
AD Confianca Aracaju,2025-01-13,1610.78,Brazil
AD Confianca Aracaju,2025-01-16,1669.24,Brazil
AD Confianca Aracaju,2025-01-22,1676.63,Brazil
AD Confianca Aracaju,2025-01-26,1699.49,Brazil
AD Confianca Aracaju,2025-01-29,1694.08,Brazil
AD Confianca Aracaju,2025-02-02,1698.57,Brazil
AD Confianca Aracaju,2025-02-05,1715.6,Brazil
AD Confianca Aracaju,2025-02-09,1700.58,Brazil
AD Confianca Aracaju,2025-02-12,1692.49,Brazil
AD Confianca Aracaju,2025-02-15,1696.49,Brazil
AD Confianca Aracaju,2025-02-18,1705.45,Brazil
AD Confianca Aracaju,2025-02-23,1692.43,Brazil
AD Confianca Aracaju,2025-03-01,1661.8,Brazil
AD Confianca Aracaju,2025-03-08,1689.85,Brazil
AD Confianca Aracaju,2025-03-13,1673.7,Brazil
AD Confianca Aracaju,2025-03-15,1666.75,Brazil
AD Confianca Aracaju,2025-03-19,1690.83,Brazil
AD Confianca Aracaju,2025-03-22,1696.96,Brazil
AD Confianca Aracaju,2025-03-29,1682.58,Brazil
AD Confianca Aracaju,2025-04-12,1670.72,Brazil
AD Confianca Aracaju,2025-04-20,1684.47,Brazil
AD Confianca Aracaju,2025-04-26,1681.27,Brazil
AD Confianca Aracaju,2025-05-03,1654.32,Brazil
AD Confianca Aracaju,2025-05-10,1664.34,Brazil
AD Confianca Aracaju,2025-05-20,1671.97,Brazil
AD Confianca Aracaju,2025-05-24,1657.32,Brazil
AD Confianca Aracaju,2025-06-01,1654.97,Brazil
AD Confianca Aracaju,2025-06-05,1713.38,Brazil
AD Confianca Aracaju,2025-06-07,1746.57,Brazil
AD Confianca Aracaju,2025-06-16,1748.29,Brazil
AD Confianca Aracaju,2025-06-29,1735.25,Brazil
AD Confianca Aracaju,2025-07-06,1698.4,Brazil
AD Confianca Aracaju,2025-07-09,1695.07,Brazil
AD Confianca Aracaju,2025-07-12,1703.39,Brazil
AD Confianca Aracaju,2025-07-20,1707.31,Brazil
AD Confianca Aracaju,2025-07-28,1711.42,Brazil
AD Confianca Aracaju,2025-08-05,1709.2,Brazil
AD Confianca Aracaju,2025-08-10,1709.98,Brazil
AD Confianca Aracaju,2025-08-18,1704.37,Brazil
AD Confianca Aracaju,2025-08-21,1705.17,Brazil
AD Confianca Aracaju,2025-08-26,1693.93,Brazil
AD Confianca Aracaju,2025-08-30,1734.37,Brazil
AD Confianca Aracaju,2025-09-04,1718.83,Brazil
AD Confianca Aracaju,2025-09-06,1740.01,Brazil
AD Confianca Aracaju,2026-01-10,1740.01,Brazil
AD Confianca Aracaju,2026-01-18,1738.2,Brazil
AD Confianca Aracaju,2026-01-22,1715.72,Brazil
AD Confianca Aracaju,2026-01-24,1686.37,Brazil
AD Confianca Aracaju,2026-01-31,1721.09,Brazil
AD Confianca Aracaju,2026-02-06,1705.27,Brazil
AD Confianca Aracaju,2026-02-08,1688.24,Brazil
AD Confianca Aracaju,2026-02-11,1688.74,Brazil
AD Confianca Aracaju,2026-02-14,1686.18,Brazil
AD Confianca Aracaju,2026-02-21,1680.37,Brazil
AD Confianca Aracaju,2026-02-26,1686.61,Brazil
AD Confianca Aracaju,2026-02-28,1689.2,Brazil
AD Confianca Aracaju,2026-03-07,1678.31,Brazil
AD Confianca Aracaju,2026-03-12,1677.4,Brazil
AD Confianca Aracaju,2026-03-14,1662.97,Brazil
AD Confianca Aracaju,2026-03-18,1653.59,Brazil
AD Confianca Aracaju,2026-03-26,1656.32,Brazil
AD Confianca Aracaju,2026-03-29,1699.85,Brazil
AD Confianca Aracaju,2026-04-06,1709.62,Brazil
AD Confianca Aracaju,2026-04-10,1725.58,Brazil
AD Confianca Aracaju,2026-04-12,1721.74,Brazil
AD Confianca Aracaju,2026-04-16,1739.72,Brazil
AD Confianca Aracaju,2026-04-18,1699.1,Brazil
AD Confianca Aracaju,2026-04-22,1687.71,Brazil
AD Confianca Aracaju,2026-04-25,1680.46,Brazil
AD Confianca Aracaju,2026-04-30,1668.42,Brazil
AD Confianca Aracaju,2026-05-03,1682.47,Brazil
AD Confianca Aracaju,2026-05-08,1691.63,Brazil
AD Confianca Aracaju,2026-05-11,1679.25,Brazil
AD Confianca Aracaju,2026-05-15,1662.16,Brazil
AD Confianca Aracaju,2026-05-19,1663.57,Brazil
AD Confianca Aracaju,2026-05-24,1686.82,Brazil
AD Confianca Aracaju,2026-05-30,1690.74,Brazil
AD Confianca Aracaju,2026-06-15,1696.78,Brazil
AD Confianca Aracaju,2026-06-23,1687.97,Brazil
AD Confianca Aracaju,2026-06-29,1672.36,Brazil
AD Confianca Aracaju,2026-07-05,1682.11,Brazil
AD Confianca Aracaju,2026-07-13,1675.18,Brazil
AO de Itabaiana,2024-01-14,1587.66,Brazil
AO de Itabaiana,2024-01-28,1573.63,Brazil
AO de Itabaiana,2024-01-31,1569.24,Brazil
AO de Itabaiana,2024-02-03,1530.22,Brazil
AO de Itabaiana,2024-02-08,1500.0,Brazil
AO de Itabaiana,2024-02-11,1467.28,Brazil
AO de Itabaiana,2024-02-14,1477.94,Brazil
AO de Itabaiana,2024-02-18,1491.45,Brazil
AO de Itabaiana,2024-02-21,1566.18,Brazil
AO de Itabaiana,2024-02-28,1606.82,Brazil
AO de Itabaiana,2024-03-03,1611.2,Brazil
AO de Itabaiana,2024-03-06,1598.6,Brazil
AO de Itabaiana,2024-03-09,1582.91,Brazil
AO de Itabaiana,2024-03-16,1550.78,Brazil
AO de Itabaiana,2024-03-21,1535.77,Brazil
AO de Itabaiana,2024-03-24,1538.47,Brazil
AO de Itabaiana,2024-03-28,1516.53,Brazil
AO de Itabaiana,2024-05-05,1519.54,Brazil
AO de Itabaiana,2024-05-11,1546.58,Brazil
AO de Itabaiana,2024-05-19,1547.39,Brazil
AO de Itabaiana,2024-05-26,1576.1,Brazil
AO de Itabaiana,2024-06-01,1593.45,Brazil
AO de Itabaiana,2024-06-09,1585.47,Brazil
AO de Itabaiana,2024-06-13,1595.85,Brazil
AO de Itabaiana,2024-06-16,1598.07,Brazil
AO de Itabaiana,2024-06-27,1650.55,Brazil
AO de Itabaiana,2024-07-04,1657.7,Brazil
AO de Itabaiana,2024-07-07,1667.72,Brazil
AO de Itabaiana,2024-07-14,1640.89,Brazil
AO de Itabaiana,2024-07-21,1613.84,Brazil
AO de Itabaiana,2024-07-28,1604.42,Brazil
AO de Itabaiana,2024-08-04,1612.59,Brazil
AO de Itabaiana,2024-08-11,1636.11,Brazil
AO de Itabaiana,2024-08-17,1655.74,Brazil
AO de Itabaiana,2024-08-25,1657.28,Brazil
AO de Itabaiana,2024-09-01,1648.9,Brazil
AO de Itabaiana,2024-09-08,1644.74,Brazil
AO de Itabaiana,2024-09-15,1610.91,Brazil
AO de Itabaiana,2025-01-12,1614.19,Brazil
AO de Itabaiana,2025-01-19,1609.2,Brazil
AO de Itabaiana,2025-01-22,1609.2,Brazil
AO de Itabaiana,2025-01-25,1597.71,Brazil
AO de Itabaiana,2025-02-01,1582.4,Brazil
AO de Itabaiana,2025-02-08,1583.42,Brazil
AO de Itabaiana,2025-02-16,1585.32,Brazil
AO de Itabaiana,2025-02-23,1598.34,Brazil
AO de Itabaiana,2025-03-01,1609.18,Brazil
AO de Itabaiana,2025-03-06,1618.56,Brazil
AO de Itabaiana,2025-03-09,1608.32,Brazil
AO de Itabaiana,2025-03-15,1599.05,Brazil
AO de Itabaiana,2025-03-22,1592.91,Brazil
AO de Itabaiana,2025-03-29,1607.29,Brazil
AO de Itabaiana,2025-04-13,1612.28,Brazil
AO de Itabaiana,2025-04-20,1635.18,Brazil
AO de Itabaiana,2025-04-27,1652.3,Brazil
AO de Itabaiana,2025-05-04,1643.46,Brazil
AO de Itabaiana,2025-05-13,1656.5,Brazil
AO de Itabaiana,2025-05-19,1631.37,Brazil
AO de Itabaiana,2025-05-25,1620.88,Brazil
AO de Itabaiana,2025-06-01,1616.1,Brazil
AO de Itabaiana,2025-06-16,1599.55,Brazil
AO de Itabaiana,2025-07-01,1602.22,Brazil
AO de Itabaiana,2025-07-06,1601.99,Brazil
AO de Itabaiana,2025-07-12,1593.67,Brazil
AO de Itabaiana,2025-07-20,1567.41,Brazil
AO de Itabaiana,2025-07-27,1556.59,Brazil
AO de Itabaiana,2025-08-04,1571.14,Brazil
AO de Itabaiana,2025-08-12,1592.25,Brazil
AO de Itabaiana,2025-08-16,1616.68,Brazil
AO de Itabaiana,2025-08-24,1637.68,Brazil
AO de Itabaiana,2025-08-30,1643.92,Brazil
AO de Itabaiana,2026-01-11,1596.55,Brazil
AO de Itabaiana,2026-01-17,1618.82,Brazil
AO de Itabaiana,2026-01-22,1646.95,Brazil
AO de Itabaiana,2026-01-25,1614.42,Brazil
AO de Itabaiana,2026-01-31,1614.43,Brazil
AO de Itabaiana,2026-02-05,1625.78,Brazil
AO de Itabaiana,2026-02-08,1642.82,Brazil
AO de Itabaiana,2026-02-11,1631.23,Brazil
AO de Itabaiana,2026-02-14,1652.91,Brazil
AO de Itabaiana,2026-02-21,1658.62,Brazil
AO de Itabaiana,2026-02-26,1652.38,Brazil
AO de Itabaiana,2026-02-28,1649.78,Brazil
AO de Itabaiana,2026-03-05,1695.89,Brazil
AO de Itabaiana,2026-03-08,1688.95,Brazil
AO de Itabaiana,2026-03-25,1711.61,Brazil
AO de Itabaiana,2026-04-07,1652.78,Brazil
AO de Itabaiana,2026-04-10,1636.83,Brazil
AO de Itabaiana,2026-04-13,1647.13,Brazil
AO de Itabaiana,2026-04-19,1652.14,Brazil
AO de Itabaiana,2026-04-23,1639.24,Brazil
AO de Itabaiana,2026-04-25,1652.32,Brazil
AO de Itabaiana,2026-04-30,1660.84,Brazil
AO de Itabaiana,2026-05-04,1658.58,Brazil
AO de Itabaiana,2026-05-09,1633.59,Brazil
AO de Itabaiana,2026-05-17,1626.15,Brazil
AO de Itabaiana,2026-05-24,1625.11,Brazil
AO de Itabaiana,2026-05-30,1655.85,Brazil
AO de Itabaiana,2026-06-14,1644.49,Brazil
AO de Itabaiana,2026-06-20,1638.45,Brazil
AO de Itabaiana,2026-06-28,1657.47,Brazil
AO de Itabaiana,2026-07-07,1667.66,Brazil
AO de Itabaiana,2026-07-14,1649.98,Brazil
Amazonas FC,2023-07-22,1691.13,Brazil
Amazonas FC,2023-07-31,1691.16,Brazil
Amazonas FC,2023-08-05,1693.62,Brazil
Amazonas FC,2023-08-12,1704.27,Brazil
Amazonas FC,2023-08-20,1689.53,Brazil
Amazonas FC,2023-08-26,1701.08,Brazil
Amazonas FC,2023-09-03,1692.05,Brazil
Amazonas FC,2023-09-09,1672.37,Brazil
Amazonas FC,2023-09-16,1670.25,Brazil
Amazonas FC,2023-09-24,1646.36,Brazil
Amazonas FC,2023-10-01,1663.66,Brazil
Amazonas FC,2023-10-07,1704.03,Brazil
Amazonas FC,2023-10-15,1695.83,Brazil
Amazonas FC,2023-10-22,1701.15,Brazil
Amazonas FC,2024-01-21,1697.08,Brazil
Amazonas FC,2024-01-25,1689.45,Brazil
Amazonas FC,2024-01-28,1694.38,Brazil
Amazonas FC,2024-02-03,1686.01,Brazil
Amazonas FC,2024-02-07,1694.08,Brazil
Amazonas FC,2024-02-11,1722.12,Brazil
Amazonas FC,2024-02-17,1736.2,Brazil
Amazonas FC,2024-02-22,1753.99,Brazil
Amazonas FC,2024-02-25,1738.74,Brazil
Amazonas FC,2024-03-01,1749.77,Brazil
Amazonas FC,2024-03-07,1720.37,Brazil
Amazonas FC,2024-03-09,1721.73,Brazil
Amazonas FC,2024-03-15,1717.17,Brazil
Amazonas FC,2024-03-17,1697.24,Brazil
Amazonas FC,2024-03-21,1734.76,Brazil
Amazonas FC,2024-03-23,1755.49,Brazil
Amazonas FC,2024-03-26,1703.18,Brazil
Amazonas FC,2024-04-20,1700.64,Brazil
Amazonas FC,2024-04-27,1679.43,Brazil
Amazonas FC,2024-05-02,1681.15,Brazil
Amazonas FC,2024-05-07,1678.57,Brazil
Amazonas FC,2024-05-11,1668.89,Brazil
Amazonas FC,2024-05-16,1675.56,Brazil
Amazonas FC,2024-05-18,1673.4,Brazil
Amazonas FC,2024-05-23,1652.7,Brazil
Amazonas FC,2024-05-29,1662.36,Brazil
Amazonas FC,2024-06-04,1665.73,Brazil
Amazonas FC,2024-06-08,1680.06,Brazil
Amazonas FC,2024-06-14,1688.29,Brazil
Amazonas FC,2024-06-19,1694.39,Brazil
Amazonas FC,2024-06-26,1703.26,Brazil
Amazonas FC,2024-06-30,1707.78,Brazil
Amazonas FC,2024-07-09,1710.76,Brazil
Amazonas FC,2024-07-13,1709.02,Brazil
Amazonas FC,2024-07-20,1722.81,Brazil
Amazonas FC,2024-07-25,1726.47,Brazil
Amazonas FC,2024-08-04,1726.89,Brazil
Amazonas FC,2024-08-10,1726.1,Brazil
Amazonas FC,2024-08-17,1725.62,Brazil
Amazonas FC,2024-08-21,1734.68,Brazil
Amazonas FC,2024-08-24,1745.22,Brazil
Amazonas FC,2024-09-01,1748.13,Brazil
Amazonas FC,2024-09-06,1755.7,Brazil
Amazonas FC,2024-09-14,1743.46,Brazil
Amazonas FC,2024-09-19,1740.28,Brazil
Amazonas FC,2024-09-24,1742.79,Brazil
Amazonas FC,2024-09-27,1744.1,Brazil
Amazonas FC,2024-10-05,1733.64,Brazil
Amazonas FC,2024-10-13,1728.97,Brazil
Amazonas FC,2024-10-19,1739.27,Brazil
Amazonas FC,2024-10-23,1737.93,Brazil
Amazonas FC,2024-10-26,1740.1,Brazil
Amazonas FC,2024-10-30,1745.77,Brazil
Amazonas FC,2024-11-05,1743.11,Brazil
Amazonas FC,2024-11-13,1729.49,Brazil
Amazonas FC,2024-11-16,1688.81,Brazil
Amazonas FC,2024-11-23,1696.71,Brazil
Amazonas FC,2025-01-25,1696.71,Brazil
Amazonas FC,2025-01-29,1766.49,Brazil
Amazonas FC,2025-02-02,1762.55,Brazil
Amazonas FC,2025-02-06,1793.26,Brazil
Amazonas FC,2025-02-08,1778.69,Brazil
Amazonas FC,2025-02-13,1786.76,Brazil
Amazonas FC,2025-02-21,1760.16,Brazil
Amazonas FC,2025-02-25,1794.53,Brazil
Amazonas FC,2025-02-28,1777.39,Brazil
Amazonas FC,2025-03-09,1736.76,Brazil
Amazonas FC,2025-03-13,1767.53,Brazil
Amazonas FC,2025-03-15,1768.22,Brazil
Amazonas FC,2025-03-19,1771.51,Brazil
Amazonas FC,2025-03-22,1761.26,Brazil
Amazonas FC,2025-04-02,1759.88,Brazil
Amazonas FC,2025-04-05,1752.13,Brazil
Amazonas FC,2025-04-13,1748.76,Brazil
Amazonas FC,2025-04-18,1715.31,Brazil
Amazonas FC,2025-04-21,1715.99,Brazil
Amazonas FC,2025-04-27,1737.37,Brazil
Amazonas FC,2025-05-03,1746.76,Brazil
Amazonas FC,2025-05-13,1722.97,Brazil
Amazonas FC,2025-05-20,1715.61,Brazil
Amazonas FC,2025-05-25,1685.61,Brazil
Amazonas FC,2025-06-03,1676.1,Brazil
Amazonas FC,2025-06-10,1689.14,Brazil
Amazonas FC,2025-06-16,1672.64,Brazil
Amazonas FC,2025-06-22,1678.67,Brazil
Amazonas FC,2025-06-30,1669.66,Brazil
Amazonas FC,2025-07-06,1668.27,Brazil
Amazonas FC,2025-07-16,1675.3,Brazil
Amazonas FC,2025-07-20,1678.66,Brazil
Amazonas FC,2025-07-24,1681.42,Brazil
Amazonas FC,2025-07-27,1696.16,Brazil
Amazonas FC,2025-08-03,1689.29,Brazil
Amazonas FC,2025-08-09,1703.18,Brazil
Amazonas FC,2025-08-16,1722.31,Brazil
Amazonas FC,2025-08-26,1711.42,Brazil
Amazonas FC,2025-08-31,1713.38,Brazil
Amazonas FC,2025-09-05,1699.01,Brazil
Amazonas FC,2025-09-16,1691.65,Brazil
Amazonas FC,2025-09-20,1692.34,Brazil
Amazonas FC,2025-09-25,1687.93,Brazil
Amazonas FC,2025-09-29,1687.62,Brazil
Amazonas FC,2025-10-04,1676.76,Brazil
Amazonas FC,2025-10-08,1680.66,Brazil
Amazonas FC,2025-10-12,1682.71,Brazil
Amazonas FC,2025-10-18,1694.44,Brazil
Amazonas FC,2025-10-28,1706.03,Brazil
Amazonas FC,2025-11-02,1698.7,Brazil
Amazonas FC,2025-11-10,1688.37,Brazil
Amazonas FC,2025-11-15,1711.83,Brazil
Amazonas FC,2025-11-23,1732.28,Brazil
Amazonas FC,2026-01-10,1734.34,Brazil
Amazonas FC,2026-01-17,1757.53,Brazil
Amazonas FC,2026-01-24,1770.21,Brazil
Amazonas FC,2026-01-28,1780.64,Brazil
Amazonas FC,2026-02-04,1765.93,Brazil
Amazonas FC,2026-02-08,1752.22,Brazil
Amazonas FC,2026-02-13,1740.76,Brazil
Amazonas FC,2026-02-19,1777.14,Brazil
Amazonas FC,2026-02-25,1764.99,Brazil
Amazonas FC,2026-03-01,1784.37,Brazil
Amazonas FC,2026-03-06,1775.7,Brazil
Amazonas FC,2026-03-13,1759.11,Brazil
Amazonas FC,2026-03-21,1769.29,Brazil
Amazonas FC,2026-04-06,1759.52,Brazil
Amazonas FC,2026-04-13,1763.53,Brazil
Amazonas FC,2026-04-19,1760.82,Brazil
Amazonas FC,2026-04-26,1745.01,Brazil
Amazonas FC,2026-04-30,1728.62,Brazil
Amazonas FC,2026-05-03,1740.7,Brazil
Amazonas FC,2026-05-10,1751.72,Brazil
Amazonas FC,2026-05-17,1756.18,Brazil
Amazonas FC,2026-05-24,1726.99,Brazil
Amazonas FC,2026-05-31,1710.71,Brazil
Amazonas FC,2026-06-13,1714.51,Brazil
Amazonas FC,2026-06-21,1696.72,Brazil
Amazonas FC,2026-07-01,1703.51,Brazil
Amazonas FC,2026-07-07,1693.31,Brazil
Amazonas FC,2026-07-12,1687.79,Brazil
America MG,2023-07-22,1794.68,Brazil
America MG,2023-07-30,1801.92,Brazil
America MG,2023-08-04,1786.9,Brazil
America MG,2023-08-06,1807.23,Brazil
America MG,2023-08-11,1812.18,Brazil
America MG,2023-08-13,1805.82,Brazil
America MG,2023-08-19,1811.95,Brazil
America MG,2023-08-25,1812.18,Brazil
America MG,2023-08-27,1809.66,Brazil
America MG,2023-09-01,1809.11,Brazil
America MG,2023-09-03,1799.8,Brazil
America MG,2023-09-16,1802.03,Brazil
America MG,2023-09-20,1804.48,Brazil
America MG,2023-09-26,1786.05,Brazil
America MG,2023-10-01,1784.97,Brazil
America MG,2023-10-08,1762.26,Brazil
America MG,2023-10-19,1770.53,Brazil
America MG,2023-10-22,1777.95,Brazil
America MG,2023-10-26,1778.3,Brazil
America MG,2023-10-29,1788.84,Brazil
America MG,2023-11-01,1795.12,Brazil
America MG,2023-11-04,1779.43,Brazil
America MG,2023-11-08,1786.62,Brazil
America MG,2023-11-12,1759.83,Brazil
America MG,2023-11-26,1719.91,Brazil
America MG,2023-11-30,1703.36,Brazil
America MG,2023-12-03,1681.59,Brazil
America MG,2023-12-06,1690.53,Brazil
America MG,2024-01-25,1691.47,Brazil
America MG,2024-01-29,1720.21,Brazil
America MG,2024-02-03,1759.22,Brazil
America MG,2024-02-07,1803.51,Brazil
America MG,2024-02-16,1797.55,Brazil
America MG,2024-02-18,1814.32,Brazil
America MG,2024-02-24,1812.55,Brazil
America MG,2024-02-28,1827.06,Brazil
America MG,2024-03-02,1821.65,Brazil
America MG,2024-03-09,1807.18,Brazil
America MG,2024-03-17,1811.44,Brazil
America MG,2024-04-20,1825.14,Brazil
America MG,2024-04-27,1837.94,Brazil
America MG,2024-05-04,1823.07,Brazil
America MG,2024-05-09,1845.44,Brazil
America MG,2024-05-16,1840.4,Brazil
America MG,2024-05-21,1871.76,Brazil
America MG,2024-05-25,1882.06,Brazil
America MG,2024-06-05,1878.78,Brazil
America MG,2024-06-09,1884.93,Brazil
America MG,2024-06-15,1892.43,Brazil
America MG,2024-06-20,1888.17,Brazil
America MG,2024-06-26,1877.03,Brazil
America MG,2024-07-02,1872.4,Brazil
America MG,2024-07-06,1871.8,Brazil
America MG,2024-07-13,1866.82,Brazil
America MG,2024-07-20,1853.03,Brazil
America MG,2024-07-24,1858.88,Brazil
America MG,2024-07-28,1856.51,Brazil
America MG,2024-08-03,1850.49,Brazil
America MG,2024-08-10,1851.89,Brazil
America MG,2024-08-17,1835.17,Brazil
America MG,2024-08-22,1848.46,Brazil
America MG,2024-08-25,1841.68,Brazil
America MG,2024-09-04,1847.74,Brazil
America MG,2024-09-08,1827.44,Brazil
America MG,2024-09-15,1824.86,Brazil
America MG,2024-09-19,1816.93,Brazil
America MG,2024-09-25,1832.22,Brazil
America MG,2024-09-29,1827.17,Brazil
America MG,2024-10-05,1826.98,Brazil
America MG,2024-10-12,1829.3,Brazil
America MG,2024-10-18,1834.12,Brazil
America MG,2024-10-24,1847.93,Brazil
America MG,2024-10-29,1847.97,Brazil
America MG,2024-11-05,1850.62,Brazil
America MG,2024-11-12,1845.11,Brazil
America MG,2024-11-19,1808.24,Brazil
America MG,2024-11-24,1812.09,Brazil
America MG,2025-01-20,1831.24,Brazil
America MG,2025-01-23,1842.78,Brazil
America MG,2025-01-26,1861.41,Brazil
America MG,2025-01-30,1821.54,Brazil
America MG,2025-02-01,1861.53,Brazil
America MG,2025-02-06,1836.61,Brazil
America MG,2025-02-08,1839.57,Brazil
America MG,2025-02-12,1841.66,Brazil
America MG,2025-02-16,1830.13,Brazil
America MG,2025-02-22,1825.78,Brazil
America MG,2025-02-26,1842.07,Brazil
America MG,2025-03-08,1826.05,Brazil
America MG,2025-03-15,1787.28,Brazil
America MG,2025-04-05,1801.31,Brazil
America MG,2025-04-13,1821.61,Brazil
America MG,2025-04-18,1855.06,Brazil
America MG,2025-04-21,1854.2,Brazil
America MG,2025-04-27,1839.64,Brazil
America MG,2025-05-05,1837.53,Brazil
America MG,2025-05-15,1857.04,Brazil
America MG,2025-05-20,1841.26,Brazil
America MG,2025-05-28,1828.18,Brazil
America MG,2025-06-02,1843.43,Brazil
America MG,2025-06-07,1842.92,Brazil
America MG,2025-06-14,1826.46,Brazil
America MG,2025-06-21,1820.45,Brazil
America MG,2025-06-27,1832.61,Brazil
America MG,2025-07-08,1808.93,Brazil
America MG,2025-07-12,1812.76,Brazil
America MG,2025-07-20,1812.89,Brazil
America MG,2025-07-24,1818.14,Brazil
America MG,2025-07-27,1825.3,Brazil
America MG,2025-08-02,1823.9,Brazil
America MG,2025-08-09,1829.54,Brazil
America MG,2025-08-16,1810.41,Brazil
America MG,2025-08-23,1804.33,Brazil
America MG,2025-09-03,1777.79,Brazil
America MG,2025-09-07,1781.74,Brazil
America MG,2025-09-13,1781.55,Brazil
America MG,2025-09-21,1787.67,Brazil
America MG,2025-09-26,1785.57,Brazil
America MG,2025-09-30,1779.17,Brazil
America MG,2025-10-05,1772.17,Brazil
America MG,2025-10-09,1767.53,Brazil
America MG,2025-10-12,1779.26,Brazil
America MG,2025-10-18,1773.66,Brazil
America MG,2025-10-25,1773.35,Brazil
America MG,2025-11-03,1781.95,Brazil
America MG,2025-11-10,1772.14,Brazil
America MG,2025-11-16,1763.26,Brazil
America MG,2025-11-23,1758.47,Brazil
America MG,2026-01-11,1751.84,Brazil
America MG,2026-01-14,1775.0,Brazil
America MG,2026-01-18,1781.51,Brazil
America MG,2026-01-22,1754.26,Brazil
America MG,2026-01-25,1757.63,Brazil
America MG,2026-01-31,1784.92,Brazil
America MG,2026-02-08,1772.44,Brazil
America MG,2026-02-14,1781.93,Brazil
America MG,2026-02-22,1772.95,Brazil
America MG,2026-03-01,1770.8,Brazil
America MG,2026-03-05,1803.99,Brazil
America MG,2026-03-22,1798.41,Brazil
America MG,2026-04-01,1773.41,Brazil
America MG,2026-04-06,1761.78,Brazil
America MG,2026-04-12,1768.56,Brazil
America MG,2026-04-18,1776.22,Brazil
America MG,2026-04-25,1756.81,Brazil
America MG,2026-05-04,1751.06,Brazil
America MG,2026-05-10,1765.24,Brazil
America MG,2026-05-16,1768.07,Brazil
America MG,2026-05-24,1729.59,Brazil
America MG,2026-05-30,1723.15,Brazil
America MG,2026-06-09,1717.05,Brazil
America MG,2026-06-17,1706.83,Brazil
America MG,2026-06-24,1707.02,Brazil
America MG,2026-06-27,1700.81,Brazil
America MG,2026-07-03,1703.38,Brazil
America MG,2026-07-14,1698.28,Brazil
America MG,2026-07-18,1709.44,Brazil
America MG,2026-07-22,1717.39,Brazil
Anapolis FC,2023-07-23,1730.85,Brazil
Anapolis FC,2023-08-01,1695.21,Brazil
Anapolis FC,2023-08-06,1697.58,Brazil
Anapolis FC,2023-08-12,1683.22,Brazil
Anapolis FC,2023-08-20,1696.3,Brazil
Anapolis FC,2024-01-17,1703.18,Brazil
Anapolis FC,2024-01-20,1679.96,Brazil
Anapolis FC,2024-01-24,1663.82,Brazil
Anapolis FC,2024-01-28,1668.83,Brazil
Anapolis FC,2024-02-01,1659.18,Brazil
Anapolis FC,2024-02-04,1656.88,Brazil
Anapolis FC,2024-02-08,1653.09,Brazil
Anapolis FC,2024-02-11,1622.68,Brazil
Anapolis FC,2024-02-16,1625.3,Brazil
Anapolis FC,2024-02-18,1663.55,Brazil
Anapolis FC,2024-02-21,1672.61,Brazil
Anapolis FC,2024-02-25,1690.63,Brazil
Anapolis FC,2024-03-03,1674.85,Brazil
Anapolis FC,2024-03-10,1665.16,Brazil
Anapolis FC,2024-03-15,1652.03,Brazil
Anapolis FC,2024-05-05,1652.5,Brazil
Anapolis FC,2024-05-11,1636.16,Brazil
Anapolis FC,2024-05-19,1621.21,Brazil
Anapolis FC,2024-05-25,1582.25,Brazil
Anapolis FC,2024-06-02,1624.03,Brazil
Anapolis FC,2024-06-08,1652.58,Brazil
Anapolis FC,2024-06-12,1654.84,Brazil
Anapolis FC,2024-06-16,1635.17,Brazil
Anapolis FC,2024-06-22,1659.07,Brazil
Anapolis FC,2024-06-29,1661.79,Brazil
Anapolis FC,2024-07-07,1658.74,Brazil
Anapolis FC,2024-07-13,1644.2,Brazil
Anapolis FC,2024-07-20,1668.6,Brazil
Anapolis FC,2024-07-28,1654.8,Brazil
Anapolis FC,2024-08-04,1676.28,Brazil
Anapolis FC,2024-08-11,1683.13,Brazil
Anapolis FC,2024-08-18,1665.22,Brazil
Anapolis FC,2024-08-25,1663.64,Brazil
Anapolis FC,2024-08-31,1656.03,Brazil
Anapolis FC,2024-09-08,1651.88,Brazil
Anapolis FC,2024-09-15,1650.8,Brazil
Anapolis FC,2024-09-22,1647.16,Brazil
Anapolis FC,2024-09-29,1652.97,Brazil
Anapolis FC,2025-01-16,1660.58,Brazil
Anapolis FC,2025-01-19,1621.14,Brazil
Anapolis FC,2025-01-23,1632.63,Brazil
Anapolis FC,2025-01-25,1656.94,Brazil
Anapolis FC,2025-01-30,1683.53,Brazil
Anapolis FC,2025-02-02,1669.76,Brazil
Anapolis FC,2025-02-09,1665.6,Brazil
Anapolis FC,2025-02-13,1666.06,Brazil
Anapolis FC,2025-02-16,1697.13,Brazil
Anapolis FC,2025-02-23,1677.82,Brazil
Anapolis FC,2025-03-01,1650.88,Brazil
Anapolis FC,2025-03-06,1661.55,Brazil
Anapolis FC,2025-03-08,1664.17,Brazil
Anapolis FC,2025-03-15,1672.88,Brazil
Anapolis FC,2025-03-23,1658.22,Brazil
Anapolis FC,2025-03-30,1639.04,Brazil
Anapolis FC,2025-04-12,1647.78,Brazil
Anapolis FC,2025-04-20,1642.77,Brazil
Anapolis FC,2025-04-29,1652.03,Brazil
Anapolis FC,2025-05-04,1635.46,Brazil
Anapolis FC,2025-05-11,1641.82,Brazil
Anapolis FC,2025-05-20,1641.14,Brazil
Anapolis FC,2025-05-26,1603.51,Brazil
Anapolis FC,2025-06-01,1629.54,Brazil
Anapolis FC,2025-06-15,1640.6,Brazil
Anapolis FC,2025-06-29,1614.9,Brazil
Anapolis FC,2025-07-06,1615.13,Brazil
Anapolis FC,2025-07-14,1618.13,Brazil
Anapolis FC,2025-07-22,1603.99,Brazil
Anapolis FC,2025-07-27,1615.12,Brazil
Anapolis FC,2025-08-05,1617.34,Brazil
Anapolis FC,2025-08-10,1627.95,Brazil
Anapolis FC,2025-08-18,1593.47,Brazil
Anapolis FC,2025-08-24,1583.04,Brazil
Anapolis FC,2025-08-30,1573.24,Brazil
Anapolis FC,2026-01-10,1600.16,Brazil
Anapolis FC,2026-01-15,1601.58,Brazil
Anapolis FC,2026-01-17,1612.06,Brazil
Anapolis FC,2026-01-22,1635.24,Brazil
Anapolis FC,2026-01-25,1642.72,Brazil
Anapolis FC,2026-01-29,1668.22,Brazil
Anapolis FC,2026-02-02,1649.16,Brazil
Anapolis FC,2026-02-08,1649.25,Brazil
Anapolis FC,2026-02-13,1632.18,Brazil
Anapolis FC,2026-02-16,1625.43,Brazil
Anapolis FC,2026-02-22,1625.47,Brazil
Anapolis FC,2026-02-25,1634.57,Brazil
Anapolis FC,2026-02-28,1649.04,Brazil
Anapolis FC,2026-03-13,1616.37,Brazil
Anapolis FC,2026-03-27,1673.25,Brazil
Anapolis FC,2026-03-29,1740.03,Brazil
Anapolis FC,2026-04-05,1731.55,Brazil
Anapolis FC,2026-04-09,1734.57,Brazil
Anapolis FC,2026-04-12,1711.51,Brazil
Anapolis FC,2026-04-19,1669.59,Brazil
Anapolis FC,2026-04-26,1666.55,Brazil
Anapolis FC,2026-04-30,1784.97,Brazil
Anapolis FC,2026-05-03,1777.65,Brazil
Anapolis FC,2026-05-09,1774.54,Brazil
Anapolis FC,2026-05-14,1787.91,Brazil
Anapolis FC,2026-05-17,1706.01,Brazil
Anapolis FC,2026-05-22,1692.69,Brazil
Anapolis FC,2026-05-24,1683.1,Brazil
Anapolis FC,2026-05-28,1714.2,Brazil
Anapolis FC,2026-05-31,1677.68,Brazil
Anapolis FC,2026-06-05,1659.68,Brazil
Anapolis FC,2026-06-07,1642.51,Brazil
Anapolis FC,2026-06-13,1638.72,Brazil
Anapolis FC,2026-06-20,1644.76,Brazil
Anapolis FC,2026-07-01,1648.53,Brazil
Anapolis FC,2026-07-06,1640.16,Brazil
Anapolis FC,2026-07-12,1648.03,Brazil
Athletic Club SJdR/MG,2023-07-23,1734.93,Brazil
Athletic Club SJdR/MG,2023-07-30,1747.6,Brazil
Athletic Club SJdR/MG,2023-08-05,1732.93,Brazil
Athletic Club SJdR/MG,2023-08-12,1706.06,Brazil
Athletic Club SJdR/MG,2023-08-19,1704.81,Brazil
Athletic Club SJdR/MG,2023-08-26,1699.82,Brazil
Athletic Club SJdR/MG,2023-09-02,1703.99,Brazil
Athletic Club SJdR/MG,2023-09-07,1694.43,Brazil
Athletic Club SJdR/MG,2023-09-10,1704.7,Brazil
Athletic Club SJdR/MG,2024-01-25,1717.57,Brazil
Athletic Club SJdR/MG,2024-01-27,1722.01,Brazil
Athletic Club SJdR/MG,2024-02-03,1730.36,Brazil
Athletic Club SJdR/MG,2024-02-09,1726.59,Brazil
Athletic Club SJdR/MG,2024-02-15,1701.06,Brazil
Athletic Club SJdR/MG,2024-02-17,1660.93,Brazil
Athletic Club SJdR/MG,2024-02-24,1694.6,Brazil
Athletic Club SJdR/MG,2024-02-27,1697.38,Brazil
Athletic Club SJdR/MG,2024-03-02,1713.1,Brazil
Athletic Club SJdR/MG,2024-03-09,1696.51,Brazil
Athletic Club SJdR/MG,2024-03-12,1687.86,Brazil
Athletic Club SJdR/MG,2024-03-16,1668.34,Brazil
Athletic Club SJdR/MG,2024-03-23,1671.61,Brazil
Athletic Club SJdR/MG,2024-03-29,1677.42,Brazil
Athletic Club SJdR/MG,2024-04-21,1657.57,Brazil
Athletic Club SJdR/MG,2024-04-28,1689.81,Brazil
Athletic Club SJdR/MG,2024-05-06,1694.51,Brazil
Athletic Club SJdR/MG,2024-05-12,1713.11,Brazil
Athletic Club SJdR/MG,2024-05-21,1739.14,Brazil
Athletic Club SJdR/MG,2024-06-04,1777.91,Brazil
Athletic Club SJdR/MG,2024-06-09,1804.36,Brazil
Athletic Club SJdR/MG,2024-06-16,1797.13,Brazil
Athletic Club SJdR/MG,2024-06-27,1815.32,Brazil
Athletic Club SJdR/MG,2024-06-30,1813.59,Brazil
Athletic Club SJdR/MG,2024-07-05,1814.18,Brazil
Athletic Club SJdR/MG,2024-07-07,1805.94,Brazil
Athletic Club SJdR/MG,2024-07-13,1792.62,Brazil
Athletic Club SJdR/MG,2024-07-22,1782.44,Brazil
Athletic Club SJdR/MG,2024-07-28,1792.87,Brazil
Athletic Club SJdR/MG,2024-08-04,1811.64,Brazil
Athletic Club SJdR/MG,2024-08-11,1818.59,Brazil
Athletic Club SJdR/MG,2024-08-18,1802.61,Brazil
Athletic Club SJdR/MG,2024-08-24,1802.42,Brazil
Athletic Club SJdR/MG,2024-09-03,1798.41,Brazil
Athletic Club SJdR/MG,2024-09-07,1801.04,Brazil
Athletic Club SJdR/MG,2024-09-17,1813.81,Brazil
Athletic Club SJdR/MG,2024-09-24,1795.85,Brazil
Athletic Club SJdR/MG,2024-09-29,1802.96,Brazil
Athletic Club SJdR/MG,2024-10-05,1795.66,Brazil
Athletic Club SJdR/MG,2024-10-12,1784.5,Brazil
Athletic Club SJdR/MG,2024-10-19,1801.55,Brazil
Athletic Club SJdR/MG,2025-01-18,1810.17,Brazil
Athletic Club SJdR/MG,2025-01-22,1773.84,Brazil
Athletic Club SJdR/MG,2025-01-26,1813.06,Brazil
Athletic Club SJdR/MG,2025-01-30,1811.05,Brazil
Athletic Club SJdR/MG,2025-02-01,1839.33,Brazil
Athletic Club SJdR/MG,2025-02-05,1776.97,Brazil
Athletic Club SJdR/MG,2025-02-09,1802.18,Brazil
Athletic Club SJdR/MG,2025-02-12,1796.03,Brazil
Athletic Club SJdR/MG,2025-02-16,1794.32,Brazil
Athletic Club SJdR/MG,2025-02-21,1789.03,Brazil
Athletic Club SJdR/MG,2025-02-25,1790.51,Brazil
Athletic Club SJdR/MG,2025-03-08,1770.73,Brazil
Athletic Club SJdR/MG,2025-03-12,1756.57,Brazil
Athletic Club SJdR/MG,2025-03-16,1743.08,Brazil
Athletic Club SJdR/MG,2025-04-08,1749.49,Brazil
Athletic Club SJdR/MG,2025-04-13,1750.51,Brazil
Athletic Club SJdR/MG,2025-04-18,1736.32,Brazil
Athletic Club SJdR/MG,2025-04-20,1724.87,Brazil
Athletic Club SJdR/MG,2025-04-27,1734.06,Brazil
Athletic Club SJdR/MG,2025-05-07,1725.62,Brazil
Athletic Club SJdR/MG,2025-05-13,1717.16,Brazil
Athletic Club SJdR/MG,2025-05-18,1723.39,Brazil
Athletic Club SJdR/MG,2025-05-24,1734.28,Brazil
Athletic Club SJdR/MG,2025-06-01,1740.18,Brazil
Athletic Club SJdR/MG,2025-06-10,1727.13,Brazil
Athletic Club SJdR/MG,2025-06-15,1720.86,Brazil
Athletic Club SJdR/MG,2025-06-24,1725.69,Brazil
Athletic Club SJdR/MG,2025-06-29,1738.81,Brazil
Athletic Club SJdR/MG,2025-07-08,1762.49,Brazil
Athletic Club SJdR/MG,2025-07-15,1766.85,Brazil
Athletic Club SJdR/MG,2025-07-19,1787.79,Brazil
Athletic Club SJdR/MG,2025-07-23,1790.99,Brazil
Athletic Club SJdR/MG,2025-07-29,1796.73,Brazil
Athletic Club SJdR/MG,2025-08-05,1812.33,Brazil
Athletic Club SJdR/MG,2025-08-13,1800.31,Brazil
Athletic Club SJdR/MG,2025-08-19,1784.57,Brazil
Athletic Club SJdR/MG,2025-08-23,1765.09,Brazil
Athletic Club SJdR/MG,2025-08-31,1758.55,Brazil
Athletic Club SJdR/MG,2025-09-09,1763.97,Brazil
Athletic Club SJdR/MG,2025-09-14,1772.12,Brazil
Athletic Club SJdR/MG,2025-09-20,1759.26,Brazil
Athletic Club SJdR/MG,2025-09-25,1736.76,Brazil
Athletic Club SJdR/MG,2025-09-29,1725.63,Brazil
Athletic Club SJdR/MG,2025-10-04,1736.49,Brazil
Athletic Club SJdR/MG,2025-10-09,1749.42,Brazil
Athletic Club SJdR/MG,2025-10-11,1748.87,Brazil
Athletic Club SJdR/MG,2025-10-19,1728.1,Brazil
Athletic Club SJdR/MG,2025-10-25,1728.4,Brazil
Athletic Club SJdR/MG,2025-11-01,1730.58,Brazil
Athletic Club SJdR/MG,2025-11-07,1737.87,Brazil
Athletic Club SJdR/MG,2025-11-15,1739.57,Brazil
Athletic Club SJdR/MG,2025-11-23,1770.05,Brazil
Athletic Club SJdR/MG,2026-01-11,1776.69,Brazil
Athletic Club SJdR/MG,2026-01-14,1755.16,Brazil
Athletic Club SJdR/MG,2026-01-17,1765.34,Brazil
Athletic Club SJdR/MG,2026-01-21,1752.34,Brazil
Athletic Club SJdR/MG,2026-01-26,1743.05,Brazil
Athletic Club SJdR/MG,2026-01-31,1720.05,Brazil
Athletic Club SJdR/MG,2026-02-07,1718.88,Brazil
Athletic Club SJdR/MG,2026-02-14,1700.37,Brazil
Athletic Club SJdR/MG,2026-03-05,1704.58,Brazil
Athletic Club SJdR/MG,2026-03-11,1699.8,Brazil
Athletic Club SJdR/MG,2026-03-18,1693.6,Brazil
Athletic Club SJdR/MG,2026-03-22,1704.4,Brazil
Athletic Club SJdR/MG,2026-04-02,1691.8,Brazil
Athletic Club SJdR/MG,2026-04-06,1703.44,Brazil
Athletic Club SJdR/MG,2026-04-13,1725.8,Brazil
Athletic Club SJdR/MG,2026-04-20,1720.3,Brazil
Athletic Club SJdR/MG,2026-04-23,1723.74,Brazil
Athletic Club SJdR/MG,2026-04-28,1722.84,Brazil
Athletic Club SJdR/MG,2026-05-05,1721.45,Brazil
Athletic Club SJdR/MG,2026-05-09,1646.35,Brazil
Athletic Club SJdR/MG,2026-05-13,1627.51,Brazil
Athletic Club SJdR/MG,2026-05-17,1669.54,Brazil
Athletic Club SJdR/MG,2026-05-26,1670.79,Brazil
Athletic Club SJdR/MG,2026-05-30,1702.35,Brazil
Athletic Club SJdR/MG,2026-06-11,1704.89,Brazil
Athletic Club SJdR/MG,2026-06-14,1719.74,Brazil
Athletic Club SJdR/MG,2026-06-20,1734.44,Brazil
Athletic Club SJdR/MG,2026-06-28,1747.97,Brazil
Athletic Club SJdR/MG,2026-07-08,1744.68,Brazil
Athletic Club SJdR/MG,2026-07-14,1745.53,Brazil
Athletic Club SJdR/MG,2026-07-18,1748.86,Brazil
Athletic Club SJdR/MG,2026-07-24,1745.24,Brazil
Athletico PR,2023-07-23,1919.4,Brazil
Athletico PR,2023-07-29,1928.97,Brazil
Athletico PR,2023-08-02,1881.55,Brazil
Athletico PR,2023-08-05,1874.55,Brazil
Athletico PR,2023-08-09,1871.34,Brazil
Athletico PR,2023-08-16,1854.87,Brazil
Athletico PR,2023-08-22,1900.26,Brazil
Athletico PR,2023-08-27,1922.6,Brazil
Athletico PR,2023-09-02,1896.55,Brazil
Athletico PR,2023-09-14,1909.64,Brazil
Athletico PR,2023-09-22,1911.62,Brazil
Athletico PR,2023-10-01,1932.75,Brazil
Athletico PR,2023-10-08,1913.74,Brazil
Athletico PR,2023-10-19,1909.72,Brazil
Athletico PR,2023-10-22,1902.03,Brazil
Athletico PR,2023-10-26,1901.68,Brazil
Athletico PR,2023-10-29,1927.82,Brazil
Athletico PR,2023-11-01,1919.48,Brazil
Athletico PR,2023-11-05,1928.88,Brazil
Athletico PR,2023-11-09,1920.01,Brazil
Athletico PR,2023-11-12,1935.38,Brazil
Athletico PR,2023-11-25,1924.61,Brazil
Athletico PR,2023-12-01,1902.22,Brazil
Athletico PR,2023-12-03,1882.16,Brazil
Athletico PR,2023-12-07,1869.65,Brazil
Athletico PR,2024-01-18,1912.74,Brazil
Athletico PR,2024-01-21,1876.82,Brazil
Athletico PR,2024-01-24,1857.07,Brazil
Athletico PR,2024-01-27,1891.21,Brazil
Athletico PR,2024-02-01,1875.93,Brazil
Athletico PR,2024-02-03,1862.85,Brazil
Athletico PR,2024-02-08,1848.07,Brazil
Athletico PR,2024-02-10,1810.97,Brazil
Athletico PR,2024-02-15,1826.86,Brazil
Athletico PR,2024-02-18,1844.49,Brazil
Athletico PR,2024-02-25,1834.12,Brazil
Athletico PR,2024-03-02,1841.17,Brazil
Athletico PR,2024-03-10,1837.38,Brazil
Athletico PR,2024-03-16,1871.7,Brazil
Athletico PR,2024-03-28,1882.22,Brazil
Athletico PR,2024-04-03,1849.08,Brazil
Athletico PR,2024-04-10,1887.3,Brazil
Athletico PR,2024-04-14,1910.25,Brazil
Athletico PR,2024-04-18,1955.2,Brazil
Athletico PR,2024-04-21,1959.26,Brazil
Athletico PR,2024-04-25,1952.18,Brazil
Athletico PR,2024-04-28,1941.97,Brazil
Athletico PR,2024-05-01,1963.42,Brazil
Athletico PR,2024-05-05,1951.78,Brazil
Athletico PR,2024-05-09,1957.31,Brazil
Athletico PR,2024-05-12,1958.83,Brazil
Athletico PR,2024-05-16,1957.53,Brazil
Athletico PR,2024-05-31,1945.99,Brazil
Athletico PR,2024-06-02,1967.4,Brazil
Athletico PR,2024-06-14,1969.76,Brazil
Athletico PR,2024-06-16,1978.59,Brazil
Athletico PR,2024-06-20,1959.93,Brazil
Athletico PR,2024-06-23,1971.51,Brazil
Athletico PR,2024-06-27,1983.23,Brazil
Athletico PR,2024-06-30,1984.97,Brazil
Athletico PR,2024-07-04,1978.39,Brazil
Athletico PR,2024-07-07,1959.26,Brazil
Athletico PR,2024-07-11,1937.45,Brazil
Athletico PR,2024-07-13,1945.52,Brazil
Athletico PR,2024-07-19,1953.76,Brazil
Athletico PR,2024-07-21,1931.17,Brazil
Athletico PR,2024-07-26,1962.98,Brazil
Athletico PR,2024-07-29,1957.4,Brazil
Athletico PR,2024-08-01,1954.34,Brazil
Athletico PR,2024-08-04,1949.93,Brazil
Athletico PR,2024-08-08,1940.91,Brazil
Athletico PR,2024-08-12,1959.16,Brazil
Athletico PR,2024-08-16,1928.18,Brazil
Athletico PR,2024-08-18,1921.74,Brazil
Athletico PR,2024-08-23,1908.02,Brazil
Athletico PR,2024-08-27,1909.77,Brazil
Athletico PR,2024-08-30,1918.07,Brazil
Athletico PR,2024-09-01,1896.76,Brazil
Athletico PR,2024-09-12,1907.44,Brazil
Athletico PR,2024-09-14,1902.26,Brazil
Athletico PR,2024-09-20,1905.18,Brazil
Athletico PR,2024-09-23,1904.17,Brazil
Athletico PR,2024-09-27,1866.93,Brazil
Athletico PR,2024-09-30,1893.78,Brazil
Athletico PR,2024-10-05,1881.99,Brazil
Athletico PR,2024-10-18,1877.01,Brazil
Athletico PR,2024-10-23,1864.16,Brazil
Athletico PR,2024-10-26,1863.96,Brazil
Athletico PR,2024-11-02,1878.32,Brazil
Athletico PR,2024-11-10,1854.57,Brazil
Athletico PR,2024-11-16,1845.01,Brazil
Athletico PR,2024-11-20,1847.66,Brazil
Athletico PR,2024-11-24,1871.42,Brazil
Athletico PR,2024-12-01,1863.22,Brazil
Athletico PR,2024-12-06,1866.34,Brazil
Athletico PR,2024-12-08,1852.94,Brazil
Athletico PR,2025-01-11,1823.91,Brazil
Athletico PR,2025-01-15,1766.64,Brazil
Athletico PR,2025-01-18,1781.43,Brazil
Athletico PR,2025-01-23,1815.32,Brazil
Athletico PR,2025-01-25,1785.94,Brazil
Athletico PR,2025-01-29,1774.75,Brazil
Athletico PR,2025-02-02,1848.31,Brazil
Athletico PR,2025-02-07,1864.12,Brazil
Athletico PR,2025-02-09,1865.44,Brazil
Athletico PR,2025-02-13,1886.8,Brazil
Athletico PR,2025-02-15,1870.42,Brazil
Athletico PR,2025-02-22,1841.2,Brazil
Athletico PR,2025-02-26,1852.36,Brazil
Athletico PR,2025-03-08,1863.23,Brazil
Athletico PR,2025-03-13,1856.38,Brazil
Athletico PR,2025-03-16,1861.61,Brazil
Athletico PR,2025-03-20,1857.05,Brazil
Athletico PR,2025-04-05,1853.81,Brazil
Athletico PR,2025-04-11,1891.69,Brazil
Athletico PR,2025-04-16,1898.26,Brazil
Athletico PR,2025-04-21,1891.24,Brazil
Athletico PR,2025-04-25,1896.89,Brazil
Athletico PR,2025-05-01,1907.47,Brazil
Athletico PR,2025-05-04,1907.93,Brazil
Athletico PR,2025-05-09,1892.95,Brazil
Athletico PR,2025-05-17,1879.56,Brazil
Athletico PR,2025-05-21,1883.4,Brazil
Athletico PR,2025-05-24,1872.51,Brazil
Athletico PR,2025-06-01,1852.84,Brazil
Athletico PR,2025-06-08,1857.15,Brazil
Athletico PR,2025-06-14,1860.32,Brazil
Athletico PR,2025-06-21,1873.18,Brazil
Athletico PR,2025-06-28,1860.9,Brazil
Athletico PR,2025-07-06,1862.29,Brazil
Athletico PR,2025-07-13,1864.76,Brazil
Athletico PR,2025-07-20,1872.8,Brazil
Athletico PR,2025-07-23,1869.49,Brazil
Athletico PR,2025-07-27,1862.33,Brazil
Athletico PR,2025-08-01,1862.08,Brazil
Athletico PR,2025-08-03,1868.13,Brazil
Athletico PR,2025-08-07,1877.85,Brazil
Athletico PR,2025-08-12,1878.89,Brazil
Athletico PR,2025-08-17,1859.0,Brazil
Athletico PR,2025-08-24,1856.62,Brazil
Athletico PR,2025-08-28,1851.62,Brazil
Athletico PR,2025-08-31,1859.06,Brazil
Athletico PR,2025-09-06,1863.63,Brazil
Athletico PR,2025-09-11,1851.68,Brazil
Athletico PR,2025-09-17,1859.22,Brazil
Athletico PR,2025-09-22,1861.6,Brazil
Athletico PR,2025-09-25,1884.1,Brazil
Athletico PR,2025-09-28,1902.26,Brazil
Athletico PR,2025-10-06,1898.9,Brazil
Athletico PR,2025-10-10,1902.99,Brazil
Athletico PR,2025-10-15,1908.51,Brazil
Athletico PR,2025-10-19,1908.88,Brazil
Athletico PR,2025-10-28,1897.3,Brazil
Athletico PR,2025-11-01,1899.02,Brazil
Athletico PR,2025-11-08,1914.35,Brazil
Athletico PR,2025-11-16,1922.93,Brazil
Athletico PR,2025-11-23,1927.72,Brazil
Athletico PR,2026-01-09,1847.61,Brazil
Athletico PR,2026-01-11,1851.07,Brazil
Athletico PR,2026-01-15,1804.87,Brazil
Athletico PR,2026-01-17,1822.45,Brazil
Athletico PR,2026-01-21,1824.36,Brazil
Athletico PR,2026-01-24,1807.47,Brazil
Athletico PR,2026-01-28,1825.06,Brazil
Athletico PR,2026-02-04,1847.07,Brazil
Athletico PR,2026-02-07,1794.82,Brazil
Athletico PR,2026-02-12,1808.55,Brazil
Athletico PR,2026-02-15,1840.59,Brazil
Athletico PR,2026-02-19,1838.34,Brazil
Athletico PR,2026-02-22,1824.57,Brazil
Athletico PR,2026-02-25,1857.76,Brazil
Athletico PR,2026-03-15,1846.36,Brazil
Athletico PR,2026-03-18,1871.78,Brazil
Athletico PR,2026-03-22,1865.31,Brazil
Athletico PR,2026-03-30,1861.01,Brazil
Athletico PR,2026-04-02,1873.79,Brazil
Athletico PR,2026-04-05,1884.87,Brazil
Athletico PR,2026-04-12,1894.65,Brazil
Athletico PR,2026-04-19,1893.26,Brazil
Athletico PR,2026-04-24,1910.74,Brazil
Athletico PR,2026-04-26,1927.28,Brazil
Athletico PR,2026-05-03,1919.3,Brazil
Athletico PR,2026-05-11,1896.08,Brazil
Athletico PR,2026-05-15,1910.94,Brazil
Athletico PR,2026-05-18,1907.55,Brazil
Athletico PR,2026-05-24,1890.36,Brazil
Athletico PR,2026-05-30,1878.92,Brazil
Athletico PR,2026-07-23,1888.36,Brazil
Athletico PR,2026-07-25,1907.36,Brazil
Atletico GO,2023-07-23,1786.01,Brazil
Atletico GO,2023-07-29,1788.14,Brazil
Atletico GO,2023-08-02,1787.79,Brazil
Atletico GO,2023-08-08,1778.97,Brazil
Atletico GO,2023-08-13,1765.9,Brazil
Atletico GO,2023-08-18,1768.1,Brazil
Atletico GO,2023-08-27,1771.56,Brazil
Atletico GO,2023-09-02,1777.09,Brazil
Atletico GO,2023-09-10,1771.05,Brazil
Atletico GO,2023-09-16,1782.35,Brazil
Atletico GO,2023-09-23,1799.8,Brazil
Atletico GO,2023-10-01,1802.67,Brazil
Atletico GO,2023-10-07,1803.84,Brazil
Atletico GO,2023-10-15,1803.73,Brazil
Atletico GO,2023-10-20,1802.04,Brazil
Atletico GO,2023-10-29,1809.68,Brazil
Atletico GO,2023-11-02,1817.45,Brazil
Atletico GO,2023-11-11,1820.83,Brazil
Atletico GO,2023-11-18,1827.93,Brazil
Atletico GO,2023-11-25,1865.25,Brazil
Atletico GO,2024-01-19,1870.88,Brazil
Atletico GO,2024-01-21,1834.84,Brazil
Atletico GO,2024-01-24,1818.74,Brazil
Atletico GO,2024-01-28,1815.62,Brazil
Atletico GO,2024-02-01,1825.26,Brazil
Atletico GO,2024-02-05,1820.99,Brazil
Atletico GO,2024-02-08,1829.19,Brazil
Atletico GO,2024-02-12,1844.48,Brazil
Atletico GO,2024-02-15,1836.26,Brazil
Atletico GO,2024-02-18,1847.59,Brazil
Atletico GO,2024-02-22,1843.57,Brazil
Atletico GO,2024-02-25,1835.03,Brazil
Atletico GO,2024-03-02,1850.19,Brazil
Atletico GO,2024-03-07,1851.79,Brazil
Atletico GO,2024-03-11,1882.14,Brazil
Atletico GO,2024-03-17,1894.07,Brazil
Atletico GO,2024-03-25,1903.9,Brazil
Atletico GO,2024-04-14,1875.11,Brazil
Atletico GO,2024-04-19,1849.23,Brazil
Atletico GO,2024-04-21,1861.79,Brazil
Atletico GO,2024-04-29,1828.99,Brazil
Atletico GO,2024-05-01,1852.09,Brazil
Atletico GO,2024-05-12,1840.46,Brazil
Atletico GO,2024-05-23,1855.24,Brazil
Atletico GO,2024-06-01,1848.86,Brazil
Atletico GO,2024-06-06,1838.53,Brazil
Atletico GO,2024-06-12,1832.12,Brazil
Atletico GO,2024-06-16,1845.13,Brazil
Atletico GO,2024-06-20,1846.9,Brazil
Atletico GO,2024-06-22,1836.66,Brazil
Atletico GO,2024-06-27,1843.01,Brazil
Atletico GO,2024-06-30,1864.59,Brazil
Atletico GO,2024-07-04,1834.71,Brazil
Atletico GO,2024-07-07,1853.84,Brazil
Atletico GO,2024-07-12,1857.52,Brazil
Atletico GO,2024-07-18,1831.79,Brazil
Atletico GO,2024-07-21,1835.45,Brazil
Atletico GO,2024-07-25,1842.88,Brazil
Atletico GO,2024-07-28,1823.3,Brazil
Atletico GO,2024-08-01,1800.03,Brazil
Atletico GO,2024-08-04,1814.64,Brazil
Atletico GO,2024-08-07,1826.95,Brazil
Atletico GO,2024-08-11,1870.62,Brazil
Atletico GO,2024-08-18,1855.44,Brazil
Atletico GO,2024-08-24,1865.21,Brazil
Atletico GO,2024-09-01,1845.05,Brazil
Atletico GO,2024-09-14,1851.95,Brazil
Atletico GO,2024-09-21,1839.3,Brazil
Atletico GO,2024-09-29,1818.62,Brazil
Atletico GO,2024-10-04,1812.62,Brazil
Atletico GO,2024-10-19,1817.82,Brazil
Atletico GO,2024-10-26,1807.29,Brazil
Atletico GO,2024-11-07,1818.54,Brazil
Atletico GO,2024-11-09,1805.16,Brazil
Atletico GO,2024-11-20,1802.51,Brazil
Atletico GO,2024-11-23,1773.47,Brazil
Atletico GO,2024-12-01,1782.58,Brazil
Atletico GO,2024-12-05,1778.71,Brazil
Atletico GO,2024-12-08,1755.88,Brazil
Atletico GO,2025-01-16,1771.08,Brazil
Atletico GO,2025-01-19,1791.51,Brazil
Atletico GO,2025-01-22,1825.15,Brazil
Atletico GO,2025-01-26,1827.78,Brazil
Atletico GO,2025-01-29,1816.85,Brazil
Atletico GO,2025-02-01,1808.69,Brazil
Atletico GO,2025-02-04,1841.54,Brazil
Atletico GO,2025-02-09,1858.03,Brazil
Atletico GO,2025-02-12,1876.62,Brazil
Atletico GO,2025-02-16,1845.54,Brazil
Atletico GO,2025-02-20,1837.74,Brazil
Atletico GO,2025-02-23,1824.28,Brazil
Atletico GO,2025-03-01,1826.72,Brazil
Atletico GO,2025-03-04,1838.03,Brazil
Atletico GO,2025-03-08,1835.4,Brazil
Atletico GO,2025-03-13,1846.06,Brazil
Atletico GO,2025-03-15,1837.35,Brazil
Atletico GO,2025-04-08,1830.94,Brazil
Atletico GO,2025-04-14,1814.63,Brazil
Atletico GO,2025-04-18,1834.89,Brazil
Atletico GO,2025-04-23,1841.12,Brazil
Atletico GO,2025-04-27,1819.75,Brazil
Atletico GO,2025-05-04,1804.87,Brazil
Atletico GO,2025-05-10,1802.07,Brazil
Atletico GO,2025-05-18,1812.36,Brazil
Atletico GO,2025-05-28,1825.42,Brazil
Atletico GO,2025-05-31,1817.33,Brazil
Atletico GO,2025-06-08,1813.02,Brazil
Atletico GO,2025-06-15,1814.48,Brazil
Atletico GO,2025-06-22,1804.04,Brazil
Atletico GO,2025-06-28,1824.28,Brazil
Atletico GO,2025-07-04,1820.38,Brazil
Atletico GO,2025-07-12,1818.92,Brazil
Atletico GO,2025-07-19,1815.08,Brazil
Atletico GO,2025-07-23,1800.51,Brazil
Atletico GO,2025-07-28,1796.31,Brazil
Atletico GO,2025-08-05,1780.71,Brazil
Atletico GO,2025-08-10,1793.37,Brazil
Atletico GO,2025-08-17,1788.93,Brazil
Atletico GO,2025-08-25,1797.12,Brazil
Atletico GO,2025-08-31,1795.16,Brazil
Atletico GO,2025-09-09,1801.23,Brazil
Atletico GO,2025-09-17,1806.74,Brazil
Atletico GO,2025-09-21,1797.06,Brazil
Atletico GO,2025-09-26,1799.16,Brazil
Atletico GO,2025-10-01,1814.26,Brazil
Atletico GO,2025-10-06,1817.62,Brazil
Atletico GO,2025-10-10,1815.66,Brazil
Atletico GO,2025-10-14,1821.27,Brazil
Atletico GO,2025-10-18,1799.7,Brazil
Atletico GO,2025-10-26,1778.8,Brazil
Atletico GO,2025-10-31,1796.01,Brazil
Atletico GO,2025-11-09,1798.09,Brazil
Atletico GO,2025-11-15,1798.72,Brazil
Atletico GO,2025-11-23,1748.82,Brazil
Atletico GO,2026-01-10,1721.89,Brazil
Atletico GO,2026-01-16,1793.77,Brazil
Atletico GO,2026-01-18,1805.42,Brazil
Atletico GO,2026-01-21,1806.95,Brazil
Atletico GO,2026-01-25,1821.54,Brazil
Atletico GO,2026-01-28,1830.43,Brazil
Atletico GO,2026-01-31,1831.45,Brazil
Atletico GO,2026-02-07,1809.67,Brazil
Atletico GO,2026-02-12,1819.05,Brazil
Atletico GO,2026-02-15,1810.69,Brazil
Atletico GO,2026-02-22,1818.81,Brazil
Atletico GO,2026-02-25,1838.62,Brazil
Atletico GO,2026-03-01,1829.53,Brazil
Atletico GO,2026-03-07,1825.93,Brazil
Atletico GO,2026-03-12,1823.14,Brazil
Atletico GO,2026-03-15,1847.38,Brazil
Atletico GO,2026-03-19,1821.54,Brazil
Atletico GO,2026-03-21,1805.92,Brazil
Atletico GO,2026-03-27,1749.04,Brazil
Atletico GO,2026-04-02,1788.95,Brazil
Atletico GO,2026-04-05,1748.52,Brazil
Atletico GO,2026-04-08,1833.89,Brazil
Atletico GO,2026-04-13,1799.78,Brazil
Atletico GO,2026-04-16,1790.55,Brazil
Atletico GO,2026-04-19,1805.88,Brazil
Atletico GO,2026-04-24,1788.4,Brazil
Atletico GO,2026-04-27,1772.05,Brazil
Atletico GO,2026-04-30,1767.38,Brazil
Atletico GO,2026-05-03,1756.43,Brazil
Atletico GO,2026-05-10,1769.57,Brazil
Atletico GO,2026-05-15,1754.7,Brazil
Atletico GO,2026-05-17,1750.26,Brazil
Atletico GO,2026-05-24,1750.58,Brazil
Atletico GO,2026-05-30,1748.66,Brazil
Atletico GO,2026-06-09,1754.76,Brazil
Atletico GO,2026-06-13,1775.43,Brazil
Atletico GO,2026-06-19,1769.21,Brazil
Atletico GO,2026-06-28,1781.82,Brazil
Atletico GO,2026-07-04,1788.5,Brazil
Atletico GO,2026-07-12,1773.62,Brazil
Atletico GO,2026-07-18,1770.29,Brazil
Atletico GO,2026-07-24,1765.2,Brazil
Atletico-MG,2023-07-23,2004.68,Brazil
Atletico-MG,2023-07-30,2009.32,Brazil
Atletico-MG,2023-08-03,1999.15,Brazil
Atletico-MG,2023-08-06,1983.12,Brazil
Atletico-MG,2023-08-10,1974.37,Brazil
Atletico-MG,2023-08-13,1968.78,Brazil
Atletico-MG,2023-08-20,1951.44,Brazil
Atletico-MG,2023-08-27,1936.86,Brazil
Atletico-MG,2023-09-02,1962.9,Brazil
Atletico-MG,2023-09-17,1940.86,Brazil
Atletico-MG,2023-09-24,1962.51,Brazil
Atletico-MG,2023-10-01,1988.59,Brazil
Atletico-MG,2023-10-08,1988.95,Brazil
Atletico-MG,2023-10-20,1972.47,Brazil
Atletico-MG,2023-10-22,1990.74,Brazil
Atletico-MG,2023-10-26,1990.69,Brazil
Atletico-MG,2023-10-29,2003.12,Brazil
Atletico-MG,2023-11-02,1991.93,Brazil
Atletico-MG,2023-11-04,2007.62,Brazil
Atletico-MG,2023-11-09,1976.13,Brazil
Atletico-MG,2023-11-12,1964.47,Brazil
Atletico-MG,2023-11-26,1957.74,Brazil
Atletico-MG,2023-11-29,1937.28,Brazil
Atletico-MG,2023-12-03,1964.65,Brazil
Atletico-MG,2023-12-07,1983.84,Brazil
Atletico-MG,2024-01-25,2019.56,Brazil
Atletico-MG,2024-01-28,2019.62,Brazil
Atletico-MG,2024-02-03,2013.09,Brazil
Atletico-MG,2024-02-09,2016.86,Brazil
Atletico-MG,2024-02-15,2020.28,Brazil
Atletico-MG,2024-02-17,1998.88,Brazil
Atletico-MG,2024-02-24,2000.65,Brazil
Atletico-MG,2024-03-02,1968.71,Brazil
Atletico-MG,2024-03-09,1983.18,Brazil
Atletico-MG,2024-03-17,1978.93,Brazil
Atletico-MG,2024-03-30,1991.51,Brazil
Atletico-MG,2024-04-05,1992.72,Brazil
Atletico-MG,2024-04-11,1987.06,Brazil
Atletico-MG,2024-04-14,2004.23,Brazil
Atletico-MG,2024-04-18,2019.26,Brazil
Atletico-MG,2024-04-21,1991.16,Brazil
Atletico-MG,2024-04-24,1993.16,Brazil
Atletico-MG,2024-04-27,1998.03,Brazil
Atletico-MG,2024-05-01,2018.67,Brazil
Atletico-MG,2024-05-04,2031.44,Brazil
Atletico-MG,2024-05-08,2011.39,Brazil
Atletico-MG,2024-05-15,1999.13,Brazil
Atletico-MG,2024-05-23,2043.8,Brazil
Atletico-MG,2024-05-29,2047.39,Brazil
Atletico-MG,2024-06-02,2033.1,Brazil
Atletico-MG,2024-06-12,2008.24,Brazil
Atletico-MG,2024-06-18,2000.44,Brazil
Atletico-MG,2024-06-20,1765.2,Brazil
Atletico-MG,2024-06-23,1983.74,Brazil
Atletico-MG,2024-06-27,1969.23,Brazil
Atletico-MG,2024-06-30,1947.66,Brazil
Atletico-MG,2024-07-04,1958.73,Brazil
Atletico-MG,2024-07-08,1959.69,Brazil
Atletico-MG,2024-07-12,1962.23,Brazil
Atletico-MG,2024-07-17,1970.91,Brazil
Atletico-MG,2024-07-21,1968.88,Brazil
Atletico-MG,2024-07-29,1968.29,Brazil
Atletico-MG,2024-08-01,1989.03,Brazil
Atletico-MG,2024-08-04,2004.56,Brazil
Atletico-MG,2024-08-08,2012.3,Brazil
Atletico-MG,2024-08-11,2002.87,Brazil
Atletico-MG,2024-08-14,1983.33,Brazil
Atletico-MG,2024-08-17,1968.8,Brazil
Atletico-MG,2024-08-21,1991.35,Brazil
Atletico-MG,2024-08-25,1976.06,Brazil
Atletico-MG,2024-08-29,1966.15,Brazil
Atletico-MG,2024-09-01,1942.62,Brazil
Atletico-MG,2024-09-13,1929.99,Brazil
Atletico-MG,2024-09-15,1917.3,Brazil
Atletico-MG,2024-09-19,1928.13,Brazil
Atletico-MG,2024-09-22,1911.88,Brazil
Atletico-MG,2024-09-26,1941.34,Brazil
Atletico-MG,2024-09-28,1959.37,Brazil
Atletico-MG,2024-10-03,1976.08,Brazil
Atletico-MG,2024-10-05,1943.42,Brazil
Atletico-MG,2024-10-10,1951.01,Brazil
Atletico-MG,2024-10-17,1918.36,Brazil
Atletico-MG,2024-10-19,1931.41,Brazil
Atletico-MG,2024-10-23,1938.58,Brazil
Atletico-MG,2024-10-27,1900.73,Brazil
Atletico-MG,2024-10-30,1891.08,Brazil
Atletico-MG,2024-11-03,1888.12,Brazil
Atletico-MG,2024-11-07,1876.87,Brazil
Atletico-MG,2024-11-10,1901.28,Brazil
Atletico-MG,2024-11-14,1930.57,Brazil
Atletico-MG,2024-11-16,1940.12,Brazil
Atletico-MG,2024-11-21,1888.69,Brazil
Atletico-MG,2024-11-24,1875.18,Brazil
Atletico-MG,2024-11-27,1849.95,Brazil
Atletico-MG,2024-11-30,1851.55,Brazil
Atletico-MG,2024-12-04,1865.05,Brazil
Atletico-MG,2024-12-08,1878.44,Brazil
Atletico-MG,2025-01-19,1787.73,Brazil
Atletico-MG,2025-01-22,1731.17,Brazil
Atletico-MG,2025-01-26,1731.18,Brazil
Atletico-MG,2025-01-30,1771.05,Brazil
Atletico-MG,2025-02-01,1823.67,Brazil
Atletico-MG,2025-02-05,1886.03,Brazil
Atletico-MG,2025-02-09,1891.54,Brazil
Atletico-MG,2025-02-12,1880.85,Brazil
Atletico-MG,2025-02-15,1888.8,Brazil
Atletico-MG,2025-02-18,1946.14,Brazil
Atletico-MG,2025-02-22,1938.94,Brazil
Atletico-MG,2025-03-05,1969.98,Brazil
Atletico-MG,2025-03-08,1986.0,Brazil
Atletico-MG,2025-03-15,2024.76,Brazil
Atletico-MG,2025-03-29,2017.22,Brazil
Atletico-MG,2025-04-02,1958.33,Brazil
Atletico-MG,2025-04-06,1952.09,Brazil
Atletico-MG,2025-04-11,1961.47,Brazil
Atletico-MG,2025-04-14,1949.06,Brazil
Atletico-MG,2025-04-17,1967.6,Brazil
Atletico-MG,2025-04-20,1958.61,Brazil
Atletico-MG,2025-04-24,1928.48,Brazil
Atletico-MG,2025-04-26,1939.84,Brazil
Atletico-MG,2025-04-30,1988.36,Brazil
Atletico-MG,2025-05-06,1971.58,Brazil
Atletico-MG,2025-05-09,1947.96,Brazil
Atletico-MG,2025-05-11,1922.12,Brazil
Atletico-MG,2025-05-16,1909.03,Brazil
Atletico-MG,2025-05-19,1880.28,Brazil
Atletico-MG,2025-05-22,1914.53,Brazil
Atletico-MG,2025-05-25,1927.84,Brazil
Atletico-MG,2025-05-30,1929.48,Brazil
Atletico-MG,2025-06-01,1960.81,Brazil
Atletico-MG,2025-06-13,1959.69,Brazil
Atletico-MG,2025-07-13,1960.97,Brazil
Atletico-MG,2025-07-18,1944.63,Brazil
Atletico-MG,2025-07-20,1960.56,Brazil
Atletico-MG,2025-07-25,1943.19,Brazil
Atletico-MG,2025-07-28,1939.77,Brazil
Atletico-MG,2025-08-01,1961.12,Brazil
Atletico-MG,2025-08-03,1949.2,Brazil
Atletico-MG,2025-08-07,1956.88,Brazil
Atletico-MG,2025-08-10,1965.18,Brazil
Atletico-MG,2025-08-15,1970.76,Brazil
Atletico-MG,2025-08-17,1987.57,Brazil
Atletico-MG,2025-08-22,1968.78,Brazil
Atletico-MG,2025-08-25,1941.61,Brazil
Atletico-MG,2025-08-28,1939.11,Brazil
Atletico-MG,2025-08-31,1965.02,Brazil
Atletico-MG,2025-09-12,1985.94,Brazil
Atletico-MG,2025-09-14,1976.28,Brazil
Atletico-MG,2025-09-18,1915.51,Brazil
Atletico-MG,2025-09-20,1923.85,Brazil
Atletico-MG,2025-09-25,1930.36,Brazil
Atletico-MG,2025-09-28,1913.49,Brazil
Atletico-MG,2025-10-01,1912.32,Brazil
Atletico-MG,2025-10-04,1926.84,Brazil
Atletico-MG,2025-10-09,1922.8,Brazil
Atletico-MG,2025-10-16,1905.8,Brazil
Atletico-MG,2025-10-18,1892.96,Brazil
Atletico-MG,2025-10-22,1861.55,Brazil
Atletico-MG,2025-10-25,1865.37,Brazil
Atletico-MG,2025-10-29,1879.14,Brazil
Atletico-MG,2025-11-02,1897.38,Brazil
Atletico-MG,2025-11-06,1896.45,Brazil
Atletico-MG,2025-11-08,1915.28,Brazil
Atletico-MG,2025-11-13,1938.24,Brazil
Atletico-MG,2025-11-16,1929.71,Brazil
Atletico-MG,2025-11-22,1935.7,Brazil
Atletico-MG,2025-11-26,1926.22,Brazil
Atletico-MG,2025-11-30,1918.51,Brazil
Atletico-MG,2025-12-04,1904.79,Brazil
Atletico-MG,2025-12-07,1919.98,Brazil
Atletico-MG,2026-01-11,1884.26,Brazil
Atletico-MG,2026-01-14,1870.63,Brazil
Atletico-MG,2026-01-18,1892.46,Brazil
Atletico-MG,2026-01-22,1919.72,Brazil
Atletico-MG,2026-01-25,1874.84,Brazil
Atletico-MG,2026-01-28,1907.61,Brazil
Atletico-MG,2026-01-31,1917.58,Brazil
Atletico-MG,2026-02-04,1903.18,Brazil
Atletico-MG,2026-02-07,1904.35,Brazil
Atletico-MG,2026-02-12,1899.39,Brazil
Atletico-MG,2026-02-14,1912.33,Brazil
Atletico-MG,2026-02-22,1921.31,Brazil
Atletico-MG,2026-02-26,1928.59,Brazil
Atletico-MG,2026-03-01,1930.74,Brazil
Atletico-MG,2026-03-08,1957.2,Brazil
Atletico-MG,2026-03-11,1964.88,Brazil
Atletico-MG,2026-03-14,1928.75,Brazil
Atletico-MG,2026-03-19,1920.23,Brazil
Atletico-MG,2026-03-21,1890.18,Brazil
Atletico-MG,2026-04-03,1912.92,Brazil
Atletico-MG,2026-04-05,1901.84,Brazil
Atletico-MG,2026-04-09,1892.33,Brazil
Atletico-MG,2026-04-12,1901.68,Brazil
Atletico-MG,2026-04-17,1893.64,Brazil
Atletico-MG,2026-04-19,1893.72,Brazil
Atletico-MG,2026-04-24,1906.59,Brazil
Atletico-MG,2026-04-27,1895.27,Brazil
Atletico-MG,2026-04-30,1819.25,Brazil
Atletico-MG,2026-05-03,1839.92,Brazil
Atletico-MG,2026-05-06,1821.74,Brazil
Atletico-MG,2026-05-10,1823.84,Brazil
Atletico-MG,2026-05-14,1849.28,Brazil
Atletico-MG,2026-05-16,1848.09,Brazil
Atletico-MG,2026-05-22,1835.82,Brazil
Atletico-MG,2026-05-24,1845.6,Brazil
Atletico-MG,2026-05-28,1852.57,Brazil
Atletico-MG,2026-05-31,1868.92,Brazil
Atletico-MG,2026-07-22,1874.41,Brazil
Atletico-MG,2026-07-27,1859.24,Brazil
Avai SC,2023-07-22,1692.76,Brazil
Avai SC,2023-07-29,1689.67,Brazil
Avai SC,2023-08-02,1679.16,Brazil
Avai SC,2023-08-05,1676.9,Brazil
Avai SC,2023-08-12,1694.91,Brazil
Avai SC,2023-08-19,1701.74,Brazil
Avai SC,2023-08-24,1690.59,Brazil
Avai SC,2023-08-27,1690.04,Brazil
Avai SC,2023-09-02,1684.51,Brazil
Avai SC,2023-09-12,1677.35,Brazil
Avai SC,2023-09-17,1688.86,Brazil
Avai SC,2023-09-25,1688.91,Brazil
Avai SC,2023-09-30,1695.3,Brazil
Avai SC,2023-10-07,1687.63,Brazil
Avai SC,2023-10-15,1685.24,Brazil
Avai SC,2023-10-22,1682.32,Brazil
Avai SC,2023-10-27,1681.22,Brazil
Avai SC,2023-11-04,1677.42,Brazil
Avai SC,2023-11-11,1684.54,Brazil
Avai SC,2023-11-21,1661.37,Brazil
Avai SC,2023-11-25,1664.13,Brazil
Avai SC,2024-01-21,1664.13,Brazil
Avai SC,2024-01-26,1717.41,Brazil
Avai SC,2024-01-28,1706.89,Brazil
Avai SC,2024-02-01,1710.8,Brazil
Avai SC,2024-02-03,1724.04,Brazil
Avai SC,2024-02-08,1730.12,Brazil
Avai SC,2024-02-12,1730.17,Brazil
Avai SC,2024-02-17,1718.8,Brazil
Avai SC,2024-02-24,1723.7,Brazil
Avai SC,2024-02-28,1710.68,Brazil
Avai SC,2024-03-02,1723.64,Brazil
Avai SC,2024-03-09,1708.57,Brazil
Avai SC,2024-03-16,1720.73,Brazil
Avai SC,2024-03-21,1734.07,Brazil
Avai SC,2024-03-24,1747.01,Brazil
Avai SC,2024-04-20,1747.14,Brazil
Avai SC,2024-04-27,1741.2,Brazil
Avai SC,2024-05-04,1745.93,Brazil
Avai SC,2024-05-12,1744.29,Brazil
Avai SC,2024-05-15,1752.13,Brazil
Avai SC,2024-05-19,1731.01,Brazil
Avai SC,2024-05-28,1730.19,Brazil
Avai SC,2024-06-02,1731.56,Brazil
Avai SC,2024-06-09,1751.4,Brazil
Avai SC,2024-06-15,1756.72,Brazil
Avai SC,2024-06-20,1772.97,Brazil
Avai SC,2024-06-26,1784.12,Brazil
Avai SC,2024-06-30,1779.6,Brazil
Avai SC,2024-07-09,1792.23,Brazil
Avai SC,2024-07-14,1775.06,Brazil
Avai SC,2024-07-20,1784.44,Brazil
Avai SC,2024-07-24,1797.89,Brazil
Avai SC,2024-07-31,1784.92,Brazil
Avai SC,2024-08-04,1784.88,Brazil
Avai SC,2024-08-10,1771.78,Brazil
Avai SC,2024-08-17,1774.38,Brazil
Avai SC,2024-08-23,1788.43,Brazil
Avai SC,2024-08-28,1769.41,Brazil
Avai SC,2024-08-31,1789.19,Brazil
Avai SC,2024-09-08,1792.37,Brazil
Avai SC,2024-09-14,1798.03,Brazil
Avai SC,2024-09-18,1789.66,Brazil
Avai SC,2024-09-22,1779.15,Brazil
Avai SC,2024-10-01,1778.55,Brazil
Avai SC,2024-10-05,1764.81,Brazil
Avai SC,2024-10-12,1762.5,Brazil
Avai SC,2024-10-19,1752.2,Brazil
Avai SC,2024-10-23,1756.89,Brazil
Avai SC,2024-10-26,1742.36,Brazil
Avai SC,2024-11-03,1724.66,Brazil
Avai SC,2024-11-10,1699.43,Brazil
Avai SC,2024-11-19,1706.38,Brazil
Avai SC,2024-11-23,1748.56,Brazil
Avai SC,2025-01-16,1744.34,Brazil
Avai SC,2025-01-18,1755.36,Brazil
Avai SC,2025-01-22,1730.97,Brazil
Avai SC,2025-01-25,1742.47,Brazil
Avai SC,2025-01-30,1768.94,Brazil
Avai SC,2025-02-01,1768.84,Brazil
Avai SC,2025-02-06,1795.28,Brazil
Avai SC,2025-02-09,1809.37,Brazil
Avai SC,2025-02-13,1811.41,Brazil
Avai SC,2025-02-15,1808.64,Brazil
Avai SC,2025-02-22,1794.84,Brazil
Avai SC,2025-03-06,1772.93,Brazil
Avai SC,2025-03-08,1763.26,Brazil
Avai SC,2025-03-15,1749.98,Brazil
Avai SC,2025-03-22,1752.18,Brazil
Avai SC,2025-04-07,1771.51,Brazil
Avai SC,2025-04-11,1789.36,Brazil
Avai SC,2025-04-17,1780.63,Brazil
Avai SC,2025-04-21,1779.94,Brazil
Avai SC,2025-04-27,1794.5,Brazil
Avai SC,2025-05-06,1813.38,Brazil
Avai SC,2025-05-10,1816.18,Brazil
Avai SC,2025-05-16,1790.94,Brazil
Avai SC,2025-05-24,1802.69,Brazil
Avai SC,2025-05-31,1810.76,Brazil
Avai SC,2025-06-08,1806.01,Brazil
Avai SC,2025-06-18,1799.72,Brazil
Avai SC,2025-06-21,1786.85,Brazil
Avai SC,2025-06-28,1794.88,Brazil
Avai SC,2025-07-06,1805.92,Brazil
Avai SC,2025-07-15,1801.57,Brazil
Avai SC,2025-07-19,1797.07,Brazil
Avai SC,2025-07-25,1816.91,Brazil
Avai SC,2025-07-29,1819.2,Brazil
Avai SC,2025-08-10,1805.06,Brazil
Avai SC,2025-08-20,1796.54,Brazil
Avai SC,2025-08-26,1807.42,Brazil
Avai SC,2025-09-03,1833.97,Brazil
Avai SC,2025-09-08,1848.81,Brazil
Avai SC,2025-09-17,1843.3,Brazil
Avai SC,2025-09-20,1835.45,Brazil
Avai SC,2025-09-26,1819.61,Brazil
Avai SC,2025-09-30,1807.07,Brazil
Avai SC,2025-10-04,1789.77,Brazil
Avai SC,2025-10-09,1792.97,Brazil
Avai SC,2025-10-15,1787.44,Brazil
Avai SC,2025-10-19,1779.94,Brazil
Avai SC,2025-10-25,1768.48,Brazil
Avai SC,2025-11-01,1766.31,Brazil
Avai SC,2025-11-09,1772.33,Brazil
Avai SC,2025-11-15,1711.72,Brazil
Avai SC,2025-11-23,1663.28,Brazil
Avai SC,2026-01-08,1670.51,Brazil
Avai SC,2026-01-11,1704.05,Brazil
Avai SC,2026-01-15,1708.41,Brazil
Avai SC,2026-01-18,1697.78,Brazil
Avai SC,2026-01-22,1706.56,Brazil
Avai SC,2026-01-25,1702.67,Brazil
Avai SC,2026-01-31,1705.64,Brazil
Avai SC,2026-02-08,1699.03,Brazil
Avai SC,2026-02-14,1711.63,Brazil
Avai SC,2026-02-21,1733.42,Brazil
Avai SC,2026-02-28,1733.64,Brazil
Avai SC,2026-03-04,1751.61,Brazil
Avai SC,2026-03-10,1769.09,Brazil
Avai SC,2026-03-22,1744.28,Brazil
Avai SC,2026-04-02,1742.85,Brazil
Avai SC,2026-04-05,1758.39,Brazil
Avai SC,2026-04-11,1743.07,Brazil
Avai SC,2026-04-19,1745.7,Brazil
Avai SC,2026-04-27,1762.06,Brazil
Avai SC,2026-05-04,1773.33,Brazil
Avai SC,2026-05-10,1777.1,Brazil
Avai SC,2026-05-17,1775.97,Brazil
Avai SC,2026-05-25,1756.98,Brazil
Avai SC,2026-05-30,1760.32,Brazil
Avai SC,2026-06-11,1745.88,Brazil
Avai SC,2026-06-16,1748.19,Brazil
Avai SC,2026-06-21,1720.3,Brazil
Avai SC,2026-06-28,1706.76,Brazil
Avai SC,2026-07-07,1683.7,Brazil
Avai SC,2026-07-12,1698.08,Brazil
Avai SC,2026-07-18,1701.52,Brazil
Avai SC,2026-07-22,1693.57,Brazil
Barra FC Camboriu SC,2024-01-21,1580.64,Brazil
Barra FC Camboriu SC,2024-01-26,1580.64,Brazil
Barra FC Camboriu SC,2024-01-28,1574.07,Brazil
Barra FC Camboriu SC,2024-01-31,1598.09,Brazil
Barra FC Camboriu SC,2024-02-04,1599.99,Brazil
Barra FC Camboriu SC,2024-02-08,1607.7,Brazil
Barra FC Camboriu SC,2024-02-10,1617.05,Brazil
Barra FC Camboriu SC,2024-02-18,1611.92,Brazil
Barra FC Camboriu SC,2024-02-25,1595.54,Brazil
Barra FC Camboriu SC,2024-02-28,1608.56,Brazil
Barra FC Camboriu SC,2024-03-02,1605.68,Brazil
Barra FC Camboriu SC,2024-03-10,1614.29,Brazil
Barra FC Camboriu SC,2024-03-16,1565.26,Brazil
Barra FC Camboriu SC,2024-03-22,1591.53,Brazil
Barra FC Camboriu SC,2024-03-24,1589.41,Brazil
Barra FC Camboriu SC,2024-05-12,1581.97,Brazil
Barra FC Camboriu SC,2024-05-19,1621.96,Brazil
Barra FC Camboriu SC,2024-05-26,1616.65,Brazil
Barra FC Camboriu SC,2024-06-01,1658.68,Brazil
Barra FC Camboriu SC,2024-06-09,1657.57,Brazil
Barra FC Camboriu SC,2024-06-13,1635.66,Brazil
Barra FC Camboriu SC,2024-06-15,1639.26,Brazil
Barra FC Camboriu SC,2024-06-23,1629.98,Brazil
Barra FC Camboriu SC,2024-06-30,1633.7,Brazil
Barra FC Camboriu SC,2024-07-07,1633.58,Brazil
Barra FC Camboriu SC,2024-07-14,1635.84,Brazil
Barra FC Camboriu SC,2024-07-21,1640.05,Brazil
Barra FC Camboriu SC,2025-01-15,1635.24,Brazil
Barra FC Camboriu SC,2025-01-19,1646.77,Brazil
Barra FC Camboriu SC,2025-01-23,1632.81,Brazil
Barra FC Camboriu SC,2025-01-26,1628.84,Brazil
Barra FC Camboriu SC,2025-01-29,1624.55,Brazil
Barra FC Camboriu SC,2025-02-01,1618.77,Brazil
Barra FC Camboriu SC,2025-02-05,1617.09,Brazil
Barra FC Camboriu SC,2025-02-08,1618.93,Brazil
Barra FC Camboriu SC,2025-02-13,1638.99,Brazil
Barra FC Camboriu SC,2025-02-15,1641.76,Brazil
Barra FC Camboriu SC,2025-02-22,1645.29,Brazil
Barra FC Camboriu SC,2025-04-20,1648.67,Brazil
Barra FC Camboriu SC,2025-04-26,1651.3,Brazil
Barra FC Camboriu SC,2025-05-03,1641.87,Brazil
Barra FC Camboriu SC,2025-05-10,1634.03,Brazil
Barra FC Camboriu SC,2025-05-17,1632.26,Brazil
Barra FC Camboriu SC,2025-05-24,1647.49,Brazil
Barra FC Camboriu SC,2025-06-01,1647.78,Brazil
Barra FC Camboriu SC,2025-06-14,1668.26,Brazil
Barra FC Camboriu SC,2025-06-21,1694.39,Brazil
Barra FC Camboriu SC,2025-07-01,1686.25,Brazil
Barra FC Camboriu SC,2025-07-05,1689.77,Brazil
Barra FC Camboriu SC,2025-07-15,1700.84,Brazil
Barra FC Camboriu SC,2025-07-19,1701.33,Brazil
Barra FC Camboriu SC,2025-07-27,1702.52,Brazil
Barra FC Camboriu SC,2025-08-02,1693.49,Brazil
Barra FC Camboriu SC,2025-08-09,1672.53,Brazil
Barra FC Camboriu SC,2025-08-16,1678.59,Brazil
Barra FC Camboriu SC,2025-08-23,1705.86,Brazil
Barra FC Camboriu SC,2025-08-31,1710.22,Brazil
Barra FC Camboriu SC,2025-09-06,1696.97,Brazil
Barra FC Camboriu SC,2025-09-13,1673.78,Brazil
Barra FC Camboriu SC,2025-09-20,1669.51,Brazil
Barra FC Camboriu SC,2025-09-27,1673.02,Brazil
Barra FC Camboriu SC,2025-10-04,1690.13,Brazil
Barra FC Camboriu SC,2026-01-08,1682.9,Brazil
Barra FC Camboriu SC,2026-01-10,1682.82,Brazil
Barra FC Camboriu SC,2026-01-14,1683.42,Brazil
Barra FC Camboriu SC,2026-01-17,1682.43,Brazil
Barra FC Camboriu SC,2026-01-22,1678.51,Brazil
Barra FC Camboriu SC,2026-01-25,1680.58,Brazil
Barra FC Camboriu SC,2026-01-31,1677.68,Brazil
Barra FC Camboriu SC,2026-02-07,1670.63,Brazil
Barra FC Camboriu SC,2026-02-15,1678.32,Brazil
Barra FC Camboriu SC,2026-02-21,1684.61,Brazil
Barra FC Camboriu SC,2026-03-01,1682.49,Brazil
Barra FC Camboriu SC,2026-03-08,1665.07,Brazil
Barra FC Camboriu SC,2026-04-05,1686.42,Brazil
Barra FC Camboriu SC,2026-04-12,1717.7,Brazil
Barra FC Camboriu SC,2026-04-18,1714.76,Brazil
Barra FC Camboriu SC,2026-04-22,1692.04,Brazil
Barra FC Camboriu SC,2026-04-26,1708.37,Brazil
Barra FC Camboriu SC,2026-05-05,1716.05,Brazil
Barra FC Camboriu SC,2026-05-10,1705.63,Brazil
Barra FC Camboriu SC,2026-05-15,1689.5,Brazil
Barra FC Camboriu SC,2026-05-17,1771.4,Brazil
Barra FC Camboriu SC,2026-05-23,1773.23,Brazil
Barra FC Camboriu SC,2026-06-02,1754.24,Brazil
Barra FC Camboriu SC,2026-06-16,1710.82,Brazil
Barra FC Camboriu SC,2026-06-21,1728.6,Brazil
Barra FC Camboriu SC,2026-06-27,1709.53,Brazil
Barra FC Camboriu SC,2026-07-05,1699.78,Brazil
Barra FC Camboriu SC,2026-07-12,1705.8,Brazil
Botafogo FC PB,2023-07-23,1674.85,Brazil
Botafogo FC PB,2023-07-31,1689.22,Brazil
Botafogo FC PB,2023-08-08,1697.64,Brazil
Botafogo FC PB,2023-08-13,1700.82,Brazil
Botafogo FC PB,2023-08-19,1690.22,Brazil
Botafogo FC PB,2023-08-26,1654.79,Brazil
Botafogo FC PB,2023-09-03,1663.82,Brazil
Botafogo FC PB,2023-09-11,1672.67,Brazil
Botafogo FC PB,2023-09-17,1668.34,Brazil
Botafogo FC PB,2023-09-23,1658.74,Brazil
Botafogo FC PB,2023-10-01,1663.21,Brazil
Botafogo FC PB,2023-10-07,1622.84,Brazil
Botafogo FC PB,2024-01-07,1614.05,Brazil
Botafogo FC PB,2024-01-14,1607.78,Brazil
Botafogo FC PB,2024-01-19,1672.66,Brazil
Botafogo FC PB,2024-01-28,1611.63,Brazil
Botafogo FC PB,2024-02-01,1621.06,Brazil
Botafogo FC PB,2024-02-03,1679.11,Brazil
Botafogo FC PB,2024-02-10,1668.68,Brazil
Botafogo FC PB,2024-02-15,1684.97,Brazil
Botafogo FC PB,2024-02-19,1712.98,Brazil
Botafogo FC PB,2024-02-22,1710.33,Brazil
Botafogo FC PB,2024-02-25,1699.93,Brazil
Botafogo FC PB,2024-03-02,1698.86,Brazil
Botafogo FC PB,2024-03-07,1679.24,Brazil
Botafogo FC PB,2024-03-10,1689.19,Brazil
Botafogo FC PB,2024-03-14,1685.43,Brazil
Botafogo FC PB,2024-03-16,1694.93,Brazil
Botafogo FC PB,2024-03-21,1670.24,Brazil
Botafogo FC PB,2024-03-24,1667.54,Brazil
Botafogo FC PB,2024-03-28,1782.97,Brazil
Botafogo FC PB,2024-04-22,1789.6,Brazil
Botafogo FC PB,2024-04-29,1744.37,Brazil
Botafogo FC PB,2024-05-05,1729.47,Brazil
Botafogo FC PB,2024-05-13,1724.45,Brazil
Botafogo FC PB,2024-05-26,1709.32,Brazil
Botafogo FC PB,2024-06-04,1670.55,Brazil
Botafogo FC PB,2024-06-09,1688.31,Brazil
Botafogo FC PB,2024-06-15,1730.7,Brazil
Botafogo FC PB,2024-06-23,1723.53,Brazil
Botafogo FC PB,2024-07-04,1716.62,Brazil
Botafogo FC PB,2024-07-09,1732.26,Brazil
Botafogo FC PB,2024-07-13,1743.8,Brazil
Botafogo FC PB,2024-07-18,1759.61,Brazil
Botafogo FC PB,2024-07-22,1750.36,Brazil
Botafogo FC PB,2024-07-28,1728.45,Brazil
Botafogo FC PB,2024-08-03,1731.92,Brazil
Botafogo FC PB,2024-08-12,1741.16,Brazil
Botafogo FC PB,2024-08-20,1716.8,Brazil
Botafogo FC PB,2024-08-24,1712.88,Brazil
Botafogo FC PB,2024-08-31,1715.7,Brazil
Botafogo FC PB,2024-09-08,1724.41,Brazil
Botafogo FC PB,2024-09-14,1727.22,Brazil
Botafogo FC PB,2024-09-22,1723.66,Brazil
Botafogo FC PB,2024-09-28,1718.81,Brazil
Botafogo FC PB,2024-10-05,1686.03,Brazil
Botafogo FC PB,2025-01-04,1719.12,Brazil
Botafogo FC PB,2025-01-09,1694.18,Brazil
Botafogo FC PB,2025-01-12,1683.55,Brazil
Botafogo FC PB,2025-01-16,1710.19,Brazil
Botafogo FC PB,2025-01-18,1654.8,Brazil
Botafogo FC PB,2025-01-25,1704.07,Brazil
Botafogo FC PB,2025-01-30,1699.03,Brazil
Botafogo FC PB,2025-02-02,1714.55,Brazil
Botafogo FC PB,2025-02-09,1682.26,Brazil
Botafogo FC PB,2025-02-22,1715.74,Brazil
Botafogo FC PB,2025-02-28,1694.18,Brazil
Botafogo FC PB,2025-03-08,1674.27,Brazil
Botafogo FC PB,2025-03-12,1698.88,Brazil
Botafogo FC PB,2025-03-15,1702.88,Brazil
Botafogo FC PB,2025-03-23,1726.3,Brazil
Botafogo FC PB,2025-03-30,1733.68,Brazil
Botafogo FC PB,2025-04-12,1745.54,Brazil
Botafogo FC PB,2025-04-19,1756.56,Brazil
Botafogo FC PB,2025-04-28,1766.21,Brazil
Botafogo FC PB,2025-05-02,1720.59,Brazil
Botafogo FC PB,2025-05-05,1698.66,Brazil
Botafogo FC PB,2025-05-11,1700.7,Brazil
Botafogo FC PB,2025-05-18,1693.63,Brazil
Botafogo FC PB,2025-05-22,1701.67,Brazil
Botafogo FC PB,2025-05-25,1691.45,Brazil
Botafogo FC PB,2025-06-02,1680.65,Brazil
Botafogo FC PB,2025-06-15,1690.2,Brazil
Botafogo FC PB,2025-07-01,1687.53,Brazil
Botafogo FC PB,2025-07-08,1659.6,Brazil
Botafogo FC PB,2025-07-13,1648.24,Brazil
Botafogo FC PB,2025-07-19,1660.07,Brazil
Botafogo FC PB,2025-07-29,1655.8,Brazil
Botafogo FC PB,2025-08-02,1668.1,Brazil
Botafogo FC PB,2025-08-09,1677.07,Brazil
Botafogo FC PB,2025-08-19,1692.23,Brazil
Botafogo FC PB,2025-08-25,1709.53,Brazil
Botafogo FC PB,2025-08-30,1719.32,Brazil
Botafogo FC PB,2026-01-18,1690.9,Brazil
Botafogo FC PB,2026-01-21,1690.9,Brazil
Botafogo FC PB,2026-01-24,1690.41,Brazil
Botafogo FC PB,2026-01-29,1711.01,Brazil
Botafogo FC PB,2026-01-31,1703.55,Brazil
Botafogo FC PB,2026-02-06,1715.71,Brazil
Botafogo FC PB,2026-02-11,1695.67,Brazil
Botafogo FC PB,2026-02-19,1688.55,Brazil
Botafogo FC PB,2026-02-22,1688.3,Brazil
Botafogo FC PB,2026-02-26,1708.24,Brazil
Botafogo FC PB,2026-03-01,1713.16,Brazil
Botafogo FC PB,2026-03-07,1709.69,Brazil
Botafogo FC PB,2026-03-15,1716.94,Brazil
Botafogo FC PB,2026-03-21,1713.09,Brazil
Botafogo FC PB,2026-03-25,1728.95,Brazil
Botafogo FC PB,2026-03-29,1758.38,Brazil
Botafogo FC PB,2026-04-05,1737.03,Brazil
Botafogo FC PB,2026-04-09,1689.71,Brazil
Botafogo FC PB,2026-04-12,1723.72,Brazil
Botafogo FC PB,2026-04-19,1739.89,Brazil
Botafogo FC PB,2026-04-23,1752.8,Brazil
Botafogo FC PB,2026-04-26,1741.29,Brazil
Botafogo FC PB,2026-04-30,1775.84,Brazil
Botafogo FC PB,2026-05-04,1734.74,Brazil
Botafogo FC PB,2026-05-09,1695.04,Brazil
Botafogo FC PB,2026-05-19,1668.77,Brazil
Botafogo FC PB,2026-05-26,1679.18,Brazil
Botafogo FC PB,2026-05-30,1681.24,Brazil
Botafogo FC PB,2026-06-16,1696.01,Brazil
Botafogo FC PB,2026-06-20,1688.66,Brazil
Botafogo FC PB,2026-07-01,1689.9,Brazil
Botafogo FC PB,2026-07-06,1698.27,Brazil
Botafogo FC PB,2026-07-13,1705.2,Brazil
Botafogo SP,2023-07-25,1693.36,Brazil
Botafogo SP,2023-07-29,1694.81,Brazil
Botafogo SP,2023-08-02,1697.2,Brazil
Botafogo SP,2023-08-05,1694.33,Brazil
Botafogo SP,2023-08-12,1695.13,Brazil
Botafogo SP,2023-08-19,1687.81,Brazil
Botafogo SP,2023-08-24,1693.89,Brazil
Botafogo SP,2023-08-29,1700.26,Brazil
Botafogo SP,2023-09-03,1689.38,Brazil
Botafogo SP,2023-09-10,1679.45,Brazil
Botafogo SP,2023-09-16,1668.15,Brazil
Botafogo SP,2023-09-23,1677.65,Brazil
Botafogo SP,2023-09-30,1671.64,Brazil
Botafogo SP,2023-10-07,1679.31,Brazil
Botafogo SP,2023-10-12,1679.1,Brazil
Botafogo SP,2023-10-21,1671.49,Brazil
Botafogo SP,2023-10-28,1665.72,Brazil
Botafogo SP,2023-11-04,1680.6,Brazil
Botafogo SP,2023-11-11,1673.46,Brazil
Botafogo SP,2023-11-18,1659.3,Brazil
Botafogo SP,2023-11-25,1676.84,Brazil
Botafogo SP,2024-01-20,1674.2,Brazil
Botafogo SP,2024-01-24,1680.94,Brazil
Botafogo SP,2024-01-27,1702.72,Brazil
Botafogo SP,2024-02-01,1685.72,Brazil
Botafogo SP,2024-02-04,1688.21,Brazil
Botafogo SP,2024-02-07,1693.17,Brazil
Botafogo SP,2024-02-11,1696.75,Brazil
Botafogo SP,2024-02-15,1683.12,Brazil
Botafogo SP,2024-02-17,1668.09,Brazil
Botafogo SP,2024-02-21,1725.13,Brazil
Botafogo SP,2024-02-25,1724.89,Brazil
Botafogo SP,2024-03-01,1746.43,Brazil
Botafogo SP,2024-03-09,1731.67,Brazil
Botafogo SP,2024-03-15,1744.8,Brazil
Botafogo SP,2024-04-20,1731.1,Brazil
Botafogo SP,2024-04-27,1736.28,Brazil
Botafogo SP,2024-05-03,1748.74,Brazil
Botafogo SP,2024-05-08,1743.69,Brazil
Botafogo SP,2024-05-11,1722.73,Brazil
Botafogo SP,2024-05-15,1732.69,Brazil
Botafogo SP,2024-05-18,1727.43,Brazil
Botafogo SP,2024-05-24,1702.63,Brazil
Botafogo SP,2024-05-28,1713.62,Brazil
Botafogo SP,2024-06-04,1705.34,Brazil
Botafogo SP,2024-06-16,1709.58,Brazil
Botafogo SP,2024-06-20,1705.97,Brazil
Botafogo SP,2024-06-22,1703.26,Brazil
Botafogo SP,2024-06-29,1703.66,Brazil
Botafogo SP,2024-07-07,1697.03,Brazil
Botafogo SP,2024-07-13,1698.76,Brazil
Botafogo SP,2024-07-18,1696.99,Brazil
Botafogo SP,2024-07-21,1695.85,Brazil
Botafogo SP,2024-07-26,1694.08,Brazil
Botafogo SP,2024-07-31,1707.05,Brazil
Botafogo SP,2024-08-03,1706.88,Brazil
Botafogo SP,2024-08-10,1705.47,Brazil
Botafogo SP,2024-08-18,1704.39,Brazil
Botafogo SP,2024-08-22,1709.25,Brazil
Botafogo SP,2024-08-31,1700.74,Brazil
Botafogo SP,2024-09-10,1705.7,Brazil
Botafogo SP,2024-09-14,1696.57,Brazil
Botafogo SP,2024-09-20,1694.69,Brazil
Botafogo SP,2024-09-25,1692.52,Brazil
Botafogo SP,2024-09-28,1705.72,Brazil
Botafogo SP,2024-10-05,1703.75,Brazil
Botafogo SP,2024-10-10,1703.93,Brazil
Botafogo SP,2024-10-13,1696.8,Brazil
Botafogo SP,2024-10-21,1682.47,Brazil
Botafogo SP,2024-10-24,1689.63,Brazil
Botafogo SP,2024-10-30,1683.96,Brazil
Botafogo SP,2024-11-06,1680.28,Brazil
Botafogo SP,2024-11-13,1663.52,Brazil
Botafogo SP,2024-11-19,1656.57,Brazil
Botafogo SP,2024-11-22,1662.65,Brazil
Botafogo SP,2025-01-15,1660.93,Brazil
Botafogo SP,2025-01-21,1697.3,Brazil
Botafogo SP,2025-01-23,1709.1,Brazil
Botafogo SP,2025-01-26,1701.84,Brazil
Botafogo SP,2025-01-30,1719.9,Brazil
Botafogo SP,2025-02-01,1725.09,Brazil
Botafogo SP,2025-02-06,1685.43,Brazil
Botafogo SP,2025-02-08,1666.12,Brazil
Botafogo SP,2025-02-12,1664.63,Brazil
Botafogo SP,2025-02-15,1690.16,Brazil
Botafogo SP,2025-02-20,1704.48,Brazil
Botafogo SP,2025-02-23,1702.26,Brazil
Botafogo SP,2025-04-05,1688.22,Brazil
Botafogo SP,2025-04-14,1704.53,Brazil
Botafogo SP,2025-04-18,1710.99,Brazil
Botafogo SP,2025-04-20,1719.35,Brazil
Botafogo SP,2025-04-29,1681.88,Brazil
Botafogo SP,2025-05-04,1681.42,Brazil
Botafogo SP,2025-05-13,1689.87,Brazil
Botafogo SP,2025-05-17,1690.35,Brazil
Botafogo SP,2025-05-27,1697.66,Brazil
Botafogo SP,2025-05-30,1711.72,Brazil
Botafogo SP,2025-06-05,1704.86,Brazil
Botafogo SP,2025-06-14,1705.52,Brazil
Botafogo SP,2025-06-21,1701.47,Brazil
Botafogo SP,2025-07-01,1695.59,Brazil
Botafogo SP,2025-07-06,1700.58,Brazil
Botafogo SP,2025-07-15,1713.11,Brazil
Botafogo SP,2025-07-20,1709.74,Brazil
Botafogo SP,2025-07-25,1696.42,Brazil
Botafogo SP,2025-07-29,1694.13,Brazil
Botafogo SP,2025-08-02,1695.53,Brazil
Botafogo SP,2025-08-10,1682.88,Brazil
Botafogo SP,2025-08-16,1683.14,Brazil
Botafogo SP,2025-08-26,1677.16,Brazil
Botafogo SP,2025-08-30,1681.38,Brazil
Botafogo SP,2025-09-06,1676.8,Brazil
Botafogo SP,2025-09-14,1668.66,Brazil
Botafogo SP,2025-09-19,1678.12,Brazil
Botafogo SP,2025-09-25,1685.81,Brazil
Botafogo SP,2025-09-28,1679.0,Brazil
Botafogo SP,2025-10-04,1679.66,Brazil
Botafogo SP,2025-10-08,1659.78,Brazil
Botafogo SP,2025-10-15,1661.43,Brazil
Botafogo SP,2025-10-19,1662.15,Brazil
Botafogo SP,2025-10-25,1653.85,Brazil
Botafogo SP,2025-11-03,1659.72,Brazil
Botafogo SP,2025-11-10,1670.05,Brazil
Botafogo SP,2025-11-16,1667.89,Brazil
Botafogo SP,2025-11-23,1716.33,Brazil
Botafogo SP,2026-01-11,1734.9,Brazil
Botafogo SP,2026-01-15,1717.41,Brazil
Botafogo SP,2026-01-18,1723.13,Brazil
Botafogo SP,2026-01-23,1704.84,Brazil
Botafogo SP,2026-01-25,1702.84,Brazil
Botafogo SP,2026-02-02,1714.94,Brazil
Botafogo SP,2026-02-07,1720.82,Brazil
Botafogo SP,2026-02-16,1723.19,Brazil
Botafogo SP,2026-03-21,1722.19,Brazil
Botafogo SP,2026-04-01,1747.19,Brazil
Botafogo SP,2026-04-06,1768.4,Brazil
Botafogo SP,2026-04-11,1763.47,Brazil
Botafogo SP,2026-04-19,1748.14,Brazil
Botafogo SP,2026-04-23,1713.66,Brazil
Botafogo SP,2026-05-02,1720.72,Brazil
Botafogo SP,2026-05-11,1747.2,Brazil
Botafogo SP,2026-05-16,1713.81,Brazil
Botafogo SP,2026-05-26,1712.55,Brazil
Botafogo SP,2026-06-02,1749.51,Brazil
Botafogo SP,2026-06-09,1747.93,Brazil
Botafogo SP,2026-06-15,1741.91,Brazil
Botafogo SP,2026-06-21,1740.02,Brazil
Botafogo SP,2026-07-01,1739.67,Brazil
Botafogo SP,2026-07-07,1762.72,Brazil
Botafogo SP,2026-07-11,1763.0,Brazil
Botafogo SP,2026-07-18,1763.6,Brazil
Botafogo SP,2026-07-24,1762.04,Brazil
Botafogo-RJ,2023-07-23,1891.24,Brazil
Botafogo-RJ,2023-07-30,1899.6,Brazil
Botafogo-RJ,2023-08-03,1892.7,Brazil
Botafogo-RJ,2023-08-06,1901.12,Brazil
Botafogo-RJ,2023-08-10,1859.95,Brazil
Botafogo-RJ,2023-08-13,1853.44,Brazil
Botafogo-RJ,2023-08-19,1876.43,Brazil
Botafogo-RJ,2023-08-24,1893.3,Brazil
Botafogo-RJ,2023-08-27,1889.2,Brazil
Botafogo-RJ,2023-08-31,1886.8,Brazil
Botafogo-RJ,2023-09-03,1898.16,Brazil
Botafogo-RJ,2023-09-17,1920.21,Brazil
Botafogo-RJ,2023-09-23,1919.72,Brazil
Botafogo-RJ,2023-10-03,1922.51,Brazil
Botafogo-RJ,2023-10-08,1921.72,Brazil
Botafogo-RJ,2023-10-19,1913.44,Brazil
Botafogo-RJ,2023-10-22,1921.13,Brazil
Botafogo-RJ,2023-10-30,1921.28,Brazil
Botafogo-RJ,2023-11-02,1900.3,Brazil
Botafogo-RJ,2023-11-06,1902.18,Brazil
Botafogo-RJ,2023-11-10,1894.85,Brazil
Botafogo-RJ,2023-11-12,1887.93,Brazil
Botafogo-RJ,2023-11-23,1908.87,Brazil
Botafogo-RJ,2023-11-26,1908.99,Brazil
Botafogo-RJ,2023-11-30,1923.01,Brazil
Botafogo-RJ,2023-12-03,1934.72,Brazil
Botafogo-RJ,2023-12-07,1925.47,Brazil
Botafogo-RJ,2024-01-17,1881.33,Brazil
Botafogo-RJ,2024-01-20,1894.68,Brazil
Botafogo-RJ,2024-01-25,1858.56,Brazil
Botafogo-RJ,2024-01-27,1854.64,Brazil
Botafogo-RJ,2024-01-31,1893.18,Brazil
Botafogo-RJ,2024-02-03,1880.19,Brazil
Botafogo-RJ,2024-02-08,1877.22,Brazil
Botafogo-RJ,2024-02-14,1912.13,Brazil
Botafogo-RJ,2024-02-18,1899.6,Brazil
Botafogo-RJ,2024-02-22,1872.79,Brazil
Botafogo-RJ,2024-02-24,1867.63,Brazil
Botafogo-RJ,2024-02-29,1868.07,Brazil
Botafogo-RJ,2024-03-03,1907.34,Brazil
Botafogo-RJ,2024-03-07,1926.25,Brazil
Botafogo-RJ,2024-03-10,1880.7,Brazil
Botafogo-RJ,2024-03-14,1905.12,Brazil
Botafogo-RJ,2024-03-17,1878.51,Brazil
Botafogo-RJ,2024-03-27,1875.27,Brazil
Botafogo-RJ,2024-04-04,1889.89,Brazil
Botafogo-RJ,2024-04-12,1835.16,Brazil
Botafogo-RJ,2024-04-14,1877.94,Brazil
Botafogo-RJ,2024-04-19,1903.82,Brazil
Botafogo-RJ,2024-04-21,1884.66,Brazil
Botafogo-RJ,2024-04-25,1899.02,Brazil
Botafogo-RJ,2024-04-28,1923.89,Brazil
Botafogo-RJ,2024-05-03,1910.09,Brazil
Botafogo-RJ,2024-05-05,1904.92,Brazil
Botafogo-RJ,2024-05-09,1926.15,Brazil
Botafogo-RJ,2024-05-12,1928.98,Brazil
Botafogo-RJ,2024-05-17,1924.38,Brazil
Botafogo-RJ,2024-05-23,1915.63,Brazil
Botafogo-RJ,2024-05-29,1914.22,Brazil
Botafogo-RJ,2024-06-02,1924.6,Brazil
Botafogo-RJ,2024-06-12,1917.72,Brazil
Botafogo-RJ,2024-06-16,1974.89,Brazil
Botafogo-RJ,2024-06-20,1993.55,Brazil
Botafogo-RJ,2024-06-22,1966.43,Brazil
Botafogo-RJ,2024-06-27,1973.67,Brazil
Botafogo-RJ,2024-06-29,1970.84,Brazil
Botafogo-RJ,2024-07-04,1965.86,Brazil
Botafogo-RJ,2024-07-08,1964.89,Brazil
Botafogo-RJ,2024-07-12,1967.3,Brazil
Botafogo-RJ,2024-07-18,1959.18,Brazil
Botafogo-RJ,2024-07-20,1976.97,Brazil
Botafogo-RJ,2024-07-25,1990.33,Brazil
Botafogo-RJ,2024-07-28,1979.28,Brazil
Botafogo-RJ,2024-07-31,2001.53,Brazil
Botafogo-RJ,2024-08-04,1986.91,Brazil
Botafogo-RJ,2024-08-08,1998.37,Brazil
Botafogo-RJ,2024-08-11,2004.6,Brazil
Botafogo-RJ,2024-08-15,1991.61,Brazil
Botafogo-RJ,2024-08-18,1990.86,Brazil
Botafogo-RJ,2024-08-22,1981.19,Brazil
Botafogo-RJ,2024-08-25,1978.41,Brazil
Botafogo-RJ,2024-09-01,1989.49,Brazil
Botafogo-RJ,2024-09-15,1994.62,Brazil
Botafogo-RJ,2024-09-19,2004.35,Brazil
Botafogo-RJ,2024-09-21,2016.61,Brazil
Botafogo-RJ,2024-09-26,2022.97,Brazil
Botafogo-RJ,2024-09-29,2016.2,Brazil
Botafogo-RJ,2024-10-05,2027.98,Brazil
Botafogo-RJ,2024-10-19,2034.06,Brazil
Botafogo-RJ,2024-10-24,2062.48,Brazil
Botafogo-RJ,2024-10-27,2067.41,Brazil
Botafogo-RJ,2024-10-31,2015.6,Brazil
Botafogo-RJ,2024-11-06,2002.07,Brazil
Botafogo-RJ,2024-11-09,2005.81,Brazil
Botafogo-RJ,2024-11-21,2057.24,Brazil
Botafogo-RJ,2024-11-23,2063.01,Brazil
Botafogo-RJ,2024-11-27,2074.16,Brazil
Botafogo-RJ,2024-11-30,2072.57,Brazil
Botafogo-RJ,2024-12-05,2092.96,Brazil
Botafogo-RJ,2024-12-08,2134.68,Brazil
Botafogo-RJ,2025-01-11,2037.43,Brazil
Botafogo-RJ,2025-01-14,1973.25,Brazil
Botafogo-RJ,2025-01-18,1896.24,Brazil
Botafogo-RJ,2025-01-23,1897.48,Brazil
Botafogo-RJ,2025-01-26,1879.62,Brazil
Botafogo-RJ,2025-01-30,1923.96,Brazil
Botafogo-RJ,2025-02-07,1955.87,Brazil
Botafogo-RJ,2025-02-09,1932.83,Brazil
Botafogo-RJ,2025-02-13,1883.13,Brazil
Botafogo-RJ,2025-02-15,1874.41,Brazil
Botafogo-RJ,2025-02-23,1896.03,Brazil
Botafogo-RJ,2025-03-30,1890.34,Brazil
Botafogo-RJ,2025-04-03,1864.21,Brazil
Botafogo-RJ,2025-04-06,1914.45,Brazil
Botafogo-RJ,2025-04-09,1933.53,Brazil
Botafogo-RJ,2025-04-12,1974.51,Brazil
Botafogo-RJ,2025-04-16,1986.37,Brazil
Botafogo-RJ,2025-04-20,1995.37,Brazil
Botafogo-RJ,2025-04-24,1960.78,Brazil
Botafogo-RJ,2025-04-27,1913.43,Brazil
Botafogo-RJ,2025-05-01,1983.3,Brazil
Botafogo-RJ,2025-05-04,2001.49,Brazil
Botafogo-RJ,2025-05-07,1980.36,Brazil
Botafogo-RJ,2025-05-12,1979.96,Brazil
Botafogo-RJ,2025-05-15,1955.92,Brazil
Botafogo-RJ,2025-05-18,1995.53,Brazil
Botafogo-RJ,2025-05-23,1998.16,Brazil
Botafogo-RJ,2025-05-28,1978.62,Brazil
Botafogo-RJ,2025-06-01,1960.68,Brazil
Botafogo-RJ,2025-06-05,1979.07,Brazil
Botafogo-RJ,2025-06-16,1989.11,Brazil
Botafogo-RJ,2025-06-28,2032.21,Brazil
Botafogo-RJ,2025-07-12,2041.02,Brazil
Botafogo-RJ,2025-07-17,2054.3,Brazil
Botafogo-RJ,2025-07-20,2054.13,Brazil
Botafogo-RJ,2025-07-26,2058.93,Brazil
Botafogo-RJ,2025-07-30,2053.07,Brazil
Botafogo-RJ,2025-08-03,2046.64,Brazil
Botafogo-RJ,2025-08-07,2031.09,Brazil
Botafogo-RJ,2025-08-10,2005.74,Brazil
Botafogo-RJ,2025-08-15,2024.35,Brazil
Botafogo-RJ,2025-08-18,1986.34,Brazil
Botafogo-RJ,2025-08-22,1931.13,Brazil
Botafogo-RJ,2025-08-24,1934.36,Brazil
Botafogo-RJ,2025-08-28,1972.84,Brazil
Botafogo-RJ,2025-08-30,1976.01,Brazil
Botafogo-RJ,2025-09-12,1981.56,Brazil
Botafogo-RJ,2025-09-14,1994.42,Brazil
Botafogo-RJ,2025-09-18,2001.05,Brazil
Botafogo-RJ,2025-09-20,1992.71,Brazil
Botafogo-RJ,2025-09-25,1985.63,Brazil
Botafogo-RJ,2025-09-28,1979.32,Brazil
Botafogo-RJ,2025-10-02,1972.64,Brazil
Botafogo-RJ,2025-10-04,1985.2,Brazil
Botafogo-RJ,2025-10-16,1971.27,Brazil
Botafogo-RJ,2025-10-19,1948.77,Brazil
Botafogo-RJ,2025-10-26,1962.12,Brazil
Botafogo-RJ,2025-11-01,1965.34,Brazil
Botafogo-RJ,2025-11-05,1951.64,Brazil
Botafogo-RJ,2025-11-09,1958.34,Brazil
Botafogo-RJ,2025-11-19,2008.36,Brazil
Botafogo-RJ,2025-11-22,1985.72,Brazil
Botafogo-RJ,2025-11-30,1976.41,Brazil
Botafogo-RJ,2025-12-04,1974.81,Brazil
Botafogo-RJ,2025-12-07,1940.02,Brazil
Botafogo-RJ,2026-01-15,1863.46,Brazil
Botafogo-RJ,2026-01-19,1816.75,Brazil
Botafogo-RJ,2026-01-21,1807.59,Brazil
Botafogo-RJ,2026-01-25,1817.89,Brazil
Botafogo-RJ,2026-01-30,1809.24,Brazil
Botafogo-RJ,2026-02-02,1801.51,Brazil
Botafogo-RJ,2026-02-05,1855.43,Brazil
Botafogo-RJ,2026-02-08,1831.36,Brazil
Botafogo-RJ,2026-02-12,1867.24,Brazil
Botafogo-RJ,2026-02-15,1837.67,Brazil
Botafogo-RJ,2026-02-19,1811.93,Brazil
Botafogo-RJ,2026-02-22,1816.97,Brazil
Botafogo-RJ,2026-02-26,1887.31,Brazil
Botafogo-RJ,2026-02-28,1846.47,Brazil
Botafogo-RJ,2026-03-04,1875.4,Brazil
Botafogo-RJ,2026-03-07,1848.21,Brazil
Botafogo-RJ,2026-03-11,1898.14,Brazil
Botafogo-RJ,2026-03-15,1897.39,Brazil
Botafogo-RJ,2026-03-18,1893.01,Brazil
Botafogo-RJ,2026-03-21,1887.06,Brazil
Botafogo-RJ,2026-03-30,1891.36,Brazil
Botafogo-RJ,2026-04-02,1885.61,Brazil
Botafogo-RJ,2026-04-05,1885.68,Brazil
Botafogo-RJ,2026-04-10,1882.71,Brazil
Botafogo-RJ,2026-04-12,1881.55,Brazil
Botafogo-RJ,2026-04-16,1874.38,Brazil
Botafogo-RJ,2026-04-18,1899.87,Brazil
Botafogo-RJ,2026-04-21,1906.39,Brazil
Botafogo-RJ,2026-04-25,1894.58,Brazil
Botafogo-RJ,2026-04-29,1908.38,Brazil
Botafogo-RJ,2026-05-02,1898.64,Brazil
Botafogo-RJ,2026-05-07,1881.12,Brazil
Botafogo-RJ,2026-05-10,1879.03,Brazil
Botafogo-RJ,2026-05-14,1865.48,Brazil
Botafogo-RJ,2026-05-17,1870.47,Brazil
Botafogo-RJ,2026-05-21,1869.19,Brazil
Botafogo-RJ,2026-05-23,1863.84,Brazil
Botafogo-RJ,2026-05-28,1833.83,Brazil
Botafogo-RJ,2026-05-30,1870.44,Brazil
Botafogo-RJ,2026-07-17,1881.8,Brazil
Botafogo-RJ,2026-07-24,1888.55,Brazil
Botafogo-RJ,2026-07-26,1903.22,Brazil
Brusque SC,2023-07-23,1677.86,Brazil
Brusque SC,2023-08-01,1700.09,Brazil
Brusque SC,2023-08-06,1721.03,Brazil
Brusque SC,2023-08-13,1731.1,Brazil
Brusque SC,2023-08-19,1709.94,Brazil
Brusque SC,2023-08-26,1705.52,Brazil
Brusque SC,2023-09-02,1712.36,Brazil
Brusque SC,2023-09-10,1714.58,Brazil
Brusque SC,2023-09-18,1713.41,Brazil
Brusque SC,2023-09-24,1725.97,Brazil
Brusque SC,2023-09-30,1718.45,Brazil
Brusque SC,2023-10-08,1692.67,Brazil
Brusque SC,2023-10-15,1700.87,Brazil
Brusque SC,2023-10-22,1695.54,Brazil
Brusque SC,2024-01-21,1689.37,Brazil
Brusque SC,2024-01-25,1686.88,Brazil
Brusque SC,2024-01-27,1710.24,Brazil
Brusque SC,2024-02-01,1755.44,Brazil
Brusque SC,2024-02-04,1745.34,Brazil
Brusque SC,2024-02-07,1719.82,Brazil
Brusque SC,2024-02-11,1695.05,Brazil
Brusque SC,2024-02-15,1680.92,Brazil
Brusque SC,2024-02-18,1682.33,Brazil
Brusque SC,2024-02-24,1677.42,Brazil
Brusque SC,2024-02-29,1665.68,Brazil
Brusque SC,2024-03-02,1676.53,Brazil
Brusque SC,2024-03-09,1683.45,Brazil
Brusque SC,2024-03-13,1705.99,Brazil
Brusque SC,2024-03-17,1696.26,Brazil
Brusque SC,2024-03-21,1682.93,Brazil
Brusque SC,2024-03-24,1669.97,Brazil
Brusque SC,2024-04-24,1694.18,Brazil
Brusque SC,2024-04-28,1683.89,Brazil
Brusque SC,2024-05-01,1660.78,Brazil
Brusque SC,2024-05-05,1683.08,Brazil
Brusque SC,2024-05-11,1687.14,Brazil
Brusque SC,2024-05-16,1675.74,Brazil
Brusque SC,2024-05-19,1688.22,Brazil
Brusque SC,2024-05-23,1673.45,Brazil
Brusque SC,2024-05-26,1668.25,Brazil
Brusque SC,2024-06-01,1659.13,Brazil
Brusque SC,2024-06-08,1644.81,Brazil
Brusque SC,2024-06-16,1641.96,Brazil
Brusque SC,2024-06-20,1625.7,Brazil
Brusque SC,2024-06-23,1634.61,Brazil
Brusque SC,2024-07-02,1644.47,Brazil
Brusque SC,2024-07-06,1665.78,Brazil
Brusque SC,2024-07-15,1676.42,Brazil
Brusque SC,2024-07-21,1677.56,Brazil
Brusque SC,2024-07-25,1678.6,Brazil
Brusque SC,2024-07-28,1676.01,Brazil
Brusque SC,2024-08-03,1682.03,Brazil
Brusque SC,2024-08-10,1684.65,Brazil
Brusque SC,2024-08-18,1686.31,Brazil
Brusque SC,2024-08-22,1672.66,Brazil
Brusque SC,2024-08-28,1669.94,Brazil
Brusque SC,2024-09-03,1670.85,Brazil
Brusque SC,2024-09-07,1659.85,Brazil
Brusque SC,2024-09-14,1650.69,Brazil
Brusque SC,2024-09-18,1647.66,Brazil
Brusque SC,2024-09-24,1645.15,Brazil
Brusque SC,2024-09-28,1640.14,Brazil
Brusque SC,2024-10-05,1653.89,Brazil
Brusque SC,2024-10-14,1665.51,Brazil
Brusque SC,2024-10-19,1679.77,Brazil
Brusque SC,2024-10-24,1677.14,Brazil
Brusque SC,2024-10-29,1678.05,Brazil
Brusque SC,2024-11-06,1681.74,Brazil
Brusque SC,2024-11-12,1680.7,Brazil
Brusque SC,2024-11-17,1668.96,Brazil
Brusque SC,2024-11-24,1665.12,Brazil
Brusque SC,2025-01-16,1676.2,Brazil
Brusque SC,2025-01-18,1665.19,Brazil
Brusque SC,2025-01-22,1656.47,Brazil
Brusque SC,2025-01-25,1680.63,Brazil
Brusque SC,2025-01-30,1678.35,Brazil
Brusque SC,2025-02-01,1684.12,Brazil
Brusque SC,2025-02-06,1665.95,Brazil
Brusque SC,2025-02-08,1662.39,Brazil
Brusque SC,2025-02-13,1674.47,Brazil
Brusque SC,2025-02-16,1662.59,Brazil
Brusque SC,2025-02-20,1697.33,Brazil
Brusque SC,2025-02-22,1751.55,Brazil
Brusque SC,2025-03-01,1751.17,Brazil
Brusque SC,2025-03-07,1785.03,Brazil
Brusque SC,2025-04-12,1746.57,Brazil
Brusque SC,2025-04-21,1765.53,Brazil
Brusque SC,2025-04-28,1738.36,Brazil
Brusque SC,2025-05-01,1727.78,Brazil
Brusque SC,2025-05-05,1717.94,Brazil
Brusque SC,2025-05-11,1718.11,Brazil
Brusque SC,2025-05-18,1712.31,Brazil
Brusque SC,2025-05-21,1708.46,Brazil
Brusque SC,2025-05-27,1706.16,Brazil
Brusque SC,2025-06-01,1708.51,Brazil
Brusque SC,2025-06-15,1698.82,Brazil
Brusque SC,2025-06-30,1669.82,Brazil
Brusque SC,2025-07-07,1649.52,Brazil
Brusque SC,2025-07-15,1660.88,Brazil
Brusque SC,2025-07-21,1669.08,Brazil
Brusque SC,2025-07-29,1673.35,Brazil
Brusque SC,2025-08-04,1658.8,Brazil
Brusque SC,2025-08-10,1648.18,Brazil
Brusque SC,2025-08-17,1677.4,Brazil
Brusque SC,2025-08-23,1689.74,Brazil
Brusque SC,2025-08-30,1687.15,Brazil
Brusque SC,2025-09-08,1696.14,Brazil
Brusque SC,2025-09-15,1680.12,Brazil
Brusque SC,2025-09-22,1663.53,Brazil
Brusque SC,2025-09-28,1651.36,Brazil
Brusque SC,2025-10-05,1679.77,Brazil
Brusque SC,2025-10-11,1665.67,Brazil
Brusque SC,2026-01-06,1721.61,Brazil
Brusque SC,2026-01-11,1697.38,Brazil
Brusque SC,2026-01-15,1702.63,Brazil
Brusque SC,2026-01-17,1703.62,Brazil
Brusque SC,2026-01-22,1691.04,Brazil
Brusque SC,2026-01-25,1678.57,Brazil
Brusque SC,2026-02-01,1683.13,Brazil
Brusque SC,2026-02-07,1653.03,Brazil
Brusque SC,2026-02-14,1645.26,Brazil
Brusque SC,2026-02-22,1625.47,Brazil
Brusque SC,2026-02-28,1628.38,Brazil
Brusque SC,2026-04-04,1660.64,Brazil
Brusque SC,2026-04-12,1657.49,Brazil
Brusque SC,2026-04-21,1676.53,Brazil
Brusque SC,2026-04-25,1683.78,Brazil
Brusque SC,2026-05-03,1675.41,Brazil
Brusque SC,2026-05-11,1675.82,Brazil
Brusque SC,2026-05-17,1660.95,Brazil
Brusque SC,2026-05-24,1670.55,Brazil
Brusque SC,2026-06-02,1689.53,Brazil
Brusque SC,2026-06-14,1690.8,Brazil
Brusque SC,2026-06-21,1696.3,Brazil
Brusque SC,2026-07-01,1695.05,Brazil
Brusque SC,2026-07-07,1673.11,Brazil
Brusque SC,2026-07-14,1690.79,Brazil
CA Bragantino,2023-07-23,1911.89,Brazil
CA Bragantino,2023-07-29,1936.91,Brazil
CA Bragantino,2023-08-04,1951.93,Brazil
CA Bragantino,2023-08-06,1954.18,Brazil
CA Bragantino,2023-08-11,1949.24,Brazil
CA Bragantino,2023-08-15,1961.42,Brazil
CA Bragantino,2023-08-20,1931.68,Brazil
CA Bragantino,2023-08-27,1941.71,Brazil
CA Bragantino,2023-09-03,1947.74,Brazil
CA Bragantino,2023-09-15,1954.78,Brazil
CA Bragantino,2023-09-20,1952.33,Brazil
CA Bragantino,2023-10-01,1986.95,Brazil
CA Bragantino,2023-10-08,2005.95,Brazil
CA Bragantino,2023-10-20,1999.83,Brazil
CA Bragantino,2023-10-22,1982.84,Brazil
CA Bragantino,2023-10-26,1982.89,Brazil
CA Bragantino,2023-11-02,1981.92,Brazil
CA Bragantino,2023-11-05,1965.12,Brazil
CA Bragantino,2023-11-09,1997.76,Brazil
CA Bragantino,2023-11-12,2004.67,Brazil
CA Bragantino,2023-11-24,1987.91,Brazil
CA Bragantino,2023-11-26,1992.77,Brazil
CA Bragantino,2023-12-01,1987.53,Brazil
CA Bragantino,2023-12-03,1996.25,Brazil
CA Bragantino,2023-12-07,1975.64,Brazil
CA Bragantino,2024-01-20,1962.41,Brazil
CA Bragantino,2024-01-24,1981.26,Brazil
CA Bragantino,2024-01-27,1959.49,Brazil
CA Bragantino,2024-01-31,2000.39,Brazil
CA Bragantino,2024-02-04,2009.76,Brazil
CA Bragantino,2024-02-08,2006.24,Brazil
CA Bragantino,2024-02-11,1998.32,Brazil
CA Bragantino,2024-02-15,1966.16,Brazil
CA Bragantino,2024-02-17,1933.39,Brazil
CA Bragantino,2024-02-21,1947.66,Brazil
CA Bragantino,2024-02-24,1936.44,Brazil
CA Bragantino,2024-02-28,1956.45,Brazil
CA Bragantino,2024-03-03,1931.79,Brazil
CA Bragantino,2024-03-07,1912.88,Brazil
CA Bragantino,2024-03-10,1886.7,Brazil
CA Bragantino,2024-03-14,1862.29,Brazil
CA Bragantino,2024-03-17,1879.35,Brazil
CA Bragantino,2024-03-28,1905.62,Brazil
CA Bragantino,2024-04-04,1910.13,Brazil
CA Bragantino,2024-04-11,1921.82,Brazil
CA Bragantino,2024-04-14,1907.01,Brazil
CA Bragantino,2024-04-18,1915.09,Brazil
CA Bragantino,2024-04-20,1899.91,Brazil
CA Bragantino,2024-04-25,1902.07,Brazil
CA Bragantino,2024-04-28,1911.74,Brazil
CA Bragantino,2024-05-01,1937.34,Brazil
CA Bragantino,2024-05-04,1937.12,Brazil
CA Bragantino,2024-05-10,1944.15,Brazil
CA Bragantino,2024-05-12,1916.25,Brazil
CA Bragantino,2024-05-17,1938.19,Brazil
CA Bragantino,2024-05-22,1945.8,Brazil
CA Bragantino,2024-05-29,1952.72,Brazil
CA Bragantino,2024-06-01,1966.18,Brazil
CA Bragantino,2024-06-12,1991.05,Brazil
CA Bragantino,2024-06-15,1972.64,Brazil
CA Bragantino,2024-06-21,1961.49,Brazil
CA Bragantino,2024-06-22,1848.43,Brazil
CA Bragantino,2024-06-23,1893.0,Brazil
CA Bragantino,2024-06-27,1885.76,Brazil
CA Bragantino,2024-06-29,1866.88,Brazil
CA Bragantino,2024-07-04,1896.76,Brazil
CA Bragantino,2024-07-07,1895.49,Brazil
CA Bragantino,2024-07-13,1896.53,Brazil
CA Bragantino,2024-07-18,1900.9,Brazil
CA Bragantino,2024-07-21,1923.49,Brazil
CA Bragantino,2024-07-25,1934.91,Brazil
CA Bragantino,2024-07-28,1904.45,Brazil
CA Bragantino,2024-08-01,1907.53,Brazil
CA Bragantino,2024-08-04,1885.97,Brazil
CA Bragantino,2024-08-08,1895.0,Brazil
CA Bragantino,2024-08-11,1899.91,Brazil
CA Bragantino,2024-08-14,1882.05,Brazil
CA Bragantino,2024-08-17,1867.28,Brazil
CA Bragantino,2024-08-21,1877.64,Brazil
CA Bragantino,2024-08-26,1890.13,Brazil
CA Bragantino,2024-08-29,1866.58,Brazil
CA Bragantino,2024-09-01,1890.84,Brazil
CA Bragantino,2024-09-15,1889.87,Brazil
CA Bragantino,2024-09-22,1906.12,Brazil
CA Bragantino,2024-09-26,1913.28,Brazil
CA Bragantino,2024-09-29,1900.78,Brazil
CA Bragantino,2024-10-05,1887.08,Brazil
CA Bragantino,2024-10-19,1866.61,Brazil
CA Bragantino,2024-10-27,1861.67,Brazil
CA Bragantino,2024-11-02,1866.88,Brazil
CA Bragantino,2024-11-09,1880.26,Brazil
CA Bragantino,2024-11-20,1890.98,Brazil
CA Bragantino,2024-11-24,1900.34,Brazil
CA Bragantino,2024-12-01,1891.45,Brazil
CA Bragantino,2024-12-06,1888.33,Brazil
CA Bragantino,2024-12-08,1916.83,Brazil
CA Bragantino,2025-01-16,1930.48,Brazil
CA Bragantino,2025-01-19,1922.45,Brazil
CA Bragantino,2025-01-22,1915.84,Brazil
CA Bragantino,2025-01-25,1932.34,Brazil
CA Bragantino,2025-01-28,1912.07,Brazil
CA Bragantino,2025-01-31,1905.51,Brazil
CA Bragantino,2025-02-05,1910.32,Brazil
CA Bragantino,2025-02-08,1911.05,Brazil
CA Bragantino,2025-02-12,1912.53,Brazil
CA Bragantino,2025-02-16,1905.5,Brazil
CA Bragantino,2025-02-20,1888.67,Brazil
CA Bragantino,2025-02-23,1870.44,Brazil
CA Bragantino,2025-02-27,1879.49,Brazil
CA Bragantino,2025-03-03,1874.01,Brazil
CA Bragantino,2025-03-12,1889.44,Brazil
CA Bragantino,2025-04-01,1897.59,Brazil
CA Bragantino,2025-04-06,1905.09,Brazil
CA Bragantino,2025-04-12,1864.11,Brazil
CA Bragantino,2025-04-17,1878.87,Brazil
CA Bragantino,2025-04-21,1889.55,Brazil
CA Bragantino,2025-04-28,1893.09,Brazil
CA Bragantino,2025-05-01,1911.8,Brazil
CA Bragantino,2025-05-06,1920.24,Brazil
CA Bragantino,2025-05-10,1930.13,Brazil
CA Bragantino,2025-05-18,1933.25,Brazil
CA Bragantino,2025-05-23,1952.73,Brazil
CA Bragantino,2025-05-27,1966.64,Brazil
CA Bragantino,2025-06-01,1962.22,Brazil
CA Bragantino,2025-06-13,1923.04,Brazil
CA Bragantino,2025-07-14,1919.85,Brazil
CA Bragantino,2025-07-17,1919.53,Brazil
CA Bragantino,2025-07-20,1903.32,Brazil
CA Bragantino,2025-07-24,1928.79,Brazil
CA Bragantino,2025-07-26,1900.99,Brazil
CA Bragantino,2025-07-30,1906.85,Brazil
CA Bragantino,2025-08-03,1918.76,Brazil
CA Bragantino,2025-08-07,1934.31,Brazil
CA Bragantino,2025-08-09,1932.71,Brazil
CA Bragantino,2025-08-16,1930.12,Brazil
CA Bragantino,2025-08-23,1879.36,Brazil
CA Bragantino,2025-08-30,1876.19,Brazil
CA Bragantino,2025-09-14,1883.06,Brazil
CA Bragantino,2025-09-22,1858.39,Brazil
CA Bragantino,2025-09-28,1862.69,Brazil
CA Bragantino,2025-10-02,1871.26,Brazil
CA Bragantino,2025-10-04,1872.67,Brazil
CA Bragantino,2025-10-16,1883.89,Brazil
CA Bragantino,2025-10-21,1884.11,Brazil
CA Bragantino,2025-10-26,1880.68,Brazil
CA Bragantino,2025-11-02,1870.12,Brazil
CA Bragantino,2025-11-05,1857.19,Brazil
CA Bragantino,2025-11-09,1839.91,Brazil
CA Bragantino,2025-11-16,1848.44,Brazil
CA Bragantino,2025-11-23,1862.19,Brazil
CA Bragantino,2025-11-26,1864.42,Brazil
CA Bragantino,2025-12-03,1882.3,Brazil
CA Bragantino,2025-12-07,1875.38,Brazil
CA Bragantino,2026-01-11,1877.01,Brazil
CA Bragantino,2026-01-15,1863.68,Brazil
CA Bragantino,2026-01-18,1857.97,Brazil
CA Bragantino,2026-01-22,1893.9,Brazil
CA Bragantino,2026-01-25,1906.4,Brazil
CA Bragantino,2026-01-28,1862.53,Brazil
CA Bragantino,2026-02-01,1870.48,Brazil
CA Bragantino,2026-02-04,1884.88,Brazil
CA Bragantino,2026-02-08,1903.04,Brazil
CA Bragantino,2026-02-13,1887.86,Brazil
CA Bragantino,2026-02-16,1889.03,Brazil
CA Bragantino,2026-02-21,1891.87,Brazil
CA Bragantino,2026-02-25,1858.68,Brazil
CA Bragantino,2026-03-13,1872.32,Brazil
CA Bragantino,2026-03-16,1888.8,Brazil
CA Bragantino,2026-03-18,1865.53,Brazil
CA Bragantino,2026-03-21,1871.49,Brazil
CA Bragantino,2026-04-03,1881.84,Brazil
CA Bragantino,2026-04-06,1908.39,Brazil
CA Bragantino,2026-04-10,1884.64,Brazil
CA Bragantino,2026-04-12,1911.28,Brazil
CA Bragantino,2026-04-17,1863.03,Brazil
CA Bragantino,2026-04-19,1897.24,Brazil
CA Bragantino,2026-04-23,1925.59,Brazil
CA Bragantino,2026-04-26,1926.37,Brazil
CA Bragantino,2026-05-01,1905.49,Brazil
CA Bragantino,2026-05-03,1915.9,Brazil
CA Bragantino,2026-05-08,1891.47,Brazil
CA Bragantino,2026-05-10,1910.43,Brazil
CA Bragantino,2026-05-14,1939.82,Brazil
CA Bragantino,2026-05-17,1949.51,Brazil
CA Bragantino,2026-05-21,1956.41,Brazil
CA Bragantino,2026-05-25,1938.84,Brazil
CA Bragantino,2026-05-28,1958.26,Brazil
CA Bragantino,2026-05-31,1962.37,Brazil
CA Bragantino,2026-07-18,1959.68,Brazil
CA Bragantino,2026-07-23,1951.91,Brazil
CA Bragantino,2026-07-26,1931.17,Brazil
CRB Maceio,2023-07-22,1717.53,Brazil
CRB Maceio,2023-07-29,1721.11,Brazil
CRB Maceio,2023-08-02,1721.45,Brazil
CRB Maceio,2023-08-05,1724.32,Brazil
CRB Maceio,2023-08-12,1731.93,Brazil
CRB Maceio,2023-08-19,1736.8,Brazil
CRB Maceio,2023-08-24,1747.95,Brazil
CRB Maceio,2023-08-26,1739.78,Brazil
CRB Maceio,2023-09-03,1742.01,Brazil
CRB Maceio,2023-09-10,1738.55,Brazil
CRB Maceio,2023-09-16,1739.55,Brazil
CRB Maceio,2023-09-23,1740.94,Brazil
CRB Maceio,2023-09-29,1736.74,Brazil
CRB Maceio,2023-10-07,1739.94,Brazil
CRB Maceio,2023-10-14,1738.64,Brazil
CRB Maceio,2023-10-21,1737.12,Brazil
CRB Maceio,2023-10-29,1737.76,Brazil
CRB Maceio,2023-11-07,1738.53,Brazil
CRB Maceio,2023-11-11,1731.41,Brazil
CRB Maceio,2023-11-19,1706.15,Brazil
CRB Maceio,2023-11-25,1666.35,Brazil
CRB Maceio,2024-01-20,1666.35,Brazil
CRB Maceio,2024-01-25,1677.7,Brazil
CRB Maceio,2024-01-28,1741.64,Brazil
CRB Maceio,2024-02-03,1780.66,Brazil
CRB Maceio,2024-02-07,1742.54,Brazil
CRB Maceio,2024-02-11,1779.6,Brazil
CRB Maceio,2024-02-15,1749.45,Brazil
CRB Maceio,2024-02-18,1750.72,Brazil
CRB Maceio,2024-02-22,1779.12,Brazil
CRB Maceio,2024-02-25,1754.62,Brazil
CRB Maceio,2024-02-29,1762.28,Brazil
CRB Maceio,2024-03-02,1742.32,Brazil
CRB Maceio,2024-03-07,1734.16,Brazil
CRB Maceio,2024-03-09,1723.81,Brazil
CRB Maceio,2024-03-12,1732.46,Brazil
CRB Maceio,2024-03-16,1718.19,Brazil
CRB Maceio,2024-03-20,1755.6,Brazil
CRB Maceio,2024-03-24,1795.12,Brazil
CRB Maceio,2024-03-28,1795.63,Brazil
CRB Maceio,2024-04-20,1781.35,Brazil
CRB Maceio,2024-04-27,1802.56,Brazil
CRB Maceio,2024-05-03,1802.97,Brazil
CRB Maceio,2024-05-07,1813.24,Brazil
CRB Maceio,2024-05-11,1819.74,Brazil
CRB Maceio,2024-05-15,1811.89,Brazil
CRB Maceio,2024-05-18,1804.11,Brazil
CRB Maceio,2024-05-24,1797.46,Brazil
CRB Maceio,2024-05-26,1796.68,Brazil
CRB Maceio,2024-06-02,1773.56,Brazil
CRB Maceio,2024-06-06,1800.24,Brazil
CRB Maceio,2024-06-09,1794.97,Brazil
CRB Maceio,2024-06-15,1787.47,Brazil
CRB Maceio,2024-06-19,1780.87,Brazil
CRB Maceio,2024-06-22,1782.81,Brazil
CRB Maceio,2024-07-02,1772.95,Brazil
CRB Maceio,2024-07-10,1760.53,Brazil
CRB Maceio,2024-07-13,1764.95,Brazil
CRB Maceio,2024-07-18,1766.74,Brazil
CRB Maceio,2024-07-20,1775.63,Brazil
CRB Maceio,2024-07-26,1783.76,Brazil
CRB Maceio,2024-07-28,1771.95,Brazil
CRB Maceio,2024-08-01,1751.21,Brazil
CRB Maceio,2024-08-04,1742.19,Brazil
CRB Maceio,2024-08-08,1734.45,Brazil
CRB Maceio,2024-08-11,1740.53,Brazil
CRB Maceio,2024-08-17,1741.01,Brazil
CRB Maceio,2024-08-22,1749.12,Brazil
CRB Maceio,2024-08-25,1746.96,Brazil
CRB Maceio,2024-08-31,1727.18,Brazil
CRB Maceio,2024-09-05,1718.56,Brazil
CRB Maceio,2024-09-12,1708.51,Brazil
CRB Maceio,2024-09-15,1706.45,Brazil
CRB Maceio,2024-09-20,1720.87,Brazil
CRB Maceio,2024-09-25,1723.04,Brazil
CRB Maceio,2024-09-29,1728.09,Brazil
CRB Maceio,2024-10-05,1735.68,Brazil
CRB Maceio,2024-10-15,1742.04,Brazil
CRB Maceio,2024-10-19,1727.78,Brazil
CRB Maceio,2024-10-23,1733.99,Brazil
CRB Maceio,2024-10-28,1748.82,Brazil
CRB Maceio,2024-11-05,1750.12,Brazil
CRB Maceio,2024-11-09,1742.66,Brazil
CRB Maceio,2024-11-17,1766.49,Brazil
CRB Maceio,2024-11-24,1757.49,Brazil
CRB Maceio,2025-01-17,1753.69,Brazil
CRB Maceio,2025-01-19,1769.3,Brazil
CRB Maceio,2025-01-23,1748.82,Brazil
CRB Maceio,2025-01-25,1740.55,Brazil
CRB Maceio,2025-02-01,1737.4,Brazil
CRB Maceio,2025-02-06,1730.26,Brazil
CRB Maceio,2025-02-08,1735.14,Brazil
CRB Maceio,2025-02-11,1749.32,Brazil
CRB Maceio,2025-02-15,1752.57,Brazil
CRB Maceio,2025-02-19,1749.61,Brazil
CRB Maceio,2025-02-23,1722.47,Brazil
CRB Maceio,2025-03-06,1710.62,Brazil
CRB Maceio,2025-03-08,1735.67,Brazil
CRB Maceio,2025-03-15,1737.66,Brazil
CRB Maceio,2025-03-22,1744.34,Brazil
CRB Maceio,2025-03-27,1726.56,Brazil
CRB Maceio,2025-04-05,1737.18,Brazil
CRB Maceio,2025-04-13,1736.16,Brazil
CRB Maceio,2025-04-18,1724.8,Brazil
CRB Maceio,2025-04-21,1731.82,Brazil
CRB Maceio,2025-04-27,1743.85,Brazil
CRB Maceio,2025-05-01,1723.67,Brazil
CRB Maceio,2025-05-07,1733.87,Brazil
CRB Maceio,2025-05-13,1757.65,Brazil
CRB Maceio,2025-05-18,1774.62,Brazil
CRB Maceio,2025-05-23,1771.31,Brazil
CRB Maceio,2025-05-27,1764.0,Brazil
CRB Maceio,2025-06-01,1766.9,Brazil
CRB Maceio,2025-06-08,1771.65,Brazil
CRB Maceio,2025-06-14,1782.65,Brazil
CRB Maceio,2025-06-22,1773.5,Brazil
CRB Maceio,2025-06-27,1761.35,Brazil
CRB Maceio,2025-07-04,1765.25,Brazil
CRB Maceio,2025-07-11,1773.18,Brazil
CRB Maceio,2025-07-18,1789.96,Brazil
CRB Maceio,2025-07-23,1808.24,Brazil
CRB Maceio,2025-07-27,1804.17,Brazil
CRB Maceio,2025-07-31,1786.99,Brazil
CRB Maceio,2025-08-03,1765.82,Brazil
CRB Maceio,2025-08-08,1750.2,Brazil
CRB Maceio,2025-08-13,1762.21,Brazil
CRB Maceio,2025-08-19,1778.6,Brazil
CRB Maceio,2025-08-24,1780.97,Brazil
CRB Maceio,2025-08-30,1779.47,Brazil
CRB Maceio,2025-09-09,1770.9,Brazil
CRB Maceio,2025-09-16,1778.26,Brazil
CRB Maceio,2025-09-21,1783.99,Brazil
CRB Maceio,2025-09-25,1776.3,Brazil
CRB Maceio,2025-09-28,1784.16,Brazil
CRB Maceio,2025-10-04,1801.46,Brazil
CRB Maceio,2025-10-08,1796.48,Brazil
CRB Maceio,2025-10-14,1803.49,Brazil
CRB Maceio,2025-10-18,1809.09,Brazil
CRB Maceio,2025-10-26,1829.99,Brazil
CRB Maceio,2025-10-31,1840.24,Brazil
CRB Maceio,2025-11-09,1832.22,Brazil
CRB Maceio,2025-11-15,1856.96,Brazil
CRB Maceio,2025-11-22,1851.9,Brazil
CRB Maceio,2026-01-10,1818.79,Brazil
CRB Maceio,2026-01-16,1818.79,Brazil
CRB Maceio,2026-01-18,1802.13,Brazil
CRB Maceio,2026-01-22,1793.03,Brazil
CRB Maceio,2026-01-24,1823.75,Brazil
CRB Maceio,2026-01-31,1823.2,Brazil
CRB Maceio,2026-02-07,1824.18,Brazil
CRB Maceio,2026-02-19,1813.66,Brazil
CRB Maceio,2026-02-21,1810.76,Brazil
CRB Maceio,2026-02-28,1822.55,Brazil
CRB Maceio,2026-03-04,1851.03,Brazil
CRB Maceio,2026-03-07,1857.22,Brazil
CRB Maceio,2026-03-12,1849.36,Brazil
CRB Maceio,2026-03-19,1868.41,Brazil
CRB Maceio,2026-03-21,1879.23,Brazil
CRB Maceio,2026-03-25,1856.57,Brazil
CRB Maceio,2026-03-28,1816.84,Brazil
CRB Maceio,2026-04-02,1818.28,Brazil
CRB Maceio,2026-04-05,1832.53,Brazil
CRB Maceio,2026-04-10,1834.53,Brazil
CRB Maceio,2026-04-13,1812.17,Brazil
CRB Maceio,2026-04-16,1740.03,Brazil
CRB Maceio,2026-04-19,1723.18,Brazil
CRB Maceio,2026-04-23,1756.38,Brazil
CRB Maceio,2026-04-27,1764.85,Brazil
CRB Maceio,2026-04-30,1729.51,Brazil
CRB Maceio,2026-05-04,1735.25,Brazil
CRB Maceio,2026-05-10,1757.4,Brazil
CRB Maceio,2026-05-15,1769.36,Brazil
CRB Maceio,2026-05-18,1798.58,Brazil
CRB Maceio,2026-05-24,1819.49,Brazil
CRB Maceio,2026-06-01,1819.34,Brazil
CRB Maceio,2026-06-07,1816.97,Brazil
CRB Maceio,2026-06-13,1796.3,Brazil
CRB Maceio,2026-06-21,1780.18,Brazil
CRB Maceio,2026-07-01,1780.53,Brazil
CRB Maceio,2026-07-04,1771.92,Brazil
CRB Maceio,2026-07-13,1775.32,Brazil
CRB Maceio,2026-07-17,1781.37,Brazil
CRB Maceio,2026-07-23,1792.83,Brazil
Caxias do Sul,2023-07-22,1714.55,Brazil
Caxias do Sul,2023-07-29,1696.01,Brazil
Caxias do Sul,2023-08-06,1706.38,Brazil
Caxias do Sul,2023-08-13,1722.45,Brazil
Caxias do Sul,2023-08-19,1736.32,Brazil
Caxias do Sul,2023-08-27,1719.45,Brazil
Caxias do Sul,2023-09-02,1715.16,Brazil
Caxias do Sul,2023-09-07,1741.98,Brazil
Caxias do Sul,2023-09-10,1738.57,Brazil
Caxias do Sul,2024-01-20,1705.61,Brazil
Caxias do Sul,2024-01-24,1722.53,Brazil
Caxias do Sul,2024-01-27,1717.74,Brazil
Caxias do Sul,2024-02-01,1735.13,Brazil
Caxias do Sul,2024-02-03,1728.28,Brazil
Caxias do Sul,2024-02-08,1720.78,Brazil
Caxias do Sul,2024-02-12,1714.85,Brazil
Caxias do Sul,2024-02-16,1717.7,Brazil
Caxias do Sul,2024-02-20,1733.35,Brazil
Caxias do Sul,2024-02-24,1727.07,Brazil
Caxias do Sul,2024-02-29,1726.18,Brazil
Caxias do Sul,2024-03-02,1720.52,Brazil
Caxias do Sul,2024-03-08,1702.85,Brazil
Caxias do Sul,2024-03-13,1696.63,Brazil
Caxias do Sul,2024-03-16,1684.07,Brazil
Caxias do Sul,2024-03-27,1677.97,Brazil
Caxias do Sul,2024-04-21,1697.82,Brazil
Caxias do Sul,2024-04-29,1743.05,Brazil
Caxias do Sul,2024-06-02,1715.04,Brazil
Caxias do Sul,2024-06-10,1703.99,Brazil
Caxias do Sul,2024-06-13,1690.37,Brazil
Caxias do Sul,2024-06-17,1697.34,Brazil
Caxias do Sul,2024-06-24,1674.76,Brazil
Caxias do Sul,2024-06-26,1660.58,Brazil
Caxias do Sul,2024-06-30,1648.22,Brazil
Caxias do Sul,2024-07-09,1661.15,Brazil
Caxias do Sul,2024-07-18,1647.78,Brazil
Caxias do Sul,2024-07-20,1639.18,Brazil
Caxias do Sul,2024-07-28,1641.36,Brazil
Caxias do Sul,2024-08-01,1646.12,Brazil
Caxias do Sul,2024-08-05,1654.69,Brazil
Caxias do Sul,2024-08-08,1671.65,Brazil
Caxias do Sul,2024-08-11,1670.03,Brazil
Caxias do Sul,2024-08-18,1684.45,Brazil
Caxias do Sul,2024-08-24,1679.99,Brazil
Caxias do Sul,2025-01-23,1701.08,Brazil
Caxias do Sul,2025-01-27,1682.1,Brazil
Caxias do Sul,2025-01-30,1676.15,Brazil
Caxias do Sul,2025-02-02,1679.92,Brazil
Caxias do Sul,2025-02-05,1687.94,Brazil
Caxias do Sul,2025-02-08,1695.15,Brazil
Caxias do Sul,2025-02-12,1681.03,Brazil
Caxias do Sul,2025-02-15,1680.44,Brazil
Caxias do Sul,2025-02-22,1694.15,Brazil
Caxias do Sul,2025-02-26,1745.62,Brazil
Caxias do Sul,2025-03-02,1706.93,Brazil
Caxias do Sul,2025-03-05,1693.13,Brazil
Caxias do Sul,2025-04-13,1711.95,Brazil
Caxias do Sul,2025-04-20,1698.19,Brazil
Caxias do Sul,2025-04-29,1697.98,Brazil
Caxias do Sul,2025-05-06,1686.43,Brazil
Caxias do Sul,2025-05-11,1687.25,Brazil
Caxias do Sul,2025-05-18,1696.39,Brazil
Caxias do Sul,2025-05-25,1706.88,Brazil
Caxias do Sul,2025-06-01,1693.22,Brazil
Caxias do Sul,2025-06-15,1683.68,Brazil
Caxias do Sul,2025-06-30,1686.53,Brazil
Caxias do Sul,2025-07-06,1696.85,Brazil
Caxias do Sul,2025-07-14,1693.85,Brazil
Caxias do Sul,2025-07-22,1688.25,Brazil
Caxias do Sul,2025-07-27,1708.1,Brazil
Caxias do Sul,2025-08-04,1730.4,Brazil
Caxias do Sul,2025-08-09,1729.34,Brazil
Caxias do Sul,2025-08-19,1720.63,Brazil
Caxias do Sul,2025-08-23,1708.3,Brazil
Caxias do Sul,2025-08-30,1709.66,Brazil
Caxias do Sul,2025-09-07,1737.45,Brazil
Caxias do Sul,2025-09-14,1730.26,Brazil
Caxias do Sul,2025-09-21,1716.27,Brazil
Caxias do Sul,2025-09-29,1724.1,Brazil
Caxias do Sul,2025-10-06,1705.19,Brazil
Caxias do Sul,2025-10-11,1690.69,Brazil
Caxias do Sul,2026-01-11,1701.32,Brazil
Caxias do Sul,2026-01-15,1702.15,Brazil
Caxias do Sul,2026-01-18,1692.01,Brazil
Caxias do Sul,2026-01-22,1682.7,Brazil
Caxias do Sul,2026-01-26,1711.77,Brazil
Caxias do Sul,2026-01-31,1754.42,Brazil
Caxias do Sul,2026-02-07,1753.54,Brazil
Caxias do Sul,2026-02-16,1757.45,Brazil
Caxias do Sul,2026-02-21,1751.07,Brazil
Caxias do Sul,2026-02-26,1765.74,Brazil
Caxias do Sul,2026-04-04,1733.46,Brazil
Caxias do Sul,2026-04-12,1737.3,Brazil
Caxias do Sul,2026-04-18,1768.27,Brazil
Caxias do Sul,2026-04-28,1737.59,Brazil
Caxias do Sul,2026-05-03,1725.5,Brazil
Caxias do Sul,2026-05-10,1735.93,Brazil
Caxias do Sul,2026-05-17,1735.08,Brazil
Caxias do Sul,2026-05-24,1712.06,Brazil
Caxias do Sul,2026-05-31,1733.38,Brazil
Caxias do Sul,2026-06-13,1745.08,Brazil
Caxias do Sul,2026-06-21,1747.05,Brazil
Caxias do Sul,2026-07-01,1743.28,Brazil
Caxias do Sul,2026-07-05,1749.26,Brazil
Caxias do Sul,2026-07-11,1748.43,Brazil
Ceara Sporting Club,2023-07-23,1741.09,Brazil
Ceara Sporting Club,2023-07-29,1751.74,Brazil
Ceara Sporting Club,2023-08-03,1759.72,Brazil
Ceara Sporting Club,2023-08-06,1753.4,Brazil
Ceara Sporting Club,2023-08-13,1769.85,Brazil
Ceara Sporting Club,2023-08-20,1777.65,Brazil
Ceara Sporting Club,2023-08-26,1778.45,Brazil
Ceara Sporting Club,2023-09-02,1775.0,Brazil
Ceara Sporting Club,2023-09-07,1782.9,Brazil
Ceara Sporting Club,2023-09-19,1773.8,Brazil
Ceara Sporting Club,2023-09-23,1761.33,Brazil
Ceara Sporting Club,2023-10-01,1758.47,Brazil
Ceara Sporting Club,2023-10-07,1755.27,Brazil
Ceara Sporting Club,2023-10-14,1743.09,Brazil
Ceara Sporting Club,2023-10-22,1746.02,Brazil
Ceara Sporting Club,2023-10-28,1751.96,Brazil
Ceara Sporting Club,2023-11-04,1737.07,Brazil
Ceara Sporting Club,2023-11-12,1724.41,Brazil
Ceara Sporting Club,2023-11-18,1716.22,Brazil
Ceara Sporting Club,2023-11-25,1693.96,Brazil
Ceara Sporting Club,2024-01-21,1769.78,Brazil
Ceara Sporting Club,2024-01-27,1782.67,Brazil
Ceara Sporting Club,2024-02-02,1802.91,Brazil
Ceara Sporting Club,2024-02-04,1792.7,Brazil
Ceara Sporting Club,2024-02-09,1815.78,Brazil
Ceara Sporting Club,2024-02-11,1835.85,Brazil
Ceara Sporting Club,2024-02-15,1799.36,Brazil
Ceara Sporting Club,2024-02-17,1838.13,Brazil
Ceara Sporting Club,2024-02-29,1832.15,Brazil
Ceara Sporting Club,2024-03-07,1815.3,Brazil
Ceara Sporting Club,2024-03-09,1793.78,Brazil
Ceara Sporting Club,2024-03-16,1784.31,Brazil
Ceara Sporting Club,2024-03-21,1827.47,Brazil
Ceara Sporting Club,2024-03-24,1821.92,Brazil
Ceara Sporting Club,2024-03-28,1843.87,Brazil
Ceara Sporting Club,2024-03-30,1836.58,Brazil
Ceara Sporting Club,2024-04-20,1840.74,Brazil
Ceara Sporting Club,2024-04-30,1828.89,Brazil
Ceara Sporting Club,2024-05-03,1828.47,Brazil
Ceara Sporting Club,2024-05-07,1818.2,Brazil
Ceara Sporting Club,2024-05-11,1821.17,Brazil
Ceara Sporting Club,2024-05-16,1814.51,Brazil
Ceara Sporting Club,2024-05-19,1793.2,Brazil
Ceara Sporting Club,2024-05-24,1799.86,Brazil
Ceara Sporting Club,2024-05-26,1796.76,Brazil
Ceara Sporting Club,2024-06-01,1801.2,Brazil
Ceara Sporting Club,2024-06-11,1823.77,Brazil
Ceara Sporting Club,2024-06-16,1826.62,Brazil
Ceara Sporting Club,2024-06-21,1831.67,Brazil
Ceara Sporting Club,2024-06-26,1826.74,Brazil
Ceara Sporting Club,2024-06-30,1831.29,Brazil
Ceara Sporting Club,2024-07-06,1838.55,Brazil
Ceara Sporting Club,2024-07-13,1847.77,Brazil
Ceara Sporting Club,2024-07-20,1838.38,Brazil
Ceara Sporting Club,2024-07-26,1840.15,Brazil
Ceara Sporting Club,2024-07-28,1842.52,Brazil
Ceara Sporting Club,2024-08-07,1830.65,Brazil
Ceara Sporting Club,2024-08-13,1841.24,Brazil
Ceara Sporting Club,2024-08-17,1832.24,Brazil
Ceara Sporting Club,2024-08-22,1824.13,Brazil
Ceara Sporting Club,2024-08-27,1817.42,Brazil
Ceara Sporting Club,2024-09-01,1814.51,Brazil
Ceara Sporting Club,2024-09-08,1832.39,Brazil
Ceara Sporting Club,2024-09-15,1843.61,Brazil
Ceara Sporting Club,2024-09-19,1842.97,Brazil
Ceara Sporting Club,2024-09-22,1847.28,Brazil
Ceara Sporting Club,2024-09-28,1852.29,Brazil
Ceara Sporting Club,2024-10-08,1853.76,Brazil
Ceara Sporting Club,2024-10-12,1849.36,Brazil
Ceara Sporting Club,2024-10-19,1859.14,Brazil
Ceara Sporting Club,2024-10-23,1856.3,Brazil
Ceara Sporting Club,2024-10-26,1859.91,Brazil
Ceara Sporting Club,2024-11-03,1877.62,Brazil
Ceara Sporting Club,2024-11-13,1894.38,Brazil
Ceara Sporting Club,2024-11-19,1931.24,Brazil
Ceara Sporting Club,2024-11-24,1982.57,Brazil
Ceara Sporting Club,2025-01-18,1982.57,Brazil
Ceara Sporting Club,2025-01-23,1964.56,Brazil
Ceara Sporting Club,2025-01-26,1936.2,Brazil
Ceara Sporting Club,2025-01-30,1919.56,Brazil
Ceara Sporting Club,2025-02-02,1892.34,Brazil
Ceara Sporting Club,2025-02-06,1888.55,Brazil
Ceara Sporting Club,2025-02-08,1886.8,Brazil
Ceara Sporting Club,2025-02-12,1894.88,Brazil
Ceara Sporting Club,2025-02-20,1903.32,Brazil
Ceara Sporting Club,2025-03-02,1894.21,Brazil
Ceara Sporting Club,2025-03-06,1927.63,Brazil
Ceara Sporting Club,2025-03-09,1875.91,Brazil
Ceara Sporting Club,2025-03-13,1892.06,Brazil
Ceara Sporting Club,2025-03-15,1904.39,Brazil
Ceara Sporting Club,2025-03-19,1889.91,Brazil
Ceara Sporting Club,2025-03-22,1871.35,Brazil
Ceara Sporting Club,2025-03-26,1867.62,Brazil
Ceara Sporting Club,2025-04-01,1859.48,Brazil
Ceara Sporting Club,2025-04-05,1887.73,Brazil
Ceara Sporting Club,2025-04-12,1875.02,Brazil
Ceara Sporting Club,2025-04-16,1864.53,Brazil
Ceara Sporting Club,2025-04-22,1866.43,Brazil
Ceara Sporting Club,2025-04-26,1881.53,Brazil
Ceara Sporting Club,2025-05-01,1873.37,Brazil
Ceara Sporting Club,2025-05-03,1866.39,Brazil
Ceara Sporting Club,2025-05-13,1891.32,Brazil
Ceara Sporting Club,2025-05-17,1911.97,Brazil
Ceara Sporting Club,2025-05-23,1905.2,Brazil
Ceara Sporting Club,2025-06-01,1873.87,Brazil
Ceara Sporting Club,2025-06-05,1855.49,Brazil
Ceara Sporting Club,2025-06-07,1885.93,Brazil
Ceara Sporting Club,2025-07-10,1879.74,Brazil
Ceara Sporting Club,2025-07-14,1871.62,Brazil
Ceara Sporting Club,2025-07-17,1881.53,Brazil
Ceara Sporting Club,2025-07-20,1865.3,Brazil
Ceara Sporting Club,2025-07-24,1868.93,Brazil
Ceara Sporting Club,2025-07-27,1851.34,Brazil
Ceara Sporting Club,2025-08-03,1861.32,Brazil
Ceara Sporting Club,2025-08-10,1853.51,Brazil
Ceara Sporting Club,2025-08-16,1856.11,Brazil
Ceara Sporting Club,2025-08-21,1884.21,Brazil
Ceara Sporting Club,2025-08-24,1892.16,Brazil
Ceara Sporting Club,2025-08-30,1883.17,Brazil
Ceara Sporting Club,2025-09-15,1861.73,Brazil
Ceara Sporting Club,2025-09-20,1847.95,Brazil
Ceara Sporting Club,2025-09-30,1863.72,Brazil
Ceara Sporting Club,2025-10-03,1862.22,Brazil
Ceara Sporting Club,2025-10-06,1862.49,Brazil
Ceara Sporting Club,2025-10-16,1854.81,Brazil
Ceara Sporting Club,2025-10-19,1877.31,Brazil
Ceara Sporting Club,2025-10-25,1873.49,Brazil
Ceara Sporting Club,2025-10-29,1868.76,Brazil
Ceara Sporting Club,2025-11-02,1869.0,Brazil
Ceara Sporting Club,2025-11-07,1849.17,Brazil
Ceara Sporting Club,2025-11-09,1847.1,Brazil
Ceara Sporting Club,2025-11-21,1854.42,Brazil
Ceara Sporting Club,2025-11-24,1841.03,Brazil
Ceara Sporting Club,2025-11-30,1848.62,Brazil
Ceara Sporting Club,2025-12-04,1848.2,Brazil
Ceara Sporting Club,2025-12-07,1894.72,Brazil
Ceara Sporting Club,2026-01-10,1820.53,Brazil
Ceara Sporting Club,2026-01-15,1788.69,Brazil
Ceara Sporting Club,2026-01-17,1773.66,Brazil
Ceara Sporting Club,2026-01-22,1858.24,Brazil
Ceara Sporting Club,2026-01-25,1868.09,Brazil
Ceara Sporting Club,2026-02-01,1867.53,Brazil
Ceara Sporting Club,2026-02-08,1851.96,Brazil
Ceara Sporting Club,2026-02-15,1879.3,Brazil
Ceara Sporting Club,2026-02-22,1915.44,Brazil
Ceara Sporting Club,2026-02-27,1894.59,Brazil
Ceara Sporting Club,2026-03-01,1910.98,Brazil
Ceara Sporting Club,2026-03-08,1911.89,Brazil
Ceara Sporting Club,2026-03-12,1898.7,Brazil
Ceara Sporting Club,2026-03-17,1907.13,Brazil
Ceara Sporting Club,2026-03-21,1916.46,Brazil
Ceara Sporting Club,2026-03-25,1930.53,Brazil
Ceara Sporting Club,2026-03-28,1906.74,Brazil
Ceara Sporting Club,2026-04-02,1888.2,Brazil
Ceara Sporting Club,2026-04-04,1827.91,Brazil
Ceara Sporting Club,2026-04-09,1808.0,Brazil
Ceara Sporting Club,2026-04-12,1783.26,Brazil
Ceara Sporting Club,2026-04-15,1813.72,Brazil
Ceara Sporting Club,2026-04-19,1853.47,Brazil
Ceara Sporting Club,2026-04-24,1840.61,Brazil
Ceara Sporting Club,2026-04-26,1800.47,Brazil
Ceara Sporting Club,2026-04-30,1877.65,Brazil
Ceara Sporting Club,2026-05-03,1848.06,Brazil
Ceara Sporting Club,2026-05-07,1824.88,Brazil
Ceara Sporting Club,2026-05-10,1811.76,Brazil
Ceara Sporting Club,2026-05-14,1786.31,Brazil
Ceara Sporting Club,2026-05-17,1795.73,Brazil
Ceara Sporting Club,2026-05-23,1784.23,Brazil
Ceara Sporting Club,2026-05-31,1786.78,Brazil
Ceara Sporting Club,2026-06-11,1801.22,Brazil
Ceara Sporting Club,2026-06-16,1800.16,Brazil
Ceara Sporting Club,2026-06-21,1802.05,Brazil
Ceara Sporting Club,2026-06-28,1796.08,Brazil
Ceara Sporting Club,2026-07-05,1794.55,Brazil
Ceara Sporting Club,2026-07-14,1793.7,Brazil
Ceara Sporting Club,2026-07-18,1782.55,Brazil
Ceara Sporting Club,2026-07-23,1771.09,Brazil
Chapecoense,2023-07-25,1695.86,Brazil
Chapecoense,2023-07-29,1684.12,Brazil
Chapecoense,2023-08-03,1681.28,Brazil
Chapecoense,2023-08-06,1685.07,Brazil
Chapecoense,2023-08-13,1698.13,Brazil
Chapecoense,2023-08-20,1695.35,Brazil
Chapecoense,2023-08-24,1689.26,Brazil
Chapecoense,2023-08-27,1689.81,Brazil
Chapecoense,2023-09-01,1688.65,Brazil
Chapecoense,2023-09-06,1677.8,Brazil
Chapecoense,2023-09-16,1679.3,Brazil
Chapecoense,2023-09-23,1691.77,Brazil
Chapecoense,2023-10-01,1697.44,Brazil
Chapecoense,2023-10-06,1706.84,Brazil
Chapecoense,2023-10-14,1702.52,Brazil
Chapecoense,2023-10-22,1707.22,Brazil
Chapecoense,2023-10-31,1699.64,Brazil
Chapecoense,2023-11-07,1698.88,Brazil
Chapecoense,2023-11-11,1706.03,Brazil
Chapecoense,2023-11-17,1707.05,Brazil
Chapecoense,2023-11-25,1764.61,Brazil
Chapecoense,2024-01-20,1741.79,Brazil
Chapecoense,2024-01-25,1744.27,Brazil
Chapecoense,2024-01-28,1754.79,Brazil
Chapecoense,2024-01-31,1730.77,Brazil
Chapecoense,2024-02-04,1715.46,Brazil
Chapecoense,2024-02-07,1684.42,Brazil
Chapecoense,2024-02-10,1688.61,Brazil
Chapecoense,2024-02-14,1683.2,Brazil
Chapecoense,2024-02-20,1696.54,Brazil
Chapecoense,2024-02-24,1682.69,Brazil
Chapecoense,2024-03-02,1705.8,Brazil
Chapecoense,2024-04-20,1715.6,Brazil
Chapecoense,2024-04-27,1721.32,Brazil
Chapecoense,2024-05-04,1736.18,Brazil
Chapecoense,2024-05-11,1729.69,Brazil
Chapecoense,2024-05-15,1719.73,Brazil
Chapecoense,2024-05-26,1722.83,Brazil
Chapecoense,2024-06-02,1728.01,Brazil
Chapecoense,2024-06-09,1708.16,Brazil
Chapecoense,2024-06-14,1699.94,Brazil
Chapecoense,2024-06-18,1694.43,Brazil
Chapecoense,2024-06-23,1680.18,Brazil
Chapecoense,2024-07-02,1687.34,Brazil
Chapecoense,2024-07-06,1690.2,Brazil
Chapecoense,2024-07-15,1679.55,Brazil
Chapecoense,2024-07-19,1680.18,Brazil
Chapecoense,2024-07-24,1691.72,Brazil
Chapecoense,2024-07-27,1707.3,Brazil
Chapecoense,2024-08-05,1714.22,Brazil
Chapecoense,2024-08-10,1712.24,Brazil
Chapecoense,2024-08-17,1706.31,Brazil
Chapecoense,2024-08-22,1693.02,Brazil
Chapecoense,2024-08-25,1695.18,Brazil
Chapecoense,2024-08-31,1703.68,Brazil
Chapecoense,2024-09-10,1711.68,Brazil
Chapecoense,2024-09-15,1700.46,Brazil
Chapecoense,2024-09-19,1687.03,Brazil
Chapecoense,2024-09-22,1697.54,Brazil
Chapecoense,2024-09-27,1696.23,Brazil
Chapecoense,2024-10-04,1704.2,Brazil
Chapecoense,2024-10-10,1693.99,Brazil
Chapecoense,2024-10-17,1702.49,Brazil
Chapecoense,2024-10-22,1687.18,Brazil
Chapecoense,2024-10-29,1686.27,Brazil
Chapecoense,2024-11-02,1688.95,Brazil
Chapecoense,2024-11-10,1687.24,Brazil
Chapecoense,2024-11-17,1709.5,Brazil
Chapecoense,2024-11-24,1672.23,Brazil
Chapecoense,2025-01-15,1701.22,Brazil
Chapecoense,2025-01-19,1672.93,Brazil
Chapecoense,2025-01-22,1681.66,Brazil
Chapecoense,2025-01-26,1713.85,Brazil
Chapecoense,2025-01-30,1687.38,Brazil
Chapecoense,2025-02-01,1699.39,Brazil
Chapecoense,2025-02-05,1701.07,Brazil
Chapecoense,2025-02-09,1706.9,Brazil
Chapecoense,2025-02-14,1716.92,Brazil
Chapecoense,2025-02-16,1708.0,Brazil
Chapecoense,2025-02-22,1717.73,Brazil
Chapecoense,2025-03-01,1718.11,Brazil
Chapecoense,2025-03-09,1719.46,Brazil
Chapecoense,2025-03-15,1732.74,Brazil
Chapecoense,2025-03-22,1730.54,Brazil
Chapecoense,2025-04-05,1719.92,Brazil
Chapecoense,2025-04-12,1730.87,Brazil
Chapecoense,2025-04-17,1727.37,Brazil
Chapecoense,2025-04-20,1738.82,Brazil
Chapecoense,2025-04-26,1726.7,Brazil
Chapecoense,2025-05-04,1718.16,Brazil
Chapecoense,2025-05-09,1733.14,Brazil
Chapecoense,2025-05-17,1725.11,Brazil
Chapecoense,2025-05-24,1713.36,Brazil
Chapecoense,2025-06-03,1722.88,Brazil
Chapecoense,2025-06-07,1740.36,Brazil
Chapecoense,2025-06-17,1737.44,Brazil
Chapecoense,2025-06-21,1741.49,Brazil
Chapecoense,2025-06-30,1745.97,Brazil
Chapecoense,2025-07-08,1726.93,Brazil
Chapecoense,2025-07-13,1718.66,Brazil
Chapecoense,2025-07-20,1718.54,Brazil
Chapecoense,2025-07-24,1708.83,Brazil
Chapecoense,2025-07-28,1713.03,Brazil
Chapecoense,2025-08-03,1734.19,Brazil
Chapecoense,2025-08-09,1749.86,Brazil
Chapecoense,2025-08-17,1743.72,Brazil
Chapecoense,2025-08-23,1763.2,Brazil
Chapecoense,2025-09-02,1780.41,Brazil
Chapecoense,2025-09-07,1789.87,Brazil
Chapecoense,2025-09-17,1782.32,Brazil
Chapecoense,2025-09-22,1773.34,Brazil
Chapecoense,2025-09-26,1789.19,Brazil
Chapecoense,2025-09-29,1789.5,Brazil
Chapecoense,2025-10-04,1790.05,Brazil
Chapecoense,2025-10-10,1779.66,Brazil
Chapecoense,2025-10-15,1778.01,Brazil
Chapecoense,2025-10-20,1771.11,Brazil
Chapecoense,2025-10-27,1769.13,Brazil
Chapecoense,2025-11-02,1786.18,Brazil
Chapecoense,2025-11-10,1795.99,Brazil
Chapecoense,2025-11-15,1860.31,Brazil
Chapecoense,2025-11-23,1910.21,Brazil
Chapecoense,2026-01-06,1854.27,Brazil
Chapecoense,2026-01-11,1818.1,Brazil
Chapecoense,2026-01-14,1811.05,Brazil
Chapecoense,2026-01-18,1797.38,Brazil
Chapecoense,2026-01-22,1788.6,Brazil
Chapecoense,2026-01-25,1802.68,Brazil
Chapecoense,2026-01-29,1822.01,Brazil
Chapecoense,2026-02-01,1823.75,Brazil
Chapecoense,2026-02-06,1794.76,Brazil
Chapecoense,2026-02-08,1766.95,Brazil
Chapecoense,2026-02-11,1736.67,Brazil
Chapecoense,2026-02-14,1744.43,Brazil
Chapecoense,2026-02-22,1764.22,Brazil
Chapecoense,2026-03-01,1776.76,Brazil
Chapecoense,2026-03-08,1794.18,Brazil
Chapecoense,2026-03-13,1772.2,Brazil
Chapecoense,2026-03-17,1751.99,Brazil
Chapecoense,2026-03-20,1776.26,Brazil
Chapecoense,2026-03-22,1780.94,Brazil
Chapecoense,2026-04-03,1758.2,Brazil
Chapecoense,2026-04-05,1762.38,Brazil
Chapecoense,2026-04-12,1752.6,Brazil
Chapecoense,2026-04-18,1727.11,Brazil
Chapecoense,2026-04-21,1720.59,Brazil
Chapecoense,2026-04-27,1715.5,Brazil
Chapecoense,2026-05-03,1705.09,Brazil
Chapecoense,2026-05-10,1713.22,Brazil
Chapecoense,2026-05-14,1726.77,Brazil
Chapecoense,2026-05-17,1718.14,Brazil
Chapecoense,2026-05-24,1705.93,Brazil
Chapecoense,2026-05-31,1737.97,Brazil
Chapecoense,2026-07-18,1718.08,Brazil
Chapecoense,2026-07-23,1730.02,Brazil
Chapecoense,2026-07-25,1728.67,Brazil
Clube Do Remo,2023-07-24,1721.39,Brazil
Clube Do Remo,2023-07-30,1713.1,Brazil
Clube Do Remo,2023-08-06,1702.14,Brazil
Clube Do Remo,2023-08-13,1696.0,Brazil
Clube Do Remo,2023-08-20,1699.42,Brazil
Clube Do Remo,2023-08-26,1721.75,Brazil
Clube Do Remo,2024-01-21,1721.75,Brazil
Clube Do Remo,2024-01-25,1739.59,Brazil
Clube Do Remo,2024-01-28,1714.91,Brazil
Clube Do Remo,2024-02-04,1727.01,Brazil
Clube Do Remo,2024-02-09,1736.86,Brazil
Clube Do Remo,2024-02-15,1779.96,Brazil
Clube Do Remo,2024-02-20,1801.96,Brazil
Clube Do Remo,2024-02-25,1802.07,Brazil
Clube Do Remo,2024-02-29,1798.78,Brazil
Clube Do Remo,2024-03-03,1770.01,Brazil
Clube Do Remo,2024-03-08,1812.68,Brazil
Clube Do Remo,2024-03-10,1803.26,Brazil
Clube Do Remo,2024-03-16,1803.3,Brazil
Clube Do Remo,2024-03-21,1765.76,Brazil
Clube Do Remo,2024-03-23,1745.04,Brazil
Clube Do Remo,2024-03-29,1769.38,Brazil
Clube Do Remo,2024-04-20,1759.92,Brazil
Clube Do Remo,2024-04-28,1727.68,Brazil
Clube Do Remo,2024-05-05,1742.57,Brazil
Clube Do Remo,2024-05-13,1723.49,Brazil
Clube Do Remo,2024-05-19,1705.39,Brazil
Clube Do Remo,2024-05-25,1717.43,Brazil
Clube Do Remo,2024-06-01,1687.01,Brazil
Clube Do Remo,2024-06-10,1690.66,Brazil
Clube Do Remo,2024-06-16,1684.25,Brazil
Clube Do Remo,2024-06-25,1675.78,Brazil
Clube Do Remo,2024-06-30,1680.57,Brazil
Clube Do Remo,2024-07-09,1667.64,Brazil
Clube Do Remo,2024-07-16,1672.79,Brazil
Clube Do Remo,2024-07-23,1662.76,Brazil
Clube Do Remo,2024-07-27,1666.45,Brazil
Clube Do Remo,2024-08-06,1677.39,Brazil
Clube Do Remo,2024-08-10,1678.72,Brazil
Clube Do Remo,2024-08-18,1692.99,Brazil
Clube Do Remo,2024-08-24,1732.95,Brazil
Clube Do Remo,2024-08-31,1730.13,Brazil
Clube Do Remo,2024-09-10,1705.45,Brazil
Clube Do Remo,2024-09-15,1732.33,Brazil
Clube Do Remo,2024-09-21,1710.33,Brazil
Clube Do Remo,2024-09-29,1713.51,Brazil
Clube Do Remo,2024-10-05,1746.29,Brazil
Clube Do Remo,2025-01-18,1759.43,Brazil
Clube Do Remo,2025-01-26,1802.68,Brazil
Clube Do Remo,2025-01-30,1792.9,Brazil
Clube Do Remo,2025-02-04,1798.26,Brazil
Clube Do Remo,2025-02-07,1816.38,Brazil
Clube Do Remo,2025-02-09,1837.07,Brazil
Clube Do Remo,2025-02-16,1821.92,Brazil
Clube Do Remo,2025-02-23,1817.78,Brazil
Clube Do Remo,2025-02-27,1827.27,Brazil
Clube Do Remo,2025-03-11,1820.99,Brazil
Clube Do Remo,2025-03-30,1851.37,Brazil
Clube Do Remo,2025-04-03,1847.71,Brazil
Clube Do Remo,2025-04-07,1815.97,Brazil
Clube Do Remo,2025-04-13,1795.67,Brazil
Clube Do Remo,2025-04-18,1789.21,Brazil
Clube Do Remo,2025-04-22,1785.15,Brazil
Clube Do Remo,2025-04-26,1771.61,Brazil
Clube Do Remo,2025-05-03,1762.22,Brazil
Clube Do Remo,2025-05-08,1784.35,Brazil
Clube Do Remo,2025-05-11,1755.97,Brazil
Clube Do Remo,2025-05-15,1765.96,Brazil
Clube Do Remo,2025-05-18,1755.68,Brazil
Clube Do Remo,2025-05-24,1763.05,Brazil
Clube Do Remo,2025-06-01,1760.14,Brazil
Clube Do Remo,2025-06-09,1766.55,Brazil
Clube Do Remo,2025-06-14,1763.38,Brazil
Clube Do Remo,2025-06-21,1739.05,Brazil
Clube Do Remo,2025-06-29,1725.92,Brazil
Clube Do Remo,2025-07-05,1740.22,Brazil
Clube Do Remo,2025-07-13,1748.49,Brazil
Clube Do Remo,2025-07-18,1762.17,Brazil
Clube Do Remo,2025-07-25,1742.33,Brazil
Clube Do Remo,2025-07-30,1727.42,Brazil
Clube Do Remo,2025-08-02,1742.72,Brazil
Clube Do Remo,2025-08-09,1737.08,Brazil
Clube Do Remo,2025-08-16,1736.8,Brazil
Clube Do Remo,2025-08-23,1726.38,Brazil
Clube Do Remo,2025-08-29,1713.18,Brazil
Clube Do Remo,2025-09-05,1727.55,Brazil
Clube Do Remo,2025-09-13,1735.97,Brazil
Clube Do Remo,2025-09-21,1745.65,Brazil
Clube Do Remo,2025-09-25,1743.85,Brazil
Clube Do Remo,2025-09-28,1735.99,Brazil
Clube Do Remo,2025-10-05,1722.86,Brazil
Clube Do Remo,2025-10-10,1718.78,Brazil
Clube Do Remo,2025-10-15,1735.03,Brazil
Clube Do Remo,2025-10-19,1755.8,Brazil
Clube Do Remo,2025-10-25,1762.72,Brazil
Clube Do Remo,2025-11-02,1745.66,Brazil
Clube Do Remo,2025-11-08,1734.93,Brazil
Clube Do Remo,2025-11-15,1795.54,Brazil
Clube Do Remo,2025-11-23,1806.63,Brazil
Clube Do Remo,2026-01-24,1684.93,Brazil
Clube Do Remo,2026-01-28,1769.9,Brazil
Clube Do Remo,2026-01-31,1692.12,Brazil
Clube Do Remo,2026-02-05,1693.26,Brazil
Clube Do Remo,2026-02-06,1681.96,Brazil
Clube Do Remo,2026-02-08,1731.7,Brazil
Clube Do Remo,2026-02-12,1751.29,Brazil
Clube Do Remo,2026-02-15,1778.47,Brazil
Clube Do Remo,2026-02-19,1806.56,Brazil
Clube Do Remo,2026-02-25,1779.09,Brazil
Clube Do Remo,2026-03-01,1773.74,Brazil
Clube Do Remo,2026-03-08,1787.43,Brazil
Clube Do Remo,2026-03-12,1794.68,Brazil
Clube Do Remo,2026-03-15,1780.89,Brazil
Clube Do Remo,2026-03-20,1776.91,Brazil
Clube Do Remo,2026-03-22,1782.07,Brazil
Clube Do Remo,2026-04-03,1792.66,Brazil
Clube Do Remo,2026-04-06,1786.21,Brazil
Clube Do Remo,2026-04-11,1774.57,Brazil
Clube Do Remo,2026-04-19,1740.36,Brazil
Clube Do Remo,2026-04-23,1740.26,Brazil
Clube Do Remo,2026-04-25,1754.88,Brazil
Clube Do Remo,2026-05-02,1764.62,Brazil
Clube Do Remo,2026-05-10,1769.79,Brazil
Clube Do Remo,2026-05-14,1768.71,Brazil
Clube Do Remo,2026-05-17,1777.34,Brazil
Clube Do Remo,2026-05-24,1794.54,Brazil
Clube Do Remo,2026-06-01,1786.84,Brazil
Clube Do Remo,2026-07-24,1782.05,Brazil
Clube Do Remo,2026-07-27,1786.33,Brazil
Corinthians,2023-07-22,1850.84,Brazil
Corinthians,2023-07-26,1849.79,Brazil
Corinthians,2023-07-29,1867.67,Brazil
Corinthians,2023-08-02,1871.74,Brazil
Corinthians,2023-08-05,1896.85,Brazil
Corinthians,2023-08-09,1849.59,Brazil
Corinthians,2023-08-13,1847.34,Brazil
Corinthians,2023-08-17,1867.99,Brazil
Corinthians,2023-08-20,1855.22,Brazil
Corinthians,2023-08-23,1867.61,Brazil
Corinthians,2023-08-27,1836.53,Brazil
Corinthians,2023-08-30,1824.29,Brazil
Corinthians,2023-09-03,1812.41,Brazil
Corinthians,2023-09-15,1812.87,Brazil
Corinthians,2023-09-19,1815.42,Brazil
Corinthians,2023-09-23,1815.91,Brazil
Corinthians,2023-09-27,1831.15,Brazil
Corinthians,2023-09-30,1808.58,Brazil
Corinthians,2023-10-04,1811.99,Brazil
Corinthians,2023-10-08,1784.9,Brazil
Corinthians,2023-10-20,1790.59,Brazil
Corinthians,2023-10-22,1783.17,Brazil
Corinthians,2023-10-26,1806.36,Brazil
Corinthians,2023-10-29,1804.62,Brazil
Corinthians,2023-11-01,1812.97,Brazil
Corinthians,2023-11-05,1829.76,Brazil
Corinthians,2023-11-09,1861.26,Brazil
Corinthians,2023-11-12,1845.97,Brazil
Corinthians,2023-11-25,1831.3,Brazil
Corinthians,2023-11-29,1842.41,Brazil
Corinthians,2023-12-02,1845.5,Brazil
Corinthians,2023-12-07,1844.35,Brazil
Corinthians,2024-01-21,1827.38,Brazil
Corinthians,2024-01-24,1843.61,Brazil
Corinthians,2024-01-28,1844.73,Brazil
Corinthians,2024-01-30,1846.89,Brazil
Corinthians,2024-02-04,1868.07,Brazil
Corinthians,2024-02-07,1872.51,Brazil
Corinthians,2024-02-11,1885.79,Brazil
Corinthians,2024-02-15,1899.41,Brazil
Corinthians,2024-02-18,1906.62,Brazil
Corinthians,2024-02-23,1918.34,Brazil
Corinthians,2024-02-26,1942.05,Brazil
Corinthians,2024-03-02,1958.17,Brazil
Corinthians,2024-03-10,1935.35,Brazil
Corinthians,2024-03-15,1947.88,Brazil
Corinthians,2024-04-03,1927.2,Brazil
Corinthians,2024-04-10,1936.87,Brazil
Corinthians,2024-04-14,1919.7,Brazil
Corinthians,2024-04-18,1921.54,Brazil
Corinthians,2024-04-20,1936.72,Brazil
Corinthians,2024-04-24,1941.47,Brazil
Corinthians,2024-04-28,1932.62,Brazil
Corinthians,2024-05-02,1922.24,Brazil
Corinthians,2024-05-05,1917.39,Brazil
Corinthians,2024-05-08,1913.15,Brazil
Corinthians,2024-05-11,1913.43,Brazil
Corinthians,2024-05-15,1924.59,Brazil
Corinthians,2024-05-23,1922.95,Brazil
Corinthians,2024-05-29,1920.91,Brazil
Corinthians,2024-06-02,1902.35,Brazil
Corinthians,2024-06-12,1908.76,Brazil
Corinthians,2024-06-16,1909.38,Brazil
Corinthians,2024-06-20,1921.35,Brazil
Corinthians,2024-06-23,1909.76,Brazil
Corinthians,2024-06-27,1891.34,Brazil
Corinthians,2024-07-02,1883.38,Brazil
Corinthians,2024-07-05,1868.3,Brazil
Corinthians,2024-07-07,1853.89,Brazil
Corinthians,2024-07-11,1847.69,Brazil
Corinthians,2024-07-17,1866.5,Brazil
Corinthians,2024-07-21,1872.18,Brazil
Corinthians,2024-07-26,1878.87,Brazil
Corinthians,2024-07-29,1879.46,Brazil
Corinthians,2024-08-01,1879.95,Brazil
Corinthians,2024-08-04,1894.24,Brazil
Corinthians,2024-08-08,1881.8,Brazil
Corinthians,2024-08-11,1876.89,Brazil
Corinthians,2024-08-14,1894.74,Brazil
Corinthians,2024-08-18,1914.94,Brazil
Corinthians,2024-08-21,1904.59,Brazil
Corinthians,2024-08-25,1898.29,Brazil
Corinthians,2024-08-30,1893.46,Brazil
Corinthians,2024-09-01,1898.72,Brazil
Corinthians,2024-09-12,1918.51,Brazil
Corinthians,2024-09-15,1913.38,Brazil
Corinthians,2024-09-18,1918.8,Brazil
Corinthians,2024-09-21,1931.44,Brazil
Corinthians,2024-09-25,1924.85,Brazil
Corinthians,2024-09-29,1939.34,Brazil
Corinthians,2024-10-03,1918.35,Brazil
Corinthians,2024-10-06,1926.45,Brazil
Corinthians,2024-10-18,1931.44,Brazil
Corinthians,2024-10-20,1922.81,Brazil
Corinthians,2024-10-25,1921.64,Brazil
Corinthians,2024-10-28,1931.36,Brazil
Corinthians,2024-11-01,1916.2,Brazil
Corinthians,2024-11-05,1921.01,Brazil
Corinthians,2024-11-09,1945.31,Brazil
Corinthians,2024-11-20,1966.83,Brazil
Corinthians,2024-11-24,1966.2,Brazil
Corinthians,2024-11-30,1986.35,Brazil
Corinthians,2024-12-04,1995.71,Brazil
Corinthians,2024-12-08,1999.35,Brazil
Corinthians,2025-01-16,1985.7,Brazil
Corinthians,2025-01-19,1972.84,Brazil
Corinthians,2025-01-22,1980.05,Brazil
Corinthians,2025-01-26,1987.54,Brazil
Corinthians,2025-01-30,1951.99,Brazil
Corinthians,2025-02-01,1943.94,Brazil
Corinthians,2025-02-04,1941.75,Brazil
Corinthians,2025-02-07,1966.22,Brazil
Corinthians,2025-02-10,1950.06,Brazil
Corinthians,2025-02-13,1955.97,Brazil
Corinthians,2025-02-15,1927.18,Brazil
Corinthians,2025-02-20,1946.87,Brazil
Corinthians,2025-02-23,1919.41,Brazil
Corinthians,2025-02-27,1956.63,Brazil
Corinthians,2025-03-02,1956.01,Brazil
Corinthians,2025-03-06,1962.09,Brazil
Corinthians,2025-03-09,1956.17,Brazil
Corinthians,2025-03-13,1965.9,Brazil
Corinthians,2025-03-16,1963.29,Brazil
Corinthians,2025-03-28,1963.66,Brazil
Corinthians,2025-03-31,1952.42,Brazil
Corinthians,2025-04-03,1955.22,Brazil
Corinthians,2025-04-05,1963.95,Brazil
Corinthians,2025-04-09,1941.74,Brazil
Corinthians,2025-04-12,1964.36,Brazil
Corinthians,2025-04-17,1934.51,Brazil
Corinthians,2025-04-19,1938.45,Brazil
Corinthians,2025-04-25,1922.01,Brazil
Corinthians,2025-04-27,1926.14,Brazil
Corinthians,2025-05-01,1937.34,Brazil
Corinthians,2025-05-03,1950.55,Brazil
Corinthians,2025-05-07,1925.7,Brazil
Corinthians,2025-05-10,1918.93,Brazil
Corinthians,2025-05-16,1902.4,Brazil
Corinthians,2025-05-18,1912.8,Brazil
Corinthians,2025-05-22,1936.89,Brazil
Corinthians,2025-05-25,1923.59,Brazil
Corinthians,2025-05-28,1947.47,Brazil
Corinthians,2025-06-01,1948.03,Brazil
Corinthians,2025-06-13,1951.19,Brazil
Corinthians,2025-07-14,1954.38,Brazil
Corinthians,2025-07-17,1944.47,Brazil
Corinthians,2025-07-20,1951.27,Brazil
Corinthians,2025-07-24,1924.42,Brazil
Corinthians,2025-07-26,1919.62,Brazil
Corinthians,2025-07-31,1934.12,Brazil
Corinthians,2025-08-03,1912.01,Brazil
Corinthians,2025-08-07,1915.04,Brazil
Corinthians,2025-08-12,1916.88,Brazil
Corinthians,2025-08-17,1916.97,Brazil
Corinthians,2025-08-24,1911.55,Brazil
Corinthians,2025-08-28,1916.55,Brazil
Corinthians,2025-08-31,1910.83,Brazil
Corinthians,2025-09-11,1922.78,Brazil
Corinthians,2025-09-14,1958.34,Brazil
Corinthians,2025-09-21,1949.51,Brazil
Corinthians,2025-09-29,1919.37,Brazil
Corinthians,2025-10-02,1904.38,Brazil
Corinthians,2025-10-05,1927.56,Brazil
Corinthians,2025-10-16,1923.33,Brazil
Corinthians,2025-10-18,1936.17,Brazil
Corinthians,2025-10-25,1934.3,Brazil
Corinthians,2025-11-02,1922.9,Brazil
Corinthians,2025-11-05,1935.83,Brazil
Corinthians,2025-11-09,1937.9,Brazil
Corinthians,2025-11-20,1929.46,Brazil
Corinthians,2025-11-24,1926.48,Brazil
Corinthians,2025-11-30,1935.78,Brazil
Corinthians,2025-12-03,1903.14,Brazil
Corinthians,2025-12-07,1890.36,Brazil
Corinthians,2025-12-11,1895.99,Brazil
Corinthians,2025-12-14,1859.0,Brazil
Corinthians,2025-12-18,1889.1,Brazil
Corinthians,2025-12-21,1885.6,Brazil
Corinthians,2026-01-11,1894.2,Brazil
Corinthians,2026-01-15,1907.53,Brazil
Corinthians,2026-01-18,1932.84,Brazil
Corinthians,2026-01-22,1954.59,Brazil
Corinthians,2026-01-26,1949.03,Brazil
Corinthians,2026-01-29,1935.46,Brazil
Corinthians,2026-02-06,1900.09,Brazil
Corinthians,2026-02-09,1906.19,Brazil
Corinthians,2026-02-13,1921.38,Brazil
Corinthians,2026-02-16,1931.38,Brazil
Corinthians,2026-02-19,1933.64,Brazil
Corinthians,2026-02-23,1950.48,Brazil
Corinthians,2026-02-26,1921.29,Brazil
Corinthians,2026-03-01,1951.97,Brazil
Corinthians,2026-03-12,1968.07,Brazil
Corinthians,2026-03-15,1969.79,Brazil
Corinthians,2026-03-20,1945.52,Brazil
Corinthians,2026-03-23,1956.84,Brazil
Corinthians,2026-04-02,1948.74,Brazil
Corinthians,2026-04-06,1945.64,Brazil
Corinthians,2026-04-10,1939.22,Brazil
Corinthians,2026-04-12,1935.7,Brazil
Corinthians,2026-04-16,1943.97,Brazil
Corinthians,2026-04-19,1938.19,Brazil
Corinthians,2026-04-22,1960.91,Brazil
Corinthians,2026-04-26,1939.38,Brazil
Corinthians,2026-05-01,1951.74,Brazil
Corinthians,2026-05-04,1964.97,Brazil
Corinthians,2026-05-07,1950.2,Brazil
Corinthians,2026-05-10,1925.89,Brazil
Corinthians,2026-05-15,1942.02,Brazil
Corinthians,2026-05-17,1937.03,Brazil
Corinthians,2026-05-22,1902.3,Brazil
Corinthians,2026-05-24,1892.52,Brazil
Corinthians,2026-05-28,1893.85,Brazil
Corinthians,2026-05-30,1919.6,Brazil
Corinthians,2026-07-24,1924.39,Brazil
Corinthians,2026-07-26,1920.17,Brazil
Coritiba,2023-07-25,1811.05,Brazil
Coritiba,2023-07-30,1802.68,Brazil
Coritiba,2023-08-06,1800.43,Brazil
Coritiba,2023-08-13,1802.68,Brazil
Coritiba,2023-08-20,1793.14,Brazil
Coritiba,2023-08-27,1790.41,Brazil
Coritiba,2023-09-15,1786.68,Brazil
Coritiba,2023-09-22,1764.59,Brazil
Coritiba,2023-09-28,1759.68,Brazil
Coritiba,2023-10-01,1738.56,Brazil
Coritiba,2023-10-08,1738.19,Brazil
Coritiba,2023-10-19,1735.03,Brazil
Coritiba,2023-10-22,1725.55,Brazil
Coritiba,2023-10-27,1728.32,Brazil
Coritiba,2023-10-29,1726.62,Brazil
Coritiba,2023-11-02,1722.84,Brazil
Coritiba,2023-11-05,1723.44,Brazil
Coritiba,2023-11-08,1716.26,Brazil
Coritiba,2023-11-11,1720.8,Brazil
Coritiba,2023-11-26,1718.05,Brazil
Coritiba,2023-11-30,1704.03,Brazil
Coritiba,2023-12-03,1695.32,Brazil
Coritiba,2023-12-07,1696.47,Brazil
Coritiba,2024-01-19,1722.81,Brazil
Coritiba,2024-01-23,1740.54,Brazil
Coritiba,2024-01-26,1742.48,Brazil
Coritiba,2024-01-28,1734.43,Brazil
Coritiba,2024-02-02,1741.26,Brazil
Coritiba,2024-02-04,1729.12,Brazil
Coritiba,2024-02-08,1749.65,Brazil
Coritiba,2024-02-10,1745.84,Brazil
Coritiba,2024-02-15,1744.59,Brazil
Coritiba,2024-02-18,1726.95,Brazil
Coritiba,2024-02-23,1754.8,Brazil
Coritiba,2024-02-25,1742.65,Brazil
Coritiba,2024-03-03,1745.49,Brazil
Coritiba,2024-03-09,1764.06,Brazil
Coritiba,2024-03-17,1784.68,Brazil
Coritiba,2024-03-24,1805.51,Brazil
Coritiba,2024-04-21,1804.96,Brazil
Coritiba,2024-04-28,1815.25,Brazil
Coritiba,2024-05-04,1805.42,Brazil
Coritiba,2024-05-12,1807.08,Brazil
Coritiba,2024-05-15,1823.4,Brazil
Coritiba,2024-05-18,1843.52,Brazil
Coritiba,2024-05-28,1839.21,Brazil
Coritiba,2024-06-01,1834.77,Brazil
Coritiba,2024-06-08,1833.22,Brazil
Coritiba,2024-06-16,1827.78,Brazil
Coritiba,2024-06-20,1832.04,Brazil
Coritiba,2024-06-26,1823.18,Brazil
Coritiba,2024-06-29,1823.31,Brazil
Coritiba,2024-07-07,1814.31,Brazil
Coritiba,2024-07-13,1809.89,Brazil
Coritiba,2024-07-20,1826.19,Brazil
Coritiba,2024-07-23,1823.6,Brazil
Coritiba,2024-07-27,1808.03,Brazil
Coritiba,2024-08-03,1808.2,Brazil
Coritiba,2024-08-11,1807.62,Brazil
Coritiba,2024-08-18,1805.96,Brazil
Coritiba,2024-08-23,1807.81,Brazil
Coritiba,2024-08-28,1826.82,Brazil
Coritiba,2024-09-04,1824.6,Brazil
Coritiba,2024-09-08,1810.93,Brazil
Coritiba,2024-09-15,1820.84,Brazil
Coritiba,2024-09-19,1821.48,Brazil
Coritiba,2024-09-21,1794.24,Brazil
Coritiba,2024-09-28,1786.7,Brazil
Coritiba,2024-10-05,1786.89,Brazil
Coritiba,2024-10-13,1791.55,Brazil
Coritiba,2024-10-19,1806.67,Brazil
Coritiba,2024-10-24,1822.08,Brazil
Coritiba,2024-10-28,1807.24,Brazil
Coritiba,2024-11-06,1783.24,Brazil
Coritiba,2024-11-12,1790.49,Brazil
Coritiba,2024-11-17,1768.22,Brazil
Coritiba,2024-11-22,1762.13,Brazil
Coritiba,2025-01-12,1727.48,Brazil
Coritiba,2025-01-16,1716.98,Brazil
Coritiba,2025-01-19,1735.09,Brazil
Coritiba,2025-01-23,1687.41,Brazil
Coritiba,2025-01-25,1716.79,Brazil
Coritiba,2025-01-31,1695.12,Brazil
Coritiba,2025-02-02,1701.43,Brazil
Coritiba,2025-02-06,1720.01,Brazil
Coritiba,2025-02-08,1748.86,Brazil
Coritiba,2025-02-12,1746.92,Brazil
Coritiba,2025-02-15,1797.18,Brazil
Coritiba,2025-02-22,1804.85,Brazil
Coritiba,2025-02-27,1788.61,Brazil
Coritiba,2025-03-09,1827.83,Brazil
Coritiba,2025-04-05,1848.15,Brazil
Coritiba,2025-04-12,1837.2,Brazil
Coritiba,2025-04-17,1811.97,Brazil
Coritiba,2025-04-22,1816.03,Brazil
Coritiba,2025-04-26,1807.65,Brazil
Coritiba,2025-05-03,1828.08,Brazil
Coritiba,2025-05-10,1824.53,Brazil
Coritiba,2025-05-20,1840.32,Brazil
Coritiba,2025-05-27,1828.01,Brazil
Coritiba,2025-05-31,1819.95,Brazil
Coritiba,2025-06-05,1826.82,Brazil
Coritiba,2025-06-15,1825.36,Brazil
Coritiba,2025-06-22,1845.16,Brazil
Coritiba,2025-06-28,1857.45,Brazil
Coritiba,2025-07-05,1863.74,Brazil
Coritiba,2025-07-11,1855.81,Brazil
Coritiba,2025-07-19,1856.94,Brazil
Coritiba,2025-07-23,1853.74,Brazil
Coritiba,2025-07-27,1839.0,Brazil
Coritiba,2025-08-01,1839.09,Brazil
Coritiba,2025-08-09,1823.42,Brazil
Coritiba,2025-08-15,1820.07,Brazil
Coritiba,2025-08-23,1830.5,Brazil
Coritiba,2025-08-30,1842.04,Brazil
Coritiba,2025-09-06,1848.37,Brazil
Coritiba,2025-09-13,1859.32,Brazil
Coritiba,2025-09-21,1853.2,Brazil
Coritiba,2025-09-26,1864.61,Brazil
Coritiba,2025-09-30,1877.14,Brazil
Coritiba,2025-10-04,1876.49,Brazil
Coritiba,2025-10-10,1878.44,Brazil
Coritiba,2025-10-13,1883.45,Brazil
Coritiba,2025-10-19,1883.08,Brazil
Coritiba,2025-10-25,1883.98,Brazil
Coritiba,2025-10-31,1873.72,Brazil
Coritiba,2025-11-10,1916.24,Brazil
Coritiba,2025-11-15,1914.54,Brazil
Coritiba,2025-11-23,1894.09,Brazil
Coritiba,2026-01-08,1788.44,Brazil
Coritiba,2026-01-10,1736.58,Brazil
Coritiba,2026-01-14,1736.32,Brazil
Coritiba,2026-01-17,1718.73,Brazil
Coritiba,2026-01-22,1792.05,Brazil
Coritiba,2026-01-24,1762.74,Brazil
Coritiba,2026-01-28,1806.61,Brazil
Coritiba,2026-01-31,1790.76,Brazil
Coritiba,2026-02-06,1768.01,Brazil
Coritiba,2026-02-08,1767.08,Brazil
Coritiba,2026-02-11,1797.36,Brazil
Coritiba,2026-02-14,1819.1,Brazil
Coritiba,2026-02-21,1820.78,Brazil
Coritiba,2026-02-25,1852.64,Brazil
Coritiba,2026-03-12,1836.55,Brazil
Coritiba,2026-03-15,1850.35,Brazil
Coritiba,2026-03-19,1855.04,Brazil
Coritiba,2026-03-22,1861.51,Brazil
Coritiba,2026-04-02,1855.35,Brazil
Coritiba,2026-04-05,1864.53,Brazil
Coritiba,2026-04-12,1865.69,Brazil
Coritiba,2026-04-19,1865.61,Brazil
Coritiba,2026-04-23,1865.66,Brazil
Coritiba,2026-04-26,1869.24,Brazil
Coritiba,2026-05-02,1866.15,Brazil
Coritiba,2026-05-09,1865.21,Brazil
Coritiba,2026-05-14,1826.63,Brazil
Coritiba,2026-05-17,1795.81,Brazil
Coritiba,2026-05-26,1802.32,Brazil
Coritiba,2026-05-30,1804.03,Brazil
Coritiba,2026-07-23,1794.03,Brazil
Coritiba,2026-07-26,1814.78,Brazil
Criciuma EC,2023-07-22,1785.49,Brazil
Criciuma EC,2023-07-30,1774.16,Brazil
Criciuma EC,2023-08-03,1770.47,Brazil
Criciuma EC,2023-08-05,1772.72,Brazil
Criciuma EC,2023-08-12,1774.97,Brazil
Criciuma EC,2023-08-19,1776.09,Brazil
Criciuma EC,2023-08-23,1783.7,Brazil
Criciuma EC,2023-09-02,1787.15,Brazil
Criciuma EC,2023-09-10,1792.73,Brazil
Criciuma EC,2023-09-16,1777.89,Brazil
Criciuma EC,2023-09-23,1760.44,Brazil
Criciuma EC,2023-09-30,1761.01,Brazil
Criciuma EC,2023-10-08,1750.54,Brazil
Criciuma EC,2023-10-14,1754.86,Brazil
Criciuma EC,2023-10-21,1756.38,Brazil
Criciuma EC,2023-10-28,1772.6,Brazil
Criciuma EC,2023-11-08,1781.92,Brazil
Criciuma EC,2023-11-14,1795.4,Brazil
Criciuma EC,2023-11-18,1809.56,Brazil
Criciuma EC,2023-11-25,1782.12,Brazil
Criciuma EC,2024-01-20,1770.57,Brazil
Criciuma EC,2024-01-24,1814.97,Brazil
Criciuma EC,2024-01-28,1850.72,Brazil
Criciuma EC,2024-02-01,1866.18,Brazil
Criciuma EC,2024-02-03,1832.8,Brazil
Criciuma EC,2024-02-08,1825.07,Brazil
Criciuma EC,2024-02-12,1825.02,Brazil
Criciuma EC,2024-02-15,1839.14,Brazil
Criciuma EC,2024-02-18,1837.44,Brazil
Criciuma EC,2024-02-24,1841.38,Brazil
Criciuma EC,2024-02-29,1835.91,Brazil
Criciuma EC,2024-03-02,1812.81,Brazil
Criciuma EC,2024-03-09,1813.81,Brazil
Criciuma EC,2024-03-14,1855.51,Brazil
Criciuma EC,2024-03-17,1847.59,Brazil
Criciuma EC,2024-03-22,1821.34,Brazil
Criciuma EC,2024-03-24,1823.45,Brazil
Criciuma EC,2024-04-13,1807.13,Brazil
Criciuma EC,2024-04-18,1792.1,Brazil
Criciuma EC,2024-04-27,1757.54,Brazil
Criciuma EC,2024-05-01,1762.88,Brazil
Criciuma EC,2024-05-24,1771.5,Brazil
Criciuma EC,2024-06-02,1788.93,Brazil
Criciuma EC,2024-06-09,1797.62,Brazil
Criciuma EC,2024-06-14,1795.25,Brazil
Criciuma EC,2024-06-16,1778.0,Brazil
Criciuma EC,2024-06-20,1776.23,Brazil
Criciuma EC,2024-06-22,1803.34,Brazil
Criciuma EC,2024-06-28,1819.21,Brazil
Criciuma EC,2024-06-30,1820.84,Brazil
Criciuma EC,2024-07-04,1825.58,Brazil
Criciuma EC,2024-07-07,1843.75,Brazil
Criciuma EC,2024-07-12,1852.27,Brazil
Criciuma EC,2024-07-17,1833.45,Brazil
Criciuma EC,2024-07-20,1847.27,Brazil
Criciuma EC,2024-07-25,1836.91,Brazil
Criciuma EC,2024-07-28,1839.16,Brazil
Criciuma EC,2024-08-04,1823.64,Brazil
Criciuma EC,2024-08-10,1831.76,Brazil
Criciuma EC,2024-08-18,1842.99,Brazil
Criciuma EC,2024-08-25,1828.29,Brazil
Criciuma EC,2024-08-29,1851.85,Brazil
Criciuma EC,2024-08-31,1852.53,Brazil
Criciuma EC,2024-09-15,1837.76,Brazil
Criciuma EC,2024-09-23,1838.76,Brazil
Criciuma EC,2024-09-26,1854.97,Brazil
Criciuma EC,2024-09-29,1845.74,Brazil
Criciuma EC,2024-10-04,1851.75,Brazil
Criciuma EC,2024-10-19,1845.67,Brazil
Criciuma EC,2024-10-27,1841.79,Brazil
Criciuma EC,2024-11-06,1840.41,Brazil
Criciuma EC,2024-11-09,1844.43,Brazil
Criciuma EC,2024-11-20,1830.0,Brazil
Criciuma EC,2024-11-26,1817.82,Brazil
Criciuma EC,2024-11-30,1797.67,Brazil
Criciuma EC,2024-12-05,1825.47,Brazil
Criciuma EC,2024-12-08,1796.96,Brazil
Criciuma EC,2025-01-19,1765.09,Brazil
Criciuma EC,2025-01-23,1794.2,Brazil
Criciuma EC,2025-01-26,1798.17,Brazil
Criciuma EC,2025-01-30,1792.03,Brazil
Criciuma EC,2025-02-01,1780.01,Brazil
Criciuma EC,2025-02-06,1804.09,Brazil
Criciuma EC,2025-02-08,1807.64,Brazil
Criciuma EC,2025-02-13,1798.84,Brazil
Criciuma EC,2025-02-15,1792.13,Brazil
Criciuma EC,2025-02-20,1796.08,Brazil
Criciuma EC,2025-02-22,1809.88,Brazil
Criciuma EC,2025-02-26,1839.89,Brazil
Criciuma EC,2025-03-02,1834.11,Brazil
Criciuma EC,2025-03-11,1840.38,Brazil
Criciuma EC,2025-04-05,1843.41,Brazil
Criciuma EC,2025-04-11,1805.53,Brazil
Criciuma EC,2025-04-18,1819.72,Brazil
Criciuma EC,2025-04-22,1813.66,Brazil
Criciuma EC,2025-04-26,1827.21,Brazil
Criciuma EC,2025-05-01,1808.5,Brazil
Criciuma EC,2025-05-04,1817.05,Brazil
Criciuma EC,2025-05-11,1794.52,Brazil
Criciuma EC,2025-05-18,1777.55,Brazil
Criciuma EC,2025-05-23,1758.08,Brazil
Criciuma EC,2025-05-27,1770.38,Brazil
Criciuma EC,2025-06-03,1772.36,Brazil
Criciuma EC,2025-06-10,1763.88,Brazil
Criciuma EC,2025-06-16,1780.38,Brazil
Criciuma EC,2025-06-21,1786.38,Brazil
Criciuma EC,2025-06-28,1778.34,Brazil
Criciuma EC,2025-07-09,1767.32,Brazil
Criciuma EC,2025-07-13,1760.49,Brazil
Criciuma EC,2025-07-19,1764.34,Brazil
Criciuma EC,2025-07-25,1777.66,Brazil
Criciuma EC,2025-07-30,1796.04,Brazil
Criciuma EC,2025-08-02,1792.26,Brazil
Criciuma EC,2025-08-12,1791.22,Brazil
Criciuma EC,2025-08-19,1806.96,Brazil
Criciuma EC,2025-08-23,1820.51,Brazil
Criciuma EC,2025-08-29,1833.71,Brazil
Criciuma EC,2025-09-07,1824.26,Brazil
Criciuma EC,2025-09-13,1834.28,Brazil
Criciuma EC,2025-09-21,1828.55,Brazil
Criciuma EC,2025-09-26,1817.15,Brazil
Criciuma EC,2025-09-28,1842.42,Brazil
Criciuma EC,2025-10-03,1833.67,Brazil
Criciuma EC,2025-10-08,1829.78,Brazil
Criciuma EC,2025-10-12,1818.06,Brazil
Criciuma EC,2025-10-19,1825.56,Brazil
Criciuma EC,2025-10-26,1838.31,Brazil
Criciuma EC,2025-11-01,1844.67,Brazil
Criciuma EC,2025-11-09,1842.6,Brazil
Criciuma EC,2025-11-16,1844.76,Brazil
Criciuma EC,2025-11-23,1870.13,Brazil
Criciuma EC,2026-01-07,1835.48,Brazil
Criciuma EC,2026-01-11,1801.94,Brazil
Criciuma EC,2026-01-16,1800.47,Brazil
Criciuma EC,2026-01-19,1781.43,Brazil
Criciuma EC,2026-01-23,1783.13,Brazil
Criciuma EC,2026-01-25,1795.61,Brazil
Criciuma EC,2026-02-01,1793.87,Brazil
Criciuma EC,2026-02-08,1821.68,Brazil
Criciuma EC,2026-02-12,1807.16,Brazil
Criciuma EC,2026-02-22,1816.91,Brazil
Criciuma EC,2026-02-28,1814.01,Brazil
Criciuma EC,2026-03-05,1798.59,Brazil
Criciuma EC,2026-03-07,1790.47,Brazil
Criciuma EC,2026-03-22,1798.1,Brazil
Criciuma EC,2026-04-02,1810.7,Brazil
Criciuma EC,2026-04-07,1815.02,Brazil
Criciuma EC,2026-04-11,1819.95,Brazil
Criciuma EC,2026-04-20,1809.77,Brazil
Criciuma EC,2026-04-27,1801.3,Brazil
Criciuma EC,2026-05-02,1790.2,Brazil
Criciuma EC,2026-05-10,1823.63,Brazil
Criciuma EC,2026-05-17,1828.08,Brazil
Criciuma EC,2026-05-25,1823.49,Brazil
Criciuma EC,2026-05-30,1820.14,Brazil
Criciuma EC,2026-06-06,1831.61,Brazil
Criciuma EC,2026-06-16,1832.67,Brazil
Criciuma EC,2026-06-24,1832.48,Brazil
Criciuma EC,2026-06-27,1827.36,Brazil
Criciuma EC,2026-07-04,1823.09,Brazil
Criciuma EC,2026-07-09,1834.95,Brazil
Criciuma EC,2026-07-18,1846.27,Brazil
Criciuma EC,2026-07-22,1836.66,Brazil
Cruzeiro,2023-07-23,1919.93,Brazil
Cruzeiro,2023-07-29,1910.37,Brazil
Cruzeiro,2023-08-06,1901.94,Brazil
Cruzeiro,2023-08-15,1893.94,Brazil
Cruzeiro,2023-08-20,1906.7,Brazil
Cruzeiro,2023-08-28,1908.63,Brazil
Cruzeiro,2023-09-03,1902.6,Brazil
Cruzeiro,2023-09-15,1887.72,Brazil
Cruzeiro,2023-09-21,1898.25,Brazil
Cruzeiro,2023-10-01,1899.34,Brazil
Cruzeiro,2023-10-15,1903.18,Brazil
Cruzeiro,2023-10-20,1880.41,Brazil
Cruzeiro,2023-10-22,1862.15,Brazil
Cruzeiro,2023-10-26,1869.74,Brazil
Cruzeiro,2023-11-03,1886.81,Brazil
Cruzeiro,2023-11-05,1885.36,Brazil
Cruzeiro,2023-11-11,1880.81,Brazil
Cruzeiro,2023-11-18,1879.21,Brazil
Cruzeiro,2023-11-22,1884.32,Brazil
Cruzeiro,2023-11-28,1882.01,Brazil
Cruzeiro,2023-12-01,1904.4,Brazil
Cruzeiro,2023-12-03,1892.68,Brazil
Cruzeiro,2023-12-07,1875.05,Brazil
Cruzeiro,2024-01-24,1877.01,Brazil
Cruzeiro,2024-01-27,1872.56,Brazil
Cruzeiro,2024-02-03,1879.09,Brazil
Cruzeiro,2024-02-09,1883.5,Brazil
Cruzeiro,2024-02-16,1889.45,Brazil
Cruzeiro,2024-02-18,1897.95,Brazil
Cruzeiro,2024-02-21,1915.49,Brazil
Cruzeiro,2024-02-25,1919.83,Brazil
Cruzeiro,2024-03-02,1910.13,Brazil
Cruzeiro,2024-03-10,1917.03,Brazil
Cruzeiro,2024-03-16,1938.65,Brazil
Cruzeiro,2024-03-30,1926.08,Brazil
Cruzeiro,2024-04-05,1848.13,Brazil
Cruzeiro,2024-04-12,1857.99,Brazil
Cruzeiro,2024-04-14,1815.22,Brazil
Cruzeiro,2024-04-18,1845.8,Brazil
Cruzeiro,2024-04-21,1873.9,Brazil
Cruzeiro,2024-04-24,1848.16,Brazil
Cruzeiro,2024-04-28,1880.75,Brazil
Cruzeiro,2024-05-08,1897.03,Brazil
Cruzeiro,2024-05-12,1908.66,Brazil
Cruzeiro,2024-05-17,1914.3,Brazil
Cruzeiro,2024-05-31,1937.59,Brazil
Cruzeiro,2024-06-02,1942.28,Brazil
Cruzeiro,2024-06-14,1943.67,Brazil
Cruzeiro,2024-06-16,1942.53,Brazil
Cruzeiro,2024-06-20,1945.14,Brazil
Cruzeiro,2024-06-23,1945.76,Brazil
Cruzeiro,2024-06-27,1934.03,Brazil
Cruzeiro,2024-06-30,1935.91,Brazil
Cruzeiro,2024-07-04,1931.17,Brazil
Cruzeiro,2024-07-07,1945.58,Brazil
Cruzeiro,2024-07-10,1956.04,Brazil
Cruzeiro,2024-07-13,1954.99,Brazil
Cruzeiro,2024-07-21,1949.49,Brazil
Cruzeiro,2024-07-25,1959.88,Brazil
Cruzeiro,2024-07-28,1970.93,Brazil
Cruzeiro,2024-08-06,1999.64,Brazil
Cruzeiro,2024-08-11,2009.07,Brazil
Cruzeiro,2024-08-16,1978.91,Brazil
Cruzeiro,2024-08-20,1948.52,Brazil
Cruzeiro,2024-08-23,1926.7,Brazil
Cruzeiro,2024-08-26,1922.57,Brazil
Cruzeiro,2024-08-29,1914.01,Brazil
Cruzeiro,2024-09-01,1934.18,Brazil
Cruzeiro,2024-09-15,1950.73,Brazil
Cruzeiro,2024-09-20,1940.61,Brazil
Cruzeiro,2024-09-22,1950.08,Brazil
Cruzeiro,2024-09-27,1950.11,Brazil
Cruzeiro,2024-09-29,1940.48,Brazil
Cruzeiro,2024-10-04,1939.45,Brazil
Cruzeiro,2024-10-19,1948.17,Brazil
Cruzeiro,2024-10-24,1929.37,Brazil
Cruzeiro,2024-10-26,1929.57,Brazil
Cruzeiro,2024-10-30,1927.63,Brazil
Cruzeiro,2024-11-07,1913.03,Brazil
Cruzeiro,2024-11-09,1909.01,Brazil
Cruzeiro,2024-11-20,1887.49,Brazil
Cruzeiro,2024-11-23,1885.13,Brazil
Cruzeiro,2024-11-28,1883.29,Brazil
Cruzeiro,2024-12-01,1892.18,Brazil
Cruzeiro,2024-12-05,1899.28,Brazil
Cruzeiro,2024-12-08,1906.21,Brazil
Cruzeiro,2025-01-20,1856.24,Brazil
Cruzeiro,2025-01-22,1892.57,Brazil
Cruzeiro,2025-01-25,1896.23,Brazil
Cruzeiro,2025-01-30,1905.87,Brazil
Cruzeiro,2025-02-02,1917.28,Brazil
Cruzeiro,2025-02-06,1942.2,Brazil
Cruzeiro,2025-02-09,1936.68,Brazil
Cruzeiro,2025-02-12,1918.67,Brazil
Cruzeiro,2025-02-16,1930.21,Brazil
Cruzeiro,2025-02-22,1934.57,Brazil
Cruzeiro,2025-03-29,1954.09,Brazil
Cruzeiro,2025-04-02,1929.52,Brazil
Cruzeiro,2025-04-06,1918.89,Brazil
Cruzeiro,2025-04-10,1923.89,Brazil
Cruzeiro,2025-04-13,1923.3,Brazil
Cruzeiro,2025-04-18,1917.28,Brazil
Cruzeiro,2025-04-21,1906.61,Brazil
Cruzeiro,2025-04-25,1877.73,Brazil
Cruzeiro,2025-04-27,1864.8,Brazil
Cruzeiro,2025-05-02,1880.65,Brazil
Cruzeiro,2025-05-04,1891.28,Brazil
Cruzeiro,2025-05-08,1861.4,Brazil
Cruzeiro,2025-05-11,1900.22,Brazil
Cruzeiro,2025-05-15,1807.84,Brazil
Cruzeiro,2025-05-19,1836.59,Brazil
Cruzeiro,2025-05-23,1852.25,Brazil
Cruzeiro,2025-05-26,1873.82,Brazil
Cruzeiro,2025-05-29,1882.68,Brazil
Cruzeiro,2025-06-02,1909.16,Brazil
Cruzeiro,2025-06-13,1935.24,Brazil
Cruzeiro,2025-07-14,1963.28,Brazil
Cruzeiro,2025-07-18,1956.82,Brazil
Cruzeiro,2025-07-20,1970.44,Brazil
Cruzeiro,2025-07-24,1997.29,Brazil
Cruzeiro,2025-07-27,2014.89,Brazil
Cruzeiro,2025-07-31,2032.08,Brazil
Cruzeiro,2025-08-03,2038.5,Brazil
Cruzeiro,2025-08-08,2054.12,Brazil
Cruzeiro,2025-08-10,2058.33,Brazil
Cruzeiro,2025-08-19,2048.43,Brazil
Cruzeiro,2025-08-23,2050.51,Brazil
Cruzeiro,2025-08-28,2053.01,Brazil
Cruzeiro,2025-08-31,2024.98,Brazil
Cruzeiro,2025-09-12,2004.06,Brazil
Cruzeiro,2025-09-16,1997.43,Brazil
Cruzeiro,2025-09-22,2022.1,Brazil
Cruzeiro,2025-09-27,2009.86,Brazil
Cruzeiro,2025-10-03,2004.9,Brazil
Cruzeiro,2025-10-06,1981.4,Brazil
Cruzeiro,2025-10-16,1998.39,Brazil
Cruzeiro,2025-10-19,2000.63,Brazil
Cruzeiro,2025-10-27,1988.22,Brazil
Cruzeiro,2025-11-01,1994.72,Brazil
Cruzeiro,2025-11-06,1985.56,Brazil
Cruzeiro,2025-11-09,2006.87,Brazil
Cruzeiro,2025-11-20,1999.95,Brazil
Cruzeiro,2025-11-24,2002.93,Brazil
Cruzeiro,2025-11-30,1995.34,Brazil
Cruzeiro,2025-12-04,1996.94,Brazil
Cruzeiro,2025-12-07,1939.26,Brazil
Cruzeiro,2025-12-11,1933.62,Brazil
Cruzeiro,2025-12-14,1970.61,Brazil
Cruzeiro,2026-01-10,1893.67,Brazil
Cruzeiro,2026-01-15,1860.78,Brazil
Cruzeiro,2026-01-17,1892.96,Brazil
Cruzeiro,2026-01-22,1882.36,Brazil
Cruzeiro,2026-01-25,1927.24,Brazil
Cruzeiro,2026-01-30,1935.88,Brazil
Cruzeiro,2026-02-02,1958.09,Brazil
Cruzeiro,2026-02-06,1980.84,Brazil
Cruzeiro,2026-02-08,1993.33,Brazil
Cruzeiro,2026-02-11,1980.78,Brazil
Cruzeiro,2026-02-14,1970.47,Brazil
Cruzeiro,2026-02-21,1982.29,Brazil
Cruzeiro,2026-02-26,2011.48,Brazil
Cruzeiro,2026-02-28,2010.54,Brazil
Cruzeiro,2026-03-08,1984.09,Brazil
Cruzeiro,2026-03-12,1974.95,Brazil
Cruzeiro,2026-03-16,1978.15,Brazil
Cruzeiro,2026-03-18,1952.73,Brazil
Cruzeiro,2026-03-22,1949.33,Brazil
Cruzeiro,2026-04-02,1958.38,Brazil
Cruzeiro,2026-04-04,1966.49,Brazil
Cruzeiro,2026-04-08,1957.8,Brazil
Cruzeiro,2026-04-12,1931.17,Brazil
Cruzeiro,2026-04-16,1938.9,Brazil
Cruzeiro,2026-04-19,1939.13,Brazil
Cruzeiro,2026-04-23,1957.07,Brazil
Cruzeiro,2026-04-25,1942.45,Brazil
Cruzeiro,2026-04-29,1916.6,Brazil
Cruzeiro,2026-05-03,1895.93,Brazil
Cruzeiro,2026-05-07,1876.07,Brazil
Cruzeiro,2026-05-10,1880.12,Brazil
Cruzeiro,2026-05-13,1910.24,Brazil
Cruzeiro,2026-05-17,1936.49,Brazil
Cruzeiro,2026-05-20,1926.04,Brazil
Cruzeiro,2026-05-24,1938.24,Brazil
Cruzeiro,2026-05-29,1962.58,Brazil
Cruzeiro,2026-06-01,1947.05,Brazil
Cruzeiro,2026-07-23,1948.8,Brazil
Cruzeiro,2026-07-26,1934.13,Brazil
Cuiaba,2023-07-22,1857.29,Brazil
Cuiaba,2023-07-29,1850.34,Brazil
Cuiaba,2023-08-07,1865.32,Brazil
Cuiaba,2023-08-16,1881.78,Brazil
Cuiaba,2023-08-19,1877.12,Brazil
Cuiaba,2023-08-27,1867.09,Brazil
Cuiaba,2023-09-03,1855.45,Brazil
Cuiaba,2023-09-16,1853.22,Brazil
Cuiaba,2023-09-24,1831.58,Brazil
Cuiaba,2023-09-30,1857.61,Brazil
Cuiaba,2023-10-15,1853.76,Brazil
Cuiaba,2023-10-19,1856.92,Brazil
Cuiaba,2023-10-21,1835.76,Brazil
Cuiaba,2023-10-26,1812.58,Brazil
Cuiaba,2023-10-30,1812.43,Brazil
Cuiaba,2023-11-02,1807.06,Brazil
Cuiaba,2023-11-07,1798.94,Brazil
Cuiaba,2023-11-10,1829.84,Brazil
Cuiaba,2023-11-12,1841.2,Brazil
Cuiaba,2023-11-26,1822.28,Brazil
Cuiaba,2023-11-30,1811.98,Brazil
Cuiaba,2023-12-03,1799.84,Brazil
Cuiaba,2023-12-07,1812.35,Brazil
Cuiaba,2024-01-20,1812.35,Brazil
Cuiaba,2024-01-24,1920.64,Brazil
Cuiaba,2024-01-27,1982.92,Brazil
Cuiaba,2024-02-02,1953.29,Brazil
Cuiaba,2024-02-04,1941.01,Brazil
Cuiaba,2024-02-09,1907.5,Brazil
Cuiaba,2024-02-16,1889.47,Brazil
Cuiaba,2024-02-18,1876.95,Brazil
Cuiaba,2024-02-22,1861.8,Brazil
Cuiaba,2024-02-24,1850.75,Brazil
Cuiaba,2024-03-07,1890.2,Brazil
Cuiaba,2024-03-13,1903.1,Brazil
Cuiaba,2024-03-17,1894.95,Brazil
Cuiaba,2024-03-21,1963.78,Brazil
Cuiaba,2024-03-24,1944.15,Brazil
Cuiaba,2024-03-28,1980.99,Brazil
Cuiaba,2024-04-04,1952.28,Brazil
Cuiaba,2024-04-12,1896.43,Brazil
Cuiaba,2024-04-14,1873.49,Brazil
Cuiaba,2024-04-20,1834.05,Brazil
Cuiaba,2024-04-24,1803.32,Brazil
Cuiaba,2024-04-27,1798.45,Brazil
Cuiaba,2024-05-03,1837.12,Brazil
Cuiaba,2024-05-05,1801.28,Brazil
Cuiaba,2024-05-09,1814.51,Brazil
Cuiaba,2024-05-12,1812.9,Brazil
Cuiaba,2024-05-16,1824.97,Brazil
Cuiaba,2024-05-24,1835.84,Brazil
Cuiaba,2024-05-30,1844.9,Brazil
Cuiaba,2024-06-01,1823.48,Brazil
Cuiaba,2024-06-06,1805.41,Brazil
Cuiaba,2024-06-09,1796.74,Brazil
Cuiaba,2024-06-14,1795.34,Brazil
Cuiaba,2024-06-16,1796.11,Brazil
Cuiaba,2024-06-20,1799.27,Brazil
Cuiaba,2024-06-22,1809.51,Brazil
Cuiaba,2024-06-27,1827.94,Brazil
Cuiaba,2024-06-29,1846.82,Brazil
Cuiaba,2024-07-04,1851.79,Brazil
Cuiaba,2024-07-07,1851.01,Brazil
Cuiaba,2024-07-13,1845.24,Brazil
Cuiaba,2024-07-19,1830.15,Brazil
Cuiaba,2024-07-22,1811.92,Brazil
Cuiaba,2024-07-26,1803.84,Brazil
Cuiaba,2024-07-29,1809.41,Brazil
Cuiaba,2024-08-03,1837.47,Brazil
Cuiaba,2024-08-11,1856.41,Brazil
Cuiaba,2024-08-17,1870.93,Brazil
Cuiaba,2024-08-24,1870.66,Brazil
Cuiaba,2024-08-31,1869.98,Brazil
Cuiaba,2024-09-06,1856.38,Brazil
Cuiaba,2024-09-17,1814.58,Brazil
Cuiaba,2024-09-22,1805.11,Brazil
Cuiaba,2024-09-29,1813.87,Brazil
Cuiaba,2024-10-06,1799.76,Brazil
Cuiaba,2024-10-19,1794.57,Brazil
Cuiaba,2024-10-25,1777.97,Brazil
Cuiaba,2024-10-28,1768.26,Brazil
Cuiaba,2024-11-02,1763.06,Brazil
Cuiaba,2024-11-09,1759.32,Brazil
Cuiaba,2024-11-20,1755.55,Brazil
Cuiaba,2024-11-23,1745.46,Brazil
Cuiaba,2024-11-30,1737.15,Brazil
Cuiaba,2024-12-06,1726.53,Brazil
Cuiaba,2024-12-08,1712.05,Brazil
Cuiaba,2025-01-12,1637.53,Brazil
Cuiaba,2025-01-18,1546.1,Brazil
Cuiaba,2025-01-30,1629.61,Brazil
Cuiaba,2025-02-02,1668.48,Brazil
Cuiaba,2025-02-08,1696.98,Brazil
Cuiaba,2025-02-15,1778.04,Brazil
Cuiaba,2025-02-20,1789.82,Brazil
Cuiaba,2025-02-22,1817.2,Brazil
Cuiaba,2025-03-08,1827.22,Brazil
Cuiaba,2025-03-15,1821.97,Brazil
Cuiaba,2025-03-22,1832.01,Brazil
Cuiaba,2025-03-29,1854.18,Brazil
Cuiaba,2025-04-07,1843.09,Brazil
Cuiaba,2025-04-11,1825.24,Brazil
Cuiaba,2025-04-16,1818.67,Brazil
Cuiaba,2025-04-23,1812.44,Brazil
Cuiaba,2025-04-28,1822.84,Brazil
Cuiaba,2025-05-07,1812.65,Brazil
Cuiaba,2025-05-11,1811.56,Brazil
Cuiaba,2025-05-17,1819.59,Brazil
Cuiaba,2025-05-27,1802.98,Brazil
Cuiaba,2025-06-01,1797.08,Brazil
Cuiaba,2025-06-07,1815.26,Brazil
Cuiaba,2025-06-15,1825.09,Brazil
Cuiaba,2025-06-22,1805.28,Brazil
Cuiaba,2025-07-01,1811.16,Brazil
Cuiaba,2025-07-05,1796.86,Brazil
Cuiaba,2025-07-16,1789.84,Brazil
Cuiaba,2025-07-19,1789.95,Brazil
Cuiaba,2025-07-24,1784.7,Brazil
Cuiaba,2025-07-30,1766.32,Brazil
Cuiaba,2025-08-05,1764.03,Brazil
Cuiaba,2025-08-10,1778.18,Brazil
Cuiaba,2025-08-17,1798.08,Brazil
Cuiaba,2025-08-25,1789.89,Brazil
Cuiaba,2025-09-02,1786.24,Brazil
Cuiaba,2025-09-09,1794.81,Brazil
Cuiaba,2025-09-14,1795.25,Brazil
Cuiaba,2025-09-22,1804.24,Brazil
Cuiaba,2025-09-25,1796.76,Brazil
Cuiaba,2025-09-29,1807.88,Brazil
Cuiaba,2025-10-03,1815.95,Brazil
Cuiaba,2025-10-09,1820.09,Brazil
Cuiaba,2025-10-13,1815.08,Brazil
Cuiaba,2025-10-19,1814.35,Brazil
Cuiaba,2025-10-25,1807.42,Brazil
Cuiaba,2025-11-02,1814.76,Brazil
Cuiaba,2025-11-08,1801.74,Brazil
Cuiaba,2025-11-16,1810.62,Brazil
Cuiaba,2025-11-23,1785.26,Brazil
Cuiaba,2026-01-10,1788.69,Brazil
Cuiaba,2026-01-15,1804.36,Brazil
Cuiaba,2026-01-18,1808.95,Brazil
Cuiaba,2026-01-22,1812.28,Brazil
Cuiaba,2026-01-24,1794.66,Brazil
Cuiaba,2026-01-28,1792.26,Brazil
Cuiaba,2026-01-31,1793.57,Brazil
Cuiaba,2026-02-08,1814.67,Brazil
Cuiaba,2026-02-13,1801.15,Brazil
Cuiaba,2026-03-05,1795.67,Brazil
Cuiaba,2026-03-22,1778.71,Brazil
Cuiaba,2026-03-26,1667.21,Brazil
Cuiaba,2026-03-28,1585.98,Brazil
Cuiaba,2026-04-01,1623.3,Brazil
Cuiaba,2026-04-04,1683.6,Brazil
Cuiaba,2026-04-08,1598.22,Brazil
Cuiaba,2026-04-12,1673.78,Brazil
Cuiaba,2026-04-19,1699.24,Brazil
Cuiaba,2026-04-23,1733.72,Brazil
Cuiaba,2026-04-30,1615.3,Brazil
Cuiaba,2026-05-02,1626.39,Brazil
Cuiaba,2026-05-09,1701.49,Brazil
Cuiaba,2026-05-17,1699.15,Brazil
Cuiaba,2026-05-23,1722.43,Brazil
Cuiaba,2026-06-01,1722.59,Brazil
Cuiaba,2026-06-10,1752.86,Brazil
Cuiaba,2026-06-14,1750.1,Brazil
Cuiaba,2026-06-21,1777.99,Brazil
Cuiaba,2026-06-26,1779.99,Brazil
Cuiaba,2026-07-03,1777.42,Brazil
Cuiaba,2026-07-12,1779.79,Brazil
Cuiaba,2026-07-18,1780.49,Brazil
Cuiaba,2026-07-24,1785.58,Brazil
EC Bahia,2023-07-22,1842.11,Brazil
EC Bahia,2023-07-30,1841.01,Brazil
EC Bahia,2023-08-06,1820.68,Brazil
EC Bahia,2023-08-13,1826.27,Brazil
EC Bahia,2023-08-20,1856.01,Brazil
EC Bahia,2023-08-27,1860.11,Brazil
EC Bahia,2023-09-03,1851.98,Brazil
EC Bahia,2023-09-15,1855.71,Brazil
EC Bahia,2023-09-19,1870.42,Brazil
EC Bahia,2023-09-30,1854.92,Brazil
EC Bahia,2023-10-07,1859.86,Brazil
EC Bahia,2023-10-19,1855.88,Brazil
EC Bahia,2023-10-21,1859.87,Brazil
EC Bahia,2023-10-26,1852.28,Brazil
EC Bahia,2023-10-29,1838.54,Brazil
EC Bahia,2023-10-31,1892.82,Brazil
EC Bahia,2023-11-04,1890.55,Brazil
EC Bahia,2023-11-10,1859.65,Brazil
EC Bahia,2023-11-12,1844.28,Brazil
EC Bahia,2023-11-25,1858.95,Brazil
EC Bahia,2023-11-30,1860.94,Brazil
EC Bahia,2023-12-03,1882.72,Brazil
EC Bahia,2023-12-07,1863.54,Brazil
EC Bahia,2024-01-18,1798.54,Brazil
EC Bahia,2024-01-21,1748.49,Brazil
EC Bahia,2024-01-24,1795.76,Brazil
EC Bahia,2024-01-27,1839.76,Brazil
EC Bahia,2024-01-31,1888.27,Brazil
EC Bahia,2024-02-04,1912.91,Brazil
EC Bahia,2024-02-08,1897.12,Brazil
EC Bahia,2024-02-10,1960.45,Brazil
EC Bahia,2024-02-16,1970.68,Brazil
EC Bahia,2024-02-18,1971.04,Brazil
EC Bahia,2024-02-22,1963.4,Brazil
EC Bahia,2024-02-25,1958.7,Brazil
EC Bahia,2024-02-29,1951.04,Brazil
EC Bahia,2024-03-03,1919.24,Brazil
EC Bahia,2024-03-07,1936.11,Brazil
EC Bahia,2024-03-09,1919.45,Brazil
EC Bahia,2024-03-13,1925.66,Brazil
EC Bahia,2024-03-16,1917.09,Brazil
EC Bahia,2024-03-21,1922.38,Brazil
EC Bahia,2024-03-24,1957.44,Brazil
EC Bahia,2024-03-28,1842.0,Brazil
EC Bahia,2024-04-13,1894.01,Brazil
EC Bahia,2024-04-17,1881.04,Brazil
EC Bahia,2024-04-21,1915.11,Brazil
EC Bahia,2024-04-28,1911.65,Brazil
EC Bahia,2024-05-01,1906.31,Brazil
EC Bahia,2024-05-05,1911.48,Brazil
EC Bahia,2024-05-12,1939.38,Brazil
EC Bahia,2024-05-24,1930.76,Brazil
EC Bahia,2024-05-26,1931.53,Brazil
EC Bahia,2024-06-02,1941.2,Brazil
EC Bahia,2024-06-14,1934.53,Brazil
EC Bahia,2024-06-16,1951.78,Brazil
EC Bahia,2024-06-21,1955.11,Brazil
EC Bahia,2024-06-23,1954.51,Brazil
EC Bahia,2024-06-27,1952.95,Brazil
EC Bahia,2024-06-30,1944.76,Brazil
EC Bahia,2024-07-05,1945.92,Brazil
EC Bahia,2024-07-07,1954.65,Brazil
EC Bahia,2024-07-11,1976.47,Brazil
EC Bahia,2024-07-13,1982.24,Brazil
EC Bahia,2024-07-21,1976.55,Brazil
EC Bahia,2024-07-25,1969.12,Brazil
EC Bahia,2024-07-28,1969.57,Brazil
EC Bahia,2024-07-31,1947.33,Brazil
EC Bahia,2024-08-04,1928.14,Brazil
EC Bahia,2024-08-08,1916.68,Brazil
EC Bahia,2024-08-11,1917.74,Brazil
EC Bahia,2024-08-17,1952.76,Brazil
EC Bahia,2024-08-25,1955.54,Brazil
EC Bahia,2024-08-29,1932.31,Brazil
EC Bahia,2024-09-01,1908.04,Brazil
EC Bahia,2024-09-13,1944.71,Brazil
EC Bahia,2024-09-15,1957.4,Brazil
EC Bahia,2024-09-22,1959.03,Brazil
EC Bahia,2024-09-29,1968.26,Brazil
EC Bahia,2024-10-06,1952.71,Brazil
EC Bahia,2024-10-19,1943.99,Brazil
EC Bahia,2024-10-29,1939.36,Brazil
EC Bahia,2024-11-06,1958.58,Brazil
EC Bahia,2024-11-09,1940.29,Brazil
EC Bahia,2024-11-20,1942.26,Brazil
EC Bahia,2024-11-24,1918.5,Brazil
EC Bahia,2024-11-30,1926.81,Brazil
EC Bahia,2024-12-04,1917.44,Brazil
EC Bahia,2024-12-08,1940.27,Brazil
EC Bahia,2025-01-12,1858.46,Brazil
EC Bahia,2025-01-17,1797.93,Brazil
EC Bahia,2025-01-19,1786.31,Brazil
EC Bahia,2025-01-24,1831.2,Brazil
EC Bahia,2025-01-26,1809.67,Brazil
EC Bahia,2025-01-29,1847.63,Brazil
EC Bahia,2025-02-01,1824.68,Brazil
EC Bahia,2025-02-05,1857.14,Brazil
EC Bahia,2025-02-09,1905.69,Brazil
EC Bahia,2025-02-12,1928.95,Brazil
EC Bahia,2025-02-15,1935.23,Brazil
EC Bahia,2025-02-19,1891.97,Brazil
EC Bahia,2025-02-22,1843.94,Brazil
EC Bahia,2025-02-26,1889.07,Brazil
EC Bahia,2025-03-01,1887.71,Brazil
EC Bahia,2025-03-07,1897.55,Brazil
EC Bahia,2025-03-09,1944.55,Brazil
EC Bahia,2025-03-14,1937.63,Brazil
EC Bahia,2025-03-16,1931.85,Brazil
EC Bahia,2025-03-19,1925.43,Brazil
EC Bahia,2025-03-23,1950.47,Brazil
EC Bahia,2025-03-26,1954.18,Brazil
EC Bahia,2025-03-31,1965.42,Brazil
EC Bahia,2025-04-04,1968.22,Brazil
EC Bahia,2025-04-07,1959.74,Brazil
EC Bahia,2025-04-10,1952.55,Brazil
EC Bahia,2025-04-13,1943.52,Brazil
EC Bahia,2025-04-18,1949.53,Brazil
EC Bahia,2025-04-22,1947.63,Brazil
EC Bahia,2025-04-25,1954.82,Brazil
EC Bahia,2025-04-27,1929.31,Brazil
EC Bahia,2025-05-01,1948.81,Brazil
EC Bahia,2025-05-04,1930.62,Brazil
EC Bahia,2025-05-08,1941.38,Brazil
EC Bahia,2025-05-11,1929.09,Brazil
EC Bahia,2025-05-15,1897.52,Brazil
EC Bahia,2025-05-18,1892.39,Brazil
EC Bahia,2025-05-22,1881.47,Brazil
EC Bahia,2025-05-25,1914.87,Brazil
EC Bahia,2025-05-29,1928.7,Brazil
EC Bahia,2025-05-31,1959.29,Brazil
EC Bahia,2025-06-05,1900.87,Brazil
EC Bahia,2025-06-07,1879.05,Brazil
EC Bahia,2025-06-13,1918.24,Brazil
EC Bahia,2025-07-10,1928.13,Brazil
EC Bahia,2025-07-13,1926.85,Brazil
EC Bahia,2025-07-16,1917.82,Brazil
EC Bahia,2025-07-19,1943.26,Brazil
EC Bahia,2025-07-23,1979.88,Brazil
EC Bahia,2025-07-27,1995.32,Brazil
EC Bahia,2025-07-31,1987.05,Brazil
EC Bahia,2025-08-02,1978.24,Brazil
EC Bahia,2025-08-07,1971.26,Brazil
EC Bahia,2025-08-10,2001.37,Brazil
EC Bahia,2025-08-17,2001.27,Brazil
EC Bahia,2025-08-21,1973.16,Brazil
EC Bahia,2025-08-24,1993.66,Brazil
EC Bahia,2025-08-29,1968.75,Brazil
EC Bahia,2025-08-31,1961.5,Brazil
EC Bahia,2025-09-04,1977.05,Brazil
EC Bahia,2025-09-06,1955.86,Brazil
EC Bahia,2025-09-11,1897.38,Brazil
EC Bahia,2025-09-16,1904.01,Brazil
EC Bahia,2025-09-20,1917.79,Brazil
EC Bahia,2025-09-25,1919.16,Brazil
EC Bahia,2025-09-28,1900.85,Brazil
EC Bahia,2025-10-02,1907.53,Brazil
EC Bahia,2025-10-05,1893.43,Brazil
EC Bahia,2025-10-17,1891.66,Brazil
EC Bahia,2025-10-20,1909.72,Brazil
EC Bahia,2025-10-23,1931.92,Brazil
EC Bahia,2025-10-26,1935.5,Brazil
EC Bahia,2025-11-02,1946.06,Brazil
EC Bahia,2025-11-06,1946.99,Brazil
EC Bahia,2025-11-08,1944.38,Brazil
EC Bahia,2025-11-20,1948.19,Brazil
EC Bahia,2025-11-23,1946.78,Brazil
EC Bahia,2025-11-28,1942.24,Brazil
EC Bahia,2025-12-04,1964.56,Brazil
EC Bahia,2025-12-07,1975.52,Brazil
EC Bahia,2026-01-11,1866.76,Brazil
EC Bahia,2026-01-14,1827.86,Brazil
EC Bahia,2026-01-17,1864.23,Brazil
EC Bahia,2026-01-20,1933.19,Brazil
EC Bahia,2026-01-25,1963.07,Brazil
EC Bahia,2026-01-29,1976.63,Brazil
EC Bahia,2026-02-01,1937.68,Brazil
EC Bahia,2026-02-05,1965.5,Brazil
EC Bahia,2026-02-08,1952.05,Brazil
EC Bahia,2026-02-12,1956.97,Brazil
EC Bahia,2026-02-14,1937.33,Brazil
EC Bahia,2026-02-18,1933.97,Brazil
EC Bahia,2026-02-22,1941.55,Brazil
EC Bahia,2026-02-25,1937.28,Brazil
EC Bahia,2026-02-28,1949.18,Brazil
EC Bahia,2026-03-07,1912.09,Brazil
EC Bahia,2026-03-12,1927.72,Brazil
EC Bahia,2026-03-15,1904.62,Brazil
EC Bahia,2026-03-18,1927.89,Brazil
EC Bahia,2026-03-22,1922.73,Brazil
EC Bahia,2026-04-02,1909.95,Brazil
EC Bahia,2026-04-06,1908.95,Brazil
EC Bahia,2026-04-11,1917.27,Brazil
EC Bahia,2026-04-20,1929.49,Brazil
EC Bahia,2026-04-23,1929.58,Brazil
EC Bahia,2026-04-25,1926.74,Brazil
EC Bahia,2026-05-03,1916.17,Brazil
EC Bahia,2026-05-10,1912.13,Brazil
EC Bahia,2026-05-14,1913.21,Brazil
EC Bahia,2026-05-17,1929.0,Brazil
EC Bahia,2026-05-26,1922.49,Brazil
EC Bahia,2026-05-30,1885.87,Brazil
EC Bahia,2026-07-18,1905.76,Brazil
EC Bahia,2026-07-22,1900.28,Brazil
EC Bahia,2026-07-26,1904.51,Brazil
EC Juventude,2023-07-23,1754.7,Brazil
EC Juventude,2023-07-29,1753.25,Brazil
EC Juventude,2023-08-03,1759.47,Brazil
EC Juventude,2023-08-07,1766.28,Brazil
EC Juventude,2023-08-13,1772.78,Brazil
EC Juventude,2023-08-19,1763.4,Brazil
EC Juventude,2023-08-23,1753.95,Brazil
EC Juventude,2023-09-01,1755.12,Brazil
EC Juventude,2023-09-10,1761.15,Brazil
EC Juventude,2023-09-16,1760.14,Brazil
EC Juventude,2023-09-25,1760.1,Brazil
EC Juventude,2023-09-30,1759.53,Brazil
EC Juventude,2023-10-07,1774.68,Brazil
EC Juventude,2023-10-17,1784.09,Brazil
EC Juventude,2023-10-21,1774.75,Brazil
EC Juventude,2023-10-29,1767.32,Brazil
EC Juventude,2023-11-04,1774.42,Brazil
EC Juventude,2023-11-15,1816.96,Brazil
EC Juventude,2023-11-18,1814.95,Brazil
EC Juventude,2023-11-25,1837.21,Brazil
EC Juventude,2024-01-20,1814.92,Brazil
EC Juventude,2024-01-24,1822.28,Brazil
EC Juventude,2024-01-27,1812.15,Brazil
EC Juventude,2024-02-01,1788.76,Brazil
EC Juventude,2024-02-05,1794.76,Brazil
EC Juventude,2024-02-07,1800.58,Brazil
EC Juventude,2024-02-11,1795.56,Brazil
EC Juventude,2024-02-14,1765.16,Brazil
EC Juventude,2024-02-20,1749.52,Brazil
EC Juventude,2024-02-24,1764.59,Brazil
EC Juventude,2024-02-28,1783.0,Brazil
EC Juventude,2024-03-02,1814.66,Brazil
EC Juventude,2024-03-09,1804.95,Brazil
EC Juventude,2024-03-14,1806.2,Brazil
EC Juventude,2024-03-17,1760.43,Brazil
EC Juventude,2024-03-26,1736.75,Brazil
EC Juventude,2024-03-30,1726.93,Brazil
EC Juventude,2024-04-13,1743.26,Brazil
EC Juventude,2024-04-18,1741.41,Brazil
EC Juventude,2024-04-21,1760.57,Brazil
EC Juventude,2024-04-28,1770.78,Brazil
EC Juventude,2024-06-01,1767.18,Brazil
EC Juventude,2024-06-06,1777.51,Brazil
EC Juventude,2024-06-12,1795.98,Brazil
EC Juventude,2024-06-15,1814.39,Brazil
EC Juventude,2024-06-20,1816.14,Brazil
EC Juventude,2024-06-23,1823.02,Brazil
EC Juventude,2024-06-27,1832.66,Brazil
EC Juventude,2024-06-30,1831.36,Brazil
EC Juventude,2024-07-05,1830.2,Brazil
EC Juventude,2024-07-07,1823.49,Brazil
EC Juventude,2024-07-11,1833.12,Brazil
EC Juventude,2024-07-13,1809.14,Brazil
EC Juventude,2024-07-17,1800.47,Brazil
EC Juventude,2024-07-21,1826.39,Brazil
EC Juventude,2024-07-25,1815.99,Brazil
EC Juventude,2024-07-28,1813.74,Brazil
EC Juventude,2024-08-02,1814.41,Brazil
EC Juventude,2024-08-04,1800.12,Brazil
EC Juventude,2024-08-08,1790.33,Brazil
EC Juventude,2024-08-11,1784.1,Brazil
EC Juventude,2024-08-15,1799.4,Brazil
EC Juventude,2024-08-18,1805.84,Brazil
EC Juventude,2024-08-24,1796.07,Brazil
EC Juventude,2024-08-30,1800.89,Brazil
EC Juventude,2024-09-01,1802.18,Brazil
EC Juventude,2024-09-06,1815.78,Brazil
EC Juventude,2024-09-12,1795.99,Brazil
EC Juventude,2024-09-15,1793.51,Brazil
EC Juventude,2024-09-21,1793.8,Brazil
EC Juventude,2024-09-29,1806.29,Brazil
EC Juventude,2024-10-06,1798.38,Brazil
EC Juventude,2024-10-21,1794.25,Brazil
EC Juventude,2024-10-26,1799.79,Brazil
EC Juventude,2024-11-02,1794.08,Brazil
EC Juventude,2024-11-09,1812.38,Brazil
EC Juventude,2024-11-20,1836.14,Brazil
EC Juventude,2024-11-23,1846.22,Brazil
EC Juventude,2024-11-27,1871.45,Brazil
EC Juventude,2024-12-05,1868.93,Brazil
EC Juventude,2024-12-08,1862.01,Brazil
EC Juventude,2025-01-22,1838.49,Brazil
EC Juventude,2025-01-25,1838.75,Brazil
EC Juventude,2025-01-28,1845.31,Brazil
EC Juventude,2025-02-02,1841.53,Brazil
EC Juventude,2025-02-06,1834.4,Brazil
EC Juventude,2025-02-09,1834.49,Brazil
EC Juventude,2025-02-12,1852.54,Brazil
EC Juventude,2025-02-15,1855.84,Brazil
EC Juventude,2025-02-23,1837.66,Brazil
EC Juventude,2025-02-25,1841.67,Brazil
EC Juventude,2025-03-01,1844.83,Brazil
EC Juventude,2025-03-29,1839.0,Brazil
EC Juventude,2025-04-06,1788.76,Brazil
EC Juventude,2025-04-12,1801.47,Brazil
EC Juventude,2025-04-17,1804.57,Brazil
EC Juventude,2025-04-20,1783.04,Brazil
EC Juventude,2025-04-26,1794.6,Brazil
EC Juventude,2025-05-06,1811.38,Brazil
EC Juventude,2025-05-10,1804.22,Brazil
EC Juventude,2025-05-18,1763.95,Brazil
EC Juventude,2025-05-27,1750.05,Brazil
EC Juventude,2025-06-01,1758.29,Brazil
EC Juventude,2025-07-15,1748.09,Brazil
EC Juventude,2025-07-20,1734.47,Brazil
EC Juventude,2025-07-25,1718.92,Brazil
EC Juventude,2025-07-27,1703.48,Brazil
EC Juventude,2025-08-05,1709.33,Brazil
EC Juventude,2025-08-12,1707.49,Brazil
EC Juventude,2025-08-16,1733.26,Brazil
EC Juventude,2025-08-21,1730.31,Brazil
EC Juventude,2025-08-24,1727.08,Brazil
EC Juventude,2025-08-30,1736.06,Brazil
EC Juventude,2025-09-14,1738.1,Brazil
EC Juventude,2025-09-21,1743.84,Brazil
EC Juventude,2025-09-27,1763.31,Brazil
EC Juventude,2025-10-01,1764.49,Brazil
EC Juventude,2025-10-05,1779.51,Brazil
EC Juventude,2025-10-12,1774.43,Brazil
EC Juventude,2025-10-17,1757.18,Brazil
EC Juventude,2025-10-21,1756.97,Brazil
EC Juventude,2025-10-26,1756.62,Brazil
EC Juventude,2025-11-02,1751.72,Brazil
EC Juventude,2025-11-05,1753.53,Brazil
EC Juventude,2025-11-08,1751.1,Brazil
EC Juventude,2025-11-20,1758.02,Brazil
EC Juventude,2025-11-23,1772.26,Brazil
EC Juventude,2025-11-28,1776.8,Brazil
EC Juventude,2025-12-03,1733.79,Brazil
EC Juventude,2025-12-07,1746.58,Brazil
EC Juventude,2026-01-10,1770.22,Brazil
EC Juventude,2026-01-14,1772.14,Brazil
EC Juventude,2026-01-17,1765.38,Brazil
EC Juventude,2026-01-22,1774.7,Brazil
EC Juventude,2026-01-25,1778.03,Brazil
EC Juventude,2026-01-31,1818.88,Brazil
EC Juventude,2026-02-10,1827.14,Brazil
EC Juventude,2026-02-15,1777.88,Brazil
EC Juventude,2026-02-22,1754.66,Brazil
EC Juventude,2026-03-13,1743.3,Brazil
EC Juventude,2026-03-19,1783.88,Brazil
EC Juventude,2026-03-22,1808.7,Brazil
EC Juventude,2026-03-31,1826.92,Brazil
EC Juventude,2026-04-04,1809.88,Brazil
EC Juventude,2026-04-11,1798.87,Brazil
EC Juventude,2026-04-19,1815.7,Brazil
EC Juventude,2026-04-22,1797.14,Brazil
EC Juventude,2026-04-26,1819.01,Brazil
EC Juventude,2026-05-03,1829.96,Brazil
EC Juventude,2026-05-10,1796.53,Brazil
EC Juventude,2026-05-14,1767.43,Brazil
EC Juventude,2026-05-17,1725.4,Brazil
EC Juventude,2026-05-24,1736.37,Brazil
EC Juventude,2026-05-30,1742.81,Brazil
EC Juventude,2026-06-06,1778.97,Brazil
EC Juventude,2026-06-14,1806.17,Brazil
EC Juventude,2026-06-21,1817.47,Brazil
EC Juventude,2026-06-28,1823.45,Brazil
EC Juventude,2026-07-06,1827.7,Brazil
EC Juventude,2026-07-11,1816.81,Brazil
EC Juventude,2026-07-18,1816.11,Brazil
EC Juventude,2026-07-24,1817.67,Brazil
EC Vitoria Salvador,2023-07-25,1767.19,Brazil
EC Vitoria Salvador,2023-07-30,1766.37,Brazil
EC Vitoria Salvador,2023-08-03,1775.38,Brazil
EC Vitoria Salvador,2023-08-08,1783.43,Brazil
EC Vitoria Salvador,2023-08-13,1766.99,Brazil
EC Vitoria Salvador,2023-08-19,1774.31,Brazil
EC Vitoria Salvador,2023-08-27,1770.84,Brazil
EC Vitoria Salvador,2023-09-02,1777.01,Brazil
EC Vitoria Salvador,2023-09-10,1780.47,Brazil
EC Vitoria Salvador,2023-09-17,1768.95,Brazil
EC Vitoria Salvador,2023-09-23,1765.89,Brazil
EC Vitoria Salvador,2023-09-30,1770.09,Brazil
EC Vitoria Salvador,2023-10-08,1780.55,Brazil
EC Vitoria Salvador,2023-10-15,1776.6,Brazil
EC Vitoria Salvador,2023-10-21,1775.73,Brazil
EC Vitoria Salvador,2023-10-29,1783.16,Brazil
EC Vitoria Salvador,2023-11-05,1789.51,Brazil
EC Vitoria Salvador,2023-11-12,1799.22,Brazil
EC Vitoria Salvador,2023-11-18,1776.11,Brazil
EC Vitoria Salvador,2023-11-25,1718.55,Brazil
EC Vitoria Salvador,2024-01-17,1753.15,Brazil
EC Vitoria Salvador,2024-01-20,1760.28,Brazil
EC Vitoria Salvador,2024-01-25,1752.75,Brazil
EC Vitoria Salvador,2024-01-28,1747.15,Brazil
EC Vitoria Salvador,2024-02-01,1756.84,Brazil
EC Vitoria Salvador,2024-02-04,1784.74,Brazil
EC Vitoria Salvador,2024-02-07,1778.4,Brazil
EC Vitoria Salvador,2024-02-10,1801.28,Brazil
EC Vitoria Salvador,2024-02-15,1779.7,Brazil
EC Vitoria Salvador,2024-02-18,1779.34,Brazil
EC Vitoria Salvador,2024-02-21,1803.49,Brazil
EC Vitoria Salvador,2024-02-25,1791.88,Brazil
EC Vitoria Salvador,2024-03-03,1823.75,Brazil
EC Vitoria Salvador,2024-03-06,1836.35,Brazil
EC Vitoria Salvador,2024-03-10,1837.33,Brazil
EC Vitoria Salvador,2024-03-17,1816.41,Brazil
EC Vitoria Salvador,2024-03-21,1811.12,Brazil
EC Vitoria Salvador,2024-03-24,1819.03,Brazil
EC Vitoria Salvador,2024-03-28,1863.97,Brazil
EC Vitoria Salvador,2024-04-14,1833.96,Brazil
EC Vitoria Salvador,2024-04-21,1799.89,Brazil
EC Vitoria Salvador,2024-04-28,1767.3,Brazil
EC Vitoria Salvador,2024-05-03,1781.11,Brazil
EC Vitoria Salvador,2024-05-05,1781.45,Brazil
EC Vitoria Salvador,2024-05-12,1786.57,Brazil
EC Vitoria Salvador,2024-05-23,1795.32,Brazil
EC Vitoria Salvador,2024-06-01,1801.7,Brazil
EC Vitoria Salvador,2024-06-06,1809.84,Brazil
EC Vitoria Salvador,2024-06-12,1791.37,Brazil
EC Vitoria Salvador,2024-06-16,1821.12,Brazil
EC Vitoria Salvador,2024-06-20,1821.12,Brazil
EC Vitoria Salvador,2024-06-23,1776.55,Brazil
EC Vitoria Salvador,2024-06-28,1808.26,Brazil
EC Vitoria Salvador,2024-06-30,1806.53,Brazil
EC Vitoria Salvador,2024-07-05,1821.61,Brazil
EC Vitoria Salvador,2024-07-07,1803.43,Brazil
EC Vitoria Salvador,2024-07-12,1801.03,Brazil
EC Vitoria Salvador,2024-07-18,1811.32,Brazil
EC Vitoria Salvador,2024-07-21,1815.39,Brazil
EC Vitoria Salvador,2024-07-25,1809.06,Brazil
EC Vitoria Salvador,2024-07-28,1814.64,Brazil
EC Vitoria Salvador,2024-08-03,1786.59,Brazil
EC Vitoria Salvador,2024-08-11,1785.53,Brazil
EC Vitoria Salvador,2024-08-20,1815.93,Brazil
EC Vitoria Salvador,2024-08-25,1832.79,Brazil
EC Vitoria Salvador,2024-09-01,1829.11,Brazil
EC Vitoria Salvador,2024-09-14,1822.2,Brazil
EC Vitoria Salvador,2024-09-21,1821.92,Brazil
EC Vitoria Salvador,2024-09-29,1810.01,Brazil
EC Vitoria Salvador,2024-10-05,1842.68,Brazil
EC Vitoria Salvador,2024-10-19,1863.14,Brazil
EC Vitoria Salvador,2024-10-26,1860.68,Brazil
EC Vitoria Salvador,2024-11-02,1846.33,Brazil
EC Vitoria Salvador,2024-11-09,1822.03,Brazil
EC Vitoria Salvador,2024-11-20,1836.46,Brazil
EC Vitoria Salvador,2024-11-23,1830.69,Brazil
EC Vitoria Salvador,2024-12-01,1848.51,Brazil
EC Vitoria Salvador,2024-12-05,1856.36,Brazil
EC Vitoria Salvador,2024-12-08,1842.9,Brazil
EC Vitoria Salvador,2025-01-11,1794.78,Brazil
EC Vitoria Salvador,2025-01-16,1761.51,Brazil
EC Vitoria Salvador,2025-01-19,1764.58,Brazil
EC Vitoria Salvador,2025-01-23,1785.06,Brazil
EC Vitoria Salvador,2025-01-25,1743.91,Brazil
EC Vitoria Salvador,2025-01-30,1737.36,Brazil
EC Vitoria Salvador,2025-02-01,1760.31,Brazil
EC Vitoria Salvador,2025-02-05,1775.15,Brazil
EC Vitoria Salvador,2025-02-08,1795.49,Brazil
EC Vitoria Salvador,2025-02-11,1802.63,Brazil
EC Vitoria Salvador,2025-02-16,1829.83,Brazil
EC Vitoria Salvador,2025-02-20,1849.87,Brazil
EC Vitoria Salvador,2025-02-22,1843.98,Brazil
EC Vitoria Salvador,2025-02-25,1891.23,Brazil
EC Vitoria Salvador,2025-03-01,1876.8,Brazil
EC Vitoria Salvador,2025-03-06,1884.47,Brazil
EC Vitoria Salvador,2025-03-08,1868.56,Brazil
EC Vitoria Salvador,2025-03-12,1895.45,Brazil
EC Vitoria Salvador,2025-03-16,1901.23,Brazil
EC Vitoria Salvador,2025-03-20,1897.73,Brazil
EC Vitoria Salvador,2025-03-23,1872.7,Brazil
EC Vitoria Salvador,2025-03-27,1834.9,Brazil
EC Vitoria Salvador,2025-03-29,1840.73,Brazil
EC Vitoria Salvador,2025-04-03,1861.51,Brazil
EC Vitoria Salvador,2025-04-06,1852.98,Brazil
EC Vitoria Salvador,2025-04-11,1843.3,Brazil
EC Vitoria Salvador,2025-04-14,1855.71,Brazil
EC Vitoria Salvador,2025-04-17,1821.39,Brazil
EC Vitoria Salvador,2025-04-20,1839.97,Brazil
EC Vitoria Salvador,2025-04-24,1839.05,Brazil
EC Vitoria Salvador,2025-04-27,1844.33,Brazil
EC Vitoria Salvador,2025-05-03,1851.3,Brazil
EC Vitoria Salvador,2025-05-07,1824.24,Brazil
EC Vitoria Salvador,2025-05-10,1840.67,Brazil
EC Vitoria Salvador,2025-05-15,1820.32,Brazil
EC Vitoria Salvador,2025-05-18,1825.44,Brazil
EC Vitoria Salvador,2025-05-25,1853.79,Brazil
EC Vitoria Salvador,2025-05-29,1854.64,Brazil
EC Vitoria Salvador,2025-06-01,1854.09,Brazil
EC Vitoria Salvador,2025-06-13,1828.01,Brazil
EC Vitoria Salvador,2025-07-09,1843.59,Brazil
EC Vitoria Salvador,2025-07-12,1836.62,Brazil
EC Vitoria Salvador,2025-07-17,1823.35,Brazil
EC Vitoria Salvador,2025-07-20,1839.57,Brazil
EC Vitoria Salvador,2025-07-24,1817.79,Brazil
EC Vitoria Salvador,2025-07-26,1801.18,Brazil
EC Vitoria Salvador,2025-08-04,1838.02,Brazil
EC Vitoria Salvador,2025-08-09,1858.12,Brazil
EC Vitoria Salvador,2025-08-16,1832.36,Brazil
EC Vitoria Salvador,2025-08-26,1828.53,Brazil
EC Vitoria Salvador,2025-08-31,1802.62,Brazil
EC Vitoria Salvador,2025-09-13,1797.09,Brazil
EC Vitoria Salvador,2025-09-20,1815.65,Brazil
EC Vitoria Salvador,2025-09-28,1829.74,Brazil
EC Vitoria Salvador,2025-10-03,1831.24,Brazil
EC Vitoria Salvador,2025-10-05,1826.11,Brazil
EC Vitoria Salvador,2025-10-17,1827.88,Brazil
EC Vitoria Salvador,2025-10-21,1827.4,Brazil
EC Vitoria Salvador,2025-10-25,1829.28,Brazil
EC Vitoria Salvador,2025-11-01,1822.78,Brazil
EC Vitoria Salvador,2025-11-05,1815.8,Brazil
EC Vitoria Salvador,2025-11-09,1809.11,Brazil
EC Vitoria Salvador,2025-11-19,1831.84,Brazil
EC Vitoria Salvador,2025-11-23,1850.43,Brazil
EC Vitoria Salvador,2025-11-29,1862.35,Brazil
EC Vitoria Salvador,2025-12-03,1844.47,Brazil
EC Vitoria Salvador,2025-12-07,1835.45,Brazil
EC Vitoria Salvador,2026-01-10,1803.18,Brazil
EC Vitoria Salvador,2026-01-13,1738.74,Brazil
EC Vitoria Salvador,2026-01-18,1711.74,Brazil
EC Vitoria Salvador,2026-01-21,1748.42,Brazil
EC Vitoria Salvador,2026-01-25,1718.55,Brazil
EC Vitoria Salvador,2026-01-28,1755.28,Brazil
EC Vitoria Salvador,2026-02-01,1785.79,Brazil
EC Vitoria Salvador,2026-02-05,1812.47,Brazil
EC Vitoria Salvador,2026-02-07,1823.18,Brazil
EC Vitoria Salvador,2026-02-11,1779.84,Brazil
EC Vitoria Salvador,2026-02-18,1787.68,Brazil
EC Vitoria Salvador,2026-02-22,1783.38,Brazil
EC Vitoria Salvador,2026-03-01,1792.74,Brazil
EC Vitoria Salvador,2026-03-07,1829.84,Brazil
EC Vitoria Salvador,2026-03-12,1814.2,Brazil
EC Vitoria Salvador,2026-03-14,1850.34,Brazil
EC Vitoria Salvador,2026-03-19,1850.24,Brazil
EC Vitoria Salvador,2026-03-22,1839.11,Brazil
EC Vitoria Salvador,2026-03-25,1823.24,Brazil
EC Vitoria Salvador,2026-03-28,1862.98,Brazil
EC Vitoria Salvador,2026-04-02,1853.93,Brazil
EC Vitoria Salvador,2026-04-05,1849.76,Brazil
EC Vitoria Salvador,2026-04-09,1843.33,Brazil
EC Vitoria Salvador,2026-04-11,1838.46,Brazil
EC Vitoria Salvador,2026-04-16,1849.07,Brazil
EC Vitoria Salvador,2026-04-19,1854.85,Brazil
EC Vitoria Salvador,2026-04-23,1845.01,Brazil
EC Vitoria Salvador,2026-04-26,1828.47,Brazil
EC Vitoria Salvador,2026-04-30,1840.51,Brazil
EC Vitoria Salvador,2026-05-02,1843.6,Brazil
EC Vitoria Salvador,2026-05-07,1866.77,Brazil
EC Vitoria Salvador,2026-05-09,1862.4,Brazil
EC Vitoria Salvador,2026-05-15,1867.95,Brazil
EC Vitoria Salvador,2026-05-17,1858.25,Brazil
EC Vitoria Salvador,2026-05-21,1838.26,Brazil
EC Vitoria Salvador,2026-05-23,1838.0,Brazil
EC Vitoria Salvador,2026-05-28,1871.82,Brazil
EC Vitoria Salvador,2026-05-31,1845.66,Brazil
EC Vitoria Salvador,2026-06-03,1859.14,Brazil
EC Vitoria Salvador,2026-06-06,1842.05,Brazil
EC Vitoria Salvador,2026-07-17,1827.89,Brazil
EC Vitoria Salvador,2026-07-24,1821.13,Brazil
EC Vitoria Salvador,2026-07-27,1816.86,Brazil
Ferroviaria,2023-07-22,1687.09,Brazil
Ferroviaria,2023-07-29,1690.14,Brazil
Ferroviaria,2023-08-05,1701.83,Brazil
Ferroviaria,2023-08-12,1716.19,Brazil
Ferroviaria,2023-08-20,1703.11,Brazil
Ferroviaria,2023-08-26,1683.06,Brazil
Ferroviaria,2023-09-03,1678.68,Brazil
Ferroviaria,2023-09-07,1688.24,Brazil
Ferroviaria,2023-09-10,1677.98,Brazil
Ferroviaria,2023-09-14,1681.96,Brazil
Ferroviaria,2023-09-16,1685.39,Brazil
Ferroviaria,2024-01-17,1691.5,Brazil
Ferroviaria,2024-01-21,1725.72,Brazil
Ferroviaria,2024-01-24,1700.45,Brazil
Ferroviaria,2024-01-28,1719.66,Brazil
Ferroviaria,2024-02-01,1712.34,Brazil
Ferroviaria,2024-02-03,1712.76,Brazil
Ferroviaria,2024-02-07,1712.07,Brazil
Ferroviaria,2024-02-10,1712.28,Brazil
Ferroviaria,2024-02-17,1703.3,Brazil
Ferroviaria,2024-02-21,1689.91,Brazil
Ferroviaria,2024-02-25,1710.55,Brazil
Ferroviaria,2024-03-02,1729.78,Brazil
Ferroviaria,2024-03-06,1718.88,Brazil
Ferroviaria,2024-03-09,1717.78,Brazil
Ferroviaria,2024-03-16,1702.89,Brazil
Ferroviaria,2024-03-24,1685.53,Brazil
Ferroviaria,2024-03-27,1698.13,Brazil
Ferroviaria,2024-04-23,1686.24,Brazil
Ferroviaria,2024-04-28,1693.83,Brazil
Ferroviaria,2024-05-05,1674.1,Brazil
Ferroviaria,2024-05-12,1700.42,Brazil
Ferroviaria,2024-05-19,1707.65,Brazil
Ferroviaria,2024-05-26,1716.84,Brazil
Ferroviaria,2024-06-02,1730.78,Brazil
Ferroviaria,2024-06-09,1726.34,Brazil
Ferroviaria,2024-06-17,1719.38,Brazil
Ferroviaria,2024-06-27,1714.99,Brazil
Ferroviaria,2024-06-30,1739.1,Brazil
Ferroviaria,2024-07-06,1751.1,Brazil
Ferroviaria,2024-07-16,1745.95,Brazil
Ferroviaria,2024-07-20,1759.71,Brazil
Ferroviaria,2024-07-30,1757.22,Brazil
Ferroviaria,2024-08-04,1760.82,Brazil
Ferroviaria,2024-08-11,1753.87,Brazil
Ferroviaria,2024-08-20,1759.05,Brazil
Ferroviaria,2024-08-24,1762.97,Brazil
Ferroviaria,2024-09-01,1754.2,Brazil
Ferroviaria,2024-09-08,1759.45,Brazil
Ferroviaria,2024-09-17,1746.68,Brazil
Ferroviaria,2024-09-24,1764.63,Brazil
Ferroviaria,2024-09-29,1753.75,Brazil
Ferroviaria,2024-10-05,1749.18,Brazil
Ferroviaria,2025-01-15,1750.37,Brazil
Ferroviaria,2025-01-19,1750.09,Brazil
Ferroviaria,2025-01-22,1738.46,Brazil
Ferroviaria,2025-01-25,1734.05,Brazil
Ferroviaria,2025-01-29,1745.47,Brazil
Ferroviaria,2025-02-01,1746.34,Brazil
Ferroviaria,2025-02-05,1731.85,Brazil
Ferroviaria,2025-02-09,1736.7,Brazil
Ferroviaria,2025-02-12,1712.41,Brazil
Ferroviaria,2025-02-16,1715.26,Brazil
Ferroviaria,2025-02-20,1722.01,Brazil
Ferroviaria,2025-02-23,1722.84,Brazil
Ferroviaria,2025-02-26,1720.91,Brazil
Ferroviaria,2025-03-01,1715.38,Brazil
Ferroviaria,2025-03-08,1721.55,Brazil
Ferroviaria,2025-03-15,1729.11,Brazil
Ferroviaria,2025-03-19,1725.88,Brazil
Ferroviaria,2025-04-07,1757.62,Brazil
Ferroviaria,2025-04-13,1760.99,Brazil
Ferroviaria,2025-04-18,1740.74,Brazil
Ferroviaria,2025-04-23,1764.05,Brazil
Ferroviaria,2025-04-28,1753.64,Brazil
Ferroviaria,2025-05-03,1733.22,Brazil
Ferroviaria,2025-05-11,1723.97,Brazil
Ferroviaria,2025-05-16,1749.2,Brazil
Ferroviaria,2025-05-24,1757.38,Brazil
Ferroviaria,2025-05-30,1743.32,Brazil
Ferroviaria,2025-06-07,1743.82,Brazil
Ferroviaria,2025-06-17,1746.74,Brazil
Ferroviaria,2025-06-22,1755.89,Brazil
Ferroviaria,2025-07-01,1735.85,Brazil
Ferroviaria,2025-07-06,1737.26,Brazil
Ferroviaria,2025-07-13,1744.08,Brazil
Ferroviaria,2025-07-19,1723.13,Brazil
Ferroviaria,2025-07-23,1726.44,Brazil
Ferroviaria,2025-07-26,1718.76,Brazil
Ferroviaria,2025-08-02,1703.46,Brazil
Ferroviaria,2025-08-09,1689.57,Brazil
Ferroviaria,2025-08-17,1693.99,Brazil
Ferroviaria,2025-08-24,1706.93,Brazil
Ferroviaria,2025-09-02,1710.59,Brazil
Ferroviaria,2025-09-06,1704.25,Brazil
Ferroviaria,2025-09-16,1698.68,Brazil
Ferroviaria,2025-09-20,1706.53,Brazil
Ferroviaria,2025-09-24,1698.46,Brazil
Ferroviaria,2025-09-28,1705.28,Brazil
Ferroviaria,2025-10-05,1712.28,Brazil
Ferroviaria,2025-10-10,1722.66,Brazil
Ferroviaria,2025-10-14,1715.65,Brazil
Ferroviaria,2025-10-21,1718.89,Brazil
Ferroviaria,2025-10-26,1720.22,Brazil
Ferroviaria,2025-11-01,1713.87,Brazil
Ferroviaria,2025-11-07,1706.57,Brazil
Ferroviaria,2025-11-16,1697.99,Brazil
Ferroviaria,2025-11-23,1747.26,Brazil
Ferroviaria,2026-01-10,1747.26,Brazil
Ferroviaria,2026-01-15,1735.13,Brazil
Ferroviaria,2026-01-17,1702.94,Brazil
Ferroviaria,2026-01-22,1715.14,Brazil
Ferroviaria,2026-01-24,1696.2,Brazil
Ferroviaria,2026-01-29,1703.03,Brazil
Ferroviaria,2026-02-01,1711.19,Brazil
Ferroviaria,2026-02-07,1703.95,Brazil
Ferroviaria,2026-02-11,1717.43,Brazil
Ferroviaria,2026-02-14,1714.94,Brazil
Ferroviaria,2026-02-19,1709.87,Brazil
Ferroviaria,2026-02-22,1711.21,Brazil
Ferroviaria,2026-02-26,1707.32,Brazil
Ferroviaria,2026-02-28,1682.61,Brazil
Ferroviaria,2026-03-07,1684.58,Brazil
Ferroviaria,2026-03-15,1689.51,Brazil
Ferroviaria,2026-03-19,1686.1,Brazil
Ferroviaria,2026-03-26,1718.02,Brazil
Ferroviaria,2026-03-29,1727.4,Brazil
Ferroviaria,2026-04-05,1689.62,Brazil
Ferroviaria,2026-04-12,1655.62,Brazil
Ferroviaria,2026-04-16,1676.39,Brazil
Ferroviaria,2026-04-21,1639.59,Brazil
Ferroviaria,2026-04-24,1681.34,Brazil
Ferroviaria,2026-04-28,1654.28,Brazil
Ferroviaria,2026-05-01,1641.45,Brazil
Ferroviaria,2026-05-03,1648.78,Brazil
Ferroviaria,2026-05-07,1654.83,Brazil
Ferroviaria,2026-05-10,1663.51,Brazil
Ferroviaria,2026-05-14,1681.85,Brazil
Ferroviaria,2026-05-17,1696.71,Brazil
Ferroviaria,2026-05-24,1725.89,Brazil
Ferroviaria,2026-05-31,1732.16,Brazil
Ferroviaria,2026-06-16,1775.59,Brazil
Ferroviaria,2026-06-21,1770.49,Brazil
Ferroviaria,2026-06-28,1751.47,Brazil
Ferroviaria,2026-07-05,1745.49,Brazil
Ferroviaria,2026-07-12,1750.73,Brazil
Figueirense,2023-07-25,1660.14,Brazil
Figueirense,2023-07-31,1660.11,Brazil
Figueirense,2023-08-06,1656.21,Brazil
Figueirense,2023-08-14,1653.07,Brazil
Figueirense,2023-08-21,1656.91,Brazil
Figueirense,2023-08-26,1645.22,Brazil
Figueirense,2024-01-20,1656.76,Brazil
Figueirense,2024-01-25,1648.26,Brazil
Figueirense,2024-01-27,1624.9,Brazil
Figueirense,2024-02-02,1609.86,Brazil
Figueirense,2024-02-04,1607.96,Brazil
Figueirense,2024-02-09,1626.51,Brazil
Figueirense,2024-02-11,1626.51,Brazil
Figueirense,2024-02-17,1637.88,Brazil
Figueirense,2024-02-22,1641.59,Brazil
Figueirense,2024-02-24,1655.43,Brazil
Figueirense,2024-03-02,1651.02,Brazil
Figueirense,2024-03-10,1642.41,Brazil
Figueirense,2024-03-16,1691.43,Brazil
Figueirense,2024-04-21,1681.57,Brazil
Figueirense,2024-04-27,1678.41,Brazil
Figueirense,2024-05-05,1654.75,Brazil
Figueirense,2024-05-21,1685.29,Brazil
Figueirense,2024-05-26,1676.11,Brazil
Figueirense,2024-05-30,1667.5,Brazil
Figueirense,2024-06-02,1695.51,Brazil
Figueirense,2024-06-08,1696.28,Brazil
Figueirense,2024-06-16,1713.34,Brazil
Figueirense,2024-06-24,1708.91,Brazil
Figueirense,2024-07-04,1675.87,Brazil
Figueirense,2024-07-07,1684.11,Brazil
Figueirense,2024-07-15,1696.38,Brazil
Figueirense,2024-07-21,1701.65,Brazil
Figueirense,2024-07-27,1697.97,Brazil
Figueirense,2024-08-03,1694.49,Brazil
Figueirense,2024-08-11,1697.18,Brazil
Figueirense,2024-08-18,1698.47,Brazil
Figueirense,2024-08-24,1716.3,Brazil
Figueirense,2025-01-11,1730.7,Brazil
Figueirense,2025-01-18,1720.23,Brazil
Figueirense,2025-01-23,1691.12,Brazil
Figueirense,2025-01-25,1679.62,Brazil
Figueirense,2025-01-30,1694.34,Brazil
Figueirense,2025-02-02,1689.05,Brazil
Figueirense,2025-02-06,1707.22,Brazil
Figueirense,2025-02-08,1705.38,Brazil
Figueirense,2025-02-14,1695.37,Brazil
Figueirense,2025-02-16,1695.08,Brazil
Figueirense,2025-02-22,1674.93,Brazil
Figueirense,2025-03-06,1696.84,Brazil
Figueirense,2025-04-12,1682.68,Brazil
Figueirense,2025-04-22,1680.53,Brazil
Figueirense,2025-04-27,1675.45,Brazil
Figueirense,2025-05-06,1686.99,Brazil
Figueirense,2025-05-13,1673.95,Brazil
Figueirense,2025-05-19,1685.56,Brazil
Figueirense,2025-05-27,1683.43,Brazil
Figueirense,2025-06-02,1694.23,Brazil
Figueirense,2025-06-15,1710.68,Brazil
Figueirense,2025-06-29,1711.46,Brazil
Figueirense,2025-07-07,1731.76,Brazil
Figueirense,2025-07-14,1754.19,Brazil
Figueirense,2025-07-20,1728.1,Brazil
Figueirense,2025-07-27,1716.97,Brazil
Figueirense,2025-08-03,1707.18,Brazil
Figueirense,2025-08-12,1707.58,Brazil
Figueirense,2025-08-17,1711.97,Brazil
Figueirense,2025-08-24,1699.14,Brazil
Figueirense,2025-08-30,1706.3,Brazil
Figueirense,2026-01-08,1730.74,Brazil
Figueirense,2026-01-10,1726.78,Brazil
Figueirense,2026-01-15,1721.53,Brazil
Figueirense,2026-01-18,1732.16,Brazil
Figueirense,2026-01-23,1723.25,Brazil
Figueirense,2026-01-25,1724.17,Brazil
Figueirense,2026-02-02,1734.64,Brazil
Figueirense,2026-02-07,1744.88,Brazil
Figueirense,2026-02-13,1735.92,Brazil
Figueirense,2026-02-21,1714.61,Brazil
Figueirense,2026-02-28,1725.99,Brazil
Figueirense,2026-03-04,1702.66,Brazil
Figueirense,2026-03-07,1697.96,Brazil
Figueirense,2026-03-13,1714.56,Brazil
Figueirense,2026-03-19,1695.5,Brazil
Figueirense,2026-04-07,1694.37,Brazil
Figueirense,2026-04-14,1720.01,Brazil
Figueirense,2026-04-19,1703.83,Brazil
Figueirense,2026-04-26,1706.87,Brazil
Figueirense,2026-05-05,1699.18,Brazil
Figueirense,2026-05-10,1688.17,Brazil
Figueirense,2026-05-17,1695.61,Brazil
Figueirense,2026-05-24,1672.36,Brazil
Figueirense,2026-06-01,1683.78,Brazil
Figueirense,2026-06-15,1674.19,Brazil
Figueirense,2026-06-21,1671.87,Brazil
Figueirense,2026-06-28,1677.01,Brazil
Figueirense,2026-07-07,1698.96,Brazil
Figueirense,2026-07-14,1705.8,Brazil
Flamengo,2023-07-22,2013.06,Brazil
Flamengo,2023-07-27,2003.7,Brazil
Flamengo,2023-07-30,1999.07,Brazil
Flamengo,2023-08-04,2056.3,Brazil
Flamengo,2023-08-07,2041.32,Brazil
Flamengo,2023-08-11,2037.59,Brazil
Flamengo,2023-08-13,2019.53,Brazil
Flamengo,2023-08-17,1988.54,Brazil
Flamengo,2023-08-20,1998.08,Brazil
Flamengo,2023-08-26,1992.44,Brazil
Flamengo,2023-09-03,1981.08,Brazil
Flamengo,2023-09-14,1967.99,Brazil
Flamengo,2023-09-17,1965.68,Brazil
Flamengo,2023-09-21,1931.01,Brazil
Flamengo,2023-09-24,1924.78,Brazil
Flamengo,2023-09-30,1940.28,Brazil
Flamengo,2023-10-08,1967.38,Brazil
Flamengo,2023-10-20,1990.15,Brazil
Flamengo,2023-10-22,1999.12,Brazil
Flamengo,2023-10-26,2033.4,Brazil
Flamengo,2023-11-02,2023.68,Brazil
Flamengo,2023-11-05,1989.88,Brazil
Flamengo,2023-11-09,1989.16,Brazil
Flamengo,2023-11-11,1967.04,Brazil
Flamengo,2023-11-24,1983.8,Brazil
Flamengo,2023-11-26,2023.72,Brazil
Flamengo,2023-11-29,2044.18,Brazil
Flamengo,2023-12-03,2056.33,Brazil
Flamengo,2023-12-07,2061.36,Brazil
Flamengo,2024-01-18,2026.6,Brazil
Flamengo,2024-01-21,1923.1,Brazil
Flamengo,2024-01-27,1895.83,Brazil
Flamengo,2024-02-01,2013.83,Brazil
Flamengo,2024-02-04,2023.83,Brazil
Flamengo,2024-02-08,2026.79,Brazil
Flamengo,2024-02-10,2014.22,Brazil
Flamengo,2024-02-16,2011.26,Brazil
Flamengo,2024-02-21,2033.62,Brazil
Flamengo,2024-02-25,2030.27,Brazil
Flamengo,2024-03-02,2054.18,Brazil
Flamengo,2024-03-10,2058.18,Brazil
Flamengo,2024-03-17,2054.81,Brazil
Flamengo,2024-03-30,2038.29,Brazil
Flamengo,2024-04-03,2022.64,Brazil
Flamengo,2024-04-11,2047.83,Brazil
Flamengo,2024-04-14,2076.62,Brazil
Flamengo,2024-04-18,2080.1,Brazil
Flamengo,2024-04-21,2090.57,Brazil
Flamengo,2024-04-25,2038.01,Brazil
Flamengo,2024-04-28,2013.14,Brazil
Flamengo,2024-05-02,2011.41,Brazil
Flamengo,2024-05-04,2011.64,Brazil
Flamengo,2024-05-08,2021.26,Brazil
Flamengo,2024-05-11,2020.98,Brazil
Flamengo,2024-05-16,2039.9,Brazil
Flamengo,2024-05-23,2060.6,Brazil
Flamengo,2024-05-29,2068.1,Brazil
Flamengo,2024-06-02,2085.0,Brazil
Flamengo,2024-06-14,2073.89,Brazil
Flamengo,2024-06-16,2065.07,Brazil
Flamengo,2024-06-21,2061.73,Brazil
Flamengo,2024-06-23,2074.49,Brazil
Flamengo,2024-06-27,2064.85,Brazil
Flamengo,2024-06-30,2062.97,Brazil
Flamengo,2024-07-04,2051.89,Brazil
Flamengo,2024-07-07,2052.68,Brazil
Flamengo,2024-07-12,2050.03,Brazil
Flamengo,2024-07-20,2036.21,Brazil
Flamengo,2024-07-25,2042.54,Brazil
Flamengo,2024-07-28,2062.12,Brazil
Flamengo,2024-08-01,2057.53,Brazil
Flamengo,2024-08-04,2039.91,Brazil
Flamengo,2024-08-08,2042.68,Brazil
Flamengo,2024-08-11,2064.3,Brazil
Flamengo,2024-08-16,2076.38,Brazil
Flamengo,2024-08-18,2077.12,Brazil
Flamengo,2024-08-23,2014.81,Brazil
Flamengo,2024-08-26,2002.31,Brazil
Flamengo,2024-08-29,2025.54,Brazil
Flamengo,2024-09-01,2020.28,Brazil
Flamengo,2024-09-13,1983.61,Brazil
Flamengo,2024-09-15,1959.07,Brazil
Flamengo,2024-09-20,1985.22,Brazil
Flamengo,2024-09-22,1959.39,Brazil
Flamengo,2024-09-27,1989.62,Brazil
Flamengo,2024-09-30,1962.77,Brazil
Flamengo,2024-10-03,1983.76,Brazil
Flamengo,2024-10-06,1999.3,Brazil
Flamengo,2024-10-18,2000.38,Brazil
Flamengo,2024-10-20,2009.01,Brazil
Flamengo,2024-10-26,2003.47,Brazil
Flamengo,2024-10-30,1988.85,Brazil
Flamengo,2024-11-03,1991.81,Brazil
Flamengo,2024-11-07,2006.41,Brazil
Flamengo,2024-11-10,1982.01,Brazil
Flamengo,2024-11-14,1952.72,Brazil
Flamengo,2024-11-20,1956.49,Brazil
Flamengo,2024-11-27,1992.11,Brazil
Flamengo,2024-12-01,2022.7,Brazil
Flamengo,2024-12-05,1994.91,Brazil
Flamengo,2024-12-08,2008.37,Brazil
Flamengo,2025-01-12,1911.48,Brazil
Flamengo,2025-01-16,1858.34,Brazil
Flamengo,2025-01-20,1823.15,Brazil
Flamengo,2025-01-22,1802.54,Brazil
Flamengo,2025-01-25,1901.78,Brazil
Flamengo,2025-01-31,1954.66,Brazil
Flamengo,2025-02-05,1964.46,Brazil
Flamengo,2025-02-08,2026.18,Brazil
Flamengo,2025-02-13,2075.88,Brazil
Flamengo,2025-02-16,2119.89,Brazil
Flamengo,2025-02-22,2113.55,Brazil
Flamengo,2025-03-01,2108.68,Brazil
Flamengo,2025-03-08,2122.74,Brazil
Flamengo,2025-03-13,2125.54,Brazil
Flamengo,2025-03-16,2145.03,Brazil
Flamengo,2025-03-30,2146.47,Brazil
Flamengo,2025-04-04,2120.4,Brazil
Flamengo,2025-04-06,2128.93,Brazil
Flamengo,2025-04-10,2127.05,Brazil
Flamengo,2025-04-13,2140.76,Brazil
Flamengo,2025-04-17,2137.67,Brazil
Flamengo,2025-04-19,2161.81,Brazil
Flamengo,2025-04-23,2105.7,Brazil
Flamengo,2025-04-27,2101.57,Brazil
Flamengo,2025-05-02,2147.2,Brazil
Flamengo,2025-05-04,2136.57,Brazil
Flamengo,2025-05-08,2131.31,Brazil
Flamengo,2025-05-11,2143.59,Brazil
Flamengo,2025-05-16,2174.14,Brazil
Flamengo,2025-05-18,2134.53,Brazil
Flamengo,2025-05-22,2126.48,Brazil
Flamengo,2025-05-25,2113.32,Brazil
Flamengo,2025-05-29,2134.03,Brazil
Flamengo,2025-06-01,2134.17,Brazil
Flamengo,2025-06-17,2203.76,Brazil
Flamengo,2025-06-20,2200.27,Brazil
Flamengo,2025-06-25,2169.76,Brazil
Flamengo,2025-07-12,2191.07,Brazil
Flamengo,2025-07-17,2167.07,Brazil
Flamengo,2025-07-21,2174.84,Brazil
Flamengo,2025-07-24,2149.36,Brazil
Flamengo,2025-07-28,2152.78,Brazil
Flamengo,2025-08-01,2131.44,Brazil
Flamengo,2025-08-03,2121.45,Brazil
Flamengo,2025-08-07,2113.78,Brazil
Flamengo,2025-08-09,2115.51,Brazil
Flamengo,2025-08-14,2130.91,Brazil
Flamengo,2025-08-17,2134.98,Brazil
Flamengo,2025-08-21,2117.7,Brazil
Flamengo,2025-08-26,2121.53,Brazil
Flamengo,2025-08-31,2125.65,Brazil
Flamengo,2025-09-14,2123.61,Brazil
Flamengo,2025-09-19,2123.25,Brazil
Flamengo,2025-09-21,2113.19,Brazil
Flamengo,2025-09-26,2096.25,Brazil
Flamengo,2025-09-29,2126.39,Brazil
Flamengo,2025-10-03,2131.35,Brazil
Flamengo,2025-10-05,2145.44,Brazil
Flamengo,2025-10-16,2159.38,Brazil
Flamengo,2025-10-19,2162.79,Brazil
Flamengo,2025-10-23,2154.94,Brazil
Flamengo,2025-10-26,2139.55,Brazil
Flamengo,2025-10-30,2098.93,Brazil
Flamengo,2025-11-02,2099.32,Brazil
Flamengo,2025-11-06,2130.36,Brazil
Flamengo,2025-11-09,2125.28,Brazil
Flamengo,2025-11-15,2122.71,Brazil
Flamengo,2025-11-20,2131.47,Brazil
Flamengo,2025-11-23,2117.71,Brazil
Flamengo,2025-11-26,2127.18,Brazil
Flamengo,2025-11-29,2103.56,Brazil
Flamengo,2025-12-04,2103.98,Brazil
Flamengo,2025-12-06,1997.32,Brazil
Flamengo,2026-01-11,1893.88,Brazil
Flamengo,2026-01-15,1856.41,Brazil
Flamengo,2026-01-18,1813.56,Brazil
Flamengo,2026-01-22,1807.8,Brazil
Flamengo,2026-01-25,1886.62,Brazil
Flamengo,2026-01-29,1929.41,Brazil
Flamengo,2026-02-04,1940.71,Brazil
Flamengo,2026-02-08,2010.51,Brazil
Flamengo,2026-02-11,2053.84,Brazil
Flamengo,2026-02-15,2083.41,Brazil
Flamengo,2026-02-23,2102.36,Brazil
Flamengo,2026-03-03,2116.55,Brazil
Flamengo,2026-03-08,2117.89,Brazil
Flamengo,2026-03-12,2127.03,Brazil
Flamengo,2026-03-15,2127.77,Brazil
Flamengo,2026-03-20,2131.75,Brazil
Flamengo,2026-03-23,2120.43,Brazil
Flamengo,2026-04-03,2110.08,Brazil
Flamengo,2026-04-05,2101.18,Brazil
Flamengo,2026-04-09,2054.28,Brazil
Flamengo,2026-04-12,2087.08,Brazil
Flamengo,2026-04-17,2082.7,Brazil
Flamengo,2026-04-20,2070.49,Brazil
Flamengo,2026-04-23,2080.33,Brazil
Flamengo,2026-04-27,2091.64,Brazil
Flamengo,2026-04-30,2094.62,Brazil
Flamengo,2026-05-03,2098.64,Brazil
Flamengo,2026-05-08,2098.88,Brazil
Flamengo,2026-05-11,2108.98,Brazil
Flamengo,2026-05-15,2103.44,Brazil
Flamengo,2026-05-18,2106.82,Brazil
Flamengo,2026-05-21,2083.89,Brazil
Flamengo,2026-05-24,2077.34,Brazil
Flamengo,2026-05-27,2050.89,Brazil
Flamengo,2026-05-30,2049.19,Brazil
Flamengo,2026-07-23,2037.25,Brazil
Flamengo,2026-07-26,2057.41,Brazil
Floresta EC,2023-07-25,1614.44,Brazil
Floresta EC,2023-08-01,1625.33,Brazil
Floresta EC,2023-08-08,1626.57,Brazil
Floresta EC,2023-08-15,1627.64,Brazil
Floresta EC,2023-08-20,1632.95,Brazil
Floresta EC,2023-08-26,1634.2,Brazil
Floresta EC,2024-01-20,1628.39,Brazil
Floresta EC,2024-01-27,1615.49,Brazil
Floresta EC,2024-02-04,1570.63,Brazil
Floresta EC,2024-02-10,1609.07,Brazil
Floresta EC,2024-02-25,1585.15,Brazil
Floresta EC,2024-03-03,1571.15,Brazil
Floresta EC,2024-04-22,1564.53,Brazil
Floresta EC,2024-04-29,1570.72,Brazil
Floresta EC,2024-05-05,1590.44,Brazil
Floresta EC,2024-05-13,1609.51,Brazil
Floresta EC,2024-05-21,1578.97,Brazil
Floresta EC,2024-05-29,1602.74,Brazil
Floresta EC,2024-06-03,1609.57,Brazil
Floresta EC,2024-06-11,1600.97,Brazil
Floresta EC,2024-06-18,1612.68,Brazil
Floresta EC,2024-06-22,1603.2,Brazil
Floresta EC,2024-06-30,1615.56,Brazil
Floresta EC,2024-07-09,1621.68,Brazil
Floresta EC,2024-07-15,1603.03,Brazil
Floresta EC,2024-07-23,1610.18,Brazil
Floresta EC,2024-07-30,1596.08,Brazil
Floresta EC,2024-08-04,1615.98,Brazil
Floresta EC,2024-08-13,1613.59,Brazil
Floresta EC,2024-08-18,1629.57,Brazil
Floresta EC,2024-08-24,1639.22,Brazil
Floresta EC,2025-01-19,1665.8,Brazil
Floresta EC,2025-01-25,1693.72,Brazil
Floresta EC,2025-01-29,1665.99,Brazil
Floresta EC,2025-02-01,1621.06,Brazil
Floresta EC,2025-02-08,1623.26,Brazil
Floresta EC,2025-02-15,1599.38,Brazil
Floresta EC,2025-02-21,1617.7,Brazil
Floresta EC,2025-02-27,1631.51,Brazil
Floresta EC,2025-04-13,1612.68,Brazil
Floresta EC,2025-04-20,1597.54,Brazil
Floresta EC,2025-04-29,1588.28,Brazil
Floresta EC,2025-05-04,1581.36,Brazil
Floresta EC,2025-05-11,1579.32,Brazil
Floresta EC,2025-05-17,1572.92,Brazil
Floresta EC,2025-05-25,1567.28,Brazil
Floresta EC,2025-06-01,1572.06,Brazil
Floresta EC,2025-06-17,1571.31,Brazil
Floresta EC,2025-06-30,1600.31,Brazil
Floresta EC,2025-07-05,1612.78,Brazil
Floresta EC,2025-07-13,1613.82,Brazil
Floresta EC,2025-07-20,1631.98,Brazil
Floresta EC,2025-07-26,1658.47,Brazil
Floresta EC,2025-08-03,1651.87,Brazil
Floresta EC,2025-08-10,1641.58,Brazil
Floresta EC,2025-08-18,1647.19,Brazil
Floresta EC,2025-08-24,1660.03,Brazil
Floresta EC,2025-08-30,1712.5,Brazil
Floresta EC,2025-09-07,1684.72,Brazil
Floresta EC,2025-09-14,1657.2,Brazil
Floresta EC,2025-09-21,1635.94,Brazil
Floresta EC,2025-09-28,1640.66,Brazil
Floresta EC,2025-10-05,1632.85,Brazil
Floresta EC,2025-10-11,1647.35,Brazil
Floresta EC,2026-01-07,1671.3,Brazil
Floresta EC,2026-01-10,1745.49,Brazil
Floresta EC,2026-01-17,1752.0,Brazil
Floresta EC,2026-01-22,1717.34,Brazil
Floresta EC,2026-01-27,1724.76,Brazil
Floresta EC,2026-02-02,1663.57,Brazil
Floresta EC,2026-02-07,1668.28,Brazil
Floresta EC,2026-02-15,1640.94,Brazil
Floresta EC,2026-02-22,1604.8,Brazil
Floresta EC,2026-02-26,1588.73,Brazil
Floresta EC,2026-04-05,1551.4,Brazil
Floresta EC,2026-04-11,1555.13,Brazil
Floresta EC,2026-04-21,1591.93,Brazil
Floresta EC,2026-04-26,1603.44,Brazil
Floresta EC,2026-05-05,1609.71,Brazil
Floresta EC,2026-05-09,1634.7,Brazil
Floresta EC,2026-05-17,1630.24,Brazil
Floresta EC,2026-05-26,1666.1,Brazil
Floresta EC,2026-05-30,1662.18,Brazil
Floresta EC,2026-06-15,1671.77,Brazil
Floresta EC,2026-06-21,1666.26,Brazil
Floresta EC,2026-06-27,1685.33,Brazil
Floresta EC,2026-07-05,1676.38,Brazil
Floresta EC,2026-07-11,1677.2,Brazil
Fluminense,2023-07-25,1945.12,Brazil
Fluminense,2023-07-29,1953.59,Brazil
Fluminense,2023-08-02,1931.23,Brazil
Fluminense,2023-08-06,1951.82,Brazil
Fluminense,2023-08-09,1947.94,Brazil
Fluminense,2023-08-13,1972.78,Brazil
Fluminense,2023-08-19,1966.63,Brazil
Fluminense,2023-08-25,1969.64,Brazil
Fluminense,2023-08-27,1947.31,Brazil
Fluminense,2023-09-01,1928.16,Brazil
Fluminense,2023-09-03,1976.43,Brazil
Fluminense,2023-09-16,1983.42,Brazil
Fluminense,2023-09-21,1972.89,Brazil
Fluminense,2023-09-28,1955.1,Brazil
Fluminense,2023-09-30,1929.07,Brazil
Fluminense,2023-10-05,1913.83,Brazil
Fluminense,2023-10-08,1914.62,Brazil
Fluminense,2023-10-20,1908.93,Brazil
Fluminense,2023-10-22,1925.91,Brazil
Fluminense,2023-10-26,1934.05,Brazil
Fluminense,2023-10-29,1921.62,Brazil
Fluminense,2023-10-31,1867.34,Brazil
Fluminense,2023-11-04,1904.55,Brazil
Fluminense,2023-11-08,1895.39,Brazil
Fluminense,2023-11-11,1917.51,Brazil
Fluminense,2023-11-23,1911.38,Brazil
Fluminense,2023-11-26,1914.12,Brazil
Fluminense,2023-11-29,1906.22,Brazil
Fluminense,2023-12-03,1877.51,Brazil
Fluminense,2023-12-07,1863.01,Brazil
Fluminense,2023-12-18,1942.62,Brazil
Fluminense,2023-12-22,1951.74,Brazil
Fluminense,2024-01-19,1896.47,Brazil
Fluminense,2024-01-21,1878.77,Brazil
Fluminense,2024-01-26,1845.91,Brazil
Fluminense,2024-01-28,1783.99,Brazil
Fluminense,2024-02-02,1846.36,Brazil
Fluminense,2024-02-04,1860.49,Brazil
Fluminense,2024-02-09,1903.67,Brazil
Fluminense,2024-02-15,1924.97,Brazil
Fluminense,2024-02-17,1949.12,Brazil
Fluminense,2024-02-25,1952.48,Brazil
Fluminense,2024-03-03,1913.2,Brazil
Fluminense,2024-03-10,1909.2,Brazil
Fluminense,2024-03-17,1912.58,Brazil
Fluminense,2024-04-04,1919.27,Brazil
Fluminense,2024-04-10,1922.1,Brazil
Fluminense,2024-04-14,1936.89,Brazil
Fluminense,2024-04-17,1949.86,Brazil
Fluminense,2024-04-20,1940.15,Brazil
Fluminense,2024-04-26,1929.56,Brazil
Fluminense,2024-04-28,1938.41,Brazil
Fluminense,2024-05-01,1939.33,Brazil
Fluminense,2024-05-04,1926.56,Brazil
Fluminense,2024-05-10,1900.29,Brazil
Fluminense,2024-05-14,1880.12,Brazil
Fluminense,2024-05-17,1892.83,Brazil
Fluminense,2024-05-23,1916.57,Brazil
Fluminense,2024-05-30,1879.94,Brazil
Fluminense,2024-06-01,1883.55,Brazil
Fluminense,2024-06-12,1890.43,Brazil
Fluminense,2024-06-16,1877.42,Brazil
Fluminense,2024-06-20,1874.8,Brazil
Fluminense,2024-06-23,1862.03,Brazil
Fluminense,2024-06-28,1830.32,Brazil
Fluminense,2024-06-30,1824.3,Brazil
Fluminense,2024-07-05,1844.24,Brazil
Fluminense,2024-07-07,1839.08,Brazil
Fluminense,2024-07-12,1830.57,Brazil
Fluminense,2024-07-22,1848.79,Brazil
Fluminense,2024-07-25,1866.99,Brazil
Fluminense,2024-07-28,1897.44,Brazil
Fluminense,2024-08-02,1896.76,Brazil
Fluminense,2024-08-04,1915.95,Brazil
Fluminense,2024-08-08,1925.74,Brazil
Fluminense,2024-08-11,1933.33,Brazil
Fluminense,2024-08-14,1900.7,Brazil
Fluminense,2024-08-18,1880.51,Brazil
Fluminense,2024-08-21,1891.26,Brazil
Fluminense,2024-08-25,1906.54,Brazil
Fluminense,2024-09-01,1905.36,Brazil
Fluminense,2024-09-15,1907.84,Brazil
Fluminense,2024-09-19,1897.01,Brazil
Fluminense,2024-09-21,1884.76,Brazil
Fluminense,2024-09-26,1855.3,Brazil
Fluminense,2024-09-29,1875.97,Brazil
Fluminense,2024-10-04,1877.01,Brazil
Fluminense,2024-10-18,1875.93,Brazil
Fluminense,2024-10-23,1888.78,Brazil
Fluminense,2024-10-26,1891.23,Brazil
Fluminense,2024-11-02,1895.95,Brazil
Fluminense,2024-11-08,1889.08,Brazil
Fluminense,2024-11-23,1890.55,Brazil
Fluminense,2024-11-26,1902.74,Brazil
Fluminense,2024-12-01,1910.95,Brazil
Fluminense,2024-12-06,1921.57,Brazil
Fluminense,2024-12-08,1919.99,Brazil
Fluminense,2025-01-12,1878.99,Brazil
Fluminense,2025-01-16,1862.69,Brazil
Fluminense,2025-01-18,1893.24,Brazil
Fluminense,2025-01-24,1946.43,Brazil
Fluminense,2025-01-26,1966.93,Brazil
Fluminense,2025-01-30,1922.59,Brazil
Fluminense,2025-02-03,1961.26,Brazil
Fluminense,2025-02-06,1993.75,Brazil
Fluminense,2025-02-08,1932.03,Brazil
Fluminense,2025-02-16,1958.37,Brazil
Fluminense,2025-02-23,1965.22,Brazil
Fluminense,2025-02-26,1979.74,Brazil
Fluminense,2025-03-02,1999.84,Brazil
Fluminense,2025-03-05,2013.63,Brazil
Fluminense,2025-03-09,2021.26,Brazil
Fluminense,2025-03-13,2018.47,Brazil
Fluminense,2025-03-16,1998.97,Brazil
Fluminense,2025-03-29,1977.76,Brazil
Fluminense,2025-04-02,1942.27,Brazil
Fluminense,2025-04-06,1934.77,Brazil
Fluminense,2025-04-11,1963.33,Brazil
Fluminense,2025-04-14,1964.45,Brazil
Fluminense,2025-04-17,1994.29,Brazil
Fluminense,2025-04-20,1975.7,Brazil
Fluminense,2025-04-24,1898.07,Brazil
Fluminense,2025-04-27,1945.41,Brazil
Fluminense,2025-04-30,1961.46,Brazil
Fluminense,2025-05-03,1953.02,Brazil
Fluminense,2025-05-09,1904.89,Brazil
Fluminense,2025-05-11,1930.73,Brazil
Fluminense,2025-05-15,1919.51,Brazil
Fluminense,2025-05-18,1959.78,Brazil
Fluminense,2025-05-22,1965.53,Brazil
Fluminense,2025-05-24,1944.3,Brazil
Fluminense,2025-05-30,1945.85,Brazil
Fluminense,2025-06-02,1943.72,Brazil
Fluminense,2025-06-22,2039.26,Brazil
Fluminense,2025-06-25,2037.39,Brazil
Fluminense,2025-07-04,1982.52,Brazil
Fluminense,2025-07-08,1997.38,Brazil
Fluminense,2025-07-18,2003.84,Brazil
Fluminense,2025-07-21,1996.07,Brazil
Fluminense,2025-07-24,2033.01,Brazil
Fluminense,2025-07-27,1994.47,Brazil
Fluminense,2025-07-31,1981.71,Brazil
Fluminense,2025-08-03,1955.62,Brazil
Fluminense,2025-08-07,1938.45,Brazil
Fluminense,2025-08-10,1908.35,Brazil
Fluminense,2025-08-13,1871.81,Brazil
Fluminense,2025-08-16,1884.09,Brazil
Fluminense,2025-08-20,1855.55,Brazil
Fluminense,2025-08-23,1906.31,Brazil
Fluminense,2025-08-29,1931.22,Brazil
Fluminense,2025-08-31,1935.09,Brazil
Fluminense,2025-09-11,1993.56,Brazil
Fluminense,2025-09-14,1958.01,Brazil
Fluminense,2025-09-17,1947.49,Brazil
Fluminense,2025-09-20,1928.92,Brazil
Fluminense,2025-09-24,1943.05,Brazil
Fluminense,2025-09-28,1949.36,Brazil
Fluminense,2025-10-02,1975.27,Brazil
Fluminense,2025-10-04,1960.76,Brazil
Fluminense,2025-10-09,1966.7,Brazil
Fluminense,2025-10-17,1983.95,Brazil
Fluminense,2025-10-21,2007.78,Brazil
Fluminense,2025-10-25,2003.19,Brazil
Fluminense,2025-10-29,2007.93,Brazil
Fluminense,2025-11-02,2007.68,Brazil
Fluminense,2025-11-06,2000.27,Brazil
Fluminense,2025-11-09,1978.96,Brazil
Fluminense,2025-11-20,1970.2,Brazil
Fluminense,2025-11-23,1959.85,Brazil
Fluminense,2025-11-28,1997.18,Brazil
Fluminense,2025-12-03,2024.97,Brazil
Fluminense,2025-12-07,2014.02,Brazil
Fluminense,2025-12-12,2027.79,Brazil
Fluminense,2025-12-15,2010.11,Brazil
Fluminense,2026-01-14,1952.05,Brazil
Fluminense,2026-01-17,1917.18,Brazil
Fluminense,2026-01-23,1942.07,Brazil
Fluminense,2026-01-25,1863.25,Brazil
Fluminense,2026-01-28,1956.54,Brazil
Fluminense,2026-02-02,1964.28,Brazil
Fluminense,2026-02-05,1936.46,Brazil
Fluminense,2026-02-09,1975.9,Brazil
Fluminense,2026-02-12,1940.01,Brazil
Fluminense,2026-02-16,1949.28,Brazil
Fluminense,2026-02-22,1982.8,Brazil
Fluminense,2026-02-26,1947.92,Brazil
Fluminense,2026-03-01,1960.6,Brazil
Fluminense,2026-03-08,1959.26,Brazil
Fluminense,2026-03-12,1952.0,Brazil
Fluminense,2026-03-15,1949.34,Brazil
Fluminense,2026-03-19,1976.9,Brazil
Fluminense,2026-03-21,2006.95,Brazil
Fluminense,2026-04-02,2015.05,Brazil
Fluminense,2026-04-05,2005.87,Brazil
Fluminense,2026-04-08,1999.09,Brazil
Fluminense,2026-04-12,1966.28,Brazil
Fluminense,2026-04-16,1968.78,Brazil
Fluminense,2026-04-19,1971.48,Brazil
Fluminense,2026-04-24,1961.86,Brazil
Fluminense,2026-04-27,1966.95,Brazil
Fluminense,2026-05-01,1927.05,Brazil
Fluminense,2026-05-03,1936.96,Brazil
Fluminense,2026-05-07,1929.77,Brazil
Fluminense,2026-05-09,1934.14,Brazil
Fluminense,2026-05-13,1930.62,Brazil
Fluminense,2026-05-17,1940.29,Brazil
Fluminense,2026-05-20,1976.72,Brazil
Fluminense,2026-05-24,1978.63,Brazil
Fluminense,2026-05-28,1956.54,Brazil
Fluminense,2026-06-01,1972.07,Brazil
Fluminense,2026-07-18,1974.76,Brazil
Fluminense,2026-07-26,1967.53,Brazil
Fluminense,2026-08-01,1989.69,Brazil
Fortaleza EC,2023-07-22,1893.14,Brazil
Fortaleza EC,2023-07-29,1868.12,Brazil
Fortaleza EC,2023-08-02,1877.08,Brazil
Fortaleza EC,2023-08-05,1894.07,Brazil
Fortaleza EC,2023-08-09,1882.05,Brazil
Fortaleza EC,2023-08-13,1902.15,Brazil
Fortaleza EC,2023-08-19,1924.05,Brazil
Fortaleza EC,2023-08-25,1923.83,Brazil
Fortaleza EC,2023-08-27,1926.56,Brazil
Fortaleza EC,2023-09-01,1927.11,Brazil
Fortaleza EC,2023-09-03,1878.84,Brazil
Fortaleza EC,2023-09-15,1878.38,Brazil
Fortaleza EC,2023-09-21,1923.74,Brazil
Fortaleza EC,2023-09-27,1908.49,Brazil
Fortaleza EC,2023-09-30,1876.48,Brazil
Fortaleza EC,2023-10-04,1873.07,Brazil
Fortaleza EC,2023-10-08,1895.76,Brazil
Fortaleza EC,2023-10-19,1901.0,Brazil
Fortaleza EC,2023-10-21,1897.01,Brazil
Fortaleza EC,2023-10-28,1871.82,Brazil
Fortaleza EC,2023-11-02,1883.01,Brazil
Fortaleza EC,2023-11-05,1916.82,Brazil
Fortaleza EC,2023-11-09,1925.68,Brazil
Fortaleza EC,2023-11-12,1914.32,Brazil
Fortaleza EC,2023-11-18,1915.91,Brazil
Fortaleza EC,2023-11-23,1894.99,Brazil
Fortaleza EC,2023-11-26,1889.35,Brazil
Fortaleza EC,2023-12-01,1894.58,Brazil
Fortaleza EC,2023-12-03,1927.93,Brazil
Fortaleza EC,2023-12-07,1906.91,Brazil
Fortaleza EC,2024-01-20,1818.29,Brazil
Fortaleza EC,2024-01-28,1814.86,Brazil
Fortaleza EC,2024-02-01,1822.02,Brazil
Fortaleza EC,2024-02-03,1915.39,Brazil
Fortaleza EC,2024-02-08,1979.28,Brazil
Fortaleza EC,2024-02-11,1942.22,Brazil
Fortaleza EC,2024-02-14,1931.59,Brazil
Fortaleza EC,2024-02-17,1892.81,Brazil
Fortaleza EC,2024-02-22,1902.66,Brazil
Fortaleza EC,2024-03-04,1900.65,Brazil
Fortaleza EC,2024-03-07,1920.28,Brazil
Fortaleza EC,2024-03-10,1904.47,Brazil
Fortaleza EC,2024-03-15,1950.78,Brazil
Fortaleza EC,2024-03-17,1968.9,Brazil
Fortaleza EC,2024-03-21,1925.74,Brazil
Fortaleza EC,2024-03-24,1917.84,Brazil
Fortaleza EC,2024-03-28,1898.97,Brazil
Fortaleza EC,2024-03-30,1906.26,Brazil
Fortaleza EC,2024-04-04,1884.65,Brazil
Fortaleza EC,2024-04-11,1905.05,Brazil
Fortaleza EC,2024-04-14,1932.43,Brazil
Fortaleza EC,2024-04-18,1901.84,Brazil
Fortaleza EC,2024-04-26,1908.69,Brazil
Fortaleza EC,2024-04-28,1899.01,Brazil
Fortaleza EC,2024-05-02,1928.22,Brazil
Fortaleza EC,2024-05-05,1933.07,Brazil
Fortaleza EC,2024-05-09,1905.91,Brazil
Fortaleza EC,2024-05-12,1903.08,Brazil
Fortaleza EC,2024-05-16,1918.42,Brazil
Fortaleza EC,2024-05-22,1919.82,Brazil
Fortaleza EC,2024-05-26,1909.37,Brazil
Fortaleza EC,2024-05-30,1952.83,Brazil
Fortaleza EC,2024-06-02,1949.35,Brazil
Fortaleza EC,2024-06-06,1922.67,Brazil
Fortaleza EC,2024-06-09,1927.94,Brazil
Fortaleza EC,2024-06-14,1934.61,Brazil
Fortaleza EC,2024-06-16,1933.84,Brazil
Fortaleza EC,2024-06-20,1938.54,Brazil
Fortaleza EC,2024-06-23,1927.13,Brazil
Fortaleza EC,2024-06-27,1913.8,Brazil
Fortaleza EC,2024-06-30,1915.11,Brazil
Fortaleza EC,2024-07-04,1919.05,Brazil
Fortaleza EC,2024-07-07,1924.21,Brazil
Fortaleza EC,2024-07-12,1926.86,Brazil
Fortaleza EC,2024-07-18,1916.57,Brazil
Fortaleza EC,2024-07-21,1912.9,Brazil
Fortaleza EC,2024-07-25,1923.27,Brazil
Fortaleza EC,2024-07-28,1937.26,Brazil
Fortaleza EC,2024-08-06,1908.55,Brazil
Fortaleza EC,2024-08-10,1900.43,Brazil
Fortaleza EC,2024-08-15,1897.17,Brazil
Fortaleza EC,2024-08-17,1911.94,Brazil
Fortaleza EC,2024-08-22,1917.58,Brazil
Fortaleza EC,2024-08-25,1923.88,Brazil
Fortaleza EC,2024-09-01,1912.81,Brazil
Fortaleza EC,2024-09-12,1919.74,Brazil
Fortaleza EC,2024-09-14,1924.91,Brazil
Fortaleza EC,2024-09-18,1919.5,Brazil
Fortaleza EC,2024-09-22,1917.87,Brazil
Fortaleza EC,2024-09-25,1924.47,Brazil
Fortaleza EC,2024-09-29,1915.71,Brazil
Fortaleza EC,2024-10-05,1924.67,Brazil
Fortaleza EC,2024-10-17,1957.32,Brazil
Fortaleza EC,2024-10-26,1933.13,Brazil
Fortaleza EC,2024-11-02,1938.84,Brazil
Fortaleza EC,2024-11-09,1933.16,Brazil
Fortaleza EC,2024-11-23,1931.68,Brazil
Fortaleza EC,2024-11-27,1896.07,Brazil
Fortaleza EC,2024-12-01,1878.25,Brazil
Fortaleza EC,2024-12-05,1882.12,Brazil
Fortaleza EC,2024-12-08,1882.17,Brazil
Fortaleza EC,2025-01-23,1869.38,Brazil
Fortaleza EC,2025-01-25,1864.9,Brazil
Fortaleza EC,2025-01-28,1855.17,Brazil
Fortaleza EC,2025-01-31,1872.72,Brazil
Fortaleza EC,2025-02-01,1917.65,Brazil
Fortaleza EC,2025-02-05,1877.55,Brazil
Fortaleza EC,2025-02-08,1879.3,Brazil
Fortaleza EC,2025-02-12,1924.38,Brazil
Fortaleza EC,2025-02-20,1904.35,Brazil
Fortaleza EC,2025-03-01,1910.32,Brazil
Fortaleza EC,2025-03-05,1948.05,Brazil
Fortaleza EC,2025-03-08,1927.92,Brazil
Fortaleza EC,2025-03-15,1915.59,Brazil
Fortaleza EC,2025-03-20,1901.15,Brazil
Fortaleza EC,2025-03-22,1919.71,Brazil
Fortaleza EC,2025-03-27,1937.49,Brazil
Fortaleza EC,2025-03-29,1958.71,Brazil
Fortaleza EC,2025-04-02,1930.96,Brazil
Fortaleza EC,2025-04-06,1886.58,Brazil
Fortaleza EC,2025-04-11,1837.43,Brazil
Fortaleza EC,2025-04-14,1841.28,Brazil
Fortaleza EC,2025-04-17,1875.6,Brazil
Fortaleza EC,2025-04-20,1874.99,Brazil
Fortaleza EC,2025-04-24,1858.69,Brazil
Fortaleza EC,2025-04-27,1879.14,Brazil
Fortaleza EC,2025-04-30,1905.35,Brazil
Fortaleza EC,2025-05-03,1902.56,Brazil
Fortaleza EC,2025-05-07,1901.98,Brazil
Fortaleza EC,2025-05-10,1909.14,Brazil
Fortaleza EC,2025-05-14,1889.13,Brazil
Fortaleza EC,2025-05-17,1890.95,Brazil
Fortaleza EC,2025-05-22,1923.56,Brazil
Fortaleza EC,2025-05-26,1901.99,Brazil
Fortaleza EC,2025-05-30,1892.35,Brazil
Fortaleza EC,2025-06-01,1892.2,Brazil
Fortaleza EC,2025-06-13,1878.63,Brazil
Fortaleza EC,2025-07-10,1868.74,Brazil
Fortaleza EC,2025-07-14,1876.86,Brazil
Fortaleza EC,2025-07-19,1865.47,Brazil
Fortaleza EC,2025-07-26,1893.28,Brazil
Fortaleza EC,2025-07-30,1870.34,Brazil
Fortaleza EC,2025-08-03,1892.45,Brazil
Fortaleza EC,2025-08-10,1917.8,Brazil
Fortaleza EC,2025-08-13,1894.78,Brazil
Fortaleza EC,2025-08-16,1882.51,Brazil
Fortaleza EC,2025-08-20,1860.53,Brazil
Fortaleza EC,2025-08-24,1834.82,Brazil
Fortaleza EC,2025-09-01,1840.4,Brazil
Fortaleza EC,2025-09-13,1845.93,Brazil
Fortaleza EC,2025-09-21,1862.51,Brazil
Fortaleza EC,2025-09-27,1866.47,Brazil
Fortaleza EC,2025-10-03,1860.46,Brazil
Fortaleza EC,2025-10-05,1845.43,Brazil
Fortaleza EC,2025-10-16,1836.03,Brazil
Fortaleza EC,2025-10-19,1833.78,Brazil
Fortaleza EC,2025-10-26,1849.17,Brazil
Fortaleza EC,2025-11-01,1850.72,Brazil
Fortaleza EC,2025-11-07,1870.55,Brazil
Fortaleza EC,2025-11-10,1862.73,Brazil
Fortaleza EC,2025-11-13,1839.77,Brazil
Fortaleza EC,2025-11-20,1835.95,Brazil
Fortaleza EC,2025-11-26,1833.72,Brazil
Fortaleza EC,2025-11-30,1841.43,Brazil
Fortaleza EC,2025-12-03,1874.08,Brazil
Fortaleza EC,2025-12-07,1908.87,Brazil
Fortaleza EC,2026-01-11,1926.53,Brazil
Fortaleza EC,2026-01-16,1906.73,Brazil
Fortaleza EC,2026-01-18,1912.03,Brazil
Fortaleza EC,2026-01-23,1888.11,Brazil
Fortaleza EC,2026-01-27,1880.68,Brazil
Fortaleza EC,2026-01-31,1903.79,Brazil
Fortaleza EC,2026-02-08,1919.36,Brazil
Fortaleza EC,2026-02-14,1931.59,Brazil
Fortaleza EC,2026-02-21,1932.24,Brazil
Fortaleza EC,2026-02-25,1924.66,Brazil
Fortaleza EC,2026-03-01,1908.28,Brazil
Fortaleza EC,2026-03-08,1907.37,Brazil
Fortaleza EC,2026-03-11,1891.5,Brazil
Fortaleza EC,2026-03-17,1881.82,Brazil
Fortaleza EC,2026-03-21,1882.82,Brazil
Fortaleza EC,2026-03-25,1894.84,Brazil
Fortaleza EC,2026-03-28,1888.63,Brazil
Fortaleza EC,2026-04-01,1851.32,Brazil
Fortaleza EC,2026-04-04,1868.35,Brazil
Fortaleza EC,2026-04-09,1888.26,Brazil
Fortaleza EC,2026-04-12,1867.66,Brazil
Fortaleza EC,2026-04-17,1907.36,Brazil
Fortaleza EC,2026-04-20,1917.54,Brazil
Fortaleza EC,2026-04-23,1884.34,Brazil
Fortaleza EC,2026-04-26,1826.3,Brazil
Fortaleza EC,2026-04-30,1833.71,Brazil
Fortaleza EC,2026-05-03,1875.66,Brazil
Fortaleza EC,2026-05-08,1866.49,Brazil
Fortaleza EC,2026-05-10,1862.72,Brazil
Fortaleza EC,2026-05-15,1850.76,Brazil
Fortaleza EC,2026-05-17,1841.35,Brazil
Fortaleza EC,2026-05-21,1808.49,Brazil
Fortaleza EC,2026-05-23,1820.22,Brazil
Fortaleza EC,2026-05-28,1846.87,Brazil
Fortaleza EC,2026-05-30,1815.31,Brazil
Fortaleza EC,2026-06-03,1801.83,Brazil
Fortaleza EC,2026-06-06,1818.92,Brazil
Fortaleza EC,2026-06-10,1797.63,Brazil
Fortaleza EC,2026-06-17,1807.86,Brazil
Fortaleza EC,2026-06-21,1823.97,Brazil
Fortaleza EC,2026-06-28,1834.49,Brazil
Fortaleza EC,2026-07-03,1838.72,Brazil
Fortaleza EC,2026-07-12,1853.6,Brazil
Fortaleza EC,2026-07-18,1844.57,Brazil
Fortaleza EC,2026-07-22,1836.61,Brazil
Goias EC,2023-07-23,1787.46,Brazil
Goias EC,2023-07-30,1799.53,Brazil
Goias EC,2023-08-03,1785.91,Brazil
Goias EC,2023-08-05,1768.93,Brazil
Goias EC,2023-08-10,1791.32,Brazil
Goias EC,2023-08-13,1797.68,Brazil
Goias EC,2023-08-22,1752.28,Brazil
Goias EC,2023-08-27,1783.35,Brazil
Goias EC,2023-09-02,1775.99,Brazil
Goias EC,2023-09-16,1762.53,Brazil
Goias EC,2023-09-21,1797.2,Brazil
Goias EC,2023-10-03,1794.41,Brazil
Goias EC,2023-10-07,1789.47,Brazil
Goias EC,2023-10-19,1783.29,Brazil
Goias EC,2023-10-21,1804.45,Brazil
Goias EC,2023-10-26,1796.31,Brazil
Goias EC,2023-10-29,1803.11,Brazil
Goias EC,2023-11-02,1804.08,Brazil
Goias EC,2023-11-05,1803.48,Brazil
Goias EC,2023-11-09,1803.92,Brazil
Goias EC,2023-11-12,1815.58,Brazil
Goias EC,2023-11-28,1817.88,Brazil
Goias EC,2023-11-30,1803.46,Brazil
Goias EC,2023-12-03,1770.11,Brazil
Goias EC,2023-12-06,1761.17,Brazil
Goias EC,2024-01-18,1764.07,Brazil
Goias EC,2024-01-21,1800.11,Brazil
Goias EC,2024-01-24,1816.24,Brazil
Goias EC,2024-01-27,1817.97,Brazil
Goias EC,2024-01-31,1852.74,Brazil
Goias EC,2024-02-04,1861.13,Brazil
Goias EC,2024-02-07,1859.41,Brazil
Goias EC,2024-02-10,1837.37,Brazil
Goias EC,2024-02-14,1845.07,Brazil
Goias EC,2024-02-18,1874.47,Brazil
Goias EC,2024-02-25,1854.72,Brazil
Goias EC,2024-03-02,1869.16,Brazil
Goias EC,2024-03-06,1888.03,Brazil
Goias EC,2024-03-10,1872.54,Brazil
Goias EC,2024-03-21,1887.6,Brazil
Goias EC,2024-03-24,1879.34,Brazil
Goias EC,2024-04-20,1875.18,Brazil
Goias EC,2024-04-28,1871.14,Brazil
Goias EC,2024-05-03,1832.47,Brazil
Goias EC,2024-05-05,1810.17,Brazil
Goias EC,2024-05-11,1830.09,Brazil
Goias EC,2024-05-16,1833.53,Brazil
Goias EC,2024-05-18,1838.79,Brazil
Goias EC,2024-05-24,1827.92,Brazil
Goias EC,2024-05-28,1828.75,Brazil
Goias EC,2024-06-01,1830.28,Brazil
Goias EC,2024-06-12,1828.5,Brazil
Goias EC,2024-06-16,1833.94,Brazil
Goias EC,2024-06-20,1831.78,Brazil
Goias EC,2024-06-23,1817.99,Brazil
Goias EC,2024-07-02,1822.61,Brazil
Goias EC,2024-07-06,1819.74,Brazil
Goias EC,2024-07-18,1833.41,Brazil
Goias EC,2024-07-21,1816.65,Brazil
Goias EC,2024-07-26,1808.53,Brazil
Goias EC,2024-07-31,1797.47,Brazil
Goias EC,2024-08-04,1794.3,Brazil
Goias EC,2024-08-09,1773.8,Brazil
Goias EC,2024-08-13,1763.21,Brazil
Goias EC,2024-08-17,1775.32,Brazil
Goias EC,2024-08-22,1788.97,Brazil
Goias EC,2024-08-24,1785.99,Brazil
Goias EC,2024-09-01,1791.51,Brazil
Goias EC,2024-09-10,1786.56,Brazil
Goias EC,2024-09-14,1780.89,Brazil
Goias EC,2024-09-19,1765.89,Brazil
Goias EC,2024-09-21,1767.84,Brazil
Goias EC,2024-09-28,1775.38,Brazil
Goias EC,2024-10-08,1782.82,Brazil
Goias EC,2024-10-13,1795.0,Brazil
Goias EC,2024-10-18,1790.18,Brazil
Goias EC,2024-10-22,1805.49,Brazil
Goias EC,2024-10-26,1803.32,Brazil
Goias EC,2024-10-29,1786.02,Brazil
Goias EC,2024-11-02,1807.64,Brazil
Goias EC,2024-11-09,1815.1,Brazil
Goias EC,2024-11-16,1855.78,Brazil
Goias EC,2024-11-24,1818.87,Brazil
Goias EC,2025-01-15,1820.4,Brazil
Goias EC,2025-01-18,1835.42,Brazil
Goias EC,2025-01-22,1864.22,Brazil
Goias EC,2025-01-25,1839.91,Brazil
Goias EC,2025-01-28,1849.44,Brazil
Goias EC,2025-02-02,1860.88,Brazil
Goias EC,2025-02-06,1865.09,Brazil
Goias EC,2025-02-09,1848.59,Brazil
Goias EC,2025-02-13,1833.09,Brazil
Goias EC,2025-02-16,1847.72,Brazil
Goias EC,2025-02-20,1843.38,Brazil
Goias EC,2025-02-23,1847.8,Brazil
Goias EC,2025-02-26,1867.74,Brazil
Goias EC,2025-03-02,1865.34,Brazil
Goias EC,2025-03-05,1850.43,Brazil
Goias EC,2025-03-09,1837.6,Brazil
Goias EC,2025-03-13,1842.04,Brazil
Goias EC,2025-03-16,1823.79,Brazil
Goias EC,2025-03-19,1842.93,Brazil
Goias EC,2025-04-05,1850.67,Brazil
Goias EC,2025-04-10,1854.58,Brazil
Goias EC,2025-04-13,1834.12,Brazil
Goias EC,2025-04-18,1832.49,Brazil
Goias EC,2025-04-21,1833.36,Brazil
Goias EC,2025-04-24,1826.87,Brazil
Goias EC,2025-04-29,1864.33,Brazil
Goias EC,2025-05-06,1845.45,Brazil
Goias EC,2025-05-10,1848.99,Brazil
Goias EC,2025-05-18,1831.33,Brazil
Goias EC,2025-05-24,1823.14,Brazil
Goias EC,2025-05-31,1831.24,Brazil
Goias EC,2025-06-08,1832.71,Brazil
Goias EC,2025-06-14,1821.71,Brazil
Goias EC,2025-06-24,1816.88,Brazil
Goias EC,2025-06-30,1812.41,Brazil
Goias EC,2025-07-09,1823.43,Brazil
Goias EC,2025-07-13,1820.97,Brazil
Goias EC,2025-07-19,1820.86,Brazil
Goias EC,2025-07-24,1836.13,Brazil
Goias EC,2025-07-30,1851.04,Brazil
Goias EC,2025-08-03,1857.91,Brazil
Goias EC,2025-08-09,1848.92,Brazil
Goias EC,2025-08-16,1854.74,Brazil
Goias EC,2025-08-23,1860.83,Brazil
Goias EC,2025-08-30,1856.61,Brazil
Goias EC,2025-09-08,1841.77,Brazil
Goias EC,2025-09-13,1830.82,Brazil
Goias EC,2025-09-20,1820.66,Brazil
Goias EC,2025-09-24,1828.73,Brazil
Goias EC,2025-10-01,1813.62,Brazil
Goias EC,2025-10-04,1814.55,Brazil
Goias EC,2025-10-08,1819.53,Brazil
Goias EC,2025-10-11,1820.09,Brazil
Goias EC,2025-10-20,1826.99,Brazil
Goias EC,2025-10-26,1814.24,Brazil
Goias EC,2025-11-01,1812.53,Brazil
Goias EC,2025-11-08,1825.54,Brazil
Goias EC,2025-11-16,1817.06,Brazil
Goias EC,2025-11-23,1805.96,Brazil
Goias EC,2026-01-11,1803.0,Brazil
Goias EC,2026-01-15,1808.33,Brazil
Goias EC,2026-01-18,1796.68,Brazil
Goias EC,2026-01-22,1787.11,Brazil
Goias EC,2026-01-24,1782.99,Brazil
Goias EC,2026-01-29,1778.74,Brazil
Goias EC,2026-02-01,1789.01,Brazil
Goias EC,2026-02-07,1793.52,Brazil
Goias EC,2026-02-11,1805.75,Brazil
Goias EC,2026-02-14,1834.53,Brazil
Goias EC,2026-02-21,1837.5,Brazil
Goias EC,2026-02-26,1861.48,Brazil
Goias EC,2026-02-28,1859.79,Brazil
Goias EC,2026-03-07,1863.38,Brazil
Goias EC,2026-03-11,1876.08,Brazil
Goias EC,2026-03-15,1851.84,Brazil
Goias EC,2026-03-19,1830.59,Brazil
Goias EC,2026-03-22,1834.93,Brazil
Goias EC,2026-04-02,1829.98,Brazil
Goias EC,2026-04-07,1825.66,Brazil
Goias EC,2026-04-11,1836.68,Brazil
Goias EC,2026-04-19,1811.23,Brazil
Goias EC,2026-04-23,1793.3,Brazil
Goias EC,2026-04-26,1806.34,Brazil
Goias EC,2026-05-03,1764.38,Brazil
Goias EC,2026-05-09,1720.77,Brazil
Goias EC,2026-05-13,1690.65,Brazil
Goias EC,2026-05-16,1724.05,Brazil
Goias EC,2026-05-25,1743.03,Brazil
Goias EC,2026-05-30,1744.95,Brazil
Goias EC,2026-06-11,1770.84,Brazil
Goias EC,2026-06-14,1755.99,Brazil
Goias EC,2026-06-21,1750.53,Brazil
Goias EC,2026-06-28,1742.14,Brazil
Goias EC,2026-07-05,1743.68,Brazil
Goias EC,2026-07-13,1740.28,Brazil
Goias EC,2026-07-18,1773.97,Brazil
Goias EC,2026-07-23,1775.36,Brazil
Gremio Porto Alegre,2023-07-23,1958.26,Brazil
Gremio Porto Alegre,2023-07-27,1967.62,Brazil
Gremio Porto Alegre,2023-07-30,1955.55,Brazil
Gremio Porto Alegre,2023-08-06,1947.56,Brazil
Gremio Porto Alegre,2023-08-13,1922.72,Brazil
Gremio Porto Alegre,2023-08-17,1953.72,Brazil
Gremio Porto Alegre,2023-08-20,1920.93,Brazil
Gremio Porto Alegre,2023-08-28,1919.0,Brazil
Gremio Porto Alegre,2023-09-03,1930.63,Brazil
Gremio Porto Alegre,2023-09-15,1923.6,Brazil
Gremio Porto Alegre,2023-09-19,1921.04,Brazil
Gremio Porto Alegre,2023-09-22,1911.16,Brazil
Gremio Porto Alegre,2023-09-30,1943.17,Brazil
Gremio Porto Alegre,2023-10-08,1935.11,Brazil
Gremio Porto Alegre,2023-10-19,1939.13,Brazil
Gremio Porto Alegre,2023-10-21,1907.35,Brazil
Gremio Porto Alegre,2023-10-26,1873.08,Brazil
Gremio Porto Alegre,2023-10-29,1862.55,Brazil
Gremio Porto Alegre,2023-11-02,1866.33,Brazil
Gremio Porto Alegre,2023-11-04,1868.6,Brazil
Gremio Porto Alegre,2023-11-10,1875.93,Brazil
Gremio Porto Alegre,2023-11-12,1891.21,Brazil
Gremio Porto Alegre,2023-11-26,1897.94,Brazil
Gremio Porto Alegre,2023-11-30,1912.36,Brazil
Gremio Porto Alegre,2023-12-03,1912.46,Brazil
Gremio Porto Alegre,2023-12-07,1926.95,Brazil
Gremio Porto Alegre,2024-01-20,1959.92,Brazil
Gremio Porto Alegre,2024-01-25,1968.78,Brazil
Gremio Porto Alegre,2024-01-28,1931.29,Brazil
Gremio Porto Alegre,2024-02-01,1954.67,Brazil
Gremio Porto Alegre,2024-02-03,1948.27,Brazil
Gremio Porto Alegre,2024-02-07,1913.05,Brazil
Gremio Porto Alegre,2024-02-10,1908.0,Brazil
Gremio Porto Alegre,2024-02-14,1894.15,Brazil
Gremio Porto Alegre,2024-02-17,1898.57,Brazil
Gremio Porto Alegre,2024-02-25,1906.69,Brazil
Gremio Porto Alegre,2024-03-02,1900.16,Brazil
Gremio Porto Alegre,2024-03-10,1908.43,Brazil
Gremio Porto Alegre,2024-03-16,1921.0,Brazil
Gremio Porto Alegre,2024-03-27,1927.11,Brazil
Gremio Porto Alegre,2024-03-30,1936.92,Brazil
Gremio Porto Alegre,2024-04-03,1855.4,Brazil
Gremio Porto Alegre,2024-04-10,1841.35,Brazil
Gremio Porto Alegre,2024-04-14,1880.16,Brazil
Gremio Porto Alegre,2024-04-18,1835.22,Brazil
Gremio Porto Alegre,2024-04-20,1874.66,Brazil
Gremio Porto Alegre,2024-04-24,1901.76,Brazil
Gremio Porto Alegre,2024-04-28,1905.22,Brazil
Gremio Porto Alegre,2024-05-01,1903.46,Brazil
Gremio Porto Alegre,2024-05-30,1894.65,Brazil
Gremio Porto Alegre,2024-06-01,1881.18,Brazil
Gremio Porto Alegre,2024-06-05,1877.01,Brazil
Gremio Porto Alegre,2024-06-09,1931.2,Brazil
Gremio Porto Alegre,2024-06-14,1942.32,Brazil
Gremio Porto Alegre,2024-06-16,1885.14,Brazil
Gremio Porto Alegre,2024-06-20,1880.44,Brazil
Gremio Porto Alegre,2024-06-22,1882.03,Brazil
Gremio Porto Alegre,2024-06-27,1875.68,Brazil
Gremio Porto Alegre,2024-06-30,1881.69,Brazil
Gremio Porto Alegre,2024-07-05,1895.83,Brazil
Gremio Porto Alegre,2024-07-07,1902.54,Brazil
Gremio Porto Alegre,2024-07-10,1892.08,Brazil
Gremio Porto Alegre,2024-07-14,1892.99,Brazil
Gremio Porto Alegre,2024-07-18,1871.43,Brazil
Gremio Porto Alegre,2024-07-21,1867.36,Brazil
Gremio Porto Alegre,2024-07-26,1860.68,Brazil
Gremio Porto Alegre,2024-07-29,1889.02,Brazil
Gremio Porto Alegre,2024-08-01,1888.53,Brazil
Gremio Porto Alegre,2024-08-04,1892.93,Brazil
Gremio Porto Alegre,2024-08-08,1905.38,Brazil
Gremio Porto Alegre,2024-08-11,1886.44,Brazil
Gremio Porto Alegre,2024-08-14,1919.07,Brazil
Gremio Porto Alegre,2024-08-17,1884.05,Brazil
Gremio Porto Alegre,2024-08-21,1873.3,Brazil
Gremio Porto Alegre,2024-08-25,1888.01,Brazil
Gremio Porto Alegre,2024-09-01,1911.55,Brazil
Gremio Porto Alegre,2024-09-15,1912.53,Brazil
Gremio Porto Alegre,2024-09-22,1938.34,Brazil
Gremio Porto Alegre,2024-09-26,1922.14,Brazil
Gremio Porto Alegre,2024-09-29,1928.91,Brazil
Gremio Porto Alegre,2024-10-05,1919.95,Brazil
Gremio Porto Alegre,2024-10-10,1912.36,Brazil
Gremio Porto Alegre,2024-10-19,1918.76,Brazil
Gremio Porto Alegre,2024-10-26,1929.28,Brazil
Gremio Porto Alegre,2024-11-02,1924.56,Brazil
Gremio Porto Alegre,2024-11-09,1924.4,Brazil
Gremio Porto Alegre,2024-11-20,1900.64,Brazil
Gremio Porto Alegre,2024-11-28,1902.48,Brazil
Gremio Porto Alegre,2024-12-01,1904.03,Brazil
Gremio Porto Alegre,2024-12-05,1896.18,Brazil
Gremio Porto Alegre,2024-12-08,1892.53,Brazil
Gremio Porto Alegre,2025-01-23,1926.8,Brazil
Gremio Porto Alegre,2025-01-27,1945.78,Brazil
Gremio Porto Alegre,2025-01-30,1917.61,Brazil
Gremio Porto Alegre,2025-02-01,1924.28,Brazil
Gremio Porto Alegre,2025-02-06,1931.41,Brazil
Gremio Porto Alegre,2025-02-09,1935.33,Brazil
Gremio Porto Alegre,2025-02-12,1933.12,Brazil
Gremio Porto Alegre,2025-02-15,1912.98,Brazil
Gremio Porto Alegre,2025-02-19,1963.85,Brazil
Gremio Porto Alegre,2025-02-23,1982.03,Brazil
Gremio Porto Alegre,2025-03-01,1978.87,Brazil
Gremio Porto Alegre,2025-03-08,1966.4,Brazil
Gremio Porto Alegre,2025-03-12,1980.57,Brazil
Gremio Porto Alegre,2025-03-16,1957.26,Brazil
Gremio Porto Alegre,2025-03-29,1964.8,Brazil
Gremio Porto Alegre,2025-04-03,1948.24,Brazil
Gremio Porto Alegre,2025-04-05,1919.99,Brazil
Gremio Porto Alegre,2025-04-09,1918.74,Brazil
Gremio Porto Alegre,2025-04-13,1905.03,Brazil
Gremio Porto Alegre,2025-04-17,1920.08,Brazil
Gremio Porto Alegre,2025-04-20,1903.65,Brazil
Gremio Porto Alegre,2025-04-25,1888.26,Brazil
Gremio Porto Alegre,2025-04-27,1882.97,Brazil
Gremio Porto Alegre,2025-05-01,1901.22,Brazil
Gremio Porto Alegre,2025-05-04,1912.46,Brazil
Gremio Porto Alegre,2025-05-08,1909.02,Brazil
Gremio Porto Alegre,2025-05-10,1899.12,Brazil
Gremio Porto Alegre,2025-05-14,1901.38,Brazil
Gremio Porto Alegre,2025-05-18,1898.88,Brazil
Gremio Porto Alegre,2025-05-21,1902.1,Brazil
Gremio Porto Alegre,2025-05-25,1868.7,Brazil
Gremio Porto Alegre,2025-05-30,1895.53,Brazil
Gremio Porto Alegre,2025-06-01,1887.29,Brazil
Gremio Porto Alegre,2025-06-13,1884.12,Brazil
Gremio Porto Alegre,2025-07-14,1856.08,Brazil
Gremio Porto Alegre,2025-07-17,1838.5,Brazil
Gremio Porto Alegre,2025-07-19,1858.68,Brazil
Gremio Porto Alegre,2025-07-24,1845.51,Brazil
Gremio Porto Alegre,2025-07-27,1849.26,Brazil
Gremio Porto Alegre,2025-07-30,1872.2,Brazil
Gremio Porto Alegre,2025-08-03,1898.3,Brazil
Gremio Porto Alegre,2025-08-11,1910.9,Brazil
Gremio Porto Alegre,2025-08-17,1894.08,Brazil
Gremio Porto Alegre,2025-08-24,1886.13,Brazil
Gremio Porto Alegre,2025-08-31,1882.01,Brazil
Gremio Porto Alegre,2025-09-13,1874.49,Brazil
Gremio Porto Alegre,2025-09-21,1881.76,Brazil
Gremio Porto Alegre,2025-09-25,1888.84,Brazil
Gremio Porto Alegre,2025-09-28,1874.76,Brazil
Gremio Porto Alegre,2025-10-02,1857.91,Brazil
Gremio Porto Alegre,2025-10-04,1856.51,Brazil
Gremio Porto Alegre,2025-10-17,1830.12,Brazil
Gremio Porto Alegre,2025-10-20,1812.06,Brazil
Gremio Porto Alegre,2025-10-26,1812.4,Brazil
Gremio Porto Alegre,2025-11-02,1823.8,Brazil
Gremio Porto Alegre,2025-11-06,1832.97,Brazil
Gremio Porto Alegre,2025-11-10,1840.79,Brazil
Gremio Porto Alegre,2025-11-20,1861.54,Brazil
Gremio Porto Alegre,2025-11-22,1884.17,Brazil
Gremio Porto Alegre,2025-11-26,1923.2,Brazil
Gremio Porto Alegre,2025-12-03,1895.41,Brazil
Gremio Porto Alegre,2025-12-07,1913.5,Brazil
Gremio Porto Alegre,2026-01-11,1926.32,Brazil
Gremio Porto Alegre,2026-01-15,1935.49,Brazil
Gremio Porto Alegre,2026-01-17,1952.35,Brazil
Gremio Porto Alegre,2026-01-22,1939.53,Brazil
Gremio Porto Alegre,2026-01-26,1966.03,Brazil
Gremio Porto Alegre,2026-01-28,1872.74,Brazil
Gremio Porto Alegre,2026-01-31,1831.88,Brazil
Gremio Porto Alegre,2026-02-05,1777.95,Brazil
Gremio Porto Alegre,2026-02-07,1814.4,Brazil
Gremio Porto Alegre,2026-02-12,1828.77,Brazil
Gremio Porto Alegre,2026-02-15,1878.03,Brazil
Gremio Porto Alegre,2026-02-22,1901.24,Brazil
Gremio Porto Alegre,2026-02-26,1893.96,Brazil
Gremio Porto Alegre,2026-03-01,1880.66,Brazil
Gremio Porto Alegre,2026-03-08,1874.09,Brazil
Gremio Porto Alegre,2026-03-13,1860.45,Brazil
Gremio Porto Alegre,2026-03-17,1880.66,Brazil
Gremio Porto Alegre,2026-03-19,1880.75,Brazil
Gremio Porto Alegre,2026-03-22,1856.38,Brazil
Gremio Porto Alegre,2026-04-03,1869.3,Brazil
Gremio Porto Alegre,2026-04-06,1875.74,Brazil
Gremio Porto Alegre,2026-04-09,1873.08,Brazil
Gremio Porto Alegre,2026-04-12,1873.82,Brazil
Gremio Porto Alegre,2026-04-15,1880.09,Brazil
Gremio Porto Alegre,2026-04-19,1879.86,Brazil
Gremio Porto Alegre,2026-04-22,1891.25,Brazil
Gremio Porto Alegre,2026-04-26,1887.67,Brazil
Gremio Porto Alegre,2026-04-30,1876.2,Brazil
Gremio Porto Alegre,2026-05-03,1884.18,Brazil
Gremio Porto Alegre,2026-05-06,1880.99,Brazil
Gremio Porto Alegre,2026-05-11,1870.89,Brazil
Gremio Porto Alegre,2026-05-15,1887.98,Brazil
Gremio Porto Alegre,2026-05-17,1872.19,Brazil
Gremio Porto Alegre,2026-05-21,1857.07,Brazil
Gremio Porto Alegre,2026-05-24,1886.97,Brazil
Gremio Porto Alegre,2026-05-27,1862.21,Brazil
Gremio Porto Alegre,2026-05-30,1836.45,Brazil
Gremio Porto Alegre,2026-07-18,1817.7,Brazil
Gremio Porto Alegre,2026-07-24,1814.6,Brazil
Gremio Porto Alegre,2026-07-26,1821.83,Brazil
Guarani SP,2023-07-23,1735.86,Brazil
Guarani SP,2023-07-29,1738.95,Brazil
Guarani SP,2023-08-03,1730.97,Brazil
Guarani SP,2023-08-05,1740.54,Brazil
Guarani SP,2023-08-13,1734.04,Brazil
Guarani SP,2023-08-19,1744.74,Brazil
Guarani SP,2023-08-26,1735.28,Brazil
Guarani SP,2023-09-02,1736.16,Brazil
Guarani SP,2023-09-06,1747.01,Brazil
Guarani SP,2023-09-17,1757.33,Brazil
Guarani SP,2023-09-23,1755.93,Brazil
Guarani SP,2023-09-30,1763.01,Brazil
Guarani SP,2023-10-07,1755.62,Brazil
Guarani SP,2023-10-15,1759.58,Brazil
Guarani SP,2023-10-21,1751.69,Brazil
Guarani SP,2023-10-28,1757.47,Brazil
Guarani SP,2023-11-04,1758.95,Brazil
Guarani SP,2023-11-14,1745.47,Brazil
Guarani SP,2023-11-19,1744.72,Brazil
Guarani SP,2023-11-25,1707.4,Brazil
Guarani SP,2024-01-21,1724.37,Brazil
Guarani SP,2024-01-25,1707.59,Brazil
Guarani SP,2024-01-28,1732.17,Brazil
Guarani SP,2024-02-01,1752.01,Brazil
Guarani SP,2024-02-04,1745.65,Brazil
Guarani SP,2024-02-09,1736.8,Brazil
Guarani SP,2024-02-13,1757.38,Brazil
Guarani SP,2024-02-15,1746.23,Brazil
Guarani SP,2024-02-18,1739.28,Brazil
Guarani SP,2024-02-25,1736.45,Brazil
Guarani SP,2024-03-01,1714.91,Brazil
Guarani SP,2024-03-10,1741.1,Brazil
Guarani SP,2024-04-23,1771.82,Brazil
Guarani SP,2024-04-27,1766.1,Brazil
Guarani SP,2024-05-07,1758.41,Brazil
Guarani SP,2024-05-11,1779.37,Brazil
Guarani SP,2024-05-15,1763.05,Brazil
Guarani SP,2024-05-21,1731.68,Brazil
Guarani SP,2024-05-26,1718.14,Brazil
Guarani SP,2024-06-05,1715.1,Brazil
Guarani SP,2024-06-08,1723.47,Brazil
Guarani SP,2024-06-15,1718.16,Brazil
Guarani SP,2024-06-19,1707.51,Brazil
Guarani SP,2024-06-22,1705.57,Brazil
Guarani SP,2024-06-30,1702.78,Brazil
Guarani SP,2024-07-07,1704.36,Brazil
Guarani SP,2024-07-13,1692.56,Brazil
Guarani SP,2024-07-21,1709.32,Brazil
Guarani SP,2024-07-25,1705.65,Brazil
Guarani SP,2024-07-28,1708.25,Brazil
Guarani SP,2024-08-07,1720.12,Brazil
Guarani SP,2024-08-13,1717.72,Brazil
Guarani SP,2024-08-17,1723.66,Brazil
Guarani SP,2024-08-22,1725.77,Brazil
Guarani SP,2024-09-04,1727.99,Brazil
Guarani SP,2024-09-08,1748.3,Brazil
Guarani SP,2024-09-14,1745.97,Brazil
Guarani SP,2024-09-18,1745.71,Brazil
Guarani SP,2024-09-25,1741.22,Brazil
Guarani SP,2024-10-01,1741.81,Brazil
Guarani SP,2024-10-05,1736.51,Brazil
Guarani SP,2024-10-10,1736.33,Brazil
Guarani SP,2024-10-15,1729.97,Brazil
Guarani SP,2024-10-20,1729.88,Brazil
Guarani SP,2024-10-25,1728.47,Brazil
Guarani SP,2024-10-30,1718.95,Brazil
Guarani SP,2024-11-02,1697.33,Brazil
Guarani SP,2024-11-13,1710.95,Brazil
Guarani SP,2024-11-17,1722.69,Brazil
Guarani SP,2024-11-24,1671.36,Brazil
Guarani SP,2025-01-15,1673.08,Brazil
Guarani SP,2025-01-18,1675.18,Brazil
Guarani SP,2025-01-23,1687.87,Brazil
Guarani SP,2025-01-27,1704.42,Brazil
Guarani SP,2025-01-29,1700.77,Brazil
Guarani SP,2025-02-02,1726.91,Brazil
Guarani SP,2025-02-06,1736.24,Brazil
Guarani SP,2025-02-09,1749.2,Brazil
Guarani SP,2025-02-13,1734.5,Brazil
Guarani SP,2025-02-16,1731.66,Brazil
Guarani SP,2025-02-19,1730.6,Brazil
Guarani SP,2025-02-23,1758.05,Brazil
Guarani SP,2025-04-13,1752.26,Brazil
Guarani SP,2025-04-21,1733.31,Brazil
Guarani SP,2025-04-29,1733.53,Brazil
Guarani SP,2025-05-05,1755.44,Brazil
Guarani SP,2025-05-10,1736.23,Brazil
Guarani SP,2025-05-17,1742.62,Brazil
Guarani SP,2025-05-27,1744.74,Brazil
Guarani SP,2025-05-31,1733.7,Brazil
Guarani SP,2025-06-16,1750.24,Brazil
Guarani SP,2025-06-28,1718.67,Brazil
Guarani SP,2025-07-06,1676.38,Brazil
Guarani SP,2025-07-13,1682.56,Brazil
Guarani SP,2025-07-22,1654.7,Brazil
Guarani SP,2025-07-26,1680.39,Brazil
Guarani SP,2025-08-02,1690.08,Brazil
Guarani SP,2025-08-10,1685.69,Brazil
Guarani SP,2025-08-17,1703.55,Brazil
Guarani SP,2025-08-26,1714.8,Brazil
Guarani SP,2025-08-30,1747.7,Brazil
Guarani SP,2025-09-06,1752.72,Brazil
Guarani SP,2025-09-13,1706.97,Brazil
Guarani SP,2025-09-22,1723.56,Brazil
Guarani SP,2025-09-28,1735.74,Brazil
Guarani SP,2025-10-04,1729.95,Brazil
Guarani SP,2025-10-11,1745.62,Brazil
Guarani SP,2026-01-10,1756.24,Brazil
Guarani SP,2026-01-13,1750.38,Brazil
Guarani SP,2026-01-19,1759.68,Brazil
Guarani SP,2026-01-23,1724.13,Brazil
Guarani SP,2026-01-27,1726.08,Brazil
Guarani SP,2026-01-31,1728.42,Brazil
Guarani SP,2026-02-07,1722.55,Brazil
Guarani SP,2026-02-16,1748.43,Brazil
Guarani SP,2026-02-25,1756.57,Brazil
Guarani SP,2026-04-04,1767.05,Brazil
Guarani SP,2026-04-12,1807.18,Brazil
Guarani SP,2026-04-19,1802.18,Brazil
Guarani SP,2026-04-28,1829.24,Brazil
Guarani SP,2026-05-02,1835.76,Brazil
Guarani SP,2026-05-12,1817.84,Brazil
Guarani SP,2026-05-17,1811.84,Brazil
Guarani SP,2026-05-23,1810.01,Brazil
Guarani SP,2026-05-31,1826.29,Brazil
Guarani SP,2026-06-13,1814.59,Brazil
Guarani SP,2026-06-23,1823.4,Brazil
Guarani SP,2026-06-28,1818.25,Brazil
Guarani SP,2026-07-05,1827.2,Brazil
Guarani SP,2026-07-12,1831.61,Brazil
Inter de Limeira,2023-07-22,1645.24,Brazil
Inter de Limeira,2023-07-29,1663.8,Brazil
Inter de Limeira,2023-08-06,1653.41,Brazil
Inter de Limeira,2024-01-21,1659.32,Brazil
Inter de Limeira,2024-01-25,1682.53,Brazil
Inter de Limeira,2024-01-28,1684.78,Brazil
Inter de Limeira,2024-02-01,1664.74,Brazil
Inter de Limeira,2024-02-09,1673.59,Brazil
Inter de Limeira,2024-02-11,1670.01,Brazil
Inter de Limeira,2024-02-15,1667.05,Brazil
Inter de Limeira,2024-02-19,1679.34,Brazil
Inter de Limeira,2024-02-24,1666.76,Brazil
Inter de Limeira,2024-02-29,1671.33,Brazil
Inter de Limeira,2024-03-03,1681.38,Brazil
Inter de Limeira,2024-03-09,1681.74,Brazil
Inter de Limeira,2024-03-17,1664.68,Brazil
Inter de Limeira,2024-05-05,1696.46,Brazil
Inter de Limeira,2024-05-11,1688.87,Brazil
Inter de Limeira,2024-05-18,1702.32,Brazil
Inter de Limeira,2024-05-25,1694.93,Brazil
Inter de Limeira,2024-06-01,1739.6,Brazil
Inter de Limeira,2024-06-09,1730.14,Brazil
Inter de Limeira,2024-06-13,1731.16,Brazil
Inter de Limeira,2024-06-15,1728.5,Brazil
Inter de Limeira,2024-06-22,1726.14,Brazil
Inter de Limeira,2024-06-29,1711.14,Brazil
Inter de Limeira,2024-07-06,1706.09,Brazil
Inter de Limeira,2024-07-13,1679.14,Brazil
Inter de Limeira,2024-07-20,1674.24,Brazil
Inter de Limeira,2024-07-27,1654.97,Brazil
Inter de Limeira,2024-08-03,1667.53,Brazil
Inter de Limeira,2024-08-10,1688.72,Brazil
Inter de Limeira,2024-08-17,1685.03,Brazil
Inter de Limeira,2024-08-24,1667.3,Brazil
Inter de Limeira,2024-09-01,1655.15,Brazil
Inter de Limeira,2025-01-18,1653.05,Brazil
Inter de Limeira,2025-01-21,1664.18,Brazil
Inter de Limeira,2025-01-25,1658.32,Brazil
Inter de Limeira,2025-01-29,1668.83,Brazil
Inter de Limeira,2025-02-01,1666.58,Brazil
Inter de Limeira,2025-02-05,1661.78,Brazil
Inter de Limeira,2025-02-08,1645.3,Brazil
Inter de Limeira,2025-02-11,1643.97,Brazil
Inter de Limeira,2025-02-13,1657.91,Brazil
Inter de Limeira,2025-02-16,1673.09,Brazil
Inter de Limeira,2025-02-19,1654.29,Brazil
Inter de Limeira,2025-02-23,1624.88,Brazil
Inter de Limeira,2025-02-28,1622.26,Brazil
Inter de Limeira,2025-04-20,1631.12,Brazil
Inter de Limeira,2025-04-26,1646.37,Brazil
Inter de Limeira,2025-05-03,1661.88,Brazil
Inter de Limeira,2025-05-10,1682.45,Brazil
Inter de Limeira,2025-05-17,1678.08,Brazil
Inter de Limeira,2025-05-24,1693.04,Brazil
Inter de Limeira,2025-05-31,1700.57,Brazil
Inter de Limeira,2025-06-07,1713.76,Brazil
Inter de Limeira,2025-06-15,1707.63,Brazil
Inter de Limeira,2025-06-21,1704.87,Brazil
Inter de Limeira,2025-06-28,1680.58,Brazil
Inter de Limeira,2025-07-05,1694.68,Brazil
Inter de Limeira,2025-07-09,1694.68,Brazil
Inter de Limeira,2025-07-12,1693.22,Brazil
Inter de Limeira,2025-07-17,1700.88,Brazil
Inter de Limeira,2025-07-19,1665.49,Brazil
Inter de Limeira,2025-07-23,1659.57,Brazil
Inter de Limeira,2025-07-26,1677.58,Brazil
Inter de Limeira,2025-07-30,1650.58,Brazil
Inter de Limeira,2025-08-04,1697.2,Brazil
Inter de Limeira,2025-08-06,1648.62,Brazil
Inter de Limeira,2025-08-09,1680.91,Brazil
Inter de Limeira,2025-08-12,1655.4,Brazil
Inter de Limeira,2025-08-16,1685.24,Brazil
Inter de Limeira,2025-08-23,1703.7,Brazil
Inter de Limeira,2025-08-26,1661.97,Brazil
Inter de Limeira,2025-08-30,1669.9,Brazil
Inter de Limeira,2025-09-03,1647.59,Brazil
Inter de Limeira,2025-09-06,1679.64,Brazil
Inter de Limeira,2025-09-13,1702.84,Brazil
Inter de Limeira,2025-09-20,1707.11,Brazil
Inter de Limeira,2026-01-11,1708.22,Brazil
Inter de Limeira,2026-01-15,1700.28,Brazil
Inter de Limeira,2026-01-17,1682.53,Brazil
Inter de Limeira,2026-01-22,1670.33,Brazil
Inter de Limeira,2026-01-24,1665.36,Brazil
Inter de Limeira,2026-01-29,1671.9,Brazil
Inter de Limeira,2026-01-31,1674.4,Brazil
Inter de Limeira,2026-02-07,1655.88,Brazil
Inter de Limeira,2026-02-11,1652.69,Brazil
Inter de Limeira,2026-02-14,1665.54,Brazil
Inter de Limeira,2026-02-18,1668.05,Brazil
Inter de Limeira,2026-02-22,1668.49,Brazil
Inter de Limeira,2026-02-26,1654.88,Brazil
Inter de Limeira,2026-02-28,1663.84,Brazil
Inter de Limeira,2026-03-07,1594.24,Brazil
Inter de Limeira,2026-04-05,1631.57,Brazil
Inter de Limeira,2026-04-12,1654.62,Brazil
Inter de Limeira,2026-04-18,1684.24,Brazil
Inter de Limeira,2026-04-26,1667.9,Brazil
Inter de Limeira,2026-05-03,1653.86,Brazil
Inter de Limeira,2026-05-12,1683.18,Brazil
Inter de Limeira,2026-05-19,1709.44,Brazil
Inter de Limeira,2026-05-24,1710.48,Brazil
Inter de Limeira,2026-05-31,1712.55,Brazil
Inter de Limeira,2026-06-14,1709.07,Brazil
Inter de Limeira,2026-06-21,1714.17,Brazil
Inter de Limeira,2026-06-27,1722.54,Brazil
Inter de Limeira,2026-07-04,1719.74,Brazil
Inter de Limeira,2026-07-12,1725.26,Brazil
Internacional,2023-07-23,1895.02,Brazil
Internacional,2023-07-29,1901.97,Brazil
Internacional,2023-08-02,1914.68,Brazil
Internacional,2023-08-05,1889.57,Brazil
Internacional,2023-08-09,1897.15,Brazil
Internacional,2023-08-13,1903.67,Brazil
Internacional,2023-08-19,1881.77,Brazil
Internacional,2023-08-23,1832.91,Brazil
Internacional,2023-08-26,1838.55,Brazil
Internacional,2023-08-30,1854.66,Brazil
Internacional,2023-09-02,1862.02,Brazil
Internacional,2023-09-14,1856.52,Brazil
Internacional,2023-09-22,1854.54,Brazil
Internacional,2023-09-28,1872.34,Brazil
Internacional,2023-10-01,1846.26,Brazil
Internacional,2023-10-05,1861.49,Brazil
Internacional,2023-10-08,1869.56,Brazil
Internacional,2023-10-19,1873.53,Brazil
Internacional,2023-10-22,1890.24,Brazil
Internacional,2023-10-27,1892.52,Brazil
Internacional,2023-10-29,1894.22,Brazil
Internacional,2023-11-01,1887.93,Brazil
Internacional,2023-11-05,1889.39,Brazil
Internacional,2023-11-08,1898.54,Brazil
Internacional,2023-11-12,1905.85,Brazil
Internacional,2023-11-26,1900.99,Brazil
Internacional,2023-11-30,1911.28,Brazil
Internacional,2023-12-02,1908.2,Brazil
Internacional,2023-12-07,1917.45,Brazil
Internacional,2024-01-21,1898.77,Brazil
Internacional,2024-01-24,1874.96,Brazil
Internacional,2024-01-27,1891.11,Brazil
Internacional,2024-01-31,1906.57,Brazil
Internacional,2024-02-03,1913.42,Brazil
Internacional,2024-02-08,1954.89,Brazil
Internacional,2024-02-11,1947.98,Brazil
Internacional,2024-02-15,1938.82,Brazil
Internacional,2024-02-19,1936.8,Brazil
Internacional,2024-02-25,1928.68,Brazil
Internacional,2024-02-29,1930.99,Brazil
Internacional,2024-03-02,1899.34,Brazil
Internacional,2024-03-09,1893.09,Brazil
Internacional,2024-03-14,1930.09,Brazil
Internacional,2024-03-17,1975.86,Brazil
Internacional,2024-03-26,1999.54,Brazil
Internacional,2024-04-03,1973.2,Brazil
Internacional,2024-04-11,1987.33,Brazil
Internacional,2024-04-13,1935.32,Brazil
Internacional,2024-04-18,1929.53,Brazil
Internacional,2024-04-21,1925.47,Brazil
Internacional,2024-04-26,1913.2,Brazil
Internacional,2024-04-29,1946.01,Brazil
Internacional,2024-05-29,1960.2,Brazil
Internacional,2024-06-01,1981.62,Brazil
Internacional,2024-06-05,1997.9,Brazil
Internacional,2024-06-09,2009.7,Brazil
Internacional,2024-06-14,1992.25,Brazil
Internacional,2024-06-16,1962.49,Brazil
Internacional,2024-06-20,1950.53,Brazil
Internacional,2024-06-22,1948.93,Brazil
Internacional,2024-06-27,1963.43,Brazil
Internacional,2024-06-30,1961.81,Brazil
Internacional,2024-07-05,1941.88,Brazil
Internacional,2024-07-07,1949.01,Brazil
Internacional,2024-07-11,1939.38,Brazil
Internacional,2024-07-13,1963.36,Brazil
Internacional,2024-07-17,1957.72,Brazil
Internacional,2024-07-20,1939.94,Brazil
Internacional,2024-07-24,1961.16,Brazil
Internacional,2024-07-28,1960.72,Brazil
Internacional,2024-08-04,1955.52,Brazil
Internacional,2024-08-12,1937.28,Brazil
Internacional,2024-08-15,1921.97,Brazil
Internacional,2024-08-18,1937.16,Brazil
Internacional,2024-08-26,1941.29,Brazil
Internacional,2024-08-29,1949.84,Brazil
Internacional,2024-09-01,1948.56,Brazil
Internacional,2024-09-12,1941.63,Brazil
Internacional,2024-09-17,1983.43,Brazil
Internacional,2024-09-22,2009.2,Brazil
Internacional,2024-09-26,2002.05,Brazil
Internacional,2024-09-29,2013.95,Brazil
Internacional,2024-10-06,2005.84,Brazil
Internacional,2024-10-19,1999.44,Brazil
Internacional,2024-10-27,2037.29,Brazil
Internacional,2024-10-30,2051.91,Brazil
Internacional,2024-11-06,2053.3,Brazil
Internacional,2024-11-08,2060.17,Brazil
Internacional,2024-11-22,2054.76,Brazil
Internacional,2024-11-24,2045.4,Brazil
Internacional,2024-12-01,2014.81,Brazil
Internacional,2024-12-05,1994.42,Brazil
Internacional,2024-12-08,1994.37,Brazil
Internacional,2025-01-22,1993.82,Brazil
Internacional,2025-01-25,1993.56,Brazil
Internacional,2025-01-29,2000.35,Brazil
Internacional,2025-02-03,2019.76,Brazil
Internacional,2025-02-06,1975.53,Brazil
Internacional,2025-02-09,1971.61,Brazil
Internacional,2025-02-13,1993.45,Brazil
Internacional,2025-02-15,1965.58,Brazil
Internacional,2025-02-22,1951.87,Brazil
Internacional,2025-03-02,1990.55,Brazil
Internacional,2025-03-08,2003.01,Brazil
Internacional,2025-03-16,2026.32,Brazil
Internacional,2025-03-30,2024.89,Brazil
Internacional,2025-04-04,2022.09,Brazil
Internacional,2025-04-06,2032.71,Brazil
Internacional,2025-04-11,2026.54,Brazil
Internacional,2025-04-14,2022.7,Brazil
Internacional,2025-04-17,2014.99,Brazil
Internacional,2025-04-20,2031.42,Brazil
Internacional,2025-04-23,2045.64,Brazil
Internacional,2025-04-26,2034.08,Brazil
Internacional,2025-04-30,2055.82,Brazil
Internacional,2025-05-03,2042.61,Brazil
Internacional,2025-05-09,2001.32,Brazil
Internacional,2025-05-12,2001.72,Brazil
Internacional,2025-05-16,2000.39,Brazil
Internacional,2025-05-19,1963.28,Brazil
Internacional,2025-05-23,2006.3,Brazil
Internacional,2025-05-25,1958.47,Brazil
Internacional,2025-05-29,1944.64,Brazil
Internacional,2025-06-02,1946.77,Brazil
Internacional,2025-06-13,1947.89,Brazil
Internacional,2025-07-12,1954.86,Brazil
Internacional,2025-07-20,1971.09,Brazil
Internacional,2025-07-24,1991.27,Brazil
Internacional,2025-07-27,1967.05,Brazil
Internacional,2025-07-31,1979.8,Brazil
Internacional,2025-08-04,1956.39,Brazil
Internacional,2025-08-07,1973.55,Brazil
Internacional,2025-08-09,1975.14,Brazil
Internacional,2025-08-14,1959.74,Brazil
Internacional,2025-08-17,1955.67,Brazil
Internacional,2025-08-21,1972.95,Brazil
Internacional,2025-08-23,1970.86,Brazil
Internacional,2025-09-01,1965.28,Brazil
Internacional,2025-09-13,1945.26,Brazil
Internacional,2025-09-21,1937.99,Brazil
Internacional,2025-09-27,1918.52,Brazil
Internacional,2025-10-02,1933.51,Brazil
Internacional,2025-10-04,1920.94,Brazil
Internacional,2025-10-16,1929.57,Brazil
Internacional,2025-10-19,1928.24,Brazil
Internacional,2025-10-23,1906.04,Brazil
Internacional,2025-10-25,1910.62,Brazil
Internacional,2025-11-02,1892.38,Brazil
Internacional,2025-11-05,1899.36,Brazil
Internacional,2025-11-08,1901.97,Brazil
Internacional,2025-11-21,1894.64,Brazil
Internacional,2025-11-25,1900.31,Brazil
Internacional,2025-11-28,1920.53,Brazil
Internacional,2025-12-04,1933.12,Brazil
Internacional,2025-12-07,1940.04,Brazil
Internacional,2026-01-11,1891.35,Brazil
Internacional,2026-01-15,1862.07,Brazil
Internacional,2026-01-18,1835.95,Brazil
Internacional,2026-01-21,1881.99,Brazil
Internacional,2026-01-26,1855.49,Brazil
Internacional,2026-01-28,1837.9,Brazil
Internacional,2026-01-31,1795.24,Brazil
Internacional,2026-02-04,1783.94,Brazil
Internacional,2026-02-08,1785.18,Brazil
Internacional,2026-02-13,1786.43,Brazil
Internacional,2026-02-16,1850.44,Brazil
Internacional,2026-02-21,1876.32,Brazil
Internacional,2026-02-25,1903.78,Brazil
Internacional,2026-03-01,1917.09,Brazil
Internacional,2026-03-08,1923.66,Brazil
Internacional,2026-03-11,1915.97,Brazil
Internacional,2026-03-15,1939.07,Brazil
Internacional,2026-03-19,1951.59,Brazil
Internacional,2026-03-22,1946.89,Brazil
Internacional,2026-04-02,1942.05,Brazil
Internacional,2026-04-06,1945.15,Brazil
Internacional,2026-04-12,1944.4,Brazil
Internacional,2026-04-19,1934.97,Brazil
Internacional,2026-04-23,1931.54,Brazil
Internacional,2026-04-25,1943.35,Brazil
Internacional,2026-05-03,1933.44,Brazil
Internacional,2026-05-09,1934.38,Brazil
Internacional,2026-05-13,1953.22,Brazil
Internacional,2026-05-16,1937.28,Brazil
Internacional,2026-05-23,1937.54,Brazil
Internacional,2026-05-31,1933.43,Brazil
Internacional,2026-07-23,1931.68,Brazil
Internacional,2026-07-25,1912.68,Brazil
Ituano,2023-07-22,1714.6,Brazil
Ituano,2023-07-29,1703.95,Brazil
Ituano,2023-08-03,1695.72,Brazil
Ituano,2023-08-05,1686.16,Brazil
Ituano,2023-08-15,1696.24,Brazil
Ituano,2023-08-19,1695.12,Brazil
Ituano,2023-08-26,1683.68,Brazil
Ituano,2023-08-31,1695.47,Brazil
Ituano,2023-09-08,1706.42,Brazil
Ituano,2023-09-14,1695.84,Brazil
Ituano,2023-09-23,1698.89,Brazil
Ituano,2023-09-30,1704.9,Brazil
Ituano,2023-10-07,1703.73,Brazil
Ituano,2023-10-14,1705.03,Brazil
Ituano,2023-10-24,1724.44,Brazil
Ituano,2023-10-28,1725.99,Brazil
Ituano,2023-11-04,1718.89,Brazil
Ituano,2023-11-11,1714.59,Brazil
Ituano,2023-11-17,1713.56,Brazil
Ituano,2023-11-25,1710.79,Brazil
Ituano,2024-01-21,1743.35,Brazil
Ituano,2024-01-24,1727.12,Brazil
Ituano,2024-01-28,1702.53,Brazil
Ituano,2024-02-01,1696.7,Brazil
Ituano,2024-02-04,1694.21,Brazil
Ituano,2024-02-09,1676.8,Brazil
Ituano,2024-02-11,1667.44,Brazil
Ituano,2024-02-14,1669.34,Brazil
Ituano,2024-02-18,1649.26,Brazil
Ituano,2024-02-22,1660.78,Brazil
Ituano,2024-02-24,1671.99,Brazil
Ituano,2024-03-03,1661.93,Brazil
Ituano,2024-03-10,1650.97,Brazil
Ituano,2024-04-20,1641.17,Brazil
Ituano,2024-04-27,1641.88,Brazil
Ituano,2024-05-05,1645.26,Brazil
Ituano,2024-05-11,1625.34,Brazil
Ituano,2024-05-16,1617.12,Brazil
Ituano,2024-05-19,1633.54,Brazil
Ituano,2024-05-26,1621.01,Brazil
Ituano,2024-06-02,1619.64,Brazil
Ituano,2024-06-08,1621.19,Brazil
Ituano,2024-06-15,1645.76,Brazil
Ituano,2024-06-19,1656.41,Brazil
Ituano,2024-06-23,1647.51,Brazil
Ituano,2024-06-30,1642.96,Brazil
Ituano,2024-07-07,1649.6,Brazil
Ituano,2024-07-16,1636.2,Brazil
Ituano,2024-07-20,1627.3,Brazil
Ituano,2024-07-24,1621.44,Brazil
Ituano,2024-07-27,1613.89,Brazil
Ituano,2024-08-04,1613.47,Brazil
Ituano,2024-08-10,1615.47,Brazil
Ituano,2024-08-16,1628.91,Brazil
Ituano,2024-08-21,1633.49,Brazil
Ituano,2024-08-24,1636.47,Brazil
Ituano,2024-09-03,1649.68,Brazil
Ituano,2024-09-07,1662.65,Brazil
Ituano,2024-09-14,1672.21,Brazil
Ituano,2024-09-18,1680.58,Brazil
Ituano,2024-09-21,1707.82,Brazil
Ituano,2024-09-28,1700.35,Brazil
Ituano,2024-10-05,1705.65,Brazil
Ituano,2024-10-14,1694.04,Brazil
Ituano,2024-10-19,1684.25,Brazil
Ituano,2024-10-24,1677.09,Brazil
Ituano,2024-10-28,1676.57,Brazil
Ituano,2024-11-05,1675.28,Brazil
Ituano,2024-11-12,1680.8,Brazil
Ituano,2024-11-17,1683.89,Brazil
Ituano,2024-11-23,1675.99,Brazil
Ituano,2025-01-16,1670.13,Brazil
Ituano,2025-01-19,1659.86,Brazil
Ituano,2025-01-22,1671.48,Brazil
Ituano,2025-01-25,1680.01,Brazil
Ituano,2025-01-29,1687.93,Brazil
Ituano,2025-02-01,1664.28,Brazil
Ituano,2025-02-05,1691.93,Brazil
Ituano,2025-02-08,1705.56,Brazil
Ituano,2025-02-12,1707.51,Brazil
Ituano,2025-02-15,1708.7,Brazil
Ituano,2025-02-19,1680.46,Brazil
Ituano,2025-02-23,1689.45,Brazil
Ituano,2025-02-26,1685.99,Brazil
Ituano,2025-03-01,1686.7,Brazil
Ituano,2025-03-08,1709.43,Brazil
Ituano,2025-03-15,1701.88,Brazil
Ituano,2025-03-19,1705.11,Brazil
Ituano,2025-03-23,1703.2,Brazil
Ituano,2025-03-29,1695.34,Brazil
Ituano,2025-04-12,1733.8,Brazil
Ituano,2025-04-20,1738.81,Brazil
Ituano,2025-04-27,1718.02,Brazil
Ituano,2025-05-03,1710.2,Brazil
Ituano,2025-05-13,1709.27,Brazil
Ituano,2025-05-19,1697.66,Brazil
Ituano,2025-05-25,1703.31,Brazil
Ituano,2025-06-02,1693.77,Brazil
Ituano,2025-06-14,1673.77,Brazil
Ituano,2025-06-30,1670.93,Brazil
Ituano,2025-07-05,1678.53,Brazil
Ituano,2025-07-13,1672.36,Brazil
Ituano,2025-07-19,1672.36,Brazil
Ituano,2025-07-27,1683.18,Brazil
Ituano,2025-08-05,1683.66,Brazil
Ituano,2025-08-10,1682.89,Brazil
Ituano,2025-08-17,1661.45,Brazil
Ituano,2025-08-23,1653.65,Brazil
Ituano,2025-08-30,1698.97,Brazil
Ituano,2026-01-10,1702.43,Brazil
Ituano,2026-01-14,1667.62,Brazil
Ituano,2026-01-17,1699.81,Brazil
Ituano,2026-01-21,1673.08,Brazil
Ituano,2026-01-25,1682.92,Brazil
Ituano,2026-01-28,1695.51,Brazil
Ituano,2026-02-01,1685.24,Brazil
Ituano,2026-02-07,1677.49,Brazil
Ituano,2026-02-11,1680.68,Brazil
Ituano,2026-02-14,1693.24,Brazil
Ituano,2026-02-18,1691.22,Brazil
Ituano,2026-02-21,1698.07,Brazil
Ituano,2026-02-26,1706.21,Brazil
Ituano,2026-03-01,1693.78,Brazil
Ituano,2026-03-07,1694.92,Brazil
Ituano,2026-03-14,1701.49,Brazil
Ituano,2026-03-18,1715.26,Brazil
Ituano,2026-03-25,1711.38,Brazil
Ituano,2026-03-28,1726.16,Brazil
Ituano,2026-04-05,1734.64,Brazil
Ituano,2026-04-09,1712.19,Brazil
Ituano,2026-04-13,1708.18,Brazil
Ituano,2026-04-16,1695.1,Brazil
Ituano,2026-04-18,1665.49,Brazil
Ituano,2026-04-24,1623.74,Brazil
Ituano,2026-04-27,1641.72,Brazil
Ituano,2026-05-01,1654.55,Brazil
Ituano,2026-05-05,1691.74,Brazil
Ituano,2026-05-11,1704.13,Brazil
Ituano,2026-05-17,1710.13,Brazil
Ituano,2026-05-26,1699.72,Brazil
Ituano,2026-05-31,1678.4,Brazil
Ituano,2026-06-14,1689.76,Brazil
Ituano,2026-06-21,1692.08,Brazil
Ituano,2026-06-29,1727.1,Brazil
Ituano,2026-07-05,1741.01,Brazil
Ituano,2026-07-12,1735.76,Brazil
Londrina PR,2023-07-25,1646.1,Brazil
Londrina PR,2023-07-29,1649.94,Brazil
Londrina PR,2023-08-03,1652.78,Brazil
Londrina PR,2023-08-08,1644.72,Brazil
Londrina PR,2023-08-12,1642.47,Brazil
Londrina PR,2023-08-18,1640.28,Brazil
Londrina PR,2023-08-26,1636.74,Brazil
Londrina PR,2023-09-02,1630.53,Brazil
Londrina PR,2023-09-07,1622.63,Brazil
Londrina PR,2023-09-14,1633.22,Brazil
Londrina PR,2023-09-24,1630.92,Brazil
Londrina PR,2023-09-29,1642.3,Brazil
Londrina PR,2023-10-04,1637.14,Brazil
Londrina PR,2023-10-15,1639.53,Brazil
Londrina PR,2023-10-21,1648.87,Brazil
Londrina PR,2023-10-29,1648.22,Brazil
Londrina PR,2023-11-04,1646.74,Brazil
Londrina PR,2023-11-10,1641.49,Brazil
Londrina PR,2023-11-18,1610.26,Brazil
Londrina PR,2023-11-25,1592.72,Brazil
Londrina PR,2024-01-18,1608.8,Brazil
Londrina PR,2024-01-21,1594.26,Brazil
Londrina PR,2024-01-26,1592.31,Brazil
Londrina PR,2024-01-28,1621.15,Brazil
Londrina PR,2024-02-01,1619.03,Brazil
Londrina PR,2024-02-03,1601.55,Brazil
Londrina PR,2024-02-08,1616.62,Brazil
Londrina PR,2024-02-10,1653.72,Brazil
Londrina PR,2024-02-14,1634.07,Brazil
Londrina PR,2024-02-18,1620.24,Brazil
Londrina PR,2024-02-25,1632.49,Brazil
Londrina PR,2024-03-02,1625.45,Brazil
Londrina PR,2024-03-10,1629.24,Brazil
Londrina PR,2024-04-23,1661.16,Brazil
Londrina PR,2024-04-28,1653.99,Brazil
Londrina PR,2024-05-07,1661.93,Brazil
Londrina PR,2024-05-12,1667.3,Brazil
Londrina PR,2024-05-19,1681.8,Brazil
Londrina PR,2024-05-27,1662.12,Brazil
Londrina PR,2024-06-02,1651.74,Brazil
Londrina PR,2024-06-09,1659.51,Brazil
Londrina PR,2024-06-16,1655.33,Brazil
Londrina PR,2024-06-23,1662.5,Brazil
Londrina PR,2024-07-02,1684.72,Brazil
Londrina PR,2024-07-07,1706.25,Brazil
Londrina PR,2024-07-13,1719.58,Brazil
Londrina PR,2024-07-20,1728.18,Brazil
Londrina PR,2024-07-30,1730.67,Brazil
Londrina PR,2024-08-04,1710.77,Brazil
Londrina PR,2024-08-11,1708.08,Brazil
Londrina PR,2024-08-18,1693.82,Brazil
Londrina PR,2024-08-24,1687.64,Brazil
Londrina PR,2024-09-03,1691.65,Brazil
Londrina PR,2024-09-08,1686.41,Brazil
Londrina PR,2024-09-14,1693.28,Brazil
Londrina PR,2024-09-22,1692.08,Brazil
Londrina PR,2024-09-29,1702.96,Brazil
Londrina PR,2024-10-05,1710.26,Brazil
Londrina PR,2025-01-12,1744.91,Brazil
Londrina PR,2025-01-16,1716.75,Brazil
Londrina PR,2025-01-18,1702.74,Brazil
Londrina PR,2025-01-23,1689.46,Brazil
Londrina PR,2025-01-26,1700.92,Brazil
Londrina PR,2025-01-30,1692.42,Brazil
Londrina PR,2025-02-02,1700.38,Brazil
Londrina PR,2025-02-06,1692.22,Brazil
Londrina PR,2025-02-09,1706.16,Brazil
Londrina PR,2025-02-12,1700.22,Brazil
Londrina PR,2025-02-15,1716.6,Brazil
Londrina PR,2025-02-23,1708.06,Brazil
Londrina PR,2025-03-01,1672.94,Brazil
Londrina PR,2025-03-15,1673.05,Brazil
Londrina PR,2025-03-19,1683.53,Brazil
Londrina PR,2025-04-15,1707.22,Brazil
Londrina PR,2025-04-20,1722.38,Brazil
Londrina PR,2025-04-26,1712.26,Brazil
Londrina PR,2025-05-06,1717.24,Brazil
Londrina PR,2025-05-12,1733.32,Brazil
Londrina PR,2025-05-20,1725.67,Brazil
Londrina PR,2025-05-25,1736.56,Brazil
Londrina PR,2025-06-01,1750.21,Brazil
Londrina PR,2025-06-15,1733.76,Brazil
Londrina PR,2025-06-28,1741.34,Brazil
Londrina PR,2025-07-06,1713.28,Brazil
Londrina PR,2025-07-13,1724.64,Brazil
Londrina PR,2025-07-20,1750.91,Brazil
Londrina PR,2025-07-27,1756.32,Brazil
Londrina PR,2025-08-05,1755.84,Brazil
Londrina PR,2025-08-10,1726.37,Brazil
Londrina PR,2025-08-17,1697.14,Brazil
Londrina PR,2025-08-24,1707.57,Brazil
Londrina PR,2025-08-30,1705.07,Brazil
Londrina PR,2025-09-07,1707.86,Brazil
Londrina PR,2025-09-14,1735.38,Brazil
Londrina PR,2025-09-21,1749.36,Brazil
Londrina PR,2025-09-29,1741.53,Brazil
Londrina PR,2025-10-05,1749.35,Brazil
Londrina PR,2025-10-11,1752.95,Brazil
Londrina PR,2025-10-18,1717.87,Brazil
Londrina PR,2025-10-25,1711.01,Brazil
Londrina PR,2026-01-07,1728.04,Brazil
Londrina PR,2026-01-10,1779.9,Brazil
Londrina PR,2026-01-15,1778.03,Brazil
Londrina PR,2026-01-17,1808.33,Brazil
Londrina PR,2026-01-20,1772.83,Brazil
Londrina PR,2026-01-24,1765.89,Brazil
Londrina PR,2026-02-01,1787.49,Brazil
Londrina PR,2026-02-07,1797.5,Brazil
Londrina PR,2026-02-15,1765.46,Brazil
Londrina PR,2026-02-22,1779.23,Brazil
Londrina PR,2026-02-25,1814.43,Brazil
Londrina PR,2026-02-28,1814.4,Brazil
Londrina PR,2026-03-07,1798.24,Brazil
Londrina PR,2026-03-12,1829.35,Brazil
Londrina PR,2026-03-18,1821.38,Brazil
Londrina PR,2026-03-23,1773.91,Brazil
Londrina PR,2026-04-02,1778.87,Brazil
Londrina PR,2026-04-05,1774.2,Brazil
Londrina PR,2026-04-13,1808.31,Brazil
Londrina PR,2026-04-19,1768.57,Brazil
Londrina PR,2026-04-26,1746.7,Brazil
Londrina PR,2026-05-03,1744.42,Brazil
Londrina PR,2026-05-13,1747.52,Brazil
Londrina PR,2026-05-19,1709.01,Brazil
Londrina PR,2026-05-23,1697.28,Brazil
Londrina PR,2026-05-31,1698.17,Brazil
Londrina PR,2026-06-06,1686.7,Brazil
Londrina PR,2026-06-16,1684.39,Brazil
Londrina PR,2026-06-20,1669.69,Brazil
Londrina PR,2026-06-26,1667.7,Brazil
Londrina PR,2026-07-04,1676.31,Brazil
Londrina PR,2026-07-14,1681.4,Brazil
Londrina PR,2026-07-18,1680.8,Brazil
Londrina PR,2026-07-23,1680.84,Brazil
Maranhao,2023-07-22,1611.19,Brazil
Maranhao,2023-07-29,1640.92,Brazil
Maranhao,2023-08-06,1682.73,Brazil
Maranhao,2023-08-13,1662.27,Brazil
Maranhao,2023-08-19,1618.45,Brazil
Maranhao,2023-08-27,1623.88,Brazil
Maranhao,2023-09-03,1634.36,Brazil
Maranhao,2024-01-13,1673.72,Brazil
Maranhao,2024-01-18,1737.13,Brazil
Maranhao,2024-01-20,1739.14,Brazil
Maranhao,2024-01-24,1755.26,Brazil
Maranhao,2024-01-28,1714.61,Brazil
Maranhao,2024-02-01,1689.04,Brazil
Maranhao,2024-02-04,1657.03,Brazil
Maranhao,2024-02-08,1677.46,Brazil
Maranhao,2024-02-10,1676.95,Brazil
Maranhao,2024-02-14,1675.74,Brazil
Maranhao,2024-02-17,1667.28,Brazil
Maranhao,2024-02-21,1667.14,Brazil
Maranhao,2024-02-24,1626.61,Brazil
Maranhao,2024-02-28,1628.94,Brazil
Maranhao,2024-03-02,1628.55,Brazil
Maranhao,2024-03-06,1605.86,Brazil
Maranhao,2024-03-10,1607.93,Brazil
Maranhao,2024-03-16,1644.95,Brazil
Maranhao,2024-03-21,1659.96,Brazil
Maranhao,2024-03-24,1624.9,Brazil
Maranhao,2024-03-28,1643.76,Brazil
Maranhao,2024-05-04,1667.99,Brazil
Maranhao,2024-05-09,1659.32,Brazil
Maranhao,2024-05-12,1700.63,Brazil
Maranhao,2024-05-18,1707.74,Brazil
Maranhao,2024-05-30,1706.42,Brazil
Maranhao,2024-06-02,1738.01,Brazil
Maranhao,2024-06-08,1738.03,Brazil
Maranhao,2024-06-12,1721.22,Brazil
Maranhao,2024-06-15,1652.31,Brazil
Maranhao,2024-06-19,1633.41,Brazil
Maranhao,2024-06-28,1633.62,Brazil
Maranhao,2024-06-30,1654.54,Brazil
Maranhao,2024-07-07,1664.28,Brazil
Maranhao,2024-07-13,1658.36,Brazil
Maranhao,2024-07-21,1674.95,Brazil
Maranhao,2024-07-27,1713.2,Brazil
Maranhao,2024-08-04,1737.43,Brazil
Maranhao,2025-01-04,1704.33,Brazil
Maranhao,2025-01-12,1721.46,Brazil
Maranhao,2025-02-02,1699.76,Brazil
Maranhao,2025-02-22,1699.76,Brazil
Maranhao,2025-02-25,1652.51,Brazil
Maranhao,2025-03-01,1634.36,Brazil
Maranhao,2025-03-21,1666.01,Brazil
Maranhao,2025-04-02,1634.38,Brazil
Maranhao,2025-04-06,1618.0,Brazil
Maranhao,2025-04-10,1628.76,Brazil
Maranhao,2025-04-13,1620.1,Brazil
Maranhao,2025-04-19,1596.93,Brazil
Maranhao,2025-04-24,1615.01,Brazil
Maranhao,2025-04-26,1590.36,Brazil
Maranhao,2025-05-01,1600.55,Brazil
Maranhao,2025-05-03,1644.97,Brazil
Maranhao,2025-05-08,1656.49,Brazil
Maranhao,2025-05-10,1651.36,Brazil
Maranhao,2025-05-15,1670.77,Brazil
Maranhao,2025-05-17,1644.99,Brazil
Maranhao,2025-05-22,1649.57,Brazil
Maranhao,2025-06-01,1646.54,Brazil
Maranhao,2025-06-08,1667.98,Brazil
Maranhao,2025-06-28,1646.04,Brazil
Maranhao,2025-07-05,1666.35,Brazil
Maranhao,2025-07-13,1644.34,Brazil
Maranhao,2025-07-19,1646.33,Brazil
Maranhao,2025-07-26,1675.28,Brazil
Maranhao,2025-08-02,1688.84,Brazil
Maranhao,2025-08-10,1692.12,Brazil
Maranhao,2025-08-16,1681.58,Brazil
Maranhao,2025-08-24,1651.45,Brazil
Maranhao,2025-08-30,1658.93,Brazil
Maranhao,2025-09-06,1650.63,Brazil
Maranhao,2025-09-14,1646.52,Brazil
Maranhao,2025-09-21,1662.9,Brazil
Maranhao,2026-01-11,1680.46,Brazil
Maranhao,2026-01-14,1706.17,Brazil
Maranhao,2026-01-18,1726.38,Brazil
Maranhao,2026-01-21,1688.88,Brazil
Maranhao,2026-01-24,1695.17,Brazil
Maranhao,2026-01-28,1684.57,Brazil
Maranhao,2026-02-01,1671.51,Brazil
Maranhao,2026-02-07,1674.38,Brazil
Maranhao,2026-02-11,1676.78,Brazil
Maranhao,2026-02-22,1667.29,Brazil
Maranhao,2026-02-25,1637.97,Brazil
Maranhao,2026-03-01,1636.03,Brazil
Maranhao,2026-03-12,1649.22,Brazil
Maranhao,2026-03-25,1676.57,Brazil
Maranhao,2026-03-28,1679.36,Brazil
Maranhao,2026-04-04,1668.88,Brazil
Maranhao,2026-04-12,1637.6,Brazil
Maranhao,2026-04-16,1618.13,Brazil
Maranhao,2026-04-19,1620.84,Brazil
Maranhao,2026-04-26,1623.86,Brazil
Maranhao,2026-04-30,1546.68,Brazil
Maranhao,2026-05-05,1540.41,Brazil
Maranhao,2026-05-09,1580.11,Brazil
Maranhao,2026-05-19,1578.7,Brazil
Maranhao,2026-05-24,1601.72,Brazil
Maranhao,2026-05-31,1638.24,Brazil
Maranhao,2026-06-16,1643.34,Brazil
Maranhao,2026-06-21,1660.22,Brazil
Maranhao,2026-06-29,1625.2,Brazil
Maranhao,2026-07-04,1628.0,Brazil
Maranhao,2026-07-12,1633.95,Brazil
Maringa FC,2023-07-22,1642.18,Brazil
Maringa FC,2023-07-29,1660.69,Brazil
Maringa FC,2023-08-07,1674.65,Brazil
Maringa FC,2024-01-18,1681.09,Brazil
Maringa FC,2024-01-20,1671.28,Brazil
Maringa FC,2024-01-24,1691.03,Brazil
Maringa FC,2024-01-27,1684.72,Brazil
Maringa FC,2024-02-02,1689.45,Brazil
Maringa FC,2024-02-06,1690.63,Brazil
Maringa FC,2024-02-09,1687.12,Brazil
Maringa FC,2024-02-11,1713.13,Brazil
Maringa FC,2024-02-15,1714.38,Brazil
Maringa FC,2024-02-18,1717.5,Brazil
Maringa FC,2024-02-25,1705.24,Brazil
Maringa FC,2024-02-28,1690.74,Brazil
Maringa FC,2024-03-05,1689.63,Brazil
Maringa FC,2024-03-09,1704.19,Brazil
Maringa FC,2024-03-15,1708.75,Brazil
Maringa FC,2024-03-17,1688.12,Brazil
Maringa FC,2024-03-24,1667.29,Brazil
Maringa FC,2024-05-04,1693.92,Brazil
Maringa FC,2024-05-13,1723.11,Brazil
Maringa FC,2024-05-18,1763.16,Brazil
Maringa FC,2024-05-27,1752.72,Brazil
Maringa FC,2024-06-01,1738.81,Brazil
Maringa FC,2024-06-09,1748.27,Brazil
Maringa FC,2024-06-13,1747.25,Brazil
Maringa FC,2024-06-16,1760.32,Brazil
Maringa FC,2024-06-22,1771.87,Brazil
Maringa FC,2024-06-30,1801.61,Brazil
Maringa FC,2024-07-07,1804.96,Brazil
Maringa FC,2024-07-13,1790.82,Brazil
Maringa FC,2024-07-20,1722.45,Brazil
Maringa FC,2024-07-27,1722.45,Brazil
Maringa FC,2024-08-04,1692.47,Brazil
Maringa FC,2024-08-10,1710.2,Brazil
Maringa FC,2024-08-18,1689.79,Brazil
Maringa FC,2024-08-24,1707.52,Brazil
Maringa FC,2024-09-01,1719.67,Brazil
Maringa FC,2024-09-08,1723.82,Brazil
Maringa FC,2024-09-15,1724.9,Brazil
Maringa FC,2025-01-12,1745.51,Brazil
Maringa FC,2025-01-16,1731.14,Brazil
Maringa FC,2025-01-18,1745.14,Brazil
Maringa FC,2025-01-23,1792.83,Brazil
Maringa FC,2025-01-26,1797.01,Brazil
Maringa FC,2025-01-30,1763.7,Brazil
Maringa FC,2025-02-01,1756.18,Brazil
Maringa FC,2025-02-05,1770.81,Brazil
Maringa FC,2025-02-09,1769.49,Brazil
Maringa FC,2025-02-13,1770.06,Brazil
Maringa FC,2025-02-15,1761.59,Brazil
Maringa FC,2025-02-22,1753.92,Brazil
Maringa FC,2025-02-25,1749.91,Brazil
Maringa FC,2025-03-06,1749.88,Brazil
Maringa FC,2025-03-09,1710.66,Brazil
Maringa FC,2025-03-16,1705.43,Brazil
Maringa FC,2025-03-20,1709.99,Brazil
Maringa FC,2025-03-22,1714.49,Brazil
Maringa FC,2025-03-29,1720.16,Brazil
Maringa FC,2025-04-13,1725.95,Brazil
Maringa FC,2025-04-21,1758.39,Brazil
Maringa FC,2025-04-26,1768.51,Brazil
Maringa FC,2025-04-30,1719.99,Brazil
Maringa FC,2025-05-03,1746.95,Brazil
Maringa FC,2025-05-12,1742.61,Brazil
Maringa FC,2025-05-18,1749.68,Brazil
Maringa FC,2025-05-22,1715.44,Brazil
Maringa FC,2025-05-26,1753.08,Brazil
Maringa FC,2025-06-02,1762.62,Brazil
Maringa FC,2025-06-17,1765.46,Brazil
Maringa FC,2025-06-29,1758.87,Brazil
Maringa FC,2025-07-07,1752.12,Brazil
Maringa FC,2025-07-15,1740.76,Brazil
Maringa FC,2025-07-19,1741.06,Brazil
Maringa FC,2025-07-29,1776.01,Brazil
Maringa FC,2025-08-03,1782.61,Brazil
Maringa FC,2025-08-12,1782.21,Brazil
Maringa FC,2025-08-16,1762.72,Brazil
Maringa FC,2025-08-24,1741.72,Brazil
Maringa FC,2025-08-30,1740.35,Brazil
Maringa FC,2026-01-08,1763.51,Brazil
Maringa FC,2026-01-10,1737.19,Brazil
Maringa FC,2026-01-14,1737.45,Brazil
Maringa FC,2026-01-17,1739.69,Brazil
Maringa FC,2026-01-21,1780.69,Brazil
Maringa FC,2026-01-24,1785.94,Brazil
Maringa FC,2026-02-01,1788.07,Brazil
Maringa FC,2026-02-08,1807.56,Brazil
Maringa FC,2026-02-24,1814.36,Brazil
Maringa FC,2026-03-11,1775.58,Brazil
Maringa FC,2026-03-19,1796.83,Brazil
Maringa FC,2026-04-05,1834.61,Brazil
Maringa FC,2026-04-14,1808.97,Brazil
Maringa FC,2026-04-21,1789.92,Brazil
Maringa FC,2026-04-27,1771.93,Brazil
Maringa FC,2026-05-04,1774.2,Brazil
Maringa FC,2026-05-12,1792.12,Brazil
Maringa FC,2026-05-16,1810.27,Brazil
Maringa FC,2026-05-24,1798.05,Brazil
Maringa FC,2026-05-30,1795.99,Brazil
Maringa FC,2026-06-16,1790.89,Brazil
Maringa FC,2026-06-21,1788.93,Brazil
Maringa FC,2026-06-27,1780.56,Brazil
Maringa FC,2026-07-05,1773.2,Brazil
Maringa FC,2026-07-12,1765.33,Brazil
Mirassol,2023-07-22,1756.32,Brazil
Mirassol,2023-07-29,1768.06,Brazil
Mirassol,2023-08-02,1778.57,Brazil
Mirassol,2023-08-05,1790.52,Brazil
Mirassol,2023-08-08,1773.86,Brazil
Mirassol,2023-08-12,1784.63,Brazil
Mirassol,2023-08-18,1775.78,Brazil
Mirassol,2023-08-23,1785.23,Brazil
Mirassol,2023-09-02,1779.07,Brazil
Mirassol,2023-09-10,1789.01,Brazil
Mirassol,2023-09-16,1803.84,Brazil
Mirassol,2023-09-23,1811.49,Brazil
Mirassol,2023-09-29,1815.69,Brazil
Mirassol,2023-10-04,1820.85,Brazil
Mirassol,2023-10-11,1840.79,Brazil
Mirassol,2023-10-21,1848.67,Brazil
Mirassol,2023-10-28,1847.13,Brazil
Mirassol,2023-11-03,1856.73,Brazil
Mirassol,2023-11-12,1869.39,Brazil
Mirassol,2023-11-18,1862.29,Brazil
Mirassol,2023-11-25,1846.64,Brazil
Mirassol,2024-01-21,1847.19,Brazil
Mirassol,2024-01-23,1798.83,Brazil
Mirassol,2024-01-28,1814.37,Brazil
Mirassol,2024-02-01,1794.53,Brazil
Mirassol,2024-02-03,1799.94,Brazil
Mirassol,2024-02-08,1800.75,Brazil
Mirassol,2024-02-11,1802.29,Brazil
Mirassol,2024-02-14,1800.39,Brazil
Mirassol,2024-02-17,1815.43,Brazil
Mirassol,2024-02-24,1816.32,Brazil
Mirassol,2024-03-02,1822.66,Brazil
Mirassol,2024-03-10,1821.55,Brazil
Mirassol,2024-04-24,1797.34,Brazil
Mirassol,2024-04-30,1809.19,Brazil
Mirassol,2024-05-08,1814.24,Brazil
Mirassol,2024-05-12,1814.19,Brazil
Mirassol,2024-05-16,1819.22,Brazil
Mirassol,2024-05-19,1802.81,Brazil
Mirassol,2024-05-29,1793.15,Brazil
Mirassol,2024-06-05,1796.2,Brazil
Mirassol,2024-06-12,1797.97,Brazil
Mirassol,2024-06-16,1794.54,Brazil
Mirassol,2024-06-21,1798.8,Brazil
Mirassol,2024-06-26,1815.74,Brazil
Mirassol,2024-07-03,1835.41,Brazil
Mirassol,2024-07-10,1847.83,Brazil
Mirassol,2024-07-13,1849.63,Brazil
Mirassol,2024-07-20,1833.33,Brazil
Mirassol,2024-07-24,1819.88,Brazil
Mirassol,2024-07-27,1822.8,Brazil
Mirassol,2024-08-05,1815.87,Brazil
Mirassol,2024-08-10,1813.24,Brazil
Mirassol,2024-08-17,1822.24,Brazil
Mirassol,2024-08-22,1817.39,Brazil
Mirassol,2024-08-26,1814.14,Brazil
Mirassol,2024-09-04,1808.07,Brazil
Mirassol,2024-09-07,1795.1,Brazil
Mirassol,2024-09-14,1807.35,Brazil
Mirassol,2024-09-18,1807.61,Brazil
Mirassol,2024-09-21,1805.66,Brazil
Mirassol,2024-09-29,1796.54,Brazil
Mirassol,2024-10-05,1796.34,Brazil
Mirassol,2024-10-12,1803.13,Brazil
Mirassol,2024-10-19,1808.75,Brazil
Mirassol,2024-10-23,1802.54,Brazil
Mirassol,2024-10-26,1805.17,Brazil
Mirassol,2024-11-06,1829.18,Brazil
Mirassol,2024-11-10,1854.4,Brazil
Mirassol,2024-11-15,1833.11,Brazil
Mirassol,2024-11-24,1870.38,Brazil
Mirassol,2025-01-17,1867.77,Brazil
Mirassol,2025-01-19,1841.94,Brazil
Mirassol,2025-01-23,1851.8,Brazil
Mirassol,2025-01-26,1831.28,Brazil
Mirassol,2025-01-29,1834.93,Brazil
Mirassol,2025-02-02,1818.34,Brazil
Mirassol,2025-02-05,1827.87,Brazil
Mirassol,2025-02-08,1831.6,Brazil
Mirassol,2025-02-12,1819.26,Brazil
Mirassol,2025-02-18,1813.72,Brazil
Mirassol,2025-02-20,1830.55,Brazil
Mirassol,2025-02-23,1784.32,Brazil
Mirassol,2025-03-02,1784.93,Brazil
Mirassol,2025-03-29,1765.41,Brazil
Mirassol,2025-04-06,1809.8,Brazil
Mirassol,2025-04-13,1818.84,Brazil
Mirassol,2025-04-17,1803.78,Brazil
Mirassol,2025-04-20,1825.31,Brazil
Mirassol,2025-04-26,1813.95,Brazil
Mirassol,2025-05-06,1805.51,Brazil
Mirassol,2025-05-10,1812.28,Brazil
Mirassol,2025-05-19,1849.38,Brazil
Mirassol,2025-05-24,1854.12,Brazil
Mirassol,2025-06-01,1876.46,Brazil
Mirassol,2025-07-17,1860.11,Brazil
Mirassol,2025-07-19,1851.74,Brazil
Mirassol,2025-07-24,1848.11,Brazil
Mirassol,2025-07-26,1864.72,Brazil
Mirassol,2025-08-02,1888.2,Brazil
Mirassol,2025-08-09,1886.47,Brazil
Mirassol,2025-08-19,1896.38,Brazil
Mirassol,2025-08-24,1922.08,Brazil
Mirassol,2025-08-31,1929.33,Brazil
Mirassol,2025-09-13,1936.85,Brazil
Mirassol,2025-09-18,1930.22,Brazil
Mirassol,2025-09-21,1924.47,Brazil
Mirassol,2025-09-28,1941.34,Brazil
Mirassol,2025-10-02,1932.76,Brazil
Mirassol,2025-10-05,1909.58,Brazil
Mirassol,2025-10-09,1903.63,Brazil
Mirassol,2025-10-16,1895.0,Brazil
Mirassol,2025-10-19,1899.64,Brazil
Mirassol,2025-10-25,1910.78,Brazil
Mirassol,2025-11-01,1907.56,Brazil
Mirassol,2025-11-06,1914.97,Brazil
Mirassol,2025-11-10,1907.75,Brazil
Mirassol,2025-11-20,1900.26,Brazil
Mirassol,2025-11-24,1913.65,Brazil
Mirassol,2025-11-29,1901.74,Brazil
Mirassol,2025-12-02,1895.76,Brazil
Mirassol,2025-12-06,2002.43,Brazil
Mirassol,2026-01-12,1921.99,Brazil
Mirassol,2026-01-14,1926.87,Brazil
Mirassol,2026-01-18,1937.95,Brazil
Mirassol,2026-01-22,1902.03,Brazil
Mirassol,2026-01-24,1902.57,Brazil
Mirassol,2026-01-30,1919.7,Brazil
Mirassol,2026-02-01,1907.13,Brazil
Mirassol,2026-02-05,1906.0,Brazil
Mirassol,2026-02-08,1902.93,Brazil
Mirassol,2026-02-11,1915.47,Brazil
Mirassol,2026-02-16,1904.39,Brazil
Mirassol,2026-03-11,1921.19,Brazil
Mirassol,2026-03-15,1935.53,Brazil
Mirassol,2026-03-19,1930.84,Brazil
Mirassol,2026-03-22,1941.97,Brazil
Mirassol,2026-04-02,1947.72,Brazil
Mirassol,2026-04-06,1921.17,Brazil
Mirassol,2026-04-09,1920.39,Brazil
Mirassol,2026-04-11,1912.08,Brazil
Mirassol,2026-04-15,1866.47,Brazil
Mirassol,2026-04-19,1875.9,Brazil
Mirassol,2026-04-23,1847.55,Brazil
Mirassol,2026-04-26,1866.53,Brazil
Mirassol,2026-04-30,1915.47,Brazil
Mirassol,2026-05-04,1902.25,Brazil
Mirassol,2026-05-08,1884.44,Brazil
Mirassol,2026-05-10,1876.3,Brazil
Mirassol,2026-05-14,1846.92,Brazil
Mirassol,2026-05-16,1848.12,Brazil
Mirassol,2026-05-20,1868.03,Brazil
Mirassol,2026-05-24,1866.12,Brazil
Mirassol,2026-05-27,1835.31,Brazil
Mirassol,2026-05-30,1846.74,Brazil
Mirassol,2026-07-18,1865.49,Brazil
Mirassol,2026-07-26,1875.14,Brazil
Nautico,2023-07-24,1722.87,Brazil
Nautico,2023-07-29,1723.89,Brazil
Nautico,2023-08-06,1715.52,Brazil
Nautico,2023-08-13,1696.88,Brazil
Nautico,2023-08-19,1718.03,Brazil
Nautico,2023-08-26,1720.98,Brazil
Nautico,2024-01-14,1730.33,Brazil
Nautico,2024-01-21,1732.73,Brazil
Nautico,2024-01-24,1727.62,Brazil
Nautico,2024-01-27,1739.82,Brazil
Nautico,2024-02-01,1775.32,Brazil
Nautico,2024-02-03,1717.27,Brazil
Nautico,2024-02-07,1720.62,Brazil
Nautico,2024-02-10,1721.12,Brazil
Nautico,2024-02-15,1757.61,Brazil
Nautico,2024-02-18,1784.93,Brazil
Nautico,2024-02-21,1760.79,Brazil
Nautico,2024-02-24,1757.39,Brazil
Nautico,2024-03-02,1751.54,Brazil
Nautico,2024-03-05,1740.06,Brazil
Nautico,2024-03-10,1775.36,Brazil
Nautico,2024-03-17,1771.7,Brazil
Nautico,2024-03-21,1788.74,Brazil
Nautico,2024-03-24,1749.22,Brazil
Nautico,2024-03-28,1761.4,Brazil
Nautico,2024-03-30,1782.34,Brazil
Nautico,2024-04-21,1792.88,Brazil
Nautico,2024-04-27,1774.3,Brazil
Nautico,2024-05-12,1747.98,Brazil
Nautico,2024-05-18,1739.11,Brazil
Nautico,2024-05-25,1727.07,Brazil
Nautico,2024-06-04,1739.28,Brazil
Nautico,2024-06-10,1750.33,Brazil
Nautico,2024-06-18,1738.62,Brazil
Nautico,2024-06-25,1725.38,Brazil
Nautico,2024-07-02,1703.3,Brazil
Nautico,2024-07-08,1723.65,Brazil
Nautico,2024-07-15,1711.39,Brazil
Nautico,2024-07-22,1721.57,Brazil
Nautico,2024-07-27,1713.35,Brazil
Nautico,2024-08-01,1724.37,Brazil
Nautico,2024-08-05,1718.28,Brazil
Nautico,2024-08-12,1709.03,Brazil
Nautico,2024-08-17,1706.31,Brazil
Nautico,2024-08-24,1712.49,Brazil
Nautico,2025-01-11,1699.76,Brazil
Nautico,2025-01-16,1714.04,Brazil
Nautico,2025-01-19,1726.97,Brazil
Nautico,2025-01-23,1744.98,Brazil
Nautico,2025-01-25,1699.86,Brazil
Nautico,2025-01-31,1712.01,Brazil
Nautico,2025-02-02,1725.09,Brazil
Nautico,2025-02-05,1708.06,Brazil
Nautico,2025-02-09,1723.92,Brazil
Nautico,2025-02-13,1744.86,Brazil
Nautico,2025-02-15,1726.24,Brazil
Nautico,2025-02-19,1720.8,Brazil
Nautico,2025-02-22,1742.62,Brazil
Nautico,2025-02-27,1732.21,Brazil
Nautico,2025-03-03,1729.43,Brazil
Nautico,2025-03-06,1761.41,Brazil
Nautico,2025-03-12,1734.52,Brazil
Nautico,2025-03-18,1719.47,Brazil
Nautico,2025-04-13,1714.48,Brazil
Nautico,2025-04-19,1703.47,Brazil
Nautico,2025-04-27,1712.73,Brazil
Nautico,2025-04-30,1696.91,Brazil
Nautico,2025-05-05,1706.75,Brazil
Nautico,2025-05-10,1696.74,Brazil
Nautico,2025-05-18,1701.3,Brazil
Nautico,2025-05-21,1678.01,Brazil
Nautico,2025-05-24,1693.33,Brazil
Nautico,2025-05-31,1693.76,Brazil
Nautico,2025-06-07,1715.57,Brazil
Nautico,2025-06-17,1712.74,Brazil
Nautico,2025-06-30,1709.77,Brazil
Nautico,2025-07-05,1697.3,Brazil
Nautico,2025-07-14,1674.87,Brazil
Nautico,2025-07-22,1680.47,Brazil
Nautico,2025-07-26,1654.78,Brazil
Nautico,2025-08-04,1668.26,Brazil
Nautico,2025-08-10,1697.74,Brazil
Nautico,2025-08-18,1732.23,Brazil
Nautico,2025-08-25,1781.39,Brazil
Nautico,2025-08-30,1736.08,Brazil
Nautico,2025-09-08,1727.09,Brazil
Nautico,2025-09-13,1772.83,Brazil
Nautico,2025-09-20,1741.04,Brazil
Nautico,2025-09-27,1718.95,Brazil
Nautico,2025-10-04,1724.74,Brazil
Nautico,2025-10-11,1738.84,Brazil
Nautico,2026-01-10,1737.39,Brazil
Nautico,2026-01-14,1775.51,Brazil
Nautico,2026-01-18,1803.78,Brazil
Nautico,2026-01-23,1832.03,Brazil
Nautico,2026-01-25,1852.62,Brazil
Nautico,2026-01-29,1857.65,Brazil
Nautico,2026-01-31,1839.41,Brazil
Nautico,2026-02-12,1831.69,Brazil
Nautico,2026-02-22,1824.62,Brazil
Nautico,2026-03-01,1805.94,Brazil
Nautico,2026-03-08,1808.95,Brazil
Nautico,2026-03-22,1801.32,Brazil
Nautico,2026-04-02,1761.41,Brazil
Nautico,2026-04-04,1755.26,Brazil
Nautico,2026-04-12,1780.0,Brazil
Nautico,2026-04-18,1785.78,Brazil
Nautico,2026-04-28,1786.68,Brazil
Nautico,2026-05-02,1779.62,Brazil
Nautico,2026-05-10,1765.43,Brazil
Nautico,2026-05-16,1795.34,Brazil
Nautico,2026-05-23,1772.05,Brazil
Nautico,2026-05-31,1757.63,Brazil
Nautico,2026-06-10,1778.92,Brazil
Nautico,2026-06-15,1782.83,Brazil
Nautico,2026-06-21,1775.43,Brazil
Nautico,2026-06-28,1783.82,Brazil
Nautico,2026-07-06,1779.57,Brazil
Nautico,2026-07-12,1765.19,Brazil
Nautico,2026-07-17,1759.14,Brazil
Nautico,2026-07-23,1759.11,Brazil
Novorizontino,2023-07-22,1828.8,Brazil
Novorizontino,2023-07-30,1837.26,Brazil
Novorizontino,2023-08-03,1831.04,Brazil
Novorizontino,2023-08-05,1822.83,Brazil
Novorizontino,2023-08-12,1812.06,Brazil
Novorizontino,2023-08-20,1814.84,Brazil
Novorizontino,2023-08-26,1823.02,Brazil
Novorizontino,2023-08-31,1811.23,Brazil
Novorizontino,2023-09-12,1818.39,Brazil
Novorizontino,2023-09-19,1827.49,Brazil
Novorizontino,2023-09-26,1849.91,Brazil
Novorizontino,2023-09-30,1842.83,Brazil
Novorizontino,2023-10-07,1842.8,Brazil
Novorizontino,2023-10-14,1838.75,Brazil
Novorizontino,2023-10-21,1846.36,Brazil
Novorizontino,2023-10-28,1847.64,Brazil
Novorizontino,2023-11-02,1839.87,Brazil
Novorizontino,2023-11-12,1830.16,Brazil
Novorizontino,2023-11-18,1861.39,Brazil
Novorizontino,2023-11-25,1888.84,Brazil
Novorizontino,2024-01-21,1858.03,Brazil
Novorizontino,2024-01-26,1842.96,Brazil
Novorizontino,2024-01-28,1827.41,Brazil
Novorizontino,2024-02-01,1833.25,Brazil
Novorizontino,2024-02-04,1812.08,Brazil
Novorizontino,2024-02-08,1815.6,Brazil
Novorizontino,2024-02-13,1795.02,Brazil
Novorizontino,2024-02-15,1797.99,Brazil
Novorizontino,2024-02-18,1804.18,Brazil
Novorizontino,2024-02-24,1819.78,Brazil
Novorizontino,2024-03-03,1828.51,Brazil
Novorizontino,2024-03-10,1836.43,Brazil
Novorizontino,2024-03-17,1844.41,Brazil
Novorizontino,2024-03-29,1839.24,Brazil
Novorizontino,2024-04-20,1853.52,Brazil
Novorizontino,2024-04-27,1840.72,Brazil
Novorizontino,2024-05-05,1837.34,Brazil
Novorizontino,2024-05-11,1834.36,Brazil
Novorizontino,2024-05-15,1837.04,Brazil
Novorizontino,2024-05-18,1816.92,Brazil
Novorizontino,2024-05-28,1805.93,Brazil
Novorizontino,2024-06-01,1815.05,Brazil
Novorizontino,2024-06-08,1794.11,Brazil
Novorizontino,2024-06-15,1808.91,Brazil
Novorizontino,2024-06-19,1802.81,Brazil
Novorizontino,2024-06-25,1799.07,Brazil
Novorizontino,2024-07-03,1779.41,Brazil
Novorizontino,2024-07-09,1766.78,Brazil
Novorizontino,2024-07-13,1778.58,Brazil
Novorizontino,2024-07-19,1777.95,Brazil
Novorizontino,2024-07-24,1775.47,Brazil
Novorizontino,2024-07-29,1768.47,Brazil
Novorizontino,2024-08-04,1771.64,Brazil
Novorizontino,2024-08-11,1765.55,Brazil
Novorizontino,2024-08-17,1782.28,Brazil
Novorizontino,2024-08-21,1777.7,Brazil
Novorizontino,2024-08-27,1784.4,Brazil
Novorizontino,2024-08-31,1774.57,Brazil
Novorizontino,2024-09-08,1788.24,Brazil
Novorizontino,2024-09-14,1797.38,Brazil
Novorizontino,2024-09-18,1800.4,Brazil
Novorizontino,2024-09-24,1804.24,Brazil
Novorizontino,2024-10-01,1808.7,Brazil
Novorizontino,2024-10-05,1819.16,Brazil
Novorizontino,2024-10-11,1831.8,Brazil
Novorizontino,2024-10-19,1826.18,Brazil
Novorizontino,2024-10-23,1821.49,Brazil
Novorizontino,2024-10-30,1831.01,Brazil
Novorizontino,2024-11-02,1828.33,Brazil
Novorizontino,2024-11-09,1839.38,Brazil
Novorizontino,2024-11-16,1843.05,Brazil
Novorizontino,2024-11-24,1879.96,Brazil
Novorizontino,2025-01-15,1849.31,Brazil
Novorizontino,2025-01-19,1838.74,Brazil
Novorizontino,2025-01-21,1827.62,Brazil
Novorizontino,2025-01-26,1827.66,Brazil
Novorizontino,2025-01-29,1835.37,Brazil
Novorizontino,2025-01-31,1841.92,Brazil
Novorizontino,2025-02-04,1844.11,Brazil
Novorizontino,2025-02-06,1808.59,Brazil
Novorizontino,2025-02-09,1786.05,Brazil
Novorizontino,2025-02-13,1800.75,Brazil
Novorizontino,2025-02-18,1806.28,Brazil
Novorizontino,2025-02-23,1808.51,Brazil
Novorizontino,2025-02-28,1833.67,Brazil
Novorizontino,2025-03-04,1801.23,Brazil
Novorizontino,2025-03-11,1819.83,Brazil
Novorizontino,2025-04-07,1800.5,Brazil
Novorizontino,2025-04-13,1842.5,Brazil
Novorizontino,2025-04-17,1867.74,Brazil
Novorizontino,2025-04-22,1873.78,Brazil
Novorizontino,2025-04-25,1868.13,Brazil
Novorizontino,2025-05-01,1856.93,Brazil
Novorizontino,2025-05-04,1871.82,Brazil
Novorizontino,2025-05-11,1881.07,Brazil
Novorizontino,2025-05-18,1874.84,Brazil
Novorizontino,2025-05-22,1850.76,Brazil
Novorizontino,2025-05-25,1865.3,Brazil
Novorizontino,2025-05-31,1840.61,Brazil
Novorizontino,2025-06-07,1823.12,Brazil
Novorizontino,2025-06-15,1813.3,Brazil
Novorizontino,2025-06-24,1838.36,Brazil
Novorizontino,2025-06-30,1847.38,Brazil
Novorizontino,2025-07-06,1842.38,Brazil
Novorizontino,2025-07-12,1838.55,Brazil
Novorizontino,2025-07-18,1824.87,Brazil
Novorizontino,2025-07-24,1809.59,Brazil
Novorizontino,2025-07-27,1813.66,Brazil
Novorizontino,2025-08-10,1819.45,Brazil
Novorizontino,2025-08-15,1822.8,Brazil
Novorizontino,2025-08-23,1809.26,Brazil
Novorizontino,2025-08-31,1801.82,Brazil
Novorizontino,2025-09-09,1795.75,Brazil
Novorizontino,2025-09-16,1801.32,Brazil
Novorizontino,2025-09-20,1814.18,Brazil
Novorizontino,2025-09-24,1839.9,Brazil
Novorizontino,2025-09-28,1848.54,Brazil
Novorizontino,2025-10-04,1847.99,Brazil
Novorizontino,2025-10-09,1843.85,Brazil
Novorizontino,2025-10-12,1830.41,Brazil
Novorizontino,2025-10-18,1818.68,Brazil
Novorizontino,2025-10-25,1826.99,Brazil
Novorizontino,2025-11-03,1818.39,Brazil
Novorizontino,2025-11-08,1829.12,Brazil
Novorizontino,2025-11-16,1837.61,Brazil
Novorizontino,2025-11-22,1842.66,Brazil
Novorizontino,2026-01-10,1880.24,Brazil
Novorizontino,2026-01-13,1886.11,Brazil
Novorizontino,2026-01-17,1847.3,Brazil
Novorizontino,2026-01-21,1826.69,Brazil
Novorizontino,2026-01-25,1828.69,Brazil
Novorizontino,2026-02-01,1841.27,Brazil
Novorizontino,2026-02-07,1845.63,Brazil
Novorizontino,2026-02-16,1844.47,Brazil
Novorizontino,2026-02-22,1814.27,Brazil
Novorizontino,2026-02-25,1861.47,Brazil
Novorizontino,2026-03-01,1830.79,Brazil
Novorizontino,2026-03-05,1824.62,Brazil
Novorizontino,2026-03-09,1806.22,Brazil
Novorizontino,2026-03-13,1809.8,Brazil
Novorizontino,2026-03-19,1821.71,Brazil
Novorizontino,2026-03-23,1869.17,Brazil
Novorizontino,2026-03-31,1850.94,Brazil
Novorizontino,2026-04-05,1836.69,Brazil
Novorizontino,2026-04-12,1829.9,Brazil
Novorizontino,2026-04-20,1835.4,Brazil
Novorizontino,2026-04-26,1851.66,Brazil
Novorizontino,2026-05-04,1840.39,Brazil
Novorizontino,2026-05-11,1813.91,Brazil
Novorizontino,2026-05-17,1816.26,Brazil
Novorizontino,2026-05-23,1827.76,Brazil
Novorizontino,2026-05-31,1829.89,Brazil
Novorizontino,2026-06-11,1804.01,Brazil
Novorizontino,2026-06-15,1800.1,Brazil
Novorizontino,2026-06-23,1804.26,Brazil
Novorizontino,2026-06-27,1797.97,Brazil
Novorizontino,2026-07-04,1791.3,Brazil
Novorizontino,2026-07-12,1802.21,Brazil
Novorizontino,2026-07-18,1811.24,Brazil
Novorizontino,2026-07-22,1820.85,Brazil
Operario Ferroviario EC,2023-07-22,1747.6,Brazil
Operario Ferroviario EC,2023-07-29,1746.57,Brazil
Operario Ferroviario EC,2023-08-06,1743.11,Brazil
Operario Ferroviario EC,2023-08-13,1739.55,Brazil
Operario Ferroviario EC,2023-08-20,1763.02,Brazil
Operario Ferroviario EC,2023-08-26,1767.45,Brazil
Operario Ferroviario EC,2023-09-03,1756.43,Brazil
Operario Ferroviario EC,2023-09-10,1767.22,Brazil
Operario Ferroviario EC,2023-09-18,1768.38,Brazil
Operario Ferroviario EC,2023-09-24,1755.83,Brazil
Operario Ferroviario EC,2023-10-01,1751.98,Brazil
Operario Ferroviario EC,2023-10-08,1747.05,Brazil
Operario Ferroviario EC,2024-01-18,1730.97,Brazil
Operario Ferroviario EC,2024-01-21,1732.48,Brazil
Operario Ferroviario EC,2024-01-25,1728.51,Brazil
Operario Ferroviario EC,2024-01-28,1736.56,Brazil
Operario Ferroviario EC,2024-02-02,1731.82,Brazil
Operario Ferroviario EC,2024-02-04,1738.89,Brazil
Operario Ferroviario EC,2024-02-08,1739.97,Brazil
Operario Ferroviario EC,2024-02-11,1743.68,Brazil
Operario Ferroviario EC,2024-02-15,1727.8,Brazil
Operario Ferroviario EC,2024-02-18,1729.97,Brazil
Operario Ferroviario EC,2024-02-25,1702.86,Brazil
Operario Ferroviario EC,2024-02-29,1727.72,Brazil
Operario Ferroviario EC,2024-03-03,1727.35,Brazil
Operario Ferroviario EC,2024-03-07,1736.86,Brazil
Operario Ferroviario EC,2024-03-12,1752.05,Brazil
Operario Ferroviario EC,2024-03-16,1717.73,Brazil
Operario Ferroviario EC,2024-03-28,1707.21,Brazil
Operario Ferroviario EC,2024-04-20,1707.09,Brazil
Operario Ferroviario EC,2024-04-27,1706.38,Brazil
Operario Ferroviario EC,2024-05-01,1708.13,Brazil
Operario Ferroviario EC,2024-05-04,1721.1,Brazil
Operario Ferroviario EC,2024-05-11,1736.11,Brazil
Operario Ferroviario EC,2024-05-16,1747.51,Brazil
Operario Ferroviario EC,2024-05-19,1768.82,Brazil
Operario Ferroviario EC,2024-05-28,1773.12,Brazil
Operario Ferroviario EC,2024-06-04,1769.76,Brazil
Operario Ferroviario EC,2024-06-08,1761.38,Brazil
Operario Ferroviario EC,2024-06-15,1767.47,Brazil
Operario Ferroviario EC,2024-06-18,1772.97,Brazil
Operario Ferroviario EC,2024-06-22,1775.68,Brazil
Operario Ferroviario EC,2024-06-30,1769.71,Brazil
Operario Ferroviario EC,2024-07-06,1770.32,Brazil
Operario Ferroviario EC,2024-07-14,1769.4,Brazil
Operario Ferroviario EC,2024-07-18,1755.73,Brazil
Operario Ferroviario EC,2024-07-24,1758.2,Brazil
Operario Ferroviario EC,2024-07-27,1755.29,Brazil
Operario Ferroviario EC,2024-08-04,1764.31,Brazil
Operario Ferroviario EC,2024-08-10,1777.4,Brazil
Operario Ferroviario EC,2024-08-16,1763.96,Brazil
Operario Ferroviario EC,2024-08-21,1774.45,Brazil
Operario Ferroviario EC,2024-08-24,1756.12,Brazil
Operario Ferroviario EC,2024-09-03,1755.21,Brazil
Operario Ferroviario EC,2024-09-08,1737.34,Brazil
Operario Ferroviario EC,2024-09-15,1727.42,Brazil
Operario Ferroviario EC,2024-09-19,1730.61,Brazil
Operario Ferroviario EC,2024-09-25,1735.11,Brazil
Operario Ferroviario EC,2024-09-28,1733.69,Brazil
Operario Ferroviario EC,2024-10-04,1725.71,Brazil
Operario Ferroviario EC,2024-10-13,1732.84,Brazil
Operario Ferroviario EC,2024-10-17,1727.28,Brazil
Operario Ferroviario EC,2024-10-20,1732.45,Brazil
Operario Ferroviario EC,2024-10-24,1718.63,Brazil
Operario Ferroviario EC,2024-10-29,1735.93,Brazil
Operario Ferroviario EC,2024-11-04,1722.95,Brazil
Operario Ferroviario EC,2024-11-09,1711.9,Brazil
Operario Ferroviario EC,2024-11-15,1733.2,Brazil
Operario Ferroviario EC,2024-11-24,1742.2,Brazil
Operario Ferroviario EC,2025-01-12,1753.19,Brazil
Operario Ferroviario EC,2025-01-17,1774.35,Brazil
Operario Ferroviario EC,2025-01-19,1776.29,Brazil
Operario Ferroviario EC,2025-01-23,1742.4,Brazil
Operario Ferroviario EC,2025-01-26,1728.85,Brazil
Operario Ferroviario EC,2025-01-30,1737.36,Brazil
Operario Ferroviario EC,2025-02-01,1749.82,Brazil
Operario Ferroviario EC,2025-02-06,1752.85,Brazil
Operario Ferroviario EC,2025-02-08,1750.62,Brazil
Operario Ferroviario EC,2025-02-12,1752.56,Brazil
Operario Ferroviario EC,2025-02-15,1761.02,Brazil
Operario Ferroviario EC,2025-02-22,1746.93,Brazil
Operario Ferroviario EC,2025-02-27,1780.33,Brazil
Operario Ferroviario EC,2025-03-09,1746.91,Brazil
Operario Ferroviario EC,2025-03-12,1758.49,Brazil
Operario Ferroviario EC,2025-03-15,1758.38,Brazil
Operario Ferroviario EC,2025-03-19,1747.91,Brazil
Operario Ferroviario EC,2025-03-22,1743.41,Brazil
Operario Ferroviario EC,2025-03-29,1737.74,Brazil
Operario Ferroviario EC,2025-04-05,1734.71,Brazil
Operario Ferroviario EC,2025-04-13,1755.16,Brazil
Operario Ferroviario EC,2025-04-17,1763.89,Brazil
Operario Ferroviario EC,2025-04-19,1769.38,Brazil
Operario Ferroviario EC,2025-04-26,1777.76,Brazil
Operario Ferroviario EC,2025-05-01,1775.47,Brazil
Operario Ferroviario EC,2025-05-05,1777.58,Brazil
Operario Ferroviario EC,2025-05-11,1778.67,Brazil
Operario Ferroviario EC,2025-05-17,1778.2,Brazil
Operario Ferroviario EC,2025-05-21,1758.43,Brazil
Operario Ferroviario EC,2025-05-25,1788.43,Brazil
Operario Ferroviario EC,2025-06-01,1808.1,Brazil
Operario Ferroviario EC,2025-06-09,1801.69,Brazil
Operario Ferroviario EC,2025-06-15,1807.97,Brazil
Operario Ferroviario EC,2025-06-24,1782.91,Brazil
Operario Ferroviario EC,2025-06-29,1768.9,Brazil
Operario Ferroviario EC,2025-07-08,1787.94,Brazil
Operario Ferroviario EC,2025-07-12,1782.08,Brazil
Operario Ferroviario EC,2025-07-18,1765.3,Brazil
Operario Ferroviario EC,2025-07-23,1779.87,Brazil
Operario Ferroviario EC,2025-07-26,1787.55,Brazil
Operario Ferroviario EC,2025-08-02,1791.33,Brazil
Operario Ferroviario EC,2025-08-09,1800.32,Brazil
Operario Ferroviario EC,2025-08-20,1808.83,Brazil
Operario Ferroviario EC,2025-08-24,1810.22,Brazil
Operario Ferroviario EC,2025-08-30,1798.69,Brazil
Operario Ferroviario EC,2025-09-07,1794.74,Brazil
Operario Ferroviario EC,2025-09-14,1794.3,Brazil
Operario Ferroviario EC,2025-09-19,1784.84,Brazil
Operario Ferroviario EC,2025-09-25,1789.24,Brazil
Operario Ferroviario EC,2025-09-28,1771.07,Brazil
Operario Ferroviario EC,2025-10-05,1784.21,Brazil
Operario Ferroviario EC,2025-10-09,1771.28,Brazil
Operario Ferroviario EC,2025-10-12,1784.72,Brazil
Operario Ferroviario EC,2025-10-19,1787.12,Brazil
Operario Ferroviario EC,2025-10-27,1789.1,Brazil
Operario Ferroviario EC,2025-11-03,1777.72,Brazil
Operario Ferroviario EC,2025-11-09,1785.75,Brazil
Operario Ferroviario EC,2025-11-15,1785.12,Brazil
Operario Ferroviario EC,2025-11-23,1735.85,Brazil
Operario Ferroviario EC,2026-01-07,1718.82,Brazil
Operario Ferroviario EC,2026-01-10,1745.13,Brazil
Operario Ferroviario EC,2026-01-15,1791.34,Brazil
Operario Ferroviario EC,2026-01-18,1792.36,Brazil
Operario Ferroviario EC,2026-01-22,1798.15,Brazil
Operario Ferroviario EC,2026-01-24,1840.14,Brazil
Operario Ferroviario EC,2026-02-01,1843.43,Brazil
Operario Ferroviario EC,2026-02-08,1790.9,Brazil
Operario Ferroviario EC,2026-02-14,1769.16,Brazil
Operario Ferroviario EC,2026-02-21,1767.47,Brazil
Operario Ferroviario EC,2026-02-28,1767.51,Brazil
Operario Ferroviario EC,2026-03-04,1786.18,Brazil
Operario Ferroviario EC,2026-03-07,1802.34,Brazil
Operario Ferroviario EC,2026-03-12,1828.68,Brazil
Operario Ferroviario EC,2026-03-18,1836.65,Brazil
Operario Ferroviario EC,2026-03-21,1852.27,Brazil
Operario Ferroviario EC,2026-04-03,1862.14,Brazil
Operario Ferroviario EC,2026-04-05,1846.6,Brazil
Operario Ferroviario EC,2026-04-12,1771.03,Brazil
Operario Ferroviario EC,2026-04-18,1763.48,Brazil
Operario Ferroviario EC,2026-04-24,1773.11,Brazil
Operario Ferroviario EC,2026-04-26,1831.14,Brazil
Operario Ferroviario EC,2026-05-03,1833.42,Brazil
Operario Ferroviario EC,2026-05-10,1811.26,Brazil
Operario Ferroviario EC,2026-05-13,1814.78,Brazil
Operario Ferroviario EC,2026-05-16,1784.88,Brazil
Operario Ferroviario EC,2026-05-25,1789.47,Brazil
Operario Ferroviario EC,2026-05-31,1786.92,Brazil
Operario Ferroviario EC,2026-06-06,1750.76,Brazil
Operario Ferroviario EC,2026-06-15,1756.78,Brazil
Operario Ferroviario EC,2026-06-21,1762.24,Brazil
Operario Ferroviario EC,2026-06-27,1768.45,Brazil
Operario Ferroviario EC,2026-07-08,1771.75,Brazil
Operario Ferroviario EC,2026-07-12,1760.83,Brazil
Operario Ferroviario EC,2026-07-18,1752.11,Brazil
Operario Ferroviario EC,2026-07-23,1760.36,Brazil
Palmeiras,2023-07-22,2021.95,Brazil
Palmeiras,2023-07-30,2014.71,Brazil
Palmeiras,2023-08-03,2024.88,Brazil
Palmeiras,2023-08-06,2004.29,Brazil
Palmeiras,2023-08-10,2013.04,Brazil
Palmeiras,2023-08-15,2021.04,Brazil
Palmeiras,2023-08-19,2025.71,Brazil
Palmeiras,2023-08-24,2034.92,Brazil
Palmeiras,2023-08-27,2038.54,Brazil
Palmeiras,2023-08-31,2041.45,Brazil
Palmeiras,2023-09-03,2053.33,Brazil
Palmeiras,2023-09-16,2066.79,Brazil
Palmeiras,2023-09-22,2076.68,Brazil
Palmeiras,2023-09-29,2053.72,Brazil
Palmeiras,2023-10-01,2019.1,Brazil
Palmeiras,2023-10-06,2003.78,Brazil
Palmeiras,2023-10-08,1981.63,Brazil
Palmeiras,2023-10-20,1998.11,Brazil
Palmeiras,2023-10-22,2007.58,Brazil
Palmeiras,2023-10-26,1990.91,Brazil
Palmeiras,2023-10-29,2004.64,Brazil
Palmeiras,2023-11-02,2025.62,Brazil
Palmeiras,2023-11-05,2016.23,Brazil
Palmeiras,2023-11-09,2016.95,Brazil
Palmeiras,2023-11-12,2009.64,Brazil
Palmeiras,2023-11-26,2015.28,Brazil
Palmeiras,2023-11-30,2031.84,Brazil
Palmeiras,2023-12-03,2060.55,Brazil
Palmeiras,2023-12-07,2078.19,Brazil
Palmeiras,2024-01-21,2109.01,Brazil
Palmeiras,2024-01-25,2085.8,Brazil
Palmeiras,2024-01-28,2076.3,Brazil
Palmeiras,2024-01-31,2035.39,Brazil
Palmeiras,2024-02-09,2052.81,Brazil
Palmeiras,2024-02-12,2081.59,Brazil
Palmeiras,2024-02-15,2055.33,Brazil
Palmeiras,2024-02-18,2048.13,Brazil
Palmeiras,2024-02-24,2047.25,Brazil
Palmeiras,2024-02-28,2051.3,Brazil
Palmeiras,2024-03-04,2061.56,Brazil
Palmeiras,2024-03-09,2076.32,Brazil
Palmeiras,2024-03-16,2064.7,Brazil
Palmeiras,2024-03-29,2069.88,Brazil
Palmeiras,2024-04-04,2016.74,Brazil
Palmeiras,2024-04-12,2029.78,Brazil
Palmeiras,2024-04-14,2059.8,Brazil
Palmeiras,2024-04-18,2065.59,Brazil
Palmeiras,2024-04-21,2055.12,Brazil
Palmeiras,2024-04-25,2023.53,Brazil
Palmeiras,2024-04-30,2033.11,Brazil
Palmeiras,2024-05-03,2020.65,Brazil
Palmeiras,2024-05-05,2056.49,Brazil
Palmeiras,2024-05-10,2025.08,Brazil
Palmeiras,2024-05-12,2023.56,Brazil
Palmeiras,2024-05-16,2023.51,Brazil
Palmeiras,2024-05-24,2048.31,Brazil
Palmeiras,2024-05-31,2024.24,Brazil
Palmeiras,2024-06-02,2011.43,Brazil
Palmeiras,2024-06-14,2030.89,Brazil
Palmeiras,2024-06-18,2038.68,Brazil
Palmeiras,2024-06-21,2049.84,Brazil
Palmeiras,2024-06-23,2042.96,Brazil
Palmeiras,2024-06-27,2056.3,Brazil
Palmeiras,2024-07-02,2064.25,Brazil
Palmeiras,2024-07-05,2050.11,Brazil
Palmeiras,2024-07-07,2041.38,Brazil
Palmeiras,2024-07-12,2037.7,Brazil
Palmeiras,2024-07-18,2045.83,Brazil
Palmeiras,2024-07-21,2051.33,Brazil
Palmeiras,2024-07-25,2033.13,Brazil
Palmeiras,2024-07-28,2027.55,Brazil
Palmeiras,2024-08-01,2032.14,Brazil
Palmeiras,2024-08-04,2037.34,Brazil
Palmeiras,2024-08-08,2034.56,Brazil
Palmeiras,2024-08-11,2012.95,Brazil
Palmeiras,2024-08-15,2025.93,Brazil
Palmeiras,2024-08-18,2030.84,Brazil
Palmeiras,2024-08-22,2040.51,Brazil
Palmeiras,2024-08-24,2040.78,Brazil
Palmeiras,2024-09-01,2062.09,Brazil
Palmeiras,2024-09-15,2076.85,Brazil
Palmeiras,2024-09-22,2081.14,Brazil
Palmeiras,2024-09-28,2063.11,Brazil
Palmeiras,2024-10-05,2076.82,Brazil
Palmeiras,2024-10-21,2080.95,Brazil
Palmeiras,2024-10-26,2105.14,Brazil
Palmeiras,2024-11-05,2100.33,Brazil
Palmeiras,2024-11-09,2100.48,Brazil
Palmeiras,2024-11-20,2098.51,Brazil
Palmeiras,2024-11-23,2127.54,Brazil
Palmeiras,2024-11-27,2116.39,Brazil
Palmeiras,2024-12-05,2109.28,Brazil
Palmeiras,2024-12-08,2110.87,Brazil
Palmeiras,2025-01-16,2074.41,Brazil
Palmeiras,2025-01-18,2051.52,Brazil
Palmeiras,2025-01-23,2048.51,Brazil
Palmeiras,2025-01-26,2048.47,Brazil
Palmeiras,2025-01-28,2068.73,Brazil
Palmeiras,2025-02-02,2042.59,Brazil
Palmeiras,2025-02-07,2018.12,Brazil
Palmeiras,2025-02-09,2035.75,Brazil
Palmeiras,2025-02-13,2021.81,Brazil
Palmeiras,2025-02-16,2041.65,Brazil
Palmeiras,2025-02-20,2027.34,Brazil
Palmeiras,2025-02-23,2073.57,Brazil
Palmeiras,2025-03-02,2076.48,Brazil
Palmeiras,2025-03-11,2083.41,Brazil
Palmeiras,2025-03-16,2086.03,Brazil
Palmeiras,2025-03-28,2085.66,Brazil
Palmeiras,2025-03-30,2091.35,Brazil
Palmeiras,2025-04-04,2073.57,Brazil
Palmeiras,2025-04-06,2065.36,Brazil
Palmeiras,2025-04-10,2075.5,Brazil
Palmeiras,2025-04-12,2052.89,Brazil
Palmeiras,2025-04-17,2060.6,Brazil
Palmeiras,2025-04-20,2061.2,Brazil
Palmeiras,2025-04-25,2034.44,Brazil
Palmeiras,2025-04-27,2059.95,Brazil
Palmeiras,2025-05-01,2068.11,Brazil
Palmeiras,2025-05-04,2088.64,Brazil
Palmeiras,2025-05-08,2074.13,Brazil
Palmeiras,2025-05-11,2061.47,Brazil
Palmeiras,2025-05-16,2082.11,Brazil
Palmeiras,2025-05-18,2078.99,Brazil
Palmeiras,2025-05-23,2085.76,Brazil
Palmeiras,2025-05-25,2098.93,Brazil
Palmeiras,2025-05-29,2062.9,Brazil
Palmeiras,2025-06-02,2036.41,Brazil
Palmeiras,2025-06-19,2123.02,Brazil
Palmeiras,2025-06-24,2109.49,Brazil
Palmeiras,2025-06-28,2104.79,Brazil
Palmeiras,2025-07-05,2127.78,Brazil
Palmeiras,2025-07-17,2144.14,Brazil
Palmeiras,2025-07-20,2128.21,Brazil
Palmeiras,2025-07-24,2091.27,Brazil
Palmeiras,2025-07-27,2087.52,Brazil
Palmeiras,2025-07-31,2073.03,Brazil
Palmeiras,2025-08-04,2036.18,Brazil
Palmeiras,2025-08-07,2033.15,Brazil
Palmeiras,2025-08-10,2040.96,Brazil
Palmeiras,2025-08-15,2030.4,Brazil
Palmeiras,2025-08-18,2068.41,Brazil
Palmeiras,2025-08-22,2048.07,Brazil
Palmeiras,2025-08-26,2072.76,Brazil
Palmeiras,2025-08-31,2078.47,Brazil
Palmeiras,2025-09-13,2098.48,Brazil
Palmeiras,2025-09-18,2083.39,Brazil
Palmeiras,2025-09-21,2066.81,Brazil
Palmeiras,2025-09-25,2053.73,Brazil
Palmeiras,2025-09-28,2072.05,Brazil
Palmeiras,2025-10-02,2094.9,Brazil
Palmeiras,2025-10-05,2109.66,Brazil
Palmeiras,2025-10-12,2114.74,Brazil
Palmeiras,2025-10-16,2103.52,Brazil
Palmeiras,2025-10-19,2100.11,Brazil
Palmeiras,2025-10-24,2066.63,Brazil
Palmeiras,2025-10-27,2079.05,Brazil
Palmeiras,2025-10-31,2094.72,Brazil
Palmeiras,2025-11-02,2099.61,Brazil
Palmeiras,2025-11-07,2093.22,Brazil
Palmeiras,2025-11-10,2100.44,Brazil
Palmeiras,2025-11-16,2099.53,Brazil
Palmeiras,2025-11-19,2076.8,Brazil
Palmeiras,2025-11-23,2087.15,Brazil
Palmeiras,2025-11-26,2048.12,Brazil
Palmeiras,2025-11-29,2071.76,Brazil
Palmeiras,2025-12-04,2085.48,Brazil
Palmeiras,2025-12-07,2038.95,Brazil
Palmeiras,2026-01-11,2071.03,Brazil
Palmeiras,2026-01-14,2050.4,Brazil
Palmeiras,2026-01-18,2039.32,Brazil
Palmeiras,2026-01-21,2059.93,Brazil
Palmeiras,2026-01-24,2070.71,Brazil
Palmeiras,2026-01-28,2037.94,Brazil
Palmeiras,2026-02-02,2025.83,Brazil
Palmeiras,2026-02-05,1999.14,Brazil
Palmeiras,2026-02-09,1993.05,Brazil
Palmeiras,2026-02-13,1991.79,Brazil
Palmeiras,2026-02-16,1965.9,Brazil
Palmeiras,2026-02-22,1993.53,Brazil
Palmeiras,2026-02-26,2028.41,Brazil
Palmeiras,2026-03-02,2006.35,Brazil
Palmeiras,2026-03-05,2012.53,Brazil
Palmeiras,2026-03-09,2030.91,Brazil
Palmeiras,2026-03-12,2031.89,Brazil
Palmeiras,2026-03-15,2017.56,Brazil
Palmeiras,2026-03-18,2021.93,Brazil
Palmeiras,2026-03-22,2014.18,Brazil
Palmeiras,2026-04-03,2001.26,Brazil
Palmeiras,2026-04-06,2002.26,Brazil
Palmeiras,2026-04-09,2018.84,Brazil
Palmeiras,2026-04-12,2022.35,Brazil
Palmeiras,2026-04-17,2036.38,Brazil
Palmeiras,2026-04-19,2037.77,Brazil
Palmeiras,2026-04-24,2070.2,Brazil
Palmeiras,2026-04-26,2069.42,Brazil
Palmeiras,2026-04-30,2050.49,Brazil
Palmeiras,2026-05-02,2015.24,Brazil
Palmeiras,2026-05-06,2015.18,Brazil
Palmeiras,2026-05-10,2010.01,Brazil
Palmeiras,2026-05-14,2000.16,Brazil
Palmeiras,2026-05-17,1973.9,Brazil
Palmeiras,2026-05-21,1992.94,Brazil
Palmeiras,2026-05-24,1999.51,Brazil
Palmeiras,2026-05-29,2002.08,Brazil
Palmeiras,2026-05-31,1970.04,Brazil
Palmeiras,2026-07-23,1980.03,Brazil
Palmeiras,2026-07-27,1995.19,Brazil
Paysandu SC,2023-07-24,1631.22,Brazil
Paysandu SC,2023-07-30,1652.41,Brazil
Paysandu SC,2023-08-06,1686.14,Brazil
Paysandu SC,2023-08-13,1704.78,Brazil
Paysandu SC,2023-08-21,1745.47,Brazil
Paysandu SC,2023-08-26,1716.66,Brazil
Paysandu SC,2023-09-03,1693.89,Brazil
Paysandu SC,2023-09-09,1713.57,Brazil
Paysandu SC,2023-09-17,1717.9,Brazil
Paysandu SC,2023-09-23,1727.5,Brazil
Paysandu SC,2023-10-01,1710.2,Brazil
Paysandu SC,2023-10-07,1701.91,Brazil
Paysandu SC,2024-01-20,1701.91,Brazil
Paysandu SC,2024-01-24,1703.04,Brazil
Paysandu SC,2024-01-27,1730.71,Brazil
Paysandu SC,2024-02-04,1718.61,Brazil
Paysandu SC,2024-02-08,1747.37,Brazil
Paysandu SC,2024-02-18,1755.34,Brazil
Paysandu SC,2024-03-03,1764.81,Brazil
Paysandu SC,2024-03-07,1770.59,Brazil
Paysandu SC,2024-03-14,1769.34,Brazil
Paysandu SC,2024-03-17,1777.87,Brazil
Paysandu SC,2024-03-22,1785.28,Brazil
Paysandu SC,2024-03-24,1794.61,Brazil
Paysandu SC,2024-03-28,1807.1,Brazil
Paysandu SC,2024-04-20,1759.74,Brazil
Paysandu SC,2024-04-27,1754.56,Brazil
Paysandu SC,2024-05-04,1749.82,Brazil
Paysandu SC,2024-05-12,1749.87,Brazil
Paysandu SC,2024-05-16,1746.43,Brazil
Paysandu SC,2024-05-18,1748.59,Brazil
Paysandu SC,2024-05-23,1737.93,Brazil
Paysandu SC,2024-05-26,1751.47,Brazil
Paysandu SC,2024-06-05,1754.75,Brazil
Paysandu SC,2024-06-11,1759.3,Brazil
Paysandu SC,2024-06-15,1734.73,Brazil
Paysandu SC,2024-06-19,1741.34,Brazil
Paysandu SC,2024-06-23,1755.59,Brazil
Paysandu SC,2024-06-30,1761.57,Brazil
Paysandu SC,2024-07-07,1770.57,Brazil
Paysandu SC,2024-07-13,1761.35,Brazil
Paysandu SC,2024-07-20,1753.03,Brazil
Paysandu SC,2024-07-25,1751.99,Brazil
Paysandu SC,2024-07-29,1758.99,Brazil
Paysandu SC,2024-08-06,1764.78,Brazil
Paysandu SC,2024-08-10,1766.06,Brazil
Paysandu SC,2024-08-18,1767.14,Brazil
Paysandu SC,2024-08-23,1753.09,Brazil
Paysandu SC,2024-08-26,1756.33,Brazil
Paysandu SC,2024-09-01,1750.8,Brazil
Paysandu SC,2024-09-06,1743.23,Brazil
Paysandu SC,2024-09-14,1745.56,Brazil
Paysandu SC,2024-09-19,1753.49,Brazil
Paysandu SC,2024-09-23,1747.87,Brazil
Paysandu SC,2024-09-28,1755.33,Brazil
Paysandu SC,2024-10-05,1747.74,Brazil
Paysandu SC,2024-10-10,1757.95,Brazil
Paysandu SC,2024-10-20,1752.78,Brazil
Paysandu SC,2024-10-24,1737.38,Brazil
Paysandu SC,2024-10-26,1733.76,Brazil
Paysandu SC,2024-11-05,1741.93,Brazil
Paysandu SC,2024-11-12,1742.96,Brazil
Paysandu SC,2024-11-16,1739.29,Brazil
Paysandu SC,2024-11-24,1794.22,Brazil
Paysandu SC,2025-01-19,1794.22,Brazil
Paysandu SC,2025-01-25,1805.49,Brazil
Paysandu SC,2025-01-29,1806.61,Brazil
Paysandu SC,2025-02-06,1786.97,Brazil
Paysandu SC,2025-02-09,1808.97,Brazil
Paysandu SC,2025-02-14,1805.78,Brazil
Paysandu SC,2025-02-18,1805.78,Brazil
Paysandu SC,2025-02-23,1809.93,Brazil
Paysandu SC,2025-02-27,1806.06,Brazil
Paysandu SC,2025-03-02,1777.2,Brazil
Paysandu SC,2025-03-13,1746.66,Brazil
Paysandu SC,2025-03-20,1772.48,Brazil
Paysandu SC,2025-03-29,1732.37,Brazil
Paysandu SC,2025-04-02,1753.29,Brazil
Paysandu SC,2025-04-05,1756.53,Brazil
Paysandu SC,2025-04-10,1752.62,Brazil
Paysandu SC,2025-04-12,1763.28,Brazil
Paysandu SC,2025-04-17,1766.79,Brazil
Paysandu SC,2025-04-19,1761.3,Brazil
Paysandu SC,2025-04-24,1767.79,Brazil
Paysandu SC,2025-04-27,1755.76,Brazil
Paysandu SC,2025-05-01,1736.25,Brazil
Paysandu SC,2025-05-04,1729.53,Brazil
Paysandu SC,2025-05-08,1707.4,Brazil
Paysandu SC,2025-05-11,1735.78,Brazil
Paysandu SC,2025-05-15,1716.26,Brazil
Paysandu SC,2025-05-18,1733.93,Brazil
Paysandu SC,2025-05-22,1744.86,Brazil
Paysandu SC,2025-05-25,1730.31,Brazil
Paysandu SC,2025-06-03,1728.33,Brazil
Paysandu SC,2025-06-07,1710.15,Brazil
Paysandu SC,2025-06-14,1709.49,Brazil
Paysandu SC,2025-06-21,1733.83,Brazil
Paysandu SC,2025-07-01,1753.88,Brazil
Paysandu SC,2025-07-06,1742.84,Brazil
Paysandu SC,2025-07-12,1744.3,Brazil
Paysandu SC,2025-07-19,1743.16,Brazil
Paysandu SC,2025-07-24,1740.4,Brazil
Paysandu SC,2025-07-29,1734.66,Brazil
Paysandu SC,2025-08-03,1728.61,Brazil
Paysandu SC,2025-08-12,1736.49,Brazil
Paysandu SC,2025-08-17,1742.63,Brazil
Paysandu SC,2025-08-24,1741.24,Brazil
Paysandu SC,2025-08-30,1742.74,Brazil
Paysandu SC,2025-09-06,1742.19,Brazil
Paysandu SC,2025-09-13,1742.38,Brazil
Paysandu SC,2025-09-20,1752.54,Brazil
Paysandu SC,2025-09-24,1726.81,Brazil
Paysandu SC,2025-09-28,1701.54,Brazil
Paysandu SC,2025-10-03,1693.47,Brazil
Paysandu SC,2025-10-08,1713.36,Brazil
Paysandu SC,2025-10-15,1697.11,Brazil
Paysandu SC,2025-10-21,1693.86,Brazil
Paysandu SC,2025-10-25,1705.32,Brazil
Paysandu SC,2025-10-31,1688.1,Brazil
Paysandu SC,2025-11-10,1645.59,Brazil
Paysandu SC,2025-11-15,1622.12,Brazil
Paysandu SC,2025-11-23,1591.64,Brazil
Paysandu SC,2026-01-25,1591.64,Brazil
Paysandu SC,2026-02-01,1630.73,Brazil
Paysandu SC,2026-02-04,1692.6,Brazil
Paysandu SC,2026-02-08,1642.85,Brazil
Paysandu SC,2026-02-15,1619.95,Brazil
Paysandu SC,2026-02-20,1660.28,Brazil
Paysandu SC,2026-02-22,1687.05,Brazil
Paysandu SC,2026-03-01,1692.4,Brazil
Paysandu SC,2026-03-08,1678.7,Brazil
Paysandu SC,2026-03-12,1714.37,Brazil
Paysandu SC,2026-03-18,1729.1,Brazil
Paysandu SC,2026-04-06,1730.96,Brazil
Paysandu SC,2026-04-12,1734.12,Brazil
Paysandu SC,2026-04-18,1737.07,Brazil
Paysandu SC,2026-04-22,1719.27,Brazil
Paysandu SC,2026-04-25,1706.18,Brazil
Paysandu SC,2026-04-30,1656.08,Brazil
Paysandu SC,2026-05-04,1697.18,Brazil
Paysandu SC,2026-05-07,1757.0,Brazil
Paysandu SC,2026-05-09,1760.11,Brazil
Paysandu SC,2026-05-14,1757.04,Brazil
Paysandu SC,2026-05-17,1757.88,Brazil
Paysandu SC,2026-05-21,1780.32,Brazil
Paysandu SC,2026-05-26,1744.46,Brazil
Paysandu SC,2026-05-29,1759.35,Brazil
Paysandu SC,2026-06-01,1747.92,Brazil
Paysandu SC,2026-06-05,1765.92,Brazil
Paysandu SC,2026-06-07,1783.1,Brazil
Paysandu SC,2026-06-14,1786.58,Brazil
Paysandu SC,2026-06-21,1769.7,Brazil
Paysandu SC,2026-06-27,1768.8,Brazil
Paysandu SC,2026-07-05,1765.3,Brazil
Paysandu SC,2026-07-12,1760.9,Brazil
Ponte Preta,2023-07-22,1687.3,Brazil
Ponte Preta,2023-07-30,1688.12,Brazil
Ponte Preta,2023-08-03,1691.82,Brazil
Ponte Preta,2023-08-06,1688.04,Brazil
Ponte Preta,2023-08-12,1687.24,Brazil
Ponte Preta,2023-08-20,1679.44,Brazil
Ponte Preta,2023-08-26,1682.97,Brazil
Ponte Preta,2023-09-02,1682.09,Brazil
Ponte Preta,2023-09-09,1675.85,Brazil
Ponte Preta,2023-09-16,1681.07,Brazil
Ponte Preta,2023-09-23,1673.42,Brazil
Ponte Preta,2023-09-30,1661.7,Brazil
Ponte Preta,2023-10-10,1648.3,Brazil
Ponte Preta,2023-10-15,1648.41,Brazil
Ponte Preta,2023-10-24,1628.99,Brazil
Ponte Preta,2023-10-28,1627.7,Brazil
Ponte Preta,2023-11-04,1631.5,Brazil
Ponte Preta,2023-11-11,1630.52,Brazil
Ponte Preta,2023-11-18,1632.53,Brazil
Ponte Preta,2023-11-25,1672.34,Brazil
Ponte Preta,2024-01-21,1671.8,Brazil
Ponte Preta,2024-01-25,1695.31,Brazil
Ponte Preta,2024-01-28,1693.05,Brazil
Ponte Preta,2024-01-31,1707.37,Brazil
Ponte Preta,2024-02-05,1707.76,Brazil
Ponte Preta,2024-02-07,1702.8,Brazil
Ponte Preta,2024-02-10,1676.6,Brazil
Ponte Preta,2024-02-15,1708.76,Brazil
Ponte Preta,2024-02-18,1728.84,Brazil
Ponte Preta,2024-02-26,1705.12,Brazil
Ponte Preta,2024-03-03,1696.4,Brazil
Ponte Preta,2024-03-10,1683.17,Brazil
Ponte Preta,2024-03-16,1694.79,Brazil
Ponte Preta,2024-04-21,1695.35,Brazil
Ponte Preta,2024-04-28,1699.38,Brazil
Ponte Preta,2024-05-07,1701.96,Brazil
Ponte Preta,2024-05-11,1686.95,Brazil
Ponte Preta,2024-05-16,1699.44,Brazil
Ponte Preta,2024-05-26,1711.96,Brazil
Ponte Preta,2024-06-02,1735.09,Brazil
Ponte Preta,2024-06-09,1728.94,Brazil
Ponte Preta,2024-06-15,1714.13,Brazil
Ponte Preta,2024-06-20,1717.75,Brazil
Ponte Preta,2024-06-26,1722.68,Brazil
Ponte Preta,2024-06-30,1725.46,Brazil
Ponte Preta,2024-07-06,1704.15,Brazil
Ponte Preta,2024-07-13,1702.35,Brazil
Ponte Preta,2024-07-20,1710.65,Brazil
Ponte Preta,2024-07-24,1711.57,Brazil
Ponte Preta,2024-07-27,1717.32,Brazil
Ponte Preta,2024-08-04,1717.37,Brazil
Ponte Preta,2024-08-11,1717.95,Brazil
Ponte Preta,2024-08-17,1705.84,Brazil
Ponte Preta,2024-08-21,1696.78,Brazil
Ponte Preta,2024-08-24,1715.1,Brazil
Ponte Preta,2024-08-31,1718.36,Brazil
Ponte Preta,2024-09-10,1710.36,Brazil
Ponte Preta,2024-09-14,1700.8,Brazil
Ponte Preta,2024-09-20,1686.38,Brazil
Ponte Preta,2024-09-25,1671.09,Brazil
Ponte Preta,2024-10-01,1666.62,Brazil
Ponte Preta,2024-10-05,1668.59,Brazil
Ponte Preta,2024-10-12,1672.99,Brazil
Ponte Preta,2024-10-20,1673.08,Brazil
Ponte Preta,2024-10-24,1675.71,Brazil
Ponte Preta,2024-10-26,1673.08,Brazil
Ponte Preta,2024-11-05,1664.91,Brazil
Ponte Preta,2024-11-11,1681.2,Brazil
Ponte Preta,2024-11-17,1684.24,Brazil
Ponte Preta,2024-11-23,1642.07,Brazil
Ponte Preta,2025-01-15,1672.72,Brazil
Ponte Preta,2025-01-20,1652.15,Brazil
Ponte Preta,2025-01-23,1674.56,Brazil
Ponte Preta,2025-01-25,1680.41,Brazil
Ponte Preta,2025-01-30,1715.97,Brazil
Ponte Preta,2025-02-02,1741.12,Brazil
Ponte Preta,2025-02-05,1727.62,Brazil
Ponte Preta,2025-02-09,1714.65,Brazil
Ponte Preta,2025-02-12,1726.99,Brazil
Ponte Preta,2025-02-15,1701.46,Brazil
Ponte Preta,2025-02-19,1696.26,Brazil
Ponte Preta,2025-02-23,1714.49,Brazil
Ponte Preta,2025-02-27,1724.34,Brazil
Ponte Preta,2025-04-12,1738.49,Brazil
Ponte Preta,2025-04-19,1774.24,Brazil
Ponte Preta,2025-04-26,1777.45,Brazil
Ponte Preta,2025-05-04,1794.02,Brazil
Ponte Preta,2025-05-13,1794.95,Brazil
Ponte Preta,2025-05-18,1800.76,Brazil
Ponte Preta,2025-05-24,1785.43,Brazil
Ponte Preta,2025-06-03,1795.12,Brazil
Ponte Preta,2025-06-14,1784.13,Brazil
Ponte Preta,2025-06-29,1790.72,Brazil
Ponte Preta,2025-07-08,1780.67,Brazil
Ponte Preta,2025-07-12,1785.65,Brazil
Ponte Preta,2025-07-20,1767.49,Brazil
Ponte Preta,2025-07-27,1747.64,Brazil
Ponte Preta,2025-08-02,1737.95,Brazil
Ponte Preta,2025-08-09,1728.99,Brazil
Ponte Preta,2025-08-16,1704.56,Brazil
Ponte Preta,2025-08-26,1683.91,Brazil
Ponte Preta,2025-08-30,1686.39,Brazil
Ponte Preta,2025-09-06,1681.38,Brazil
Ponte Preta,2025-09-15,1697.4,Brazil
Ponte Preta,2025-09-20,1729.2,Brazil
Ponte Preta,2025-09-27,1751.28,Brazil
Ponte Preta,2025-10-05,1722.86,Brazil
Ponte Preta,2025-10-11,1707.19,Brazil
Ponte Preta,2025-10-18,1742.28,Brazil
Ponte Preta,2025-10-25,1749.14,Brazil
Ponte Preta,2026-01-11,1740.53,Brazil
Ponte Preta,2026-01-15,1690.38,Brazil
Ponte Preta,2026-01-17,1662.61,Brazil
Ponte Preta,2026-01-22,1639.46,Brazil
Ponte Preta,2026-01-24,1629.11,Brazil
Ponte Preta,2026-01-31,1626.76,Brazil
Ponte Preta,2026-02-07,1620.59,Brazil
Ponte Preta,2026-02-16,1605.76,Brazil
Ponte Preta,2026-03-11,1634.62,Brazil
Ponte Preta,2026-03-19,1660.47,Brazil
Ponte Preta,2026-03-22,1649.66,Brazil
Ponte Preta,2026-04-02,1668.19,Brazil
Ponte Preta,2026-04-04,1674.35,Brazil
Ponte Preta,2026-04-11,1626.23,Brazil
Ponte Preta,2026-04-19,1623.59,Brazil
Ponte Preta,2026-04-25,1643.0,Brazil
Ponte Preta,2026-05-03,1663.93,Brazil
Ponte Preta,2026-05-09,1679.45,Brazil
Ponte Preta,2026-05-19,1717.96,Brazil
Ponte Preta,2026-05-24,1697.05,Brazil
Ponte Preta,2026-06-02,1660.1,Brazil
Ponte Preta,2026-06-10,1629.83,Brazil
Ponte Preta,2026-06-14,1602.63,Brazil
Ponte Preta,2026-06-23,1598.47,Brazil
Ponte Preta,2026-06-28,1585.86,Brazil
Ponte Preta,2026-07-03,1581.63,Brazil
Ponte Preta,2026-07-09,1569.77,Brazil
Ponte Preta,2026-07-18,1536.07,Brazil
Ponte Preta,2026-07-23,1527.82,Brazil
Santa Cruz,2023-07-23,1701.3,Brazil
Santa Cruz,2024-01-07,1662.69,Brazil
Santa Cruz,2024-01-12,1685.22,Brazil
Santa Cruz,2024-01-18,1702.28,Brazil
Santa Cruz,2024-01-20,1704.63,Brazil
Santa Cruz,2024-01-27,1692.43,Brazil
Santa Cruz,2024-01-31,1677.43,Brazil
Santa Cruz,2024-02-06,1698.39,Brazil
Santa Cruz,2024-02-16,1717.13,Brazil
Santa Cruz,2024-02-20,1719.2,Brazil
Santa Cruz,2024-02-24,1720.85,Brazil
Santa Cruz,2024-03-02,1746.24,Brazil
Santa Cruz,2024-03-09,1719.7,Brazil
Santa Cruz,2024-03-16,1713.59,Brazil
Santa Cruz,2025-01-04,1731.82,Brazil
Santa Cruz,2025-01-11,1677.46,Brazil
Santa Cruz,2025-01-17,1653.33,Brazil
Santa Cruz,2025-01-19,1658.41,Brazil
Santa Cruz,2025-01-25,1703.54,Brazil
Santa Cruz,2025-01-29,1728.55,Brazil
Santa Cruz,2025-02-01,1669.24,Brazil
Santa Cruz,2025-02-08,1669.24,Brazil
Santa Cruz,2025-02-16,1706.92,Brazil
Santa Cruz,2025-02-22,1730.22,Brazil
Santa Cruz,2025-03-08,1723.78,Brazil
Santa Cruz,2025-03-15,1724.9,Brazil
Santa Cruz,2025-04-20,1711.05,Brazil
Santa Cruz,2025-04-27,1729.11,Brazil
Santa Cruz,2025-05-03,1469.61,Brazil
Santa Cruz,2025-05-10,1713.2,Brazil
Santa Cruz,2025-05-18,1731.83,Brazil
Santa Cruz,2025-05-25,1741.12,Brazil
Santa Cruz,2025-06-01,1737.6,Brazil
Santa Cruz,2025-06-08,1751.73,Brazil
Santa Cruz,2025-06-15,1760.87,Brazil
Santa Cruz,2025-06-29,1756.42,Brazil
Santa Cruz,2025-07-06,1744.77,Brazil
Santa Cruz,2025-07-13,1727.04,Brazil
Santa Cruz,2025-07-20,1696.36,Brazil
Santa Cruz,2025-07-27,1688.56,Brazil
Santa Cruz,2025-08-03,1710.1,Brazil
Santa Cruz,2025-08-09,1755.15,Brazil
Santa Cruz,2025-08-19,1727.07,Brazil
Santa Cruz,2025-08-24,1725.61,Brazil
Santa Cruz,2025-08-31,1750.28,Brazil
Santa Cruz,2025-09-08,1758.49,Brazil
Santa Cruz,2025-09-14,1762.6,Brazil
Santa Cruz,2025-09-21,1746.22,Brazil
Santa Cruz,2025-09-27,1742.7,Brazil
Santa Cruz,2025-10-04,1725.6,Brazil
Santa Cruz,2026-01-11,1705.24,Brazil
Santa Cruz,2026-01-14,1711.07,Brazil
Santa Cruz,2026-01-17,1702.26,Brazil
Santa Cruz,2026-01-22,1709.12,Brazil
Santa Cruz,2026-01-25,1688.53,Brazil
Santa Cruz,2026-01-28,1677.97,Brazil
Santa Cruz,2026-01-31,1675.99,Brazil
Santa Cruz,2026-02-05,1644.61,Brazil
Santa Cruz,2026-02-08,1632.89,Brazil
Santa Cruz,2026-02-12,1640.62,Brazil
Santa Cruz,2026-02-22,1647.68,Brazil
Santa Cruz,2026-03-06,1646.8,Brazil
Santa Cruz,2026-04-07,1705.63,Brazil
Santa Cruz,2026-04-11,1701.9,Brazil
Santa Cruz,2026-04-18,1742.51,Brazil
Santa Cruz,2026-04-26,1758.33,Brazil
Santa Cruz,2026-05-02,1751.8,Brazil
Santa Cruz,2026-05-12,1722.49,Brazil
Santa Cruz,2026-05-16,1729.2,Brazil
Santa Cruz,2026-05-24,1741.42,Brazil
Santa Cruz,2026-05-31,1735.15,Brazil
Santa Cruz,2026-06-14,1733.89,Brazil
Santa Cruz,2026-06-21,1730.26,Brazil
Santa Cruz,2026-06-27,1731.16,Brazil
Santa Cruz,2026-07-05,1717.25,Brazil
Santa Cruz,2026-07-12,1711.23,Brazil
Santos FC,2023-07-23,1773.21,Brazil
Santos FC,2023-07-29,1764.74,Brazil
Santos FC,2023-08-05,1771.74,Brazil
Santos FC,2023-08-13,1751.64,Brazil
Santos FC,2023-08-20,1784.42,Brazil
Santos FC,2023-08-27,1799.01,Brazil
Santos FC,2023-09-03,1808.32,Brazil
Santos FC,2023-09-15,1823.2,Brazil
Santos FC,2023-09-19,1808.49,Brazil
Santos FC,2023-10-01,1796.53,Brazil
Santos FC,2023-10-08,1818.68,Brazil
Santos FC,2023-10-20,1824.8,Brazil
Santos FC,2023-10-22,1808.09,Brazil
Santos FC,2023-10-27,1805.32,Brazil
Santos FC,2023-10-29,1807.05,Brazil
Santos FC,2023-11-02,1816.77,Brazil
Santos FC,2023-11-07,1824.88,Brazil
Santos FC,2023-11-09,1824.44,Brazil
Santos FC,2023-11-12,1828.95,Brazil
Santos FC,2023-11-26,1828.83,Brazil
Santos FC,2023-11-29,1836.74,Brazil
Santos FC,2023-12-03,1856.79,Brazil
Santos FC,2023-12-07,1877.81,Brazil
Santos FC,2024-01-20,1880.45,Brazil
Santos FC,2024-01-25,1856.94,Brazil
Santos FC,2024-01-28,1866.43,Brazil
Santos FC,2024-02-01,1878.38,Brazil
Santos FC,2024-02-04,1884.75,Brazil
Santos FC,2024-02-07,1880.3,Brazil
Santos FC,2024-02-11,1878.76,Brazil
Santos FC,2024-02-14,1875.73,Brazil
Santos FC,2024-02-18,1869.54,Brazil
Santos FC,2024-02-25,1891.78,Brazil
Santos FC,2024-03-03,1916.43,Brazil
Santos FC,2024-03-09,1916.08,Brazil
Santos FC,2024-03-18,1902.72,Brazil
Santos FC,2024-03-28,1876.45,Brazil
Santos FC,2024-04-20,1923.8,Brazil
Santos FC,2024-04-27,1929.75,Brazil
Santos FC,2024-05-07,1937.44,Brazil
Santos FC,2024-05-11,1947.12,Brazil
Santos FC,2024-05-16,1934.63,Brazil
Santos FC,2024-05-19,1922.14,Brazil
Santos FC,2024-05-25,1911.85,Brazil
Santos FC,2024-06-04,1920.13,Brazil
Santos FC,2024-06-08,1941.07,Brazil
Santos FC,2024-06-15,1934.98,Brazil
Santos FC,2024-06-20,1937.13,Brazil
Santos FC,2024-06-26,1920.2,Brazil
Santos FC,2024-07-02,1913.05,Brazil
Santos FC,2024-07-06,1905.79,Brazil
Santos FC,2024-07-16,1919.18,Brazil
Santos FC,2024-07-19,1917.3,Brazil
Santos FC,2024-07-23,1919.89,Brazil
Santos FC,2024-07-28,1931.69,Brazil
Santos FC,2024-08-03,1934.19,Brazil
Santos FC,2024-08-10,1932.91,Brazil
Santos FC,2024-08-17,1930.33,Brazil
Santos FC,2024-08-22,1928.21,Brazil
Santos FC,2024-08-24,1917.66,Brazil
Santos FC,2024-08-31,1914.41,Brazil
Santos FC,2024-09-07,1925.41,Brazil
Santos FC,2024-09-15,1928.0,Brazil
Santos FC,2024-09-20,1929.88,Brazil
Santos FC,2024-09-24,1926.05,Brazil
Santos FC,2024-09-28,1927.46,Brazil
Santos FC,2024-10-08,1920.03,Brazil
Santos FC,2024-10-12,1913.22,Brazil
Santos FC,2024-10-17,1904.74,Brazil
Santos FC,2024-10-23,1907.59,Brazil
Santos FC,2024-10-28,1908.11,Brazil
Santos FC,2024-11-02,1927.9,Brazil
Santos FC,2024-11-12,1920.65,Brazil
Santos FC,2024-11-17,1896.83,Brazil
Santos FC,2024-11-24,1855.15,Brazil
Santos FC,2025-01-17,1857.76,Brazil
Santos FC,2025-01-20,1878.34,Brazil
Santos FC,2025-01-23,1881.35,Brazil
Santos FC,2025-01-25,1882.49,Brazil
Santos FC,2025-01-29,1879.91,Brazil
Santos FC,2025-02-02,1813.95,Brazil
Santos FC,2025-02-06,1853.6,Brazil
Santos FC,2025-02-09,1876.14,Brazil
Santos FC,2025-02-13,1870.23,Brazil
Santos FC,2025-02-17,1898.62,Brazil
Santos FC,2025-02-19,1901.16,Brazil
Santos FC,2025-02-23,1930.58,Brazil
Santos FC,2025-03-03,1936.05,Brazil
Santos FC,2025-03-09,1941.96,Brazil
Santos FC,2025-03-30,1930.82,Brazil
Santos FC,2025-04-07,1939.3,Brazil
Santos FC,2025-04-14,1938.18,Brazil
Santos FC,2025-04-17,1919.64,Brazil
Santos FC,2025-04-20,1936.06,Brazil
Santos FC,2025-04-28,1932.52,Brazil
Santos FC,2025-05-01,1952.69,Brazil
Santos FC,2025-05-04,1941.45,Brazil
Santos FC,2025-05-13,1916.53,Brazil
Santos FC,2025-05-18,1906.12,Brazil
Santos FC,2025-05-23,1909.43,Brazil
Santos FC,2025-05-25,1881.09,Brazil
Santos FC,2025-06-01,1899.02,Brazil
Santos FC,2025-06-13,1912.6,Brazil
Santos FC,2025-07-17,1936.59,Brazil
Santos FC,2025-07-19,1944.95,Brazil
Santos FC,2025-07-24,1924.77,Brazil
Santos FC,2025-07-26,1937.28,Brazil
Santos FC,2025-08-05,1931.43,Brazil
Santos FC,2025-08-10,1927.23,Brazil
Santos FC,2025-08-17,1926.6,Brazil
Santos FC,2025-08-24,1906.11,Brazil
Santos FC,2025-08-31,1902.24,Brazil
Santos FC,2025-09-14,1911.9,Brazil
Santos FC,2025-09-22,1900.66,Brazil
Santos FC,2025-09-28,1896.37,Brazil
Santos FC,2025-10-02,1913.2,Brazil
Santos FC,2025-10-06,1912.93,Brazil
Santos FC,2025-10-16,1917.16,Brazil
Santos FC,2025-10-21,1917.63,Brazil
Santos FC,2025-10-26,1904.28,Brazil
Santos FC,2025-11-01,1902.74,Brazil
Santos FC,2025-11-07,1909.13,Brazil
Santos FC,2025-11-09,1914.2,Brazil
Santos FC,2025-11-16,1915.12,Brazil
Santos FC,2025-11-20,1922.61,Brazil
Santos FC,2025-11-25,1916.94,Brazil
Santos FC,2025-11-29,1915.42,Brazil
Santos FC,2025-12-03,1958.43,Brazil
Santos FC,2025-12-07,2016.12,Brazil
Santos FC,2026-01-10,1978.54,Brazil
Santos FC,2026-01-14,1999.17,Brazil
Santos FC,2026-01-19,1989.86,Brazil
Santos FC,2026-01-22,1968.11,Brazil
Santos FC,2026-01-25,1955.61,Brazil
Santos FC,2026-01-29,1936.28,Brazil
Santos FC,2026-02-01,1894.04,Brazil
Santos FC,2026-02-05,1901.7,Brazil
Santos FC,2026-02-08,1916.95,Brazil
Santos FC,2026-02-12,1903.2,Brazil
Santos FC,2026-02-16,1917.39,Brazil
Santos FC,2026-02-22,1947.59,Brazil
Santos FC,2026-02-26,1949.86,Brazil
Santos FC,2026-03-11,1924.85,Brazil
Santos FC,2026-03-15,1923.12,Brazil
Santos FC,2026-03-19,1910.61,Brazil
Santos FC,2026-03-22,1914.01,Brazil
Santos FC,2026-04-03,1903.42,Brazil
Santos FC,2026-04-05,1912.32,Brazil
Santos FC,2026-04-09,1872.41,Brazil
Santos FC,2026-04-12,1863.07,Brazil
Santos FC,2026-04-15,1897.43,Brazil
Santos FC,2026-04-19,1894.73,Brazil
Santos FC,2026-04-23,1894.67,Brazil
Santos FC,2026-04-25,1897.51,Brazil
Santos FC,2026-04-29,1897.87,Brazil
Santos FC,2026-05-02,1933.12,Brazil
Santos FC,2026-05-06,1912.74,Brazil
Santos FC,2026-05-10,1893.78,Brazil
Santos FC,2026-05-14,1932.36,Brazil
Santos FC,2026-05-17,1963.18,Brazil
Santos FC,2026-05-21,1940.59,Brazil
Santos FC,2026-05-24,1910.68,Brazil
Santos FC,2026-05-27,1904.37,Brazil
Santos FC,2026-05-31,1930.53,Brazil
Santos FC,2026-07-17,1919.18,Brazil
Santos FC,2026-07-22,1885.87,Brazil
Santos FC,2026-07-25,1887.22,Brazil
Sao Bernardo FC,2023-07-23,1755.93,Brazil
Sao Bernardo FC,2023-08-01,1733.71,Brazil
Sao Bernardo FC,2023-08-06,1737.18,Brazil
Sao Bernardo FC,2023-08-12,1726.53,Brazil
Sao Bernardo FC,2023-08-22,1723.49,Brazil
Sao Bernardo FC,2023-08-26,1720.55,Brazil
Sao Bernardo FC,2023-09-03,1731.57,Brazil
Sao Bernardo FC,2023-09-10,1729.34,Brazil
Sao Bernardo FC,2023-09-16,1735.19,Brazil
Sao Bernardo FC,2023-09-23,1738.55,Brazil
Sao Bernardo FC,2023-09-30,1746.07,Brazil
Sao Bernardo FC,2023-10-08,1750.99,Brazil
Sao Bernardo FC,2024-01-21,1718.44,Brazil
Sao Bernardo FC,2024-01-25,1735.22,Brazil
Sao Bernardo FC,2024-01-28,1734.1,Brazil
Sao Bernardo FC,2024-02-01,1754.14,Brazil
Sao Bernardo FC,2024-02-05,1753.74,Brazil
Sao Bernardo FC,2024-02-08,1744.8,Brazil
Sao Bernardo FC,2024-02-11,1752.71,Brazil
Sao Bernardo FC,2024-02-15,1778.96,Brazil
Sao Bernardo FC,2024-02-19,1770.07,Brazil
Sao Bernardo FC,2024-02-25,1747.84,Brazil
Sao Bernardo FC,2024-02-28,1784.17,Brazil
Sao Bernardo FC,2024-03-03,1787.07,Brazil
Sao Bernardo FC,2024-03-10,1788.19,Brazil
Sao Bernardo FC,2024-03-15,1775.66,Brazil
Sao Bernardo FC,2024-04-21,1765.12,Brazil
Sao Bernardo FC,2024-04-28,1779.58,Brazil
Sao Bernardo FC,2024-05-07,1797.59,Brazil
Sao Bernardo FC,2024-05-14,1794.47,Brazil
Sao Bernardo FC,2024-05-19,1779.97,Brazil
Sao Bernardo FC,2024-05-26,1794.18,Brazil
Sao Bernardo FC,2024-06-02,1783.9,Brazil
Sao Bernardo FC,2024-06-10,1780.26,Brazil
Sao Bernardo FC,2024-06-19,1808.88,Brazil
Sao Bernardo FC,2024-06-24,1813.31,Brazil
Sao Bernardo FC,2024-06-30,1815.03,Brazil
Sao Bernardo FC,2024-07-09,1799.4,Brazil
Sao Bernardo FC,2024-07-14,1828.89,Brazil
Sao Bernardo FC,2024-07-20,1815.12,Brazil
Sao Bernardo FC,2024-07-28,1802.04,Brazil
Sao Bernardo FC,2024-08-05,1793.47,Brazil
Sao Bernardo FC,2024-08-10,1790.33,Brazil
Sao Bernardo FC,2024-08-19,1772.72,Brazil
Sao Bernardo FC,2024-08-24,1763.07,Brazil
Sao Bernardo FC,2024-09-01,1750.74,Brazil
Sao Bernardo FC,2024-09-10,1775.42,Brazil
Sao Bernardo FC,2024-09-14,1772.61,Brazil
Sao Bernardo FC,2024-09-22,1776.17,Brazil
Sao Bernardo FC,2024-09-29,1772.99,Brazil
Sao Bernardo FC,2024-10-05,1727.67,Brazil
Sao Bernardo FC,2025-01-16,1725.18,Brazil
Sao Bernardo FC,2025-01-19,1733.21,Brazil
Sao Bernardo FC,2025-01-23,1723.34,Brazil
Sao Bernardo FC,2025-01-26,1730.61,Brazil
Sao Bernardo FC,2025-01-29,1733.18,Brazil
Sao Bernardo FC,2025-02-01,1735.43,Brazil
Sao Bernardo FC,2025-02-06,1770.95,Brazil
Sao Bernardo FC,2025-02-10,1787.12,Brazil
Sao Bernardo FC,2025-02-12,1785.42,Brazil
Sao Bernardo FC,2025-02-16,1788.26,Brazil
Sao Bernardo FC,2025-02-21,1790.65,Brazil
Sao Bernardo FC,2025-02-23,1787.65,Brazil
Sao Bernardo FC,2025-03-02,1784.74,Brazil
Sao Bernardo FC,2025-04-13,1784.18,Brazil
Sao Bernardo FC,2025-04-21,1751.74,Brazil
Sao Bernardo FC,2025-04-27,1734.61,Brazil
Sao Bernardo FC,2025-05-06,1729.62,Brazil
Sao Bernardo FC,2025-05-10,1748.84,Brazil
Sao Bernardo FC,2025-05-18,1739.69,Brazil
Sao Bernardo FC,2025-05-27,1741.99,Brazil
Sao Bernardo FC,2025-06-03,1741.37,Brazil
Sao Bernardo FC,2025-06-14,1761.37,Brazil
Sao Bernardo FC,2025-06-29,1787.07,Brazil
Sao Bernardo FC,2025-07-08,1787.07,Brazil
Sao Bernardo FC,2025-07-12,1782.09,Brazil
Sao Bernardo FC,2025-07-21,1767.52,Brazil
Sao Bernardo FC,2025-07-28,1763.4,Brazil
Sao Bernardo FC,2025-08-03,1795.88,Brazil
Sao Bernardo FC,2025-08-11,1819.76,Brazil
Sao Bernardo FC,2025-08-17,1815.36,Brazil
Sao Bernardo FC,2025-08-25,1766.2,Brazil
Sao Bernardo FC,2025-08-30,1713.73,Brazil
Sao Bernardo FC,2025-09-07,1710.94,Brazil
Sao Bernardo FC,2025-09-14,1718.14,Brazil
Sao Bernardo FC,2025-09-21,1739.4,Brazil
Sao Bernardo FC,2025-09-28,1734.67,Brazil
Sao Bernardo FC,2025-10-06,1753.59,Brazil
Sao Bernardo FC,2025-10-11,1749.99,Brazil
Sao Bernardo FC,2026-01-10,1756.9,Brazil
Sao Bernardo FC,2026-01-16,1761.67,Brazil
Sao Bernardo FC,2026-01-18,1759.93,Brazil
Sao Bernardo FC,2026-01-22,1783.08,Brazil
Sao Bernardo FC,2026-01-24,1782.54,Brazil
Sao Bernardo FC,2026-02-01,1774.6,Brazil
Sao Bernardo FC,2026-02-07,1770.23,Brazil
Sao Bernardo FC,2026-02-16,1760.22,Brazil
Sao Bernardo FC,2026-02-26,1797.39,Brazil
Sao Bernardo FC,2026-03-10,1800.5,Brazil
Sao Bernardo FC,2026-03-17,1792.08,Brazil
Sao Bernardo FC,2026-03-21,1782.74,Brazil
Sao Bernardo FC,2026-04-03,1772.87,Brazil
Sao Bernardo FC,2026-04-06,1751.66,Brazil
Sao Bernardo FC,2026-04-12,1772.26,Brazil
Sao Bernardo FC,2026-04-18,1766.48,Brazil
Sao Bernardo FC,2026-04-26,1753.44,Brazil
Sao Bernardo FC,2026-05-03,1732.51,Brazil
Sao Bernardo FC,2026-05-13,1729.41,Brazil
Sao Bernardo FC,2026-05-16,1726.59,Brazil
Sao Bernardo FC,2026-05-24,1726.26,Brazil
Sao Bernardo FC,2026-05-31,1724.13,Brazil
Sao Bernardo FC,2026-06-07,1726.49,Brazil
Sao Bernardo FC,2026-06-14,1719.76,Brazil
Sao Bernardo FC,2026-06-21,1708.45,Brazil
Sao Bernardo FC,2026-06-27,1713.57,Brazil
Sao Bernardo FC,2026-07-07,1717.21,Brazil
Sao Bernardo FC,2026-07-12,1714.84,Brazil
Sao Bernardo FC,2026-07-18,1711.4,Brazil
Sao Bernardo FC,2026-07-24,1715.02,Brazil
Sao Paulo,2023-07-22,1946.68,Brazil
Sao Paulo,2023-07-26,1947.72,Brazil
Sao Paulo,2023-07-30,1948.82,Brazil
Sao Paulo,2023-08-04,1949.21,Brazil
Sao Paulo,2023-08-06,1965.25,Brazil
Sao Paulo,2023-08-11,1956.99,Brazil
Sao Paulo,2023-08-13,1975.05,Brazil
Sao Paulo,2023-08-17,1954.41,Brazil
Sao Paulo,2023-08-19,1931.41,Brazil
Sao Paulo,2023-08-25,1905.74,Brazil
Sao Paulo,2023-08-27,1908.26,Brazil
Sao Paulo,2023-09-01,1941.63,Brazil
Sao Paulo,2023-09-14,1947.13,Brazil
Sao Paulo,2023-09-17,1949.44,Brazil
Sao Paulo,2023-09-21,1904.08,Brazil
Sao Paulo,2023-09-24,1910.32,Brazil
Sao Paulo,2023-09-28,1915.22,Brazil
Sao Paulo,2023-09-30,1937.8,Brazil
Sao Paulo,2023-10-07,1935.75,Brazil
Sao Paulo,2023-10-19,1941.93,Brazil
Sao Paulo,2023-10-21,1973.72,Brazil
Sao Paulo,2023-10-26,1990.38,Brazil
Sao Paulo,2023-10-29,1964.24,Brazil
Sao Paulo,2023-11-03,1947.18,Brazil
Sao Paulo,2023-11-09,1914.54,Brazil
Sao Paulo,2023-11-12,1910.03,Brazil
Sao Paulo,2023-11-23,1916.17,Brazil
Sao Paulo,2023-11-26,1935.11,Brazil
Sao Paulo,2023-11-30,1933.11,Brazil
Sao Paulo,2023-12-03,1905.73,Brazil
Sao Paulo,2023-12-07,1900.7,Brazil
Sao Paulo,2024-01-21,1855.74,Brazil
Sao Paulo,2024-01-23,1904.1,Brazil
Sao Paulo,2024-01-27,1941.19,Brazil
Sao Paulo,2024-01-30,1939.03,Brazil
Sao Paulo,2024-02-08,1956.23,Brazil
Sao Paulo,2024-02-10,1982.43,Brazil
Sao Paulo,2024-02-14,1985.47,Brazil
Sao Paulo,2024-02-17,2018.24,Brazil
Sao Paulo,2024-02-25,2021.07,Brazil
Sao Paulo,2024-02-29,2016.49,Brazil
Sao Paulo,2024-03-04,2006.23,Brazil
Sao Paulo,2024-03-10,2017.19,Brazil
Sao Paulo,2024-03-17,2009.2,Brazil
Sao Paulo,2024-04-05,1985.89,Brazil
Sao Paulo,2024-04-11,1996.11,Brazil
Sao Paulo,2024-04-14,1968.72,Brazil
Sao Paulo,2024-04-18,1965.25,Brazil
Sao Paulo,2024-04-21,1952.69,Brazil
Sao Paulo,2024-04-26,1950.18,Brazil
Sao Paulo,2024-04-30,1940.61,Brazil
Sao Paulo,2024-05-03,1949.84,Brazil
Sao Paulo,2024-05-05,1949.51,Brazil
Sao Paulo,2024-05-09,1959.59,Brazil
Sao Paulo,2024-05-14,1979.76,Brazil
Sao Paulo,2024-05-17,1983.84,Brazil
Sao Paulo,2024-05-24,1998.78,Brazil
Sao Paulo,2024-05-30,2001.54,Brazil
Sao Paulo,2024-06-02,1990.94,Brazil
Sao Paulo,2024-06-14,2008.39,Brazil
Sao Paulo,2024-06-16,2007.77,Brazil
Sao Paulo,2024-06-20,2004.61,Brazil
Sao Paulo,2024-06-23,2001.78,Brazil
Sao Paulo,2024-06-28,1985.91,Brazil
Sao Paulo,2024-06-30,1994.1,Brazil
Sao Paulo,2024-07-04,2000.67,Brazil
Sao Paulo,2024-07-07,2001.94,Brazil
Sao Paulo,2024-07-12,1999.4,Brazil
Sao Paulo,2024-07-18,2020.96,Brazil
Sao Paulo,2024-07-21,1995.05,Brazil
Sao Paulo,2024-07-25,1981.69,Brazil
Sao Paulo,2024-07-28,1967.7,Brazil
Sao Paulo,2024-07-31,1978.76,Brazil
Sao Paulo,2024-08-04,1996.39,Brazil
Sao Paulo,2024-08-09,2016.88,Brazil
Sao Paulo,2024-08-11,1973.2,Brazil
Sao Paulo,2024-08-16,1952.14,Brazil
Sao Paulo,2024-08-18,1947.23,Brazil
Sao Paulo,2024-08-23,1966.39,Brazil
Sao Paulo,2024-08-25,1949.53,Brazil
Sao Paulo,2024-08-29,1959.44,Brazil
Sao Paulo,2024-09-01,1960.62,Brazil
Sao Paulo,2024-09-13,1973.24,Brazil
Sao Paulo,2024-09-15,1956.68,Brazil
Sao Paulo,2024-09-19,1946.95,Brazil
Sao Paulo,2024-09-22,1921.17,Brazil
Sao Paulo,2024-09-26,1914.81,Brazil
Sao Paulo,2024-09-29,1900.32,Brazil
Sao Paulo,2024-10-06,1914.43,Brazil
Sao Paulo,2024-10-17,1932.12,Brazil
Sao Paulo,2024-10-27,1936.01,Brazil
Sao Paulo,2024-11-06,1916.78,Brazil
Sao Paulo,2024-11-10,1940.53,Brazil
Sao Paulo,2024-11-20,1929.82,Brazil
Sao Paulo,2024-11-24,1943.32,Brazil
Sao Paulo,2024-12-01,1941.78,Brazil
Sao Paulo,2024-12-05,1944.29,Brazil
Sao Paulo,2024-12-08,1902.58,Brazil
Sao Paulo,2025-01-21,1866.2,Brazil
Sao Paulo,2025-01-23,1853.51,Brazil
Sao Paulo,2025-01-26,1846.02,Brazil
Sao Paulo,2025-01-30,1867.78,Brazil
Sao Paulo,2025-02-02,1933.74,Brazil
Sao Paulo,2025-02-05,1924.22,Brazil
Sao Paulo,2025-02-08,1923.49,Brazil
Sao Paulo,2025-02-11,1924.83,Brazil
Sao Paulo,2025-02-14,1943.66,Brazil
Sao Paulo,2025-02-16,1923.81,Brazil
Sao Paulo,2025-02-19,1929.01,Brazil
Sao Paulo,2025-02-23,1932.0,Brazil
Sao Paulo,2025-03-04,1964.44,Brazil
Sao Paulo,2025-03-11,1957.51,Brazil
Sao Paulo,2025-03-29,1975.12,Brazil
Sao Paulo,2025-04-03,1968.47,Brazil
Sao Paulo,2025-04-06,1974.7,Brazil
Sao Paulo,2025-04-11,1958.11,Brazil
Sao Paulo,2025-04-13,1958.71,Brazil
Sao Paulo,2025-04-16,1946.85,Brazil
Sao Paulo,2025-04-20,1930.43,Brazil
Sao Paulo,2025-04-24,1930.67,Brazil
Sao Paulo,2025-04-26,1915.57,Brazil
Sao Paulo,2025-04-30,1931.39,Brazil
Sao Paulo,2025-05-03,1934.18,Brazil
Sao Paulo,2025-05-07,1946.62,Brazil
Sao Paulo,2025-05-11,1959.27,Brazil
Sao Paulo,2025-05-15,1972.5,Brazil
Sao Paulo,2025-05-18,1975.0,Brazil
Sao Paulo,2025-05-21,1998.29,Brazil
Sao Paulo,2025-05-24,1993.56,Brazil
Sao Paulo,2025-05-28,1974.8,Brazil
Sao Paulo,2025-05-31,1944.2,Brazil
Sao Paulo,2025-06-13,1930.97,Brazil
Sao Paulo,2025-07-12,1930.51,Brazil
Sao Paulo,2025-07-17,1930.82,Brazil
Sao Paulo,2025-07-20,1924.02,Brazil
Sao Paulo,2025-07-25,1939.57,Brazil
Sao Paulo,2025-07-27,1978.12,Brazil
Sao Paulo,2025-08-01,1978.37,Brazil
Sao Paulo,2025-08-04,2001.79,Brazil
Sao Paulo,2025-08-07,1992.07,Brazil
Sao Paulo,2025-08-09,1971.96,Brazil
Sao Paulo,2025-08-13,1921.32,Brazil
Sao Paulo,2025-08-16,1927.09,Brazil
Sao Paulo,2025-08-20,1919.15,Brazil
Sao Paulo,2025-08-25,1946.34,Brazil
Sao Paulo,2025-08-31,1974.36,Brazil
Sao Paulo,2025-09-14,1961.5,Brazil
Sao Paulo,2025-09-19,1928.71,Brazil
Sao Paulo,2025-09-22,1939.95,Brazil
Sao Paulo,2025-09-26,1968.5,Brazil
Sao Paulo,2025-09-30,1952.73,Brazil
Sao Paulo,2025-10-03,1958.74,Brazil
Sao Paulo,2025-10-05,1943.98,Brazil
Sao Paulo,2025-10-17,1970.38,Brazil
Sao Paulo,2025-10-19,1965.73,Brazil
Sao Paulo,2025-10-26,1962.15,Brazil
Sao Paulo,2025-11-03,1945.01,Brazil
Sao Paulo,2025-11-06,1913.97,Brazil
Sao Paulo,2025-11-09,1931.26,Brazil
Sao Paulo,2025-11-20,1939.7,Brazil
Sao Paulo,2025-11-23,1925.46,Brazil
Sao Paulo,2025-11-28,1888.13,Brazil
Sao Paulo,2025-12-04,1875.55,Brazil
Sao Paulo,2025-12-07,1884.55,Brazil
Sao Paulo,2026-01-12,1965.0,Brazil
Sao Paulo,2026-01-16,1960.23,Brazil
Sao Paulo,2026-01-18,1934.93,Brazil
Sao Paulo,2026-01-21,1933.88,Brazil
Sao Paulo,2026-01-24,1923.11,Brazil
Sao Paulo,2026-01-29,1880.31,Brazil
Sao Paulo,2026-02-01,1922.55,Brazil
Sao Paulo,2026-02-05,1914.89,Brazil
Sao Paulo,2026-02-08,1928.29,Brazil
Sao Paulo,2026-02-12,1913.93,Brazil
Sao Paulo,2026-02-16,1928.76,Brazil
Sao Paulo,2026-02-21,1925.91,Brazil
Sao Paulo,2026-02-25,1894.05,Brazil
Sao Paulo,2026-03-02,1916.11,Brazil
Sao Paulo,2026-03-13,1938.1,Brazil
Sao Paulo,2026-03-16,1921.62,Brazil
Sao Paulo,2026-03-19,1930.14,Brazil
Sao Paulo,2026-03-22,1937.89,Brazil
Sao Paulo,2026-04-02,1942.73,Brazil
Sao Paulo,2026-04-04,1934.62,Brazil
Sao Paulo,2026-04-08,1916.36,Brazil
Sao Paulo,2026-04-11,1921.22,Brazil
Sao Paulo,2026-04-15,1914.07,Brazil
Sao Paulo,2026-04-18,1894.94,Brazil
Sao Paulo,2026-04-22,1913.5,Brazil
Sao Paulo,2026-04-26,1894.52,Brazil
Sao Paulo,2026-04-29,1873.91,Brazil
Sao Paulo,2026-05-03,1884.47,Brazil
Sao Paulo,2026-05-08,1866.34,Brazil
Sao Paulo,2026-05-10,1890.65,Brazil
Sao Paulo,2026-05-14,1919.76,Brazil
Sao Paulo,2026-05-17,1910.09,Brazil
Sao Paulo,2026-05-20,1910.68,Brazil
Sao Paulo,2026-05-23,1916.04,Brazil
Sao Paulo,2026-05-27,1905.62,Brazil
Sao Paulo,2026-06-01,1913.32,Brazil
Sao Paulo,2026-07-23,1903.88,Brazil
Sao Paulo,2026-07-26,1883.72,Brazil
Sport Recife,2023-07-23,1856.95,Brazil
Sport Recife,2023-07-29,1853.38,Brazil
Sport Recife,2023-08-03,1850.17,Brazil
Sport Recife,2023-08-05,1858.39,Brazil
Sport Recife,2023-08-12,1848.88,Brazil
Sport Recife,2023-08-19,1838.18,Brazil
Sport Recife,2023-08-26,1849.62,Brazil
Sport Recife,2023-09-03,1860.49,Brazil
Sport Recife,2023-09-10,1854.91,Brazil
Sport Recife,2023-09-16,1867.72,Brazil
Sport Recife,2023-09-24,1870.02,Brazil
Sport Recife,2023-09-30,1863.63,Brazil
Sport Recife,2023-10-10,1877.03,Brazil
Sport Recife,2023-10-17,1867.62,Brazil
Sport Recife,2023-10-22,1862.92,Brazil
Sport Recife,2023-10-28,1856.97,Brazil
Sport Recife,2023-11-03,1847.38,Brazil
Sport Recife,2023-11-11,1844.01,Brazil
Sport Recife,2023-11-18,1867.12,Brazil
Sport Recife,2023-11-25,1849.62,Brazil
Sport Recife,2024-01-13,1885.92,Brazil
Sport Recife,2024-01-17,1887.45,Brazil
Sport Recife,2024-01-20,1885.1,Brazil
Sport Recife,2024-01-26,1870.2,Brazil
Sport Recife,2024-01-30,1878.55,Brazil
Sport Recife,2024-02-02,1866.68,Brazil
Sport Recife,2024-02-04,1842.04,Brazil
Sport Recife,2024-02-07,1834.6,Brazil
Sport Recife,2024-02-09,1848.5,Brazil
Sport Recife,2024-02-14,1837.84,Brazil
Sport Recife,2024-02-17,1832.07,Brazil
Sport Recife,2024-02-22,1822.22,Brazil
Sport Recife,2024-02-24,1825.62,Brazil
Sport Recife,2024-02-29,1848.64,Brazil
Sport Recife,2024-03-07,1847.35,Brazil
Sport Recife,2024-03-09,1873.89,Brazil
Sport Recife,2024-03-13,1880.3,Brazil
Sport Recife,2024-03-16,1886.4,Brazil
Sport Recife,2024-03-21,1869.36,Brazil
Sport Recife,2024-03-24,1864.57,Brazil
Sport Recife,2024-03-28,1853.76,Brazil
Sport Recife,2024-03-30,1832.84,Brazil
Sport Recife,2024-04-20,1835.37,Brazil
Sport Recife,2024-04-27,1874.08,Brazil
Sport Recife,2024-05-01,1853.45,Brazil
Sport Recife,2024-05-04,1863.27,Brazil
Sport Recife,2024-05-11,1859.21,Brazil
Sport Recife,2024-05-16,1867.43,Brazil
Sport Recife,2024-05-19,1888.55,Brazil
Sport Recife,2024-05-23,1843.89,Brazil
Sport Recife,2024-05-26,1854.34,Brazil
Sport Recife,2024-06-01,1852.82,Brazil
Sport Recife,2024-06-11,1848.27,Brazil
Sport Recife,2024-06-16,1851.7,Brazil
Sport Recife,2024-06-21,1846.64,Brazil
Sport Recife,2024-06-25,1850.38,Brazil
Sport Recife,2024-06-29,1849.96,Brazil
Sport Recife,2024-07-07,1848.38,Brazil
Sport Recife,2024-07-13,1853.37,Brazil
Sport Recife,2024-07-24,1841.83,Brazil
Sport Recife,2024-07-27,1836.09,Brazil
Sport Recife,2024-08-03,1833.59,Brazil
Sport Recife,2024-08-10,1834.38,Brazil
Sport Recife,2024-08-17,1841.52,Brazil
Sport Recife,2024-08-23,1839.67,Brazil
Sport Recife,2024-08-28,1842.39,Brazil
Sport Recife,2024-09-03,1829.19,Brazil
Sport Recife,2024-09-08,1826.01,Brazil
Sport Recife,2024-09-12,1836.07,Brazil
Sport Recife,2024-09-15,1838.12,Brazil
Sport Recife,2024-09-19,1853.12,Brazil
Sport Recife,2024-09-23,1858.74,Brazil
Sport Recife,2024-09-29,1867.87,Brazil
Sport Recife,2024-10-08,1866.38,Brazil
Sport Recife,2024-10-11,1853.74,Brazil
Sport Recife,2024-10-17,1859.3,Brazil
Sport Recife,2024-10-21,1873.63,Brazil
Sport Recife,2024-10-25,1875.05,Brazil
Sport Recife,2024-10-29,1875.02,Brazil
Sport Recife,2024-11-04,1888.0,Brazil
Sport Recife,2024-11-10,1889.72,Brazil
Sport Recife,2024-11-17,1886.67,Brazil
Sport Recife,2024-11-24,1928.34,Brazil
Sport Recife,2025-01-11,1828.99,Brazil
Sport Recife,2025-01-15,1671.11,Brazil
Sport Recife,2025-01-18,1614.95,Brazil
Sport Recife,2025-01-23,1651.85,Brazil
Sport Recife,2025-01-26,1651.93,Brazil
Sport Recife,2025-01-30,1697.49,Brazil
Sport Recife,2025-02-01,1756.8,Brazil
Sport Recife,2025-02-05,1796.89,Brazil
Sport Recife,2025-02-08,1814.82,Brazil
Sport Recife,2025-02-12,1820.47,Brazil
Sport Recife,2025-02-15,1839.09,Brazil
Sport Recife,2025-02-19,1860.33,Brazil
Sport Recife,2025-02-22,1875.47,Brazil
Sport Recife,2025-02-26,1882.14,Brazil
Sport Recife,2025-03-02,1883.22,Brazil
Sport Recife,2025-03-06,1895.06,Brazil
Sport Recife,2025-03-08,1901.49,Brazil
Sport Recife,2025-03-15,1900.38,Brazil
Sport Recife,2025-03-20,1903.88,Brazil
Sport Recife,2025-03-22,1912.68,Brazil
Sport Recife,2025-03-27,1941.26,Brazil
Sport Recife,2025-03-29,1923.64,Brazil
Sport Recife,2025-04-03,1902.13,Brazil
Sport Recife,2025-04-06,1910.34,Brazil
Sport Recife,2025-04-13,1898.77,Brazil
Sport Recife,2025-04-17,1884.01,Brazil
Sport Recife,2025-04-19,1880.07,Brazil
Sport Recife,2025-04-27,1859.61,Brazil
Sport Recife,2025-05-03,1868.05,Brazil
Sport Recife,2025-05-11,1829.22,Brazil
Sport Recife,2025-05-17,1808.57,Brazil
Sport Recife,2025-05-25,1856.39,Brazil
Sport Recife,2025-06-01,1834.06,Brazil
Sport Recife,2025-07-10,1840.26,Brazil
Sport Recife,2025-07-15,1850.45,Brazil
Sport Recife,2025-07-20,1850.62,Brazil
Sport Recife,2025-07-24,1872.4,Brazil
Sport Recife,2025-07-26,1859.89,Brazil
Sport Recife,2025-08-02,1868.7,Brazil
Sport Recife,2025-08-11,1856.1,Brazil
Sport Recife,2025-08-16,1850.32,Brazil
Sport Recife,2025-08-26,1825.63,Brazil
Sport Recife,2025-09-01,1814.93,Brazil
Sport Recife,2025-09-14,1808.07,Brazil
Sport Recife,2025-09-21,1816.89,Brazil
Sport Recife,2025-09-27,1812.93,Brazil
Sport Recife,2025-10-02,1787.02,Brazil
Sport Recife,2025-10-06,1810.52,Brazil
Sport Recife,2025-10-09,1814.55,Brazil
Sport Recife,2025-10-16,1822.24,Brazil
Sport Recife,2025-10-19,1823.57,Brazil
Sport Recife,2025-10-25,1812.43,Brazil
Sport Recife,2025-11-02,1812.05,Brazil
Sport Recife,2025-11-05,1810.23,Brazil
Sport Recife,2025-11-08,1791.41,Brazil
Sport Recife,2025-11-15,1793.99,Brazil
Sport Recife,2025-11-19,1743.97,Brazil
Sport Recife,2025-11-23,1725.37,Brazil
Sport Recife,2025-11-29,1726.89,Brazil
Sport Recife,2025-12-04,1704.57,Brazil
Sport Recife,2025-12-07,1686.47,Brazil
Sport Recife,2026-01-10,1643.31,Brazil
Sport Recife,2026-01-15,1528.34,Brazil
Sport Recife,2026-01-18,1500.06,Brazil
Sport Recife,2026-01-21,1597.41,Brazil
Sport Recife,2026-01-24,1659.35,Brazil
Sport Recife,2026-01-28,1715.22,Brazil
Sport Recife,2026-01-31,1717.2,Brazil
Sport Recife,2026-02-12,1764.46,Brazil
Sport Recife,2026-02-21,1753.51,Brazil
Sport Recife,2026-03-01,1772.19,Brazil
Sport Recife,2026-03-05,1805.24,Brazil
Sport Recife,2026-03-08,1802.24,Brazil
Sport Recife,2026-03-13,1834.91,Brazil
Sport Recife,2026-03-18,1841.11,Brazil
Sport Recife,2026-03-22,1858.07,Brazil
Sport Recife,2026-03-25,1840.62,Brazil
Sport Recife,2026-03-29,1813.14,Brazil
Sport Recife,2026-04-02,1785.22,Brazil
Sport Recife,2026-04-05,1789.89,Brazil
Sport Recife,2026-04-09,1781.72,Brazil
Sport Recife,2026-04-11,1797.06,Brazil
Sport Recife,2026-04-16,1816.52,Brazil
Sport Recife,2026-04-18,1808.87,Brazil
Sport Recife,2026-04-26,1792.61,Brazil
Sport Recife,2026-04-30,1785.2,Brazil
Sport Recife,2026-05-03,1814.79,Brazil
Sport Recife,2026-05-07,1809.36,Brazil
Sport Recife,2026-05-09,1793.84,Brazil
Sport Recife,2026-05-18,1764.62,Brazil
Sport Recife,2026-05-21,1797.47,Brazil
Sport Recife,2026-05-24,1786.51,Brazil
Sport Recife,2026-05-28,1759.86,Brazil
Sport Recife,2026-05-31,1774.28,Brazil
Sport Recife,2026-06-11,1771.74,Brazil
Sport Recife,2026-06-14,1778.48,Brazil
Sport Recife,2026-06-19,1784.7,Brazil
Sport Recife,2026-06-28,1774.18,Brazil
Sport Recife,2026-07-04,1778.45,Brazil
Sport Recife,2026-07-11,1778.18,Brazil
Sport Recife,2026-07-18,1786.9,Brazil
Sport Recife,2026-07-23,1785.53,Brazil
Vasco da Gama,2023-07-23,1837.3,Brazil
Vasco da Gama,2023-07-29,1819.42,Brazil
Vasco da Gama,2023-08-06,1827.41,Brazil
Vasco da Gama,2023-08-15,1815.23,Brazil
Vasco da Gama,2023-08-20,1832.57,Brazil
Vasco da Gama,2023-08-27,1828.95,Brazil
Vasco da Gama,2023-09-03,1837.08,Brazil
Vasco da Gama,2023-09-16,1830.1,Brazil
Vasco da Gama,2023-09-22,1852.19,Brazil
Vasco da Gama,2023-09-26,1870.62,Brazil
Vasco da Gama,2023-10-01,1882.58,Brazil
Vasco da Gama,2023-10-07,1884.62,Brazil
Vasco da Gama,2023-10-19,1879.39,Brazil
Vasco da Gama,2023-10-22,1870.41,Brazil
Vasco da Gama,2023-10-27,1868.13,Brazil
Vasco da Gama,2023-10-29,1861.34,Brazil
Vasco da Gama,2023-11-02,1866.71,Brazil
Vasco da Gama,2023-11-06,1864.83,Brazil
Vasco da Gama,2023-11-12,1891.62,Brazil
Vasco da Gama,2023-11-22,1886.51,Brazil
Vasco da Gama,2023-11-25,1897.29,Brazil
Vasco da Gama,2023-11-29,1886.18,Brazil
Vasco da Gama,2023-12-03,1886.07,Brazil
Vasco da Gama,2023-12-07,1906.68,Brazil
Vasco da Gama,2024-01-18,1815.57,Brazil
Vasco da Gama,2024-01-22,1821.43,Brazil
Vasco da Gama,2024-01-26,1847.23,Brazil
Vasco da Gama,2024-01-28,1826.63,Brazil
Vasco da Gama,2024-01-31,1887.13,Brazil
Vasco da Gama,2024-02-04,1877.13,Brazil
Vasco da Gama,2024-02-09,1914.89,Brazil
Vasco da Gama,2024-02-15,1893.6,Brazil
Vasco da Gama,2024-02-18,1906.13,Brazil
Vasco da Gama,2024-02-24,1913.59,Brazil
Vasco da Gama,2024-02-28,1907.03,Brazil
Vasco da Gama,2024-03-03,1913.05,Brazil
Vasco da Gama,2024-03-08,1937.66,Brazil
Vasco da Gama,2024-03-10,1914.78,Brazil
Vasco da Gama,2024-03-17,1894.11,Brazil
Vasco da Gama,2024-04-14,1855.29,Brazil
Vasco da Gama,2024-04-18,1847.22,Brazil
Vasco da Gama,2024-04-20,1856.93,Brazil
Vasco da Gama,2024-04-27,1891.49,Brazil
Vasco da Gama,2024-05-02,1862.28,Brazil
Vasco da Gama,2024-05-05,1873.92,Brazil
Vasco da Gama,2024-05-12,1868.8,Brazil
Vasco da Gama,2024-05-22,1867.41,Brazil
Vasco da Gama,2024-06-02,1856.61,Brazil
Vasco da Gama,2024-06-14,1837.15,Brazil
Vasco da Gama,2024-06-16,1838.3,Brazil
Vasco da Gama,2024-06-20,1836.55,Brazil
Vasco da Gama,2024-06-23,1839.38,Brazil
Vasco da Gama,2024-06-27,1840.94,Brazil
Vasco da Gama,2024-06-29,1843.78,Brazil
Vasco da Gama,2024-07-04,1839.84,Brazil
Vasco da Gama,2024-07-07,1832.7,Brazil
Vasco da Gama,2024-07-11,1838.91,Brazil
Vasco da Gama,2024-07-18,1864.64,Brazil
Vasco da Gama,2024-07-21,1866.66,Brazil
Vasco da Gama,2024-07-29,1838.32,Brazil
Vasco da Gama,2024-08-01,1861.58,Brazil
Vasco da Gama,2024-08-04,1883.13,Brazil
Vasco da Gama,2024-08-07,1870.83,Brazil
Vasco da Gama,2024-08-11,1863.24,Brazil
Vasco da Gama,2024-08-18,1852.0,Brazil
Vasco da Gama,2024-08-27,1850.25,Brazil
Vasco da Gama,2024-08-30,1841.95,Brazil
Vasco da Gama,2024-09-01,1845.63,Brazil
Vasco da Gama,2024-09-12,1834.95,Brazil
Vasco da Gama,2024-09-15,1859.49,Brazil
Vasco da Gama,2024-09-22,1855.2,Brazil
Vasco da Gama,2024-09-29,1864.83,Brazil
Vasco da Gama,2024-10-03,1848.12,Brazil
Vasco da Gama,2024-10-06,1856.03,Brazil
Vasco da Gama,2024-10-17,1838.34,Brazil
Vasco da Gama,2024-10-19,1825.28,Brazil
Vasco da Gama,2024-10-25,1841.87,Brazil
Vasco da Gama,2024-10-29,1846.49,Brazil
Vasco da Gama,2024-11-06,1860.02,Brazil
Vasco da Gama,2024-11-09,1865.7,Brazil
Vasco da Gama,2024-11-22,1871.1,Brazil
Vasco da Gama,2024-11-24,1871.73,Brazil
Vasco da Gama,2024-12-01,1862.62,Brazil
Vasco da Gama,2024-12-04,1849.12,Brazil
Vasco da Gama,2024-12-08,1863.6,Brazil
Vasco da Gama,2025-01-11,1841.15,Brazil
Vasco da Gama,2025-01-17,1767.07,Brazil
Vasco da Gama,2025-01-19,1699.01,Brazil
Vasco da Gama,2025-01-24,1757.91,Brazil
Vasco da Gama,2025-01-27,1831.24,Brazil
Vasco da Gama,2025-01-29,1912.06,Brazil
Vasco da Gama,2025-02-01,1921.74,Brazil
Vasco da Gama,2025-02-06,1889.25,Brazil
Vasco da Gama,2025-02-11,1928.51,Brazil
Vasco da Gama,2025-02-16,1884.51,Brazil
Vasco da Gama,2025-02-19,1904.13,Brazil
Vasco da Gama,2025-02-23,1882.51,Brazil
Vasco da Gama,2025-03-01,1887.39,Brazil
Vasco da Gama,2025-03-06,1913.62,Brazil
Vasco da Gama,2025-03-08,1899.55,Brazil
Vasco da Gama,2025-03-30,1910.69,Brazil
Vasco da Gama,2025-04-03,1883.88,Brazil
Vasco da Gama,2025-04-05,1875.14,Brazil
Vasco da Gama,2025-04-09,1875.85,Brazil
Vasco da Gama,2025-04-13,1887.41,Brazil
Vasco da Gama,2025-04-16,1897.9,Brazil
Vasco da Gama,2025-04-19,1873.76,Brazil
Vasco da Gama,2025-04-23,1872.37,Brazil
Vasco da Gama,2025-04-27,1885.3,Brazil
Vasco da Gama,2025-05-01,1887.59,Brazil
Vasco da Gama,2025-05-04,1867.07,Brazil
Vasco da Gama,2025-05-08,1851.58,Brazil
Vasco da Gama,2025-05-10,1835.14,Brazil
Vasco da Gama,2025-05-14,1819.18,Brazil
Vasco da Gama,2025-05-17,1817.36,Brazil
Vasco da Gama,2025-05-21,1837.12,Brazil
Vasco da Gama,2025-05-24,1858.36,Brazil
Vasco da Gama,2025-05-28,1861.74,Brazil
Vasco da Gama,2025-06-01,1866.16,Brazil
Vasco da Gama,2025-06-13,1879.39,Brazil
Vasco da Gama,2025-07-12,1870.58,Brazil
Vasco da Gama,2025-07-16,1841.27,Brazil
Vasco da Gama,2025-07-19,1821.1,Brazil
Vasco da Gama,2025-07-23,1860.72,Brazil
Vasco da Gama,2025-07-27,1884.95,Brazil
Vasco da Gama,2025-07-31,1923.42,Brazil
Vasco da Gama,2025-08-02,1899.93,Brazil
Vasco da Gama,2025-08-08,1893.78,Brazil
Vasco da Gama,2025-08-10,1885.47,Brazil
Vasco da Gama,2025-08-17,1886.1,Brazil
Vasco da Gama,2025-08-21,1889.05,Brazil
Vasco da Gama,2025-08-24,1894.48,Brazil
Vasco da Gama,2025-08-28,1855.99,Brazil
Vasco da Gama,2025-09-01,1866.7,Brazil
Vasco da Gama,2025-09-12,1861.15,Brazil
Vasco da Gama,2025-09-15,1882.59,Brazil
Vasco da Gama,2025-09-21,1892.65,Brazil
Vasco da Gama,2025-09-25,1891.28,Brazil
Vasco da Gama,2025-09-27,1903.52,Brazil
Vasco da Gama,2025-10-02,1880.66,Brazil
Vasco da Gama,2025-10-05,1885.8,Brazil
Vasco da Gama,2025-10-16,1895.21,Brazil
Vasco da Gama,2025-10-21,1871.39,Brazil
Vasco da Gama,2025-10-26,1874.82,Brazil
Vasco da Gama,2025-11-03,1891.95,Brazil
Vasco da Gama,2025-11-05,1905.64,Brazil
Vasco da Gama,2025-11-08,1908.08,Brazil
Vasco da Gama,2025-11-20,1887.34,Brazil
Vasco da Gama,2025-11-23,1888.75,Brazil
Vasco da Gama,2025-11-28,1868.52,Brazil
Vasco da Gama,2025-12-02,1874.49,Brazil
Vasco da Gama,2025-12-07,1859.3,Brazil
Vasco da Gama,2025-12-12,1845.53,Brazil
Vasco da Gama,2025-12-15,1863.2,Brazil
Vasco da Gama,2025-12-18,1833.11,Brazil
Vasco da Gama,2025-12-21,1836.61,Brazil
Vasco da Gama,2026-01-16,1849.0,Brazil
Vasco da Gama,2026-01-18,1813.77,Brazil
Vasco da Gama,2026-01-22,1819.53,Brazil
Vasco da Gama,2026-01-26,1870.48,Brazil
Vasco da Gama,2026-01-30,1853.34,Brazil
Vasco da Gama,2026-02-03,1889.24,Brazil
Vasco da Gama,2026-02-06,1918.24,Brazil
Vasco da Gama,2026-02-08,1942.32,Brazil
Vasco da Gama,2026-02-12,1937.39,Brazil
Vasco da Gama,2026-02-15,1959.83,Brazil
Vasco da Gama,2026-02-22,1926.31,Brazil
Vasco da Gama,2026-02-26,1924.03,Brazil
Vasco da Gama,2026-03-01,1911.36,Brazil
Vasco da Gama,2026-03-12,1910.38,Brazil
Vasco da Gama,2026-03-16,1907.17,Brazil
Vasco da Gama,2026-03-19,1879.61,Brazil
Vasco da Gama,2026-03-22,1903.99,Brazil
Vasco da Gama,2026-04-02,1910.15,Brazil
Vasco da Gama,2026-04-05,1910.08,Brazil
Vasco da Gama,2026-04-08,1858.97,Brazil
Vasco da Gama,2026-04-11,1870.62,Brazil
Vasco da Gama,2026-04-15,1850.84,Brazil
Vasco da Gama,2026-04-18,1869.97,Brazil
Vasco da Gama,2026-04-22,1887.76,Brazil
Vasco da Gama,2026-04-26,1909.31,Brazil
Vasco da Gama,2026-05-01,1910.14,Brazil
Vasco da Gama,2026-05-03,1906.12,Brazil
Vasco da Gama,2026-05-07,1859.89,Brazil
Vasco da Gama,2026-05-11,1883.11,Brazil
Vasco da Gama,2026-05-14,1886.18,Brazil
Vasco da Gama,2026-05-16,1902.12,Brazil
Vasco da Gama,2026-05-21,1880.55,Brazil
Vasco da Gama,2026-05-25,1898.12,Brazil
Vasco da Gama,2026-05-28,1881.52,Brazil
Vasco da Gama,2026-05-31,1865.16,Brazil
Vasco da Gama,2026-07-17,1879.32,Brazil
Vasco da Gama,2026-07-23,1884.56,Brazil
Vasco da Gama,2026-07-26,1874.91,Brazil
Vasco da Gama,2026-08-01,1852.75,Brazil
Vila Nova-GO,2023-07-22,1842.92,Brazil
Vila Nova-GO,2023-07-30,1834.45,Brazil
Vila Nova-GO,2023-08-03,1837.65,Brazil
Vila Nova-GO,2023-08-07,1830.84,Brazil
Vila Nova-GO,2023-08-12,1812.83,Brazil
Vila Nova-GO,2023-08-18,1821.68,Brazil
Vila Nova-GO,2023-08-23,1814.07,Brazil
Vila Nova-GO,2023-09-03,1811.83,Brazil
Vila Nova-GO,2023-09-08,1800.88,Brazil
Vila Nova-GO,2023-09-16,1795.65,Brazil
Vila Nova-GO,2023-09-20,1802.1,Brazil
Vila Nova-GO,2023-10-01,1796.43,Brazil
Vila Nova-GO,2023-10-07,1803.82,Brazil
Vila Nova-GO,2023-10-12,1804.03,Brazil
Vila Nova-GO,2023-10-20,1810.91,Brazil
Vila Nova-GO,2023-10-29,1803.27,Brazil
Vila Nova-GO,2023-11-05,1796.92,Brazil
Vila Nova-GO,2023-11-10,1802.16,Brazil
Vila Nova-GO,2023-11-18,1810.36,Brazil
Vila Nova-GO,2023-11-25,1832.9,Brazil
Vila Nova-GO,2024-01-18,1791.13,Brazil
Vila Nova-GO,2024-01-20,1814.36,Brazil
Vila Nova-GO,2024-01-24,1808.38,Brazil
Vila Nova-GO,2024-01-28,1811.49,Brazil
Vila Nova-GO,2024-01-31,1830.97,Brazil
Vila Nova-GO,2024-02-04,1822.58,Brazil
Vila Nova-GO,2024-02-07,1810.66,Brazil
Vila Nova-GO,2024-02-10,1785.39,Brazil
Vila Nova-GO,2024-02-15,1799.86,Brazil
Vila Nova-GO,2024-02-19,1807.69,Brazil
Vila Nova-GO,2024-02-24,1828.22,Brazil
Vila Nova-GO,2024-03-03,1821.12,Brazil
Vila Nova-GO,2024-03-09,1811.18,Brazil
Vila Nova-GO,2024-03-12,1844.08,Brazil
Vila Nova-GO,2024-03-16,1837.53,Brazil
Vila Nova-GO,2024-03-21,1822.46,Brazil
Vila Nova-GO,2024-03-24,1830.72,Brazil
Vila Nova-GO,2024-03-27,1842.01,Brazil
Vila Nova-GO,2024-04-23,1811.28,Brazil
Vila Nova-GO,2024-04-27,1772.58,Brazil
Vila Nova-GO,2024-05-04,1759.62,Brazil
Vila Nova-GO,2024-05-09,1737.25,Brazil
Vila Nova-GO,2024-05-12,1738.86,Brazil
Vila Nova-GO,2024-05-15,1736.18,Brazil
Vila Nova-GO,2024-05-18,1743.97,Brazil
Vila Nova-GO,2024-05-23,1754.62,Brazil
Vila Nova-GO,2024-05-26,1759.82,Brazil
Vila Nova-GO,2024-06-02,1754.63,Brazil
Vila Nova-GO,2024-06-11,1732.06,Brazil
Vila Nova-GO,2024-06-16,1727.82,Brazil
Vila Nova-GO,2024-06-21,1723.55,Brazil
Vila Nova-GO,2024-06-23,1737.35,Brazil
Vila Nova-GO,2024-06-29,1737.21,Brazil
Vila Nova-GO,2024-07-09,1734.22,Brazil
Vila Nova-GO,2024-07-14,1751.4,Brazil
Vila Nova-GO,2024-07-19,1753.29,Brazil
Vila Nova-GO,2024-07-24,1752.37,Brazil
Vila Nova-GO,2024-07-27,1759.92,Brazil
Vila Nova-GO,2024-08-06,1754.13,Brazil
Vila Nova-GO,2024-08-13,1756.53,Brazil
Vila Nova-GO,2024-08-17,1749.38,Brazil
Vila Nova-GO,2024-08-21,1738.89,Brazil
Vila Nova-GO,2024-08-25,1745.68,Brazil
Vila Nova-GO,2024-08-31,1755.51,Brazil
Vila Nova-GO,2024-09-05,1764.14,Brazil
Vila Nova-GO,2024-09-14,1773.3,Brazil
Vila Nova-GO,2024-09-19,1786.73,Brazil
Vila Nova-GO,2024-09-22,1782.41,Brazil
Vila Nova-GO,2024-09-28,1769.22,Brazil
Vila Nova-GO,2024-10-05,1769.42,Brazil
Vila Nova-GO,2024-10-13,1757.24,Brazil
Vila Nova-GO,2024-10-19,1742.12,Brazil
Vila Nova-GO,2024-10-23,1743.46,Brazil
Vila Nova-GO,2024-10-26,1757.99,Brazil
Vila Nova-GO,2024-11-02,1738.2,Brazil
Vila Nova-GO,2024-11-11,1721.91,Brazil
Vila Nova-GO,2024-11-17,1718.82,Brazil
Vila Nova-GO,2024-11-24,1663.88,Brazil
Vila Nova-GO,2025-01-15,1667.68,Brazil
Vila Nova-GO,2025-01-19,1707.12,Brazil
Vila Nova-GO,2025-01-23,1743.63,Brazil
Vila Nova-GO,2025-01-26,1741.01,Brazil
Vila Nova-GO,2025-01-29,1729.26,Brazil
Vila Nova-GO,2025-02-02,1717.82,Brazil
Vila Nova-GO,2025-02-04,1687.68,Brazil
Vila Nova-GO,2025-02-05,1709.61,Brazil
Vila Nova-GO,2025-02-08,1726.89,Brazil
Vila Nova-GO,2025-02-11,1742.92,Brazil
Vila Nova-GO,2025-02-14,1706.78,Brazil
Vila Nova-GO,2025-02-15,1707.05,Brazil
Vila Nova-GO,2025-02-19,1699.58,Brazil
Vila Nova-GO,2025-02-23,1719.62,Brazil
Vila Nova-GO,2025-02-28,1722.22,Brazil
Vila Nova-GO,2025-03-03,1736.47,Brazil
Vila Nova-GO,2025-03-06,1707.3,Brazil
Vila Nova-GO,2025-03-09,1720.14,Brazil
Vila Nova-GO,2025-03-14,1744.96,Brazil
Vila Nova-GO,2025-03-16,1763.21,Brazil
Vila Nova-GO,2025-03-23,1777.88,Brazil
Vila Nova-GO,2025-03-30,1797.05,Brazil
Vila Nova-GO,2025-04-05,1776.73,Brazil
Vila Nova-GO,2025-04-12,1766.07,Brazil
Vila Nova-GO,2025-04-18,1767.7,Brazil
Vila Nova-GO,2025-04-20,1759.34,Brazil
Vila Nova-GO,2025-04-26,1771.45,Brazil
Vila Nova-GO,2025-05-02,1755.61,Brazil
Vila Nova-GO,2025-05-07,1764.06,Brazil
Vila Nova-GO,2025-05-15,1754.07,Brazil
Vila Nova-GO,2025-05-17,1767.47,Brazil
Vila Nova-GO,2025-05-23,1751.81,Brazil
Vila Nova-GO,2025-05-27,1768.41,Brazil
Vila Nova-GO,2025-05-31,1793.11,Brazil
Vila Nova-GO,2025-06-10,1801.59,Brazil
Vila Nova-GO,2025-06-14,1818.05,Brazil
Vila Nova-GO,2025-06-22,1812.02,Brazil
Vila Nova-GO,2025-06-28,1791.78,Brazil
Vila Nova-GO,2025-07-06,1790.37,Brazil
Vila Nova-GO,2025-07-12,1796.23,Brazil
Vila Nova-GO,2025-07-19,1800.72,Brazil
Vila Nova-GO,2025-07-23,1782.45,Brazil
Vila Nova-GO,2025-07-27,1774.11,Brazil
Vila Nova-GO,2025-08-01,1774.01,Brazil
Vila Nova-GO,2025-08-12,1766.14,Brazil
Vila Nova-GO,2025-08-16,1760.32,Brazil
Vila Nova-GO,2025-08-26,1766.31,Brazil
Vila Nova-GO,2025-09-02,1749.09,Brazil
Vila Nova-GO,2025-09-09,1743.66,Brazil
Vila Nova-GO,2025-09-13,1735.23,Brazil
Vila Nova-GO,2025-09-22,1732.86,Brazil
Vila Nova-GO,2025-09-25,1740.34,Brazil
Vila Nova-GO,2025-09-28,1731.69,Brazil
Vila Nova-GO,2025-10-03,1740.44,Brazil
Vila Nova-GO,2025-10-09,1745.08,Brazil
Vila Nova-GO,2025-10-12,1743.03,Brazil
Vila Nova-GO,2025-10-18,1764.6,Brazil
Vila Nova-GO,2025-10-26,1763.27,Brazil
Vila Nova-GO,2025-11-03,1774.64,Brazil
Vila Nova-GO,2025-11-09,1768.62,Brazil
Vila Nova-GO,2025-11-15,1743.88,Brazil
Vila Nova-GO,2025-11-19,1747.41,Brazil
Vila Nova-GO,2026-01-10,1762.05,Brazil
Vila Nova-GO,2026-01-15,1784.92,Brazil
Vila Nova-GO,2026-01-17,1774.45,Brazil
Vila Nova-GO,2026-01-23,1798.79,Brazil
Vila Nova-GO,2026-01-25,1784.2,Brazil
Vila Nova-GO,2026-01-29,1817.2,Brazil
Vila Nova-GO,2026-02-01,1806.94,Brazil
Vila Nova-GO,2026-02-08,1782.15,Brazil
Vila Nova-GO,2026-02-13,1799.23,Brazil
Vila Nova-GO,2026-02-16,1805.97,Brazil
Vila Nova-GO,2026-02-22,1797.86,Brazil
Vila Nova-GO,2026-03-01,1806.95,Brazil
Vila Nova-GO,2026-03-04,1810.14,Brazil
Vila Nova-GO,2026-03-18,1794.26,Brazil
Vila Nova-GO,2026-03-21,1783.44,Brazil
Vila Nova-GO,2026-03-24,1693.84,Brazil
Vila Nova-GO,2026-03-29,1658.51,Brazil
Vila Nova-GO,2026-04-02,1686.43,Brazil
Vila Nova-GO,2026-04-05,1726.86,Brazil
Vila Nova-GO,2026-04-09,1664.76,Brazil
Vila Nova-GO,2026-04-11,1712.87,Brazil
Vila Nova-GO,2026-04-18,1720.42,Brazil
Vila Nova-GO,2026-04-26,1760.56,Brazil
Vila Nova-GO,2026-04-30,1677.62,Brazil
Vila Nova-GO,2026-05-05,1679.01,Brazil
Vila Nova-GO,2026-05-09,1722.62,Brazil
Vila Nova-GO,2026-05-14,1709.26,Brazil
Vila Nova-GO,2026-05-17,1710.38,Brazil
Vila Nova-GO,2026-05-24,1748.86,Brazil
Vila Nova-GO,2026-05-31,1747.97,Brazil
Vila Nova-GO,2026-06-09,1749.53,Brazil
Vila Nova-GO,2026-06-14,1752.3,Brazil
Vila Nova-GO,2026-06-21,1759.69,Brazil
Vila Nova-GO,2026-06-27,1765.98,Brazil
Vila Nova-GO,2026-07-07,1762.34,Brazil
Vila Nova-GO,2026-07-11,1773.23,Brazil
Vila Nova-GO,2026-07-18,1761.91,Brazil
Vila Nova-GO,2026-07-22,1769.87,Brazil
Volta Redonda,2023-07-25,1691.39,Brazil
Volta Redonda,2023-07-30,1694.36,Brazil
Volta Redonda,2023-08-06,1705.32,Brazil
Volta Redonda,2023-08-13,1708.87,Brazil
Volta Redonda,2023-08-21,1705.03,Brazil
Volta Redonda,2023-08-26,1695.14,Brazil
Volta Redonda,2023-08-30,1663.26,Brazil
Volta Redonda,2023-09-03,1686.03,Brazil
Volta Redonda,2023-09-11,1677.18,Brazil
Volta Redonda,2023-09-16,1648.27,Brazil
Volta Redonda,2023-09-24,1672.16,Brazil
Volta Redonda,2023-10-01,1667.7,Brazil
Volta Redonda,2023-10-07,1675.99,Brazil
Volta Redonda,2024-01-19,1731.25,Brazil
Volta Redonda,2024-01-21,1755.82,Brazil
Volta Redonda,2024-01-28,1743.03,Brazil
Volta Redonda,2024-02-01,1694.53,Brazil
Volta Redonda,2024-02-04,1705.8,Brazil
Volta Redonda,2024-02-07,1700.38,Brazil
Volta Redonda,2024-02-10,1712.94,Brazil
Volta Redonda,2024-02-14,1678.03,Brazil
Volta Redonda,2024-02-18,1650.78,Brazil
Volta Redonda,2024-02-24,1643.33,Brazil
Volta Redonda,2024-02-27,1640.55,Brazil
Volta Redonda,2024-03-03,1650.35,Brazil
Volta Redonda,2024-04-20,1659.81,Brazil
Volta Redonda,2024-04-29,1653.62,Brazil
Volta Redonda,2024-05-13,1658.64,Brazil
Volta Redonda,2024-05-18,1667.51,Brazil
Volta Redonda,2024-05-27,1687.18,Brazil
Volta Redonda,2024-05-30,1715.8,Brazil
Volta Redonda,2024-06-04,1735.13,Brazil
Volta Redonda,2024-06-09,1708.68,Brazil
Volta Redonda,2024-06-18,1711.47,Brazil
Volta Redonda,2024-06-24,1734.06,Brazil
Volta Redonda,2024-06-29,1742.35,Brazil
Volta Redonda,2024-07-06,1744.99,Brazil
Volta Redonda,2024-07-14,1715.51,Brazil
Volta Redonda,2024-07-21,1711.37,Brazil
Volta Redonda,2024-07-29,1713.0,Brazil
Volta Redonda,2024-08-03,1711.45,Brazil
Volta Redonda,2024-08-11,1704.51,Brazil
Volta Redonda,2024-08-20,1699.32,Brazil
Volta Redonda,2024-08-24,1681.49,Brazil
Volta Redonda,2024-08-25,1701.78,Brazil
Volta Redonda,2024-09-01,1714.11,Brazil
Volta Redonda,2024-09-02,1697.01,Brazil
Volta Redonda,2024-09-08,1688.3,Brazil
Volta Redonda,2024-09-15,1661.43,Brazil
Volta Redonda,2024-09-21,1683.43,Brazil
Volta Redonda,2024-09-25,1686.12,Brazil
Volta Redonda,2024-09-28,1690.97,Brazil
Volta Redonda,2024-10-05,1736.3,Brazil
Volta Redonda,2024-10-10,1745.22,Brazil
Volta Redonda,2024-10-12,1756.38,Brazil
Volta Redonda,2024-10-16,1749.07,Brazil
Volta Redonda,2024-10-19,1732.02,Brazil
Volta Redonda,2024-10-26,1745.94,Brazil
Volta Redonda,2025-01-12,1780.57,Brazil
Volta Redonda,2025-01-16,1796.87,Brazil
Volta Redonda,2025-01-20,1798.86,Brazil
Volta Redonda,2025-01-23,1797.62,Brazil
Volta Redonda,2025-01-25,1698.38,Brazil
Volta Redonda,2025-01-30,1737.55,Brazil
Volta Redonda,2025-02-01,1727.87,Brazil
Volta Redonda,2025-02-07,1775.6,Brazil
Volta Redonda,2025-02-09,1780.16,Brazil
Volta Redonda,2025-02-16,1786.43,Brazil
Volta Redonda,2025-02-22,1805.18,Brazil
Volta Redonda,2025-03-02,1785.09,Brazil
Volta Redonda,2025-03-09,1777.45,Brazil
Volta Redonda,2025-04-07,1788.55,Brazil
Volta Redonda,2025-04-13,1746.55,Brazil
Volta Redonda,2025-04-18,1757.91,Brazil
Volta Redonda,2025-04-23,1734.61,Brazil
Volta Redonda,2025-04-27,1725.41,Brazil
Volta Redonda,2025-05-04,1732.13,Brazil
Volta Redonda,2025-05-11,1754.66,Brazil
Volta Redonda,2025-05-20,1762.02,Brazil
Volta Redonda,2025-05-24,1754.65,Brazil
Volta Redonda,2025-06-02,1739.4,Brazil
Volta Redonda,2025-06-08,1737.93,Brazil
Volta Redonda,2025-06-18,1744.22,Brazil
Volta Redonda,2025-06-22,1754.66,Brazil
Volta Redonda,2025-06-29,1768.67,Brazil
Volta Redonda,2025-07-05,1762.38,Brazil
Volta Redonda,2025-07-15,1749.85,Brazil
Volta Redonda,2025-07-20,1741.81,Brazil
Volta Redonda,2025-07-24,1751.51,Brazil
Volta Redonda,2025-07-27,1759.86,Brazil
Volta Redonda,2025-08-05,1762.14,Brazil
Volta Redonda,2025-08-10,1756.36,Brazil
Volta Redonda,2025-08-19,1739.97,Brazil
Volta Redonda,2025-08-24,1727.03,Brazil
Volta Redonda,2025-08-31,1733.57,Brazil
Volta Redonda,2025-09-06,1734.12,Brazil
Volta Redonda,2025-09-13,1724.1,Brazil
Volta Redonda,2025-09-20,1723.41,Brazil
Volta Redonda,2025-09-25,1725.22,Brazil
Volta Redonda,2025-09-30,1731.62,Brazil
Volta Redonda,2025-10-04,1730.7,Brazil
Volta Redonda,2025-10-09,1727.51,Brazil
Volta Redonda,2025-10-14,1721.9,Brazil
Volta Redonda,2025-10-19,1719.49,Brazil
Volta Redonda,2025-10-25,1718.59,Brazil
Volta Redonda,2025-11-03,1712.72,Brazil
Volta Redonda,2025-11-08,1697.39,Brazil
Volta Redonda,2025-11-15,1633.07,Brazil
Volta Redonda,2025-11-19,1629.53,Brazil
Volta Redonda,2026-01-14,1675.53,Brazil
Volta Redonda,2026-01-18,1718.38,Brazil
Volta Redonda,2026-01-21,1727.55,Brazil
Volta Redonda,2026-01-27,1759.5,Brazil
Volta Redonda,2026-02-02,1761.52,Brazil
Volta Redonda,2026-02-08,1770.59,Brazil
Volta Redonda,2026-02-15,1748.14,Brazil
Volta Redonda,2026-02-21,1768.34,Brazil
Volta Redonda,2026-02-28,1757.93,Brazil
Volta Redonda,2026-03-05,1789.47,Brazil
Volta Redonda,2026-03-11,1802.17,Brazil
Volta Redonda,2026-04-06,1800.31,Brazil
Volta Redonda,2026-04-12,1760.17,Brazil
Volta Redonda,2026-04-18,1729.2,Brazil
Volta Redonda,2026-04-26,1726.18,Brazil
Volta Redonda,2026-05-03,1734.56,Brazil
Volta Redonda,2026-05-10,1725.87,Brazil
Volta Redonda,2026-05-16,1719.15,Brazil
Volta Redonda,2026-05-25,1723.95,Brazil
Volta Redonda,2026-05-30,1693.22,Brazil
Volta Redonda,2026-06-15,1687.17,Brazil
Volta Redonda,2026-06-20,1694.53,Brazil
Volta Redonda,2026-07-01,1687.74,Brazil
Volta Redonda,2026-07-05,1695.11,Brazil
Volta Redonda,2026-07-14,1688.28,Brazil
Volta Redonda,2026-07-16,1697.09,Brazil
Volta Redonda,2026-07-21,1708.12,Brazil
Ypiranga Erechim GA,2023-07-22,1680.16,Brazil
Ypiranga Erechim GA,2023-07-30,1688.46,Brazil
Ypiranga Erechim GA,2023-08-06,1667.51,Brazil
Ypiranga Erechim GA,2023-08-15,1666.43,Brazil
Ypiranga Erechim GA,2023-08-22,1669.46,Brazil
Ypiranga Erechim GA,2023-08-26,1704.9,Brazil
Ypiranga Erechim GA,2024-01-21,1732.08,Brazil
Ypiranga Erechim GA,2024-01-24,1715.15,Brazil
Ypiranga Erechim GA,2024-01-27,1699.01,Brazil
Ypiranga Erechim GA,2024-01-31,1678.47,Brazil
Ypiranga Erechim GA,2024-02-05,1672.47,Brazil
Ypiranga Erechim GA,2024-02-08,1693.7,Brazil
Ypiranga Erechim GA,2024-02-11,1679.14,Brazil
Ypiranga Erechim GA,2024-02-14,1692.99,Brazil
Ypiranga Erechim GA,2024-02-18,1679.19,Brazil
Ypiranga Erechim GA,2024-02-21,1679.07,Brazil
Ypiranga Erechim GA,2024-02-27,1692.83,Brazil
Ypiranga Erechim GA,2024-03-02,1692.78,Brazil
Ypiranga Erechim GA,2024-03-13,1713.18,Brazil
Ypiranga Erechim GA,2024-04-21,1671.55,Brazil
Ypiranga Erechim GA,2024-04-28,1678.72,Brazil
Ypiranga Erechim GA,2024-05-01,1657.26,Brazil
Ypiranga Erechim GA,2024-05-30,1665.87,Brazil
Ypiranga Erechim GA,2024-06-02,1676.15,Brazil
Ypiranga Erechim GA,2024-06-11,1689.3,Brazil
Ypiranga Erechim GA,2024-06-16,1695.72,Brazil
Ypiranga Erechim GA,2024-06-23,1692.11,Brazil
Ypiranga Erechim GA,2024-06-29,1690.86,Brazil
Ypiranga Erechim GA,2024-07-08,1684.91,Brazil
Ypiranga Erechim GA,2024-07-13,1676.84,Brazil
Ypiranga Erechim GA,2024-07-18,1691.41,Brazil
Ypiranga Erechim GA,2024-07-21,1695.55,Brazil
Ypiranga Erechim GA,2024-07-25,1693.87,Brazil
Ypiranga Erechim GA,2024-07-28,1715.78,Brazil
Ypiranga Erechim GA,2024-08-01,1704.76,Brazil
Ypiranga Erechim GA,2024-08-04,1701.16,Brazil
Ypiranga Erechim GA,2024-08-08,1684.2,Brazil
Ypiranga Erechim GA,2024-08-13,1686.6,Brazil
Ypiranga Erechim GA,2024-08-18,1676.29,Brazil
Ypiranga Erechim GA,2024-08-24,1676.47,Brazil
Ypiranga Erechim GA,2024-09-01,1685.24,Brazil
Ypiranga Erechim GA,2024-09-07,1682.61,Brazil
Ypiranga Erechim GA,2024-09-14,1675.73,Brazil
Ypiranga Erechim GA,2024-09-22,1676.93,Brazil
Ypiranga Erechim GA,2024-09-29,1669.83,Brazil
Ypiranga Erechim GA,2024-10-05,1674.39,Brazil
Ypiranga Erechim GA,2025-01-22,1697.92,Brazil
Ypiranga Erechim GA,2025-01-26,1707.82,Brazil
Ypiranga Erechim GA,2025-01-29,1689.58,Brazil
Ypiranga Erechim GA,2025-02-01,1708.01,Brazil
Ypiranga Erechim GA,2025-02-06,1676.71,Brazil
Ypiranga Erechim GA,2025-02-09,1676.73,Brazil
Ypiranga Erechim GA,2025-02-13,1694.85,Brazil
Ypiranga Erechim GA,2025-02-15,1714.99,Brazil
Ypiranga Erechim GA,2025-02-20,1740.59,Brazil
Ypiranga Erechim GA,2025-02-24,1753.01,Brazil
Ypiranga Erechim GA,2025-03-01,1739.6,Brazil
Ypiranga Erechim GA,2025-03-08,1742.65,Brazil
Ypiranga Erechim GA,2025-04-15,1718.96,Brazil
Ypiranga Erechim GA,2025-04-20,1696.06,Brazil
Ypiranga Erechim GA,2025-04-28,1723.22,Brazil
Ypiranga Erechim GA,2025-05-04,1701.76,Brazil
Ypiranga Erechim GA,2025-05-11,1695.4,Brazil
Ypiranga Erechim GA,2025-05-18,1690.85,Brazil
Ypiranga Erechim GA,2025-05-25,1693.22,Brazil
Ypiranga Erechim GA,2025-06-03,1683.53,Brazil
Ypiranga Erechim GA,2025-06-16,1681.8,Brazil
Ypiranga Erechim GA,2025-06-29,1663.8,Brazil
Ypiranga Erechim GA,2025-07-07,1670.55,Brazil
Ypiranga Erechim GA,2025-07-13,1669.51,Brazil
Ypiranga Erechim GA,2025-07-21,1684.08,Brazil
Ypiranga Erechim GA,2025-07-27,1669.77,Brazil
Ypiranga Erechim GA,2025-08-04,1647.46,Brazil
Ypiranga Erechim GA,2025-08-10,1651.85,Brazil
Ypiranga Erechim GA,2025-08-19,1636.68,Brazil
Ypiranga Erechim GA,2025-08-23,1644.47,Brazil
Ypiranga Erechim GA,2025-08-30,1637.32,Brazil
Ypiranga Erechim GA,2026-01-10,1613.67,Brazil
Ypiranga Erechim GA,2026-01-15,1602.9,Brazil
Ypiranga Erechim GA,2026-01-18,1629.01,Brazil
Ypiranga Erechim GA,2026-01-22,1669.2,Brazil
Ypiranga Erechim GA,2026-01-24,1680.88,Brazil
Ypiranga Erechim GA,2026-01-31,1706.3,Brazil
Ypiranga Erechim GA,2026-02-07,1707.18,Brazil
Ypiranga Erechim GA,2026-02-16,1643.18,Brazil
Ypiranga Erechim GA,2026-02-21,1617.3,Brazil
Ypiranga Erechim GA,2026-02-26,1680.36,Brazil
Ypiranga Erechim GA,2026-03-11,1685.14,Brazil
Ypiranga Erechim GA,2026-04-07,1686.28,Brazil
Ypiranga Erechim GA,2026-04-13,1675.97,Brazil
Ypiranga Erechim GA,2026-04-19,1717.9,Brazil
Ypiranga Erechim GA,2026-04-28,1748.58,Brazil
Ypiranga Erechim GA,2026-05-05,1711.38,Brazil
Ypiranga Erechim GA,2026-05-11,1710.97,Brazil
Ypiranga Erechim GA,2026-05-16,1692.83,Brazil
Ypiranga Erechim GA,2026-05-25,1688.03,Brazil
Ypiranga Erechim GA,2026-05-31,1685.95,Brazil
Ypiranga Erechim GA,2026-06-16,1671.18,Brazil
Ypiranga Erechim GA,2026-06-21,1674.82,Brazil
Ypiranga Erechim GA,2026-06-29,1690.43,Brazil
Ypiranga Erechim GA,2026-07-05,1693.92,Brazil
Ypiranga Erechim GA,2026-07-12,1687.97,Brazil
