Nome do Time,URL
FC Lahti,http://www.soccer-rating.com/FC-Lahti/1/
Pyunik Yerevan,http://www.soccer-rating.com/Pyunik-Yerevan/10/
GIF Sundsvall,http://www.soccer-rating.com/GIF-Sundsvall/100/
Rapid Bucuresti,http://www.soccer-rating.com/Rapid-Bucuresti/1008/
FK Macva Sabac,http://www.soccer-rating.com/FK-Macva-Sabac/10099/
CFR Cluj,http://www.soccer-rating.com/CFR-Cluj/1010/
Steaua Bukarest,http://www.soccer-rating.com/Steaua-Bukarest/1013/
Universitatea Cluj,http://www.soccer-rating.com/Universitatea-Cluj/1015/
Farul Constanta,http://www.soccer-rating.com/Farul-Constanta/1018/
BK H cken,http://www.soccer-rating.com/BK-H-cken/102/
UTA Batrana Doamna,http://www.soccer-rating.com/UTA-Batrana-Doamna/1020/
Kelty Hearts FC,http://www.soccer-rating.com/Kelty-Hearts-FC/10201/
K Pa Helsinki,http://www.soccer-rating.com/K-Pa-Helsinki/1025/
Ljungskile SK,http://www.soccer-rating.com/Ljungskile-SK/103/
Bangor Celtic,http://www.soccer-rating.com/Bangor-Celtic/10302/
Lucan United,http://www.soccer-rating.com/Lucan-United/10303/
Dinamo Bukarest,http://www.soccer-rating.com/Dinamo-Bukarest/1032/
FC Kuressaare,http://www.soccer-rating.com/FC-Kuressaare/1033/
Elche CF,http://www.soccer-rating.com/Elche-CF/1036/
Celta de Vigo,http://www.soccer-rating.com/Celta-de-Vigo/1039/
JS Hercules,http://www.soccer-rating.com/JS-Hercules/10397/
Landskrona BoIS,http://www.soccer-rating.com/Landskrona-BoIS/104/
Maardu Linnameeskond FC,http://www.soccer-rating.com/Maardu-Linnameeskond-FC/10402/
FK Kaspyi Aktau,http://www.soccer-rating.com/FK-Kaspyi-Aktau/10413/
Altay Oskemen,http://www.soccer-rating.com/Altay-Oskemen/10414/
Malaga CF,http://www.soccer-rating.com/Malaga-CF/1043/
Real Sociedad,http://www.soccer-rating.com/Real-Sociedad/1049/
Mj llby AIF,http://www.soccer-rating.com/Mj-llby-AIF/105/
Athletic Bilbao,http://www.soccer-rating.com/Athletic-Bilbao/1055/
CA Osasuna,http://www.soccer-rating.com/CA-Osasuna/1056/
Deportivo La Coruna,http://www.soccer-rating.com/Deportivo-La-Coruna/1057/
Espanyol Barcelona,http://www.soccer-rating.com/Espanyol-Barcelona/1059/
  sters IF,http://www.soccer-rating.com/--sters-IF/106/
Sevilla FC,http://www.soccer-rating.com/Sevilla-FC/1061/
Getafe CF,http://www.soccer-rating.com/Getafe-CF/1062/
Racing Santander,http://www.soccer-rating.com/Racing-Santander/1063/
FC Barcelona,http://www.soccer-rating.com/FC-Barcelona/1064/
UD Levante Valencia,http://www.soccer-rating.com/UD-Levante-Valencia/1066/
Real Madrid,http://www.soccer-rating.com/Real-Madrid/1067/
Atletico Madrid,http://www.soccer-rating.com/Atletico-Madrid/1068/
Janesboro,http://www.soccer-rating.com/Janesboro/10682/
Betis Sevilla,http://www.soccer-rating.com/Betis-Sevilla/1072/
FC Valencia,http://www.soccer-rating.com/FC-Valencia/1073/
Villarreal CF,http://www.soccer-rating.com/Villarreal-CF/1074/
Benfica Lisboa,http://www.soccer-rating.com/Benfica-Lisboa/1076/
Sporting Braga,http://www.soccer-rating.com/Sporting-Braga/1083/
JK Welco Elekter,http://www.soccer-rating.com/JK-Welco-Elekter/11031/
OLS Oulu,http://www.soccer-rating.com/OLS-Oulu/1109/
NK Nafta Lendava,http://www.soccer-rating.com/NK-Nafta-Lendava/1114/
Ham Kam,http://www.soccer-rating.com/Ham-Kam/112/
FC Lausanne Sport,http://www.soccer-rating.com/FC-Lausanne-Sport/1124/
AC Lugano,http://www.soccer-rating.com/AC-Lugano/1125/
Servette FC,http://www.soccer-rating.com/Servette-FC/1127/
NK Celje,http://www.soccer-rating.com/NK-Celje/1131/
Sepsi OSK Sfantu Gheorghe,http://www.soccer-rating.com/Sepsi-OSK-Sfantu-Gheorghe/11387/
Exeter City,http://www.soccer-rating.com/Exeter-City/1139/
FK Bod  Glimt,http://www.soccer-rating.com/FK-Bod--Glimt/114/
Crawley Town,http://www.soccer-rating.com/Crawley-Town/1140/
Stevenage FC,http://www.soccer-rating.com/Stevenage-FC/1141/
FK Csikszereda Miercurea Ciuc,http://www.soccer-rating.com/FK-Csikszereda-Miercurea-Ciuc/11421/
Burton Albion,http://www.soccer-rating.com/Burton-Albion/1149/
Oxford United,http://www.soccer-rating.com/Oxford-United/1152/
York City,http://www.soccer-rating.com/York-City/1160/
Cambridge United,http://www.soccer-rating.com/Cambridge-United/1161/
Lyngby BK,http://www.soccer-rating.com/Lyngby-BK/1162/
Velez Mostar,http://www.soccer-rating.com/Velez-Mostar/1175/
FK Septemvri Sofia,http://www.soccer-rating.com/FK-Septemvri-Sofia/11755/
St Josephs FC,http://www.soccer-rating.com/St-Josephs-FC/11775/
Molde FK,http://www.soccer-rating.com/Molde-FK/118/
FC Taraz,http://www.soccer-rating.com/FC-Taraz/1181/
FC Iberia 1999,http://www.soccer-rating.com/FC-Iberia-1999/12013/
Sarpsborg 08 FF,http://www.soccer-rating.com/Sarpsborg-08-FF/121/
SC Grobina,http://www.soccer-rating.com/SC-Grobina/12135/
IFK Norrk ping FK,http://www.soccer-rating.com/IFK-Norrk-ping-FK/124/
Afturelding Mosfellsbaer,http://www.soccer-rating.com/Afturelding-Mosfellsbaer/1245/
Lech Poznan,http://www.soccer-rating.com/Lech-Poznan/1257/
Besiktas,http://www.soccer-rating.com/Besiktas/1265/
Istanbul Basaksehir FK,http://www.soccer-rating.com/Istanbul-Basaksehir-FK/1275/
Fenerbahce,http://www.soccer-rating.com/Fenerbahce/1276/
Ararat Armenia,http://www.soccer-rating.com/Ararat-Armenia/12814/
Beitar Jerusalem,http://www.soccer-rating.com/Beitar-Jerusalem/1292/
Sabah FK,http://www.soccer-rating.com/Sabah-FK/12931/
Crvena Zvezda Belgrade,http://www.soccer-rating.com/Crvena-Zvezda-Belgrade/1294/
Levski Sofia,http://www.soccer-rating.com/Levski-Sofia/1295/
Inter Turku,http://www.soccer-rating.com/Inter-Turku/13/
SK Super Nova,http://www.soccer-rating.com/SK-Super-Nova/13048/
HJS Akatemia,http://www.soccer-rating.com/HJS-Akatemia/13053/
WSG Tirol,http://www.soccer-rating.com/WSG-Tirol/1308/
KF Drita,http://www.soccer-rating.com/KF-Drita/13115/
FK Babrungas Plunge,http://www.soccer-rating.com/FK-Babrungas-Plunge/13125/
FC Nomme United,http://www.soccer-rating.com/FC-Nomme-United/13136/
CSKA 1948 Sofia,http://www.soccer-rating.com/CSKA-1948-Sofia/13235/
FK Arda Kardzhali,http://www.soccer-rating.com/FK-Arda-Kardzhali/13239/
Wolfsberger AC,http://www.soccer-rating.com/Wolfsberger-AC/1340/
NK Bravo,http://www.soccer-rating.com/NK-Bravo/13621/
FK Dziugas,http://www.soccer-rating.com/FK-Dziugas/13652/
SC Austria Lustenau,http://www.soccer-rating.com/SC-Austria-Lustenau/1377/
VJS Vantaa,http://www.soccer-rating.com/VJS-Vantaa/13898/
FK Turan Turkestan,http://www.soccer-rating.com/FK-Turan-Turkestan/13903/
FK Hegelmann Litauen,http://www.soccer-rating.com/FK-Hegelmann-Litauen/13927/
KF Ballkani,http://www.soccer-rating.com/KF-Ballkani/13945/
Ilves Tampere II,http://www.soccer-rating.com/Ilves-Tampere-II/13953/
BFA Vilnius,http://www.soccer-rating.com/BFA-Vilnius/13954/
Paris FC,http://www.soccer-rating.com/Paris-FC/1396/
FC Haka Valkeakoski,http://www.soccer-rating.com/FC-Haka-Valkeakoski/14/
VfB Stuttgart,http://www.soccer-rating.com/VfB-Stuttgart/141/
FC Schalke 04,http://www.soccer-rating.com/FC-Schalke-04/142/
FK Astana II,http://www.soccer-rating.com/FK-Astana-II/14249/
Kairat Almaty II,http://www.soccer-rating.com/Kairat-Almaty-II/14252/
FK Aktobe II,http://www.soccer-rating.com/FK-Aktobe-II/14255/
1 FC N rnberg,http://www.soccer-rating.com/1-FC-N-rnberg/143/
Karlsruher SC,http://www.soccer-rating.com/Karlsruher-SC/144/
ML Vitebsk,http://www.soccer-rating.com/ML-Vitebsk/14483/
Bayer Leverkusen,http://www.soccer-rating.com/Bayer-Leverkusen/145/
Kauno Zalgiris II,http://www.soccer-rating.com/Kauno-Zalgiris-II/14504/
Harju JK Laagri,http://www.soccer-rating.com/Harju-JK-Laagri/14523/
Gornik Zabrze,http://www.soccer-rating.com/Gornik-Zabrze/1453/
CSKA Sofia,http://www.soccer-rating.com/CSKA-Sofia/1456/
Lokomotiv Sofia,http://www.soccer-rating.com/Lokomotiv-Sofia/1457/
Lokomotiv Plovdiv,http://www.soccer-rating.com/Lokomotiv-Plovdiv/1458/
FK Zeleznicar Pancevo,http://www.soccer-rating.com/FK-Zeleznicar-Pancevo/14583/
IMT Novi Beograd,http://www.soccer-rating.com/IMT-Novi-Beograd/14595/
Energie Cottbus,http://www.soccer-rating.com/Energie-Cottbus/146/
Slavia Sofia,http://www.soccer-rating.com/Slavia-Sofia/1463/
Spartak Varna,http://www.soccer-rating.com/Spartak-Varna/1465/
Botev Plovdiv,http://www.soccer-rating.com/Botev-Plovdiv/1466/
Borussia Dortmund,http://www.soccer-rating.com/Borussia-Dortmund/147/
FC Tallinn,http://www.soccer-rating.com/FC-Tallinn/14759/
Eintracht Frankfurt,http://www.soccer-rating.com/Eintracht-Frankfurt/149/
HJK Helsinki,http://www.soccer-rating.com/HJK-Helsinki/15/
Hertha BSC Berlin,http://www.soccer-rating.com/Hertha-BSC-Berlin/150/
FC Bayern M nchen,http://www.soccer-rating.com/FC-Bayern-M-nchen/151/
Nordic United,http://www.soccer-rating.com/Nordic-United/15158/
Bologna FC,http://www.soccer-rating.com/Bologna-FC/1525/
Genoa FC,http://www.soccer-rating.com/Genoa-FC/1527/
Hannover 96,http://www.soccer-rating.com/Hannover-96/153/
SSC Napoli,http://www.soccer-rating.com/SSC-Napoli/1531/
Hamburger SV,http://www.soccer-rating.com/Hamburger-SV/154/
Frosinone Calcio,http://www.soccer-rating.com/Frosinone-Calcio/1540/
US Lecce,http://www.soccer-rating.com/US-Lecce/1542/
Skanstes SK,http://www.soccer-rating.com/Skanstes-SK/15469/
VfL Bochum,http://www.soccer-rating.com/VfL-Bochum/155/
Werder Bremen,http://www.soccer-rating.com/Werder-Bremen/156/
Lazio Roma,http://www.soccer-rating.com/Lazio-Roma/1566/
Egnatia Rrogozhine,http://www.soccer-rating.com/Egnatia-Rrogozhine/15666/
VfL Wolfsburg,http://www.soccer-rating.com/VfL-Wolfsburg/157/
FK Karabakh Agdam,http://www.soccer-rating.com/FK-Karabakh-Agdam/1578/
Arminia Bielefeld,http://www.soccer-rating.com/Arminia-Bielefeld/158/
Parma Calcio,http://www.soccer-rating.com/Parma-Calcio/1586/
AC Fiorentina,http://www.soccer-rating.com/AC-Fiorentina/1588/
AC Milan,http://www.soccer-rating.com/AC-Milan/1590/
Inter Milan,http://www.soccer-rating.com/Inter-Milan/1591/
Udinese Calcio,http://www.soccer-rating.com/Udinese-Calcio/1592/
Juventus Torino,http://www.soccer-rating.com/Juventus-Torino/1593/
Torino FC,http://www.soccer-rating.com/Torino-FC/1595/
AS Roma,http://www.soccer-rating.com/AS-Roma/1597/
Atalanta Bergamo,http://www.soccer-rating.com/Atalanta-Bergamo/1599/
VPS Vaasa,http://www.soccer-rating.com/VPS-Vaasa/16/
Cagliari Calcio,http://www.soccer-rating.com/Cagliari-Calcio/1602/
FC Spartak Trnava,http://www.soccer-rating.com/FC-Spartak-Trnava/164/
MSK Zilina,http://www.soccer-rating.com/MSK-Zilina/165/
Atletic Club dEscaldes,http://www.soccer-rating.com/Atletic-Club-dEscaldes/16574/
Esbo BK,http://www.soccer-rating.com/Esbo-BK/16798/
PPJ,http://www.soccer-rating.com/PPJ/16849/
FK Siauliai II,http://www.soccer-rating.com/FK-Siauliai-II/16862/
KuPS Kuopio II,http://www.soccer-rating.com/KuPS-Kuopio-II/16865/
Inter Turku II,http://www.soccer-rating.com/Inter-Turku-II/16874/
FC Zhenis,http://www.soccer-rating.com/FC-Zhenis/16877/
Riga FC II,http://www.soccer-rating.com/Riga-FC-II/16892/
Arbroath FC,http://www.soccer-rating.com/Arbroath-FC/1693/
East Fife,http://www.soccer-rating.com/East-Fife/1695/
Queen of the South,http://www.soccer-rating.com/Queen-of-the-South/1696/
Partick Thistle,http://www.soccer-rating.com/Partick-Thistle/1697/
Airdrieonians FC,http://www.soccer-rating.com/Airdrieonians-FC/1698/
Stranraer FC,http://www.soccer-rating.com/Stranraer-FC/1699/
Brinje Grosuplje,http://www.soccer-rating.com/Brinje-Grosuplje/16993/
FF Jaro Jakobstad,http://www.soccer-rating.com/FF-Jaro-Jakobstad/17/
Montrose FC,http://www.soccer-rating.com/Montrose-FC/1700/
Clyde FC,http://www.soccer-rating.com/Clyde-FC/1701/
Hamilton Academical,http://www.soccer-rating.com/Hamilton-Academical/1702/
Dunfermline AFC,http://www.soccer-rating.com/Dunfermline-AFC/1703/
FK Ostrovets,http://www.soccer-rating.com/FK-Ostrovets/17034/
Greenock Morton FC,http://www.soccer-rating.com/Greenock-Morton-FC/1704/
FC Dundee,http://www.soccer-rating.com/FC-Dundee/1705/
Livingston FC,http://www.soccer-rating.com/Livingston-FC/1706/
Saint Johnstone FC,http://www.soccer-rating.com/Saint-Johnstone-FC/1707/
Stirling Albion,http://www.soccer-rating.com/Stirling-Albion/1708/
Alloa Athletic,http://www.soccer-rating.com/Alloa-Athletic/1709/
Treaty United FC,http://www.soccer-rating.com/Treaty-United-FC/171/
Ayr United,http://www.soccer-rating.com/Ayr-United/1710/
Queens Park,http://www.soccer-rating.com/Queens-Park/1711/
Brechin City FC,http://www.soccer-rating.com/Brechin-City-FC/1712/
Peterhead FC,http://www.soccer-rating.com/Peterhead-FC/1713/
Ross County,http://www.soccer-rating.com/Ross-County/1715/
Raith Rovers Kirkcaldy,http://www.soccer-rating.com/Raith-Rovers-Kirkcaldy/1716/
Dumbarton FC,http://www.soccer-rating.com/Dumbarton-FC/1719/
Shelbourne FC,http://www.soccer-rating.com/Shelbourne-FC/172/
Elgin City,http://www.soccer-rating.com/Elgin-City/1720/
Forfar Athletic,http://www.soccer-rating.com/Forfar-Athletic/1721/
Stenhousemuir FC,http://www.soccer-rating.com/Stenhousemuir-FC/1722/
Finn Harps,http://www.soccer-rating.com/Finn-Harps/173/
S nderjyskE,http://www.soccer-rating.com/S-nderjyskE/1733/
Silkeborg IF,http://www.soccer-rating.com/Silkeborg-IF/1734/
Linlithgow Rose FC,http://www.soccer-rating.com/Linlithgow-Rose-FC/17388/
Athlone Town,http://www.soccer-rating.com/Athlone-Town/174/
Cobh Ramblers,http://www.soccer-rating.com/Cobh-Ramblers/175/
Khan Tengry,http://www.soccer-rating.com/Khan-Tengry/17576/
FK Transinvest,http://www.soccer-rating.com/FK-Transinvest/17581/
Niva Dolbizno,http://www.soccer-rating.com/Niva-Dolbizno/17592/
Yelimay Semey,http://www.soccer-rating.com/Yelimay-Semey/17606/
FK Arys,http://www.soccer-rating.com/FK-Arys/17608/
Riga Mariners,http://www.soccer-rating.com/Riga-Mariners/17624/
Hapoel Tel Aviv,http://www.soccer-rating.com/Hapoel-Tel-Aviv/1763/
SJK Akatemia II,http://www.soccer-rating.com/SJK-Akatemia-II/17656/
Grazer AK,http://www.soccer-rating.com/Grazer-AK/1767/
Wexford Youths,http://www.soccer-rating.com/Wexford-Youths/177/
TSV Hartberg,http://www.soccer-rating.com/TSV-Hartberg/1770/
Marupes SC,http://www.soccer-rating.com/Marupes-SC/17703/
Dundalk FC,http://www.soccer-rating.com/Dundalk-FC/178/
FK Sileks Kratovo,http://www.soccer-rating.com/FK-Sileks-Kratovo/1795/
MyPa Anjalankoski,http://www.soccer-rating.com/MyPa-Anjalankoski/18/
Skendija 79 Tetovo,http://www.soccer-rating.com/Skendija-79-Tetovo/1801/
LASK Linz,http://www.soccer-rating.com/LASK-Linz/181/
Rapid Wien,http://www.soccer-rating.com/Rapid-Wien/183/
FK Ulytau Zhezkazgan,http://www.soccer-rating.com/FK-Ulytau-Zhezkazgan/18301/
Ogre United,http://www.soccer-rating.com/Ogre-United/18313/
Leevon PPK,http://www.soccer-rating.com/Leevon-PPK/18340/
Red Bull Salzburg,http://www.soccer-rating.com/Red-Bull-Salzburg/185/
Torpedo Kutaisi,http://www.soccer-rating.com/Torpedo-Kutaisi/1857/
SCR Altach,http://www.soccer-rating.com/SCR-Altach/186/
Sturm Graz,http://www.soccer-rating.com/Sturm-Graz/187/
Larne FC,http://www.soccer-rating.com/Larne-FC/1875/
Austria Wien,http://www.soccer-rating.com/Austria-Wien/188/
Crumlin United FC,http://www.soccer-rating.com/Crumlin-United-FC/18804/
Baldoyle United,http://www.soccer-rating.com/Baldoyle-United/18808/
Decic Tuzi,http://www.soccer-rating.com/Decic-Tuzi/1881/
Atert Bissen,http://www.soccer-rating.com/Atert-Bissen/18813/
OFK Petrovac,http://www.soccer-rating.com/OFK-Petrovac/1884/
Castelbar Celtic FC,http://www.soccer-rating.com/Castelbar-Celtic-FC/18840/
Sutjeska Niksic,http://www.soccer-rating.com/Sutjeska-Niksic/1889/
SV Ried,http://www.soccer-rating.com/SV-Ried/189/
IFK Mariehamn,http://www.soccer-rating.com/IFK-Mariehamn/19/
Grasshoppers Z rich,http://www.soccer-rating.com/Grasshoppers-Z-rich/191/
FC Nomme United II,http://www.soccer-rating.com/FC-Nomme-United-II/19128/
FK Kaspiy Aktau II,http://www.soccer-rating.com/FK-Kaspiy-Aktau-II/19134/
FC Jaiyq Uralsk,http://www.soccer-rating.com/FC-Jaiyq-Uralsk/19135/
SK Super Nova II,http://www.soccer-rating.com/SK-Super-Nova-II/19139/
FF Jaro II,http://www.soccer-rating.com/FF-Jaro-II/19147/
Union Plaani,http://www.soccer-rating.com/Union-Plaani/19148/
Yelimay Semey II,http://www.soccer-rating.com/Yelimay-Semey-II/19163/
Vasteras SK FK,http://www.soccer-rating.com/Vasteras-SK-FK/19197/
Inter Club d Escaldes,http://www.soccer-rating.com/Inter-Club-d-Escaldes/19199/
FC St Gallen,http://www.soccer-rating.com/FC-St-Gallen/192/
    rebro SK,http://www.soccer-rating.com/----rebro-SK/19200/
Uni X Labs Minsk,http://www.soccer-rating.com/Uni-X-Labs-Minsk/19201/
OFK Belgrade,http://www.soccer-rating.com/OFK-Belgrade/1925/
Mladost Lucani,http://www.soccer-rating.com/Mladost-Lucani/1928/
FC Luzern,http://www.soccer-rating.com/FC-Luzern/193/
FC Thun,http://www.soccer-rating.com/FC-Thun/195/
Ferencvaros Budapest,http://www.soccer-rating.com/Ferencvaros-Budapest/1950/
Cukaricki Belgrade,http://www.soccer-rating.com/Cukaricki-Belgrade/1956/
FC Sion,http://www.soccer-rating.com/FC-Sion/196/
Young Boys Bern,http://www.soccer-rating.com/Young-Boys-Bern/198/
1 FC Heidenheim,http://www.soccer-rating.com/1-FC-Heidenheim/1989/
FC Basel,http://www.soccer-rating.com/FC-Basel/199/
FC Honka Espoo,http://www.soccer-rating.com/FC-Honka-Espoo/20/
FC Z rich,http://www.soccer-rating.com/FC-Z-rich/200/
RB Leipzig,http://www.soccer-rating.com/RB-Leipzig/2005/
Arsenal FC,http://www.soccer-rating.com/Arsenal-FC/201/
FC Hradec Kralove,http://www.soccer-rating.com/FC-Hradec-Kralove/2014/
Fulham FC,http://www.soccer-rating.com/Fulham-FC/202/
Aston Villa,http://www.soccer-rating.com/Aston-Villa/203/
Liverpool FC,http://www.soccer-rating.com/Liverpool-FC/204/
Bolton Wanderers,http://www.soccer-rating.com/Bolton-Wanderers/205/
Newcastle United,http://www.soccer-rating.com/Newcastle-United/206/
Douglas Hall,http://www.soccer-rating.com/Douglas-Hall/2069/
Chelsea FC,http://www.soccer-rating.com/Chelsea-FC/207/
Birmingham City,http://www.soccer-rating.com/Birmingham-City/208/
Derby County,http://www.soccer-rating.com/Derby-County/209/
FC Dila Gori,http://www.soccer-rating.com/FC-Dila-Gori/2090/
KI Klaksvik,http://www.soccer-rating.com/KI-Klaksvik/21/
Portsmouth FC,http://www.soccer-rating.com/Portsmouth-FC/210/
Everton FC,http://www.soccer-rating.com/Everton-FC/211/
CD Alaves,http://www.soccer-rating.com/CD-Alaves/2111/
Wigan Athletic,http://www.soccer-rating.com/Wigan-Athletic/212/
Manchester United,http://www.soccer-rating.com/Manchester-United/213/
Reading FC,http://www.soccer-rating.com/Reading-FC/214/
Middlesbrough FC,http://www.soccer-rating.com/Middlesbrough-FC/215/
AFC Wimbledon,http://www.soccer-rating.com/AFC-Wimbledon/2157/
Blackburn Rovers,http://www.soccer-rating.com/Blackburn-Rovers/216/
Sunderland FC,http://www.soccer-rating.com/Sunderland-FC/217/
Tottenham Hotspur,http://www.soccer-rating.com/Tottenham-Hotspur/218/
West Ham United,http://www.soccer-rating.com/West-Ham-United/219/
Hammarby IF,http://www.soccer-rating.com/Hammarby-IF/22/
Manchester City,http://www.soccer-rating.com/Manchester-City/220/
Barnsley FC,http://www.soccer-rating.com/Barnsley-FC/221/
Coventry City,http://www.soccer-rating.com/Coventry-City/222/
Bristol City,http://www.soccer-rating.com/Bristol-City/223/
Queens Park Rangers,http://www.soccer-rating.com/Queens-Park-Rangers/224/
Burnley FC,http://www.soccer-rating.com/Burnley-FC/225/
West Bromwich Albion,http://www.soccer-rating.com/West-Bromwich-Albion/226/
Cardiff City,http://www.soccer-rating.com/Cardiff-City/227/
Stoke City,http://www.soccer-rating.com/Stoke-City/228/
Connahs Quay,http://www.soccer-rating.com/Connahs-Quay/2282/
Caernarfon Town,http://www.soccer-rating.com/Caernarfon-Town/2289/
Charlton Athletic,http://www.soccer-rating.com/Charlton-Athletic/229/
Rayo Vallecano,http://www.soccer-rating.com/Rayo-Vallecano/2303/
Hull City,http://www.soccer-rating.com/Hull-City/231/
Plymouth Argyle,http://www.soccer-rating.com/Plymouth-Argyle/232/
Ipswich Town,http://www.soccer-rating.com/Ipswich-Town/233/
Sheffield Wednesday,http://www.soccer-rating.com/Sheffield-Wednesday/234/
Leicester City,http://www.soccer-rating.com/Leicester-City/235/
Blackpool FC,http://www.soccer-rating.com/Blackpool-FC/236/
Preston North End,http://www.soccer-rating.com/Preston-North-End/237/
Norwich City,http://www.soccer-rating.com/Norwich-City/238/
Sheffield United,http://www.soccer-rating.com/Sheffield-United/239/
Colchester United,http://www.soccer-rating.com/Colchester-United/240/
Southampton FC,http://www.soccer-rating.com/Southampton-FC/241/
Crystal Palace,http://www.soccer-rating.com/Crystal-Palace/242/
Wolverhampton Wanderers,http://www.soccer-rating.com/Wolverhampton-Wanderers/243/
Watford FC,http://www.soccer-rating.com/Watford-FC/244/
Floriana FC,http://www.soccer-rating.com/Floriana-FC/2441/
Hamrun Spartans,http://www.soccer-rating.com/Hamrun-Spartans/2442/
AS Monaco,http://www.soccer-rating.com/AS-Monaco/245/
SSD Monza 1912,http://www.soccer-rating.com/SSD-Monza-1912/2452/
SSC Venezia,http://www.soccer-rating.com/SSC-Venezia/2461/
US Sassuolo Calcio,http://www.soccer-rating.com/US-Sassuolo-Calcio/2462/
FC Botosani,http://www.soccer-rating.com/FC-Botosani/2465/
Petrolul Ploiesti,http://www.soccer-rating.com/Petrolul-Ploiesti/2475/
RC Lens,http://www.soccer-rating.com/RC-Lens/248/
Dinamo Tirana,http://www.soccer-rating.com/Dinamo-Tirana/2482/
Le Mans UC 72,http://www.soccer-rating.com/Le-Mans-UC-72/249/
NK Maribor,http://www.soccer-rating.com/NK-Maribor/25/
OSC Lille,http://www.soccer-rating.com/OSC-Lille/251/
FC Lorient,http://www.soccer-rating.com/FC-Lorient/252/
Olympique Lyon,http://www.soccer-rating.com/Olympique-Lyon/253/
AJ Auxerre,http://www.soccer-rating.com/AJ-Auxerre/254/
Paris Saint Germain,http://www.soccer-rating.com/Paris-Saint-Germain/255/
AF Elbasani,http://www.soccer-rating.com/AF-Elbasani/2554/
Racing Strasbourg,http://www.soccer-rating.com/Racing-Strasbourg/257/
Newport County AFC,http://www.soccer-rating.com/Newport-County-AFC/2579/
Olympique Marseille,http://www.soccer-rating.com/Olympique-Marseille/258/
Fleetwood Town,http://www.soccer-rating.com/Fleetwood-Town/2585/
OGC Nice,http://www.soccer-rating.com/OGC-Nice/260/
Stade Rennes,http://www.soccer-rating.com/Stade-Rennes/261/
Toulouse FC,http://www.soccer-rating.com/Toulouse-FC/264/
Aarhus GF,http://www.soccer-rating.com/Aarhus-GF/265/
Bromley FC,http://www.soccer-rating.com/Bromley-FC/2652/
AC Horsens,http://www.soccer-rating.com/AC-Horsens/266/
Br ndby IF,http://www.soccer-rating.com/Br-ndby-IF/268/
FC Nordsj lland,http://www.soccer-rating.com/FC-Nordsj-lland/269/
FC Copenhagen,http://www.soccer-rating.com/FC-Copenhagen/270/
Randers FC,http://www.soccer-rating.com/Randers-FC/271/
Viborg FF,http://www.soccer-rating.com/Viborg-FF/272/
Corvinul Hunedoara,http://www.soccer-rating.com/Corvinul-Hunedoara/2791/
FC Arges Pitesti,http://www.soccer-rating.com/FC-Arges-Pitesti/2816/
PAOK Saloniki,http://www.soccer-rating.com/PAOK-Saloniki/286/
Hapoel Beer Sheva,http://www.soccer-rating.com/Hapoel-Beer-Sheva/2882/
TPS Turku,http://www.soccer-rating.com/TPS-Turku/3/
Dinamo Kiev,http://www.soccer-rating.com/Dinamo-Kiev/300/
Ekranas Panevezys,http://www.soccer-rating.com/Ekranas-Panevezys/305/
FK Zalgiris Vilnius,http://www.soccer-rating.com/FK-Zalgiris-Vilnius/306/
FK Suduva Marijampole,http://www.soccer-rating.com/FK-Suduva-Marijampole/308/
FK Siauliai,http://www.soccer-rating.com/FK-Siauliai/309/
Cork City,http://www.soccer-rating.com/Cork-City/31/
FK Liepaja,http://www.soccer-rating.com/FK-Liepaja/311/
JFK Ventspils,http://www.soccer-rating.com/JFK-Ventspils/314/
FK Riga,http://www.soccer-rating.com/FK-Riga/315/
JK Nomme Kalju,http://www.soccer-rating.com/JK-Nomme-Kalju/3168/
FK Aktobe,http://www.soccer-rating.com/FK-Aktobe/317/
FC Batyr,http://www.soccer-rating.com/FC-Batyr/318/
FK Kyzylzhar Petropavlovsk,http://www.soccer-rating.com/FK-Kyzylzhar-Petropavlovsk/319/
FK Zemun,http://www.soccer-rating.com/FK-Zemun/3197/
Valur Reykjavik,http://www.soccer-rating.com/Valur-Reykjavik/32/
Kaisar Kyzylorda,http://www.soccer-rating.com/Kaisar-Kyzylorda/320/
Kerry FC,http://www.soccer-rating.com/Kerry-FC/3202/
FC Kairat Almaty,http://www.soccer-rating.com/FC-Kairat-Almaty/321/
FK Astana,http://www.soccer-rating.com/FK-Astana/322/
Ordabasy Shymkent,http://www.soccer-rating.com/Ordabasy-Shymkent/323/
FC Atyrau,http://www.soccer-rating.com/FC-Atyrau/324/
KFUM Kam Oslo,http://www.soccer-rating.com/KFUM-Kam-Oslo/3243/
Shakhtyor Karaganda,http://www.soccer-rating.com/Shakhtyor-Karaganda/325/
Zhetysu Taldykorgan,http://www.soccer-rating.com/Zhetysu-Taldykorgan/327/
FC Okzhetpes,http://www.soccer-rating.com/FC-Okzhetpes/328/
FC Levadia Tallinna,http://www.soccer-rating.com/FC-Levadia-Tallinna/341/
FC Flora Tallinna,http://www.soccer-rating.com/FC-Flora-Tallinna/342/
IK Brage,http://www.soccer-rating.com/IK-Brage/3430/
Parnu JK Vaprus,http://www.soccer-rating.com/Parnu-JK-Vaprus/345/
Sandvikens IF,http://www.soccer-rating.com/Sandvikens-IF/3492/
Ilves Tampere,http://www.soccer-rating.com/Ilves-Tampere/3504/
Aanekosken Huima,http://www.soccer-rating.com/Aanekosken-Huima/3505/
SJK Sein joki,http://www.soccer-rating.com/SJK-Sein-joki/3506/
VPS Vaasa II,http://www.soccer-rating.com/VPS-Vaasa-II/3511/
AIFK Turku,http://www.soccer-rating.com/AIFK-Turku/3513/
PK Keski Uusimaa,http://www.soccer-rating.com/PK-Keski-Uusimaa/3531/
UMF Selfoss,http://www.soccer-rating.com/UMF-Selfoss/3536/
Varbergs BoIS FC,http://www.soccer-rating.com/Varbergs-BoIS-FC/3592/
N rpes Kraft,http://www.soccer-rating.com/N-rpes-Kraft/362/
IK Oddevold,http://www.soccer-rating.com/IK-Oddevold/3637/
FK Lida,http://www.soccer-rating.com/FK-Lida/3646/
Slonim 2017,http://www.soccer-rating.com/Slonim-2017/3648/
Slavia Mozyr,http://www.soccer-rating.com/Slavia-Mozyr/3651/
Volna Pinsk,http://www.soccer-rating.com/Volna-Pinsk/3655/
FK Baranovichi,http://www.soccer-rating.com/FK-Baranovichi/3656/
Slovan Bratislava,http://www.soccer-rating.com/Slovan-Bratislava/37/
MP Mikkeli,http://www.soccer-rating.com/MP-Mikkeli/371/
GrIFK Grankulla,http://www.soccer-rating.com/GrIFK-Grankulla/373/
Pallo Iirot Rauma,http://www.soccer-rating.com/Pallo-Iirot-Rauma/375/
SalPa Salo,http://www.soccer-rating.com/SalPa-Salo/377/
Differdange FC 03,http://www.soccer-rating.com/Differdange-FC-03/38/
Jakobstads BK,http://www.soccer-rating.com/Jakobstads-BK/382/
Annan Athletic,http://www.soccer-rating.com/Annan-Athletic/3824/
FK Orsha,http://www.soccer-rating.com/FK-Orsha/3836/
FC Osipovichi,http://www.soccer-rating.com/FC-Osipovichi/3841/
Borac Banja Luka,http://www.soccer-rating.com/Borac-Banja-Luka/3860/
FK Banga Gargzdai,http://www.soccer-rating.com/FK-Banga-Gargzdai/3905/
FC Levadia Tallinna II,http://www.soccer-rating.com/FC-Levadia-Tallinna-II/3995/
Tampere United,http://www.soccer-rating.com/Tampere-United/4/
FC Flora Paide,http://www.soccer-rating.com/FC-Flora-Paide/4001/
Flora Tallinn II,http://www.soccer-rating.com/Flora-Tallinn-II/4002/
FK Tauras Taurage,http://www.soccer-rating.com/FK-Tauras-Taurage/4004/
Kristiansund BK,http://www.soccer-rating.com/Kristiansund-BK/402/
Salford City FC,http://www.soccer-rating.com/Salford-City-FC/4112/
  stersunds FK,http://www.soccer-rating.com/--stersunds-FK/412/
AE Paphos,http://www.soccer-rating.com/AE-Paphos/4175/
  rgryte IS,http://www.soccer-rating.com/--rgryte-IS/423/
IK Sirius FK,http://www.soccer-rating.com/IK-Sirius-FK/424/
IFK V rnamo,http://www.soccer-rating.com/IFK-V-rnamo/425/
Norrby IF,http://www.soccer-rating.com/Norrby-IF/434/
Como Calcio,http://www.soccer-rating.com/Como-Calcio/4351/
Thor Akureyri,http://www.soccer-rating.com/Thor-Akureyri/439/
Throttur Reykjavik,http://www.soccer-rating.com/Throttur-Reykjavik/440/
KF Austfjardja,http://www.soccer-rating.com/KF-Austfjardja/441/
KA Akureyri,http://www.soccer-rating.com/KA-Akureyri/442/
Fj lnir Reykjavik,http://www.soccer-rating.com/Fj-lnir-Reykjavik/443/
UMF Grindavik,http://www.soccer-rating.com/UMF-Grindavik/444/
IBV Vestmannaeyjar,http://www.soccer-rating.com/IBV-Vestmannaeyjar/445/
UMF Njardvik,http://www.soccer-rating.com/UMF-Njardvik/446/
Vikingur Olafsvik,http://www.soccer-rating.com/Vikingur-Olafsvik/448/
Stjarnan Gardabaer,http://www.soccer-rating.com/Stjarnan-Gardabaer/449/
Leiknir Reykjavik,http://www.soccer-rating.com/Leiknir-Reykjavik/450/
Vikingur Gotu,http://www.soccer-rating.com/Vikingur-Gotu/452/
NK Olimpija Ljubljana,http://www.soccer-rating.com/NK-Olimpija-Ljubljana/4540/
NS Mura,http://www.soccer-rating.com/NS-Mura/4542/
NSI Runavik,http://www.soccer-rating.com/NSI-Runavik/455/
FK Novi Pazar,http://www.soccer-rating.com/FK-Novi-Pazar/4639/
Radnicki Nis,http://www.soccer-rating.com/Radnicki-Nis/4640/
Edinburgh City,http://www.soccer-rating.com/Edinburgh-City/4654/
Spartans Edinburgh,http://www.soccer-rating.com/Spartans-Edinburgh/4671/
St Patricks Athletic,http://www.soccer-rating.com/St-Patricks-Athletic/47/
BATE Borisov,http://www.soccer-rating.com/BATE-Borisov/470/
Brora Rangers,http://www.soccer-rating.com/Brora-Rangers/4765/
Cove Rangers,http://www.soccer-rating.com/Cove-Rangers/4767/
FC Sheriff Tiraspol,http://www.soccer-rating.com/FC-Sheriff-Tiraspol/477/
FH Hafnarfjordur,http://www.soccer-rating.com/FH-Hafnarfjordur/479/
Derry City,http://www.soccer-rating.com/Derry-City/48/
SP La Fiorita,http://www.soccer-rating.com/SP-La-Fiorita/4820/
Virtus AC 1964,http://www.soccer-rating.com/Virtus-AC-1964/4824/
Dinamo Zagreb,http://www.soccer-rating.com/Dinamo-Zagreb/484/
Linfield FC,http://www.soccer-rating.com/Linfield-FC/485/
SP Tre Fiori,http://www.soccer-rating.com/SP-Tre-Fiori/4861/
FK Sarajevo,http://www.soccer-rating.com/FK-Sarajevo/487/
The New Saints,http://www.soccer-rating.com/The-New-Saints/489/
Shamrock Rovers,http://www.soccer-rating.com/Shamrock-Rovers/49/
Glentoran FC,http://www.soccer-rating.com/Glentoran-FC/495/
KR Reykjavik,http://www.soccer-rating.com/KR-Reykjavik/497/
Odense BK,http://www.soccer-rating.com/Odense-BK/499/
Bohemians Dublin,http://www.soccer-rating.com/Bohemians-Dublin/50/
Dinamo Tbilisi,http://www.soccer-rating.com/Dinamo-Tbilisi/504/
FC Vaduz,http://www.soccer-rating.com/FC-Vaduz/505/
FC Midtjylland,http://www.soccer-rating.com/FC-Midtjylland/508/
IBV Keflavik,http://www.soccer-rating.com/IBV-Keflavik/509/
Sligo Rovers,http://www.soccer-rating.com/Sligo-Rovers/51/
HNK Hajduk Split,http://www.soccer-rating.com/HNK-Hajduk-Split/513/
JK Nomme Kalju II,http://www.soccer-rating.com/JK-Nomme-Kalju-II/5162/
JK Trans Narva,http://www.soccer-rating.com/JK-Trans-Narva/519/
Longford Town,http://www.soccer-rating.com/Longford-Town/52/
FC Vaajakoski,http://www.soccer-rating.com/FC-Vaajakoski/5228/
FC Kiffen Helsinki,http://www.soccer-rating.com/FC-Kiffen-Helsinki/5231/
FC Jazz Pori,http://www.soccer-rating.com/FC-Jazz-Pori/5232/
IR Reykjavik,http://www.soccer-rating.com/IR-Reykjavik/5257/
FK Jelgava,http://www.soccer-rating.com/FK-Jelgava/5259/
FS Metta LU Riga,http://www.soccer-rating.com/FS-Metta-LU-Riga/5264/
Valmieras FK,http://www.soccer-rating.com/Valmieras-FK/5268/
Maccabi Tel Aviv,http://www.soccer-rating.com/Maccabi-Tel-Aviv/527/
FK Auda Riga,http://www.soccer-rating.com/FK-Auda-Riga/5271/
FK Tukums 2000,http://www.soccer-rating.com/FK-Tukums-2000/5272/
Grotta Seltjarnarnes,http://www.soccer-rating.com/Grotta-Seltjarnarnes/5275/
FC Santa Coloma,http://www.soccer-rating.com/FC-Santa-Coloma/528/
Bray Wanderers,http://www.soccer-rating.com/Bray-Wanderers/53/
Milsami Orhei,http://www.soccer-rating.com/Milsami-Orhei/5321/
Omonia Nikosia,http://www.soccer-rating.com/Omonia-Nikosia/533/
Partizan Belgrade,http://www.soccer-rating.com/Partizan-Belgrade/535/
NK Koper,http://www.soccer-rating.com/NK-Koper/538/
Waterford United,http://www.soccer-rating.com/Waterford-United/54/
Dinamo Minsk,http://www.soccer-rating.com/Dinamo-Minsk/540/
FK Neftchi Baku,http://www.soccer-rating.com/FK-Neftchi-Baku/545/
Vardar Skopje,http://www.soccer-rating.com/Vardar-Skopje/546/
Drogheda United,http://www.soccer-rating.com/Drogheda-United/55/
Vojvodina Novi Sad,http://www.soccer-rating.com/Vojvodina-Novi-Sad/550/
FK Mornar Bar,http://www.soccer-rating.com/FK-Mornar-Bar/5543/
UCD Dublin,http://www.soccer-rating.com/UCD-Dublin/562/
IF Brommapojkarna,http://www.soccer-rating.com/IF-Brommapojkarna/57/
Gais G teborg,http://www.soccer-rating.com/Gais-G-teborg/58/
Djurgardens IF,http://www.soccer-rating.com/Djurgardens-IF/59/
Klubi 04 Helsinki,http://www.soccer-rating.com/Klubi-04-Helsinki/601/
PK 35 Helsinki,http://www.soccer-rating.com/PK-35-Helsinki/602/
Atlantis FC Helsinki,http://www.soccer-rating.com/Atlantis-FC-Helsinki/603/
FC KooTeePee Kotka,http://www.soccer-rating.com/FC-KooTeePee-Kotka/604/
KuPS Kuopio,http://www.soccer-rating.com/KuPS-Kuopio/605/
PuiU Helsinki,http://www.soccer-rating.com/PuiU-Helsinki/607/
IFK G teborg,http://www.soccer-rating.com/IFK-G-teborg/61/
Botev Vratsa,http://www.soccer-rating.com/Botev-Vratsa/6100/
Malm  FF,http://www.soccer-rating.com/Malm--FF/62/
PEPO Lappeenranta,http://www.soccer-rating.com/PEPO-Lappeenranta/6224/
HPS Helsinki,http://www.soccer-rating.com/HPS-Helsinki/6225/
NJS Nurmij rven,http://www.soccer-rating.com/NJS-Nurmij-rven/6263/
Kalmar FF,http://www.soccer-rating.com/Kalmar-FF/63/
BFC Daugavpils,http://www.soccer-rating.com/BFC-Daugavpils/6325/
Lahden Reipas,http://www.soccer-rating.com/Lahden-Reipas/6339/
EPS Pallo,http://www.soccer-rating.com/EPS-Pallo/6341/
Tolka Rovers,http://www.soccer-rating.com/Tolka-Rovers/6347/
IF Vestri,http://www.soccer-rating.com/IF-Vestri/6360/
Cherno More Varna,http://www.soccer-rating.com/Cherno-More-Varna/644/
Otelul Galati,http://www.soccer-rating.com/Otelul-Galati/646/
Tobol Kostanay,http://www.soccer-rating.com/Tobol-Kostanay/647/
AIK Solna,http://www.soccer-rating.com/AIK-Solna/65/
1 FC Kaiserslautern,http://www.soccer-rating.com/1-FC-Kaiserslautern/652/
M nchengladbach,http://www.soccer-rating.com/M-nchengladbach/653/
1899 Hoffenheim,http://www.soccer-rating.com/1899-Hoffenheim/654/
SpVgg Greuther F rth,http://www.soccer-rating.com/SpVgg-Greuther-F-rth/659/
FC Augsburg,http://www.soccer-rating.com/FC-Augsburg/660/
FC St Pauli,http://www.soccer-rating.com/FC-St-Pauli/662/
1 FC K ln,http://www.soccer-rating.com/1-FC-K-ln/663/
FSV Mainz 05,http://www.soccer-rating.com/FSV-Mainz-05/664/
SC Paderborn 07,http://www.soccer-rating.com/SC-Paderborn-07/666/
VfL Osnabr ck,http://www.soccer-rating.com/VfL-Osnabr-ck/668/
SC Freiburg,http://www.soccer-rating.com/SC-Freiburg/669/
Halmstads BK,http://www.soccer-rating.com/Halmstads-BK/67/
Marsaxlokk FC,http://www.soccer-rating.com/Marsaxlokk-FC/670/
Vikingur Reykjavik,http://www.soccer-rating.com/Vikingur-Reykjavik/672/
Fram Reykjavik,http://www.soccer-rating.com/Fram-Reykjavik/673/
Breidablik Kopavogur,http://www.soccer-rating.com/Breidablik-Kopavogur/674/
Fylkir Reykjavik,http://www.soccer-rating.com/Fylkir-Reykjavik/675/
HK Kopavogur,http://www.soccer-rating.com/HK-Kopavogur/676/
IA Akranes,http://www.soccer-rating.com/IA-Akranes/678/
IF Elfsborg,http://www.soccer-rating.com/IF-Elfsborg/68/
Aluminij Kidricevo,http://www.soccer-rating.com/Aluminij-Kidricevo/6803/
Helsingborgs IF,http://www.soccer-rating.com/Helsingborgs-IF/69/
Dnepr Mogilyov,http://www.soccer-rating.com/Dnepr-Mogilyov/696/
FC Gomel,http://www.soccer-rating.com/FC-Gomel/698/
Naftan Novopolotsk,http://www.soccer-rating.com/Naftan-Novopolotsk/700/
FC Smorgon,http://www.soccer-rating.com/FC-Smorgon/701/
FC Vitebsk,http://www.soccer-rating.com/FC-Vitebsk/702/
FC Minsk,http://www.soccer-rating.com/FC-Minsk/705/
Valerenga Oslo,http://www.soccer-rating.com/Valerenga-Oslo/71/
Viking Stavanger,http://www.soccer-rating.com/Viking-Stavanger/72/
Gy ri ETO FC,http://www.soccer-rating.com/Gy-ri-ETO-FC/720/
V lsungur Husavik,http://www.soccer-rating.com/V-lsungur-Husavik/7222/
Midleton FC,http://www.soccer-rating.com/Midleton-FC/7224/
Radnicki 1923 Kragujevac,http://www.soccer-rating.com/Radnicki-1923-Kragujevac/7241/
Ludogorets Razgrad,http://www.soccer-rating.com/Ludogorets-Razgrad/7254/
Fredrikstad FK,http://www.soccer-rating.com/Fredrikstad-FK/73/
1 FC Magdeburg,http://www.soccer-rating.com/1-FC-Magdeburg/734/
Dynamo Dresden,http://www.soccer-rating.com/Dynamo-Dresden/737/
Eintracht Braunschweig,http://www.soccer-rating.com/Eintracht-Braunschweig/738/
Sandefjord Fotball,http://www.soccer-rating.com/Sandefjord-Fotball/75/
Holstein Kiel,http://www.soccer-rating.com/Holstein-Kiel/757/
Lillestr m SK,http://www.soccer-rating.com/Lillestr-m-SK/76/
Galway United,http://www.soccer-rating.com/Galway-United/7706/
1 FC Union Berlin,http://www.soccer-rating.com/1-FC-Union-Berlin/772/
SV Darmstadt 98,http://www.soccer-rating.com/SV-Darmstadt-98/776/
KF Dalvik Reynir,http://www.soccer-rating.com/KF-Dalvik-Reynir/7811/
IK Start Kristiansand,http://www.soccer-rating.com/IK-Start-Kristiansand/79/
FK Isloch Minsk,http://www.soccer-rating.com/FK-Isloch-Minsk/7919/
SC Heerenveen,http://www.soccer-rating.com/SC-Heerenveen/803/
Willem II Tilburg,http://www.soccer-rating.com/Willem-II-Tilburg/804/
AZ Alkmaar,http://www.soccer-rating.com/AZ-Alkmaar/805/
Excelsior Rotterdam,http://www.soccer-rating.com/Excelsior-Rotterdam/807/
FC Twente Enschede,http://www.soccer-rating.com/FC-Twente-Enschede/808/
SK Brann Bergen,http://www.soccer-rating.com/SK-Brann-Bergen/81/
FC Groningen,http://www.soccer-rating.com/FC-Groningen/810/
NEC Nijmegen,http://www.soccer-rating.com/NEC-Nijmegen/811/
Ajax Amsterdam,http://www.soccer-rating.com/Ajax-Amsterdam/814/
FC Utrecht,http://www.soccer-rating.com/FC-Utrecht/815/
Feyenoord Rotterdam,http://www.soccer-rating.com/Feyenoord-Rotterdam/816/
PSV Eindhoven,http://www.soccer-rating.com/PSV-Eindhoven/818/
Sparta Rotterdam,http://www.soccer-rating.com/Sparta-Rotterdam/819/
Troms  IL,http://www.soccer-rating.com/Troms--IL/82/
JK Kalev Tallinna,http://www.soccer-rating.com/JK-Kalev-Tallinna/821/
Musan Salama,http://www.soccer-rating.com/Musan-Salama/824/
FC Elva,http://www.soccer-rating.com/FC-Elva/8249/
IF Gnistan Helsinki,http://www.soccer-rating.com/IF-Gnistan-Helsinki/827/
Rosenborg Trondheim,http://www.soccer-rating.com/Rosenborg-Trondheim/83/
AC Oulu,http://www.soccer-rating.com/AC-Oulu/832/
Cheltenham Town,http://www.soccer-rating.com/Cheltenham-Town/836/
Gillingham FC,http://www.soccer-rating.com/Gillingham-FC/837/
Kauno Zalgiris,http://www.soccer-rating.com/Kauno-Zalgiris/8376/
Crewe Alexandra,http://www.soccer-rating.com/Crewe-Alexandra/838/
Brighton Hove Albion,http://www.soccer-rating.com/Brighton-Hove-Albion/839/
Aalesunds FK,http://www.soccer-rating.com/Aalesunds-FK/84/
Doncaster Rovers,http://www.soccer-rating.com/Doncaster-Rovers/840/
Millwall FC,http://www.soccer-rating.com/Millwall-FC/841/
Huddersfield Town,http://www.soccer-rating.com/Huddersfield-Town/842/
Luton Town,http://www.soccer-rating.com/Luton-Town/844/
Alashkert FC,http://www.soccer-rating.com/Alashkert-FC/8459/
Northampton Town,http://www.soccer-rating.com/Northampton-Town/846/
Swindon Town,http://www.soccer-rating.com/Swindon-Town/847/
Nottingham Forest,http://www.soccer-rating.com/Nottingham-Forest/848/
AFC Bournemouth,http://www.soccer-rating.com/AFC-Bournemouth/849/
Oldham Athletic,http://www.soccer-rating.com/Oldham-Athletic/850/
Swansea City,http://www.soccer-rating.com/Swansea-City/851/
Port Vale,http://www.soccer-rating.com/Port-Vale/852/
Bristol Rovers,http://www.soccer-rating.com/Bristol-Rovers/853/
Leyton Orient,http://www.soccer-rating.com/Leyton-Orient/855/
Tranmere Rovers,http://www.soccer-rating.com/Tranmere-Rovers/856/
Leeds United,http://www.soccer-rating.com/Leeds-United/857/
Walsall FC,http://www.soccer-rating.com/Walsall-FC/858/
FC Kerho 07,http://www.soccer-rating.com/FC-Kerho-07/8597/
JJK Jyv skyl ,http://www.soccer-rating.com/JJK-Jyv-skyl-/86/
Bradford City,http://www.soccer-rating.com/Bradford-City/860/
KF Aegir,http://www.soccer-rating.com/KF-Aegir/8612/
Magni Grenivik,http://www.soccer-rating.com/Magni-Grenivik/8618/
Brentford FC,http://www.soccer-rating.com/Brentford-FC/862/
Throttur Vogar,http://www.soccer-rating.com/Throttur-Vogar/8623/
College Corinthians,http://www.soccer-rating.com/College-Corinthians/8624/
Rigas Futbola Skola,http://www.soccer-rating.com/Rigas-Futbola-Skola/8628/
Mansfield Town,http://www.soccer-rating.com/Mansfield-Town/863/
FK Rezekne BJSS,http://www.soccer-rating.com/FK-Rezekne-BJSS/8632/
Viimsi JK,http://www.soccer-rating.com/Viimsi-JK/8636/
Chesterfield FC,http://www.soccer-rating.com/Chesterfield-FC/865/
JDFS Alberts,http://www.soccer-rating.com/JDFS-Alberts/8652/
Wrexham FC,http://www.soccer-rating.com/Wrexham-FC/867/
Grimsby Town,http://www.soccer-rating.com/Grimsby-Town/868/
Notts County,http://www.soccer-rating.com/Notts-County/869/
KPV Kokkola,http://www.soccer-rating.com/KPV-Kokkola/87/
Rotherham United,http://www.soccer-rating.com/Rotherham-United/871/
Lincoln City,http://www.soccer-rating.com/Lincoln-City/872/
Shrewsbury Town,http://www.soccer-rating.com/Shrewsbury-Town/873/
Milton Keynes Dons,http://www.soccer-rating.com/Milton-Keynes-Dons/874/
Barnet FC,http://www.soccer-rating.com/Barnet-FC/877/
Peterborough United,http://www.soccer-rating.com/Peterborough-United/878/
Rochdale AFC,http://www.soccer-rating.com/Rochdale-AFC/879/
CS Voluntari,http://www.soccer-rating.com/CS-Voluntari/8790/
TPV Tampere,http://www.soccer-rating.com/TPV-Tampere/88/
Stockport County,http://www.soccer-rating.com/Stockport-County/880/
Wycombe Wanderers,http://www.soccer-rating.com/Wycombe-Wanderers/882/
Accrington Stanley,http://www.soccer-rating.com/Accrington-Stanley/883/
AC Troyes,http://www.soccer-rating.com/AC-Troyes/884/
CS Universitatea Craiova,http://www.soccer-rating.com/CS-Universitatea-Craiova/8895/
Jippo Joensuu,http://www.soccer-rating.com/Jippo-Joensuu/90/
Le Havre AC,http://www.soccer-rating.com/Le-Havre-AC/901/
Stade Brest,http://www.soccer-rating.com/Stade-Brest/902/
SCO Angers,http://www.soccer-rating.com/SCO-Angers/903/
Dunav Ruse,http://www.soccer-rating.com/Dunav-Ruse/9037/
NK Radomlje,http://www.soccer-rating.com/NK-Radomlje/9068/
Rovaniemi PS,http://www.soccer-rating.com/Rovaniemi-PS/91/
Penybont FC,http://www.soccer-rating.com/Penybont-FC/9105/
RSC Anderlecht,http://www.soccer-rating.com/RSC-Anderlecht/914/
Kari Akranes,http://www.soccer-rating.com/Kari-Akranes/9199/
GBK Kokkola,http://www.soccer-rating.com/GBK-Kokkola/92/
KFG Gardabaer,http://www.soccer-rating.com/KFG-Gardabaer/9204/
St Mochtas FC,http://www.soccer-rating.com/St-Mochtas-FC/9207/
Lincoln Red Imps,http://www.soccer-rating.com/Lincoln-Red-Imps/9218/
College Europa FC,http://www.soccer-rating.com/College-Europa-FC/9220/
Torpedo Zhodino,http://www.soccer-rating.com/Torpedo-Zhodino/925/
Leeuwarden Cambuur,http://www.soccer-rating.com/Leeuwarden-Cambuur/928/
Stormvogels Telstar,http://www.soccer-rating.com/Stormvogels-Telstar/931/
US Mondorf les Bains,http://www.soccer-rating.com/US-Mondorf-les-Bains/9335/
Go Ahead Eagles,http://www.soccer-rating.com/Go-Ahead-Eagles/934/
FC Zwolle,http://www.soccer-rating.com/FC-Zwolle/937/
ADO Den Haag,http://www.soccer-rating.com/ADO-Den-Haag/939/
TP 47 Tornio,http://www.soccer-rating.com/TP-47-Tornio/94/
Fortuna Sittard,http://www.soccer-rating.com/Fortuna-Sittard/941/
Celtic Glasgow,http://www.soccer-rating.com/Celtic-Glasgow/946/
FC Kilmarnock,http://www.soccer-rating.com/FC-Kilmarnock/947/
Dundee United,http://www.soccer-rating.com/Dundee-United/948/
FC Aberdeen,http://www.soccer-rating.com/FC-Aberdeen/949/
East Kilbride,http://www.soccer-rating.com/East-Kilbride/9502/
Falkirk FC,http://www.soccer-rating.com/Falkirk-FC/951/
Heart of Midlothian,http://www.soccer-rating.com/Heart-of-Midlothian/952/
Hibernian Edinburgh,http://www.soccer-rating.com/Hibernian-Edinburgh/953/
Radnik Surdulica,http://www.soccer-rating.com/Radnik-Surdulica/9538/
Inverness Caledonian Thistle,http://www.soccer-rating.com/Inverness-Caledonian-Thistle/954/
Glasgow Rangers,http://www.soccer-rating.com/Glasgow-Rangers/955/
St Mirren,http://www.soccer-rating.com/St-Mirren/956/
FC Motherwell,http://www.soccer-rating.com/FC-Motherwell/957/
Haukar Hafnarfj rdur,http://www.soccer-rating.com/Haukar-Hafnarfj-rdur/966/
HIFK Soccer Helsinki,http://www.soccer-rating.com/HIFK-Soccer-Helsinki/970/
Falkenbergs FF,http://www.soccer-rating.com/Falkenbergs-FF/98/
Hviti Riddarinn,http://www.soccer-rating.com/Hviti-Riddarinn/9817/
Kormakur,http://www.soccer-rating.com/Kormakur/9825/
FK Smiltene,http://www.soccer-rating.com/FK-Smiltene/9876/
Degerfors IF,http://www.soccer-rating.com/Degerfors-IF/99/
CS Petrocub,http://www.soccer-rating.com/CS-Petrocub/9941/
SV Elversberg 07,http://www.soccer-rating.com/SV-Elversberg-07/996/
UNA Strassen,http://www.soccer-rating.com/UNA-Strassen/9961/
Zira IK,http://www.soccer-rating.com/Zira-IK/9975/
Chacarita,http://www.soccer-rating.com/Chacarita/w1/
Racing Club,http://www.soccer-rating.com/Racing-Club/w10/
Atletico MG,http://www.soccer-rating.com/Atletico-MG/w100/
Qingdao Hainiu,http://www.soccer-rating.com/Qingdao-Hainiu/w1002/
CIVO United,http://www.soccer-rating.com/CIVO-United/w10020/
Tianjin Tigers,http://www.soccer-rating.com/Tianjin-Tigers/w1003/
Shenzhen 2028 FC,http://www.soccer-rating.com/Shenzhen-2028-FC/w1006/
Yeoju FC,http://www.soccer-rating.com/Yeoju-FC/w10067/
Siheung Citizen,http://www.soccer-rating.com/Siheung-Citizen/w10071/
Ulsan Citizen FC,http://www.soccer-rating.com/Ulsan-Citizen-FC/w10087/
EC Santo Andr ,http://www.soccer-rating.com/EC-Santo-Andr-/w101/
Clarence Zebras FC,http://www.soccer-rating.com/Clarence-Zebras-FC/w10126/
New England Revolution II,http://www.soccer-rating.com/New-England-Revolution-II/w10138/
Union Omaha,http://www.soccer-rating.com/Union-Omaha/w10139/
North Texas SC,http://www.soccer-rating.com/North-Texas-SC/w10142/
Chattanooga Red Wolves SC,http://www.soccer-rating.com/Chattanooga-Red-Wolves-SC/w10151/
Albion FC,http://www.soccer-rating.com/Albion-FC/w10167/
Nautico,http://www.soccer-rating.com/Nautico/w102/
La Luz FC,http://www.soccer-rating.com/La-Luz-FC/w10266/
CD Colon,http://www.soccer-rating.com/CD-Colon/w10267/
Sport Recife,http://www.soccer-rating.com/Sport-Recife/w103/
Marica FC,http://www.soccer-rating.com/Marica-FC/w10328/
Sao Goncalo,http://www.soccer-rating.com/Sao-Goncalo/w10329/
Sampaio Correa RJ,http://www.soccer-rating.com/Sampaio-Correa-RJ/w10354/
Betim Futebol,http://www.soccer-rating.com/Betim-Futebol/w10379/
Internacional,http://www.soccer-rating.com/Internacional/w104/
Athletic Club SJdR MG,http://www.soccer-rating.com/Athletic-Club-SJdR-MG/w10400/
Perolas Negras,http://www.soccer-rating.com/Perolas-Negras/w10439/
CEAC Araruama FC RJ,http://www.soccer-rating.com/CEAC-Araruama-FC-RJ/w10465/
CD Costa do Sol,http://www.soccer-rating.com/CD-Costa-do-Sol/w10475/
Alianza Atletico,http://www.soccer-rating.com/Alianza-Atletico/w105/
Ha Noi FC II W,http://www.soccer-rating.com/Ha-Noi-FC-II-W/w10504/
Ha Noi FC W,http://www.soccer-rating.com/Ha-Noi-FC-W/w10506/
TKS Viet Nam W,http://www.soccer-rating.com/TKS-Viet-Nam-W/w10515/
Uruguay Montevideo,http://www.soccer-rating.com/Uruguay-Montevideo/w10521/
Atletico GO,http://www.soccer-rating.com/Atletico-GO/w1069/
Magic United FC,http://www.soccer-rating.com/Magic-United-FC/w10692/
Cienciano Cuzco,http://www.soccer-rating.com/Cienciano-Cuzco/w107/
River Plate W,http://www.soccer-rating.com/River-Plate-W/w10834/
Jinju Citizen,http://www.soccer-rating.com/Jinju-Citizen/w10839/
Bandeirante EC,http://www.soccer-rating.com/Bandeirante-EC/w10842/
Elite United FC,http://www.soccer-rating.com/Elite-United-FC/w10848/
Club Independiente Petrolero,http://www.soccer-rating.com/Club-Independiente-Petrolero/w10853/
Boca Juniors W,http://www.soccer-rating.com/Boca-Juniors-W/w10866/
Real Tomayapo,http://www.soccer-rating.com/Real-Tomayapo/w10892/
Cumbaya FC,http://www.soccer-rating.com/Cumbaya-FC/w10901/
Arsenal De Sarandi,http://www.soccer-rating.com/Arsenal-De-Sarandi/w11/
Austin FC,http://www.soccer-rating.com/Austin-FC/w11002/
Ciudad de Bolivar,http://www.soccer-rating.com/Ciudad-de-Bolivar/w11019/
Racing Louisville FC W,http://www.soccer-rating.com/Racing-Louisville-FC-W/w11020/
Botafogo FR RJ W,http://www.soccer-rating.com/Botafogo-FR-RJ-W/w11040/
Huracan W,http://www.soccer-rating.com/Huracan-W/w11078/
Social Atletico Television W,http://www.soccer-rating.com/Social-Atletico-Television-W/w11079/
Racing Club W,http://www.soccer-rating.com/Racing-Club-W/w11080/
HPS Helsinki W,http://www.soccer-rating.com/HPS-Helsinki-W/w11081/
Nanjing City,http://www.soccer-rating.com/Nanjing-City/w11084/
Gimnasia y Esgrima La Plata W,http://www.soccer-rating.com/Gimnasia-y-Esgrima-La-Plata-W/w11089/
Fulgencio Yegros,http://www.soccer-rating.com/Fulgencio-Yegros/w11094/
CA Independiente W,http://www.soccer-rating.com/CA-Independiente-W/w11131/
San Lorenzo W,http://www.soccer-rating.com/San-Lorenzo-W/w11180/
Alianza Lima,http://www.soccer-rating.com/Alianza-Lima/w112/
Resistencia FC,http://www.soccer-rating.com/Resistencia-FC/w11214/
Minnesota United FC,http://www.soccer-rating.com/Minnesota-United-FC/w1122/
Foshan Nanshi FC,http://www.soccer-rating.com/Foshan-Nanshi-FC/w11231/
Qingdao West Coast,http://www.soccer-rating.com/Qingdao-West-Coast/w11235/
Portland Timbers,http://www.soccer-rating.com/Portland-Timbers/w1124/
Shijiazhuang Gongfu FC,http://www.soccer-rating.com/Shijiazhuang-Gongfu-FC/w11244/
Wuxi Wugou,http://www.soccer-rating.com/Wuxi-Wugou/w11246/
Wenzhou Professional FC,http://www.soccer-rating.com/Wenzhou-Professional-FC/w11247/
Qingdao Red Lions FC,http://www.soccer-rating.com/Qingdao-Red-Lions-FC/w11248/
Vancouver Whitecaps,http://www.soccer-rating.com/Vancouver-Whitecaps/w1125/
CF Montreal,http://www.soccer-rating.com/CF-Montreal/w1126/
Miami FC Blues,http://www.soccer-rating.com/Miami-FC-Blues/w1128/
Tampa Bay Rowdies,http://www.soccer-rating.com/Tampa-Bay-Rowdies/w1129/
Sporting Cristal,http://www.soccer-rating.com/Sporting-Cristal/w113/
Pacific FC,http://www.soccer-rating.com/Pacific-FC/w11365/
HFX Wanderers FC,http://www.soccer-rating.com/HFX-Wanderers-FC/w11366/
Cavalry FC,http://www.soccer-rating.com/Cavalry-FC/w11378/
Inter Toronto,http://www.soccer-rating.com/Inter-Toronto/w11379/
Atletico Ottawa,http://www.soccer-rating.com/Atletico-Ottawa/w11389/
Democrata FC,http://www.soccer-rating.com/Democrata-FC/w11406/
SC Aymores,http://www.soccer-rating.com/SC-Aymores/w11420/
Ugyen Academy,http://www.soccer-rating.com/Ugyen-Academy/w11437/
Thimphu City FC,http://www.soccer-rating.com/Thimphu-City-FC/w11442/
ASA Arapiraca,http://www.soccer-rating.com/ASA-Arapiraca/w1150/
EC Bahia,http://www.soccer-rating.com/EC-Bahia/w1151/
Figueirense,http://www.soccer-rating.com/Figueirense/w1155/
FBC Melgar,http://www.soccer-rating.com/FBC-Melgar/w116/
Ayacucho FC,http://www.soccer-rating.com/Ayacucho-FC/w118/
Universitario De Deportes,http://www.soccer-rating.com/Universitario-De-Deportes/w119/
CS Limpeno,http://www.soccer-rating.com/CS-Limpeno/w11977/
Atletico Lanus,http://www.soccer-rating.com/Atletico-Lanus/w12/
Sport Huancayo,http://www.soccer-rating.com/Sport-Huancayo/w120/
Santos Laguna,http://www.soccer-rating.com/Santos-Laguna/w122/
Tensung FC,http://www.soccer-rating.com/Tensung-FC/w12216/
Transport United FC,http://www.soccer-rating.com/Transport-United-FC/w12299/
CA Union Santa Fe,http://www.soccer-rating.com/CA-Union-Santa-Fe/w123/
Sportivo Italiano,http://www.soccer-rating.com/Sportivo-Italiano/w124/
Independiente Rivadavia,http://www.soccer-rating.com/Independiente-Rivadavia/w125/
San Martin San Juan,http://www.soccer-rating.com/San-Martin-San-Juan/w126/
Pohang Steelers,http://www.soccer-rating.com/Pohang-Steelers/w127/
Seongnam FC,http://www.soccer-rating.com/Seongnam-FC/w128/
San Antonio Bulo Bulo,http://www.soccer-rating.com/San-Antonio-Bulo-Bulo/w12811/
Universitario de Vinto,http://www.soccer-rating.com/Universitario-de-Vinto/w12812/
Colon de Santa Fe,http://www.soccer-rating.com/Colon-de-Santa-Fe/w13/
Sanat Mes Kerman,http://www.soccer-rating.com/Sanat-Mes-Kerman/w130/
ADT Tarma,http://www.soccer-rating.com/ADT-Tarma/w13097/
Goiatuba EC,http://www.soccer-rating.com/Goiatuba-EC/w13527/
Rewa FC,http://www.soccer-rating.com/Rewa-FC/w13666/
Nadi FC,http://www.soccer-rating.com/Nadi-FC/w13669/
Tailevu Naitasiri FC,http://www.soccer-rating.com/Tailevu-Naitasiri-FC/w13670/
Nadroga FC,http://www.soccer-rating.com/Nadroga-FC/w13672/
Geoje Citizen,http://www.soccer-rating.com/Geoje-Citizen/w13699/
Tacuary FBC,http://www.soccer-rating.com/Tacuary-FBC/w137/
Dangjin Citizen,http://www.soccer-rating.com/Dangjin-Citizen/w13724/
Charlotte FC,http://www.soccer-rating.com/Charlotte-FC/w13732/
Club Ferro Carril Oeste W,http://www.soccer-rating.com/Club-Ferro-Carril-Oeste-W/w13791/
Pyeongchang United,http://www.soccer-rating.com/Pyeongchang-United/w13866/
Monterey Bay FC,http://www.soccer-rating.com/Monterey-Bay-FC/w13882/
South East United,http://www.soccer-rating.com/South-East-United/w13925/
Libertad FC,http://www.soccer-rating.com/Libertad-FC/w13936/
Newells Old Boys,http://www.soccer-rating.com/Newells-Old-Boys/w14/
Inter Lions,http://www.soccer-rating.com/Inter-Lions/w14005/
Toronto FC II,http://www.soccer-rating.com/Toronto-FC-II/w1402/
Angel City FC W,http://www.soccer-rating.com/Angel-City-FC-W/w14048/
San Diego Wave FC W,http://www.soccer-rating.com/San-Diego-Wave-FC-W/w14049/
Prospect United,http://www.soccer-rating.com/Prospect-United/w14086/
Balcatta SC,http://www.soccer-rating.com/Balcatta-SC/w1410/
Matagalpa FC,http://www.soccer-rating.com/Matagalpa-FC/w14101/
Perth Redstar FC,http://www.soccer-rating.com/Perth-Redstar-FC/w1412/
Perth SC,http://www.soccer-rating.com/Perth-SC/w1413/
Minnesota United FC II,http://www.soccer-rating.com/Minnesota-United-FC-II/w14160/
Columbus Crew II,http://www.soccer-rating.com/Columbus-Crew-II/w14165/
Houston Dynamo II,http://www.soccer-rating.com/Houston-Dynamo-II/w14166/
Stirling Macedonia,http://www.soccer-rating.com/Stirling-Macedonia/w1420/
St Louis City FC II,http://www.soccer-rating.com/St-Louis-City-FC-II/w14217/
The Town FC,http://www.soccer-rating.com/The-Town-FC/w14224/
FC Cincinnati II,http://www.soccer-rating.com/FC-Cincinnati-II/w14268/
UNSW FC,http://www.soccer-rating.com/UNSW-FC/w14273/
Deportivo Cuenca,http://www.soccer-rating.com/Deportivo-Cuenca/w143/
Dedza Dynamos,http://www.soccer-rating.com/Dedza-Dynamos/w14353/
Criciuma EC,http://www.soccer-rating.com/Criciuma-EC/w1436/
Nantong Haimen Codion,http://www.soccer-rating.com/Nantong-Haimen-Codion/w14379/
Ganzhou Ruishi FC,http://www.soccer-rating.com/Ganzhou-Ruishi-FC/w14380/
24 de Setiembre VP,http://www.soccer-rating.com/24-de-Setiembre-VP/w14386/
Taian Tiankuang,http://www.soccer-rating.com/Taian-Tiankuang/w14393/
Club Oriental de La Paz,http://www.soccer-rating.com/Club-Oriental-de-La-Paz/w14400/
Fortaleza EC,http://www.soccer-rating.com/Fortaleza-EC/w1441/
Paysandu FC,http://www.soccer-rating.com/Paysandu-FC/w14425/
Club Dr Benjamin Aceval,http://www.soccer-rating.com/Club-Dr-Benjamin-Aceval/w14428/
SE do Gama,http://www.soccer-rating.com/SE-do-Gama/w1443/
ABC,http://www.soccer-rating.com/ABC/w1446/
CRB Maceio,http://www.soccer-rating.com/CRB-Maceio/w1447/
Phong Phu Ha Nam W,http://www.soccer-rating.com/Phong-Phu-Ha-Nam-W/w14476/
Luverdense EC,http://www.soccer-rating.com/Luverdense-EC/w1448/
Emelec,http://www.soccer-rating.com/Emelec/w145/
Shelbourne LFC W,http://www.soccer-rating.com/Shelbourne-LFC-W/w14543/
Almirante Brown,http://www.soccer-rating.com/Almirante-Brown/w1457/
Academia del Balompie,http://www.soccer-rating.com/Academia-del-Balompie/w14584/
LDU Quito,http://www.soccer-rating.com/LDU-Quito/w146/
Patronato Parana,http://www.soccer-rating.com/Patronato-Parana/w1460/
Real Oruro,http://www.soccer-rating.com/Real-Oruro/w14635/
CA Cerro,http://www.soccer-rating.com/CA-Cerro/w147/
East Bengal II,http://www.soccer-rating.com/East-Bengal-II/w14747/
Cerro Largo,http://www.soccer-rating.com/Cerro-Largo/w148/
Gyeongju HNP,http://www.soccer-rating.com/Gyeongju-HNP/w1483/
Deportivo Garcilaso,http://www.soccer-rating.com/Deportivo-Garcilaso/w14873/
XI an Ronghai FC,http://www.soccer-rating.com/XI-an-Ronghai-FC/w14885/
Danubio,http://www.soccer-rating.com/Danubio/w149/
Comerciantes FC,http://www.soccer-rating.com/Comerciantes-FC/w14901/
Chapecoense,http://www.soccer-rating.com/Chapecoense/w1491/
Marilia AC,http://www.soccer-rating.com/Marilia-AC/w1493/
St Louis City SC,http://www.soccer-rating.com/St-Louis-City-SC/w14988/
Gimnasia La Plata,http://www.soccer-rating.com/Gimnasia-La-Plata/w15/
Central Espa ol,http://www.soccer-rating.com/Central-Espa-ol/w150/
CA Banfield W,http://www.soccer-rating.com/CA-Banfield-W/w15011/
Liverpool FC Montevideo,http://www.soccer-rating.com/Liverpool-FC-Montevideo/w151/
Rydalmere Lions,http://www.soccer-rating.com/Rydalmere-Lions/w15104/
CA Belgrano de Cordoba W,http://www.soccer-rating.com/CA-Belgrano-de-Cordoba-W/w15114/
CA 9 de Julio Rafaela,http://www.soccer-rating.com/CA-9-de-Julio-Rafaela/w15132/
Vinotinto FC,http://www.soccer-rating.com/Vinotinto-FC/w15149/
Ventura County Fusion,http://www.soccer-rating.com/Ventura-County-Fusion/w15154/
Brunswick Juventus FC,http://www.soccer-rating.com/Brunswick-Juventus-FC/w15194/
One Knoxville SC,http://www.soccer-rating.com/One-Knoxville-SC/w15196/
Racing Montevideo,http://www.soccer-rating.com/Racing-Montevideo/w152/
Lexington SC,http://www.soccer-rating.com/Lexington-SC/w15203/
Vancouver FC,http://www.soccer-rating.com/Vancouver-FC/w15245/
Dalian Yingbo,http://www.soccer-rating.com/Dalian-Yingbo/w15270/
Chongqing Tonglianglong FC,http://www.soccer-rating.com/Chongqing-Tonglianglong-FC/w15281/
Yunnan Yukun,http://www.soccer-rating.com/Yunnan-Yukun/w15282/
CA Fenix,http://www.soccer-rating.com/CA-Fenix/w153/
Aland United W,http://www.soccer-rating.com/Aland-United-W/w1534/
CA Atenas de San Carlos,http://www.soccer-rating.com/CA-Atenas-de-San-Carlos/w154/
Wari AC,http://www.soccer-rating.com/Wari-AC/w15438/
ATK Mohun Bagan II,http://www.soccer-rating.com/ATK-Mohun-Bagan-II/w15439/
Mohammedan SC II,http://www.soccer-rating.com/Mohammedan-SC-II/w15463/
Nacional Montevideo,http://www.soccer-rating.com/Nacional-Montevideo/w155/
Gualberto Villarroel San Jose,http://www.soccer-rating.com/Gualberto-Villarroel-San-Jose/w15530/
Galway United FC W,http://www.soccer-rating.com/Galway-United-FC-W/w15597/
DLR Waves W,http://www.soccer-rating.com/DLR-Waves-W/w15598/
Athlone Town WFC W,http://www.soccer-rating.com/Athlone-Town-WFC-W/w15599/
Penarol Montevideo,http://www.soccer-rating.com/Penarol-Montevideo/w156/
Bohemians Dublin W,http://www.soccer-rating.com/Bohemians-Dublin-W/w15600/
Treaty United W,http://www.soccer-rating.com/Treaty-United-W/w15602/
Shamrock Rovers W,http://www.soccer-rating.com/Shamrock-Rovers-W/w15603/
Sligo Rovers FC W,http://www.soccer-rating.com/Sligo-Rovers-FC-W/w15604/
Richmond Kickers,http://www.soccer-rating.com/Richmond-Kickers/w1568/
Pittsburgh Riverhounds,http://www.soccer-rating.com/Pittsburgh-Riverhounds/w1569/
Charleston Battery,http://www.soccer-rating.com/Charleston-Battery/w1570/
HJK Helsinki W,http://www.soccer-rating.com/HJK-Helsinki-W/w1572/
Peamount United W,http://www.soccer-rating.com/Peamount-United-W/w15739/
FC Honka W,http://www.soccer-rating.com/FC-Honka-W/w1575/
Ilves Tampere W,http://www.soccer-rating.com/Ilves-Tampere-W/w1576/
PK 35 Vantaa W,http://www.soccer-rating.com/PK-35-Vantaa-W/w1577/
CS Cerrito,http://www.soccer-rating.com/CS-Cerrito/w158/
Juan Pablo II,http://www.soccer-rating.com/Juan-Pablo-II/w15803/
Club Ada Jaen,http://www.soccer-rating.com/Club-Ada-Jaen/w15807/
River Plate Montevideo,http://www.soccer-rating.com/River-Plate-Montevideo/w159/
Reyady Abaseya,http://www.soccer-rating.com/Reyady-Abaseya/w15967/
Nacao Araquari SC,http://www.soccer-rating.com/Nacao-Araquari-SC/w15981/
Argentinos Juniors,http://www.soccer-rating.com/Argentinos-Juniors/w16/
Defensor Sporting,http://www.soccer-rating.com/Defensor-Sporting/w160/
Social Atletico Television,http://www.soccer-rating.com/Social-Atletico-Television/w16043/
Moreton City Excelsior FC,http://www.soccer-rating.com/Moreton-City-Excelsior-FC/w16046/
Club Atletico Pilar,http://www.soccer-rating.com/Club-Atletico-Pilar/w16057/
Deportivo Metalurgico,http://www.soccer-rating.com/Deportivo-Metalurgico/w16058/
Juventud de Bernal,http://www.soccer-rating.com/Juventud-de-Bernal/w16064/
Nautico Hacoaj,http://www.soccer-rating.com/Nautico-Hacoaj/w16067/
Estrella De Berisso,http://www.soccer-rating.com/Estrella-De-Berisso/w16068/
FC Ezeiza,http://www.soccer-rating.com/FC-Ezeiza/w16069/
San Luis FC W,http://www.soccer-rating.com/San-Luis-FC-W/w16077/
Union Deportivo Provincial Lobos,http://www.soccer-rating.com/Union-Deportivo-Provincial-Lobos/w16078/
Club Leones Del Norte,http://www.soccer-rating.com/Club-Leones-Del-Norte/w16082/
San Antonio FC,http://www.soccer-rating.com/San-Antonio-FC/w16083/
Defensores De Glew,http://www.soccer-rating.com/Defensores-De-Glew/w16087/
Spokane Velocity FC,http://www.soccer-rating.com/Spokane-Velocity-FC/w16090/
Bay FC W,http://www.soccer-rating.com/Bay-FC-W/w16093/
Belgrano de Zarate,http://www.soccer-rating.com/Belgrano-de-Zarate/w16095/
Tacuarembo FC,http://www.soccer-rating.com/Tacuarembo-FC/w161/
Huntsville City FC,http://www.soccer-rating.com/Huntsville-City-FC/w16106/
Austin FC II,http://www.soccer-rating.com/Austin-FC-II/w16109/
Guangxi Hengchen FC,http://www.soccer-rating.com/Guangxi-Hengchen-FC/w16112/
Rhode Island FC,http://www.soccer-rating.com/Rhode-Island-FC/w16114/
Shenzhen Juniors FC,http://www.soccer-rating.com/Shenzhen-Juniors-FC/w16115/
Shanghai Port II,http://www.soccer-rating.com/Shanghai-Port-II/w16118/
GALA FC,http://www.soccer-rating.com/GALA-FC/w16119/
Los Angeles FC II,http://www.soccer-rating.com/Los-Angeles-FC-II/w16120/
Crown Legacy FC,http://www.soccer-rating.com/Crown-Legacy-FC/w16121/
Miramar Misiones,http://www.soccer-rating.com/Miramar-Misiones/w1613/
United SC Kolkata,http://www.soccer-rating.com/United-SC-Kolkata/w16131/
Lanzhou Longyuan Athletic,http://www.soccer-rating.com/Lanzhou-Longyuan-Athletic/w16133/
UCV Moquegua,http://www.soccer-rating.com/UCV-Moquegua/w16134/
Dalian Kuncheng City,http://www.soccer-rating.com/Dalian-Kuncheng-City/w16135/
Guangdong GZ Power FC,http://www.soccer-rating.com/Guangdong-GZ-Power-FC/w16136/
Shandong Taishan II,http://www.soccer-rating.com/Shandong-Taishan-II/w16137/
Hangzhou Linping Wuyue,http://www.soccer-rating.com/Hangzhou-Linping-Wuyue/w16138/
Shaanxi Union FC,http://www.soccer-rating.com/Shaanxi-Union-FC/w16139/
Valeriodoce EC MG,http://www.soccer-rating.com/Valeriodoce-EC-MG/w16157/
Western United U21,http://www.soccer-rating.com/Western-United-U21/w16174/
Encarnacion FC,http://www.soccer-rating.com/Encarnacion-FC/w16175/
Coquimbo Unido W,http://www.soccer-rating.com/Coquimbo-Unido-W/w16185/
Universidad Catolica W,http://www.soccer-rating.com/Universidad-Catolica-W/w16194/
Montevideo Wanderers,http://www.soccer-rating.com/Montevideo-Wanderers/w162/
Ipswich FC,http://www.soccer-rating.com/Ipswich-FC/w16204/
12 de Junio de Villa Hayes,http://www.soccer-rating.com/12-de-Junio-de-Villa-Hayes/w16270/
FC Melbourne Srbija,http://www.soccer-rating.com/FC-Melbourne-Srbija/w16283/
Creck Sporting FC,http://www.soccer-rating.com/Creck-Sporting-FC/w16306/
Measures Club,http://www.soccer-rating.com/Measures-Club/w16309/
Suruchi Sangha,http://www.soccer-rating.com/Suruchi-Sangha/w16310/
Kalighat Sports Lovers,http://www.soccer-rating.com/Kalighat-Sports-Lovers/w16312/
Calcutta Police Club,http://www.soccer-rating.com/Calcutta-Police-Club/w16331/
MacArthur Rams,http://www.soccer-rating.com/MacArthur-Rams/w16368/
Rancho Santana FC,http://www.soccer-rating.com/Rancho-Santana-FC/w16371/
Caravaggio FC SC,http://www.soccer-rating.com/Caravaggio-FC-SC/w16380/
Guangdong Haiyin WFC W,http://www.soccer-rating.com/Guangdong-Haiyin-WFC-W/w16424/
Zhejiang Hangzhou W,http://www.soccer-rating.com/Zhejiang-Hangzhou-W/w16430/
Wuhan Jiangda W,http://www.soccer-rating.com/Wuhan-Jiangda-W/w16442/
Beijing WFC W,http://www.soccer-rating.com/Beijing-WFC-W/w16447/
Shanghai Shengli W,http://www.soccer-rating.com/Shanghai-Shengli-W/w16448/
Jiangsu Suning W,http://www.soccer-rating.com/Jiangsu-Suning-W/w16454/
Changchun Dazhong W,http://www.soccer-rating.com/Changchun-Dazhong-W/w16455/
Vilankulo FC,http://www.soccer-rating.com/Vilankulo-FC/w16498/
Black Bulls FC,http://www.soccer-rating.com/Black-Bulls-FC/w16637/
Sol de America,http://www.soccer-rating.com/Sol-de-America/w167/
San Diego FC,http://www.soccer-rating.com/San-Diego-FC/w16874/
Jeonbuk Hyundai Motors II,http://www.soccer-rating.com/Jeonbuk-Hyundai-Motors-II/w16879/
Shao Jiang SA,http://www.soccer-rating.com/Shao-Jiang-SA/w16888/
Westchester SC,http://www.soccer-rating.com/Westchester-SC/w16891/
Liaoning Shenbei Hefeng W,http://www.soccer-rating.com/Liaoning-Shenbei-Hefeng-W/w16895/
Waterford FC W,http://www.soccer-rating.com/Waterford-FC-W/w16917/
AV Alta FC,http://www.soccer-rating.com/AV-Alta-FC/w16920/
Guizhou Zhucheng Athletic,http://www.soccer-rating.com/Guizhou-Zhucheng-Athletic/w16935/
Guangdong Mingtu,http://www.soccer-rating.com/Guangdong-Mingtu/w16940/
Changchun Xidu,http://www.soccer-rating.com/Changchun-Xidu/w16942/
Guangzhou Dandelion Alpha FC,http://www.soccer-rating.com/Guangzhou-Dandelion-Alpha-FC/w16958/
Portland Hearts of Pine,http://www.soccer-rating.com/Portland-Hearts-of-Pine/w16973/
Chengdu Rongcheng II,http://www.soccer-rating.com/Chengdu-Rongcheng-II/w16990/
Independiente Santa Fe,http://www.soccer-rating.com/Independiente-Santa-Fe/w170/
FC Cajamarca,http://www.soccer-rating.com/FC-Cajamarca/w17004/
Ekhaya FC,http://www.soccer-rating.com/Ekhaya-FC/w17009/
Bentin Tacna Heroica,http://www.soccer-rating.com/Bentin-Tacna-Heroica/w17010/
Shanghai Segenda,http://www.soccer-rating.com/Shanghai-Segenda/w17030/
Grindavik Njardvik W,http://www.soccer-rating.com/Grindavik-Njardvik-W/w17048/
SSA FC BA,http://www.soccer-rating.com/SSA-FC-BA/w17050/
Western City Rangers,http://www.soccer-rating.com/Western-City-Rangers/w17054/
Uberaba SC MG,http://www.soccer-rating.com/Uberaba-SC-MG/w17059/
Ferroviario de Lichinga,http://www.soccer-rating.com/Ferroviario-de-Lichinga/w17072/
Blumenau EC SC,http://www.soccer-rating.com/Blumenau-EC-SC/w17105/
Fluminense FC de Joinville SC,http://www.soccer-rating.com/Fluminense-FC-de-Joinville-SC/w17110/
Club Deportivo Cuenca Juniors,http://www.soccer-rating.com/Club-Deportivo-Cuenca-Juniors/w17130/
IF Gnistan W,http://www.soccer-rating.com/IF-Gnistan-W/w17136/
KTP Kotka W,http://www.soccer-rating.com/KTP-Kotka-W/w17203/
EBK W,http://www.soccer-rating.com/EBK-W/w17282/
Jwaaya FC,http://www.soccer-rating.com/Jwaaya-FC/w17359/
Osasco Sporting SP,http://www.soccer-rating.com/Osasco-Sporting-SP/w17560/
EC Vitoria Salvador BA W,http://www.soccer-rating.com/EC-Vitoria-Salvador-BA-W/w17639/
Robina City,http://www.soccer-rating.com/Robina-City/w17656/
Leones de Rosario FC,http://www.soccer-rating.com/Leones-de-Rosario-FC/w17668/
Sporting Jax,http://www.soccer-rating.com/Sporting-Jax/w17676/
Fort Wayne FC,http://www.soccer-rating.com/Fort-Wayne-FC/w17677/
Brooklyn FC,http://www.soccer-rating.com/Brooklyn-FC/w17679/
Artilheiros,http://www.soccer-rating.com/Artilheiros/w17682/
Connecticut FC,http://www.soccer-rating.com/Connecticut-FC/w17683/
Boston Legacy W,http://www.soccer-rating.com/Boston-Legacy-W/w17694/
Denver Summit FC W,http://www.soccer-rating.com/Denver-Summit-FC-W/w17695/
Corpus Christi FC,http://www.soccer-rating.com/Corpus-Christi-FC/w17696/
Huracan FC URU,http://www.soccer-rating.com/Huracan-FC-URU/w17701/
CA Union de Santa Fe W,http://www.soccer-rating.com/CA-Union-de-Santa-Fe-W/w17703/
Atletico Rojiblanco,http://www.soccer-rating.com/Atletico-Rojiblanco/w17706/
AC Boise,http://www.soccer-rating.com/AC-Boise/w17716/
Dalian Kewei,http://www.soccer-rating.com/Dalian-Kewei/w17734/
Xiamen Feilu,http://www.soccer-rating.com/Xiamen-Feilu/w17735/
Paraguari AC,http://www.soccer-rating.com/Paraguari-AC/w17737/
FC Supra du Quebec,http://www.soccer-rating.com/FC-Supra-du-Quebec/w17741/
Dalian Yingbo II,http://www.soccer-rating.com/Dalian-Yingbo-II/w17743/
Sport Huancayo II,http://www.soccer-rating.com/Sport-Huancayo-II/w17764/
Union Minas,http://www.soccer-rating.com/Union-Minas/w17785/
Sichuan WFC W,http://www.soccer-rating.com/Sichuan-WFC-W/w17792/
Masters FC,http://www.soccer-rating.com/Masters-FC/w17796/
CD Maxaquene,http://www.soccer-rating.com/CD-Maxaquene/w17799/
FC Lahti W,http://www.soccer-rating.com/FC-Lahti-W/w17800/
Guangxi Pingguo W,http://www.soccer-rating.com/Guangxi-Pingguo-W/w17804/
Mitundu Baptist,http://www.soccer-rating.com/Mitundu-Baptist/w17810/
Thimphu FC,http://www.soccer-rating.com/Thimphu-FC/w17824/
Feira FC BA,http://www.soccer-rating.com/Feira-FC-BA/w17849/
Barreiras FC BA,http://www.soccer-rating.com/Barreiras-FC-BA/w17856/
3 de Noviembre Asuncion,http://www.soccer-rating.com/3-de-Noviembre-Asuncion/w17857/
Buenos Aires City,http://www.soccer-rating.com/Buenos-Aires-City/w17862/
Alumni Los Hornos,http://www.soccer-rating.com/Alumni-Los-Hornos/w17866/
Western Knights SC,http://www.soccer-rating.com/Western-Knights-SC/w17869/
Shandong Ticai Huangming W,http://www.soccer-rating.com/Shandong-Ticai-Huangming-W/w17870/
Wuhan Three Towns B,http://www.soccer-rating.com/Wuhan-Three-Towns-B/w17871/
Namyangju FC,http://www.soccer-rating.com/Namyangju-FC/w17878/
Shaanxi WFC W,http://www.soccer-rating.com/Shaanxi-WFC-W/w17880/
Paju Frontier FC,http://www.soccer-rating.com/Paju-Frontier-FC/w17881/
Baalo Sarr,http://www.soccer-rating.com/Baalo-Sarr/w17885/
TP Ho Chi Minh City II W,http://www.soccer-rating.com/TP-Ho-Chi-Minh-City-II-W/w17886/
Deportivo Santa Monica Alto Parana,http://www.soccer-rating.com/Deportivo-Santa-Monica-Alto-Parana/w17887/
Marlin Coast Rangers FC,http://www.soccer-rating.com/Marlin-Coast-Rangers-FC/w17888/
Club 4 de Mayo,http://www.soccer-rating.com/Club-4-de-Mayo/w17889/
15 de Agosto de Santiago de Misiones,http://www.soccer-rating.com/15-de-Agosto-de-Santiago-de-Misiones/w17890/
San Marcos FC NIC,http://www.soccer-rating.com/San-Marcos-FC-NIC/w17891/
Jiangxi Dingnan United,http://www.soccer-rating.com/Jiangxi-Dingnan-United/w17892/
TP Ho Chi Minh City W,http://www.soccer-rating.com/TP-Ho-Chi-Minh-City-W/w17893/
Bidhannagar MSA,http://www.soccer-rating.com/Bidhannagar-MSA/w17894/
Nacional Potosi,http://www.soccer-rating.com/Nacional-Potosi/w1812/
Atletico Linense,http://www.soccer-rating.com/Atletico-Linense/w1814/
Sao Bernardo FC,http://www.soccer-rating.com/Sao-Bernardo-FC/w1815/
Noroeste Bauru,http://www.soccer-rating.com/Noroeste-Bauru/w1817/
Caracas FC,http://www.soccer-rating.com/Caracas-FC/w182/
Nova Iguacu,http://www.soccer-rating.com/Nova-Iguacu/w1820/
General Caballero,http://www.soccer-rating.com/General-Caballero/w1828/
Independiente FBC,http://www.soccer-rating.com/Independiente-FBC/w1829/
EC Sao Jose,http://www.soccer-rating.com/EC-Sao-Jose/w1896/
EC Sao Luiz,http://www.soccer-rating.com/EC-Sao-Luiz/w1898/
Independiente Medellin,http://www.soccer-rating.com/Independiente-Medellin/w192/
Botafogo FC PB,http://www.soccer-rating.com/Botafogo-FC-PB/w1933/
Treze FC,http://www.soccer-rating.com/Treze-FC/w1945/
St Albans Saints,http://www.soccer-rating.com/St-Albans-Saints/w1950/
Brusque SC,http://www.soccer-rating.com/Brusque-SC/w1960/
Trem AP,http://www.soccer-rating.com/Trem-AP/w1962/
Cuiaba,http://www.soccer-rating.com/Cuiaba/w1968/
Godoy Cruz,http://www.soccer-rating.com/Godoy-Cruz/w2/
Buxoro FK,http://www.soccer-rating.com/Buxoro-FK/w2017/
Sogdiana Jizak,http://www.soccer-rating.com/Sogdiana-Jizak/w2018/
Gimcheon Sangmu FC,http://www.soccer-rating.com/Gimcheon-Sangmu-FC/w2019/
Adelaide Blue Eagles,http://www.soccer-rating.com/Adelaide-Blue-Eagles/w2142/
MetroStars,http://www.soccer-rating.com/MetroStars/w2143/
Campbelltown City,http://www.soccer-rating.com/Campbelltown-City/w2144/
West Torrens Birkalla,http://www.soccer-rating.com/West-Torrens-Birkalla/w2145/
Croydon Kings,http://www.soccer-rating.com/Croydon-Kings/w2146/
Para Hills Knights,http://www.soccer-rating.com/Para-Hills-Knights/w2147/
Adelaide Raiders,http://www.soccer-rating.com/Adelaide-Raiders/w2149/
Adelaide City,http://www.soccer-rating.com/Adelaide-City/w2150/
Modbury Jets,http://www.soccer-rating.com/Modbury-Jets/w2151/
Changwon FC,http://www.soccer-rating.com/Changwon-FC/w2196/
FC Anyang,http://www.soccer-rating.com/FC-Anyang/w2197/
Gold Coast United,http://www.soccer-rating.com/Gold-Coast-United/w22/
Mokpo City,http://www.soccer-rating.com/Mokpo-City/w2205/
Gimhae City,http://www.soccer-rating.com/Gimhae-City/w2206/
Cheonan City,http://www.soccer-rating.com/Cheonan-City/w2212/
Chungnam Asan,http://www.soccer-rating.com/Chungnam-Asan/w2213/
Yongin FC,http://www.soccer-rating.com/Yongin-FC/w2215/
Gangneung City,http://www.soccer-rating.com/Gangneung-City/w2216/
Jeonbuk Motors,http://www.soccer-rating.com/Jeonbuk-Motors/w224/
Suwon FC,http://www.soccer-rating.com/Suwon-FC/w2285/
Rosario Central,http://www.soccer-rating.com/Rosario-Central/w229/
Real Esteli FC,http://www.soccer-rating.com/Real-Esteli-FC/w2291/
CA Huracan,http://www.soccer-rating.com/CA-Huracan/w230/
Busan Kyotong,http://www.soccer-rating.com/Busan-Kyotong/w2302/
Atletico Tucuman,http://www.soccer-rating.com/Atletico-Tucuman/w231/
Club Atletico Atlanta,http://www.soccer-rating.com/Club-Atletico-Atlanta/w2316/
CA Independiente,http://www.soccer-rating.com/CA-Independiente/w232/
CA Rentistas,http://www.soccer-rating.com/CA-Rentistas/w2352/
Talleres Cordoba,http://www.soccer-rating.com/Talleres-Cordoba/w2432/
CA Excursionistas,http://www.soccer-rating.com/CA-Excursionistas/w2435/
Central Norte de Salta,http://www.soccer-rating.com/Central-Norte-de-Salta/w2436/
Central Cordoba,http://www.soccer-rating.com/Central-Cordoba/w2454/
Deportivo Riestra,http://www.soccer-rating.com/Deportivo-Riestra/w2458/
Defensores de Belgrano,http://www.soccer-rating.com/Defensores-de-Belgrano/w2461/
San Martin de Tucuman,http://www.soccer-rating.com/San-Martin-de-Tucuman/w255/
Comercial FC,http://www.soccer-rating.com/Comercial-FC/w2570/
Bonsucesso FC,http://www.soccer-rating.com/Bonsucesso-FC/w2572/
Deportivo Carapegua,http://www.soccer-rating.com/Deportivo-Carapegua/w2606/
Tecnico Universitario Ambato,http://www.soccer-rating.com/Tecnico-Universitario-Ambato/w2608/
Barracas Central,http://www.soccer-rating.com/Barracas-Central/w2614/
Queensland Lions,http://www.soccer-rating.com/Queensland-Lions/w2625/
North Star,http://www.soccer-rating.com/North-Star/w2626/
Cusco FC,http://www.soccer-rating.com/Cusco-FC/w2627/
General Lamadrid,http://www.soccer-rating.com/General-Lamadrid/w2631/
Operario Ferroviario EC,http://www.soccer-rating.com/Operario-Ferroviario-EC/w2641/
Clube Do Remo,http://www.soccer-rating.com/Clube-Do-Remo/w2645/
Nacional AM,http://www.soccer-rating.com/Nacional-AM/w2702/
Club Atletico Sarmiento,http://www.soccer-rating.com/Club-Atletico-Sarmiento/w2708/
Adelaide Comets,http://www.soccer-rating.com/Adelaide-Comets/w2728/
BIT Beijing,http://www.soccer-rating.com/BIT-Beijing/w2733/
Yanbian Longding,http://www.soccer-rating.com/Yanbian-Longding/w2739/
Shanghai Port,http://www.soccer-rating.com/Shanghai-Port/w2744/
Blacktown Spartans,http://www.soccer-rating.com/Blacktown-Spartans/w2748/
Glenorchy Knights,http://www.soccer-rating.com/Glenorchy-Knights/w2824/
Launceston United,http://www.soccer-rating.com/Launceston-United/w2826/
Launceston City,http://www.soccer-rating.com/Launceston-City/w2827/
Riverside Olympic,http://www.soccer-rating.com/Riverside-Olympic/w2829/
Devonport City Strikers,http://www.soccer-rating.com/Devonport-City-Strikers/w2830/
Kingborough Lions,http://www.soccer-rating.com/Kingborough-Lions/w2837/
South Hobart,http://www.soccer-rating.com/South-Hobart/w2838/
Ulverstone,http://www.soccer-rating.com/Ulverstone/w2857/
Nueva Chicago,http://www.soccer-rating.com/Nueva-Chicago/w2885/
Suwon FC W,http://www.soccer-rating.com/Suwon-FC-W/w2894/
Boeun Sangmu WFC W,http://www.soccer-rating.com/Boeun-Sangmu-WFC-W/w2898/
Seoul City W,http://www.soccer-rating.com/Seoul-City-W/w2899/
Incheon Redangels W,http://www.soccer-rating.com/Incheon-Redangels-W/w2900/
Sejong Sportstoto WFC W,http://www.soccer-rating.com/Sejong-Sportstoto-WFC-W/w2902/
Hwacheon KSPO W,http://www.soccer-rating.com/Hwacheon-KSPO-W/w2903/
Valur Reykjavik W,http://www.soccer-rating.com/Valur-Reykjavik-W/w2918/
IBV Vestmannaeyjar W,http://www.soccer-rating.com/IBV-Vestmannaeyjar-W/w2919/
FH Hafnarfjordur W,http://www.soccer-rating.com/FH-Hafnarfjordur-W/w2920/
Breidablik Kopavogur W,http://www.soccer-rating.com/Breidablik-Kopavogur-W/w2923/
Stjarnan Gardabaer W,http://www.soccer-rating.com/Stjarnan-Gardabaer-W/w2924/
Thor Akureyri W,http://www.soccer-rating.com/Thor-Akureyri-W/w2925/
River Plate,http://www.soccer-rating.com/River-Plate/w3/
Juventud Las Piedras,http://www.soccer-rating.com/Juventud-Las-Piedras/w3049/
CA Progreso Montevideo,http://www.soccer-rating.com/CA-Progreso-Montevideo/w3050/
Atlante UTN,http://www.soccer-rating.com/Atlante-UTN/w314/
Club Almagro,http://www.soccer-rating.com/Club-Almagro/w3142/
Tigres,http://www.soccer-rating.com/Tigres/w316/
Central Coast Mariners U21,http://www.soccer-rating.com/Central-Coast-Mariners-U21/w3163/
Newcastle Jets U23,http://www.soccer-rating.com/Newcastle-Jets-U23/w3164/
Western Sydney Wanderers U21,http://www.soccer-rating.com/Western-Sydney-Wanderers-U21/w3165/
Melbourne City U21,http://www.soccer-rating.com/Melbourne-City-U21/w3166/
Adelaide United U21,http://www.soccer-rating.com/Adelaide-United-U21/w3168/
Sydney FC U21,http://www.soccer-rating.com/Sydney-FC-U21/w3170/
Brisbane Roar U23,http://www.soccer-rating.com/Brisbane-Roar-U23/w3172/
Melbourne Victory U21,http://www.soccer-rating.com/Melbourne-Victory-U21/w3173/
CA Ferrocarril Midland,http://www.soccer-rating.com/CA-Ferrocarril-Midland/w3193/
CA San Telmo,http://www.soccer-rating.com/CA-San-Telmo/w3197/
CA San Miguel,http://www.soccer-rating.com/CA-San-Miguel/w3198/
Defensores Unidos,http://www.soccer-rating.com/Defensores-Unidos/w3226/
Universidad Catolica,http://www.soccer-rating.com/Universidad-Catolica/w3280/
Londrina PR,http://www.soccer-rating.com/Londrina-PR/w3287/
GE Juventus Jaragua do Sul,http://www.soccer-rating.com/GE-Juventus-Jaragua-do-Sul/w3291/
CA Metropolitano,http://www.soccer-rating.com/CA-Metropolitano/w3293/
Cianorte FC,http://www.soccer-rating.com/Cianorte-FC/w3297/
UTC Cajamarca,http://www.soccer-rating.com/UTC-Cajamarca/w3353/
Deportivo Capiata,http://www.soccer-rating.com/Deportivo-Capiata/w3356/
CA Brown de Adrogue,http://www.soccer-rating.com/CA-Brown-de-Adrogue/w3374/
CA Estudiantes Caseros,http://www.soccer-rating.com/CA-Estudiantes-Caseros/w3388/
Queretaro FC,http://www.soccer-rating.com/Queretaro-FC/w341/
Logan Lightning,http://www.soccer-rating.com/Logan-Lightning/w3417/
Guadalajara Chivas,http://www.soccer-rating.com/Guadalajara-Chivas/w342/
White City FK Beograd,http://www.soccer-rating.com/White-City-FK-Beograd/w3420/
Adelaide Cobras,http://www.soccer-rating.com/Adelaide-Cobras/w3421/
Cumberland United,http://www.soccer-rating.com/Cumberland-United/w3422/
Pachuca,http://www.soccer-rating.com/Pachuca/w343/
Brisbane Strikers,http://www.soccer-rating.com/Brisbane-Strikers/w3439/
UNAM Pumas,http://www.soccer-rating.com/UNAM-Pumas/w344/
Club Deportivo Armenio,http://www.soccer-rating.com/Club-Deportivo-Armenio/w3442/
Sunshine Coast FC,http://www.soccer-rating.com/Sunshine-Coast-FC/w3448/
Atlas,http://www.soccer-rating.com/Atlas/w345/
Bucheon FC 1995,http://www.soccer-rating.com/Bucheon-FC-1995/w3452/
Uai Urquiza,http://www.soccer-rating.com/Uai-Urquiza/w3460/
AO de Itabaiana,http://www.soccer-rating.com/AO-de-Itabaiana/w3474/
Port Melbourne Sharks,http://www.soccer-rating.com/Port-Melbourne-Sharks/w3485/
AD Confianca Aracaju,http://www.soccer-rating.com/AD-Confianca-Aracaju/w3492/
CS Alagoano,http://www.soccer-rating.com/CS-Alagoano/w3500/
Club Tristan Suarez,http://www.soccer-rating.com/Club-Tristan-Suarez/w3520/
Vikingur Reykjavik W,http://www.soccer-rating.com/Vikingur-Reykjavik-W/w3533/
Deportivo Moron,http://www.soccer-rating.com/Deportivo-Moron/w3541/
Throttur Reykjavik W,http://www.soccer-rating.com/Throttur-Reykjavik-W/w3542/
New York Red Bulls II,http://www.soccer-rating.com/New-York-Red-Bulls-II/w3559/
Chicago Fire II,http://www.soccer-rating.com/Chicago-Fire-II/w3571/
Orlando City,http://www.soccer-rating.com/Orlando-City/w3572/
Vila Nova GO,http://www.soccer-rating.com/Vila-Nova-GO/w36/
Villa San Carlos,http://www.soccer-rating.com/Villa-San-Carlos/w3606/
New York Cosmos,http://www.soccer-rating.com/New-York-Cosmos/w3607/
Tacoma Defiance,http://www.soccer-rating.com/Tacoma-Defiance/w3621/
Club Atletico Colegiales,http://www.soccer-rating.com/Club-Atletico-Colegiales/w3695/
CA Acassuso,http://www.soccer-rating.com/CA-Acassuso/w3699/
Ceara Sporting Club,http://www.soccer-rating.com/Ceara-Sporting-Club/w37/
CA Fenix Pilar,http://www.soccer-rating.com/CA-Fenix-Pilar/w3700/
Club Atletico Los Andes,http://www.soccer-rating.com/Club-Atletico-Los-Andes/w3701/
Villa Dalmine,http://www.soccer-rating.com/Villa-Dalmine/w3703/
Club Atletico Temperley,http://www.soccer-rating.com/Club-Atletico-Temperley/w3704/
CSD Flandria,http://www.soccer-rating.com/CSD-Flandria/w3705/
Guarani de Palhoca,http://www.soccer-rating.com/Guarani-de-Palhoca/w3737/
America RN,http://www.soccer-rating.com/America-RN/w38/
Mushuc Runa,http://www.soccer-rating.com/Mushuc-Runa/w3808/
Ferroviario AC Fortaleza,http://www.soccer-rating.com/Ferroviario-AC-Fortaleza/w3848/
West Adelaide,http://www.soccer-rating.com/West-Adelaide/w3852/
South Adelaide Panthers,http://www.soccer-rating.com/South-Adelaide-Panthers/w3853/
St George Saints,http://www.soccer-rating.com/St-George-Saints/w3894/
Sacramento Republic FC,http://www.soccer-rating.com/Sacramento-Republic-FC/w3923/
Indy Eleven,http://www.soccer-rating.com/Indy-Eleven/w3948/
Phoenix Rising FC,http://www.soccer-rating.com/Phoenix-Rising-FC/w3950/
Seattle Reign W,http://www.soccer-rating.com/Seattle-Reign-W/w3951/
Washington Spirit W,http://www.soccer-rating.com/Washington-Spirit-W/w3953/
FC Kansas City W,http://www.soccer-rating.com/FC-Kansas-City-W/w3962/
Chicago Red Stars W,http://www.soccer-rating.com/Chicago-Red-Stars-W/w3963/
Gotham FC W,http://www.soccer-rating.com/Gotham-FC-W/w3964/
Portland Thorns FC W,http://www.soccer-rating.com/Portland-Thorns-FC-W/w3965/
Houston Dash W,http://www.soccer-rating.com/Houston-Dash-W/w3966/
Colorado Rapids II,http://www.soccer-rating.com/Colorado-Rapids-II/w3974/
Pocheon FC,http://www.soccer-rating.com/Pocheon-FC/w3981/
Broadmeadow Magic,http://www.soccer-rating.com/Broadmeadow-Magic/w3992/
Lambton Jaffas,http://www.soccer-rating.com/Lambton-Jaffas/w3994/
Newcastle Olympic FC,http://www.soccer-rating.com/Newcastle-Olympic-FC/w3997/
Charlestown Azzurri,http://www.soccer-rating.com/Charlestown-Azzurri/w3998/
Weston Workers,http://www.soccer-rating.com/Weston-Workers/w3999/
Estudiantes La Plata,http://www.soccer-rating.com/Estudiantes-La-Plata/w4/
EC Juventude,http://www.soccer-rating.com/EC-Juventude/w40/
Edgeworth Eagles,http://www.soccer-rating.com/Edgeworth-Eagles/w4000/
Fram Reykjavik W,http://www.soccer-rating.com/Fram-Reykjavik-W/w4004/
Meizhou Hakka,http://www.soccer-rating.com/Meizhou-Hakka/w4017/
Suzhou Dongwu,http://www.soccer-rating.com/Suzhou-Dongwu/w4021/
Deportivo Espanol,http://www.soccer-rating.com/Deportivo-Espanol/w4055/
Hakoah Sydney City East,http://www.soccer-rating.com/Hakoah-Sydney-City-East/w4083/
Vasco da Gama,http://www.soccer-rating.com/Vasco-da-Gama/w42/
CA Claypole,http://www.soccer-rating.com/CA-Claypole/w4225/
CA Platense,http://www.soccer-rating.com/CA-Platense/w43/
Guayaquil City,http://www.soccer-rating.com/Guayaquil-City/w4338/
SD Aucas,http://www.soccer-rating.com/SD-Aucas/w4339/
EC Mamore,http://www.soccer-rating.com/EC-Mamore/w4341/
Canuelas Futbol Club,http://www.soccer-rating.com/Canuelas-Futbol-Club/w4371/
Sportivo Dock Sud,http://www.soccer-rating.com/Sportivo-Dock-Sud/w4372/
CA Victoriano Arenas,http://www.soccer-rating.com/CA-Victoriano-Arenas/w4374/
Gimnasia Mendoza,http://www.soccer-rating.com/Gimnasia-Mendoza/w4386/
Novorizontino,http://www.soccer-rating.com/Novorizontino/w4389/
Avondale Heights,http://www.soccer-rating.com/Avondale-Heights/w4399/
CA Aldosivi,http://www.soccer-rating.com/CA-Aldosivi/w44/
North Geelong Warriors,http://www.soccer-rating.com/North-Geelong-Warriors/w4400/
New York City FC,http://www.soccer-rating.com/New-York-City-FC/w4435/
Bulleen Lions,http://www.soccer-rating.com/Bulleen-Lions/w4451/
Eltham Redbacks,http://www.soccer-rating.com/Eltham-Redbacks/w4455/
Deportivo Liniers,http://www.soccer-rating.com/Deportivo-Liniers/w4469/
Defensores de Cambaceres,http://www.soccer-rating.com/Defensores-de-Cambaceres/w4470/
Seoul E Land FC,http://www.soccer-rating.com/Seoul-E-Land-FC/w4478/
Portland Timbers II,http://www.soccer-rating.com/Portland-Timbers-II/w4479/
Real Potosi,http://www.soccer-rating.com/Real-Potosi/w448/
JJ Urquiza,http://www.soccer-rating.com/JJ-Urquiza/w4480/
Jiangxi Lushan,http://www.soccer-rating.com/Jiangxi-Lushan/w4486/
The Cove FC,http://www.soccer-rating.com/The-Cove-FC/w4489/
Eastern United,http://www.soccer-rating.com/Eastern-United/w4490/
Louisville City FC,http://www.soccer-rating.com/Louisville-City-FC/w4495/
FC Tulsa,http://www.soccer-rating.com/FC-Tulsa/w4496/
Real Monarchs SLC,http://www.soccer-rating.com/Real-Monarchs-SLC/w4506/
Nantong Zhiyun,http://www.soccer-rating.com/Nantong-Zhiyun/w4508/
Langwarrin SC,http://www.soccer-rating.com/Langwarrin-SC/w4522/
Salisbury United,http://www.soccer-rating.com/Salisbury-United/w4526/
VIFK Vasa W,http://www.soccer-rating.com/VIFK-Vasa-W/w4529/
Fremantle City FC,http://www.soccer-rating.com/Fremantle-City-FC/w4535/
Maitland FC,http://www.soccer-rating.com/Maitland-FC/w4538/
Hwaseong FC,http://www.soccer-rating.com/Hwaseong-FC/w4559/
Gimpo FC,http://www.soccer-rating.com/Gimpo-FC/w4560/
Sturt Lions,http://www.soccer-rating.com/Sturt-Lions/w4562/
Chattanooga FC,http://www.soccer-rating.com/Chattanooga-FC/w4574/
Charlotte Independence,http://www.soccer-rating.com/Charlotte-Independence/w4579/
Atletico Rafaela,http://www.soccer-rating.com/Atletico-Rafaela/w46/
FC Juarez,http://www.soccer-rating.com/FC-Juarez/w4644/
UCV FC,http://www.soccer-rating.com/UCV-FC/w4671/
CSD Defensa y Justicia,http://www.soccer-rating.com/CSD-Defensa-y-Justicia/w47/
Plaza Colonia,http://www.soccer-rating.com/Plaza-Colonia/w4708/
CS Walter Ferreti,http://www.soccer-rating.com/CS-Walter-Ferreti/w4722/
Managua FC,http://www.soccer-rating.com/Managua-FC/w4729/
Olympique Dcheira,http://www.soccer-rating.com/Olympique-Dcheira/w4740/
Diriangen,http://www.soccer-rating.com/Diriangen/w4749/
Adelaide Olympic,http://www.soccer-rating.com/Adelaide-Olympic/w4754/
Ansan Greeners,http://www.soccer-rating.com/Ansan-Greeners/w4764/
UNAN Managua,http://www.soccer-rating.com/UNAN-Managua/w4767/
Municipal Jalapa,http://www.soccer-rating.com/Municipal-Jalapa/w4777/
Instituto AC Cordoba,http://www.soccer-rating.com/Instituto-AC-Cordoba/w48/
CA Belgrano,http://www.soccer-rating.com/CA-Belgrano/w49/
Fluminense de Feira,http://www.soccer-rating.com/Fluminense-de-Feira/w4903/
Delfin SC,http://www.soccer-rating.com/Delfin-SC/w4908/
CA Juventus Sao Paulo,http://www.soccer-rating.com/CA-Juventus-Sao-Paulo/w4912/
Talleres Remedios,http://www.soccer-rating.com/Talleres-Remedios/w4913/
Comerciantes Unidos,http://www.soccer-rating.com/Comerciantes-Unidos/w4916/
Alajuelense,http://www.soccer-rating.com/Alajuelense/w492/
Gimnasia y Tiro,http://www.soccer-rating.com/Gimnasia-y-Tiro/w4923/
CS Herediano,http://www.soccer-rating.com/CS-Herediano/w495/
Holland Park Hawks,http://www.soccer-rating.com/Holland-Park-Hawks/w4955/
Deportivo Saprissa,http://www.soccer-rating.com/Deportivo-Saprissa/w497/
San Lorenzo,http://www.soccer-rating.com/San-Lorenzo/w5/
CSyD Merlo,http://www.soccer-rating.com/CSyD-Merlo/w50/
Orlando City II,http://www.soccer-rating.com/Orlando-City-II/w5007/
FC Cincinnati,http://www.soccer-rating.com/FC-Cincinnati/w5008/
Sporting Kansas City II,http://www.soccer-rating.com/Sporting-Kansas-City-II/w5010/
Philadelphia Union II,http://www.soccer-rating.com/Philadelphia-Union-II/w5024/
San Antonio FC,http://www.soccer-rating.com/San-Antonio-FC/w5025/
Chengdu Rongcheng,http://www.soccer-rating.com/Chengdu-Rongcheng/w5041/
Orlando Pride W,http://www.soccer-rating.com/Orlando-Pride-W/w5048/
Club Ferro Carril Oeste,http://www.soccer-rating.com/Club-Ferro-Carril-Oeste/w51/
Ningbo Professional,http://www.soccer-rating.com/Ningbo-Professional/w5183/
Sportivo Barracas,http://www.soccer-rating.com/Sportivo-Barracas/w5188/
Quilmes AC,http://www.soccer-rating.com/Quilmes-AC/w52/
Deportivo Madryn,http://www.soccer-rating.com/Deportivo-Madryn/w5260/
Dandenong City,http://www.soccer-rating.com/Dandenong-City/w5276/
D Belgrano de Villa Ramallo,http://www.soccer-rating.com/D-Belgrano-de-Villa-Ramallo/w5288/
Gimnasia Jujuy,http://www.soccer-rating.com/Gimnasia-Jujuy/w53/
US Amal Tiznit,http://www.soccer-rating.com/US-Amal-Tiznit/w5322/
O Higgins,http://www.soccer-rating.com/O-Higgins/w536/
Club Atletico Guemes,http://www.soccer-rating.com/Club-Atletico-Guemes/w5372/
Al Ansar Beirut,http://www.soccer-rating.com/Al-Ansar-Beirut/w541/
Al Nejmeh Beirut,http://www.soccer-rating.com/Al-Nejmeh-Beirut/w542/
Deportivo Laferrere,http://www.soccer-rating.com/Deportivo-Laferrere/w5445/
CA Tubarao,http://www.soccer-rating.com/CA-Tubarao/w5456/
Racing Beirut,http://www.soccer-rating.com/Racing-Beirut/w546/
Club Sport Sebaco,http://www.soccer-rating.com/Club-Sport-Sebaco/w5486/
Cruz Azul,http://www.soccer-rating.com/Cruz-Azul/w55/
FK Kokand 1912,http://www.soccer-rating.com/FK-Kokand-1912/w5555/
Boston River,http://www.soccer-rating.com/Boston-River/w5556/
Puebla,http://www.soccer-rating.com/Puebla/w56/
LDU Portoviejo,http://www.soccer-rating.com/LDU-Portoviejo/w5606/
Bhawanipore FC,http://www.soccer-rating.com/Bhawanipore-FC/w5662/
George Telegraph,http://www.soccer-rating.com/George-Telegraph/w5663/
Aryan FC,http://www.soccer-rating.com/Aryan-FC/w5669/
Club Tijuana,http://www.soccer-rating.com/Club-Tijuana/w571/
Leon,http://www.soccer-rating.com/Leon/w572/
All Boys,http://www.soccer-rating.com/All-Boys/w58/
Al Ahed Beirut,http://www.soccer-rating.com/Al-Ahed-Beirut/w584/
Club America,http://www.soccer-rating.com/Club-America/w59/
Portuguesa RJ,http://www.soccer-rating.com/Portuguesa-RJ/w5949/
Tanzania Prisons,http://www.soccer-rating.com/Tanzania-Prisons/w5976/
Boca Juniors,http://www.soccer-rating.com/Boca-Juniors/w6/
Monterrey,http://www.soccer-rating.com/Monterrey/w60/
JSM Massira,http://www.soccer-rating.com/JSM-Massira/w601/
Barcelona SC,http://www.soccer-rating.com/Barcelona-SC/w609/
Academia Cantolao,http://www.soccer-rating.com/Academia-Cantolao/w6099/
El Nacional Quito,http://www.soccer-rating.com/El-Nacional-Quito/w610/
Deportivo Camioneros,http://www.soccer-rating.com/Deportivo-Camioneros/w6107/
Independiente Jose Teran,http://www.soccer-rating.com/Independiente-Jose-Teran/w611/
Manta FC,http://www.soccer-rating.com/Manta-FC/w612/
Macara Ambato,http://www.soccer-rating.com/Macara-Ambato/w615/
Estudiantes Rio Cuarto,http://www.soccer-rating.com/Estudiantes-Rio-Cuarto/w6169/
Atlanta United,http://www.soccer-rating.com/Atlanta-United/w6293/
CA Chaco For Ever,http://www.soccer-rating.com/CA-Chaco-For-Ever/w6363/
Brunswick City,http://www.soccer-rating.com/Brunswick-City/w6386/
JyPk W,http://www.soccer-rating.com/JyPk-W/w6398/
Adelaide Atletico VSC,http://www.soccer-rating.com/Adelaide-Atletico-VSC/w6412/
Hubei Istar FC,http://www.soccer-rating.com/Hubei-Istar-FC/w6422/
Paulista Jundiai,http://www.soccer-rating.com/Paulista-Jundiai/w645/
CA Bragantino,http://www.soccer-rating.com/CA-Bragantino/w646/
Botafogo SP,http://www.soccer-rating.com/Botafogo-SP/w647/
Hurstville ZFC,http://www.soccer-rating.com/Hurstville-ZFC/w6478/
North Sunshine Eagles,http://www.soccer-rating.com/North-Sunshine-Eagles/w6480/
Preston Lions,http://www.soccer-rating.com/Preston-Lions/w6481/
Mirassol,http://www.soccer-rating.com/Mirassol/w649/
North Carolina Courage W,http://www.soccer-rating.com/North-Carolina-Courage-W/w6498/
Gyeongju HNP W,http://www.soccer-rating.com/Gyeongju-HNP-W/w6501/
Argentino de Merlo,http://www.soccer-rating.com/Argentino-de-Merlo/w6511/
San Martin de Burzaco,http://www.soccer-rating.com/San-Martin-de-Burzaco/w6512/
Argentino de Quilmes,http://www.soccer-rating.com/Argentino-de-Quilmes/w6513/
Yangpyeong FC,http://www.soccer-rating.com/Yangpyeong-FC/w6515/
Portuguesa Desportos,http://www.soccer-rating.com/Portuguesa-Desportos/w652/
Cheongju FC,http://www.soccer-rating.com/Cheongju-FC/w6522/
Dianella White Eagles SC,http://www.soccer-rating.com/Dianella-White-Eagles-SC/w6537/
Club Leandro N Alem,http://www.soccer-rating.com/Club-Leandro-N-Alem/w6625/
Dulwich Hill SC,http://www.soccer-rating.com/Dulwich-Hill-SC/w6627/
SD Raiders,http://www.soccer-rating.com/SD-Raiders/w6641/
Hills Brumbies,http://www.soccer-rating.com/Hills-Brumbies/w6648/
Police AC,http://www.soccer-rating.com/Police-AC/w6780/
CA Mitre de Santiago del Estero,http://www.soccer-rating.com/CA-Mitre-de-Santiago-del-Estero/w6786/
Calcutta Customs,http://www.soccer-rating.com/Calcutta-Customs/w6794/
Patha Chakra,http://www.soccer-rating.com/Patha-Chakra/w6796/
Bolivar,http://www.soccer-rating.com/Bolivar/w680/
Rainbow SC,http://www.soccer-rating.com/Rainbow-SC/w6800/
Kalighat MS,http://www.soccer-rating.com/Kalighat-MS/w6820/
Railways FC,http://www.soccer-rating.com/Railways-FC/w6877/
CA Ituzaingo,http://www.soccer-rating.com/CA-Ituzaingo/w6896/
Blooming,http://www.soccer-rating.com/Blooming/w690/
Necaxa,http://www.soccer-rating.com/Necaxa/w693/
CA Agropecuario,http://www.soccer-rating.com/CA-Agropecuario/w6945/
CA Tigre,http://www.soccer-rating.com/CA-Tigre/w7/
AD Iguatu,http://www.soccer-rating.com/AD-Iguatu/w7162/
Hercilio Luz Futebol Clube,http://www.soccer-rating.com/Hercilio-Luz-Futebol-Clube/w7185/
CA Patrocinense,http://www.soccer-rating.com/CA-Patrocinense/w7190/
Deportivo Maipu,http://www.soccer-rating.com/Deportivo-Maipu/w7198/
Racing de Cordoba,http://www.soccer-rating.com/Racing-de-Cordoba/w7223/
Deportivo Binacional,http://www.soccer-rating.com/Deportivo-Binacional/w7229/
Montevideo City,http://www.soccer-rating.com/Montevideo-City/w7232/
Los Angeles FC,http://www.soccer-rating.com/Los-Angeles-FC/w7376/
CDA Santo Domingo,http://www.soccer-rating.com/CDA-Santo-Domingo/w7415/
Orense SC,http://www.soccer-rating.com/Orense-SC/w7418/
Caboolture FC,http://www.soccer-rating.com/Caboolture-FC/w7435/
Sport Boys Association,http://www.soccer-rating.com/Sport-Boys-Association/w744/
Nashville SC,http://www.soccer-rating.com/Nashville-SC/w7456/
Shenzhen Peng City,http://www.soccer-rating.com/Shenzhen-Peng-City/w7461/
Atlanta United II,http://www.soccer-rating.com/Atlanta-United-II/w7483/
Utah Royals FC W,http://www.soccer-rating.com/Utah-Royals-FC-W/w7484/
Las Vegas Lights,http://www.soccer-rating.com/Las-Vegas-Lights/w7490/
Liaoning Tieren,http://www.soccer-rating.com/Liaoning-Tieren/w7492/
Canterbury Bankstown FC,http://www.soccer-rating.com/Canterbury-Bankstown-FC/w7540/
NWS Spirit FC,http://www.soccer-rating.com/NWS-Spirit-FC/w7541/
Cooks Hill United,http://www.soccer-rating.com/Cooks-Hill-United/w7551/
Kahibah FC,http://www.soccer-rating.com/Kahibah-FC/w7552/
Gangjin Swans W,http://www.soccer-rating.com/Gangjin-Swans-W/w7608/
Northern Tigers,http://www.soccer-rating.com/Northern-Tigers/w7621/
Detroit City FC,http://www.soccer-rating.com/Detroit-City-FC/w7658/
Changchun Yatai,http://www.soccer-rating.com/Changchun-Yatai/w768/
Union de Touarga,http://www.soccer-rating.com/Union-de-Touarga/w7681/
Bunyodkor Tashkent,http://www.soccer-rating.com/Bunyodkor-Tashkent/w771/
Beijing Guoan,http://www.soccer-rating.com/Beijing-Guoan/w773/
Gold Coast Knights,http://www.soccer-rating.com/Gold-Coast-Knights/w7741/
Shandong Taishan,http://www.soccer-rating.com/Shandong-Taishan/w788/
Suwon Bluewings,http://www.soccer-rating.com/Suwon-Bluewings/w789/
Henan Songshan Longmen,http://www.soccer-rating.com/Henan-Songshan-Longmen/w791/
Navad Urmia,http://www.soccer-rating.com/Navad-Urmia/w7919/
Pakhtakor Tashkent,http://www.soccer-rating.com/Pakhtakor-Tashkent/w795/
Velez Sarsfield,http://www.soccer-rating.com/Velez-Sarsfield/w8/
Madureira,http://www.soccer-rating.com/Madureira/w808/
Boavista RJ,http://www.soccer-rating.com/Boavista-RJ/w809/
Resende FC,http://www.soccer-rating.com/Resende-FC/w810/
Bangu AC,http://www.soccer-rating.com/Bangu-AC/w811/
CA Puerto Nuevo,http://www.soccer-rating.com/CA-Puerto-Nuevo/w8119/
Americano RJ,http://www.soccer-rating.com/Americano-RJ/w812/
Argentino Rosario,http://www.soccer-rating.com/Argentino-Rosario/w8120/
CSD Yupanqui,http://www.soccer-rating.com/CSD-Yupanqui/w8144/
CA Lugano,http://www.soccer-rating.com/CA-Lugano/w8153/
Real Pilar,http://www.soccer-rating.com/Real-Pilar/w8154/
Deportivo Muniz,http://www.soccer-rating.com/Deportivo-Muniz/w8155/
America RJ,http://www.soccer-rating.com/America-RJ/w818/
EC Primavera,http://www.soccer-rating.com/EC-Primavera/w8182/
Olaria AC,http://www.soccer-rating.com/Olaria-AC/w820/
Volta Redonda,http://www.soccer-rating.com/Volta-Redonda/w822/
Big Bullets,http://www.soccer-rating.com/Big-Bullets/w8258/
Toluca,http://www.soccer-rating.com/Toluca/w83/
Oriente Petrolero,http://www.soccer-rating.com/Oriente-Petrolero/w830/
Deportivo Guabira,http://www.soccer-rating.com/Deportivo-Guabira/w832/
The Strongest,http://www.soccer-rating.com/The-Strongest/w833/
Aurora Cochabamba,http://www.soccer-rating.com/Aurora-Cochabamba/w834/
Real San Luis,http://www.soccer-rating.com/Real-San-Luis/w84/
Gremio Prudente,http://www.soccer-rating.com/Gremio-Prudente/w840/
America MG,http://www.soccer-rating.com/America-MG/w843/
Boa MG,http://www.soccer-rating.com/Boa-MG/w844/
Columbus Crew,http://www.soccer-rating.com/Columbus-Crew/w847/
Athletico PR,http://www.soccer-rating.com/Athletico-PR/w85/
Jeju United,http://www.soccer-rating.com/Jeju-United/w852/
Club Always Ready,http://www.soccer-rating.com/Club-Always-Ready/w8523/
Daegu,http://www.soccer-rating.com/Daegu/w853/
Busan I Park,http://www.soccer-rating.com/Busan-I-Park/w855/
Daejeon Citizen,http://www.soccer-rating.com/Daejeon-Citizen/w856/
EC Sao Bernardo,http://www.soccer-rating.com/EC-Sao-Bernardo/w8563/
Gyeongnam,http://www.soccer-rating.com/Gyeongnam/w857/
Gangwon FC,http://www.soccer-rating.com/Gangwon-FC/w858/
FC Seoul,http://www.soccer-rating.com/FC-Seoul/w859/
Botafogo RJ,http://www.soccer-rating.com/Botafogo-RJ/w86/
Incheon United,http://www.soccer-rating.com/Incheon-United/w860/
Gwangju FC,http://www.soccer-rating.com/Gwangju-FC/w861/
Jeonnam Dragons,http://www.soccer-rating.com/Jeonnam-Dragons/w862/
Ulsan Hyundai,http://www.soccer-rating.com/Ulsan-Hyundai/w863/
Uberlandia EC,http://www.soccer-rating.com/Uberlandia-EC/w865/
Villa Nova MG,http://www.soccer-rating.com/Villa-Nova-MG/w867/
Avai SC,http://www.soccer-rating.com/Avai-SC/w87/
Carlos Mannucci,http://www.soccer-rating.com/Carlos-Mannucci/w8750/
Manningham United Blues,http://www.soccer-rating.com/Manningham-United-Blues/w8773/
Alianza Universidad,http://www.soccer-rating.com/Alianza-Universidad/w8774/
Santos FC,http://www.soccer-rating.com/Santos-FC/w88/
CD Independiente Juniors,http://www.soccer-rating.com/CD-Independiente-Juniors/w8869/
Wuhan Three Towns,http://www.soccer-rating.com/Wuhan-Three-Towns/w8870/
Corinthians,http://www.soccer-rating.com/Corinthians/w89/
El Paso Locomotive FC,http://www.soccer-rating.com/El-Paso-Locomotive-FC/w8928/
Hartford Athletic,http://www.soccer-rating.com/Hartford-Athletic/w8930/
New Mexico United,http://www.soccer-rating.com/New-Mexico-United/w8932/
Fulham United,http://www.soccer-rating.com/Fulham-United/w8973/
Loudoun United FC,http://www.soccer-rating.com/Loudoun-United-FC/w8976/
KuPs W,http://www.soccer-rating.com/KuPs-W/w8977/
Dynamo Samarkand,http://www.soccer-rating.com/Dynamo-Samarkand/w899/
St George City FA,http://www.soccer-rating.com/St-George-City-FA/w8999/
CA Banfield,http://www.soccer-rating.com/CA-Banfield/w9/
Flamengo,http://www.soccer-rating.com/Flamengo/w90/
Xorazm Urganch,http://www.soccer-rating.com/Xorazm-Urganch/w900/
Lokomotiv Tashkent,http://www.soccer-rating.com/Lokomotiv-Tashkent/w901/
Neftchi Fargona,http://www.soccer-rating.com/Neftchi-Fargona/w902/
Nasaf Qarshi,http://www.soccer-rating.com/Nasaf-Qarshi/w903/
Cheng Fung,http://www.soccer-rating.com/Cheng-Fung/w9045/
Navbahor Namangan,http://www.soccer-rating.com/Navbahor-Namangan/w905/
Mashal Muborak,http://www.soccer-rating.com/Mashal-Muborak/w906/
Playford City Patriots,http://www.soccer-rating.com/Playford-City-Patriots/w9066/
Qizilqum Zarafshon,http://www.soccer-rating.com/Qizilqum-Zarafshon/w907/
Belmont Swansea United,http://www.soccer-rating.com/Belmont-Swansea-United/w9073/
Forward Madison FC,http://www.soccer-rating.com/Forward-Madison-FC/w9077/
Greenville Triumph SC,http://www.soccer-rating.com/Greenville-Triumph-SC/w9085/
Termez Surkhon,http://www.soccer-rating.com/Termez-Surkhon/w9089/
Brisbane Olympic,http://www.soccer-rating.com/Brisbane-Olympic/w909/
Cruzeiro,http://www.soccer-rating.com/Cruzeiro/w91/
Wynnum Wolves,http://www.soccer-rating.com/Wynnum-Wolves/w910/
Olympic Kingsway,http://www.soccer-rating.com/Olympic-Kingsway/w9101/
APIA Leichhardt Tigers,http://www.soccer-rating.com/APIA-Leichhardt-Tigers/w911/
Hang Sai,http://www.soccer-rating.com/Hang-Sai/w9112/
Manly United FC,http://www.soccer-rating.com/Manly-United-FC/w912/
Bankstown City Lions,http://www.soccer-rating.com/Bankstown-City-Lions/w913/
Sydney Olympic,http://www.soccer-rating.com/Sydney-Olympic/w914/
Atletico Grau,http://www.soccer-rating.com/Atletico-Grau/w9140/
Santos FC Nasca,http://www.soccer-rating.com/Santos-FC-Nasca/w9149/
Blacktown City,http://www.soccer-rating.com/Blacktown-City/w915/
CD Los Chankas,http://www.soccer-rating.com/CD-Los-Chankas/w9151/
Rockdale Ilinden FC,http://www.soccer-rating.com/Rockdale-Ilinden-FC/w916/
Sydney United,http://www.soccer-rating.com/Sydney-United/w917/
Must IPO,http://www.soccer-rating.com/Must-IPO/w9173/
Melbourne Knights,http://www.soccer-rating.com/Melbourne-Knights/w919/
Coritiba,http://www.soccer-rating.com/Coritiba/w92/
Caroline Springs George Cross FC,http://www.soccer-rating.com/Caroline-Springs-George-Cross-FC/w920/
Capalaba Bulldogs,http://www.soccer-rating.com/Capalaba-Bulldogs/w922/
Heidelberg United,http://www.soccer-rating.com/Heidelberg-United/w923/
Hume City,http://www.soccer-rating.com/Hume-City/w924/
Forge FC,http://www.soccer-rating.com/Forge-FC/w9241/
FK Andijan,http://www.soccer-rating.com/FK-Andijan/w925/
FC AGMK,http://www.soccer-rating.com/FC-AGMK/w926/
CA Colegiales,http://www.soccer-rating.com/CA-Colegiales/w9277/
Guairena FC,http://www.soccer-rating.com/Guairena-FC/w9295/
Cristobal Colon,http://www.soccer-rating.com/Cristobal-Colon/w9296/
Fluminense,http://www.soccer-rating.com/Fluminense/w93/
CA Tembetary,http://www.soccer-rating.com/CA-Tembetary/w9301/
BSS Sporting Club,http://www.soccer-rating.com/BSS-Sporting-Club/w9361/
Club 1 de Marzo Fernando de la Mora,http://www.soccer-rating.com/Club-1-de-Marzo-Fernando-de-la-Mora/w9368/
EC Vitoria Salvador,http://www.soccer-rating.com/EC-Vitoria-Salvador/w94/
Oakleigh Cannons,http://www.soccer-rating.com/Oakleigh-Cannons/w942/
Dandenong Thunder,http://www.soccer-rating.com/Dandenong-Thunder/w943/
Polisi Tanzania FC,http://www.soccer-rating.com/Polisi-Tanzania-FC/w9457/
Sutherland Sharks,http://www.soccer-rating.com/Sutherland-Sharks/w946/
Marconi Stallions,http://www.soccer-rating.com/Marconi-Stallions/w947/
Altona Magic,http://www.soccer-rating.com/Altona-Magic/w948/
Karonga United,http://www.soccer-rating.com/Karonga-United/w9486/
Kamuzu Barracks,http://www.soccer-rating.com/Kamuzu-Barracks/w9487/
Northcote City,http://www.soccer-rating.com/Northcote-City/w949/
Goias EC,http://www.soccer-rating.com/Goias-EC/w95/
South Melbourne,http://www.soccer-rating.com/South-Melbourne/w950/
Chitipa United FC,http://www.soccer-rating.com/Chitipa-United-FC/w9505/
Blue Eagles,http://www.soccer-rating.com/Blue-Eagles/w9506/
Green Gully SC,http://www.soccer-rating.com/Green-Gully-SC/w951/
Wollongong Wolves FC,http://www.soccer-rating.com/Wollongong-Wolves-FC/w952/
Bentleigh Greens,http://www.soccer-rating.com/Bentleigh-Greens/w953/
Eastern Suburbs Brisbane,http://www.soccer-rating.com/Eastern-Suburbs-Brisbane/w955/
Moyale Barracks,http://www.soccer-rating.com/Moyale-Barracks/w9575/
Rochedale Rovers,http://www.soccer-rating.com/Rochedale-Rovers/w958/
Peninsula Power,http://www.soccer-rating.com/Peninsula-Power/w959/
Sao Paulo,http://www.soccer-rating.com/Sao-Paulo/w96/
Brisbane City,http://www.soccer-rating.com/Brisbane-City/w960/
Redlands United,http://www.soccer-rating.com/Redlands-United/w961/
Mighty Wanderers,http://www.soccer-rating.com/Mighty-Wanderers/w9616/
Silver Strikers,http://www.soccer-rating.com/Silver-Strikers/w9625/
Gremio Porto Alegre,http://www.soccer-rating.com/Gremio-Porto-Alegre/w97/
Seattle Sounders,http://www.soccer-rating.com/Seattle-Sounders/w971/
Philadelphia Union,http://www.soccer-rating.com/Philadelphia-Union/w972/
Colorado Rapids,http://www.soccer-rating.com/Colorado-Rapids/w974/
Toronto FC,http://www.soccer-rating.com/Toronto-FC/w976/
Paro FC,http://www.soccer-rating.com/Paro-FC/w9764/
FC Dallas,http://www.soccer-rating.com/FC-Dallas/w977/
Houston Dynamo,http://www.soccer-rating.com/Houston-Dynamo/w978/
New York Red Bulls,http://www.soccer-rating.com/New-York-Red-Bulls/w979/
Ponte Preta,http://www.soccer-rating.com/Ponte-Preta/w98/
Chicago Fire,http://www.soccer-rating.com/Chicago-Fire/w980/
Deportivo Llacuabamba,http://www.soccer-rating.com/Deportivo-Llacuabamba/w9802/
Sporting Kansas City,http://www.soccer-rating.com/Sporting-Kansas-City/w981/
D C United,http://www.soccer-rating.com/D-C-United/w982/
San Jose Earthquakes,http://www.soccer-rating.com/San-Jose-Earthquakes/w983/
Real Salt Lake,http://www.soccer-rating.com/Real-Salt-Lake/w984/
Los Angeles Galaxy,http://www.soccer-rating.com/Los-Angeles-Galaxy/w985/
New England Revolution,http://www.soccer-rating.com/New-England-Revolution/w986/
Inter Miami CF,http://www.soccer-rating.com/Inter-Miami-CF/w9862/
Deportivo Maldonado,http://www.soccer-rating.com/Deportivo-Maldonado/w9872/
Palmeiras,http://www.soccer-rating.com/Palmeiras/w99/
Bulls FC Academy,http://www.soccer-rating.com/Bulls-FC-Academy/w9924/
Broadbeach United,http://www.soccer-rating.com/Broadbeach-United/w9928/
Club Nueve de Octubre,http://www.soccer-rating.com/Club-Nueve-de-Octubre/w9931/
St George Willawong,http://www.soccer-rating.com/St-George-Willawong/w9951/
Shanghai Shenhua,http://www.soccer-rating.com/Shanghai-Shenhua/w997/
Zhejiang Professional,http://www.soccer-rating.com/Zhejiang-Professional/w999/
