League;country;qtd_jogos;qtd_stats_true;media_goals_total_ft;cv_goals_total;conv_rate;goal_asymmetry;open_game_index;media_goals_home_ft;media_goals_away_ft;home_bias;freq_btts;freq_no_goal;qtd_zebra_away;freq_zebra_away_score;qtd_zebra_home;freq_zebra_home_score;zebra_index
Europe Friendlies;International (Europe);2608,0;2603,0;3,22;0,61;0,16;0,32;1,27;1,77;1,45;0,55;0,56;0,44;453,0;0,58;217,0;0,56;0,57
Italy Serie D;Italy;1339,0;1336,0;2,38;0,63;0,11;0,25;0,88;1,32;1,06;0,55;0,49;0,51;175,0;0,54;32,0;0,53;0,54
Spain Youth League;Spain;1116,0;1114,0;3,14;0,62;0,15;0,53;1,2;1,84;1,31;0,58;0,54;0,46;250,0;0,5;74,0;0,55;0,53
Mexico Liga TDP;Mexico;876,0;869,0;3,25;0,64;0,15;0,44;1,18;1,84;1,4;0,57;0,5;0,5;203,0;0,51;71,0;0,48;0,49
Poland III Liga;Poland;874,0;874,0;3,22;0,58;0,14;0,34;1,36;1,78;1,44;0,55;0,6;0,4;111,0;0,56;20,0;0,55;0,55
Poland IV Liga;Poland;811,0;811,0;3,72;0,54;0,14;0,41;1,69;2,06;1,65;0,56;0,61;0,39;159,0;0,62;53,0;0,51;0,56
Finland Kolmonen;Finland;755,0;755,0;4,27;0,53;0,17;0,28;2,01;2,28;1,99;0,53;0,66;0,34;163,0;0,63;98,0;0,67;0,65
Brazil Sao Paulo Youth Cup;Brazil;721,0;721,0;2,85;0,63;0,12;0,07;1,06;1,46;1,39;0,51;0,45;0,55;157,0;0,41;120,0;0,48;0,44
Portugal Campeonato Nacional;Portugal;713,0;713,0;2,4;0,68;0,13;0,34;0,77;1,37;1,03;0,57;0,49;0,51;87,0;0,54;18,0;0,56;0,55
Czechia 3. Liga;Czech Republic;679,0;678,0;3,13;0,56;0,15;0,3;1,38;1,71;1,42;0,55;0,57;0,43;95,0;0,51;25,0;0,52;0,51
Austria Landesliga;Austria;673,0;672,0;3,47;0,56;0,16;0,45;1,53;1,96;1,51;0,56;0,6;0,4;78,0;0,58;14,0;0,64;0,61
Argentina Nacional B;Argentina;591,0;587,0;1,81;0,73;0,13;0,42;0,49;1,12;0,7;0,62;0,36;0,64;102,0;0,42;2,0;0,5;0,46
Czechia 4. Liga;Czech Republic;589,0;589,0;3,28;0,59;0,16;0,48;1,35;1,88;1,4;0,57;0,58;0,42;102,0;0,57;12,0;0,67;0,62
Brazil U20 League;Brazil;589,0;588,0;3,08;0,65;0,13;0,38;1,08;1,73;1,35;0,56;0,5;0,5;121,0;0,57;70,0;0,56;0,56
Brazil Serie D;Brazil;589,0;586,0;2,24;0,67;0,1;0,45;0,73;1,34;0,89;0,6;0,43;0,57;101,0;0,4;10,0;0,7;0,55
England National League;England;572,0;571,0;2,9;0,57;0,14;0,26;1,24;1,58;1,32;0,54;0,56;0,44;91,0;0,57;29,0;0,62;0,6
England League 1;England;569,0;569,0;2,64;0,6;0,11;0,3;1,05;1,47;1,17;0,56;0,53;0,47;61,0;0,51;4,0;0,75;0,63
England Championship;England;569,0;569,0;2,61;0,56;0,11;0,19;1,14;1,4;1,21;0,54;0,57;0,43;71,0;0,54;11,0;0,73;0,63
England League 2;England;569,0;569,0;2,56;0,6;0,11;0,16;1,02;1,36;1,2;0,53;0,53;0,47;60,0;0,63;8,0;0,38;0,5
Hungary NB III;Hungary;564,0;564,0;3,22;0,56;0,17;0,49;1,42;1,85;1,37;0,58;0,56;0,44;88,0;0,58;28,0;0,57;0,58
England National League North;England;558,0;558,0;3,06;0,55;0,15;0,25;1,39;1,65;1,4;0,54;0,61;0,39;55,0;0,67;4,0;0,75;0,71
England National League South;England;558,0;557,0;2,86;0,61;0,14;0,36;1,12;1,61;1,25;0,56;0,56;0,44;60,0;0,63;2,0;1,0;0,82
France National 3;France;555,0;555,0;2,73;0,61;0,14;0,3;1,07;1,52;1,21;0,56;0,56;0,44;24,0;0,67;3,0;0,33;0,5
Argentina Liga Profesional Reserves;Argentina;548,0;546,0;2,43;0,64;0,14;0,36;0,87;1,4;1,03;0,58;0,47;0,53;47,0;0,43;6,0;0,33;0,38
Romania Liga III;Romania;537,0;536,0;3,16;0,6;0,15;0,39;1,27;1,78;1,38;0,56;0,56;0,44;99,0;0,62;31,0;0,65;0,63
Guatemala Primera Division;Guatemala;518,0;517,0;2,43;0,63;0,13;0,86;0,9;1,65;0,78;0,68;0,48;0,52;161,0;0,49;1,0;1,0;0,75
Spain Regional League;Spain;517,0;513,0;2,63;0,68;0,13;0,41;0,85;1,52;1,11;0,58;0,49;0,51;34,0;0,53;16,0;0,44;0,48
UEFA Conference League Qualifying;International (Europe);510,0;510,0;2,75;0,64;0,13;0,53;0,99;1,64;1,11;0,6;0,46;0,54;151,0;0,52;42,0;0,43;0,47
USA MLS;USA;509,0;506,0;3,12;0,59;0,13;0,35;1,29;1,73;1,39;0,56;0,61;0,39;84,0;0,57;0,0;0,0;0,29
UK Friendlies;United Kingdom;501,0;500,0;3,18;0,6;0,16;0,52;1,26;1,33;1,85;0,42;0,55;0,45;44,0;0,61;97,0;0,53;0,57
Argentina Liga Profesional;Argentina;498,0;497,0;1,94;0,73;0,09;0,21;0,52;1,08;0,87;0,55;0,41;0,59;99,0;0,47;5,0;0,2;0,34
France National 2;France;481,0;480,0;2,6;0,62;0,14;0,32;0,98;1,46;1,14;0,56;0,56;0,44;33,0;0,64;1,0;0,0;0,32
Spain Segunda;Spain;471,0;471,0;2,65;0,64;0,11;0,33;0,95;1,49;1,16;0,56;0,55;0,45;62,0;0,56;3,0;0,67;0,62
Thailand Division 3;Thailand;471,0;469,0;2,59;0,65;0,12;0,26;0,9;1,43;1,17;0,55;0,49;0,51;64,0;0,55;18,0;0,28;0,41
France U19 League;France;470,0;469,0;3,27;0,58;0,17;0,56;1,37;1,92;1,35;0,59;0,58;0,42;59,0;0,51;12,0;0,5;0,5
Argentina Torneo A;Argentina;468,0;467,0;2,01;0,73;0,11;0,55;0,54;1,28;0,73;0,64;0,39;0,61;129,0;0,43;1,0;1,0;0,72
Colombia Primera A;Colombia;461,0;460,0;2,4;0,63;0,1;0,42;0,9;1,41;0,99;0,59;0,5;0,5;136,0;0,54;8,0;0,75;0,65
Mexico Segunda Division;Mexico;445,0;441,0;2,74;0,66;0,14;0,46;0,92;1,6;1,14;0,58;0,49;0,51;69,0;0,55;12,0;0,42;0,48
Brazil Serie A;Brazil;432,0;432,0;2,56;0,61;0,1;0,47;0,99;1,52;1,04;0,59;0,49;0,51;119,0;0,54;8,0;0,62;0,58
Argentina Primera B Metropolitana;Argentina;424,0;423,0;2,0;0,72;0,13;0,25;0,56;1,13;0,88;0,56;0,42;0,58;25,0;0,36;2,0;0,5;0,43
USA MLS Next Pro League;USA;424,0;424,0;3,45;0,56;0,15;0,31;1,52;1,88;1,57;0,55;0,67;0,33;30,0;0,73;1,0;1,0;0,87
England Northern League Division One;England;422,0;422,0;2,96;0,64;0,14;0,26;1,06;1,61;1,35;0,54;0,56;0,44;32,0;0,56;7,0;0,43;0,5
Italy Campionato Primavera 2;Italy;415,0;414,0;3,07;0,57;0,14;0,31;1,31;1,69;1,38;0,55;0,59;0,41;37,0;0,51;9,0;0,56;0,53
Italy Serie B;Italy;415,0;414,0;2,51;0,59;0,1;0,39;1,03;1,45;1,06;0,58;0,54;0,46;58,0;0,6;10,0;0,5;0,55
Türkiye 1 Lig;Turkey;408,0;408,0;2,93;0,62;0,14;0,44;1,11;1,68;1,25;0,57;0,51;0,49;91,0;0,47;51,0;0,63;0,55
UEFA Champions League;International (Europe);405,0;405,0;3,31;0,59;0,12;0,48;1,36;1,89;1,42;0,57;0,55;0,45;130,0;0,55;43,0;0,58;0,57
Netherlands Eerste Divisie;Netherlands;393,0;393,0;3,2;0,54;0,12;0,29;1,47;1,74;1,45;0,55;0,61;0,39;55,0;0,58;14,0;0,64;0,61
Algeria Division 2;Algeria;389,0;384,0;2,11;0,68;0,13;0,51;0,67;1,31;0,8;0,62;0,4;0,6;158,0;0,44;12,0;0,08;0,26
Germany 3. Liga;Germany;386,0;386,0;3,14;0,54;0,14;0,28;1,44;1,71;1,43;0,55;0,64;0,36;27,0;0,7;6,0;0,67;0,69
Japan J-League;Japan;385,0;385,0;2,52;0,65;0,1;0,24;0,89;1,38;1,14;0,55;0,5;0,5;28,0;0,5;4,0;0,75;0,62
England Premier League;England;383,0;383,0;2,74;0,58;0,11;0,28;1,16;1,51;1,23;0,55;0,55;0,45;83,0;0,65;23,0;0,39;0,52
Copa Sudamericana;International (South America);382,0;381,0;2,31;0,66;0,09;0,4;0,79;1,35;0,96;0,59;0,42;0,58;144,0;0,51;17,0;0,71;0,61
Belgium First Amateur Division;Belgium;382,0;382,0;3,28;0,58;0,14;0,17;1,39;1,73;1,55;0,53;0,59;0,41;31,0;0,52;13,0;0,69;0,6
Spain La Liga;Spain;382,0;382,0;2,7;0,57;0,11;0,43;1,18;1,57;1,14;0,58;0,55;0,45;79,0;0,57;24,0;0,58;0,58
USA USL League Two;USA;381,0;381,0;3,52;0,6;0,15;0,11;1,41;1,81;1,71;0,52;0,59;0,41;74,0;0,51;39,0;0,62;0,56
Italy Serie A;Italy;380,0;380,0;2,46;0,62;0,1;0,14;0,94;1,3;1,16;0,53;0,47;0,53;94,0;0,51;45,0;0,47;0,49
Italy Serie C Group A;Italy;380,0;378,0;2,33;0,64;0,12;0,15;0,84;1,24;1,09;0,53;0,5;0,5;41,0;0,54;9,0;0,44;0,49
Brazil Serie B;Brazil;378,0;378,0;2,2;0,63;0,08;0,28;0,82;1,24;0,96;0,56;0,5;0,5;70,0;0,61;2,0;1,0;0,81
Argentina Primera C Metropolitana;Argentina;376,0;374,0;1,99;0,74;0,13;0,13;0,52;1,06;0,93;0,53;0,39;0,61;38,0;0,53;7,0;0,57;0,55
Spain Primera Division RFEF Group 1;Spain;376,0;375,0;2,41;0,65;0,13;0,33;0,84;1,37;1,04;0,57;0,48;0,52;35,0;0,63;2,0;0,0;0,31
Argentina Reserve League;Argentina;375,0;375,0;2,73;0,73;0,15;0,28;0,73;1,51;1,23;0,55;0,46;0,54;40,0;0,5;17,0;0,41;0,46
Italy Serie C Group C;Italy;374,0;374,0;2,48;0,61;0,13;0,42;0,97;1,45;1,03;0,58;0,51;0,49;65,0;0,49;11,0;0,45;0,47
USA USL Championship;USA;371,0;371,0;2,61;0,67;0,14;0,35;0,86;1,48;1,13;0,57;0,51;0,49;40,0;0,6;0,0;0,0;0,3
Bolivia Copa Simon Bolivar;Bolivia;364,0;364,0;3,63;0,61;0,15;0,67;1,41;2,15;1,48;0,59;0,57;0,43;93,0;0,66;22,0;0,55;0,6
Greece Gamma Ethniki;Greece;363,0;363,0;2,36;0,72;0,14;0,52;0,65;1,44;0,92;0,61;0,43;0,57;122,0;0,48;22,0;0,41;0,44
Spain Primera Division RFEF Group 2;Spain;363,0;363,0;2,2;0,7;0,11;0,39;0,66;1,29;0,9;0,59;0,42;0,58;46,0;0,46;1,0;1,0;0,73
Türkiye U19 League;Turkey;360,0;359,0;3,1;0,61;0,16;0,2;1,21;1,65;1,45;0,53;0,58;0,42;30,0;0,57;7,0;0,43;0,5
Brazil U20 Cup;Brazil;359,0;357,0;2,89;0,64;0,13;0,61;1,04;1,75;1,14;0,61;0,45;0,55;110,0;0,49;36,0;0,36;0,43
Italy Serie C Group B;Italy;357,0;357,0;2,25;0,64;0,11;0,09;0,8;1,17;1,08;0,52;0,48;0,52;42,0;0,52;6,0;0,67;0,6
Brazil Campeonato Paulista U20;Brazil;353,0;352,0;3,0;0,61;0,13;0,45;1,16;1,73;1,27;0,58;0,51;0,49;71,0;0,56;18,0;0,39;0,48
Iraq Stars League;Iraq;351,0;351,0;2,38;0,61;0,13;0,12;0,94;1,25;1,13;0,53;0,49;0,51;61,0;0,51;20,0;0,45;0,48
Copa do Brasil;Brazil;349,0;348,0;2,22;0,72;0,09;0,14;0,61;1,18;1,04;0,53;0,39;0,61;109,0;0,41;63,0;0,41;0,41
Japan Regional League;Japan;346,0;346,0;3,29;0,68;0,15;0,08;1,05;1,69;1,61;0,51;0,49;0,51;58,0;0,48;55,0;0,42;0,45
Peru Liga 1;Peru;342,0;340,0;2,54;0,63;0,11;0,6;0,93;1,57;0,97;0,62;0,51;0,49;126,0;0,54;8,0;0,38;0,46
China Division 2;China;340,0;340,0;2,31;0,69;0,15;0,26;0,73;1,29;1,03;0,56;0,45;0,55;64,0;0,41;17,0;0,41;0,41
France Cup;France;336,0;336,0;3,12;0,63;0,15;0,48;1,15;1,32;1,8;0,42;0,55;0,45;36,0;0,58;126,0;0,49;0,54
Mexico Liga MX;Mexico;333,0;331,0;2,86;0,6;0,11;0,51;1,14;1,69;1,18;0,59;0,58;0,42;84,0;0,61;12,0;0,58;0,6
Panama Liga Prom;Panama;331,0;330,0;3,33;0,58;0,16;0,13;1,38;1,73;1,6;0,52;0,57;0,43;37,0;0,73;26,0;0,58;0,65
Colombia Primera B;Colombia;328,0;326,0;2,29;0,62;0,12;0,31;0,88;1,3;0,99;0,57;0,47;0,53;78,0;0,47;2,0;0,0;0,24
Mexico Liga MX Femenil;Mexico;327,0;326,0;3,34;0,57;0,15;0,32;1,43;1,83;1,51;0,55;0,53;0,47;118,0;0,45;78,0;0,47;0,46
Ethiopia Premier League;Ethiopia;326,0;326,0;1,81;0,77;0,13;0,02;0,42;0,9;0,92;0,49;0,44;0,56;8,0;0,38;4,0;0,5;0,44
Türkiye Super Lig;Turkey;326,0;325,0;2,7;0,6;0,11;0,18;1,08;1,44;1,26;0,53;0,55;0,45;67,0;0,66;26,0;0,62;0,64
England FA Cup;England;321,0;321,0;3,09;0,62;0,14;0,36;1,19;1,72;1,36;0,56;0,56;0,44;86,0;0,64;42,0;0,64;0,64
Egypt Division 1;Egypt;319,0;319,0;2,06;0,72;0,11;0,05;0,57;1,05;1,0;0,51;0,45;0,55;53,0;0,47;27,0;0,63;0,55
Ecuador LigaPro Serie A;Ecuador;319,0;319,0;2,42;0,64;0,11;0,25;0,86;1,34;1,08;0,55;0,49;0,51;76,0;0,62;3,0;0,33;0,48
Romania Liga I;Romania;314,0;314,0;2,53;0,6;0,1;0,31;1,01;1,42;1,11;0,56;0,51;0,49;54,0;0,65;17,0;0,47;0,56
Netherlands Eredivisie;Netherlands;314,0;313,0;3,14;0,54;0,12;0,42;1,46;1,78;1,36;0,57;0,61;0,39;83,0;0,67;18,0;0,67;0,67
Germany Bundesliga I;Germany;313,0;313,0;3,24;0,54;0,12;0,23;1,48;1,73;1,5;0,54;0,62;0,38;55,0;0,58;13,0;0,54;0,56
Australia FFA Cup Qualifying;Australia;311,0;306,0;4,12;0,5;0,17;0,31;2,05;2,22;1,9;0,54;0,59;0,41;76,0;0,62;58,0;0,5;0,56
Portugal Segunda Liga;Portugal;311,0;311,0;2,42;0,68;0,11;0,1;0,78;1,26;1,16;0,52;0,47;0,53;23,0;0,43;1,0;1,0;0,72
Poland I Liga;Poland;308,0;308,0;2,97;0,51;0,13;0,23;1,44;1,6;1,37;0,54;0,63;0,37;21,0;0,71;4,0;0,25;0,48
Germany Bundesliga II;Germany;306,0;306,0;2,93;0,57;0,12;0,32;1,26;1,63;1,31;0,55;0,6;0,4;17,0;0,41;1,0;1,0;0,71
England Premier League 2;England;306,0;306,0;3,56;0,53;0,16;0,24;1,67;1,9;1,66;0,53;0,63;0,37;30,0;0,53;8,0;0,88;0,7
Poland Ekstraklasa;Poland;306,0;305,0;2,73;0,59;0,12;0,42;1,12;1,57;1,16;0,58;0,59;0,41;28,0;0,57;2,0;1,0;0,79
Poland II Liga;Poland;306,0;305,0;2,87;0,58;0,13;0,08;1,21;1,47;1,4;0,51;0,58;0,42;30,0;0,57;3,0;0,33;0,45
Belgium First Division A;Belgium;305,0;304,0;2,69;0,64;0,1;0,1;0,96;1,4;1,29;0,52;0,55;0,45;42,0;0,64;11,0;0,55;0,59
Portugal Primeira Liga;Portugal;304,0;303,0;2,69;0,56;0,11;0,32;1,17;1,5;1,18;0,56;0,49;0,51;68,0;0,43;52,0;0,5;0,46
Portugal Liga 3;Portugal;303,0;303,0;2,24;0,66;0,12;0,12;0,77;1,18;1,06;0,53;0,49;0,51;12,0;0,67;0,0;0,0;0,33
Copa Libertadores;International (South America);302,0;301,0;2,34;0,64;0,09;0,55;0,84;1,44;0,9;0,62;0,42;0,58;127,0;0,41;13,0;0,46;0,44
France Ligue 1;France;301,0;301,0;2,83;0,65;0,12;0,42;0,99;1,63;1,21;0,57;0,5;0,5;74,0;0,53;21,0;0,57;0,55
Saudi Arabia Pro League;Saudi Arabia;300,0;300,0;2,99;0,59;0,13;0,18;1,22;1,58;1,41;0,53;0,56;0,44;74,0;0,45;45,0;0,49;0,47
European U21 Championship Qual;International (Europe);299,0;299,0;3,11;0,65;0,15;0,21;1,1;1,66;1,45;0,53;0,4;0,6;111,0;0,4;81,0;0,41;0,4
Israel Youth League;Israel;299,0;299,0;3,38;0,59;0,14;0,1;1,38;1,74;1,64;0,52;0,59;0,41;33,0;0,64;16,0;0,38;0,51
Paraguay Tercera Division;Paraguay;298,0;297,0;2,65;0,63;0,14;0,23;0,99;1,44;1,21;0,54;0,52;0,48;34,0;0,47;7,0;0,43;0,45
France Ligue 2;France;297,0;297,0;2,53;0,69;0,12;0,12;0,78;1,33;1,21;0,52;0,52;0,48;32,0;0,69;0,0;0,0;0,34
Saudi Arabia Division 1;Saudi Arabia;297,0;295,0;2,95;0,55;0,17;0,21;1,32;1,58;1,37;0,53;0,62;0,38;36,0;0,61;16,0;0,62;0,62
Portugal U19 League;Portugal;296,0;296,0;2,89;0,63;0,14;0,2;1,06;1,54;1,34;0,53;0,55;0,45;43,0;0,53;18,0;0,5;0,52
Bulgaria First League;Bulgaria;295,0;295,0;2,35;0,66;0,12;0,19;0,8;1,27;1,08;0,54;0,44;0,56;85,0;0,46;38,0;0,58;0,52
Thailand Division 2;Thailand;294,0;294,0;2,78;0,63;0,14;0,44;1,03;1,61;1,17;0,58;0,56;0,44;18,0;0,61;0,0;0,0;0,31
International Match;International (World);294,0;293,0;2,66;0,7;0,15;0,47;0,79;1,56;1,1;0,59;0,45;0,55;95,0;0,43;20,0;0,5;0,47
Slovakia 3. Liga;Slovakia;294,0;294,0;3,24;0,59;0,15;0,56;1,33;1,9;1,34;0,59;0,62;0,38;47,0;0,72;4,0;0,5;0,61
Serbia Super Liga;Serbia;293,0;293,0;2,75;0,65;0,12;0,32;0,97;1,54;1,22;0,56;0,55;0,45;54,0;0,57;23,0;0,65;0,61
Netherlands Tweede Divisie;Netherlands;292,0;292,0;3,29;0,53;0,15;0,28;1,55;1,78;1,51;0,54;0,61;0,39;12,0;0,5;2,0;1,0;0,75
U19 Euro Championship Qual Women;International (Europe);290,0;289,0;3,47;0,65;0,16;0,54;1,22;2,0;1,47;0,58;0,33;0,67;115,0;0,26;68,0;0,31;0,28
Israel Liga Bet South;Israel;290,0;290,0;3,08;0,62;0,14;0,26;1,16;1,67;1,41;0,54;0,48;0,52;44,0;0,48;23,0;0,35;0,41
Spain Segunda Division RFEF Group 5;Spain;289,0;288,0;2,61;0,59;0,13;0,33;1,07;1,47;1,14;0,56;0,51;0,49;29,0;0,66;0,0;0,0;0,33
Uruguay Amateur Cup;Uruguay;286,0;286,0;2,78;0,68;0,13;0,58;0,9;1,68;1,1;0,6;0,52;0,48;36,0;0,58;6,0;0,5;0,54
South Korea K League 2;South Korea;284,0;284,0;2,59;0,65;0,15;0,02;0,9;1,31;1,28;0,5;0,52;0,48;23,0;0,48;10,0;0,2;0,34
Spain Copa del Rey;Spain;284,0;284,0;2,99;0,64;0,14;0,8;1,08;1,1;1,89;0,37;0,5;0,5;18,0;0,56;120,0;0,52;0,54
England Development League 2;England;283,0;283,0;3,85;0,48;0,16;0,37;2,01;2,11;1,74;0,55;0,69;0,31;29,0;0,62;1,0;1,0;0,81
Israel Leumit Liga;Israel;282,0;282,0;2,72;0,6;0,14;0,06;1,07;1,33;1,39;0,49;0,56;0,44;17,0;0,59;8,0;0,75;0,67
Spain Segunda Division RFEF Group 2;Spain;279,0;279,0;2,51;0,63;0,13;0,43;0,92;1,47;1,04;0,58;0,51;0,49;47,0;0,45;4,0;0,5;0,47
Mexico U21 League;Mexico;279,0;278,0;2,57;0,61;0,15;0,41;1,01;1,49;1,08;0,58;0,53;0,47;10,0;0,4;4,0;1,0;0,7
England Northern Premier League;England;277,0;277,0;2,48;0,6;0,13;0,22;1,0;1,35;1,13;0,54;0,52;0,48;9,0;0,67;0,0;0,0;0,33
Spain Segunda Division RFEF Group 1;Spain;277,0;277,0;2,51;0,67;0,12;0,29;0,83;1,4;1,11;0,56;0,51;0,49;33,0;0,61;2,0;0,5;0,55
Italy Eccellenza;Italy;277,0;273,0;2,52;0,71;0,13;0,3;0,74;1,41;1,11;0,56;0,45;0,55;43,0;0,35;14,0;0,64;0,5
Uruguay Reserve League;Uruguay;277,0;277,0;2,81;0,6;0,15;0,16;1,14;1,48;1,33;0,53;0,51;0,49;19,0;0,53;14,0;0,57;0,55
Czechia First League;Czech Republic;274,0;274,0;2,64;0,62;0,13;0,18;1,0;1,41;1,23;0,53;0,51;0,49;60,0;0,63;18,0;0,61;0,62
England U21 Premier League Cup;England;274,0;274,0;3,61;0,53;0,15;0,43;1,69;2,02;1,59;0,56;0,64;0,36;30,0;0,7;9,0;0,89;0,79
Belgium First Division B;Belgium;274,0;274,0;2,82;0,59;0,12;0,09;1,15;1,46;1,37;0,52;0,55;0,45;38,0;0,55;11,0;0,55;0,55
Japan J2/J3 Centennial League;Japan;273,0;273,0;2,6;0,63;0,12;0,09;0,95;1,34;1,25;0,52;0,49;0,51;17,0;0,41;7,0;0,86;0,63
Japan J3-League;Japan;273,0;273,0;2,65;0,65;0,14;0,28;0,92;1,47;1,18;0,55;0,52;0,48;14,0;0,71;2,0;0,5;0,61
France National;France;273,0;273,0;2,43;0,63;0,13;0,13;0,91;1,28;1,15;0,53;0,52;0,48;20,0;0,55;1,0;0,0;0,28
Spain Segunda Division RFEF Group 3;Spain;273,0;272,0;2,47;0,67;0,14;0,43;0,81;1,45;1,02;0,59;0,53;0,47;25,0;0,44;2,0;0,5;0,47
Paraguay Division Profesional;Paraguay;272,0;272,0;2,5;0,67;0,11;0,21;0,83;1,35;1,15;0,54;0,5;0,5;35,0;0,57;11,0;0,64;0,6
Brazil Paulista Cup;Brazil;271,0;271,0;2,0;0,71;0,1;0,27;0,58;1,13;0,86;0,57;0,4;0,6;29,0;0,48;1,0;0,0;0,24
England EFL Trophy;England;269,0;269,0;3,4;0,54;0,14;0,44;1,55;1,92;1,48;0,56;0,62;0,38;57,0;0,75;6,0;0,67;0,71
Argentina Youth League;Argentina;267,0;267,0;2,96;0,57;0,13;0,48;1,27;1,72;1,24;0,58;0,55;0,45;16,0;0,44;1,0;1,0;0,72
Serbia Prva Liga;Serbia;266,0;266,0;2,24;0,66;0,11;0,38;0,76;1,31;0,93;0,58;0,45;0,55;36,0;0,58;0,0;0,0;0,29
Sierra Leone Premier League;Sierra Leone;265,0;244,0;2,06;0,78;0,21;0,14;0,46;1,1;0,96;0,53;0,42;0,58;21,0;0,52;3,0;0,0;0,26
Romania Liga II;Romania;264,0;264,0;2,68;0,62;0,13;0,37;1,03;1,53;1,16;0,57;0,49;0,51;44,0;0,5;16,0;0,56;0,53
Kenya Premier League;Kenya;264,0;262,0;2,0;0,71;0,1;0,03;0,58;1,02;0,98;0,51;0,43;0,57;15,0;0,53;3,0;0,67;0,6
El Salvador Reserves League;El Salvador;264,0;264,0;3,29;0,64;0,15;0,42;1,2;1,86;1,43;0,56;0,62;0,38;44,0;0,66;10,0;0,8;0,73
Spain Tercera Group 7;Spain;260,0;260,0;2,62;0,7;0,13;0,07;0,78;1,34;1,28;0,51;0,55;0,45;18,0;0,67;2,0;1,0;0,83
Portugal Cup;Portugal;260,0;259,0;2,83;0,62;0,14;0,34;1,09;1,59;1,25;0,56;0,47;0,53;61,0;0,41;71,0;0,55;0,48
European U19 Championship Qual;International (Europe);260,0;259,0;2,88;0,58;0,14;0,39;1,2;1,63;1,25;0,57;0,4;0,6;100,0;0,37;42,0;0,45;0,41
Egypt Division 2;Egypt;259,0;257,0;2,0;0,72;0,11;0,11;0,57;1,05;0,94;0,53;0,41;0,59;21,0;0,57;0,0;0,0;0,29
Austria Regionalliga Ost;Austria;257,0;257,0;3,09;0,62;0,16;0,45;1,19;1,77;1,32;0,57;0,52;0,48;33,0;0,42;12,0;0,5;0,46
Greece Amateur Cup;Greece;257,0;257,0;2,92;0,63;0,15;0,07;1,08;1,5;1,42;0,51;0,45;0,55;43,0;0,4;50,0;0,52;0,46
Portugal U23 League;Portugal;255,0;255,0;2,85;0,53;0,14;0,15;1,35;1,5;1,35;0,53;0,61;0,39;6,0;0,67;0,0;0,0;0,33
Paraguay Reserve League;Paraguay;255,0;255,0;3,11;0,6;0,17;0,39;1,24;1,75;1,36;0,56;0,55;0,45;22,0;0,82;11,0;0,55;0,68
Chile Liga de Primera;Chile;254,0;253,0;2,66;0,64;0,11;0,43;0,95;1,54;1,12;0,58;0,5;0,5;33,0;0,7;1,0;0,0;0,35
Finland Cup;Finland;254,0;254,0;3,95;0,61;0,18;1,1;1,55;1,43;2,52;0,36;0,54;0,46;30,0;0,6;100,0;0,46;0,53
Japan J2-League;Japan;253,0;253,0;2,51;0,65;0,12;0,09;0,88;1,3;1,21;0,52;0,53;0,47;13,0;0,31;2,0;0,0;0,15
Mexico Liga MX U19;Mexico;253,0;251,0;2,95;0,63;0,16;0,32;1,11;1,64;1,32;0,55;0,6;0,4;17,0;0,65;0,0;0,0;0,32
Chile Primera B;Chile;253,0;252,0;2,48;0,64;0,1;0,47;0,9;1,48;1,0;0,6;0,51;0,49;5,0;1,0;0,0;0,0;0,5
Australia New South Wales Premier League;Australia;253,0;253,0;2,85;0,6;0,15;0,04;1,14;1,45;1,41;0,51;0,5;0,5;21,0;0,76;7,0;0,29;0,52
Norway Eliteserien;Norway;251,0;250,0;3,12;0,55;0,13;0,48;1,4;1,8;1,32;0,58;0,55;0,45;61,0;0,48;19,0;0,58;0,53
Algeria Division 1;Algeria;251,0;249,0;2,18;0,68;0,11;0,41;0,71;1,3;0,88;0,59;0,46;0,54;85,0;0,53;3,0;0,0;0,26
Norway Division 1;Norway;246,0;246,0;3,21;0,5;0,15;0,22;1,59;1,71;1,5;0,53;0,61;0,39;35,0;0,43;13,0;0,54;0,48
Czechia 2. Liga;Czech Republic;246,0;246,0;2,63;0,62;0,14;0,29;1,01;1,46;1,17;0,55;0,49;0,51;30,0;0,7;4,0;0,5;0,6
China Division 1;China;245,0;245,0;2,57;0,61;0,15;0,31;1,0;1,44;1,13;0,56;0,52;0,48;52,0;0,52;9,0;0,67;0,59
Spain Segunda Division RFEF Group 4;Spain;245,0;244,0;2,23;0,65;0,12;0,48;0,78;1,36;0,87;0,61;0,47;0,53;30,0;0,53;1,0;1,0;0,77
Paraguay Division Intermedia;Paraguay;244,0;244,0;2,5;0,64;0,14;0,27;0,9;1,39;1,11;0,56;0,53;0,47;6,0;0,67;0,0;0,0;0,33
Jamaica Premier League;Jamaica;244,0;242,0;2,58;0,78;0,15;0,27;0,57;1,43;1,15;0,55;0,43;0,57;36,0;0,56;19,0;0,53;0,54
USA US Open Cup;USA;243,0;243,0;3,04;0,6;0,15;0,47;1,21;1,75;1,29;0,58;0,55;0,45;62,0;0,48;10,0;0,5;0,49
Mexico Liga de Expansion;Mexico;243,0;242,0;2,82;0,63;0,13;0,59;1,04;1,7;1,12;0,6;0,56;0,44;43,0;0,58;1,0;1,0;0,79
Uzbekistan PFL;Uzbekistan;242,0;242,0;2,59;0,59;0,12;0,31;1,07;1,45;1,14;0,56;0,52;0,48;40,0;0,38;10,0;0,3;0,34
China Super League;China;242,0;242,0;3,15;0,56;0,13;0,49;1,39;1,82;1,33;0,58;0,6;0,4;61,0;0,67;19,0;0,74;0,7
England National League Division 1 Women;England;242,0;242,0;3,28;0,63;0,15;0,13;1,23;1,71;1,57;0,52;0,48;0,52;66,0;0,52;32,0;0,44;0,48
Sweden 1.div Södra;Sweden;241,0;241,0;3,0;0,56;0,16;0,24;1,31;1,62;1,38;0,54;0,56;0,44;25,0;0,48;6,0;0,17;0,32
AFC Champions League Two;International (Asia);239,0;239,0;3,08;0,6;0,14;0,34;1,24;1,71;1,37;0,55;0,55;0,45;63,0;0,6;20,0;0,45;0,53
Slovakia Cup;Slovakia;238,0;238,0;3,72;0,55;0,18;1,62;1,66;1,05;2,67;0,28;0,52;0,48;17,0;0,76;136,0;0,53;0,65
Australia New South Wales League 1;Australia;238,0;238,0;3,15;0,59;0,14;0,23;1,28;1,69;1,46;0,54;0,62;0,38;9,0;0,67;1,0;1,0;0,83
Rwanda National League;Rwanda;237,0;237,0;2,05;0,7;0,15;0,13;0,61;1,09;0,96;0,53;0,44;0,56;44,0;0,45;16,0;0,69;0,57
Bulgaria Second League;Bulgaria;236,0;233,0;2,42;0,69;0,13;0,36;0,74;1,39;1,03;0,58;0,42;0,58;67,0;0,37;6,0;0,5;0,44
Sweden Allsvenskan;Sweden;235,0;235,0;2,86;0,61;0,11;0,12;1,11;1,49;1,37;0,52;0,56;0,44;37,0;0,68;6,0;0,33;0,5
Türkiye Cup;Turkey;235,0;234,0;3,33;0,59;0,15;0,22;1,38;1,77;1,56;0,53;0,54;0,46;68,0;0,56;30,0;0,57;0,56
Spain Primera Women;Spain;235,0;235,0;2,94;0,69;0,13;0,11;0,92;1,52;1,42;0,52;0,4;0,6;69,0;0,36;44,0;0,39;0,37
England FA Trophy;England;235,0;234,0;2,91;0,58;0,13;0,45;1,21;1,68;1,23;0,58;0,5;0,5;29,0;0,72;5,0;0,2;0,46
Sweden 1.div Norra;Sweden;234,0;234,0;3,44;0,58;0,17;0,31;1,43;1,87;1,56;0,54;0,63;0,37;43,0;0,63;17,0;0,53;0,58
Thailand Premier League;Thailand;234,0;233,0;2,69;0,62;0,11;0,48;1,02;1,59;1,1;0,59;0,56;0,44;33,0;0,58;7,0;0,86;0,72
Sweden Superettan;Sweden;234,0;233,0;2,88;0,59;0,13;0,43;1,18;1,65;1,22;0,58;0,58;0,42;21,0;0,62;3,0;0,33;0,48
Switzerland Super League;Switzerland;234,0;234,0;3,33;0,53;0,12;0,37;1,57;1,85;1,48;0,56;0,68;0,32;23,0;0,61;4,0;0,75;0,68
CAF Champions League;International (Africa);233,0;233,0;2,08;0,76;0,12;0,82;0,49;1,45;0,63;0,7;0,3;0,7;110,0;0,29;12,0;0,33;0,31
Spain Tercera - Play-offs;Spain;233,0;233,0;1,95;0,72;0,11;0,12;0,56;1,04;0,91;0,53;0,45;0,55;13,0;0,54;0,0;0,0;0,27
AFC Champions League Elite;International (Asia);233,0;233,0;2,82;0,65;0,12;0,55;0,99;1,69;1,13;0,6;0,5;0,5;64,0;0,45;11,0;0,82;0,64
Italy Serie D Cup;Italy;233,0;233,0;2,46;0,61;0,12;0,33;0,97;1,39;1,06;0,57;0,55;0,45;27,0;0,81;3,0;0,67;0,74
Cyprus Division 1;Cyprus;233,0;233,0;2,61;0,57;0,12;0,29;1,11;1,45;1,16;0,56;0,43;0,57;59,0;0,37;41,0;0,39;0,38
Austria 2. Liga;Austria;233,0;233,0;2,76;0,61;0,14;0,09;1,07;1,43;1,33;0,52;0,53;0,47;26,0;0,65;9,0;0,78;0,72
Bolivia Primera Division;Bolivia;233,0;231,0;3,61;0,58;0,13;0,91;1,51;2,26;1,35;0,63;0,65;0,35;85,0;0,62;5,0;0,6;0,61
Ukraine Vyscha Liga;Ukraine;232,0;232,0;2,55;0,7;0,15;0,03;0,76;1,29;1,26;0,51;0,44;0,56;44,0;0,36;31,0;0,55;0,46
South Korea K League 1;South Korea;232,0;232,0;2,56;0,62;0,13;0,0;0,98;1,28;1,28;0,5;0,55;0,45;13,0;0,54;4,0;0,0;0,27
Scotland Premiership;Scotland;231,0;231,0;2,76;0,59;0,11;0,45;1,14;1,61;1,15;0,58;0,52;0,48;54,0;0,44;17,0;0,65;0,55
El Salvador Clausura;El Salvador;230,0;229,0;2,59;0,61;0,14;0,07;1,0;1,33;1,26;0,51;0,53;0,47;42,0;0,6;6,0;0,5;0,55
England FA Cup Qualification;England;230,0;230,0;3,12;0,56;0,15;0,49;1,36;1,8;1,32;0,58;0,55;0,45;45,0;0,47;6,0;0,5;0,48
Wales Championship North;Wales;229,0;229,0;3,49;0,56;0,15;0,73;1,54;2,11;1,38;0,6;0,57;0,43;43,0;0,58;18,0;0,61;0,6
Chile Cup;Chile;228,0;228,0;2,8;0,66;0,12;0,46;0,95;1,63;1,17;0,58;0,52;0,48;37,0;0,46;17,0;0,65;0,55
Wales Championship South;Wales;228,0;228,0;3,12;0,61;0,14;0,17;1,22;1,64;1,48;0,53;0,52;0,48;35,0;0,34;14,0;0,64;0,49
Türkiye 2 Lig Beyaz;Turkey;228,0;225,0;2,71;0,64;0,14;0,23;0,96;1,24;1,47;0,46;0,53;0,47;47,0;0,55;35,0;0,54;0,55
Argentina Torneo Regional Amateur;Argentina;227,0;225,0;2,63;0,64;0,13;0,75;0,96;1,69;0,94;0,64;0,46;0,54;46,0;0,54;4,0;0,5;0,52
Venezuela Segunda Division;Venezuela;226,0;225,0;2,33;0,71;0,12;0,37;0,67;1,35;0,98;0,58;0,5;0,5;25,0;0,64;2,0;1,0;0,82
Spain Tercera Group 6;Spain;226,0;226,0;2,21;0,63;0,13;0,28;0,81;1,25;0,96;0,56;0,45;0,55;27,0;0,52;2,0;1,0;0,76
Venezuela Primera Division;Venezuela;224,0;224,0;2,47;0,65;0,1;0,38;0,87;1,42;1,05;0,58;0,49;0,51;34,0;0,35;4,0;0,75;0,55
USA USL League One;USA;224,0;224,0;2,79;0,61;0,14;0,47;1,09;1,63;1,16;0,58;0,59;0,41;7,0;0,71;0,0;0,0;0,36
Brazil Serie C;Brazil;221,0;221,0;2,07;0,69;0,09;0,24;0,64;1,16;0,91;0,56;0,44;0,56;39,0;0,49;0,0;0,0;0,24
Spain Tercera Federacion Women;Spain;221,0;221,0;3,46;0,61;0,15;0,24;1,36;1,85;1,61;0,53;0,49;0,51;50,0;0,42;31,0;0,58;0,5
South Korea K3 League;South Korea;221,0;221,0;2,44;0,68;0,14;0,03;0,79;1,24;1,2;0,51;0,48;0,52;18,0;0,56;5,0;0,0;0,28
Greece Super League 1;Greece;221,0;221,0;2,52;0,62;0,11;0,24;0,94;1,38;1,14;0,55;0,46;0,54;63,0;0,4;32,0;0,44;0,42
Hungary NB II;Hungary;221,0;221,0;2,54;0,63;0,14;0,23;0,94;1,38;1,16;0,54;0,49;0,51;25,0;0,64;3,0;0,0;0,32
Slovakia 2. Liga;Slovakia;220,0;220,0;2,93;0,59;0,13;0,37;1,2;1,65;1,28;0,56;0,62;0,38;36,0;0,72;6,0;0,5;0,61
Israel Premier League;Israel;220,0;220,0;3,03;0,63;0,14;0,17;1,12;1,6;1,43;0,53;0,56;0,44;47,0;0,66;23,0;0,7;0,68
World Club Friendlies;International (World);220,0;218,0;2,8;0,71;0,15;0,15;0,81;1,47;1,33;0,53;0,55;0,45;24,0;0,62;16,0;0,56;0,59
Lithuania 1 Lyga;Lithuania;220,0;220,0;3,04;0,53;0,14;0,15;1,43;1,6;1,44;0,53;0,51;0,49;38,0;0,55;20,0;0,6;0,58
Honduras Liga Nacional;Honduras;219,0;217,0;2,84;0,6;0,16;0,23;1,12;1,53;1,31;0,54;0,56;0,44;52,0;0,63;7,0;0,57;0,6
CAF Confederations Cup;International (Africa);218,0;218,0;2,26;0,68;0,13;0,93;0,73;1,59;0,67;0,71;0,36;0,64;92,0;0,3;6,0;0,33;0,32
South Africa Premier;South Africa;218,0;216,0;1,99;0,71;0,11;0,31;0,58;1,15;0,84;0,58;0,38;0,62;42,0;0,4;21,0;0,43;0,42
Indonesia Super League;Indonesia;217,0;216,0;2,75;0,6;0,14;0,32;1,09;1,53;1,21;0,56;0,51;0,49;32,0;0,34;7,0;0,14;0,24
Argentina Nacional Reserve League;Argentina;216,0;215,0;2,31;0,65;0,16;0,06;0,8;1,19;1,12;0,51;0,47;0,53;22,0;0,64;2,0;0,0;0,32
Israel Cup;Israel;216,0;216,0;3,27;0,59;0,16;0,07;1,33;1,67;1,6;0,51;0,47;0,53;34,0;0,56;29,0;0,55;0,56
Spain Tercera Group 5;Spain;215,0;214,0;2,37;0,69;0,13;0,32;0,73;1,34;1,03;0,57;0,5;0,5;23,0;0,39;0,0;0,0;0,2
Hungary NB I;Hungary;214,0;214,0;2,93;0,58;0,14;0,1;1,22;1,51;1,41;0,52;0,6;0,4;31,0;0,65;10,0;0,7;0,67
Norway Cup;Norway;214,0;214,0;3,56;0,54;0,16;1,04;1,62;1,26;2,3;0,35;0,58;0,42;9,0;0,78;92,0;0,5;0,64
Costa Rica Segunda;Costa Rica;214,0;214,0;2,78;0,62;0,12;0,51;1,05;1,64;1,14;0,59;0,6;0,4;18,0;0,33;0,0;0,0;0,17
England Isthmian Premier Division;England;213,0;213,0;3,12;0,54;0,16;0,09;1,44;1,51;1,61;0,48;0,63;0,37;9,0;0,44;2,0;0,0;0,22
Spain Tercera Group 1;Spain;213,0;213,0;2,4;0,64;0,15;0,31;0,86;1,35;1,05;0,56;0,47;0,53;23,0;0,61;3,0;0,67;0,64
Greece Super League 2;Greece;213,0;212,0;2,17;0,66;0,13;0,29;0,74;1,23;0,94;0,57;0,38;0,62;66,0;0,33;35,0;0,51;0,42
Romania Cup;Romania;213,0;213,0;3,0;0,64;0,15;0,5;1,09;1,25;1,75;0,42;0,54;0,46;15,0;0,47;56,0;0,68;0,57
Switzerland 1.Liga Classic;Switzerland;212,0;212,0;3,17;0,6;0,14;0,23;1,26;1,7;1,47;0,54;0,58;0,42;20,0;0,6;5,0;0,8;0,7
Spain Segunda Federacion Women;Spain;211,0;211,0;2,8;0,64;0,14;0,79;1,01;1,79;1,0;0,64;0,5;0,5;50,0;0,54;12,0;0,83;0,69
Nigeria Premier League;Nigeria;211,0;209,0;1,96;0,71;0,1;0,82;0,57;1,39;0,57;0,71;0,38;0,62;151,0;0,44;0,0;0,0;0,22
Honduras Reserve League;Honduras;210,0;210,0;3,6;0,57;0,2;0,45;1,56;2,03;1,58;0,56;0,63;0,37;32,0;0,62;11,0;0,82;0,72
Spain Tercera Group 13;Spain;208,0;208,0;2,4;0,69;0,13;0,22;0,74;1,31;1,09;0,55;0,48;0,52;18,0;0,56;8,0;0,75;0,65
Sweden Cup;Sweden;207,0;207,0;3,21;0,53;0,16;0,23;1,49;1,72;1,49;0,54;0,48;0,52;65,0;0,49;43,0;0,49;0,49
Egypt Second Division B;Egypt;206,0;206,0;2,39;0,69;0,11;0,32;0,74;1,35;1,04;0,57;0,46;0,54;24,0;0,67;1,0;1,0;0,83
Northern Ireland Premier;North Ireland;206,0;204,0;2,92;0,57;0,2;0,24;1,25;1,58;1,34;0,54;0,51;0,49;41,0;0,49;24,0;0,58;0,54
Uruguay Segunda;Uruguay;204,0;204,0;2,14;0,67;0,14;0,16;0,71;1,15;0,99;0,54;0,45;0,55;3,0;0,67;0,0;0,0;0,33
Europe - World Cup Qualifying;International (Europe);204,0;204,0;3,3;0,62;0,13;0,47;1,24;1,89;1,42;0,57;0,43;0,57;89,0;0,43;61,0;0,38;0,4
UAE Division 1;UAE;203,0;202,0;2,95;0,62;0,15;0,0;1,13;1,48;1,47;0,5;0,57;0,43;24,0;0,5;11,0;0,64;0,57
Africa - World Cup Qualifying;International (Africa);203,0;203,0;2,49;0,67;0,14;0,18;0,83;1,33;1,15;0,54;0,38;0,62;86,0;0,42;48,0;0,31;0,37
Slovenia 2. SNL;Slovenia;203,0;203,0;2,88;0,63;0,14;0,24;1,07;1,56;1,32;0,54;0,51;0,49;42,0;0,69;22,0;0,41;0,55
Argentina Copa de la Liga Profesional;Argentina;203,0;203,0;2,21;0,69;0,1;0,18;0,7;1,2;1,01;0,54;0,43;0,57;35,0;0,63;3,0;0,33;0,48
Austria Amateur Cup;Austria;203,0;203,0;4,42;0,57;0,18;0,79;1,9;1,82;2,61;0,41;0,62;0,38;25,0;0,8;71,0;0,59;0,7
Chile Tercera;Chile;202,0;202,0;3,17;0,56;0,13;0,35;1,38;1,76;1,41;0,55;0,57;0,43;29,0;0,45;2,0;0,5;0,47
San Marino Campionato;San Marino;201,0;198,0;2,74;0,63;0,17;0,02;1,01;1,38;1,36;0,5;0,45;0,55;46,0;0,43;47,0;0,43;0,43
Panama LPF;Panama;201,0;200,0;2,54;0,67;0,15;0,15;0,84;1,35;1,19;0,53;0,52;0,48;8,0;0,62;0,0;0,0;0,31
Italy Campionato Primavera 1;Italy;201,0;201,0;2,69;0,66;0,11;0,35;0,91;1,52;1,17;0,57;0,53;0,47;11,0;0,27;1,0;1,0;0,64
Brazil Serie A U20;Brazil;200,0;199,0;2,96;0,63;0,13;0,43;1,08;1,69;1,26;0,57;0,59;0,41;22,0;0,77;1,0;0,0;0,39
Denmark Superligaen;Denmark;200,0;200,0;3,06;0,55;0,12;0,2;1,39;1,63;1,42;0,53;0,61;0,39;25,0;0,68;10,0;0,7;0,69
Costa Rica Primera Division;Costa Rica;199,0;197,0;2,47;0,63;0,11;0,31;0,9;1,39;1,08;0,56;0,48;0,52;45,0;0,56;2,0;0,5;0,53
Brazil Copa Nordeste;Brazil;199,0;199,0;2,43;0,62;0,11;0,58;0,92;1,51;0,92;0,62;0,52;0,48;59,0;0,58;9,0;0,78;0,68
Netherlands Cup;Netherlands;199,0;199,0;3,42;0,58;0,15;0,1;1,44;1,76;1,66;0,51;0,64;0,36;46,0;0,67;45,0;0,69;0,68
Austria Bundesliga;Austria;198,0;198,0;2,67;0,59;0,11;0,2;1,08;1,43;1,23;0,54;0,55;0,45;12,0;0,5;5,0;1,0;0,75
England Southern Premier League Central;England;197,0;197,0;3,0;0,59;0,15;0,3;1,22;1,65;1,35;0,55;0,52;0,48;15,0;0,4;4,0;0,5;0,45
Mexico Liga MX U19 Femenil;Mexico;196,0;196,0;2,53;0,61;0,15;0,51;0,99;1,52;1,01;0,6;0,45;0,55;34,0;0,5;15,0;0,53;0,52
Wales Premier League;Wales;196,0;196,0;2,86;0,63;0,14;0,09;1,05;1,47;1,39;0,52;0,5;0,5;37,0;0,62;22,0;0,41;0,52
Tunisia League 1;Tunisia;196,0;195,0;1,71;0,77;0,09;0,36;0,4;1,04;0,68;0,6;0,27;0,73;69,0;0,25;15,0;0,53;0,39
Women’s International;International (World);195,0;194,0;2,94;0,6;0,15;0,77;1,17;1,86;1,08;0,63;0,42;0,58;73,0;0,34;11,0;0,55;0,44
Bosnia & Herzegovina 1st League;Bosnia;194,0;194,0;2,42;0,61;0,12;0,66;0,94;1,54;0,88;0,64;0,43;0,57;63,0;0,49;2,0;1,0;0,75
Azerbaijan Premier League;Azerbaijan;194,0;193,0;2,54;0,64;0,14;0,09;0,91;1,31;1,23;0,52;0,44;0,56;46,0;0,5;25,0;0,56;0,53
Kazakhstan Premier League;Kazakhstan;194,0;194,0;2,65;0,67;0,12;0,34;0,87;1,49;1,16;0,56;0,57;0,43;38,0;0,63;15,0;0,4;0,52
Czechia 5. Liga;Czech Republic;193,0;193,0;3,77;0,57;0,18;0,67;1,63;2,22;1,55;0,59;0,67;0,33;24,0;0,62;3,0;0,67;0,65
Israel Liga Bet North;Israel;192,0;192,0;3,44;0,6;0,15;0,42;1,39;1,93;1,51;0,56;0,52;0,48;45,0;0,36;19,0;0,63;0,49
Slovakia Super Liga;Slovakia;192,0;192,0;2,85;0,58;0,12;0,16;1,2;1,51;1,35;0,53;0,54;0,46;37,0;0,68;6,0;0,67;0,67
Croatia 1.NL;Croatia;192,0;191,0;2,3;0,62;0,12;0,49;0,87;1,4;0,9;0,61;0,46;0,54;32,0;0,56;1,0;1,0;0,78
Indonesia Championship;Indonesia;191,0;191,0;2,58;0,67;0,13;0,41;0,84;1,5;1,08;0,58;0,53;0,47;50,0;0,6;10,0;0,5;0,55
England EFL Cup;England;191,0;191,0;3,01;0,56;0,12;0,18;1,33;1,59;1,41;0,53;0,54;0,46;56,0;0,59;28,0;0,61;0,6
Gambia GFA League;Gambia;190,0;183,0;1,87;0,8;0,11;0,05;0,37;0,96;0,91;0,51;0,43;0,57;10,0;0,6;1,0;1,0;0,8
UEFA Europa League;International (Europe);190,0;190,0;2,65;0,59;0,11;0,33;1,08;1,49;1,16;0,56;0,5;0,5;50,0;0,6;9,0;0,56;0,58
Czechia Youth League;Czech Republic;189,0;189,0;3,58;0,55;0,16;0,33;1,61;1,95;1,62;0,55;0,66;0,34;16,0;0,56;3,0;0,33;0,45
Scotland League Cup;Scotland;189,0;189,0;3,32;0,6;0,15;0,47;1,34;1,89;1,42;0,57;0,41;0,59;68,0;0,4;44,0;0,5;0,45
Vietnam V-League;Vietnam;189,0;189,0;2,72;0,57;0,14;0,2;1,17;1,46;1,26;0,54;0,57;0,43;41,0;0,54;9,0;0,67;0,6
USA NWSL Women;USA;189,0;188,0;2,55;0,62;0,13;0,2;0,97;1,38;1,17;0,54;0,53;0,47;26,0;0,5;6,0;0,5;0,5
Australia NPL Victoria;Australia;188,0;188,0;3,13;0,53;0,16;0,18;1,46;1,65;1,48;0,53;0,57;0,43;21,0;0,86;8,0;0,5;0,68
Croatia 2.NL;Croatia;188,0;188,0;2,84;0,58;0,14;0,5;1,2;1,67;1,17;0,59;0,49;0,51;38,0;0,42;4,0;0,25;0,34
Lithuania A Lyga;Lithuania;188,0;188,0;2,62;0,61;0,13;0,22;1,03;1,42;1,2;0,54;0,49;0,51;38,0;0,53;16,0;0,38;0,45
Denmark Division 1;Denmark;187,0;186,0;2,82;0,59;0,12;0,26;1,16;1,54;1,28;0,55;0,57;0,43;16,0;0,81;4,0;0,5;0,66
Republic of Ireland Premier Division;Ireland;187,0;187,0;2,4;0,67;0,09;0,35;0,79;1,37;1,03;0,57;0,52;0,48;45,0;0,62;6,0;0,67;0,64
Republic of Ireland First Division;Ireland;187,0;186,0;2,71;0,59;0,14;0,34;1,12;1,52;1,18;0,56;0,56;0,44;26,0;0,85;6,0;0,67;0,76
Malta Premier League;Malta;187,0;186,0;2,48;0,65;0,16;0,3;0,87;1,39;1,09;0,56;0,51;0,49;19,0;0,53;10,0;0,4;0,46
Netherlands Derde Divisie;Netherlands;185,0;185,0;3,35;0,54;0,15;0,22;1,55;1,78;1,57;0,53;0,59;0,41;8,0;0,62;4,0;0,75;0,69
Scotland League One;Scotland;185,0;185,0;2,64;0,56;0,13;0,15;1,15;1,39;1,24;0,53;0,52;0,48;26,0;0,65;6,0;0,33;0,49
Scotland Championship;Scotland;185,0;184,0;2,41;0,68;0,14;0,24;0,78;1,32;1,08;0,55;0,48;0,52;21,0;0,52;4,0;0,75;0,64
Bosnia & Herzegovina Premier Liga;Bosnia;185,0;184,0;2,25;0,71;0,12;0,45;0,66;1,35;0,9;0,6;0,39;0,61;62,0;0,45;14,0;0,36;0,4
Montenegro Prva Liga;Montenegro;183,0;183,0;2,45;0,68;0,14;0,38;0,8;1,42;1,04;0,58;0,49;0,51;14,0;0,64;0,0;0,0;0,32
Latvia Virsliga;Latvia;183,0;183,0;2,99;0,62;0,15;0,18;1,14;1,58;1,4;0,53;0,58;0,42;41,0;0,56;35,0;0,66;0,61
USA WPSL Women;USA;183,0;183,0;3,82;0,55;0,14;0,14;1,7;1,98;1,84;0,52;0,63;0,37;42,0;0,64;23,0;0,52;0,58
Spain Primera Federacion Women;Spain;182,0;182,0;2,53;0,6;0,12;0,38;1,02;1,46;1,07;0,58;0,52;0,48;34,0;0,47;7,0;0,29;0,38
UEFA Champions League Qualifying;International (Europe);182,0;182,0;2,7;0,67;0,13;0,5;0,89;1,6;1,1;0,59;0,44;0,56;56,0;0,5;15,0;0,27;0,38
Switzerland Challenge League;Switzerland;181,0;181,0;2,97;0,61;0,12;0,12;1,17;1,55;1,43;0,52;0,57;0,43;27,0;0,67;7,0;0,86;0,76
Estonia Meistriliiga;Estonia;181,0;180,0;3,24;0,51;0,13;0,46;1,58;1,85;1,39;0,57;0,57;0,43;50,0;0,52;36,0;0,53;0,52
Scotland League Two;Scotland;181,0;181,0;2,9;0,53;0,13;0,12;1,35;1,51;1,39;0,52;0,6;0,4;10,0;0,4;3,0;0,67;0,53
Australia New South Wales NPL Women;Australia;180,0;180,0;3,41;0,54;0,16;0,24;1,58;1,82;1,58;0,54;0,54;0,46;20,0;0,45;14,0;0,5;0,48
Croatia HNL;Croatia;180,0;180,0;2,66;0,56;0,13;0,24;1,16;1,45;1,21;0,55;0,54;0,46;41,0;0,59;15,0;0,6;0,59
Women’s Friendly;International (World);180,0;180,0;3,47;0,64;0,16;0,72;1,25;2,09;1,38;0,6;0,56;0,44;36,0;0,53;19,0;0,74;0,63
Tunisia League 2;Tunisia;180,0;178,0;2,16;0,7;0,12;0,64;0,65;1,4;0,76;0,65;0,4;0,6;51,0;0,41;1,0;0,0;0,21
Luxembourg Division Nationale;Luxembourg;180,0;180,0;2,93;0,63;0,15;0,08;1,08;1,51;1,43;0,51;0,51;0,49;33,0;0,42;23,0;0,43;0,43
Australia Victoria Premier League 1;Australia;178,0;178,0;3,39;0,54;0,16;0,63;1,56;2,01;1,38;0,59;0,59;0,41;11,0;0,45;2,0;1,0;0,73
Kenya Super League;Kenya;178,0;177,0;2,12;0,71;0,09;0,45;0,63;1,29;0,84;0,61;0,4;0,6;26,0;0,54;2,0;1,0;0,77
Denmark Division 2;Denmark;178,0;178,0;2,68;0,58;0,13;0,25;1,13;1,47;1,21;0,55;0,55;0,45;17,0;0,71;4,0;0,75;0,73
Finland Veikkausliiga;Finland;178,0;177,0;3,17;0,55;0,13;0,02;1,44;1,6;1,57;0,5;0,65;0,35;29,0;0,72;9,0;0,56;0,64
America Friendlies;International (World);178,0;178,0;2,89;0,58;0,14;0,35;1,21;1,62;1,27;0,56;0,63;0,37;20,0;0,6;10,0;0,6;0,6
South Africa Diski Challenge;South Africa;178,0;177,0;2,88;0,57;0,13;0,07;1,24;1,48;1,4;0,51;0,56;0,44;29,0;0,55;4,0;0,75;0,65
Ecuador LigaPro Serie B;Ecuador;177,0;177,0;2,19;0,73;0,1;0,64;0,59;1,41;0,77;0,65;0,43;0,57;31,0;0,29;4,0;0,75;0,52
Scotland League Challenge Cup;Scotland;176,0;176,0;3,58;0,52;0,15;0,77;1,73;2,18;1,4;0,61;0,64;0,36;51,0;0,57;8,0;0,38;0,47
Burkina Faso League;Burkina Faso;176,0;167,0;1,71;0,85;0,16;0,15;0,26;0,93;0,78;0,54;0,33;0,67;14,0;0,43;2,0;1,0;0,71
Türkiye 3.Lig Group 1;Turkey;176,0;176,0;2,39;0,71;0,13;0,15;0,7;1,27;1,12;0,53;0,47;0,53;22,0;0,55;5,0;0,6;0,57
Australia New South Wales League 2;Australia;175,0;175,0;3,65;0,57;0,14;0,26;1,56;1,95;1,69;0,54;0,66;0,34;10,0;0,3;4,0;0,75;0,52
South Korea K4 League;South Korea;172,0;172,0;3,21;0,65;0,15;0,41;1,12;1,81;1,4;0,56;0,56;0,44;21,0;0,67;5,0;0,8;0,73
Ghana Premier League;Ghana;170,0;169,0;1,88;0,79;0,1;0,6;0,39;1,24;0,64;0,66;0,34;0,66;75,0;0,33;1,0;0,0;0,17
Netherlands U21 League;Netherlands;170,0;170,0;4,27;0,5;0,17;0,12;2,15;2,19;2,08;0,51;0,71;0,29;15,0;0,67;9,0;0,89;0,78
Scotland Lowland League;Scotland;170,0;170,0;3,95;0,48;0,18;0,11;2,07;2,03;1,92;0,51;0,69;0,31;24,0;0,71;12,0;0,58;0,65
Switzerland 1.Liga Promotion;Switzerland;170,0;170,0;3,58;0,56;0,15;0,25;1,56;1,91;1,66;0,53;0,69;0,31;6,0;1,0;3,0;0,33;0,67
Iraq Premier Division;Iraq;169,0;168,0;2,17;0,72;0,14;0,4;0,62;1,28;0,89;0,59;0,47;0,53;10,0;0,5;0,0;0,0;0,25
Australia A-League;Australia;169,0;169,0;2,8;0,57;0,1;0,12;1,2;1,46;1,34;0,52;0,59;0,41;11,0;0,73;0,0;0,0;0,36
Uganda Premier League;Uganda;169,0;169,0;2,04;0,77;0,09;0,47;0,46;1,25;0,79;0,61;0,37;0,63;47,0;0,28;12,0;0,33;0,3
Israel Liga Alef South;Israel;169,0;169,0;2,85;0,56;0,14;0,02;1,25;1,44;1,41;0,5;0,55;0,45;11,0;0,45;3,0;0,33;0,39
Poland Youth League;Poland;169,0;169,0;3,6;0,54;0,13;0,38;1,68;1,99;1,61;0,55;0,61;0,39;17,0;0,71;3,0;0,67;0,69
Finland Ykkonen;Finland;168,0;168,0;3,45;0,56;0,15;0,42;1,53;1,93;1,52;0,56;0,6;0,4;15,0;0,6;0,0;0,0;0,3
Australia Queensland Premier League 3;Australia;167,0;167,0;4,57;0,51;0,18;0,25;2,22;2,41;2,16;0,53;0,74;0,26;24,0;0,71;16,0;0,69;0,7
Guatemala Segunda Division;Guatemala;166,0;166,0;2,96;0,56;0,13;0,72;1,29;1,84;1,12;0,62;0,52;0,48;32,0;0,5;4,0;0,75;0,62
Hong Kong 1st Division;Hong Kong;165,0;165,0;3,76;0,6;0,16;0,04;1,52;1,9;1,86;0,51;0,53;0,47;34,0;0,59;35,0;0,57;0,58
Republic of Ireland Leinster Senior League;Ireland;165,0;165,0;3,49;0,52;0,16;0,18;1,66;1,84;1,65;0,53;0,65;0,35;16,0;0,56;8,0;0,62;0,59
Georgia Erovnuli Liga;Georgia;165,0;165,0;2,72;0,61;0,13;0,02;1,06;1,37;1,35;0,5;0,56;0,44;28,0;0,64;6,0;0,5;0,57
Serbia U19 League;Serbia;165,0;165,0;3,58;0,54;0,16;0,67;1,64;2,13;1,45;0,59;0,65;0,35;25,0;0,76;8,0;0,5;0,63
Sweden Damallsvenskan;Sweden;165,0;164,0;3,25;0,54;0,16;0,07;1,49;1,66;1,59;0,51;0,54;0,46;38,0;0,55;25,0;0,44;0,5
Slovenia Prva Liga;Slovenia;164,0;164,0;3,12;0,51;0,14;0,3;1,53;1,71;1,41;0,55;0,59;0,41;37,0;0,57;14,0;0,71;0,64
Japan Football League;Japan;164,0;164,0;2,58;0,67;0,12;0,14;0,85;1,36;1,22;0,53;0,49;0,51;8,0;0,88;4,0;0,75;0,81
Asia - World Cup Qualifying;International (Asia);164,0;163,0;2,69;0,65;0,13;0,3;0,94;1,49;1,2;0,56;0,4;0,6;68,0;0,44;42,0;0,43;0,43
Australia NSW League 1 U20;Australia;164,0;164,0;3,76;0,5;0,16;0,25;1,87;2,01;1,76;0,53;0,63;0,37;12,0;0,58;3,0;1,0;0,79
Denmark Division 3;Denmark;163,0;163,0;2,96;0,58;0,14;0,44;1,24;1,7;1,26;0,57;0,55;0,45;8,0;0,62;2,0;0,0;0,31
Spain Tercera Group 4;Spain;163,0;163,0;2,47;0,67;0,12;0,4;0,81;1,44;1,04;0,58;0,37;0,63;15,0;0,4;0,0;0,0;0,2
Spain Tercera Group 10;Spain;163,0;162,0;2,51;0,65;0,14;0,39;0,88;1,45;1,06;0,58;0,47;0,53;18,0;0,5;1,0;0,0;0,25
UAE Reserve League;UAE;163,0;163,0;3,18;0,55;0,17;0,31;1,43;1,75;1,44;0,55;0,63;0,37;16,0;0,56;3,0;0,67;0,61
UEFA Europa League Qualifying;International (Europe);162,0;162,0;2,55;0,69;0,12;0,31;0,8;1,43;1,12;0,56;0,44;0,56;53,0;0,38;14,0;0,29;0,33
Israel Liga Alef North;Israel;162,0;162,0;2,78;0,64;0,14;0,09;1,0;1,43;1,35;0,52;0,53;0,47;15,0;0,67;6,0;0,67;0,67
Argentina Cup;Argentina;161,0;161,0;2,35;0,63;0,12;0,63;0,86;1,49;0,86;0,63;0,39;0,61;77,0;0,44;12,0;0,33;0,39
Spain Tercera Group 2;Spain;161,0;161,0;2,49;0,66;0,14;0,45;0,85;1,47;1,02;0,59;0,43;0,57;42,0;0,33;18,0;0,39;0,36
Spain Tercera Group 18;Spain;161,0;161,0;2,14;0,7;0,11;0,45;0,65;1,29;0,84;0,6;0,4;0,6;41,0;0,37;5,0;0,4;0,38
Morocco GNF 1;Morocco;160,0;160,0;2,33;0,61;0,12;0,0;0,91;1,16;1,16;0,5;0,48;0,52;31,0;0,48;17,0;0,53;0,51
Thailand Division 3 Cup;Thailand;160,0;160,0;2,76;0,76;0,13;0,14;0,66;1,45;1,31;0,52;0,49;0,51;24,0;0,58;7,0;0,43;0,51
Sweden 2.div Västra Götaland;Sweden;159,0;159,0;3,74;0,56;0,17;0,26;1,66;2,0;1,74;0,54;0,62;0,38;16,0;0,56;5,0;0,6;0,58
Iceland Premier League;Iceland;159,0;159,0;3,43;0,55;0,16;0,46;1,54;1,94;1,48;0,57;0,65;0,35;12,0;0,67;0,0;0,0;0,33
Georgia Liga 3;Georgia;159,0;159,0;3,08;0,61;0,16;0,28;1,21;1,68;1,4;0,54;0,53;0,47;22,0;0,5;5,0;0,4;0,45
Norway Division 2 Group 1;Norway;159,0;159,0;3,33;0,56;0,14;0,55;1,46;1,94;1,39;0,58;0,62;0,38;25,0;0,4;4,0;0,5;0,45
India Santosh Trophy;India;159,0;159,0;3,11;0,68;0,14;0,22;0,98;1,67;1,45;0,54;0,48;0,52;31,0;0,48;25,0;0,36;0,42
Zambia Super League;Zambia;159,0;157,0;1,8;0,71;0,09;0,4;0,52;1,1;0,7;0,61;0,36;0,64;24,0;0,29;4,0;0,5;0,4
Australia New South Wales U20 League;Australia;159,0;159,0;3,65;0,53;0,17;0,0;1,71;1,82;1,82;0,5;0,66;0,34;11,0;0,73;5,0;0,8;0,76
Slovenia U19 League;Slovenia;157,0;157,0;3,68;0,47;0,15;0,2;1,94;1,94;1,74;0,53;0,59;0,41;29,0;0,55;10,0;0,3;0,43
North Macedonia First League;North Macedonia;157,0;156,0;2,95;0,66;0,14;0,34;0,99;1,64;1,31;0,56;0,46;0,54;51,0;0,47;13,0;0,38;0,43
Latvia 1. Liga;Latvia;156,0;156,0;3,38;0,56;0,12;0,36;1,48;1,87;1,51;0,55;0,6;0,4;29,0;0,45;17,0;0,59;0,52
Albania Championship;Albania;156,0;155,0;2,11;0,72;0,11;0,2;0,59;1,15;0,96;0,55;0,44;0,56;14,0;0,57;3,0;0,67;0,62
Hungary Cup;Hungary;156,0;156,0;3,31;0,6;0,17;0,62;1,33;1,35;1,97;0,41;0,53;0,47;16,0;0,44;50,0;0,5;0,47
Colombia Cup;Colombia;156,0;156,0;2,42;0,69;0,13;0,59;0,76;1,51;0,92;0,62;0,47;0,53;56,0;0,48;13,0;0,62;0,55
Malawi Super League;Malawi;156,0;156,0;2,02;0,72;0,12;0,38;0,56;1,2;0,82;0,59;0,37;0,63;32,0;0,25;16,0;0,5;0,38
UEFA Conference League;International (Europe);155,0;155,0;2,48;0,57;0,11;0,5;1,07;1,49;0,99;0,6;0,46;0,54;47,0;0,38;13,0;0,46;0,42
Austria Regionalliga Mitte;Austria;155,0;155,0;3,52;0,54;0,16;0,31;1,62;1,92;1,61;0,54;0,61;0,39;22,0;0,32;10,0;0,6;0,46
Australia NPL Queensland;Australia;155,0;155,0;3,57;0,56;0,16;0,01;1,58;1,78;1,79;0,5;0,6;0,4;21,0;0,48;7,0;0,57;0,52
Australia Victoria Premier League 2;Australia;155,0;155,0;3,29;0,56;0,14;0,15;1,45;1,57;1,72;0,48;0,67;0,33;5,0;0,8;0,0;0,0;0,4
Australia Queensland Premier League;Australia;154,0;154,0;3,49;0,56;0,16;0,12;1,55;1,81;1,68;0,52;0,63;0,37;10,0;0,5;7,0;0,57;0,54
Estonia Esiliiga;Estonia;154,0;154,0;3,87;0,55;0,13;0,17;1,74;2,02;1,85;0,52;0,58;0,42;26,0;0,5;21,0;0,48;0,49
Croatia 3.NL;Croatia;153,0;153,0;2,98;0,59;0,13;0,68;1,22;1,83;1,15;0,61;0,53;0,47;20,0;0,6;1,0;1,0;0,8
Türkiye 2 Lig Kirmizi;Turkey;153,0;152,0;2,67;0,62;0,15;0,37;1,0;1,52;1,15;0,57;0,44;0,56;37,0;0,43;14,0;0,64;0,54
Germany Bundesliga Women;Germany;152,0;152,0;3,43;0,53;0,15;0,13;1,62;1,78;1,65;0,52;0,6;0,4;44,0;0,66;30,0;0,53;0,6
Croatia U19 League;Croatia;152,0;152,0;3,36;0,6;0,16;0,59;1,33;1,97;1,39;0,59;0,52;0,48;32,0;0,59;12,0;0,42;0,51
Algeria U20 League;Algeria;151,0;151,0;3,29;0,66;0,14;0,71;1,13;2,0;1,29;0,61;0,51;0,49;34,0;0,56;16,0;0,69;0,62
Georgia First League;Georgia;151,0;151,0;2,52;0,62;0,13;0,34;0,96;1,43;1,09;0,57;0,54;0,46;8,0;0,62;1,0;1,0;0,81
Colombia Liga Femenina;Colombia;151,0;151,0;2,44;0,66;0,13;0,26;0,82;1,35;1,09;0,55;0,47;0,53;39,0;0,36;17,0;0,59;0,47
Premier League International Cup;England;151,0;151,0;3,28;0,51;0,15;0,2;1,63;1,54;1,74;0,47;0,63;0,37;9,0;0,44;1,0;1,0;0,72
Elite Club Friendlies;International (World);151,0;151,0;2,74;0,61;0,15;0,03;1,06;1,36;1,38;0,5;0,49;0,51;19,0;0,47;19,0;0,58;0,53
CONCACAF Champions Cup;International (North & Central America);150,0;150,0;2,89;0,58;0,13;0,61;1,21;1,75;1,14;0,61;0,49;0,51;56,0;0,45;18,0;0,33;0,39
Italy Campionato Primavera 3;Italy;150,0;150,0;3,27;0,57;0,13;0,37;1,41;1,82;1,45;0,56;0,57;0,43;11,0;0,64;2,0;1,0;0,82
Australia NPL Victoria Women;Australia;150,0;150,0;3,5;0,61;0,16;0,17;1,37;1,83;1,67;0,52;0,61;0,39;15,0;0,67;14,0;0,64;0,65
Scotland FA Cup;Scotland;150,0;150,0;2,93;0,53;0,14;0,45;1,38;1,69;1,24;0,58;0,49;0,51;52,0;0,46;29,0;0,55;0,51
Africa Cup of Nations Qualification;International (Africa);149,0;149,0;2,2;0,71;0,12;0,4;0,63;1,3;0,9;0,59;0,37;0,63;52,0;0,44;23,0;0,39;0,42
England National League Premier Women;England;149,0;149,0;3,23;0,57;0,14;0,02;1,4;1,62;1,6;0,5;0,48;0,52;27,0;0,44;30,0;0,47;0,46
Finland Ykkosliiga;Finland;148,0;148,0;3,01;0,57;0,13;0,32;1,28;1,66;1,34;0,55;0,64;0,36;28,0;0,64;6,0;1,0;0,82
UAE Premier League;UAE;148,0;148,0;2,84;0,59;0,13;0,06;1,18;1,39;1,45;0,49;0,55;0,45;25,0;0,44;17,0;0,65;0,54
Brazil Campeonato Paulista A2;Brazil;148,0;147,0;2,36;0,69;0,11;0,18;0,73;1,27;1,09;0,54;0,52;0,48;8,0;0,62;0,0;0,0;0,31
Venezuela Cup;Venezuela;148,0;148,0;2,69;0,69;0,12;0,66;0,84;1,68;1,01;0,62;0,46;0,54;29,0;0,48;5,0;0,6;0,54
Ethiopia Higher League;Ethiopia;148,0;143,0;1,8;0,81;0,15;0,41;0,35;0,7;1,11;0,39;0,32;0,68;10,0;0,5;3,0;0,0;0,25
Malaysia MFL Cup;Malaysia;148,0;148,0;2,92;0,65;0,15;0,27;1,01;1,59;1,32;0,55;0,52;0,48;30,0;0,53;12,0;0,5;0,52
Womens Euro Championships Qual;International (Europe);148,0;148,0;2,95;0,56;0,14;0,09;1,3;1,52;1,43;0,52;0,43;0,57;54,0;0,43;39,0;0,36;0,39
USA USL League One Cup;USA;148,0;148,0;2,7;0,63;0,13;0,27;1,0;1,49;1,22;0,55;0,55;0,45;23,0;0,65;2,0;1,0;0,83
Montenegro Druga Liga;Montenegro;148,0;148,0;2,41;0,68;0,14;0,25;0,77;1,33;1,08;0,55;0,37;0,63;25,0;0,52;7,0;0,29;0,4
Australia Western Australia Premier League;Australia;147,0;147,0;3,41;0,58;0,18;0,01;1,43;1,71;1,7;0,5;0,62;0,38;8,0;0,38;2,0;1,0;0,69
Gambia Division 2;Gambia;147,0;147,0;2,03;0,68;0,11;0,07;0,65;1,05;0,98;0,52;0,46;0,54;7,0;0,86;0,0;0,0;0,43
Cyprus Division 2;Cyprus;146,0;146,0;2,62;0,61;0,12;0,03;1,02;1,32;1,29;0,51;0,5;0,5;30,0;0,53;9,0;0,44;0,49
Oman League;Oman;146,0;146,0;2,54;0,64;0,13;0,09;0,91;1,32;1,23;0,52;0,5;0,5;25,0;0,52;12,0;0,33;0,43
Tanzania Premier League;Tanzania;146,0;146,0;1,9;0,75;0,13;0,36;0,48;1,13;0,77;0,59;0,31;0,69;40,0;0,28;21,0;0,29;0,28
Egypt League Cup;Egypt;146,0;146,0;2,18;0,68;0,13;0,06;0,7;1,12;1,06;0,51;0,42;0,58;18,0;0,33;10,0;0,4;0,37
Czechia Cup;Czech Republic;146,0;146,0;3,62;0,57;0,16;1,37;1,54;1,12;2,49;0,31;0,52;0,48;13,0;0,69;62,0;0,44;0,56
Australia Northern NSW Premier League;Australia;146,0;146,0;3,45;0,52;0,15;0,09;1,65;1,68;1,77;0,49;0,64;0,36;18,0;0,5;4,0;0,5;0,5
Senegal Premier League;Senegal;145,0;144,0;1,55;0,85;0,09;0,19;0,24;0,87;0,68;0,56;0,34;0,66;7,0;0,43;0,0;0,0;0,21
Norway Division 2 Group 2;Norway;145,0;145,0;3,78;0,53;0,18;0,55;1,76;2,17;1,61;0,57;0,68;0,32;22,0;0,68;4,0;0,75;0,72
Austria Regionalliga West;Austria;145,0;145,0;3,44;0,55;0,16;0,56;1,56;2,0;1,44;0,58;0,57;0,43;26,0;0,54;6,0;0,5;0,52
Brazil Serie A1 Women;Brazil;144,0;144,0;2,74;0,57;0,12;0,44;1,17;1,59;1,15;0,58;0,53;0,47;55,0;0,49;22,0;0,41;0,45
Indonesia U20 League;Indonesia;144,0;144,0;3,12;0,6;0,16;0,33;1,25;1,72;1,4;0,55;0,49;0,51;35,0;0,57;20,0;0,25;0,41
Australia South Australia Premier League;Australia;144,0;144,0;3,54;0,56;0,15;0,31;1,56;1,92;1,62;0,54;0,6;0,4;11,0;0,82;4,0;0,75;0,78
Australia NPL Victoria U23;Australia;144,0;144,0;3,69;0,54;0,16;0,2;1,69;1,94;1,74;0,53;0,62;0,38;16,0;0,75;6,0;1,0;0,88
Bahrain Premier League;Bahrain;144,0;144,0;2,42;0,63;0,13;0,08;0,89;1,25;1,17;0,52;0,43;0,57;22,0;0,41;17,0;0,47;0,44
Sweden 2.div Norra Götaland;Sweden;143,0;143,0;3,2;0,59;0,16;0,27;1,31;1,73;1,46;0,54;0,63;0,37;21,0;0,38;3,0;1,0;0,69
Cambodia Premier League;Cambodia;143,0;143,0;3,07;0,62;0,1;0,22;1,15;1,43;1,64;0,46;0,55;0,45;32,0;0,62;27,0;0,63;0,63
Spain Tercera Group 15;Spain;143,0;143,0;2,5;0,6;0,12;0,38;0,99;1,44;1,06;0,58;0,58;0,42;17,0;0,76;2,0;0,5;0,63
Poland Cup;Poland;142,0;142,0;2,7;0,63;0,12;0,3;1,0;1,2;1,5;0,45;0,54;0,46;10,0;0,7;41,0;0,51;0,61
Peru Liga 2;Peru;142,0;142,0;2,39;0,72;0,12;0,47;0,68;1,43;0,96;0,6;0,48;0,52;23,0;0,61;1,0;0,0;0,3
Malaysia Super League;Malaysia;142,0;142,0;3,32;0,58;0,16;0,33;1,38;1,82;1,49;0,55;0,47;0,53;43,0;0,44;23,0;0,17;0,31
Australia Queensland PL U23;Australia;142,0;142,0;3,88;0,53;0,16;0,36;1,82;2,12;1,76;0,55;0,62;0,38;17,0;0,41;12,0;0,75;0,58
Slovakia Youth League;Slovakia;141,0;141,0;3,47;0,58;0,15;0,67;1,47;2,07;1,4;0,6;0,55;0,45;19,0;0,63;6,0;0,83;0,73
Spain Tercera Group 8;Spain;141,0;141,0;2,4;0,61;0,12;0,3;0,95;1,35;1,05;0,56;0,51;0,49;27,0;0,33;2,0;0,5;0,42
Hong Kong 2nd Division;Hong Kong;141,0;141,0;3,5;0,61;0,15;0,03;1,35;1,74;1,77;0,5;0,59;0,41;22,0;0,59;17,0;0,53;0,56
Argentina Championship Women;Argentina;141,0;141,0;2,16;0,75;0,12;0,29;0,55;1,23;0,94;0,57;0,38;0,62;31,0;0,55;10,0;0,4;0,47
Norway Division 3 Group 6;Norway;141,0;141,0;3,84;0,49;0,16;0,55;1,96;2,2;1,65;0,57;0,69;0,31;13,0;0,46;2,0;0,5;0,48
Iceland 1 Deild;Iceland;141,0;141,0;3,55;0,53;0,18;0,1;1,66;1,82;1,72;0,51;0,7;0,3;22,0;0,55;2,0;1,0;0,77
Iceland League Cup;Iceland;140,0;140,0;4,03;0,49;0,21;0,51;2,04;2,27;1,76;0,56;0,66;0,34;51,0;0,63;11,0;0,73;0,68
UEFA Youth League;International (Europe);139,0;139,0;4,01;0,54;0,17;0,47;1,86;2,24;1,77;0,56;0,58;0,42;32,0;0,47;15,0;0,4;0,43
Japan J-League Cup;Japan;139,0;139,0;2,59;0,64;0,14;0,2;0,92;1,19;1,4;0,46;0,56;0,44;5,0;0,4;18,0;0,56;0,48
Algeria Cup;Algeria;138,0;138,0;2,12;0,69;0,11;0,47;0,67;1,3;0,83;0,61;0,36;0,64;59,0;0,37;18,0;0,28;0,33
Morocco GNF 2;Morocco;138,0;138,0;2,14;0,64;0,11;0,32;0,78;1,23;0,91;0,57;0,46;0,54;8,0;0,75;0,0;0,0;0,38
Ethiopia Premier League Women;Ethiopia;138,0;137,0;2,49;0,62;0,12;0,2;0,93;1,35;1,14;0,54;0,36;0,64;43,0;0,26;27,0;0,37;0,31
Belgium Reserve League;Belgium;138,0;137,0;3,93;0,52;0,19;0,59;1,89;2,26;1,67;0,57;0,67;0,33;19,0;0,68;6,0;0,67;0,68
Spain Tercera Group 9;Spain;136,0;136,0;2,47;0,57;0,13;0,51;1,05;1,49;0,98;0,6;0,51;0,49;19,0;0,58;0,0;0,0;0,29
Scotland Premier League Women;Scotland;136,0;136,0;3,6;0,59;0,19;0,01;1,49;1,79;1,8;0,5;0,46;0,54;34,0;0,18;36,0;0,42;0,3
England FA WSL 2;England;136,0;136,0;3,04;0,55;0,15;0,21;1,38;1,62;1,42;0,53;0,61;0,39;26,0;0,62;14,0;0,79;0,7
South Africa National Div 2;South Africa;136,0;136,0;2,32;0,64;0,12;0,19;0,83;1,26;1,07;0,54;0,43;0,57;15,0;0,53;6,0;0,5;0,52
Sweden 2.div Södra Götaland;Sweden;136,0;136,0;3,33;0,55;0,16;0,26;1,5;1,79;1,54;0,54;0,6;0,4;7,0;0,43;0,0;0,0;0,21
Malta Challenge League;Malta;135,0;135,0;3,39;0,55;0,19;0,04;1,54;1,67;1,72;0,49;0,61;0,39;15,0;0,67;19,0;0,47;0,57
Leagues Cup;International (North & Central America);135,0;135,0;3,01;0,52;0,14;0,62;1,43;1,81;1,19;0,6;0,64;0,36;30,0;0,6;0,0;0,0;0,3
Chile Primera Division Women;Chile;135,0;135,0;3,04;0,6;0,13;0,54;1,22;1,79;1,25;0,59;0,41;0,59;45,0;0,31;34,0;0,44;0,38
Australia South Australia State League 1;Australia;135,0;135,0;3,32;0,52;0,17;0,58;1,58;1,95;1,37;0,59;0,56;0,44;13,0;0,54;5,0;0,8;0,67
Australia Queensland Premier League 2;Australia;135,0;135,0;4,12;0,5;0,17;0,3;2,08;2,21;1,91;0,54;0,72;0,28;13,0;0,69;5,0;0,8;0,75
Lebanon League;Lebanon;134,0;133,0;2,59;0,65;0,16;0,04;0,9;1,28;1,31;0,49;0,43;0,57;35,0;0,43;25,0;0,56;0,49
Japan Women Empowerment League;Japan;134,0;134,0;2,72;0,61;0,12;0,28;1,05;1,5;1,22;0,55;0,46;0,54;26,0;0,42;22,0;0,55;0,48
Estonia Esiliiga B;Estonia;134,0;134,0;4,11;0,51;0,16;0,34;2,02;2,22;1,89;0,54;0,61;0,39;28,0;0,61;9,0;0,44;0,53
Spain Tercera Group 3;Spain;133,0;133,0;2,65;0,61;0,14;0,37;1,03;1,51;1,14;0,57;0,42;0,58;37,0;0,35;9,0;0,44;0,4
England National League Cup;England;133,0;133,0;3,44;0,48;0,14;0,28;1,79;1,86;1,58;0,54;0,63;0,37;1,0;1,0;0,0;0,0;0,5
Türkiye 3.Lig Group 4;Turkey;133,0;132,0;2,68;0,6;0,15;0,05;1,07;1,36;1,32;0,51;0,45;0,55;26,0;0,46;11,0;0,45;0,46
Bolivia Copa Division Profesional;Bolivia;133,0;132,0;3,44;0,55;0,13;0,71;1,54;2,08;1,36;0,6;0,62;0,38;41,0;0,76;3,0;0,67;0,71
Chile Segunda;Chile;133,0;133,0;2,92;0,65;0,13;0,28;1,02;1,6;1,32;0,55;0,53;0,47;11,0;0,55;4,0;0,5;0,52
England Super League Women;England;132,0;132,0;3,11;0,66;0,16;0,27;1,06;1,69;1,42;0,54;0,57;0,43;37,0;0,59;25,0;0,56;0,58
France Division 1 Women;France;132,0;132,0;2,95;0,59;0,15;0,05;1,21;1,5;1,45;0,51;0,46;0,54;33,0;0,33;23,0;0,39;0,36
India Calcutta Football League;India;132,0;132,0;2,73;0,67;0,14;0,15;0,89;1,29;1,44;0,47;0,42;0,58;20,0;0,5;16,0;0,5;0,5
Qatar Stars League;Qatar;131,0;131,0;3,35;0,56;0,15;0,01;1,47;1,67;1,68;0,5;0,63;0,37;16,0;0,69;12,0;0,83;0,76
USA USL Super League Women;USA;131,0;131,0;2,65;0,58;0,13;0,02;1,1;1,31;1,34;0,5;0,54;0,46;8,0;0,38;5,0;0,6;0,49
Spain Tercera Group 16;Spain;131,0;131,0;3,09;0,58;0,14;0,44;1,31;1,76;1,33;0,57;0,53;0,47;30,0;0,57;14,0;0,57;0,57
England Southern Premier League South;England;131,0;131,0;3,24;0,55;0,16;0,53;1,45;1,89;1,35;0,58;0,63;0,37;7,0;0,43;1,0;0,0;0,21
Zanzibar Premier League;Tanzania;131,0;131,0;2,21;0,72;0,13;0,37;0,62;1,29;0,92;0,58;0,43;0,57;19,0;0,53;2,0;0,5;0,51
Greece Cup;Greece;131,0;130,0;2,42;0,68;0,13;0,51;0,77;1,47;0,95;0,61;0,45;0,55;40,0;0,45;26,0;0,54;0,49
Germany DFB Pokal;Germany;130,0;130,0;3,12;0,58;0,13;0,84;1,3;1,14;1,98;0,37;0,46;0,54;15,0;0,53;58,0;0,47;0,5
Qatar Stars Cup;Qatar;130,0;130,0;3,33;0,54;0,19;0,52;1,54;1,92;1,41;0,58;0,62;0,38;11,0;0,55;5,0;0,8;0,67
Spain Tercera Group 14;Spain;130,0;129,0;2,48;0,66;0,12;0,32;0,85;1,4;1,08;0,57;0,49;0,51;32,0;0,53;2,0;1,0;0,77
Norway Toppserien Women;Norway;130,0;130,0;3,26;0,59;0,14;0,22;1,33;1,74;1,52;0,53;0,48;0,52;35,0;0,4;28,0;0,39;0,4
Austria Cup;Austria;130,0;130,0;3,55;0,55;0,16;1,22;1,6;1,17;2,38;0,33;0,5;0,5;16,0;0,88;69,0;0,41;0,64
Faroe Islands Premier League;Faroe Islands;129,0;129,0;3,37;0,56;0,15;0,05;1,48;1,66;1,71;0,49;0,6;0,4;35,0;0,51;33,0;0,7;0,61
Portugal Campeonato Nacional II Women;Portugal;129,0;129,0;3,33;0,63;0,16;0,41;1,24;1,87;1,46;0,56;0,45;0,55;30,0;0,43;23,0;0,39;0,41
Israel League Cup;Israel;129,0;128,0;2,77;0,57;0,14;0,02;1,18;1,4;1,37;0,5;0,58;0,42;8,0;0,88;2,0;0,5;0,69
Brazil Campeonato Paulista A3;Brazil;129,0;129,0;2,18;0,6;0,1;0,26;0,87;1,22;0,96;0,56;0,41;0,59;22,0;0,36;0,0;0,0;0,18
Italy Serie C Cup;Italy;128,0;128,0;2,36;0,61;0,12;0,25;0,92;1,3;1,05;0,55;0,5;0,5;13,0;0,46;1,0;0,0;0,23
Greece Super League U19;Greece;128,0;128,0;2,62;0,65;0,14;0,21;0,92;1,41;1,2;0,54;0,45;0,55;33,0;0,3;18,0;0,56;0,43
Czech Cup;Czech Republic;128,0;128,0;3,39;0,54;0,17;0,77;1,56;1,31;2,08;0,39;0,55;0,45;4,0;0,5;54,0;0,57;0,54
India Bangalore Super Division;India;127,0;127,0;2,83;0,62;0,37;0,02;1,09;1,43;1,4;0,5;0,42;0,58;27,0;0,41;26,0;0,46;0,43
England FA Cup Women;England;127,0;126,0;3,61;0,57;0,17;0,53;1,54;2,07;1,54;0,57;0,47;0,53;54,0;0,48;26,0;0,42;0,45
Republic of Ireland National League Women;Ireland;127,0;127,0;3,31;0,57;0,16;0,07;1,41;1,62;1,69;0,49;0,54;0,46;28,0;0,46;28,0;0,46;0,46
New Zealand Northern League;New Zealand;127,0;127,0;3,37;0,59;0,15;0,03;1,38;1,7;1,67;0,5;0,6;0,4;10,0;0,7;11,0;0,64;0,67
Japan FA Cup;Japan;126,0;125,0;2,9;0,61;0,14;0,45;1,13;1,67;1,22;0,58;0,55;0,45;42,0;0,55;11,0;0,73;0,64
UAE Cup;UAE;126,0;126,0;2,76;0,68;0,13;0,25;0,87;1,51;1,25;0,55;0,48;0,52;24,0;0,58;9,0;0,22;0,4
Colombia U20 League;Colombia;126,0;126,0;2,86;0,69;0,14;0,19;0,88;1,52;1,33;0,53;0,52;0,48;18,0;0,56;9,0;0,44;0,5
Australia South Australia State League Reserves;Australia;126,0;126,0;4,07;0,53;0,18;0,18;1,92;2,13;1,94;0,52;0,6;0,4;20,0;0,7;11,0;0,64;0,67
Malaysia Liga A1 Semi Pro;Malaysia;126,0;126,0;2,92;0,64;0,14;0,11;1,04;1,52;1,4;0,52;0,41;0,59;29,0;0,41;22,0;0,18;0,3
Vietnam V-League 2;Vietnam;125,0;125,0;2,38;0,7;0,14;0,64;0,72;1,51;0,87;0,63;0,45;0,55;30,0;0,5;11,0;0,55;0,52
Malaysia President Cup;Malaysia;125,0;125,0;2,63;0,67;0,13;0,47;0,88;1,55;1,08;0,59;0,44;0,56;33,0;0,52;20,0;0,4;0,46
Norway Interkretsserie U19;Norway;125,0;125,0;4,86;0,47;0,19;0,41;2,57;2,63;2,22;0,54;0,74;0,26;14,0;0,71;4,0;1,0;0,86
Australia NPL Queensland U23;Australia;125,0;125,0;3,89;0,54;0,16;0,05;1,8;1,97;1,92;0,51;0,62;0,38;7,0;0,57;6,0;0,5;0,54
Thailand Cup;Thailand;124,0;123,0;3,32;0,8;0,17;0,29;0,67;1,81;1,52;0,54;0,47;0,53;36,0;0,42;25,0;0,6;0,51
Italy Serie A Women;Italy;124,0;124,0;2,62;0,73;0,12;0,2;0,71;1,41;1,21;0,54;0,47;0,53;32,0;0,59;16,0;0,5;0,55
Finland U20 League;Finland;124,0;124,0;4,55;0,5;0,19;0,98;2,26;2,77;1,78;0,61;0,72;0,28;28,0;0,75;11,0;0,82;0,78
Slovenia 3. SNL;Slovenia;124,0;124,0;2,77;0,62;0,13;0,29;1,04;1,53;1,24;0,55;0,55;0,45;18,0;0,61;4,0;0,75;0,68
Iceland Cup Women;Iceland;124,0;124,0;4,35;0,5;0,2;0,33;2,16;2,34;2,01;0,54;0,65;0,35;24,0;0,58;18,0;0,67;0,62
Azerbaijan Division 1;Azerbaijan;124,0;124,0;2,81;0,67;0,14;0,31;0,92;1,56;1,25;0,55;0,49;0,51;27,0;0,56;18,0;0,28;0,42
Australia Western Australia State League 1;Australia;124,0;124,0;3,37;0,59;0,15;0,19;1,38;1,78;1,59;0,53;0,69;0,31;7,0;0,86;4,0;0,75;0,8
Spain Tercera Group 11;Spain;123,0;123,0;2,93;0,64;0,16;0,71;1,06;1,82;1,11;0,62;0,46;0,54;29,0;0,41;6,0;0,67;0,54
Mali Premiere Division;Mali;123,0;119,0;1,73;0,66;0,1;0,02;0,59;0,85;0,88;0,49;0,3;0,7;18,0;0,33;9,0;0,11;0,22
Australia Cup Qualifying;Australia;123,0;123,0;3,64;0,53;0,15;0,15;1,72;1,89;1,75;0,52;0,61;0,39;28,0;0,64;20,0;0,55;0,6
Norway Division 3 Group 2;Norway;122,0;122,0;4,07;0,51;0,19;0,6;1,98;2,34;1,74;0,57;0,7;0,3;27,0;0,59;8,0;1,0;0,8
Slovenia Cup;Slovenia;122,0;122,0;3,69;0,72;0,17;0,66;1,03;1,52;2,17;0,41;0,48;0,52;20,0;0,45;42,0;0,52;0,49
Japan L1 League Women;Japan;121,0;121,0;2,88;0,66;0,12;0,32;0,99;1,6;1,28;0,56;0,57;0,43;11,0;0,64;5,0;0,6;0,62
Brazil Campeonato Paulista A4;Brazil;120,0;120,0;1,91;0,73;0,09;0,22;0,52;1,07;0,84;0,56;0,35;0,65;8,0;0,5;0,0;0,0;0,25
Uruguay Clausura;Uruguay;120,0;120,0;2,29;0,7;0,14;0,21;0,68;1,25;1,04;0,55;0,4;0,6;19,0;0,58;10,0;0,4;0,49
Ukraine Persha Liga;Ukraine;120,0;120,0;2,01;0,67;0,12;0,26;0,67;1,13;0,88;0,56;0,36;0,64;18,0;0,39;6,0;0,5;0,44
Jordan League;Jordan;119,0;119,0;2,74;0,66;0,13;0,03;0,92;1,35;1,39;0,49;0,49;0,51;29,0;0,59;21,0;0,62;0,6
UEFA Women's Champions League;International (Europe);119,0;119,0;3,49;0,51;0,14;0,5;1,72;1,99;1,5;0,57;0,49;0,51;44,0;0,41;32,0;0,56;0,49
Netherlands Eredivisie Women;Netherlands;118,0;118,0;3,3;0,57;0,13;0,36;1,41;1,83;1,47;0,56;0,53;0,47;35,0;0,51;27,0;0,59;0,55
Australia A-League Women;Australia;117,0;117,0;2,74;0,63;0,11;0,22;1,01;1,48;1,26;0,54;0,56;0,44;11,0;0,36;4,0;0,75;0,56
Kosovo Superliga;Kosovo;117,0;117,0;2,47;0,61;0,12;0,21;0,98;1,34;1,13;0,54;0,51;0,49;12,0;0,67;0,0;0,0;0,33
U19 International;International (World);117,0;117,0;3,15;0,62;0,16;0,5;1,19;1,83;1,32;0,58;0,57;0,43;24,0;0,54;3,0;0,33;0,44
Dominican Republic Liga;Dominican Republic;117,0;116,0;2,58;0,67;0,14;0,14;0,86;1,36;1,22;0,53;0,47;0,53;16,0;0,62;3,0;0,0;0,31
Australia Northern NSW Reserves League;Australia;117,0;117,0;3,63;0,48;0,14;0,13;1,87;1,88;1,75;0,52;0,7;0,3;4,0;0,75;7,0;0,86;0,8
Uruguay Apertura;Uruguay;116,0;116,0;2,47;0,61;0,15;0,24;0,97;1,35;1,11;0,55;0,53;0,47;12,0;0,83;7,0;0,57;0,7
Sweden 2.div Norra Svealand;Sweden;116,0;116,0;3,44;0,57;0,17;0,54;1,47;1,99;1,45;0,58;0,63;0,37;17,0;0,59;4,0;0,75;0,67
Trinidad & Tobago Premier League;Trinidad & Tobago;116,0;116,0;3,34;0,54;0,17;0,05;1,54;1,65;1,7;0,49;0,53;0,47;19,0;0,42;14,0;0,43;0,42
Hungary NBI Women;Hungary;116,0;115,0;3,57;0,6;0,18;0,21;1,42;1,89;1,68;0,53;0,46;0,54;33,0;0,45;31,0;0,39;0,42
Australia Victoria PL 1 U23;Australia;115,0;115,0;4,59;0,55;0,18;0,23;2,09;2,41;2,18;0,52;0,71;0,29;13,0;0,92;14,0;0,64;0,78
Australia SA Premier League Reserves;Australia;115,0;115,0;4,3;0,5;0,19;0,04;2,15;2,17;2,13;0,51;0,65;0,35;17,0;0,76;11,0;0,64;0,7
Poland Ekstraliga Women;Poland;115,0;115,0;3,28;0,6;0,17;0,08;1,32;1,6;1,68;0,49;0,5;0,5;27,0;0,37;23,0;0,61;0,49
Australia NPL Queensland Women;Australia;115,0;115,0;3,28;0,56;0,15;0,37;1,44;1,83;1,45;0,56;0,48;0,52;34,0;0,32;30,0;0,5;0,41
Australia WA State League 1 Reserves;Australia;115,0;115,0;4,1;0,52;0,16;0,1;1,95;2,1;2,0;0,51;0,63;0,37;17,0;0,59;9,0;0,56;0,57
Saint Kitts & Nevis Premier League;Saint Kitts & Nevis;115,0;113,0;3,68;0,63;0,24;0,06;1,35;1,87;1,81;0,51;0,53;0,47;26,0;0,58;26,0;0,62;0,6
Albania First Division;Albania;115,0;114,0;2,28;0,66;0,13;0,24;0,78;1,26;1,02;0,55;0,45;0,55;30,0;0,6;9,0;0,56;0,58
Hong Kong Premier League;Hong Kong;115,0;115,0;3,2;0,58;0,15;0,21;1,35;1,7;1,5;0,53;0,55;0,45;22,0;0,5;19,0;0,42;0,46
Bahrain Division 2;Bahrain;115,0;115,0;2,9;0,68;0,17;0,2;0,92;1,35;1,55;0,47;0,46;0,54;25,0;0,52;22,0;0,32;0,42
CONCACAF Central American Cup;International (North & Central America);114,0;114,0;2,72;0,68;0,14;0,54;0,86;1,63;1,09;0,6;0,55;0,45;19,0;0,58;6,0;1,0;0,79
South Africa National Div 1;South Africa;114,0;113,0;2,11;0,68;0,12;0,38;0,68;1,25;0,87;0,59;0,44;0,56;5,0;0,4;0,0;0,0;0,2
Panama Liga de Futbol Nacional;Panama;113,0;113,0;3,15;0,6;0,14;0,3;1,25;1,73;1,42;0,55;0,56;0,44;8,0;0,88;2,0;1,0;0,94
Myanmar U21 League;Myanmar;113,0;113,0;3,12;0,59;0,15;0,04;1,29;1,54;1,58;0,49;0,45;0,55;34,0;0,53;28,0;0,5;0,51
Spain Copa Federacion;Spain;113,0;113,0;2,63;0,68;0,14;0,29;0,84;1,46;1,17;0,56;0,49;0,51;10,0;0,4;6,0;0,33;0,37
Norway Division 3 Group 5;Norway;112,0;112,0;4,38;0,53;0,18;0,47;2,08;2,43;1,96;0,55;0,68;0,32;25,0;0,6;9,0;0,89;0,74
Greece Super League Women;Greece;112,0;112,0;3,01;0,65;0,16;0,56;1,04;1,79;1,22;0,59;0,39;0,61;43,0;0,37;27,0;0,37;0,37
Qatar Reserve League;Qatar;112,0;112,0;2,46;0,72;0,14;0,15;0,7;1,3;1,15;0,53;0,47;0,53;4,0;0,75;1,0;1,0;0,88
Argentina Regional League;Argentina;112,0;111,0;2,8;0,58;0,12;0,29;1,17;1,54;1,26;0,55;0,53;0,47;13,0;0,31;1,0;1,0;0,65
Indonesia Liga Nusantara;Indonesia;111,0;111,0;2,38;0,55;0,12;0,05;1,06;1,16;1,22;0,49;0,54;0,46;6,0;0,83;4,0;0,75;0,79
Germany Landespokal;Germany;111,0;111,0;3,45;0,6;0,16;0,62;1,37;1,41;2,04;0,41;0,48;0,52;10,0;0,2;43,0;0,42;0,31
Egypt Cup;Egypt;111,0;111,0;1,95;0,77;0,12;0,71;0,46;1,33;0,62;0,68;0,38;0,62;46,0;0,39;1,0;0,0;0,2
Iceland Cup;Iceland;110,0;110,0;4,6;0,48;0,22;0,29;2,41;2,45;2,15;0,53;0,69;0,31;31,0;0,68;27,0;0,74;0,71
Mauritania Division 1;Mauritania;110,0;110,0;2,39;0,61;0,12;0,28;0,93;1,34;1,05;0,56;0,49;0,51;14,0;0,43;4,0;0,75;0,59
China FA Cup;China;110,0;110,0;2,77;0,64;0,15;0,63;1,01;1,07;1,7;0,39;0,44;0,56;7,0;0,29;47,0;0,47;0,38
Brazil Campeonato Gaucho 2;Brazil;110,0;110,0;1,93;0,75;0,1;0,31;0,48;1,12;0,81;0,58;0,37;0,63;12,0;0,42;2,0;0,5;0,46
Cameroon Elite One;Cameroon;109,0;109,0;2,22;0,71;0,1;0,37;0,64;1,29;0,93;0,58;0,43;0,57;10,0;0,7;0,0;0,0;0,35
Finland Kakkonen Group B;Finland;109,0;109,0;3,71;0,57;0,17;0,48;1,59;2,09;1,61;0,56;0,6;0,4;24,0;0,67;7,0;0,57;0,62
Norway Division 3 Group 3;Norway;109,0;109,0;4,12;0,51;0,18;0,47;2,03;2,29;1,83;0,56;0,58;0,42;18,0;0,72;14,0;0,79;0,75
Spain Tercera Group 12;Spain;109,0;109,0;2,53;0,67;0,12;0,48;0,83;1,5;1,03;0,59;0,49;0,51;17,0;0,53;3,0;0,67;0,6
Northern Ireland Reserve League;North Ireland;108,0;108,0;4,32;0,47;0,23;0,82;2,28;2,57;1,75;0,6;0,67;0,33;25,0;0,64;7,0;0,86;0,75
England Isthmian Division One South;England;108,0;108,0;3,04;0,6;0,13;0,28;1,22;1,66;1,38;0,55;0,56;0,44;8,0;1,0;3,0;0,67;0,83
England Southern League Div One;England;107,0;107,0;3,34;0,47;0,15;0,31;1,76;1,82;1,51;0,55;0,62;0,38;15,0;0,53;4,0;0,5;0,52
Togo Premier Division;Togo;107,0;102,0;1,66;0,8;0,16;0,15;0,34;0,91;0,76;0,54;0,35;0,65;11,0;0,64;1,0;1,0;0,82
South Africa League Women;South Africa;105,0;105,0;2,69;0,66;0,13;0,27;0,92;1,48;1,21;0,55;0,42;0,58;26,0;0,38;14,0;0,43;0,41
Armenia Premier League;Armenia;105,0;105,0;2,57;0,6;0,16;0,42;1,03;1,5;1,08;0,58;0,46;0,54;26,0;0,35;18,0;0,39;0,37
Thailand League Cup;Thailand;105,0;105,0;2,92;0,62;0,15;0,58;1,11;1,17;1,75;0,4;0,46;0,54;17,0;0,47;27,0;0,56;0,51
Denmark Cup;Denmark;105,0;105,0;3,33;0,52;0,16;0,29;1,6;1,52;1,81;0,46;0,58;0,42;13,0;0,46;41,0;0,63;0,55
Iran Div 1;Iran;105,0;105,0;1,6;0,78;0,1;0,59;0,35;1,1;0,5;0,68;0,31;0,69;15,0;0,53;0,0;0,0;0,27
Australia Capital Territory Premier League;Australia;104,0;104,0;4,05;0,52;0,18;0,26;1,93;2,15;1,89;0,53;0,71;0,29;12,0;0,75;6,0;0,83;0,79
Africa Cup of Nations;International (Africa);104,0;104,0;2,26;0,64;0,1;0,34;0,81;1,3;0,96;0,57;0,46;0,54;30,0;0,57;22,0;0,45;0,51
Lithuania II Lyga;Lithuania;104,0;104,0;4,02;0,57;0,16;0,54;1,71;2,28;1,74;0,57;0,57;0,43;18,0;0,44;10,0;0,5;0,47
India Mumbai Super Division;India;104,0;104,0;4,54;0,56;0,2;1,13;1,99;1,7;2,84;0,37;0,51;0,49;7,0;0,43;24,0;0,5;0,46
Myanmar National League;Myanmar;104,0;102,0;3,59;0,62;0,16;0,14;1,35;1,72;1,87;0,48;0,55;0,45;24,0;0,38;18,0;0,44;0,41
Spain Copa De La Reina;Spain;104,0;104,0;3,16;0,66;0,14;0,91;1,08;1,12;2,04;0,36;0,42;0,58;13,0;0,62;37,0;0,32;0,47
Malaysia Cup;Malaysia;104,0;104,0;3,38;0,56;0,16;0,51;1,48;1,94;1,43;0,58;0,5;0,5;37,0;0,43;17,0;0,59;0,51
Belgium Super League Women;Belgium;104,0;104,0;2,92;0,55;0,17;0,1;1,31;1,51;1,41;0,52;0,57;0,43;26,0;0,5;15,0;0,8;0,65
Türkiye 3.Lig Group 3;Turkey;104,0;103,0;2,48;0,66;0,14;0,37;0,83;1,42;1,06;0,57;0,43;0,57;16,0;0,5;8,0;0,38;0,44
Andorra Premier Division;Andorra;103,0;103,0;2,72;0,67;0,12;0,21;0,89;1,47;1,25;0,54;0,41;0,59;34,0;0,38;25,0;0,28;0,33
Switzerland 2. Liga Interregional;Switzerland;103,0;103,0;3,62;0,56;0,16;0,83;1,58;2,22;1,4;0,61;0,64;0,36;14,0;0,79;0,0;0,0;0,39
Paraguay Cup;Paraguay;102,0;102,0;2,49;0,71;0,14;0,51;0,72;0,99;1,5;0,4;0,34;0,66;12,0;0,25;21,0;0,38;0,32
Coppa Italia;Italy;102,0;102,0;2,79;0,58;0,12;1,09;1,17;1,94;0,85;0,69;0,52;0,48;49,0;0,51;2,0;0,5;0,51
Indonesia Liga 4;Indonesia;102,0;102,0;3,15;0,69;0,16;0,21;0,97;1,68;1,47;0,53;0,51;0,49;16,0;0,56;7,0;0,71;0,64
South Korea Cup;South Korea;102,0;102,0;2,47;0,64;0,14;0,14;0,88;1,3;1,17;0,53;0,5;0,5;29,0;0,45;8,0;0,38;0,41
Hungary U19 1st Division;Hungary;100,0;100,0;3,77;0,54;0,19;0,21;1,74;1,99;1,78;0,53;0,53;0,47;17,0;0,47;4,0;0,5;0,49
UAE Youth League;UAE;100,0;100,0;3,59;0,51;0,16;0,37;1,74;1,98;1,61;0,55;0,64;0,36;30,0;0,63;14,0;0,5;0,57
Qatar U19 League;Qatar;98,0;98,0;2,6;0,56;0,14;0,15;1,13;1,22;1,38;0,47;0,5;0,5;9,0;0,89;6,0;0,67;0,78
Rwanda Cup;Rwanda;98,0;98,0;2,16;0,8;0,12;0,37;0,44;1,27;0,9;0,58;0,4;0,6;21,0;0,38;3,0;0,33;0,36
Canada Premier League;Canada;98,0;97,0;2,86;0,61;0,14;0,59;1,13;1,72;1,13;0,6;0,54;0,46;8,0;0,38;1,0;1,0;0,69
Norway Division 3 Group 1;Norway;97,0;97,0;4,78;0,53;0,22;1,09;2,22;2,94;1,85;0,61;0,73;0,27;27,0;0,81;5,0;0,8;0,81
Portugal Campeonato Nacional Women;Portugal;96,0;96,0;2,76;0,66;0,13;0,16;0,93;1,3;1,46;0,47;0,5;0,5;33,0;0,61;22,0;0,41;0,51
Italy Serie C Play-Offs;Italy;96,0;95,0;2,14;0,83;0,11;0,2;0,37;1,17;0,97;0,55;0,46;0,54;3,0;0,67;0,0;0,0;0,33
Hong Kong 3rd Division;Hong Kong;96,0;96,0;3,62;0,49;0,16;0,62;1,84;2,12;1,5;0,59;0,56;0,44;13,0;0,38;10,0;0,5;0,44
Australia Capital Territory U23 League;Australia;96,0;96,0;3,94;0,55;0,18;0,35;1,77;2,15;1,79;0,54;0,65;0,35;9,0;0,78;9,0;0,67;0,72
Suriname Major League;Suriname;96,0;96,0;2,99;0,59;0,19;0,01;1,24;1,5;1,49;0,5;0,52;0,48;20,0;0,55;15,0;0,47;0,51
North & Central America - World Cup Qualifying;International (North & Central America);95,0;95,0;3,2;0,62;0,15;0,44;1,2;1,82;1,38;0,57;0,4;0,6;42,0;0,43;24,0;0,38;0,4
Finland Kakkonen Group A;Finland;95,0;95,0;4,42;0,45;0,18;0,82;2,44;2,62;1,8;0,59;0,66;0,34;28,0;0,46;13,0;0,69;0,58
Zimbabwe Premier Soccer League;Zimbabwe;94,0;93,0;1,6;0,81;0,1;0,06;0,31;0,83;0,77;0,52;0,29;0,71;8,0;0,25;1,0;0,0;0,12
Australia Queensland Premier League Women;Australia;94,0;94,0;3,95;0,5;0,15;0,07;1,98;1,94;2,01;0,49;0,49;0,51;21,0;0,38;16,0;0,38;0,38
Italy Primavera Cup;Italy;94,0;94,0;3,15;0,56;0,13;1,04;1,37;2,1;1,05;0,67;0,57;0,43;15,0;0,4;0,0;0,0;0,2
Sweden Elitettan;Sweden;94,0;94,0;3,01;0,59;0,13;0,39;1,25;1,7;1,31;0,57;0,53;0,47;16,0;0,44;4,0;0,75;0,59
USA NPSL;USA;94,0;94,0;3,99;0,5;0,15;0,63;2,0;2,31;1,68;0,58;0,55;0,45;29,0;0,48;13,0;0,38;0,43
Mauritania Division 2;Mauritania;93,0;93,0;2,8;0,73;0,1;0,39;0,77;1,2;1,59;0,43;0,48;0,52;13,0;0,69;1,0;0,0;0,35
Womens World Cup Qual;International (World);93,0;93,0;3,28;0,69;0,16;0,72;1,01;2,0;1,28;0,61;0,4;0,6;39,0;0,33;29,0;0,59;0,46
Iceland Premier League Women;Iceland;93,0;93,0;3,94;0,48;0,17;0,45;2,07;2,19;1,74;0,56;0,67;0,33;16,0;0,56;18,0;0,61;0,59
Moldova Divizia Nationala;Moldova;91,0;91,0;2,93;0,59;0,16;0,03;1,2;1,48;1,45;0,51;0,47;0,53;26,0;0,62;18,0;0,28;0,45
Colombia Regional League;Colombia;91,0;91,0;4,01;0,59;0,19;0,03;1,65;1,99;2,02;0,5;0,64;0,36;6,0;0,83;5,0;0,6;0,72
Singapore Premier League;Singapore;90,0;90,0;3,7;0,5;0,14;0,17;1,85;1,77;1,93;0,48;0,58;0,42;26,0;0,69;21,0;0,33;0,51
England Isthmian Division One North;England;90,0;90,0;2,72;0,55;0,13;0,26;1,23;1,49;1,23;0,55;0,52;0,48;4,0;0,25;5,0;0,8;0,52
France Division 2 Women;France;90,0;90,0;2,62;0,53;0,13;0,24;1,24;1,43;1,19;0,55;0,53;0,47;6,0;0,67;3,0;0,67;0,67
Wales League Cup;Wales;90,0;90,0;3,63;0,52;0,17;0,37;1,74;2,0;1,63;0,55;0,61;0,39;21,0;0,71;11,0;0,45;0,58
Copa Libertadores Qualification;International (South America);89,0;89,0;2,18;0,69;0,09;0,36;0,68;1,27;0,91;0,58;0,46;0,54;38,0;0,66;1,0;1,0;0,83
Cambodia Cup;Cambodia;89,0;89,0;3,7;0,71;0,12;0,19;1,07;1,94;1,75;0,53;0,52;0,48;25,0;0,48;17,0;0,53;0,5
Republic of Ireland U20 League;Republic of Ireland;89,0;89,0;3,67;0,6;0,17;0,87;1,49;2,27;1,4;0,62;0,53;0,47;16,0;0,44;1,0;1,0;0,72
Brazil Campeonato Mineiro U20;Brazil;89,0;89,0;3,1;0,62;0,13;0,99;1,17;2,04;1,06;0,66;0,55;0,45;18,0;0,39;7,0;0,86;0,62
England FA National League Cup Women;England;88,0;88,0;3,32;0,51;0,14;0,18;1,64;1,75;1,57;0,53;0,52;0,48;16,0;0,56;11,0;0,36;0,46
Panama First Division Women;Panama;88,0;87,0;3,52;0,72;0,15;0,52;0,98;2,02;1,5;0,57;0,51;0,49;19,0;0,47;12,0;0,58;0,53
Australia Western Australia U23 League;Australia;88,0;88,0;3,55;0,55;0,17;0,55;1,59;2,05;1,5;0,58;0,66;0,34;2,0;1,0;0,0;0,0;0,5
Honduras Liga de Ascenso;Honduras;88,0;88,0;2,58;0,66;0,12;0,17;0,88;1,38;1,2;0,53;0,55;0,45;11,0;0,55;2,0;0,5;0,52
Australia Darwin Premier League;Australia;87,0;87,0;3,61;0,67;0,15;0,02;1,2;1,82;1,79;0,5;0,55;0,45;9,0;0,67;10,0;0,5;0,58
Turkey Cup;Turkey;87,0;87,0;2,79;0,64;0,14;0,33;1,0;1,56;1,23;0,56;0,46;0,54;28,0;0,5;13,0;0,54;0,52
Finland Kakkonen Group C;Finland;86,0;86,0;4,52;0,54;0,17;0,69;2,07;2,6;1,92;0,58;0,66;0,34;15,0;0,6;4,0;1,0;0,8
Finland Liigacup;Finland;86,0;86,0;3,2;0,51;0,16;0,22;1,56;1,71;1,49;0,53;0,59;0,41;13,0;0,62;5,0;0,2;0,41
Angola Girabola;Angola;86,0;86,0;2,07;0,72;0,12;0,28;0,58;1,17;0,9;0,57;0,4;0,6;23,0;0,43;5,0;0,4;0,42
Türkiye 3.Lig Group 2;Turkey;86,0;86,0;2,47;0,65;0,13;0,26;0,87;1,36;1,1;0,55;0,53;0,47;3,0;0,33;0,0;0,0;0,17
Israel Division 1 Women;Israel;86,0;85,0;3,49;0,67;0,16;0,26;1,15;1,87;1,62;0,54;0,45;0,55;27,0;0,48;21,0;0,43;0,46
Australia Tasmania Premier League;Australia;86,0;86,0;4,38;0,61;0,21;0,03;1,72;2,21;2,17;0,5;0,63;0,37;23,0;0,48;18,0;0,67;0,57
Portugal Cup Women;Portugal;85,0;85,0;3,46;0,61;0,16;0,54;1,36;2,0;1,46;0,58;0,45;0,55;28,0;0,54;26,0;0,27;0,4
Japan L2 League Women;Japan;85,0;85,0;2,39;0,73;0,11;0,2;0,66;1,09;1,29;0,46;0,4;0,6;7,0;0,57;11,0;0,55;0,56
Spain U19 Cup;Spain;85,0;85,0;3,13;0,63;0,14;0,85;1,15;1,99;1,14;0,64;0,58;0,42;16,0;0,56;0,0;0,0;0,28
Brazil Copa Rio;Brazil;84,0;84,0;1,87;0,7;0,1;0,13;0,55;1,0;0,87;0,54;0,31;0,69;11,0;0,27;7,0;0,43;0,35
Bosnia & Herzegovina Cup;Bosnia;84,0;84,0;2,67;0,66;0,15;0,45;0,92;1,56;1,11;0,58;0,37;0,63;24,0;0,38;19,0;0,42;0,4
Hong Kong U22 League;Hong Kong;84,0;84,0;3,35;0,57;0,16;0,04;1,43;1,65;1,69;0,49;0,61;0,39;8,0;0,5;9,0;0,78;0,64
Croatia Cup;Croatia;83,0;83,0;3,1;0,71;0,15;0,42;0,89;1,34;1,76;0,43;0,4;0,6;14,0;0,14;30,0;0,53;0,34
Iceland 3 Deild;Iceland;83,0;83,0;4,75;0,53;0,18;0,31;2,24;2,53;2,22;0,53;0,71;0,29;11,0;0,45;5,0;0,6;0,53
Norway Division 3 Group 4;Norway;83,0;83,0;4,45;0,45;0,18;0,57;2,43;2,51;1,94;0,56;0,76;0,24;11,0;0,55;4,0;1,0;0,77
Saudi Arabia Division 2;Saudi Arabia;82,0;82,0;2,66;0,6;0,13;0,44;1,07;1,55;1,11;0,58;0,62;0,38;10,0;0,4;4,0;0,75;0,57
Indonesia Liga 1;Indonesia;82,0;82,0;2,77;0,53;0,15;0,13;1,3;1,45;1,32;0,52;0,62;0,38;9,0;0,44;1,0;1,0;0,72
Hong Kong FA Cup Junior Division;Hong Kong;82,0;82,0;3,9;0,59;0,17;0,61;1,61;2,26;1,65;0,58;0,6;0,4;25,0;0,6;14,0;0,5;0,55
New Zealand Central League;New Zealand;82,0;82,0;3,87;0,55;0,15;0,3;1,73;1,78;2,09;0,46;0,55;0,45;16,0;0,69;23,0;0,39;0,54
Uganda Super League Women;Uganda;82,0;82,0;2,27;0,72;0,1;0,49;0,64;1,38;0,89;0,61;0,38;0,62;17,0;0,35;8,0;0,5;0,43
Malta FA Trophy;Malta;81,0;81,0;2,83;0,58;0,16;0,53;1,18;1,68;1,15;0,59;0,42;0,58;29,0;0,28;10,0;0,3;0,29
Switzerland U19 Elite;Switzerland;81,0;81,0;3,94;0,48;0,14;0,19;2,04;2,06;1,88;0,52;0,67;0,33;7,0;0,71;4,0;0,75;0,73
Nicaragua Clausura;Nicaragua;81,0;81,0;2,7;0,64;0,14;0,11;0,96;1,41;1,3;0,52;0,48;0,52;22,0;0,68;7,0;0,29;0,48
Australia SA Premier League Women;Australia;81,0;81,0;4,05;0,47;0,2;0,07;2,17;2,06;1,99;0,51;0,65;0,35;17,0;0,71;10,0;0,4;0,55
Brazil Serie A2 Women;Brazil;81,0;81,0;2,63;0,7;0,11;0,41;0,79;1,52;1,11;0,58;0,38;0,62;25,0;0,32;9,0;0,33;0,33
Denmark Elitedivisionen Women;Denmark;81,0;81,0;2,79;0,67;0,13;0,3;0,93;1,54;1,25;0,55;0,47;0,53;17,0;0,53;9,0;0,22;0,38
Saudi Arabia U21 League;Saudi Arabia;80,0;80,0;3,28;0,52;0,15;0,32;1,57;1,8;1,48;0,55;0,68;0,32;11,0;0,73;5,0;0,8;0,76
Kuwait League;Kuwait;80,0;80,0;2,79;0,71;0,13;0,34;0,8;1,56;1,23;0,56;0,54;0,46;16,0;0,56;12,0;0,58;0,57
Uruguay Cup;Uruguay;80,0;80,0;2,62;0,59;0,14;0,15;1,09;1,39;1,24;0,53;0,49;0,51;14,0;0,36;18,0;0,5;0,43
Costa Rica Primera Division Women;Costa Rica;79,0;79,0;3,48;0,64;0,15;0,75;1,24;2,11;1,37;0,61;0,46;0,54;32,0;0,53;14,0;0,36;0,44
England League Cup Women;England;79,0;79,0;3,44;0,6;0,16;0,15;1,39;1,65;1,8;0,48;0,54;0,46;23,0;0,61;19,0;0,58;0,59
Italy Campionato Primavera 4;Italy;79,0;78,0;3,43;0,57;0,14;0,14;1,48;1,78;1,65;0,52;0,65;0,35;12,0;0,75;1,0;1,0;0,88
Spain Tercera Group 17;Spain;78,0;78,0;2,29;0,68;0,12;0,09;0,74;1,1;1,19;0,48;0,45;0,55;8,0;0,38;3,0;0,67;0,52
Finland Kansallinen Liiga Women;Finland;78,0;78,0;3,82;0,58;0,17;0,74;1,6;2,28;1,54;0,6;0,56;0,44;24,0;0,54;15,0;0,53;0,54
Iran Pro League;Iran;77,0;77,0;1,78;0,89;0,12;0,19;0,2;0,99;0,79;0,55;0,4;0,6;18,0;0,5;3,0;0,67;0,58
Jordan Shield Cup;Jordan;77,0;77,0;2,26;0,66;0,11;0,13;0,76;1,19;1,06;0,53;0,48;0,52;12,0;0,75;10,0;0,3;0,52
Belgium Cup;Belgium;77,0;76,0;3,06;0,56;0,15;0,55;1,35;1,81;1,26;0,59;0,53;0,47;22,0;0,55;11,0;0,45;0,5
Northern Ireland Cup;North Ireland;76,0;76,0;3,01;0,52;0,17;0,3;1,44;1,66;1,36;0,55;0,5;0,5;26,0;0,42;16,0;0,38;0,4
Botswana Premier League;Botswana;76,0;76,0;2,29;0,76;0,11;0,26;0,55;1,28;1,01;0,56;0,41;0,59;19,0;0,37;5,0;0,4;0,38
China Super League Women;China;76,0;76,0;2,36;0,65;0,13;0,46;0,82;1,41;0,95;0,6;0,53;0,47;15,0;0,6;3,0;0,33;0,47
Senegal League Cup;Senegal;75,0;75,0;1,67;0,81;0,1;0,2;0,32;0,73;0,93;0,44;0,36;0,64;6,0;0,17;5,0;0,4;0,28
Costa Rica U21 League;Costa Rica;75,0;75,0;2,6;0,67;0,17;0,36;0,86;1,48;1,12;0,57;0,51;0,49;10,0;0,5;4,0;0,5;0,5
Slovakia I Liga Women;Slovakia;74,0;74,0;3,58;0,69;0,16;0,07;1,12;1,82;1,76;0,51;0,54;0,46;20,0;0,65;14,0;0,5;0,57
Jordan Division 1;Jordan;74,0;73,0;2,7;0,67;0,14;0,35;0,88;1,53;1,18;0,56;0,46;0,54;8,0;0,62;5,0;0,4;0,51
Uruguay Primera Division Amateur;Uruguay;74,0;73,0;2,53;0,76;0,14;0,04;0,62;1,28;1,24;0,51;0,34;0,66;10,0;0,2;7,0;0,43;0,31
Türkiye Womens League;Turkey;73,0;73,0;3,68;0,68;0,18;0,7;1,18;2,19;1,49;0,59;0,45;0,55;29,0;0,31;20,0;0,55;0,43
Brazil Campeonato Carioca U20;Brazil;73,0;72,0;2,59;0,64;0,12;0,32;0,92;1,45;1,14;0,56;0,41;0,59;16,0;0,31;6,0;0,83;0,57
Macau 1st Division;Macau;73,0;73,0;4,4;0,63;0,17;0,04;1,62;2,18;2,22;0,5;0,55;0,45;21,0;0,52;14,0;0,43;0,48
Brazil Campeonato Carioca A2;Brazil;73,0;73,0;1,84;0,64;0,09;0,03;0,67;0,93;0,9;0,51;0,44;0,56;2,0;0,5;0,0;0,0;0,25
UEFA Women's Champions League Qualifying;International (Europe);73,0;73,0;3,29;0,53;0,15;0,44;1,56;1,86;1,42;0,57;0,48;0,52;26,0;0,35;12,0;0,42;0,38
Bangladesh Premier League;Bangladesh;73,0;73,0;2,71;0,64;0,15;0,16;0,98;1,44;1,27;0,53;0,55;0,45;13,0;0,31;5,0;0,4;0,35
Israel Youth Cup;Israel;73,0;73,0;3,18;0,54;0,14;0,03;1,46;1,58;1,6;0,5;0,58;0,42;12,0;0,42;11,0;0,64;0,53
Greece Super League 2 U19;Greece;73,0;73,0;3,01;0,63;0,15;0,38;1,11;1,7;1,32;0,56;0,41;0,59;21,0;0,33;13,0;0,54;0,44
Wales Cup;Wales;72,0;72,0;3,78;0,55;0,16;0,42;1,69;2,1;1,68;0,56;0,6;0,4;23,0;0,52;14,0;0,93;0,73
Solomon Islands S League;Solomon Islands;72,0;72,0;3,81;0,59;0,12;0,33;1,57;2,07;1,74;0,54;0,6;0,4;20,0;0,55;8,0;0,75;0,65
USA USL W-League Women;USA;72,0;72,0;3,39;0,56;0,14;0,47;1,5;1,93;1,46;0,57;0,49;0,51;13,0;0,23;13,0;0,62;0,42
Brazil Campeonato Paulista;Brazil;72,0;72,0;2,33;0,61;0,09;0,64;0,91;1,49;0,85;0,64;0,42;0,58;21,0;0,33;5,0;0,8;0,57
Brazil Copa Verde;Brazil;72,0;71,0;2,94;0,7;0,12;0,78;0,87;1,86;1,08;0,63;0,51;0,49;26,0;0,5;2,0;0,5;0,5
Kyrgyzstan Top Liga;Kyrgyzstan;71,0;71,0;2,85;0,57;0,22;0,25;1,21;1,3;1,55;0,46;0,62;0,38;4,0;1,0;14,0;0,79;0,89
Denmark Future Cup;Denmark;71,0;71,0;3,93;0,5;0,17;0,01;1,96;1,97;1,96;0,5;0,7;0,3;6,0;0,67;1,0;1,0;0,83
Myanmar Cup;Myanmar;71,0;71,0;3,73;0,7;0,18;0,58;1,12;1,58;2,15;0,42;0,55;0,45;19,0;0,53;20,0;0,6;0,56
Australia SA Premier League Women Reserves;Australia;71,0;71,0;4,56;0,57;0,21;0,03;1,97;2,3;2,27;0,5;0,66;0,34;13,0;0,69;14,0;0,79;0,74
South Africa Cup;South Africa;71,0;71,0;2,41;0,71;0,13;0,24;0,69;1,32;1,08;0,55;0,51;0,49;20,0;0,4;10,0;0,6;0,5
Cyprus Cup;Cyprus;71,0;71,0;3,25;0,61;0,15;0,18;1,28;1,72;1,54;0,53;0,55;0,45;27,0;0,63;14,0;0,36;0,49
Republic of Ireland Munster Senior League;Ireland;70,0;70,0;2,9;0,62;0,13;0,1;1,11;1,5;1,4;0,52;0,56;0,44;5,0;0,4;3,0;0,0;0,2
Ukraine Druha Liga;Ukraine;70,0;70,0;2,77;0,56;0,15;0,11;1,21;1,33;1,44;0,48;0,5;0,5;6,0;0,5;5,0;0,8;0,65
Switzerland Cup;Switzerland;70,0;70,0;3,06;0,62;0,14;1,17;1,17;0,94;2,11;0,31;0,5;0,5;1,0;1,0;38,0;0,58;0,79
Brazil Copa Gaucho;Brazil;70,0;70,0;2,67;0,66;0,14;0,84;0,9;1,76;0,91;0,66;0,44;0,56;10,0;0,3;2,0;0,5;0,4
Jordan Reserve League;Jordan;70,0;70,0;3,33;0,56;0,16;0,1;1,47;1,61;1,71;0,48;0,63;0,37;10,0;0,4;11,0;0,64;0,52
Rwanda Womens League;Rwanda;69,0;68,0;2,62;0,67;0,17;0,07;0,87;1,35;1,28;0,51;0,43;0,57;9,0;0,33;11,0;0,45;0,39
New Zealand Southern League;New Zealand;69,0;69,0;4,14;0,53;0,21;0,49;1,97;2,32;1,83;0,56;0,58;0,42;24,0;0,5;10,0;0,9;0,7
Tunisia Cup;Tunisia;69,0;68,0;2,39;0,81;0,13;0,28;0,46;1,33;1,06;0,56;0,45;0,55;19,0;0,53;10,0;0,5;0,51
Seychelles Premier League;Seychelles;69,0;68,0;3,1;0,57;0,16;0,14;1,33;1,48;1,62;0,48;0,57;0,43;14,0;0,57;3,0;0,67;0,62
India Super League;India;69,0;69,0;2,45;0,63;0,12;0,39;0,9;1,42;1,03;0,58;0,52;0,48;20,0;0,5;4,0;0,5;0,5
Italy Serie B Women;Italy;69,0;69,0;3,06;0,54;0,13;0,04;1,4;1,51;1,55;0,49;0,65;0,35;14,0;0,71;5,0;0,6;0,66
UEFA Women's Nations League;International (Europe);69,0;69,0;2,96;0,66;0,14;0,38;1,01;1,67;1,29;0,56;0,38;0,62;21,0;0,19;14,0;0,57;0,38
Brazil Campeonato Catarinense;Brazil;69,0;69,0;2,38;0,69;0,11;0,46;0,74;1,42;0,96;0,6;0,45;0,55;16,0;0,5;2,0;1,0;0,75
Brazil Paulista Serie B;Brazil;69,0;69,0;2,61;0,56;0,12;0,23;1,14;1,42;1,19;0,54;0,51;0,49;6,0;0,5;1,0;0,0;0,25
Mexico Copa Conecta;Mexico;68,0;68,0;2,59;0,65;0,12;0,0;0,9;1,29;1,29;0,5;0,51;0,49;1,0;1,0;7,0;0,43;0,71
Ivory Coast Ligue 2;Ivory Coast;68,0;67,0;1,63;0,81;0,08;0,04;0,32;0,84;0,79;0,51;0,34;0,66;4,0;0,75;0,0;0,0;0,38
Azerbaijan Cup;Azerbaijan;67,0;67,0;2,79;0,66;0,15;0,19;0,94;1,49;1,3;0,53;0,48;0,52;20,0;0,65;13,0;0,62;0,63
Republic of Ireland FAI Cup;Ireland;67,0;67,0;3,39;0,62;0,17;0,76;1,28;2,07;1,31;0,61;0,39;0,61;25,0;0,32;12,0;0,42;0,37
Austria League 1 Women;Austria;67,0;67,0;3,61;0,69;0,16;0,12;1,11;1,75;1,87;0,48;0,46;0,54;24,0;0,62;14,0;0,43;0,53
Liberia First Division;Liberia;67,0;67,0;2,73;0,73;0,14;0,19;0,73;1,46;1,27;0,54;0,55;0,45;9,0;0,67;4,0;1,0;0,83
Brazil Campeonato Goiano;Brazil;67,0;67,0;2,51;0,61;0,11;0,45;0,99;1,48;1,03;0,59;0,48;0,52;11,0;0,45;2,0;0,5;0,48
Iceland U19 League;Iceland;66,0;65,0;4,92;0,49;0,17;0,89;2,51;2,91;2,02;0,59;0,77;0,23;4,0;0,5;5,0;1,0;0,75
Aruba Division Di Honor;Aruba;66,0;66,0;4,29;0,53;0,25;0,2;2,02;2,24;2,05;0,52;0,82;0,18;16,0;1,0;3,0;1,0;1,0
Liberia Second Division;Liberia;66,0;66,0;3,17;0,51;0,17;0,35;1,55;1,76;1,41;0,56;0,64;0,36;6,0;0,83;0,0;0,0;0,42
Iceland 1 Deild Women;Iceland;66,0;66,0;4,06;0,58;0,16;0,03;1,69;2,02;2,05;0,5;0,62;0,38;9,0;0,56;9,0;0,44;0,5
India Super Cup;India;66,0;66,0;2,74;0,56;0,14;0,53;1,22;1,64;1,11;0,6;0,45;0,55;15,0;0,53;8,0;0,5;0,52
Ecuador Cup;Ecuador;66,0;65,0;2,23;0,76;0,11;0,23;0,53;1,0;1,23;0,45;0,45;0,55;7,0;0,57;13,0;0,46;0,52
Ivory Coast Premier Division;Ivory Coast;66,0;66,0;1,97;0,75;0,11;0,15;0,49;0,91;1,06;0,46;0,33;0,67;5,0;0,6;2,0;0,0;0,3
Sweden Cup Women;Sweden;66,0;66,0;3,36;0,66;0,15;0,27;1,14;1,82;1,55;0,54;0,47;0,53;29,0;0,52;13,0;0,38;0,45
Australia Cup;Australia;65,0;65,0;3,35;0,59;0,17;0,46;1,39;1,45;1,91;0,43;0,51;0,49;6,0;0,67;23,0;0,43;0,55
Barbados Premier League;Barbados;65,0;64,0;3,06;0,63;0,65;0,32;1,13;1,69;1,37;0,55;0,6;0,4;14,0;0,71;8,0;0,75;0,73
Singapore Premier League 2;Singapore;65,0;65,0;3,71;0,56;0,14;0,05;1,63;1,83;1,88;0,49;0,63;0,37;11,0;0,73;7,0;0,71;0,72
Japan League Cup Women;Japan;65,0;65,0;2,49;0,67;0,12;0,06;0,82;1,22;1,28;0,49;0,54;0,46;12,0;0,83;4,0;1,0;0,92
Spain Segunda Division RFEF Play-Offs;Spain;65,0;65,0;2,03;0,78;0,11;0,34;0,45;1,18;0,85;0,58;0,4;0,6;7,0;0,57;0,0;0,0;0,29
Iceland 4 Deild;Iceland;65,0;65,0;4,29;0,51;0,17;0,08;2,11;2,18;2,11;0,51;0,78;0,22;4,0;1,0;3,0;0,67;0,83
FIFA Club World Cup;International (World);65,0;65,0;3,02;0,72;0,12;0,65;0,83;1,83;1,18;0,61;0,46;0,54;23,0;0,52;9,0;0,44;0,48
Copa Libertadores U20;International (South America);65,0;64,0;2,94;0,64;0,16;0,02;1,04;1,48;1,46;0,5;0,52;0,48;18,0;0,56;6,0;0,33;0,44
France Cup Women;France;64,0;64,0;3,45;0,57;0,17;0,33;1,49;1,56;1,89;0,45;0,44;0,56;18,0;0,17;23,0;0,48;0,32
Philippines PFL;Philippines;64,0;64,0;3,73;0,68;0,16;0,17;1,19;1,78;1,95;0,48;0,48;0,52;19,0;0,63;12,0;0,33;0,48
Namibia Premier League;Namibia;64,0;59,0;2,27;0,83;0,13;0,17;0,39;1,22;1,05;0,54;0,42;0,58;5,0;0,4;2,0;0,5;0,45
Nigeria National League;Nigeria;64,0;64,0;2,17;0,62;0,12;0,64;0,83;1,41;0,77;0,65;0,44;0,56;20,0;0,45;0,0;0,0;0,22
Uganda Division 2;Uganda;64,0;64,0;2,28;0,82;0,09;0,44;0,42;1,36;0,92;0,6;0,47;0,53;9,0;0,67;1,0;1,0;0,83
Australia Tasmania Super League Women;Australia;64,0;64,0;4,7;0,5;0,23;0,11;2,33;2,41;2,3;0,51;0,59;0,41;16,0;0,44;17,0;0,71;0,57
Brazil Campeonato Gaucho;Brazil;63,0;63,0;2,32;0,6;0,1;0,38;0,92;1,35;0,97;0,58;0,51;0,49;14,0;0,5;4,0;0,25;0,38
Mongolia Premier League;Mongolia;63,0;63,0;4,78;0,64;0,2;0,17;1,73;2,48;2,3;0,52;0,62;0,38;15,0;0,33;7,0;0,86;0,6
Uganda Cup;Uganda;63,0;63,0;2,32;0,65;0,1;0,22;0,82;1,27;1,05;0,55;0,27;0,73;15,0;0,2;6,0;0,17;0,18
Northern Ireland Championship;North Ireland;63,0;63,0;3,14;0,62;0,2;0,44;1,21;1,79;1,35;0,57;0,56;0,44;9,0;0,44;1,0;1,0;0,72
Japan Cup Women;Japan;63,0;62,0;2,7;0,63;0,11;0,32;1,0;1,51;1,19;0,56;0,49;0,51;23,0;0,61;10,0;0,4;0,5
Taiwan Premier League;Taiwan;63,0;63,0;2,97;0,6;0,13;0,3;1,19;1,63;1,33;0,55;0,51;0,49;14,0;0,64;8,0;0,5;0,57
Bulgaria Cup;Bulgaria;63,0;63,0;2,6;0,64;0,13;0,54;0,93;1,03;1,57;0,4;0,38;0,62;14,0;0,43;21,0;0,29;0,36
Sweden 2.div Norrland;Sweden;63,0;63,0;3,17;0,52;0,16;0,22;1,53;1,7;1,48;0,53;0,67;0,33;5,0;0,8;4,0;1,0;0,9
Scotland Highland League;Scotland;63,0;62,0;3,02;0,58;0,15;0,6;1,28;1,81;1,21;0,6;0,49;0,51;24,0;0,42;9,0;0,33;0,38
Vietnam U19 Championship;Vietnam;63,0;63,0;3,51;0,75;0,18;0,84;0,87;2,17;1,33;0,62;0,41;0,59;16,0;0,44;11,0;0,55;0,49
El Salvador Liga Feminina;El Salvador;63,0;63,0;4,4;0,59;0,19;0,59;1,8;2,49;1,9;0,57;0,6;0,4;23,0;0,61;16,0;0,38;0,49
Puerto Rico League;Puerto Rico;63,0;63,0;4,73;0,47;0,17;0,54;2,51;2,1;2,63;0,44;0,65;0,35;13,0;0,46;15,0;0,53;0,5
Liberia National League Women;Liberia;62,0;62,0;3,21;0,73;0,18;0,15;0,87;1,53;1,68;0,48;0,45;0,55;18,0;0,5;11,0;0,36;0,43
Albania Cup;Albania;62,0;62,0;2,26;0,74;0,13;0,58;0,59;1,42;0,84;0,63;0,42;0,58;23,0;0,52;1,0;0,0;0,26
Bolivia Liga Nacional U19;Bolivia;62,0;62,0;3,52;0,56;0,14;0,45;1,53;1,98;1,53;0,56;0,63;0,37;11,0;0,64;5,0;1,0;0,82
Copa do Brazil Women;Brazil;62,0;62,0;2,95;0,58;0,12;0,53;1,25;1,74;1,21;0,59;0,55;0,45;16,0;0,31;6,0;1,0;0,66
Copa Libertadores Women;International (South America);62,0;62,0;2,15;0,84;0,12;0,34;0,34;1,24;0,9;0,58;0,26;0,74;23,0;0,39;8,0;0,12;0,26
South Korea Women K League;South Korea;62,0;62,0;2,82;0,57;0,16;0,15;1,21;1,34;1,48;0,47;0,63;0,37;11,0;0,64;10,0;0,8;0,72
Ecuador Primera Women;Ecuador;62,0;62,0;3,52;0,71;0,15;0,87;1,01;2,19;1,32;0,62;0,48;0,52;20,0;0,5;18,0;0,33;0,42
Finland Ykkonen Women;Finland;62,0;62,0;3,52;0,6;0,17;0,71;1,39;2,11;1,4;0,6;0,55;0,45;14,0;0,5;8,0;0,62;0,56
Iceland League Cup B;Iceland;62,0;62,0;4,82;0,45;0,2;0,53;2,63;2,68;2,15;0,56;0,74;0,26;13,0;0,38;10,0;0,6;0,49
Peru Liga 3;Peru;62,0;62,0;2,66;0,69;0,12;0,63;0,83;1,65;1,02;0,62;0,5;0,5;7,0;0,86;0,0;0,0;0,43
Ghana Division 1;Ghana;62,0;62,0;2,32;0,61;0,12;0,45;0,91;1,39;0,94;0,6;0,4;0,6;9,0;0,78;1,0;0,0;0,39
Algeria Elite Championship Women;Algeria;62,0;62,0;3,23;0,73;0,17;1,06;0,86;2,15;1,08;0,66;0,34;0,66;25,0;0,4;15,0;0,47;0,43
Egypt Premier League Women;Egypt;61,0;61,0;3,66;0,63;0,19;0,61;1,34;2,13;1,52;0,58;0,51;0,49;16,0;0,56;13,0;0,31;0,44
Saudi Arabia Cup;Saudi Arabia;61,0;61,0;2,74;0,49;0,15;0,18;1,38;1,28;1,46;0,47;0,56;0,44;16,0;0,56;16,0;0,62;0,59
Denmark U19 League;Denmark;61,0;61,0;3,21;0,58;0,15;0,07;1,35;1,64;1,57;0,51;0,66;0,34;6,0;0,67;4,0;0,75;0,71
Oman Sultans Cup;Oman;61,0;60,0;2,03;0,78;0,13;0,03;0,45;1,03;1,0;0,51;0,34;0,66;8,0;0,25;4,0;0,5;0,38
Kosovo U21 League;Kosovo;61,0;61,0;4,56;0,49;0,17;0,66;2,32;2,61;1,95;0,57;0,75;0,25;12,0;0,67;4,0;1,0;0,83
Kenya League Women;Kenya;61,0;61,0;2,7;0,7;0,12;0,28;0,8;1,49;1,21;0,55;0,46;0,54;12,0;0,25;7,0;0,29;0,27
Brazil Paulista Women;Brazil;61,0;61,0;2,93;0,6;0,13;0,34;1,17;1,64;1,3;0,56;0,38;0,62;21,0;0,29;13,0;0,31;0,3
Nigeria League Women;Nigeria;61,0;61,0;2,57;0,69;0,14;0,64;0,79;1,61;0,97;0,62;0,44;0,56;11,0;0,27;3,0;0,67;0,47
Northern Ireland Championship Women;North Ireland;61,0;61,0;4,67;0,57;0,18;0,25;2,0;2,46;2,21;0,53;0,67;0,33;12,0;0,92;11,0;0,55;0,73
Brazil Campeonato Carioca B;Brazil;61,0;61,0;2,0;0,77;0,1;0,3;0,46;1,15;0,85;0,57;0,38;0,62;2,0;0,5;0,0;0,0;0,25
Australia Victoria State League 1;Australia;60,0;60,0;3,25;0,45;0,16;0,12;1,79;1,68;1,57;0,52;0,67;0,33;5,0;0,4;7,0;0,71;0,56
Iran Div 2;Iran;60,0;59,0;1,48;0,87;0,11;0,18;0,19;0,83;0,65;0,56;0,33;0,67;5,0;0,4;1,0;0,0;0,2
Coppa Italia Women;Italy;60,0;59,0;3,12;0,6;0,14;0,05;1,25;1,53;1,58;0,49;0,45;0,55;15,0;0,4;18,0;0,5;0,45
South America - World Cup Qualifying;International (South America);60,0;60,0;2,08;0,89;0,09;0,95;0,23;1,52;0,57;0,73;0,32;0,68;28,0;0,29;6,0;1,0;0,64
Vietnam Cup;Vietnam;60,0;60,0;2,5;0,66;0,14;0,17;0,85;1,33;1,17;0,53;0,52;0,48;16,0;0,44;3,0;0,33;0,39
Australia Capital Territory NPL2;Australia;60,0;60,0;3,92;0,53;0,15;0,55;1,85;2,23;1,68;0,57;0,65;0,35;19,0;0,58;3,0;1,0;0,79
Brazil Campeonato Carioca;Brazil;60,0;59,0;2,57;0,7;0,1;0,47;0,77;1,52;1,05;0,59;0,52;0,48;15,0;0,47;1,0;1,0;0,73
Brazil Serie A3 Women;Brazil;60,0;60,0;2,6;0,61;0,12;0,43;1,01;1,52;1,08;0,58;0,5;0,5;17,0;0,65;7,0;0,29;0,47
Australia Northern NSW Premier League Women;Australia;60,0;57,0;3,85;0,64;0,19;0,18;1,37;1,83;2,02;0,48;0,5;0,5;11,0;0,55;12,0;0,58;0,56
Uzbekistan 1st Division;Uzbekistan;60,0;60,0;2,67;0,54;0,15;0,33;1,23;1,5;1,17;0,56;0,52;0,48;6,0;0,17;1,0;1,0;0,58
Brazil Campeonato Mineiro;Brazil;59,0;59,0;2,32;0,79;0,09;0,12;0,5;1,1;1,22;0,47;0,51;0,49;11,0;0,55;6,0;0,83;0,69
Nicaragua Apertura;Nicaragua;59,0;59,0;3,03;0,59;0,14;0,69;1,25;1,86;1,17;0,61;0,47;0,53;19,0;0,42;5,0;0,6;0,51
Denmark Play-Offs Women;Denmark;59,0;57,0;3,08;0,67;0,14;0,51;1,02;1,8;1,29;0,58;0,56;0,44;12,0;0,5;9,0;0,44;0,47
Finland Ykkoscup;Finland;59,0;59,0;2,78;0,6;0,14;0,2;1,11;1,49;1,29;0,54;0,63;0,37;7,0;0,43;2,0;1,0;0,71
Iceland Pre-Season Cup;Iceland;59,0;59,0;4,63;0,43;0,22;0,56;2,65;2,59;2,03;0,56;0,78;0,22;17,0;0,82;11,0;0,91;0,87
Qatar League 2;Qatar;59,0;59,0;2,93;0,5;0,14;0,25;1,46;1,34;1,59;0,46;0,58;0,42;0,0;0,0;0,0;0,0;0,0
Fiji Cup;Fiji;59,0;59,0;2,59;0,79;0,2;0,69;0,54;1,64;0,95;0,63;0,39;0,61;8,0;0,25;2,0;1,0;0,62
Norway Youth Cup;Norway;58,0;58,0;4,62;0,47;0,2;0,21;2,45;2,41;2,21;0,52;0,69;0,31;14,0;0,5;12,0;0,83;0,67
Serbia Cup;Serbia;58,0;57,0;2,86;0,58;0,13;0,1;1,2;1,48;1,38;0,52;0,59;0,41;14,0;0,79;14,0;0,5;0,64
Costa Rica U19 League;Costa Rica;58,0;58,0;3,28;0,6;0,18;0,28;1,32;1,78;1,5;0,54;0,66;0,34;10,0;0,7;2,0;0,0;0,35
Brazil Campeonato Mineiro 2;Brazil;58,0;58,0;1,95;0,81;0,09;0,12;0,37;1,03;0,91;0,53;0,36;0,64;5,0;0,8;2,0;1,0;0,9
Vietnam Division 2;Vietnam;58,0;58,0;2,09;0,67;0,14;0,53;0,68;1,31;0,78;0,63;0,26;0,74;11,0;0,18;8,0;0,25;0,22
Peru Campeonato Nacional Women;Peru;58,0;58,0;3,24;0,68;0,14;0,59;1,05;1,91;1,33;0,59;0,47;0,53;23,0;0,35;12,0;0,42;0,38
Curacao League;Curacao;58,0;55,0;3,41;0,55;0,68;0,1;1,54;1,66;1,76;0,48;0,53;0,47;9,0;0,44;6,0;0,5;0,47
AFC Asian Cup Qualifiers;International (Asia);58,0;58,0;2,84;0,69;0,15;0,36;0,87;1,6;1,24;0,56;0,43;0,57;18,0;0,39;15,0;0,07;0,23
Czechia Div 2 Women;Czech Republic;57,0;57,0;4,0;0,52;0,17;0,6;1,94;2,3;1,7;0,57;0,65;0,35;14,0;0,71;7,0;0,86;0,79
Bhutan Premier League;Bhutan;57,0;57,0;4,26;0,73;0,12;0,19;1,15;2,23;2,04;0,52;0,58;0,42;17,0;0,47;16,0;0,5;0,49
Uruguay Torneo Intermedio;Uruguay;57,0;57,0;2,54;0,6;0,16;0,54;1,02;1,54;1,0;0,61;0,58;0,42;9,0;0,33;2,0;0,5;0,42
Bahrain U21 League;Bahrain;57,0;57,0;3,77;0,55;0,22;0,05;1,71;1,86;1,91;0,49;0,65;0,35;3,0;0,33;5,0;0,6;0,47
Niger Super League;Niger;57,0;57,0;1,95;0,77;0,11;0,47;0,45;1,21;0,74;0,62;0,35;0,65;15,0;0,53;0,0;0,0;0,27
UAE U19 League;UAE;57,0;57,0;4,21;0,55;0,2;0,25;1,89;2,23;1,98;0,53;0,63;0,37;8,0;0,62;10,0;0,3;0,46
Costa Rica Cup;Costa Rica;57,0;56,0;2,81;0,71;0,14;0,67;0,81;1,74;1,07;0,62;0,54;0,46;15,0;0,6;4,0;0,75;0,68
Faroe Islands Div 1;Faroe Islands;57,0;57,0;3,63;0,54;0,16;0,89;1,67;2,26;1,37;0,62;0,49;0,51;16,0;0,31;3,0;0,67;0,49
Italy Campionato Nazionale;Italy;56,0;56,0;3,5;0,51;0,15;0,96;1,7;2,23;1,27;0,64;0,5;0,5;11,0;0,45;2,0;0,5;0,48
Qatar Cup;Qatar;56,0;56,0;3,04;0,62;0,14;0,43;1,17;1,73;1,3;0,57;0,71;0,29;15,0;0,67;1,0;1,0;0,83
Estonia Meistriliiga Women;Estonia;56,0;56,0;4,32;0,55;0,14;0,07;1,92;2,2;2,12;0,51;0,68;0,32;16,0;0,56;10,0;0,6;0,58
Iran Cup;Iran;56,0;55,0;1,98;0,66;0,14;0,41;0,67;1,2;0,79;0,6;0,5;0,5;14,0;0,57;4,0;0,5;0,54
Austria Women League 2;Austria;56,0;56,0;3,54;0,61;0,16;0,18;1,36;1,86;1,68;0,53;0,41;0,59;10,0;0,5;7,0;0,14;0,32
Iceland 2 Deild;Iceland;56,0;56,0;3,62;0,5;0,14;0,45;1,81;2,04;1,59;0,56;0,73;0,27;9,0;1,0;0,0;0,0;0,5
Taiwan Mulan League Women;Taiwan;56,0;56,0;3,29;0,53;0,15;0,46;1,53;1,88;1,41;0,57;0,46;0,54;21,0;0,38;11,0;0,45;0,42
Argentina Copa Santa Fe;Argentina;56,0;56,0;2,25;0,68;0,1;0,07;0,71;1,16;1,09;0,52;0,46;0,54;7,0;0,57;2,0;0,5;0,54
Australia Friendlies;Australia;56,0;56,0;3,68;0,56;0,15;0,04;1,63;1,86;1,82;0,5;0,52;0,48;6,0;0,5;4,0;0,25;0,38
New Zealand Football Championship;New Zealand;56,0;56,0;3,41;0,54;0,15;0,52;1,56;1,96;1,45;0,58;0,59;0,41;5,0;0,2;2,0;1,0;0,6
Kuwait Division 1;Kuwait;56,0;56,0;3,02;0,59;0,13;0,02;1,24;1,5;1,52;0,5;0,54;0,46;9,0;0,67;5,0;0,2;0,43
Morocco Cup;Morocco;55,0;55,0;2,56;0,58;0,13;0,05;1,09;1,31;1,25;0,51;0,47;0,53;15,0;0,53;8,0;0,38;0,45
India I-League;India;55,0;55,0;2,98;0,63;0,13;0,58;1,1;1,78;1,2;0,6;0,58;0,42;2,0;1,0;1,0;0,0;0,5
Nepal National League;Nepal;55,0;55,0;2,49;0,76;0,12;0,13;0,59;1,31;1,18;0,53;0,47;0,53;12,0;0,75;4,0;0,0;0,38
Australia WA Premier League Women;Australia;55,0;55,0;4,11;0,6;0,19;0,51;1,64;2,31;1,8;0,56;0,56;0,44;16,0;0,56;9,0;0,33;0,45
Australia Championship;Australia;55,0;55,0;3,22;0,58;0,15;0,6;1,37;1,91;1,31;0,59;0,58;0,42;15,0;0,6;6,0;0,83;0,72
Brazil Copa Santa Catarina;Brazil;55,0;55,0;2,8;0,6;0,13;0,25;1,12;1,53;1,27;0,55;0,49;0,51;8,0;0,5;2,0;1,0;0,75
North Macedonia Second League;North Macedonia;55,0;55,0;2,67;0,8;0,13;1,07;0,55;1,87;0,8;0,7;0,36;0,64;27,0;0,44;6,0;0,5;0,47
India Delhi Senior Division;India;55,0;55,0;3,2;0,57;0,15;0,4;1,37;1,4;1,8;0,44;0,49;0,51;10,0;0,8;9,0;0,44;0,62
Iceland 5 Deild;Iceland;54,0;54,0;5,0;0,43;0,16;0,04;2,86;2,52;2,48;0,5;0,72;0,28;6,0;0,5;5,0;1,0;0,75
CONCACAF Caribbean Cup;International (Caribbean);54,0;54,0;2,63;0,6;0,14;0,22;1,06;1,43;1,2;0,54;0,54;0,46;8,0;0,75;0,0;0,0;0,38
Oman Federation Cup;Oman;54,0;54,0;2,5;0,71;0,13;0,13;0,72;1,31;1,19;0,53;0,54;0,46;7,0;0,71;2,0;0,5;0,61
UEFA Champions League Women;International (Europe);54,0;54,0;3,46;0,55;0,13;0,28;1,54;1,87;1,59;0,54;0,52;0,48;22,0;0,5;12,0;0,75;0,62
Ukraine Cup;Ukraine;53,0;53,0;2,47;0,72;0,16;0,06;0,69;1,26;1,21;0,51;0,43;0,57;12,0;0,42;16,0;0,62;0,52
India Durand Cup;India;53,0;53,0;3,3;0,54;0,16;0,85;1,53;2,08;1,23;0,63;0,58;0,42;16,0;0,69;5,0;0,8;0,74
Bangladesh Federation Cup;Bangladesh;53,0;53,0;2,94;0,63;0,18;0,0;1,08;1,47;1,47;0,5;0,43;0,57;16,0;0,44;9,0;0,44;0,44
Brazil Campeonato Capixaba;Brazil;53,0;53,0;2,08;0,68;0,12;0,0;0,66;1,04;1,04;0,5;0,4;0,6;14,0;0,29;2,0;1,0;0,64
El Salvador Apertura;El Salvador;53,0;52,0;2,81;0,68;0,15;0,02;0,89;1,42;1,4;0,5;0,53;0,47;7,0;0,57;0,0;0,0;0,29
Mozambique Mocambola;Mozambique;53,0;53,0;2,23;0,85;0,11;0,34;0,34;1,28;0,94;0,58;0,47;0,53;12,0;0,42;0,0;0,0;0,21
Brazil Campeonato Paranaense;Brazil;53,0;53,0;2,42;0,68;0,11;0,19;0,77;1,3;1,11;0,54;0,45;0,55;14,0;0,57;4,0;0,75;0,66
AFC Asian Cup;International (Asia);52,0;52,0;2,58;0,61;0,1;0,12;1,0;1,35;1,23;0,52;0,54;0,46;18,0;0,67;13,0;0,46;0,56
Scotland Women Premier League 2;Scotland;52,0;52,0;3,5;0,65;0,17;0,12;1,21;1,69;1,81;0,48;0,42;0,58;15,0;0,2;8,0;0,62;0,41
Senegal Ligue 2;Senegal;52,0;52,0;1,42;0,94;0,07;0,23;0,09;0,83;0,6;0,58;0,35;0,65;2,0;0,5;0,0;0,0;0,25
U20 International;International (World);52,0;49,0;2,21;0,77;0,12;0,13;0,5;1,17;1,04;0,53;0,42;0,58;8,0;0,62;3,0;0,33;0,48
Brazil Campeonato Goiano U20;Brazil;52,0;52,0;2,44;0,69;0,1;0,06;0,75;1,25;1,19;0,51;0,42;0,58;5,0;0,2;2,0;1,0;0,6
Bolivia Liga Femenina;Bolivia;52,0;52,0;3,94;0,65;0,16;0,4;1,4;2,17;1,77;0,55;0,6;0,4;14,0;0,5;7,0;0,71;0,61
UEFA Champions League Qualifying Women;International (Europe);51,0;51,0;3,43;0,57;0,15;0,76;1,46;2,1;1,33;0,61;0,41;0,59;23,0;0,48;7,0;0,57;0,52
Brazil Campeonato Paraibano;Brazil;51,0;51,0;2,35;0,64;0,12;0,35;0,86;1,35;1,0;0,57;0,47;0,53;13,0;0,46;2,0;0,5;0,48
Republic of Ireland Leinster Senior Cup;Ireland;51,0;51,0;3,49;0,49;0,16;0,59;1,77;2,04;1,45;0,58;0,51;0,49;13,0;0,54;8,0;0,88;0,71
Serbia League Women;Serbia;51,0;51,0;3,14;0,77;0,14;0,08;0,73;1,53;1,61;0,49;0,39;0,61;17,0;0,53;11,0;0,27;0,4
UEFA Women's Europa Cup Qualifying;International (Europe);50,0;50,0;3,04;0,64;0,15;0,88;1,09;1,96;1,08;0,64;0,38;0,62;18,0;0,22;9,0;0,22;0,22
Brazil Campeonato U20 Women;Brazil;50,0;50,0;3,22;0,58;0,13;0,54;1,35;1,88;1,34;0,58;0,3;0,7;14,0;0,36;14,0;0,21;0,29
New Zealand Cup;New Zealand;50,0;50,0;4,02;0,46;0,19;0,66;2,17;2,34;1,68;0,58;0,7;0,3;13,0;0,62;6,0;0,5;0,56
Finland Kakkonen Women;Finland;50,0;49,0;3,78;0,51;0,22;0,3;1,85;2,04;1,74;0,54;0,54;0,46;9,0;0,56;3,0;0,0;0,28
Guatemala Liga Nacional Women;Guatemala;50,0;50,0;3,4;0,66;0,18;0,04;1,15;1,72;1,68;0,51;0,46;0,54;14,0;0,5;5,0;0,0;0,25
India Mizoram Premier League;India;50,0;50,0;3,26;0,53;0,13;0,02;1,52;1,62;1,64;0,5;0,56;0,44;13,0;0,31;8,0;0,5;0,4
AFC Champions League Women;International (Asia);50,0;50,0;3,5;0,75;0,16;0,46;0,86;1,98;1,52;0,57;0,28;0,72;23,0;0,26;12,0;0,33;0,3
FIFA U20 World Cup;International (World);50,0;50,0;2,72;0,65;0,12;0,44;0,95;1,58;1,14;0,58;0,56;0,44;15,0;0,67;6,0;0,67;0,67
Gambia FF Cup;Gambia;50,0;50,0;1,76;0,84;0,09;0,0;0,28;0,88;0,88;0,5;0,42;0,58;10,0;0,8;1,0;1,0;0,9
Belgium Second Amateur Division ACFF;Belgium;49,0;49,0;2,84;0,58;0,12;0,1;1,2;1,37;1,47;0,48;0,57;0,43;0,0;0,0;2,0;1,0;0,5
Australia Capital Territory Premier League Women;Australia;49,0;49,0;3,96;0,57;0,18;0,49;1,7;2,22;1,73;0,56;0,43;0,57;10,0;0,2;7,0;0,29;0,24
Bahrain Kings Cup;Bahrain;49,0;49,0;3,31;0,59;0,17;0,37;1,36;1,84;1,47;0,56;0,57;0,43;9,0;0,44;8,0;0,75;0,6
UEFA Youth League Domestic Path;International (Europe);49,0;49,0;3,39;0,49;0,15;0,61;1,74;2,0;1,39;0,59;0,57;0,43;13,0;0,38;5,0;0,6;0,49
Brazil Campeonato Brasiliense;Brazil;49,0;49,0;2,59;0,71;0,12;0,18;0,76;1,2;1,39;0,46;0,39;0,61;16,0;0,5;8,0;0,12;0,31
Brazil Campeonato Goiano 2;Brazil;49,0;49,0;2,29;0,71;0,09;0,45;0,65;1,37;0,92;0,6;0,45;0,55;6,0;0,17;2,0;0,0;0,08
Brazil Campeonato Sergipano;Brazil;49,0;48,0;2,04;0,69;0,1;0,08;0,63;1,06;0,98;0,52;0,45;0,55;15,0;0,33;4,0;0,25;0,29
Czechia Div 1 Women;Czech Republic;49,0;49,0;3,69;0,51;0,18;0,02;1,81;1,86;1,84;0,5;0,49;0,51;12,0;0,42;11,0;0,36;0,39
Denmark Division 2 Women;Denmark;49,0;49,0;3,57;0,48;0,15;0,51;1,86;2,04;1,53;0,57;0,65;0,35;8,0;0,62;5,0;1,0;0,81
FIFA U20 World Cup Women;International (World);49,0;49,0;3,1;0,72;0,15;0,73;0,88;1,92;1,18;0,62;0,41;0,59;19,0;0,58;9,0;0,33;0,46
Poland League Women;Poland;49,0;49,0;3,82;0,59;0,16;0,02;1,56;1,92;1,9;0,5;0,59;0,41;9,0;0,56;5,0;0,8;0,68
Norway Division 1 Women;Norway;49,0;49,0;3,06;0,46;0,14;0,41;1,64;1,73;1,33;0,57;0,53;0,47;9,0;0,33;5,0;0,4;0,37
Jordan Cup;Jordan;49,0;49,0;3,12;0,83;0,15;0,88;0,54;2,0;1,12;0,64;0,43;0,57;17,0;0,47;12,0;0,25;0,36
AFC U20 Asian Cup Qualification;International (Asia);48,0;48,0;3,69;0,73;0,23;0,35;1,0;2,02;1,67;0,55;0,35;0,65;16,0;0,25;16,0;0,44;0,34
Brazil Campeonato Baiano;Brazil;48,0;48,0;2,56;0,73;0,12;0,56;0,7;1,56;1,0;0,61;0,54;0,46;10,0;0,5;1,0;1,0;0,75
India Mumbai Elite League;India;48,0;48,0;3,27;0,51;0,17;0,48;1,61;1,4;1,88;0,43;0,52;0,48;10,0;0,6;8,0;0,62;0,61
Brazil Campeonato Brasileiro U20 Women;Brazil;47,0;47,0;3,43;0,58;0,16;0,74;1,43;2,09;1,34;0,61;0,43;0,57;15,0;0,27;9,0;0,44;0,36
AFC Asian Cup U23 Qualifying;International (Asia);47,0;47,0;3,36;0,74;0,15;0,43;0,87;1,47;1,89;0,44;0,36;0,64;14,0;0,36;1,0;0,0;0,18
Hong Kong Sapling Cup;Hong Kong;47,0;47,0;3,23;0,5;0,16;0,0;1,6;1,62;1,62;0,5;0,57;0,43;13,0;0,54;11,0;0,82;0,68
Brazil Matches;Brazil;47,0;47,0;2,83;0,73;0,13;0,19;0,76;1,51;1,32;0,53;0,45;0,55;5,0;0,4;4,0;0,5;0,45
Germany DFB Pokal Women;Germany;46,0;45,0;3,11;0,67;0,14;0,02;1,02;1,57;1,54;0,5;0,48;0,52;11,0;0,73;18,0;0,44;0,59
Brazil Campeonato Brasileiro Serie B U20;Brazil;46,0;46,0;3,2;0,5;0,13;0,8;1,6;2,0;1,2;0,63;0,46;0,54;9,0;0,33;1,0;1,0;0,67
Dominica Premier League;Dominica;46,0;46,0;5,28;0,53;0,31;0,2;2,46;2,54;2,74;0,48;0,7;0,3;10,0;0,7;10,0;0,7;0,7
Australia Tasmania Championship;Australia;46,0;46,0;5,41;0,51;0,3;0,41;2,67;2,91;2,5;0,54;0,78;0,22;5,0;0,6;9,0;0,78;0,69
Vietnam U21 Championship;Vietnam;46,0;46,0;2,7;0,79;0,15;0,09;0,58;1,39;1,3;0,52;0,39;0,61;10,0;0,3;10,0;0,3;0,3
Kosovo Cup;Kosovo;45,0;45,0;2,36;0,65;0,13;0,27;0,82;1,31;1,04;0,56;0,33;0,67;12,0;0,5;2,0;0,0;0,25
Kazakhstan Cup;Kazakhstan;45,0;43,0;2,18;0,59;0,1;0,49;0,89;1,33;0,84;0,61;0,4;0,6;9,0;0,22;1,0;0,0;0,11
Brazil Catarinense 2;Brazil;45,0;45,0;2,13;0,78;0,1;0,76;0,47;1,44;0,69;0,68;0,42;0,58;6,0;0,33;2,0;1,0;0,67
Wales Premier League Women;Wales;45,0;45,0;4,49;0,47;0,17;0,27;2,39;2,38;2,11;0,53;0,73;0,27;15,0;0,8;6,0;0,67;0,73
Fiji National League;Fiji;45,0;45,0;3,47;0,66;0,29;0,09;1,17;1,69;1,78;0,49;0,51;0,49;7,0;0,43;6,0;0,17;0,3
African Nations Championship;International (Africa);44,0;44,0;2,02;0,73;0,11;0,2;0,55;1,11;0,91;0,55;0,41;0,59;4,0;0,75;3,0;0,67;0,71
COSAFA Cup;International (Africa);44,0;44,0;2,07;0,82;0,13;0,3;0,36;1,18;0,89;0,57;0,36;0,64;13,0;0,46;1,0;0,0;0,23
England Reserve Matches;England;44,0;44,0;3,55;0,53;0,16;0,73;1,67;2,14;1,41;0,6;0,64;0,36;3,0;0,67;0,0;0,0;0,33
Guatemala Reserve League;Guatemala;44,0;44,0;3,36;0,64;0,13;1,41;1,2;2,39;0,98;0,71;0,43;0,57;14,0;0,57;0,0;0,0;0,29
Paraguay Women League;Paraguay;43,0;43,0;3,58;0,52;0,16;0,79;1,7;1,4;2,19;0,39;0,33;0,67;13,0;0,54;16,0;0,19;0,36
Italy Serie D Play-Offs;Italy;43,0;43,0;2,58;0,59;0,12;0,3;1,05;1,44;1,14;0,56;0,53;0,47;1,0;0,0;0,0;0,0;0,0
Brazil Campeonato Carioca C;Brazil;43,0;43,0;3,35;0,49;0,14;0,19;1,72;1,77;1,58;0,53;0,56;0,44;12,0;0,58;5,0;0,4;0,49
Luxembourg Cup;Luxembourg;43,0;43,0;2,93;0,59;0,16;0,51;1,19;1,21;1,72;0,41;0,53;0,47;3,0;0,33;8,0;0,25;0,29
Brazil Campeonato Cearense;Brazil;43,0;43,0;2,19;0,71;0,1;0,05;0,64;1,07;1,12;0,49;0,37;0,63;11,0;0,27;5,0;0,4;0,34
MLS Play-offs;USA;43,0;43,0;2,56;0,69;0,11;0,7;0,78;1,63;0,93;0,64;0,51;0,49;7,0;0,57;0,0;0,0;0,29
Morocco League Women;Morocco;43,0;43,0;3,49;0,57;0,15;0,28;1,5;1,88;1,6;0,54;0,56;0,44;10,0;0,5;9,0;0,44;0,47
Myanmar League 2;Myanmar;43,0;43,0;3,91;0,63;0,16;0,05;1,44;1,93;1,98;0,49;0,6;0,4;11,0;0,82;13,0;0,54;0,68
Myanmar League Women;Myanmar;43,0;43,0;3,3;0,62;0,16;0,51;1,26;1,4;1,91;0,42;0,44;0,56;8,0;0,12;16,0;0,31;0,22
Estonia Cup;Estonia;43,0;43,0;3,58;0,51;0,14;0,51;1,74;2,05;1,53;0,57;0,47;0,53;17,0;0,35;9,0;0,67;0,51
Senegal FA Cup;Senegal;43,0;43,0;1,74;0,78;0,11;0,16;0,38;0,95;0,79;0,55;0,35;0,65;9,0;0,67;1,0;1,0;0,83
Georgia Cup;Georgia;43,0;43,0;2,84;0,75;0,14;0,47;0,7;1,19;1,65;0,42;0,49;0,51;1,0;1,0;1,0;0,0;0,5
CONCACAF U20 Championship;International (North & Central America);43,0;43,0;3,84;0,62;0,19;0,77;1,46;2,3;1,53;0,6;0,33;0,67;22,0;0,36;12,0;0,33;0,35
Maurice Revello Youth Tournament;Maurice;42,0;41,0;3,17;0,54;0,17;0,5;1,46;1,83;1,33;0,58;0,62;0,38;9,0;0,67;3,0;0,33;0,5
OFC Pro League;International (Oceania);42,0;42,0;3,0;0,64;0,14;0,71;1,09;1,86;1,14;0,62;0,57;0,43;7,0;0,43;0,0;0,0;0,21
Brazil Campeonato Baiano U20;Brazil;42,0;42,0;3,12;0,66;0,14;1,07;1,07;2,1;1,02;0,67;0,5;0,5;12,0;0,67;5,0;0,6;0,63
Luxembourg Promotion D’Honneur;Luxembourg;42,0;42,0;3,26;0,53;0,15;0,64;1,54;1,95;1,31;0,6;0,57;0,43;3,0;0,33;0,0;0,0;0,17
Women's Euro Championships Qual;International (Europe);42,0;42,0;3,24;0,69;0,17;0,48;1,0;1,86;1,38;0,57;0,36;0,64;18,0;0,33;15,0;0,33;0,33
Spain Copa de Catalunya;Spain;42,0;42,0;3,05;0,45;0,15;0,05;1,67;1,55;1,5;0,51;0,71;0,29;3,0;0,67;5,0;1,0;0,83
Caribbean Club Shield;International (Caribbean);42,0;42,0;3,14;0,65;0,39;1,14;1,1;2,14;1,0;0,68;0,48;0,52;16,0;0,44;5,0;0,6;0,52
Switzerland Division 1 Women;Switzerland;42,0;42,0;2,74;0,61;0,12;0,98;1,07;1,86;0,88;0,68;0,4;0,6;12,0;0,25;3,0;0,67;0,46
Uzbekistan Cup;Uzbekistan;42,0;42,0;2,67;0,71;0,13;0,29;0,78;1,48;1,19;0,55;0,55;0,45;10,0;0,8;1,0;1,0;0,9
Scotland Regional Cup;Scotland;42,0;41,0;3,81;0,48;0,18;0,81;1,99;2,31;1,5;0,61;0,74;0,26;12,0;0,58;7,0;1,0;0,79
Isthmian Cup;England;41,0;41,0;3,71;0,51;0,16;0,05;1,83;1,83;1,88;0,49;0,73;0,27;7,0;0,71;0,0;0,0;0,36
Belgium Second Amateur Division VFV B;Belgium;41,0;41,0;3,59;0,65;0,14;0,17;1,27;1,88;1,71;0,52;0,59;0,41;2,0;0,5;1,0;1,0;0,75
Dominican Republic Cup;Dominican Republic;41,0;41,0;2,95;0,65;0,17;0,76;1,04;1,85;1,1;0,63;0,37;0,63;10,0;0,3;6,0;0,67;0,48
Ethiopia Cup;Ethiopia;41,0;39,0;2,02;0,64;0,12;0,17;0,73;0,93;1,1;0,46;0,41;0,59;6,0;0,33;2,0;0,5;0,42
Australia Queensland Pro Series;Australia;41,0;41,0;4,05;0,43;0,2;0,29;2,29;1,88;2,17;0,46;0,68;0,32;2,0;1,0;10,0;0,4;0,7
Iraq Cup;Iraq;41,0;41,0;2,17;0,66;0,13;0,76;0,74;1,46;0,71;0,67;0,54;0,46;11,0;0,45;0,0;0,0;0,23
North Macedonia Cup;North Macedonia;41,0;41,0;2,22;0,58;0,12;0,37;0,93;1,29;0,93;0,58;0,39;0,61;9,0;0,44;6,0;0,5;0,47
AFC Challenge League;International (Asia);41,0;41,0;3,2;0,51;0,14;0,46;1,56;1,37;1,83;0,43;0,61;0,39;7,0;0,71;2,0;0,5;0,61
San Marino Cup;San Marino;41,0;41,0;2,1;0,76;0,11;0,0;0,5;1,05;1,05;0,5;0,34;0,66;4,0;0,25;5,0;0,4;0,32
Romania Liga 1 Women;Romania;40,0;40,0;3,52;0,56;0,17;0,82;1,55;2,17;1,35;0,62;0,45;0,55;15,0;0,6;6,0;0,0;0,3
Cameroon League Women;Cameroon;40,0;40,0;2,65;0,53;0,13;0,15;1,24;1,4;1,25;0,53;0,52;0,48;9,0;0,44;3,0;0,33;0,39
Brazil Copa Fares Lopes;Brazil;40,0;40,0;2,2;0,55;0,1;0,2;1,0;1,2;1,0;0,55;0,45;0,55;8,0;0,75;0,0;0,0;0,38
Singapore Cup;Singapore;40,0;40,0;3,62;0,53;0,14;0,12;1,72;1,75;1,88;0,48;0,68;0,32;8,0;0,5;4,0;1,0;0,75
Croatia First League Women;Croatia;40,0;40,0;4,12;0,62;0,17;0,88;1,58;2,5;1,62;0,61;0,52;0,48;13,0;0,54;6,0;0,67;0,6
France U19 League Women;France;39,0;39,0;3,72;0,57;0,21;0,28;1,62;2,0;1,72;0,54;0,64;0,36;12,0;0,58;6,0;0,5;0,54
Brazil Copa Rio U20;Brazil;39,0;39,0;3,18;0,58;0,14;0,82;1,33;2,0;1,18;0,63;0,46;0,54;9,0;0,33;5,0;0,2;0,27
Kuwait Cup;Kuwait;39,0;39,0;2,79;0,54;0,13;0,74;1,29;1,77;1,03;0,63;0,64;0,36;18,0;0,61;0,0;0,0;0,31
Northern Ireland Premier League Women;North Ireland;39,0;39,0;3,62;0,61;0,23;0,13;1,41;1,74;1,87;0,48;0,36;0,64;14,0;0,57;10,0;0,4;0,49
Israel Cup Women;Israel;39,0;39,0;2,79;0,78;0,13;0,18;0,63;1,49;1,31;0,53;0,33;0,67;13,0;0,46;14,0;0,43;0,45
Japan University Championship;Japan;39,0;39,0;2,69;0,58;0,15;0,28;1,13;1,49;1,21;0,55;0,51;0,49;2,0;0,0;1,0;1,0;0,5
India Delhi Premier League;India;39,0;39,0;2,92;0,57;0,15;0,0;1,25;1,46;1,46;0,5;0,59;0,41;5,0;1,0;1,0;1,0;1,0
U23 International Women;International (World);39,0;39,0;2,62;0,64;0,14;0,46;0,94;1,54;1,08;0,59;0,49;0,51;8,0;0,62;1,0;1,0;0,81
Brazil Campeonato Matogrossense;Brazil;39,0;37,0;1,92;0,83;0,11;0,08;0,33;0,92;1,0;0,48;0,36;0,64;7,0;0,43;4,0;0,5;0,46
India Regional Cup;India;39,0;39,0;3,21;0,6;0,14;0,08;1,28;1,56;1,64;0,49;0,51;0,49;2,0;0,0;3,0;0,67;0,33
Faroe Islands Cup;Faroe Islands;39,0;39,0;3,28;0,61;0,17;0,41;1,28;1,85;1,44;0,56;0,51;0,49;7,0;0,43;9,0;0,56;0,49
Bangladesh Championship League;Bangladesh;38,0;38,0;2,34;0,75;0,15;0,03;0,58;1,18;1,16;0,51;0,37;0,63;3,0;0,33;3,0;0,33;0,33
Gulf Club Champions League;International (North & Central America);38,0;38,0;2,97;0,75;0,16;0,66;0,74;1,82;1,16;0,61;0,58;0,42;10,0;0,7;4,0;0,75;0,72
Syria Cup;Syria;38,0;38,0;2,53;0,59;0,14;0,58;1,04;1,55;0,97;0,61;0,45;0,55;7,0;0,43;3,0;0,33;0,38
Lithuania Cup;Lithuania;38,0;38,0;3,26;0,52;0,14;1,21;1,56;1,03;2,24;0,31;0,53;0,47;1,0;1,0;14,0;0,36;0,68
El Salvador Cup;El Salvador;38,0;38,0;2,68;0,61;0,14;0,47;1,05;1,11;1,58;0,41;0,58;0,42;6,0;0,83;5,0;0,8;0,82
Burundi Premier League;Burundi;38,0;36,0;2,87;0,53;0,33;0,24;1,34;1,55;1,32;0,54;0,63;0,37;6,0;0,5;4,0;0,5;0,5
Netherlands Cup Women;Netherlands;38,0;38,0;3,18;0,49;0,14;0,18;1,63;1,68;1,5;0,53;0,55;0,45;7,0;0,29;10,0;0,8;0,54
New Zealand National League Women;New Zealand;38,0;38,0;4,26;0,62;0,18;0,79;1,64;2,53;1,74;0,59;0,47;0,53;13,0;0,38;5,0;0,6;0,49
CONCACAF Women Champions Cup;International (North & Central America);38,0;37,0;3,84;0,62;0,17;0,58;1,48;2,21;1,63;0,58;0,26;0,74;14,0;0,21;10,0;0,2;0,21
UAE Pro League;UAE;38,0;38,0;3,03;0,56;0,15;0,34;1,34;1,68;1,34;0,56;0,63;0,37;9,0;0,78;2,0;0,0;0,39
Brazil Campeonato Maranhense;Brazil;38,0;37,0;1,84;0,79;0,1;0,05;0,38;0,89;0,95;0,49;0,26;0,74;6,0;0,33;1,0;0,0;0,17
Brazil Campeonato Paranaense 2;Brazil;37,0;37,0;2,95;0,76;0,14;0,73;0,7;1,84;1,11;0,62;0,54;0,46;9,0;0,56;2,0;0,0;0,28
AFC U20 Asian Cup Women;International (Asia);37,0;37,0;4,3;0,66;0,19;0,95;1,44;2,62;1,68;0,61;0,38;0,62;13,0;0,46;6,0;0,17;0,31
Brazil Copa Espirito Santo;Brazil;37,0;37,0;3,05;0,46;0,14;0,68;1,64;1,86;1,19;0,61;0,57;0,43;9,0;0,56;5,0;0,4;0,48
Brazil Campeonato Pernambucano;Brazil;37,0;37,0;2,92;0,54;0,12;0,38;1,33;1,65;1,27;0,56;0,41;0,59;11,0;0,36;4,0;1,0;0,68
CECAFA Club Cup;International (Africa);37,0;37,0;2,14;0,7;0,12;0,3;0,64;1,22;0,92;0,57;0,43;0,57;13,0;0,54;0,0;0,0;0,27
Portugal U19 2nd Division;Portugal;37,0;37,0;3,14;0,58;0,19;0,05;1,32;1,59;1,54;0,51;0,41;0,59;9,0;0,33;1,0;1,0;0,67
U19 International Women;International (World);37,0;37,0;2,32;0,57;0,12;0,16;1,01;1,24;1,08;0,53;0,43;0,57;6,0;0,67;3,0;0,0;0,33
Japan JFL Cup;Japan;37,0;37,0;2,32;0,71;0,11;0,11;0,67;1,22;1,11;0,52;0,46;0,54;0,0;0,0;0,0;0,0;0,0
Estonia U19 League;Estonia;36,0;36,0;5,11;0,57;0,15;1,22;2,18;3,17;1,94;0,62;0,58;0,42;7,0;0,14;5,0;0,6;0,37
Denmark Womens Cup;Denmark;36,0;36,0;3,47;0,57;0,17;0,19;1,51;1,64;1,83;0,47;0,53;0,47;6,0;0,33;16,0;0,56;0,45
Campeonato Potiguar;Brazil;36,0;36,0;2,92;0,63;0,12;0,36;1,07;1,64;1,28;0,56;0,58;0,42;11,0;0,73;6,0;0,33;0,53
COSAFA Cup Women;International (Africa);36,0;36,0;2,67;0,82;0,15;0,67;0,48;1,67;1,0;0,62;0,33;0,67;20,0;0,45;5,0;0,0;0,22
Thailand U21 League;Thailand;36,0;35,0;2,69;0,71;0,11;0,03;0,78;1,33;1,36;0,49;0,47;0,53;6,0;0,33;4,0;0,75;0,54
Brazil Copa Goias U20;Brazil;35,0;35,0;1,91;0,81;0,09;0,6;0,37;1,26;0,66;0,66;0,29;0,71;2,0;0,0;0,0;0,0;0,0
Norway Cup Women;Norway;35,0;35,0;3,29;0,48;0,15;0,77;1,7;1,26;2,03;0,38;0,49;0,51;7,0;0,57;17,0;0,29;0,43
Kenya Cup;Kenya;35,0;35,0;2,0;0,69;0,1;0,17;0,63;0,91;1,09;0,46;0,31;0,69;4,0;0,75;4,0;0,5;0,62
Scotland SWPL Cup Women;Scotland;35,0;35,0;4,69;0,55;0,22;0,51;2,1;2,6;2,09;0,55;0,51;0,49;11,0;0,27;6,0;0,5;0,39
Scotland Women FA Cup;Scotland;35,0;35,0;3,54;0,49;0,16;0,29;1,8;1,63;1,91;0,46;0,51;0,49;8,0;0,5;8,0;0,5;0,5
Portugal League Cup Women;Portugal;35,0;35,0;2,86;0,62;0,14;0,11;1,07;1,49;1,37;0,52;0,49;0,51;11,0;0,27;9,0;0,78;0,53
U21 International;International (World);35,0;35,0;2,34;0,65;0,12;0,29;0,83;1,31;1,03;0,56;0,43;0,57;7,0;0,43;2,0;0,0;0,21
Montenegro Cup;Montenegro;35,0;35,0;2,57;0,62;0,14;0,11;0,98;1,23;1,34;0,48;0,4;0,6;9,0;0,78;5,0;0,2;0,49
Bahrain Cup;Bahrain;35,0;35,0;3,63;0,51;0,2;0,31;1,76;1,97;1,66;0,54;0,6;0,4;8,0;0,75;4,0;0,25;0,5
South American U20 Championship Women;International (South America);35,0;35,0;2,74;0,65;0,17;0,0;0,97;1,37;1,37;0,5;0,26;0,74;8,0;0,12;6,0;0,33;0,23
ASEAN Club Championship;International (Asia);35,0;35,0;3,34;0,45;0,16;0,66;1,85;2,0;1,34;0,6;0,66;0,34;10,0;0,4;2,0;0,5;0,45
Brazil Campeonato Alagoano;Brazil;34,0;34,0;2,06;0,65;0,11;0,35;0,71;1,21;0,85;0,59;0,32;0,68;10,0;0,1;3,0;0,67;0,38
Norway U19 Elite League;Norway;34,0;34,0;4,85;0,43;0,18;0,68;2,76;2,76;2,09;0,57;0,85;0,15;8,0;1,0;0,0;0,0;0,5
Armenian Cup;Armenia;34,0;34,0;2,94;0,58;0,17;0,59;1,24;1,18;1,76;0,4;0,44;0,56;6,0;0,5;4,0;0,25;0,38
Republic of Ireland FAI Intermediate Cup;Ireland;34,0;34,0;2,82;0,66;0,13;0,06;0,97;1,44;1,38;0,51;0,47;0,53;3,0;0,67;1,0;1,0;0,83
South Africa Second League Women;South Africa;34,0;34,0;2,85;0,62;0,13;0,5;1,08;1,68;1,18;0,59;0,56;0,44;5,0;0,2;3,0;1,0;0,6
Poland Cup Women;Poland;33,0;33,0;3,36;0,54;0,13;0,94;1,55;1,21;2,15;0,36;0,52;0,48;4,0;0,0;16,0;0,62;0,31
Brazil Campeonato Goiano 3;Brazil;33,0;33,0;3,12;0,74;0,12;0,58;0,81;1,27;1,85;0,41;0,48;0,52;7,0;0,71;7,0;0,71;0,71
USA UPSL;USA;33,0;33,0;4,21;0,41;0,27;1,18;2,48;2,7;1,52;0,64;0,7;0,3;7,0;0,71;1,0;1,0;0,86
India League Women;India;33,0;33,0;3,0;0,57;0,14;0,21;1,3;1,39;1,61;0,46;0,48;0,52;10,0;0,5;5,0;0,2;0,35
Brazil Copa Sul-Sudeste;Brazil;33,0;33,0;2,64;0,61;0,11;0,33;1,02;1,48;1,15;0,56;0,61;0,39;0,0;0,0;0,0;0,0;0,0
Serbia First League Women;Serbia;33,0;33,0;3,09;0,72;0,13;0,36;0,86;1,36;1,73;0,44;0,55;0,45;5,0;0,4;7,0;0,71;0,56
Nicaragua Cup;Nicaragua;33,0;33,0;3,36;0,56;0,15;0,94;1,5;2,15;1,21;0,64;0,48;0,52;15,0;0,47;3,0;0,67;0,57
Luxembourg Ligue 1 Women;Luxembourg;33,0;33,0;4,21;0,88;0,17;1,0;0,5;2,61;1,61;0,62;0,55;0,45;9,0;0,67;6,0;0,33;0,5
Brazil Amazonense;Brazil;32,0;32,0;2,0;0,64;0,11;0,56;0,73;1,28;0,72;0,64;0,34;0,66;10,0;0,2;1,0;1,0;0,6
Denmark Danmarksserien Promotion;Denmark;32,0;32,0;3,56;0,61;0,16;0,81;1,39;2,19;1,38;0,61;0,56;0,44;3,0;0,67;1,0;1,0;0,83
Copa America;International (South America);32,0;32,0;2,19;0,71;0,09;0,56;0,63;1,38;0,81;0,63;0,38;0,62;13,0;0,31;5,0;0,8;0,55
Cosafa U20 Cup;International (Africa);32,0;32,0;2,97;0,63;0,12;0,53;1,09;1,75;1,22;0,59;0,44;0,56;4,0;0,25;1,0;0,0;0,12
UEFA Women's Europa Cup;International (Europe);32,0;32,0;2,91;0,62;0,15;0,16;1,1;1,38;1,53;0,47;0,47;0,53;4,0;0,25;3,0;0,67;0,46
India Shillong Premier League;India;32,0;32,0;3,75;0,51;0,19;0,0;1,85;1,88;1,88;0,5;0,41;0,59;4,0;0,5;5,0;0,4;0,45
Lithuania A Lyga Women;Lithuania;32,0;32,0;2,56;0,48;0,1;0,62;1,32;1,59;0,97;0,62;0,22;0,78;10,0;0,2;8,0;0,38;0,29
Brazil U20 Copa Sao Paulo Women;Brazil;32,0;32,0;3,84;0,72;0,15;0,47;1,1;2,16;1,69;0,56;0,31;0,69;11,0;0,36;4,0;0,0;0,18
CONCACAF Gold Cup;International (North & Central America);31,0;30,0;2,55;0,72;0,12;0,68;0,71;1,61;0,94;0,63;0,52;0,48;17,0;0,53;5,0;0,4;0,46
UAE U21 Cup;UAE;31,0;31,0;3,35;0,57;0,16;0,58;1,43;1,97;1,39;0,59;0,65;0,35;4,0;0,5;2,0;0,5;0,5
AFC Asian Cup U23;International (Asia);31,0;31,0;2,26;0,75;0,11;0,06;0,57;1,1;1,16;0,49;0,39;0,61;9,0;0,44;3,0;0,33;0,39
AFC U20 Asian Cup;International (Asia);31,0;31,0;3,0;0,62;0,14;0,23;1,14;1,39;1,61;0,46;0,61;0,39;6,0;0,5;5,0;0,8;0,65
Brazil U20 Women Cup;Brazil;31,0;31,0;3,1;0,53;0,14;0,77;1,46;1,94;1,16;0,62;0,35;0,65;8,0;0,25;5,0;0,2;0,22
Chile Ascenso Women;Chile;31,0;31,0;2,97;0,51;0,11;0,39;1,45;1,68;1,29;0,57;0,58;0,42;5,0;0,2;3,0;0,33;0,27
European U21 Championship;International (Europe);31,0;31,0;3,13;0,53;0,12;0,1;1,48;1,52;1,61;0,48;0,58;0,42;8,0;0,38;5,0;0,8;0,59
Slovenia League Women;Slovenia;30,0;30,0;3,9;0,53;0,16;0,23;1,83;1,83;2,07;0,47;0,5;0,5;7,0;0,57;7,0;0,43;0,5
Netherlands Tweede Divisie Play-Offs;Netherlands;30,0;30,0;2,77;0,54;0,13;0,63;1,27;1,7;1,07;0,61;0,53;0,47;2,0;0,0;0,0;0,0;0,0
Brazil Copa Alagoas;Brazil;30,0;30,0;2,3;0,69;0,11;0,17;0,72;1,23;1,07;0,54;0,47;0,53;6,0;0,5;3,0;0,33;0,42
Malta Jubilee Cup;Malta;30,0;30,0;2,9;0,7;0,17;1,1;0,86;2,0;0,9;0,69;0,43;0,57;11,0;0,27;3,0;0,33;0,3
CONCACAF Championship Qualifiers Women;International (North & Central America);30,0;30,0;4,6;0,46;0,19;0,6;2,51;2,0;2,6;0,43;0,43;0,57;12,0;0,33;8,0;0,25;0,29
Paraguay Copa EFE Women;Paraguay;30,0;30,0;3,8;0,59;0,17;0,73;1,55;1,53;2,27;0,4;0,53;0,47;5,0;0,6;5,0;0,4;0,5
Kuwait Crown Prince Cup;Kuwait;30,0;30,0;2,9;0,64;0,14;0,7;1,06;1,8;1,1;0,62;0,4;0,6;11,0;0,55;3,0;0,67;0,61
Brazil Campeonato Amapaense;Brazil;30,0;30,0;2,93;0,4;0,13;0,2;1,76;1,57;1,37;0,53;0,6;0,4;6,0;0,5;2,0;0,5;0,5
India Shillong 1st Division;India;30,0;30,0;3,63;0,57;0,18;0,23;1,57;1,7;1,93;0,47;0,47;0,53;6,0;0,67;3,0;0,0;0,33
India Shillong 2nd Division;India;30,0;30,0;3,73;0,58;0,18;1,07;1,57;2,4;1,33;0,64;0,63;0,37;3,0;0,33;0,0;0,0;0,17
Latvia Cup;Latvia;30,0;30,0;4,33;0,49;0,15;0,33;2,21;2,0;2,33;0,46;0,63;0,37;10,0;0,7;11,0;0,45;0,58
Northern Ireland League Cup;North Ireland;30,0;29,0;2,7;0,74;0,16;0,77;0,71;1,73;0,97;0,64;0,47;0,53;15,0;0,53;7,0;0,43;0,48
AFC Champions League;International (Asia);30,0;30,0;2,77;0,65;0,12;0,57;0,97;1,67;1,1;0,6;0,57;0,43;8,0;0,62;3,0;0,67;0,65
Oman 1st Division;Oman;29,0;28,0;2,21;0,73;0,13;0,55;0,59;1,38;0,83;0,62;0,38;0,62;1,0;0,0;1,0;1,0;0,5
Malawi League Women;Malawi;29,0;29,0;2,21;0,66;0,13;0,69;0,76;1,45;0,76;0,66;0,28;0,72;6,0;0,33;4,0;0,5;0,42
Türkiye 3. Lig Promotion Group Play-off;Turkey;29,0;29,0;2,0;0,74;0,12;0,34;0,51;1,17;0,83;0,59;0,34;0,66;1,0;0,0;0,0;0,0;0,0
U23 International;International (World);29,0;27,0;2,48;0,62;0,16;0,14;0,93;1,17;1,31;0,47;0,52;0,48;3,0;0,33;1,0;0,0;0,17
Bermuda Premier League;Bermuda;29,0;28,0;4,03;0,51;0,97;0,24;1,97;2,14;1,9;0,53;0,66;0,34;4,0;0,25;6,0;0,83;0,54
Uruguay League Women;Uruguay;29,0;29,0;3,45;0,52;0,23;0,21;1,66;1,62;1,83;0,47;0,38;0,62;7,0;0,29;11,0;0,27;0,28
Andorra Cup;Andorra;29,0;29,0;2,38;0,66;0,11;0,31;0,81;1,34;1,03;0,57;0,34;0,66;9,0;0,11;6,0;0,17;0,14
CAF Champions League Women;International (Africa);29,0;29,0;2,34;0,63;0,13;0,55;0,87;1,45;0,9;0,62;0,34;0,66;9,0;0,44;5,0;0,2;0,32
Switzerland Women Nationalliga B;Switzerland;29,0;29,0;4,07;0,63;0,17;1,24;1,51;2,66;1,41;0,65;0,48;0,52;10,0;0,5;2,0;0,0;0,25
AFC Womens Asian Cup Qualifying;International (Asia);29,0;29,0;4,31;0,68;0,17;0,24;1,37;2,28;2,03;0,53;0,31;0,69;9,0;0,11;9,0;0,11;0,11
India Bengal Super League;India;28,0;28,0;2,68;0,79;0,13;0,68;0,57;1,0;1,68;0,37;0,39;0,61;3,0;0,67;3,0;0,33;0,5
Brazil Campeonato Paranaense U20;Brazil;28,0;28,0;2,96;0,58;0,16;0,25;1,23;1,61;1,36;0,54;0,57;0,43;7,0;0,57;2,0;0,5;0,54
Austria 2. Landesliga;Austria;28,0;28,0;3,75;0,46;0,16;0,18;2,04;1,96;1,79;0,52;0,75;0,25;4,0;0,5;1,0;1,0;0,75
Cyprus Women Division 1;Cyprus;28,0;28,0;3,79;0,62;0,14;0,64;1,45;1,57;2,21;0,42;0,43;0,57;11,0;0,45;10,0;0,3;0,38
Romania Liga 2 Women;Romania;28,0;28,0;3,64;0,55;0,15;0,07;1,64;1,86;1,79;0,51;0,61;0,39;4,0;1,0;3,0;0,67;0,83
Algeria U21 Cup;Algeria;28,0;28,0;2,21;0,75;0,11;0,14;0,55;1,18;1,04;0,53;0,46;0,54;6,0;0,5;1,0;1,0;0,75
Spain Regional League Play-Offs;Spain;28,0;28,0;2,71;0,64;0,13;0,21;0,97;1,46;1,25;0,54;0,5;0,5;1,0;1,0;0,0;0,0;0,5
Colombia U19 Championship;Colombia;28,0;28,0;4,04;0,71;0,19;1,25;1,19;2,64;1,39;0,65;0,68;0,32;3,0;0,33;1,0;1,0;0,67
Brazil Campeonato Carioca B2;Brazil;28,0;28,0;2,39;0,71;0,13;0,18;0,69;1,29;1,11;0,54;0,57;0,43;3,0;1,0;3,0;0,67;0,83
Romania Cup Women;Romania;27,0;27,0;4,3;0,51;0,18;0,89;2,1;2,59;1,7;0,6;0,63;0,37;7,0;0,71;6,0;0,5;0,61
Vietnam Championship Women;Vietnam;27,0;26,0;2,15;0,84;0,14;0,15;0,34;1,0;1,15;0,47;0,3;0,7;6,0;0,33;3,0;0,0;0,17
FIFA Arab Cup;International (Asia);27,0;27,0;2,41;0,62;0,14;0,11;0,91;1,15;1,26;0,48;0,52;0,48;6,0;0,5;4,0;0,75;0,62
Ghana FA Cup;Ghana;27,0;27,0;1,93;0,61;0,1;0,44;0,75;1,19;0,74;0,62;0,48;0,52;9,0;0,56;3,0;1,0;0,78
CONMEBOL Nations League Women;International (South America);27,0;27,0;2,96;0,75;0,12;1,19;0,75;2,07;0,89;0,7;0,44;0,56;8,0;0,25;4,0;0,75;0,5
Belgium Second Amateur Division VFV A;Belgium;27,0;27,0;3,63;0,47;0,13;0,52;1,92;2,07;1,56;0,57;0,7;0,3;1,0;0,0;0,0;0,0;0,0
Montenegro U19 League;Montenegro;27,0;27,0;3,59;0,62;0,17;0,41;1,35;2,0;1,59;0,56;0,48;0,52;6,0;0,5;2,0;0,5;0,5
AFC U23 Asian Cup;International (Asia);27,0;27,0;2,63;0,57;0,12;0,41;1,13;1,11;1,52;0,42;0,37;0,63;3,0;0,33;4,0;0,25;0,29
AFC Asian Cup Women;International (Asia);27,0;27,0;3,52;0,63;0,13;0,48;1,29;1,52;2,0;0,43;0,26;0,74;11,0;0,09;9,0;0,22;0,16
Taiwan League Division 2;Taiwan;27,0;27,0;3,37;0,7;0,16;0,41;1,01;1,48;1,89;0,44;0,48;0,52;3,0;0,33;5,0;0,4;0,37
Singapore National Football League Div 1;Singapore;27,0;27,0;4,11;0,52;0,16;0,33;1,96;2,22;1,89;0,54;0,78;0,22;6,0;0,83;5,0;0,8;0,82
South Africa League Cup;South Africa;26,0;26,0;2,31;0,76;0,14;0,23;0,55;1,27;1,04;0,55;0,42;0,58;5,0;0,2;3,0;0,33;0,27
Brazil Campeonato Acreano;Brazil;26,0;26,0;2,73;0,59;0,13;0,42;1,12;1,15;1,58;0,42;0,5;0,5;4,0;0,75;0,0;0,0;0,38
Africa Cup of Nations Women;International (Africa);26,0;26,0;2,5;0,75;0,14;0,88;0,62;1,69;0,81;0,68;0,46;0,54;8,0;0,38;4,0;0,5;0,44
Iceland League Cup C;Iceland;26,0;26,0;4,85;0,47;0,21;0,15;2,57;2,5;2,35;0,52;0,73;0,27;7,0;0,71;1,0;1,0;0,86
Netherlands Eredivisie Play-Offs;Netherlands;26,0;26,0;3,23;0,66;0,16;0,31;1,11;1,77;1,46;0,55;0,62;0,38;2,0;0,5;0,0;0,0;0,25
Finland Cup Women;Finland;26,0;26,0;3,46;0,49;0,17;0,08;1,76;1,77;1,69;0,51;0,54;0,46;7,0;0,43;7,0;0,43;0,43
Brazil Campeonato Paulista U20 Women;Brazil;25,0;25,0;2,84;0,48;0,13;0,12;1,47;1,36;1,48;0,48;0,52;0,48;2,0;0,0;7,0;0,29;0,14
Brazil Campeonato Baiano 2;Brazil;25,0;25,0;2,72;0,68;0,15;0,24;0,88;1,48;1,24;0,54;0,64;0,36;10,0;0,8;2,0;0,5;0,65
Kazakhstan Super League Women;Kazakhstan;25,0;25,0;3,2;0,62;0,2;0,4;1,2;1,8;1,4;0,56;0,36;0,64;7,0;0,57;7,0;0,43;0,5
Tanzania Cup;Tanzania;25,0;25,0;2,4;0,77;0,14;0,8;0,55;1,6;0,8;0,67;0,28;0,72;12,0;0,42;3,0;0,0;0,21
Syria Division 1;Syria;25,0;25,0;2,84;0,7;0,14;0,12;0,85;1,48;1,36;0,52;0,64;0,36;3,0;1,0;0,0;0,0;0,5
Womens Copa America;International (South America);25,0;25,0;3,32;0,7;0,14;0,12;0,98;1,72;1,6;0,52;0,44;0,56;8,0;0,38;6,0;0,33;0,35
Africa Cup of Nations Qualifiers Women;International (Africa);25,0;25,0;2,36;0,69;0,11;0,28;0,73;1,32;1,04;0,56;0,32;0,68;7,0;0,14;2,0;0,0;0,07
Sweden 2.div Södra Svealand;Sweden;25,0;25,0;3,64;0,49;0,18;0,04;1,86;1,8;1,84;0,49;0,68;0,32;2,0;1,0;0,0;0,0;0,5
Brazil Paraense;Brazil;25,0;25,0;2,08;0,66;0,09;0,48;0,7;1,28;0,8;0,62;0,44;0,56;6,0;0,33;0,0;0,0;0,17
Nigeria Cup;Nigeria;25,0;25,0;1,8;0,68;0,08;0,12;0,58;0,96;0,84;0,53;0,48;0,52;7,0;0,71;2,0;0,0;0,36
India MFA Super Cup;India;25,0;25,0;3,6;0,73;0,16;0,64;0,99;2,12;1,48;0,59;0,44;0,56;2,0;0,5;1,0;0,0;0,25
Vietnam Cup Women;Vietnam;25,0;25,0;2,8;0,84;0,14;0,4;0,45;1,2;1,6;0,43;0,24;0,76;4,0;0,0;6,0;0,5;0,25
Austria Cup Women;Austria;24,0;24,0;3,0;0,51;0,14;0,25;1,47;1,62;1,38;0,54;0,38;0,62;6,0;0,33;8,0;0,38;0,35
Malawi Challenge Cup;Malawi;24,0;24,0;2,21;0,77;0,11;0,21;0,51;1,0;1,21;0,45;0,38;0,62;4,0;0,0;2,0;0,0;0,0
Zambia Cup;Zambia;24,0;24,0;2,12;0,76;0,09;0,38;0,5;1,25;0,88;0,59;0,38;0,62;6,0;0,17;1,0;0,0;0,08
Moldova Cup;Moldova;24,0;24,0;2,96;0,56;0,18;0,96;1,3;1,96;1,0;0,66;0,58;0,42;10,0;0,5;3,0;0,67;0,58
Northern Ireland County Antrim Shield;North Ireland;24,0;24,0;3,29;0,49;0,16;0,62;1,69;1,96;1,33;0,59;0,54;0,46;6,0;0,67;4,0;0,5;0,58
Spain Primera Division RFEF Play-Offs;Spain;24,0;24,0;2,42;0,64;0,13;0,17;0,86;1,29;1,12;0,53;0,58;0,42;1,0;1,0;0,0;0,0;0,5
Brazil Copa Sul U20;Brazil;24,0;24,0;2,5;0,83;0,12;0,33;0,41;1,42;1,08;0,57;0,42;0,58;2,0;0,5;0,0;0,0;0,25
Chile Copa de la Liga;Chile;24,0;24,0;2,62;0,43;0,1;0,29;1,49;1,17;1,46;0,44;0,75;0,25;3,0;0,67;0,0;0,0;0,33
UAE Second Division;UAE;24,0;24,0;3,04;0,55;0,18;0,46;1,36;1,75;1,29;0,58;0,46;0,54;1,0;1,0;1,0;0,0;0,5
Bosnia & Herzegovina U19 Liga;Bosnia;24,0;23,0;3,0;0,53;0,14;0,67;1,41;1,83;1,17;0,61;0,67;0,33;2,0;0,5;0,0;0,0;0,25
Jordan League Women;Jordan;23,0;23,0;4,61;1,01;0,21;1,04;-0,03;2,83;1,78;0,61;0,57;0,43;6,0;0,5;6,0;0,83;0,67
Turkey 3. Lig Promotion Group Play-Offs;Turkey;23,0;23,0;2,22;0,53;0,11;0,3;1,05;0,96;1,26;0,43;0,43;0,57;1,0;1,0;0,0;0,0;0,5
Algeria Cup Women;Algeria;23,0;23,0;2,91;0,56;0,15;0,91;1,29;1,91;1,0;0,66;0,35;0,65;7,0;0,14;3,0;0,33;0,24
Denmark Danmarksserien Relegation;Denmark;23,0;23,0;3,61;0,58;0,16;0,39;1,53;2,0;1,61;0,55;0,7;0,3;1,0;1,0;0,0;0,0;0,5
Aruba Cup;Aruba;23,0;23,0;3,91;0,58;0,21;0,43;1,66;1,74;2,17;0,44;0,52;0,48;4,0;0,75;6,0;0,5;0,62
CONCACAF Gold Cup Women;International (North & Central America);23,0;23,0;3,26;0,65;0,16;0,22;1,15;1,74;1,52;0,53;0,22;0,78;12,0;0,33;5,0;0,0;0,17
Mauritania Cup;Mauritania;23,0;23,0;2,48;0,72;0,09;0,22;0,7;1,35;1,13;0,54;0,48;0,52;6,0;0,5;0,0;0,0;0,25
Netherlands Youth Eredivisie;Netherlands;23,0;23,0;3,43;0,52;0,13;0,3;1,66;1,87;1,57;0,54;0,7;0,3;4,0;0,75;2,0;1,0;0,88
German Bundesliga Women;Germany;23,0;23,0;3,26;0,48;0,15;0,65;1,69;1,96;1,3;0,6;0,48;0,52;7,0;0,43;5,0;0,4;0,41
Qatar Second Division Cup;Qatar;23,0;23,0;2,35;0,7;0,15;0,09;0,71;1,13;1,22;0,48;0,48;0,52;0,0;0,0;0,0;0,0;0,0
Iceland Lower League Cup;Iceland;23,0;23,0;4,3;0,35;0,16;1,0;2,78;2,65;1,65;0,62;0,83;0,17;2,0;1,0;2,0;1,0;1,0
Brazil Campeonato Gaucho U20;Brazil;23,0;23,0;2,65;0,56;0,13;0,65;1,16;1,65;1,0;0,62;0,39;0,61;7,0;0,14;3,0;0,33;0,24
Bhutan Premier League Qualifiers;Bhutan;23,0;23,0;3,91;0,7;0,13;0,09;1,18;1,91;2,0;0,49;0,52;0,48;4,0;0,75;5,0;0,2;0,48
Belgium Cup Women;Belgium;23,0;23,0;3,39;0,68;0,16;0,09;1,08;1,74;1,65;0,51;0,52;0,48;9,0;0,78;4,0;0,25;0,51
Brazil Copa Nordeste U20;Brazil;23,0;23,0;2,43;0,76;0,1;1,3;0,58;1,87;0,57;0,77;0,35;0,65;13,0;0,23;0,0;0,0;0,12
Greece U19 Cup;Greece;23,0;23,0;2,43;0,76;0,13;0,61;0,58;1,52;0,91;0,62;0,35;0,65;8,0;0,5;4,0;0,25;0,38
Youth International;International (World);22,0;22,0;2,59;0,74;0,13;0,05;0,67;1,32;1,27;0,51;0,5;0,5;7,0;0,86;1,0;1,0;0,93
Northern Ireland Premier Intermediate League;North Ireland;22,0;22,0;3,05;0,6;0,17;0,95;1,21;2,0;1,05;0,66;0,64;0,36;3,0;0,67;0,0;0,0;0,33
Oman Professional League Cup;Oman;22,0;22,0;2,18;0,69;0,15;0,64;0,68;1,41;0,77;0,65;0,32;0,68;5,0;0,4;1,0;0,0;0,2
Burkina Faso Cup;Burkina Faso;22,0;22,0;1,36;0,83;0,1;0,18;0,23;0,59;0,77;0,43;0,32;0,68;2,0;1,0;1,0;1,0;1,0
Finland U21 League;Finland;22,0;22,0;4,0;0,51;0,17;0,27;1,95;2,14;1,86;0,53;0,64;0,36;2,0;0,0;2,0;1,0;0,5
Greece Cup Women;Greece;22,0;22,0;2,32;0,77;0,12;0,86;0,54;0,73;1,59;0,31;0,45;0,55;3,0;0,67;5,0;0,4;0,53
Sweden Cup Qualification;Sweden;22,0;22,0;3,0;0,6;0,16;1,18;1,2;0,91;2,09;0,3;0,41;0,59;1,0;0,0;10,0;0,2;0,1
African Nations C'ship Qualifying;International (Africa);22,0;22,0;1,95;0,53;0,12;0,68;0,91;1,32;0,64;0,67;0,27;0,73;6,0;0,33;2,0;0,5;0,42
Poland Regional League;Poland;22,0;22,0;4,5;0,49;0,99;0,95;2,3;2,73;1,77;0,61;0,68;0,32;4,0;0,75;0,0;0,0;0,38
Germany Bundesliga U19;Germany;22,0;21,0;4,55;0,45;0,98;0,82;2,5;2,68;1,86;0,59;0,82;0,18;6,0;0,5;0,0;0,0;0,25
Malaysia Challenge Cup;Malaysia;21,0;21,0;2,67;0,79;0,13;0,1;0,56;1,38;1,29;0,52;0,38;0,62;7,0;0,29;2,0;0,0;0,14
India Championship Women;India;21,0;21,0;3,71;0,61;0,15;0,0;1,45;1,86;1,86;0,5;0,43;0,57;5,0;0,4;2,0;1,0;0,7
Israel Liga Bet Play-Offs;Israel;21,0;21,0;2,9;0,64;0,13;0,05;1,04;1,48;1,43;0,51;0,57;0,43;1,0;1,0;0,0;0,0;0,5
Zambia Division 1;Zambia;21,0;21,0;2,29;0,64;0,12;0,0;0,83;1,14;1,14;0,5;0,62;0,38;1,0;0,0;0,0;0,0;0,0
Portugal U23 Cup;Portugal;21,0;21,0;3,05;0,63;0,15;0,76;1,14;1,9;1,14;0,62;0,48;0,52;2,0;0,0;0,0;0,0;0,0
Brazil Campeonato Pernambucano U20;Brazil;21,0;21,0;3,14;0,65;0,13;0,95;1,09;2,05;1,1;0,65;0,38;0,62;6,0;0,33;2,0;0,5;0,42
Ethiopia Higher League Women;Ethiopia;21,0;21,0;2,38;0,77;0,13;0,57;0,55;0,9;1,48;0,38;0,48;0,52;2,0;0,0;3,0;0,33;0,17
Australia Tasmania NPL U21 League;Australia;21,0;21,0;4,14;0,54;0,23;0,71;1,9;2,43;1,71;0,59;0,62;0,38;6,0;0,5;1,0;0,0;0,25
Aruba Play-offs;Aruba;21,0;21,0;5,1;0,4;0,27;1,19;3,07;3,14;1,95;0,62;0,86;0,14;7,0;0,71;2,0;0,5;0,61
Argentina Regional Cup;Argentina;20,0;20,0;2,8;0,56;0,1;0,9;1,22;1,85;0,95;0,66;0,4;0,6;1,0;0,0;1,0;1,0;0,5
CAF African Youth Championship;International (Africa);20,0;20,0;1,9;0,87;0,11;0,0;0,25;0,95;0,95;0,5;0,4;0,6;1,0;1,0;3,0;0,33;0,67
Canada Northern Super League Women;Canada;20,0;20,0;2,85;0,54;0,14;0,95;1,32;1,9;0,95;0,67;0,55;0,45;2,0;0,5;1,0;1,0;0,75
Argentina Torneo Promocional Amateur;Argentina;20,0;20,0;2,25;0,67;0,11;0,35;0,73;1,3;0,95;0,58;0,35;0,65;1,0;0,0;0,0;0,0;0,0
Brazil Campeonato Catarinense U20;Brazil;20,0;20,0;3,95;0,48;0,18;0,85;2,05;2,4;1,55;0,61;0,6;0,4;4,0;1,0;0,0;0,0;0,5
Brazil Campeonato Piauiense;Brazil;20,0;20,0;2,1;0,72;0,09;0,3;0,58;1,2;0,9;0,57;0,35;0,65;4,0;0,25;0,0;0,0;0,12
Malawi League Cup;Malawi;20,0;20,0;2,5;0,57;0,14;0,7;1,07;0,9;1,6;0,36;0,55;0,45;3,0;0,67;3,0;0,67;0,67
Iraq U21 League;Iraq;20,0;20,0;3,9;0,54;0,25;0,3;1,77;1,8;2,1;0,46;0,7;0,3;2,0;1,0;0,0;0,0;0,5
Brazil Campeonato Mineiro 3;Brazil;20,0;20,0;3,0;0,36;0,12;0,4;1,92;1,7;1,3;0,57;0,65;0,35;5,0;0,6;3,0;0,67;0,63
Brazil Campeonato Sergipano A3;Brazil;20,0;20,0;2,85;0,51;0,12;1,35;1,39;2,1;0,75;0,74;0,55;0,45;3,0;0,67;2,0;0,5;0,58
Danish Womens 1.Division;Denmark;19,0;19,0;3,63;0,61;0,15;0,26;1,42;1,95;1,68;0,54;0,58;0,42;4,0;0,25;4,0;1,0;0,62
Brazil Copa Sergipe;Brazil;19,0;19,0;2,74;0,56;0,12;0,63;1,22;1,68;1,05;0,62;0,47;0,53;5,0;0,4;0,0;0,0;0,2
Mali Cup;Mali;19,0;19,0;2,05;0,66;0,14;0,47;0,7;1,26;0,79;0,62;0,37;0,63;6,0;0,33;1,0;0,0;0,17
Hong Kong Cup;Hong Kong;19,0;19,0;3,11;0,5;0,15;0,05;1,55;1,53;1,58;0,49;0,74;0,26;4,0;0,5;3,0;1,0;0,75
Taiwan Cup;Taiwan;19,0;19,0;4,68;0,65;0,19;1,42;1,63;3,05;1,63;0,65;0,53;0,47;7,0;0,43;2,0;0,5;0,46
Hungary Cup Women;Hungary;19,0;19,0;3,63;0,64;0,17;0,89;1,29;2,26;1,37;0,62;0,47;0,53;4,0;0,5;5,0;0,6;0,55
North Macedonia League Women;North Macedonia;19,0;19,0;3,16;0,85;0,12;0,63;0,49;1,89;1,26;0,6;0,32;0,68;9,0;0,56;5,0;0,4;0,48
Malaysia National League Women;Malaysia;19,0;19,0;4,05;0,6;0,21;0,68;1,64;1,68;2,37;0,42;0,58;0,42;5,0;0,6;4,0;0,75;0,68
Brazil Campeonato Carioca B1 U20;Brazil;19,0;19,0;3,68;0,44;0,15;0,53;2,05;2,11;1,58;0,57;0,68;0,32;1,0;0,0;0,0;0,0;0,0
Poland Regional Cup;Poland;19,0;19,0;4,89;0,61;0,38;1,74;1,9;1,58;3,32;0,32;0,58;0,42;1,0;1,0;8,0;0,5;0,75
Brazil Copa Centro-Oeste;Brazil;18,0;18,0;2,5;0,69;0,11;0,28;0,78;1,39;1,11;0,56;0,61;0,39;4,0;0,5;0,0;0,0;0,25
Brazil Copa Rio Women;Brazil;18,0;18,0;2,72;0,5;0,13;0,5;1,36;1,61;1,11;0,59;0,44;0,56;3,0;0,0;1,0;0,0;0,0
Vietnam U19 Championship Women;Vietnam;18,0;18,0;2,44;0,63;0,14;0,22;0,9;1,11;1,33;0,45;0,44;0,56;3,0;0,67;2,0;0,0;0,33
North Macedonia U19 League;North Macedonia;18,0;18,0;4,39;0,56;0,18;0,17;1,91;2,11;2,28;0,48;0,61;0,39;2,0;0,5;4,0;0,5;0,5
Uganda Cup Women;Uganda;18,0;18,0;2,0;0,84;0,08;0,44;0,32;1,22;0,78;0,61;0,44;0,56;5,0;0,6;0,0;0,0;0,3
Iraq Premier League;Iraq;18,0;18,0;2,67;0,91;0,15;0,33;0,24;1,5;1,17;0,56;0,5;0,5;2,0;1,0;0,0;0,0;0,5
Malawi Top 8 Cup;Malawi;18,0;18,0;1,89;0,79;0,11;0,44;0,4;1,17;0,72;0,62;0,33;0,67;5,0;0,2;1,0;1,0;0,6
Ivory Coast Cup;Ivory Coast;18,0;17,0;2,28;0,72;0,1;0,06;0,64;1,11;1,17;0,49;0,39;0,61;4,0;0,75;2,0;0,5;0,62
AFC Cup;International (Asia);18,0;18,0;2,5;0,62;0,13;0,72;0,96;1,61;0,89;0,64;0,39;0,61;5,0;0,0;1,0;1,0;0,5
Lebanon Cup;Lebanon;18,0;18,0;2,61;0,6;0,17;0,17;1,03;1,39;1,22;0,53;0,5;0,5;5,0;0,6;2,0;0,0;0,3
Euro Championships Women;International (Europe);18,0;18,0;3,22;0,61;0,12;0,78;1,27;2,0;1,22;0,62;0,5;0,5;6,0;0,67;5,0;0,2;0,43
Saudi Arabia Reserve League;Saudi Arabia;18,0;18,0;2,56;0,67;0,16;0,11;0,83;1,22;1,33;0,48;0,39;0,61;2,0;0,5;3,0;1,0;0,75
South Africa Supa 8 Cup;South Africa;18,0;18,0;2,22;0,65;0,12;0,78;0,79;1,5;0,72;0,67;0,5;0,5;4,0;0,25;0,0;0,0;0,12
Germany U19 Cup;Germany;18,0;17,0;3,56;0,47;0,17;0,22;1,87;1,67;1,89;0,47;0,67;0,33;2,0;1,0;0,0;0,0;0,5
U20 International Women;International (World);18,0;18,0;3,56;0,55;0,17;1,78;1,61;2,67;0,89;0,75;0,39;0,61;5,0;0,2;2,0;0,0;0,1
Hong Kong Senior Shield;Hong Kong;18,0;18,0;3,22;0,46;0,15;0,78;1,74;2,0;1,22;0,62;0,67;0,33;6,0;0,67;1,0;1,0;0,83
Malta Challenge League Cup;Malta;18,0;18,0;2,94;0,65;0,15;0,5;1,02;1,22;1,72;0,42;0,5;0,5;2,0;0,0;2,0;0,5;0,25
Denmark Series Group 3;Denmark;17,0;17,0;4,59;0,47;0,18;1,06;2,44;1,76;2,82;0,38;0,82;0,18;0,0;0,0;0,0;0,0;0,0
Faroe Islands League Women;Faroe Islands;17,0;17,0;4,59;0,43;0,16;0,71;2,62;1,94;2,65;0,42;0,47;0,53;4,0;0,75;5,0;0,0;0,38
Scotland Reserve Cup;Scotland;17,0;17,0;4,24;0,56;0,16;0,71;1,88;2,47;1,76;0,58;0,71;0,29;3,0;0,33;1,0;1,0;0,67
Philippines UAAP;Philippines;17,0;17,0;2,47;0,57;0,08;0,94;1,05;0,76;1,71;0,31;0,53;0,47;1,0;1,0;5,0;0,2;0,6
Spain Regional Cup;Spain;17,0;17,0;2,65;0,78;0,14;0,41;0,59;1,53;1,12;0,58;0,53;0,47;2,0;0,5;0,0;0,0;0,25
Brazil Campeonato Potiguar U20;Brazil;17,0;17,0;3,06;0,83;0,11;0,35;0,52;1,71;1,35;0,56;0,24;0,76;4,0;0,25;2,0;0,0;0,12
India Karnataka League Women;India;17,0;17,0;3,18;0,62;0,14;0,82;1,2;1,18;2,0;0,37;0,41;0,59;5,0;0,6;5,0;0,4;0,5
Gibraltar Cup;Gibraltar;17,0;17,0;3,59;0,62;0,18;0,29;1,35;1,94;1,65;0,54;0,35;0,65;5,0;0,4;3,0;0,0;0,2
Brazil Gaucho Women;Brazil;17,0;17,0;2,41;0,7;0,1;0,88;0,71;1,65;0,76;0,68;0,18;0,82;7,0;0,14;3,0;0,0;0,07
Republic of Ireland Munster Senior Cup;Ireland;17,0;17,0;2,94;0,71;0,15;0,59;0,87;1,76;1,18;0,6;0,53;0,47;4,0;0,25;2,0;0,5;0,38
Brazil Campeonato Paraense U20;Brazil;17,0;17,0;3,35;0,42;0,13;1,0;1,94;2,18;1,18;0,65;0,59;0,41;4,0;0,75;1,0;1,0;0,88
Portugal League Cup;Portugal;17,0;17,0;3,0;0,44;0,12;1,24;1,68;2,12;0,88;0,71;0,59;0,41;10,0;0,6;1,0;1,0;0,8
Qatar Emir Cup;Qatar;17,0;17,0;4,06;0,62;0,2;0,18;1,52;2,12;1,94;0,52;0,47;0,53;2,0;0,5;0,0;0,0;0,25
Cameroon Elite Two;Cameroon;17,0;17,0;2,35;0,81;0,11;0,0;0,45;1,18;1,18;0,5;0,29;0,71;1,0;0,0;0,0;0,0;0,0
Bulgaria Premier League Women;Bulgaria;17,0;17,0;3,59;0,67;0,2;0,88;1,19;1,35;2,24;0,38;0,29;0,71;3,0;0,67;5,0;0,0;0,33
Italy Serie A Cup Women;Italy;17,0;17,0;2,82;0,49;0,14;0,12;1,44;1,47;1,35;0,52;0,59;0,41;4,0;1,0;3,0;0,67;0,83
Indonesia Liga 2;Indonesia;17,0;17,0;3,0;0,61;0,14;0,29;1,16;1,65;1,35;0,55;0,41;0,59;2,0;0,5;0,0;0,0;0,25
Kosovo Division 1;Kosovo;17,0;17,0;2,18;0,44;0,11;0,88;1,23;1,53;0,65;0,7;0,47;0,53;4,0;0,0;0,0;0,0;0,0
Hungary NBII Women;Hungary;17,0;17,0;3,47;0,5;0,14;0,06;1,73;1,76;1,71;0,51;0,47;0,53;2,0;0,5;2,0;0,0;0,25
New Zealand Cup Women;New Zealand;16,0;16,0;3,62;0,59;0,17;0,5;1,47;1,56;2,06;0,43;0,56;0,44;3,0;1,0;3,0;1,0;1,0
Saudi Arabia Premier League Women;Saudi Arabia;16,0;16,0;4,5;0,53;0,22;0,12;2,11;2,19;2,31;0,49;0,69;0,31;3,0;0,33;5,0;0,8;0,57
Scotland Lowland League Cup;Scotland;16,0;16,0;3,81;0,27;0,17;1,06;2,77;2,44;1,38;0,64;0,75;0,25;2,0;0,0;3,0;1,0;0,5
Croatia U19 Cup;Croatia;16,0;16,0;3,12;0,58;0,13;0,25;1,3;1,44;1,69;0,46;0,69;0,31;2,0;0,5;0,0;0,0;0,25
African Games;International (Africa);16,0;16,0;1,88;0,97;0,12;0,5;0,05;1,19;0,69;0,63;0,31;0,69;1,0;0,0;1,0;0,0;0,0
COSAFA Champions League Women;International (Africa);16,0;16,0;3,75;0,73;0,14;1,5;1,01;2,62;1,12;0,7;0,44;0,56;9,0;0,56;1,0;1,0;0,78
Ghana Super Cup;Ghana;16,0;16,0;2,38;0,84;0,12;0,25;0,38;1,06;1,31;0,45;0,44;0,56;0,0;0,0;0,0;0,0;0,0
Brazil Campeonato Cearense B;Brazil;16,0;16,0;2,0;0,88;0,09;0,12;0,25;1,06;0,94;0,53;0,31;0,69;3,0;0,33;0,0;0,0;0,17
Nicaragua Liga de Ascenso;Nicaragua;16,0;16,0;4,12;0,63;0,2;0,25;1,55;1,94;2,19;0,47;0,62;0,38;2,0;0,0;4,0;0,75;0,38
Tajikistan Vysshaya Liga;Tajikistan;16,0;16,0;3,38;0,72;0,17;0,5;0,93;1,94;1,44;0,57;0,62;0,38;6,0;0,67;1,0;1,0;0,83
Gulf Club Championships;International (North & Central America);16,0;16,0;1,69;0,64;0,1;0,19;0,61;0,75;0,94;0,44;0,44;0,56;2,0;1,0;2,0;0,0;0,5
Brazil Copa Norte;Brazil;16,0;16,0;3,25;0,43;0,18;0,75;1,86;2,0;1,25;0,62;0,56;0,44;2,0;0,5;0,0;0,0;0,25
Uruguay Copa de la Liga;Uruguay;15,0;13,0;1,93;0,77;0,18;0,07;0,45;1,0;0,93;0,52;0,47;0,53;0,0;0,0;2,0;1,0;0,5
Liberia FA Cup;Liberia;15,0;15,0;2,87;0,45;0,14;0,2;1,56;1,53;1,33;0,53;0,87;0,13;3,0;1,0;2,0;1,0;1,0
Estonia Cup Women;Estonia;15,0;15,0;3,8;0,62;0,16;0,6;1,43;2,2;1,6;0,58;0,53;0,47;6,0;0,17;5,0;1,0;0,58
Canada Championships;Canada;15,0;15,0;3,4;0,49;0,2;0,87;1,72;2,13;1,27;0,63;0,8;0,2;3,0;1,0;0,0;0,0;0,5
Finland Kakkonnen Play-Offs;Finland;15,0;15,0;3,0;0,5;0,14;0,87;1,49;1,93;1,07;0,64;0,53;0,47;4,0;0,25;1,0;1,0;0,62
Burkina Faso League 2;Burkina Faso;15,0;15,0;1,6;0,52;0,15;0,67;0,77;1,13;0,47;0,71;0,27;0,73;0,0;0,0;0,0;0,0;0,0
Brazil Supercopa Women;Brazil;15,0;15,0;2,2;0,79;0,09;0,6;0,46;0,8;1,4;0,36;0,27;0,73;3,0;0,0;4,0;0,25;0,12
European U19 Championship;International (Europe);15,0;15,0;4,0;0,57;0,18;0,4;1,73;1,8;2,2;0,45;0,53;0,47;2,0;0,5;2,0;0,5;0,5
India Delhi League Women;India;15,0;15,0;4,6;0,71;0,22;0,73;1,33;1,93;2,67;0,42;0,27;0,73;5,0;0,4;6,0;0,17;0,28
U19 Euro Championships Women;International (Europe);15,0;15,0;2,8;0,62;0,14;0,8;1,06;1,0;1,8;0,36;0,33;0,67;4,0;0,25;3,0;0,33;0,29
Hong Kong Women Premier League;Hong Kong;15,0;15,0;2,33;0,53;0,13;0,07;1,1;1,13;1,2;0,49;0,27;0,73;5,0;0,2;5,0;0,4;0,3
Brazil Campeonato Carioca Women;Brazil;15,0;15,0;2,8;0,47;0,15;0,67;1,48;1,73;1,07;0,62;0,6;0,4;5,0;0,6;2,0;1,0;0,8
Gulf Cup;International (North & Central America);15,0;15,0;2,73;0,45;0,13;0,07;1,51;1,4;1,33;0,51;0,8;0,2;1,0;0,0;1,0;1,0;0,5
Brazil Copa Alagoas U20;Brazil;15,0;15,0;2,6;0,71;0,14;0,47;0,76;1,53;1,07;0,59;0,47;0,53;5,0;0,6;5,0;0,6;0,6
Spanish Copa de Catalunya Women;Spain;15,0;15,0;3,0;0,69;0,16;0,6;0,93;1,2;1,8;0,4;0,4;0,6;1,0;0,0;6,0;0,33;0,17
Brazil Campeonato Pernambucano A2;Brazil;15,0;15,0;2,73;0,51;0,12;1,13;1,35;1,93;0,8;0,71;0,67;0,33;6,0;0,5;0,0;0,0;0,25
UEFA Regions Cup;International (Europe);15,0;15,0;2,07;0,72;0,09;0,6;0,58;0,73;1,33;0,35;0,47;0,53;0,0;0,0;2,0;0,0;0,0
Brazil Campeonato Paranaense 3;Brazil;15,0;15,0;2,67;0,56;0,14;0,27;1,17;1,47;1,2;0,55;0,73;0,27;0,0;0,0;0,0;0,0;0,0
India Guwahati Premier League;India;15,0;15,0;3,4;0,63;0,12;1,0;1,27;1,2;2,2;0,35;0,53;0,47;0,0;0,0;1,0;1,0;0,5
Denmark Series Group 1;Denmark;14,0;13,0;3,57;0,49;0,17;0,43;1,83;2,0;1,57;0,56;0,57;0,43;0,0;0,0;0,0;0,0;0,0
Denmark Series Group 2;Denmark;14,0;14,0;3,93;0,59;0,19;0,93;1,63;1,5;2,43;0,38;0,64;0,36;1,0;1,0;0,0;0,0;0,5
CAFA Nations Cup;International (Asia);14,0;14,0;2,5;0,51;0,14;0,07;1,21;1,21;1,29;0,49;0,64;0,36;2,0;0,5;4,0;0,5;0,5
Czechia Tipsport Liga;Czech Republic;14,0;14,0;3,43;0,58;0,19;0,14;1,44;1,79;1,64;0,52;0,57;0,43;3,0;1,0;0,0;0,0;0,5
Czech Cup Women;Czech Republic;14,0;14,0;4,14;0,36;0,17;1,71;2,63;1,21;2,93;0,29;0,5;0,5;3,0;0,33;7,0;0,43;0,38
Zanzibar FA Cup;Tanzania;14,0;14,0;2,36;0,68;0,12;1,07;0,76;1,71;0,64;0,73;0,43;0,57;4,0;0,5;3,0;1,0;0,75
Northern Ireland League Cup Women;North Ireland;14,0;14,0;4,29;0,55;0,22;0,57;1,92;2,43;1,86;0,57;0,57;0,43;4,0;0,25;4,0;0,75;0,5
Lebanon Division 2;Lebanon;14,0;14,0;4,07;0,58;0,24;0,07;1,7;2,0;2,07;0,49;0,71;0,29;0,0;0,0;1,0;1,0;0,5
Jordan Cup Women;Jordan;14,0;14,0;4,5;0,63;0,24;0,21;1,68;2,14;2,36;0,48;0,57;0,43;2,0;0,0;4,0;0,75;0,38
India U21 Development League;India;14,0;14,0;2,5;0,83;0,1;0,36;0,43;1,43;1,07;0,57;0,36;0,64;2,0;0,5;1,0;0,0;0,25
Brazil Campeonato Baiano Women;Brazil;14,0;14,0;3,14;0,85;0,15;1,14;0,46;2,14;1,0;0,68;0,29;0,71;6,0;0,17;4,0;0,25;0,21
Oman U21 Championship;Oman;14,0;14,0;2,5;0,58;0,11;0,5;1,05;1,0;1,5;0,4;0,5;0,5;1,0;1,0;0,0;0,0;0,5
Brazil Campeonato Capixaba U20;Brazil;14,0;14,0;4,14;0,63;0,15;0,29;1,52;1,93;2,21;0,47;0,64;0,36;4,0;0,5;4,0;0,75;0,62
Japan University Championship Women;Japan;14,0;14,0;3,0;1,11;0,21;0,57;-0,33;1,21;1,79;0,4;0,36;0,64;3,0;0,33;2,0;1,0;0,67
Kyrgyzstan Cup;Kyrgyzstan;14,0;14,0;2,86;0,67;0,21;0,86;0,94;1,0;1,86;0,35;0,43;0,57;2,0;0,5;4,0;0,5;0,5
Brazil Campeonato Paraibano 2;Brazil;14,0;14,0;3,29;0,6;0,14;0,14;1,31;1,71;1,57;0,52;0,64;0,36;3,0;0,67;1,0;1,0;0,83
Brazil Campeonato Roraimense;Brazil;14,0;14,0;2,86;0,71;0,13;0,0;0,82;1,43;1,43;0,5;0,43;0,57;2,0;0,5;3,0;0,0;0,25
Brazil Copa Paraense U20;Brazil;14,0;14,0;3,0;0,57;0,13;0,29;1,29;1,64;1,36;0,55;0,43;0,57;4,0;0,5;0,0;0,0;0,25
Rwanda Cup Women;Rwanda;14,0;14,0;3,07;0,59;0,18;0,79;1,25;1,93;1,14;0,63;0,57;0,43;3,0;0,67;1,0;0,0;0,33
Belgium Division 1 Women;Belgium;14,0;14,0;3,0;0,6;0,13;1,14;1,2;2,07;0,93;0,69;0,36;0,64;4,0;0,25;1,0;0,0;0,12
Botswana FA Cup;Botswana;14,0;14,0;1,36;0,85;0,06;0,07;0,21;0,64;0,71;0,47;0,43;0,57;4,0;0,75;1,0;0,0;0,38
Campeonato Roraimense;Brazil;14,0;14,0;3,64;0,41;0,22;0,36;2,14;2,0;1,64;0,55;0,57;0,43;5,0;0,6;4,0;0,5;0,55
Cyprus Division 3;Cyprus;14,0;14,0;2,5;0,54;0,15;1,21;1,16;1,86;0,64;0,74;0,5;0,5;3,0;0,67;0,0;0,0;0,33
Campeonato Cearense U20;Brazil;13,0;13,0;2,69;0,46;0,11;0,85;1,44;1,77;0,92;0,66;0,38;0,62;3,0;0,33;3,0;0,67;0,5
Euro 2025 Women;International (Europe);13,0;13,0;3,54;0,58;0,13;0,31;1,47;1,92;1,62;0,54;0,85;0,15;3,0;0,67;3,0;0,67;0,67
Brunei Super League;Brunei;13,0;13,0;4,62;0,65;0,24;2,15;1,63;1,23;3,38;0,27;0,46;0,54;3,0;0,33;4,0;0,5;0,42
Scotland Championship Play-Offs;Scotland;13,0;13,0;2,46;0,75;0,13;0,0;0,61;1,23;1,23;0,5;0,62;0,38;1,0;1,0;0,0;0,0;0,5
AFF U23 Championship;International (Asia);13,0;13,0;2,54;0,83;0,13;0,69;0,43;0,92;1,62;0,36;0,46;0,54;4,0;0,75;4,0;0,25;0,5
Womens Olympic Qual;International (World);13,0;13,0;2,62;1,02;0,15;0,46;-0,05;1,54;1,08;0,59;0,31;0,69;4,0;0,5;2,0;0,5;0,5
CONCACAF U20 Championship Women;International (North & Central America);13,0;13,0;4,46;0,57;0,17;0,46;1,92;2,46;2,0;0,55;0,46;0,54;5,0;0,4;4,0;0,5;0,45
South Africa Play Offs;South Africa;13,0;13,0;1,46;0,82;0,07;0,69;0,26;1,08;0,38;0,74;0,31;0,69;0,0;0,0;0,0;0,0;0,0
OFC Champions League;International (Oceania);13,0;13,0;2,46;0,77;0,1;1,23;0,56;1,85;0,62;0,75;0,38;0,62;4,0;0,0;1,0;1,0;0,5
Brazil Campeonato Potiguar 2;Brazil;13,0;13,0;2,69;0,53;0,13;0,54;1,26;1,62;1,08;0,6;0,46;0,54;1,0;1,0;0,0;0,0;0,5
Morocco Coupe d’Excellence;Morocco;13,0;13,0;1,85;0,69;0,09;0,15;0,57;1,0;0,85;0,54;0,54;0,46;1,0;1,0;1,0;1,0;1,0
Brazil Campeonato Carioca B2 U20;Brazil;13,0;13,0;3,31;0,57;0,11;0,69;1,42;1,31;2,0;0,4;0,38;0,62;0,0;0,0;2,0;1,0;0,5
Brazil Campeonato Goiano Women;Brazil;13,0;13,0;2,69;0,76;0,1;0,08;0,64;1,31;1,38;0,49;0,46;0,54;4,0;0,5;1,0;1,0;0,75
Macau FA Cup;Macau;13,0;13,0;4,08;0,6;0,18;0,69;1,61;2,38;1,69;0,58;0,54;0,46;6,0;0,67;4,0;0,5;0,58
Brazil Campeonato Paraense A3;Brazil;13,0;13,0;3,0;0,56;0,11;1,62;1,32;2,31;0,69;0,77;0,38;0,62;0,0;0,0;2,0;1,0;0,5
Brazil Campeonato Mineiro Women;Brazil;13,0;13,0;4,15;0,31;0,17;0,62;2,87;2,38;1,77;0,57;0,69;0,31;5,0;0,8;2,0;1,0;0,9
Romania U19 Cup;Romania;13,0;13,0;4,15;0,56;0,17;0,0;1,81;2,08;2,08;0,5;0,54;0,46;4,0;0,5;6,0;0,83;0,67
Gulf Cup U23;International (North & Central America);13,0;13,0;2,31;0,51;0,15;0,46;1,13;1,38;0,92;0,6;0,38;0,62;1,0;0,0;1,0;0,0;0,0
Ghana Super Cup Women;Ghana;13,0;13,0;3,15;0,58;0,16;0,38;1,34;1,77;1,38;0,56;0,46;0,54;2,0;0,0;0,0;0,0;0,0
Germany Regionalliga North East;Germany;13,0;12,0;2,15;0,65;0,52;0,15;0,75;1,0;1,15;0,46;0,62;0,38;2,0;0,5;0,0;0,0;0,25
Brazil Paulista Cup Women;Brazil;13,0;13,0;3,85;0,67;0,16;0,15;1,27;2,0;1,85;0,52;0,54;0,46;3,0;0,67;3,0;0,0;0,33
Brazil Copa Goias 2 U20;Brazil;13,0;13,0;4,08;0,69;0,15;0,23;1,26;2,15;1,92;0,53;0,46;0,54;4,0;0,5;2,0;0,0;0,25
Brazil Campeonato Tocantinense;Brazil;13,0;13,0;2,38;0,32;0,2;0,54;1,62;1,46;0,92;0,61;0,54;0,46;5,0;0,2;0,0;0,0;0,1
Iceland Women 2 Deild;Iceland;13,0;13,0;4,54;0,57;0,18;0,85;1,94;2,69;1,85;0,59;0,62;0,38;3,0;0,67;0,0;0,0;0,33
Indonesia Cup;Indonesia;13,0;13,0;2,62;0,57;0,17;0,62;1,11;1,0;1,62;0,38;0,46;0,54;0,0;0,0;0,0;0,0;0,0
South East Asian Games;International (Asia);13,0;13,0;3,15;0,53;0,17;0,85;1,48;2,0;1,15;0,63;0,54;0,46;8,0;0,5;1,0;1,0;0,75
El Salvador Segunda Division;El Salvador;13,0;13,0;2,31;0,6;0,11;0,31;0,93;1,31;1,0;0,57;0,69;0,31;1,0;1,0;0,0;0,0;0,5
Cyprus Cup Women;Cyprus;13,0;13,0;2,92;0,36;0,16;0,77;1,89;1,85;1,08;0,63;0,62;0,38;5,0;0,4;3,0;1,0;0,7
China U21 League;China;12,0;12,0;4,17;0,74;0,19;0,5;1,07;1,83;2,33;0,44;0,5;0,5;2,0;1,0;0,0;0,0;0,5
CONCACAF Gold Cup Qualifying;International (North & Central America);12,0;12,0;2,75;0,82;0,13;0,75;0,49;1,75;1,0;0,64;0,25;0,75;4,0;0,25;2,0;0,5;0,38
Zambia League Women;Zambia;12,0;12,0;2,33;0,78;0,12;0,83;0,51;0,75;1,58;0,32;0,25;0,75;5,0;0,4;3,0;0,33;0,37
Zanzibar Mapinduzi Cup;Tanzania;12,0;12,0;2,25;0,6;0,14;0,42;0,89;1,33;0,92;0,59;0,5;0,5;2,0;0,5;2,0;0,0;0,25
Womens U19 International;International (World);12,0;12,0;2,67;0,67;0,14;0,83;0,89;1,75;0,92;0,66;0,58;0,42;2,0;0,5;2,0;1,0;0,75
OFC Nations Cup Women;International (Oceania);12,0;12,0;2,83;0,5;0,17;0,33;1,43;1,58;1,25;0,56;0,42;0,58;3,0;0,33;1,0;1,0;0,67
India National Games;India;12,0;12,0;2,75;0,66;0,1;0,25;0,93;1,5;1,25;0,55;0,5;0,5;0,0;0,0;2,0;1,0;0,5
Kosovo Division 2;Kosovo;12,0;12,0;3,75;0,73;0,18;0,25;1,02;2,0;1,75;0,53;0,42;0,58;3,0;0,33;0,0;0,0;0,17
Bahrain Play-Offs;Bahrain;12,0;12,0;2,83;0,5;0,17;0,33;1,43;1,25;1,58;0,44;0,75;0,25;0,0;0,0;1,0;0,0;0,0
Norway Division 1 Play-Offs;Norway;12,0;12,0;3,5;0,52;0,19;0,0;1,67;1,75;1,75;0,5;0,83;0,17;0,0;0,0;0,0;0,0;0,0
Jordan U19 Cup;Jordan;12,0;12,0;2,42;0,69;0,13;0,08;0,74;1,17;1,25;0,48;0,58;0,42;3,0;0,67;1,0;0,0;0,33
ASEAN Championship Women;International (Asia);12,0;12,0;3,33;0,67;0,14;2,17;1,1;2,75;0,58;0,82;0,5;0,5;5,0;0,2;1,0;1,0;0,6
African Games Women;International (Africa);12,0;12,0;2,33;0,53;0,11;0,83;1,1;1,58;0,75;0,68;0,42;0,58;6,0;0,33;0,0;0,0;0,17
Brazil Campeonato Capixaba B;Brazil;12,0;12,0;3,58;0,78;0,17;0,08;0,77;1,83;1,75;0,51;0,5;0,5;5,0;0,8;0,0;0,0;0,4
Brazil Campeonato Sergipano A2;Brazil;12,0;12,0;2,83;0,54;0,15;0,67;1,31;1,75;1,08;0,62;0,42;0,58;3,0;0,33;2,0;0,0;0,17
India Calcutta First Division;India;12,0;12,0;2,08;0,69;0,13;0,08;0,64;1,08;1,0;0,52;0,5;0,5;1,0;0,0;0,0;0,0;0,0
Switzerland Cup Women;Switzerland;12,0;12,0;2,58;0,65;0,11;0,08;0,91;1,33;1,25;0,52;0,33;0,67;3,0;0,33;3,0;0,0;0,17
Türkiye 1 Ligi Women;Turkey;12,0;12,0;3,42;0,54;0,13;0,08;1,58;1,67;1,75;0,49;0,58;0,42;3,0;0,0;1,0;1,0;0,5
Ukraine Play-Offs;Ukraine;12,0;12,0;2,42;0,62;0,12;0,58;0,91;1,5;0,92;0,62;0,5;0,5;1,0;1,0;0,0;0,0;0,5
Campeonato Alagoano B;Brazil;12,0;12,0;2,33;0,53;0,13;1,33;1,1;1,83;0,5;0,79;0,25;0,75;5,0;0,2;0,0;0,0;0,1
Scotland League One Play-Offs;Scotland;12,0;12,0;3,25;0,56;0,16;0,08;1,43;1,67;1,58;0,51;0,75;0,25;1,0;0,0;0,0;0,0;0,0
England Premier League 2 Play-Offs;England;12,0;12,0;2,92;0,68;0,13;0,75;0,94;1,83;1,08;0,63;0,5;0,5;0,0;0,0;0,0;0,0;0,0
Denmark Series Group 4;Denmark;12,0;12,0;3,08;0,53;0,15;0,92;1,46;2,0;1,08;0,65;0,67;0,33;1,0;1,0;0,0;0,0;0,5
Mali League Women;Mali;12,0;12,0;3,08;0,53;0,18;0,58;1,46;1,25;1,83;0,41;0,67;0,33;2,0;1,0;2,0;0,5;0,75
AFF U19 Championship Women;International (Asia);11,0;11,0;4,73;0,5;0,19;3,82;2,36;4,27;0,45;0,9;0,27;0,73;7,0;0,29;1,0;0,0;0,14
Scotland Premiership Play-Offs;Scotland;11,0;11,0;3,09;0,4;0,14;0,18;1,87;1,45;1,64;0,47;0,64;0,36;0,0;0,0;0,0;0,0;0,0
COSAFA U20 Championship Women;International (Africa);11,0;11,0;3,82;0,79;0,18;1,82;0,79;2,82;1,0;0,74;0,36;0,64;3,0;0,33;1,0;0,0;0,17
Gulf Cup U20;International (North & Central America);11,0;11,0;2,27;0,68;0,41;1,0;0,72;1,64;0,64;0,72;0,36;0,64;2,0;0,0;1,0;1,0;0,5
Germany Oberliga Play offs;Germany;11,0;11,0;3,82;0,62;0,22;0,0;1,46;1,91;1,91;0,5;0,73;0,27;1,0;1,0;0,0;0,0;0,5
Türkiye 2.Lig Play-offs;Turkey;11,0;11,0;2,82;0,74;0,16;0,27;0,73;1,27;1,55;0,45;0,55;0,45;0,0;0,0;0,0;0,0;0,0
FIFA Arab Cup Qualifying;International (Asia);11,0;11,0;2,36;0,95;0,12;0,36;0,12;1,36;1,0;0,58;0,45;0,55;5,0;0,4;0,0;0,0;0,2
Central American Games;International (North & Central America);11,0;11,0;3,0;0,52;0,12;0,27;1,45;1,64;1,36;0,55;0,64;0,36;1,0;1,0;0,0;0,0;0,5
South Africa Varsity Challenge;South Africa;11,0;11,0;1,91;0,68;0,08;0,27;0,61;1,09;0,82;0,57;0,36;0,64;0,0;0,0;1,0;0,0;0,0
Brunei FA Cup;Brunei;11,0;11,0;2,73;0,64;0,15;0,55;0,99;1,64;1,09;0,6;0,36;0,64;2,0;0,0;2,0;0,5;0,25
Northern Ireland Intermediate Cup;North Ireland;11,0;11,0;2,73;0,68;0,24;0,18;0,88;1,27;1,45;0,47;0,45;0,55;2,0;0,0;3,0;0,33;0,17
India I-League 2nd Division;India;11,0;11,0;1,73;0,46;0,1;0,27;0,94;0,73;1,0;0,42;0,55;0,45;0,0;0,0;1,0;0,0;0,0
Iceland Women U20 League;Iceland;11,0;11,0;4,18;0,53;0,16;0,91;1,95;2,55;1,64;0,61;0,55;0,45;2,0;0,5;2,0;1,0;0,75
Uganda Super 8;Uganda;11,0;11,0;1,73;0,82;0,06;0,45;0,31;0,64;1,09;0,37;0,36;0,64;0,0;0,0;1,0;1,0;0,5
Jordan U19 League;Jordan;11,0;11,0;2,18;0,76;0,12;0,36;0,52;1,27;0,91;0,58;0,45;0,55;1,0;1,0;0,0;0,0;0,5
Israel Liga Alef Play-Offs;Israel;11,0;11,0;2,64;0,78;0,12;0,27;0,57;1,45;1,18;0,55;0,55;0,45;0,0;0,0;0,0;0,0;0,0
Brazil Campeonato Alagoano B;Brazil;11,0;11,0;3,27;0,56;0,15;0,0;1,42;1,64;1,64;0,5;0,73;0,27;1,0;1,0;2,0;1,0;1,0
Republic of Ireland FAI Cup Women;Ireland;11,0;11,0;3,36;0,43;0,17;0,64;1,93;2,0;1,36;0,59;0,64;0,36;3,0;0,67;1,0;1,0;0,83
Guatemala Liga Nacional;Guatemala;11,0;11,0;2,55;0,54;0,15;0,91;1,18;1,73;0,82;0,68;0,45;0,55;4,0;0,25;0,0;0,0;0,12
Sweden Div 1 Qualification;Sweden;11,0;11,0;3,55;0,46;0,16;1,18;1,91;2,36;1,18;0,67;0,73;0,27;1,0;0,0;0,0;0,0;0,0
Brazil Campeonato Sul-Matogrossense;Brazil;11,0;11,0;3,18;0,77;0,19;1,18;0,74;2,18;1,0;0,69;0,64;0,36;4,0;0,5;0,0;0,0;0,25
Argentina Primera B Metropolitana Reserves;Argentina;10,0;10,0;2,9;0,66;0,18;0,5;0,99;1,7;1,2;0,59;0,5;0,5;0,0;0,0;0,0;0,0;0,0
Andorra Second Division;Andorra;10,0;10,0;4,5;0,74;0,18;0,5;1,16;2,5;2,0;0,56;0,6;0,4;2,0;0,5;2,0;0,5;0,5
Australia Victoria Cup;Australia;10,0;10,0;2,9;0,66;0,15;0,1;0,99;1,4;1,5;0,48;0,4;0,6;2,0;0,0;2,0;0,5;0,25
Australia Victoria Cup Women;Australia;10,0;10,0;3,9;0,46;0,2;0,5;2,11;2,2;1,7;0,56;0,8;0,2;1,0;0,0;1,0;1,0;0,5
Spain Super Cup;Spain;10,0;10,0;4,0;0,46;0,15;1,0;2,17;2,5;1,5;0,62;0,5;0,5;3,0;0,0;0,0;0,0;0,0
Saudi Arabia Cup Women;Saudi Arabia;10,0;10,0;3,5;0,76;0,15;0,9;0,82;1,3;2,2;0,37;0,8;0,2;3,0;0,67;2,0;1,0;0,83
Netherlands Youth Cup;Netherlands;10,0;10,0;3,9;0,46;0,15;0,3;2,11;1,8;2,1;0,46;0,4;0,6;2,0;0,5;2,0;0,5;0,5
Brazil Copa Santa Catarina U20;Brazil;10,0;10,0;3,5;0,74;0,13;0,7;0,91;2,1;1,4;0,6;0,5;0,5;1,0;0,0;0,0;0,0;0,0
WAFU Cup of Nations Women;International (Africa);10,0;10,0;2,7;0,68;0,09;0,9;0,87;0,9;1,8;0,33;0,4;0,6;5,0;0,8;2,0;1,0;0,9
Cuba Campeonato Nacional;Cuba;10,0;10,0;2,6;0,77;0,12;0,0;0,59;1,3;1,3;0,5;0,5;0,5;3,0;0,33;0,0;0,0;0,17
South East Asian Games Women;International (Asia);10,0;10,0;3,0;0,72;0,19;1,0;0,84;2,0;1,0;0,67;0,3;0,7;3,0;0,0;3,0;0,33;0,17
Slovenia Cup Women;Slovenia;10,0;10,0;3,8;0,54;0,15;1,4;1,76;2,6;1,2;0,68;0,5;0,5;5,0;0,2;4,0;0,75;0,48
Germany Regionalliga South West;Germany;10,0;10,0;2,9;0,62;0,14;0,9;1,11;1,9;1,0;0,66;0,6;0,4;0,0;0,0;1,0;1,0;0,5
Brazil Matches Women;Brazil;10,0;10,0;4,6;0,43;0,17;1,2;2,64;1,7;2,9;0,37;0,6;0,4;3,0;1,0;5,0;0,4;0,7
Italy Super Cup;Italy;10,0;10,0;2,7;0,43;0,11;0,7;1,54;1,7;1,0;0,63;0,4;0,6;1,0;0,0;1,0;0,0;0,0
Brazil Campeonato Brasiliense B;Brazil;10,0;10,0;3,9;0,66;0,18;1,1;1,34;1,4;2,5;0,36;0,3;0,7;3,0;0,67;3,0;0,33;0,5
India Manipur State League;India;10,0;10,0;2,6;0,49;0,13;0,6;1,34;1,6;1,0;0,62;0,5;0,5;3,0;0,33;0,0;0,0;0,17
Niger Cup;Niger;10,0;10,0;2,2;0,7;0,17;0,8;0,65;1,5;0,7;0,68;0,2;0,8;2,0;0,0;0,0;0,0;0,0
USA NISA Independent Cup;USA;10,0;10,0;2,6;0,58;0,19;0,4;1,09;1,5;1,1;0,58;0,6;0,4;1,0;1,0;0,0;0,0;0,5
Kazakhstan League Cup;Kazakhstan;10,0;10,0;2,2;0,82;0,09;0,8;0,39;1,5;0,7;0,68;0,3;0,7;2,0;0,5;2,0;0,5;0,5
Ukraine Division 1 Women;Ukraine;10,0;9,0;3,5;0,74;1,0;2,3;0,91;2,9;0,6;0,83;0,3;0,7;5,0;0,2;0,0;0,0;0,1
