Match ID_x,Data,Probabilidade Final,Odd Justa
193397606,24/04/2026,0.5110978951016725,1.957
193440515,24/04/2026,0.6068051364661774,1.648
193387215,24/04/2026,0.5881826662672656,1.7
193382217,24/04/2026,0.5786443361817224,1.728
193387213,24/04/2026,0.5262717238834788,1.9
447698,24/04/2026,0.5598540488204178,1.786
193384264,24/04/2026,0.5592962372976475,1.788
491915,24/04/2026,0.5598540488204178,1.786
193393863,24/04/2026,0.5767127401966036,1.734
192791606,24/04/2026,0.5125890674533177,1.951
193384262,24/04/2026,0.55425435114944,1.804
193390166,24/04/2026,0.524532270531768,1.906
193113485,24/04/2026,0.5052738599715979,1.979
193387456,24/04/2026,0.5924724648790239,1.688
193388145,24/04/2026,0.5907397746052905,1.693
193492394,24/04/2026,0.5694349367946194,1.756
193318126,24/04/2026,0.5178454490591126,1.931
193416097,24/04/2026,0.5008453364686104,1.997
193342123,24/04/2026,0.4919373334185551,2.033
193489715,24/04/2026,0.580378428366873,1.723
193113480,24/04/2026,0.45466889429225343,2.199
193382209,24/04/2026,0.5542987196548231,1.804
192941078,24/04/2026,0.5133828506647143,1.948
193382213,24/04/2026,0.5935102944275866,1.685
193390127,24/04/2026,0.4772314917883727,2.095
192941084,24/04/2026,0.5721620823239141,1.748
193382223,24/04/2026,0.42725980648459727,2.34
193384544,24/04/2026,0.47562557235739855,2.102
193440521,24/04/2026,0.56076412898534,1.783
192940907,24/04/2026,0.5565446886104348,1.797
192941063,24/04/2026,0.551787799449587,1.812
192939268,24/04/2026,0.5415852629918438,1.846
192939270,24/04/2026,0.5110573527704594,1.957
192941088,24/04/2026,0.5418282739143391,1.846
193392837,24/04/2026,0.5790492382413847,1.727
193454340,24/04/2026,0.5645122710258441,1.771
192941097,24/04/2026,0.5454776996268863,1.833
192941101,24/04/2026,0.5423673836462308,1.844
192939336,24/04/2026,0.5335350119040037,1.874
192941109,24/04/2026,0.5275365470895041,1.896
192939469,24/04/2026,0.5267235282212998,1.899
192939504,24/04/2026,0.5131858722953155,1.949
192941092,24/04/2026,0.531494214062249,1.881
193454345,24/04/2026,0.5827554243001025,1.716
193382221,24/04/2026,0.5056669218058248,1.978
193495507,24/04/2026,0.5254119074453052,1.903
193547468,24/04/2026,0.49302007984657087,2.028
193429778,24/04/2026,0.5409264728800519,1.849
193388562,24/04/2026,0.5303627592749597,1.886
193390135,24/04/2026,0.4638322533473712,2.156
193394130,24/04/2026,0.5780169249475873,1.73
193440511,24/04/2026,0.5707933086194544,1.752
192772402,24/04/2026,0.5357030828700464,1.867
193389377,24/04/2026,0.5406603489966089,1.85
193384272,24/04/2026,0.5058775261988221,1.977
193342768,24/04/2026,0.5217683005387368,1.917
192611115,24/04/2026,0.5618685732373844,1.78
193384248,24/04/2026,0.5875671462055418,1.702
193386881,24/04/2026,0.4838422404274165,2.067
193440509,24/04/2026,0.5690428097857165,1.757
193387522,24/04/2026,0.5647049459018709,1.771
192941086,24/04/2026,0.5295619592690363,1.888
193497346,24/04/2026,0.3714244266220075,2.692
193491491,24/04/2026,0.5745869567938258,1.74
193381357,24/04/2026,0.5274178160640078,1.896
193381386,24/04/2026,0.5062292178213799,1.975
193342086,24/04/2026,0.5936989429202421,1.684
193389365,24/04/2026,0.5099564200050555,1.961
193381383,24/04/2026,0.492321184261362,2.031
193384429,24/04/2026,0.5639178573809465,1.773
192941073,24/04/2026,0.5352376510659762,1.868
193342076,24/04/2026,0.5621171797312143,1.779
193342082,24/04/2026,0.574487862818439,1.741
193387140,24/04/2026,0.5871623927679098,1.703
192940647,24/04/2026,0.4758733836839643,2.101
193389830,24/04/2026,0.5091314190918562,1.964
193387501,24/04/2026,0.5891759556082449,1.697
193390158,24/04/2026,0.514831161313867,1.942
193342072,24/04/2026,0.5680894585533087,1.76
193389834,24/04/2026,0.5272682702948833,1.897
193342091,24/04/2026,0.5229518034235705,1.912
193342095,24/04/2026,0.5374411052678901,1.861
193342101,24/04/2026,0.472622708429763,2.116
193384468,24/04/2026,0.5769236876178707,1.733
192609172,24/04/2026,0.5239570614094373,1.909
193390124,24/04/2026,0.5189236520991148,1.927
193396613,24/04/2026,0.5911826555313445,1.692
193342048,24/04/2026,0.5496313254918005,1.819
193388453,24/04/2026,0.5134786306758172,1.948
193388449,24/04/2026,0.411365546102981,2.431
193387465,24/04/2026,0.5171269762474496,1.934
193109449,24/04/2026,0.5379358387531736,1.859
193342033,24/04/2026,0.621643809281607,1.609
193388298,24/04/2026,0.5399989109802724,1.852
193390598,24/04/2026,0.5593713346149736,1.788
193389837,24/04/2026,0.538486195561459,1.857
193381780,24/04/2026,0.5641576548030477,1.773
193387276,24/04/2026,0.5478243194778747,1.825
192941068,24/04/2026,0.47350959098221507,2.112
193381360,24/04/2026,0.5131957273206855,1.949
193440525,24/04/2026,0.5132267018775969,1.948
193503927,24/04/2026,0.6160178711568846,1.623
192682020,24/04/2026,0.5873548635563139,1.703
193547636,24/04/2026,0.5494526604283594,1.82
193395376,24/04/2026,0.5390395226580512,1.855
193531285,24/04/2026,0.6201904412033473,1.612
193493062,24/04/2026,0.5385740186144006,1.857
193493064,24/04/2026,0.34343521359599166,2.912
193384270,24/04/2026,0.5454461285388025,1.833
193395136,24/04/2026,0.5645222003203665,1.771
192606738,24/04/2026,0.5631766253660917,1.776
193005569,24/04/2026,0.5224324441277348,1.914
192950398,24/04/2026,0.5651025940193022,1.77
193394375,24/04/2026,0.5123549397807828,1.952
193284037,24/04/2026,0.48650247836430105,2.055
193488414,24/04/2026,0.5223660964561954,1.914
192612575,24/04/2026,0.5015814340015528,1.994
192612579,24/04/2026,0.4365657581232885,2.291
193394163,24/04/2026,0.49157997970918504,2.034
192940189,24/04/2026,0.5126250996310597,1.951
193388643,24/04/2026,0.5386488943986738,1.856
279760,24/04/2026,0.5598540488204178,1.786
193346305,24/04/2026,0.5634780160576794,1.775
193493059,24/04/2026,0.5445428082450171,1.836
193493072,24/04/2026,0.5058478403957326,1.977
193384268,24/04/2026,0.4860465887998882,2.057
193389343,24/04/2026,0.5020289010499643,1.992
193434212,24/04/2026,0.6020160929268982,1.661
193390570,24/04/2026,0.5227097314870065,1.913
193437830,24/04/2026,0.5545765946433772,1.803
193438601,24/04/2026,0.5705649157924179,1.753
193531301,24/04/2026,0.3728040651711091,2.682
193397724,24/04/2026,0.5263843427005909,1.9
193574556,24/04/2026,0.6162285755070954,1.623
193395378,24/04/2026,0.49786276865168644,2.009
192950410,24/04/2026,0.5571154653859798,1.795
193492388,24/04/2026,0.5049135404464403,1.981
193487964,24/04/2026,0.5478715513570593,1.825
193385024,24/04/2026,0.5649152218856128,1.77
192950403,24/04/2026,0.5402477068908464,1.851
193390568,24/04/2026,0.5902911490062418,1.694
193493054,24/04/2026,0.45912166718536673,2.178
193394324,24/04/2026,0.5177455942532803,1.931
193574551,24/04/2026,0.5028897377358965,1.989
192940207,24/04/2026,0.5596363718259174,1.787
192612587,24/04/2026,0.4756975139715307,2.102
192612583,24/04/2026,0.44578407322054653,2.243
193484980,24/04/2026,0.5658468655827704,1.767
193561663,24/04/2026,0.5738310064085745,1.743
192608365,24/04/2026,0.5326399564551656,1.877
193492649,24/04/2026,0.5796615244522916,1.725
193381764,24/04/2026,0.5376342021182734,1.86
192940885,24/04/2026,0.5494664951178403,1.82
193379043,24/04/2026,0.5805031922942616,1.723
193381772,24/04/2026,0.5322117987678869,1.879
192940883,24/04/2026,0.5186353297023882,1.928
192940880,24/04/2026,0.4978895539365529,2.008
192613378,24/04/2026,0.4530018036684556,2.207
193386733,24/04/2026,0.41585612863507476,2.405
192072050,24/04/2026,0.5271888350419737,1.897
192613325,24/04/2026,0.4844240630549642,2.064
193108377,24/04/2026,0.5217838678749582,1.917
193440513,24/04/2026,0.368174475612552,2.716
192612867,24/04/2026,0.5100012589283146,1.961
193397507,24/04/2026,0.4736007803250685,2.111
193392948,24/04/2026,0.5454875853037808,1.833
193381819,24/04/2026,0.5243993976035839,1.907
192789129,24/04/2026,0.5456422424948955,1.833
192496454,24/04/2026,0.5113508465060855,1.956
193387503,24/04/2026,0.5399863490551913,1.852
193493070,24/04/2026,0.5356192894933346,1.867
193454336,24/04/2026,0.5805536194624336,1.722
193381766,24/04/2026,0.5498439888045166,1.819
193381769,24/04/2026,0.5446193130937093,1.836
192613770,24/04/2026,0.4893379972389443,2.044
192613266,24/04/2026,0.5353096639677071,1.868
193385106,24/04/2026,0.49654192448247825,2.014
193531281,24/04/2026,0.5444045913341758,1.837
193386884,24/04/2026,0.49362527310075355,2.026
193389381,24/04/2026,0.5703211130511259,1.753
192612570,24/04/2026,0.5069701229748733,1.973
193385218,24/04/2026,0.5133858471465572,1.948
192943766,24/04/2026,0.5485495571924934,1.823
193391720,24/04/2026,0.5971585564128168,1.675
193391714,24/04/2026,0.5414011093564054,1.847
193390256,24/04/2026,0.5195586616839555,1.925
193382226,24/04/2026,0.4878317062309596,2.05
193108384,24/04/2026,0.5199019181769925,1.923
192940890,24/04/2026,0.520811711543924,1.92
193392956,24/04/2026,0.5577308422050776,1.793
192500986,24/04/2026,0.5252575032477647,1.904
192940665,24/04/2026,0.5171232347453967,1.934
192612567,24/04/2026,0.5435806962871106,1.84
193385336,24/04/2026,0.5561304379198239,1.798
193531279,24/04/2026,0.5896861908288697,1.696
192498922,24/04/2026,0.5296479056661406,1.888
193379033,24/04/2026,0.510659225954732,1.958
192606426,24/04/2026,0.48371702316655096,2.067
193390253,24/04/2026,0.5894394727464004,1.697
192788764,24/04/2026,0.5436661722940775,1.839
193416051,24/04/2026,0.5068759105966669,1.973
193389357,24/04/2026,0.5453592765260198,1.834
193382234,24/04/2026,0.5199164722717857,1.923
193389339,24/04/2026,0.5181645391494272,1.93
193382191,24/04/2026,0.56075861730443,1.783
193381762,24/04/2026,0.5038210947523885,1.985
193391683,24/04/2026,0.5352074829063013,1.868
193389057,24/04/2026,0.5690306466478717,1.757
193382232,24/04/2026,0.48944762696385363,2.043
193382173,24/04/2026,0.611127017291269,1.636
193382449,24/04/2026,0.5851591607858021,1.709
193384964,24/04/2026,0.6178800340041748,1.618
193382178,24/04/2026,0.5836863641668735,1.713
193382182,24/04/2026,0.5373751117215791,1.861
193382440,24/04/2026,0.5389701335377398,1.855
193382619,24/04/2026,0.34086823070956357,2.934
193386904,24/04/2026,0.5182995249761527,1.929
193386910,24/04/2026,0.5629673355357604,1.776
193385456,24/04/2026,0.21207966635057113,4.715
193067963,24/04/2026,0.49398993591906665,2.024
193067960,24/04/2026,0.5821582017587598,1.718
193381354,24/04/2026,0.5867057670452996,1.704
193386890,24/04/2026,0.5815965775636325,1.719
193390305,24/04/2026,0.5474848612249179,1.827
193386902,24/04/2026,0.5570299833572878,1.795
193386799,24/04/2026,0.3781675084389787,2.644
193390574,24/04/2026,0.5211518681855741,1.919
193397873,24/04/2026,0.5124540096425894,1.951
193377642,24/04/2026,0.5225506222681527,1.914
193381786,24/04/2026,0.49975504425998885,2.001
193492392,24/04/2026,0.5261623298248684,1.901
193377639,24/04/2026,0.5321232600550686,1.879
193377645,24/04/2026,0.5295096464231338,1.889
193377631,24/04/2026,0.5268062110883822,1.898
193385640,24/04/2026,0.4801460254164108,2.083
193454543,24/04/2026,0.5408555724975126,1.849
193388069,24/04/2026,0.5546558391706857,1.803
193377624,24/04/2026,0.5302040899841024,1.886
193394142,24/04/2026,0.41950884662883886,2.384
193392733,24/04/2026,0.55277431336887,1.809
193381782,24/04/2026,0.5906628831925775,1.693
193376563,24/04/2026,0.4344414381698689,2.302
193493057,24/04/2026,0.5573316426268835,1.794
193387826,24/04/2026,0.5238416067695567,1.909
193388660,24/04/2026,0.5024630541250874,1.99
193390534,24/04/2026,0.462572653913237,2.162
193377331,24/04/2026,0.5106116726192375,1.958
193440523,24/04/2026,0.4746078433704394,2.107
193382237,24/04/2026,0.45601190428961536,2.193
193344267,24/04/2026,0.5788282182599375,1.728
193492630,24/04/2026,0.48582877896243193,2.058
192940710,24/04/2026,0.5363375897829487,1.864
193395175,24/04/2026,0.468884830981693,2.133
193416093,24/04/2026,0.455783589418787,2.194
193386908,24/04/2026,0.3033851566057815,3.296
193386925,24/04/2026,0.560718115639898,1.783
193390532,24/04/2026,0.3733668274322104,2.678
193386952,24/04/2026,0.6243906075432496,1.602
193386947,24/04/2026,0.6181816315004659,1.618
193386943,24/04/2026,0.5961959377891972,1.677
193344309,24/04/2026,0.6014430855428892,1.663
193391678,24/04/2026,0.4988208739288475,2.005
193386906,24/04/2026,0.5977330774410226,1.673
193343860,24/04/2026,0.5946270562666227,1.682
193343863,24/04/2026,0.590816279701092,1.693
193343854,24/04/2026,0.5790182976005245,1.727
193492386,24/04/2026,0.5090728509362494,1.964
193382228,24/04/2026,0.5126498379322628,1.951
155736,24/04/2026,0.5598540488204178,1.786
193439485,24/04/2026,0.3025859046459518,3.305
193382006,24/04/2026,0.4661249670942815,2.145
193386898,24/04/2026,0.5647148098959142,1.771
192788767,24/04/2026,0.5499382223442879,1.818
193382206,24/04/2026,0.527514598092106,1.896
193384251,24/04/2026,0.5384496071256376,1.857
193067955,24/04/2026,0.5570652168131617,1.795
193385255,24/04/2026,0.530328824582761,1.886
193344275,24/04/2026,0.6102647220421767,1.639
193344283,24/04/2026,0.5749172011546544,1.739
193389052,24/04/2026,0.5311702212558748,1.883
192940706,24/04/2026,0.46206911458519195,2.164
193344290,24/04/2026,0.581939151951217,1.718
193344296,24/04/2026,0.546005932902995,1.831
193416053,24/04/2026,0.48947829030549617,2.043
193419877,24/04/2026,0.6064139982876036,1.649
193416055,24/04/2026,0.564383094087641,1.772
193344303,24/04/2026,0.5858689703926244,1.707
193391727,24/04/2026,0.5241057597596102,1.908
193384755,24/04/2026,0.518414108433899,1.929
192612632,24/04/2026,0.5514704596145672,1.813
193343830,24/04/2026,0.6091108002140414,1.642
193386893,24/04/2026,0.594464628347882,1.682
192937218,24/04/2026,0.523315561500343,1.911
193343825,24/04/2026,0.571122948654371,1.751
193343823,24/04/2026,0.5489077579461356,1.822
193343840,24/04/2026,0.611891815932758,1.634
193343851,24/04/2026,0.5452022287853852,1.834
193386956,24/04/2026,0.6248950253850666,1.6
193382176,24/04/2026,0.574367716372319,1.741
193067958,24/04/2026,0.5272155784357652,1.897
193388445,24/04/2026,0.4735923259866013,2.112
193067942,24/04/2026,0.5257928318006349,1.902
193388324,24/04/2026,0.5531641659705312,1.808
192496450,24/04/2026,0.5218210984627356,1.916
193389388,24/04/2026,0.578581254091632,1.728
193050784,24/04/2026,0.5507074607645803,1.816
193384527,24/04/2026,0.6191256421384008,1.615
193440527,24/04/2026,0.5445533234993539,1.836
193384918,24/04/2026,0.5863306914511751,1.706
193384841,24/04/2026,0.5682610682464617,1.76
193492384,24/04/2026,0.5631397668296072,1.776
193381402,24/04/2026,0.5607448101870368,1.783
193381400,24/04/2026,0.5648101984414551,1.771
193384438,24/04/2026,0.6100119823805467,1.639
193391689,24/04/2026,0.4849772377190264,2.062
193384448,24/04/2026,0.5331300066241592,1.876
193381350,24/04/2026,0.5462623713601568,1.831
193342056,24/04/2026,0.5613644644157672,1.781
193396619,24/04/2026,0.5177976995398589,1.931
193381390,24/04/2026,0.5474279803750672,1.827
193384495,24/04/2026,0.46733592764388,2.14
193052601,24/04/2026,0.49223988591686246,2.032
193342065,24/04/2026,0.5225458700163101,1.914
193052608,24/04/2026,0.5313835256135229,1.882
193396615,24/04/2026,0.5282992171761024,1.893
193531275,24/04/2026,0.33839260337634375,2.955
193381814,24/04/2026,0.5439133856114234,1.839
193050775,24/04/2026,0.5238789925204533,1.909
193342041,24/04/2026,0.565583930151783,1.768
193388333,24/04/2026,0.529433606780046,1.889
193190484,24/04/2026,0.5154312373793356,1.94
193381801,24/04/2026,0.46092587006476216,2.17
193416082,24/04/2026,0.503531983914982,1.986
193385642,24/04/2026,0.4873703982797242,2.052
193390210,24/04/2026,0.5949651111135421,1.681
193381753,24/04/2026,0.456556962228693,2.19
193384520,24/04/2026,0.6169735792157695,1.621
193491970,24/04/2026,0.49825541295780834,2.007
193384457,24/04/2026,0.3535156171347693,2.829
193384427,24/04/2026,0.5934878392316563,1.685
193381398,24/04/2026,0.5676359071074026,1.762
193389350,24/04/2026,0.48874119729328047,2.046
193381396,24/04/2026,0.5099642119140994,1.961
192789116,24/04/2026,0.5497637990267512,1.819
193396622,24/04/2026,0.5510275242463665,1.815
193396624,24/04/2026,0.5264224295705496,1.9
192175879,24/04/2026,0.5373904987276091,1.861
192789122,24/04/2026,0.5639257470529778,1.773
192072046,24/04/2026,0.49700038880606406,2.012
192789126,24/04/2026,0.5471718291266182,1.828
192614172,24/04/2026,0.5305204270193306,1.885
192614163,24/04/2026,0.5361663127248137,1.865
192789100,24/04/2026,0.5666623443856238,1.765
193531272,24/04/2026,0.4556564610198943,2.195
193397844,24/04/2026,0.3168385304832689,3.156
193050771,24/04/2026,0.5307843842525537,1.884
193318116,24/04/2026,0.5284233255678137,1.892
193391696,24/04/2026,0.5687630445539084,1.758
193382202,24/04/2026,0.5746106434310134,1.74
193381380,24/04/2026,0.4975199539208456,2.01
193388904,24/04/2026,0.4896411557358373,2.042
193388900,24/04/2026,0.5243152686032018,1.907
193381377,24/04/2026,0.47768591429252955,2.093
193392695,24/04/2026,0.5754636252723621,1.738
193495513,24/04/2026,0.5329867310909392,1.876
193385019,24/04/2026,0.4472612842312619,2.236
193531267,24/04/2026,0.5370991891619179,1.862
193394109,24/04/2026,0.5534368736519617,1.807
193388559,24/04/2026,0.5389070874921256,1.856
193544900,24/04/2026,0.5418602905429925,1.845
193388616,24/04/2026,0.45481972769562895,2.199
193388327,24/04/2026,0.5521496181272905,1.811
193388335,24/04/2026,0.5663725239347196,1.766
193384453,24/04/2026,0.5266543561649987,1.899
193388331,24/04/2026,0.580815418637523,1.722
193381347,24/04/2026,0.5215882782970622,1.917
193381774,24/04/2026,0.574123756108947,1.742
192938326,24/04/2026,0.4887860965240398,2.046
193384275,24/04/2026,0.4701547577766696,2.127
193384431,24/04/2026,0.5962499987506512,1.677
193389722,24/04/2026,0.5597267198399759,1.787
193416062,24/04/2026,0.46129712491752534,2.168
193389864,24/04/2026,0.581175577129764,1.721
193495496,24/04/2026,0.6137087311500656,1.629
193384460,24/04/2026,0.5124875999655945,1.951
193381778,24/04/2026,0.5154294531123297,1.94
193531270,24/04/2026,0.544421062198922,1.837
193386738,24/04/2026,0.6139678615683971,1.629
193389868,24/04/2026,0.577232422025652,1.732
193388910,24/04/2026,0.5213359529757681,1.918
193384474,24/04/2026,0.5391243296074522,1.855
193388337,24/04/2026,0.4839442343160205,2.066
193385305,24/04/2026,0.575097406048758,1.739
193381352,24/04/2026,0.5502960926331235,1.817
192175875,24/04/2026,0.5359371764803631,1.866
193381392,24/04/2026,0.5800128885220271,1.724
192175877,24/04/2026,0.5551572825723827,1.801
193396617,24/04/2026,0.5406261708739422,1.85
193416102,24/04/2026,0.5464393937243905,1.83
193384422,24/04/2026,0.580651286199837,1.722
193381776,24/04/2026,0.5463682319518067,1.83
193439215,25/04/2026,0.5562774533249696,1.798
193489111,25/04/2026,0.5825378734706868,1.717
193442196,25/04/2026,0.5733920766621977,1.744
193441742,25/04/2026,0.5261982540574001,1.9
193449918,25/04/2026,0.5940724695430308,1.683
192941061,25/04/2026,0.5293110598997351,1.889
192613562,25/04/2026,0.5223873089883623,1.914
193500153,25/04/2026,0.5296921902468512,1.888
192613560,25/04/2026,0.5275317097465552,1.896
192613564,25/04/2026,0.5640019766830793,1.773
193504506,25/04/2026,0.577414610530504,1.732
193439219,25/04/2026,0.5817822986839176,1.719
193440554,25/04/2026,0.5420337654975457,1.845
193499388,25/04/2026,0.5052907884285421,1.979
193507345,25/04/2026,0.5929547620832215,1.686
193445235,25/04/2026,0.5395994053186701,1.853
193562610,25/04/2026,0.5106841126066441,1.958
193506773,25/04/2026,0.5813554919675893,1.72
193454287,25/04/2026,0.539449664690358,1.854
193500201,25/04/2026,0.47179777824118835,2.12
193454307,25/04/2026,0.5056937133334132,1.977
193454319,25/04/2026,0.5207983321746403,1.92
193454325,25/04/2026,0.5494720860950986,1.82
192613407,25/04/2026,0.5621458928787648,1.779
193506469,25/04/2026,0.5450717054678392,1.835
193500359,25/04/2026,0.526591836458539,1.899
193438031,25/04/2026,0.5240904388724283,1.908
193445801,25/04/2026,0.5026108797282881,1.99
193499072,25/04/2026,0.551379091839067,1.814
193504073,25/04/2026,0.557745753633859,1.793
193557779,25/04/2026,0.5585136343454883,1.79
193052612,25/04/2026,0.5080381140274589,1.968
193502139,25/04/2026,0.4810326423567101,2.079
193499391,25/04/2026,0.5420437287312281,1.845
193500439,25/04/2026,0.44656339378215754,2.239
193500150,25/04/2026,0.5704618340780284,1.753
193441396,25/04/2026,0.5866367121108764,1.705
193500417,25/04/2026,0.5797069713943056,1.725
193443888,25/04/2026,0.4703999417405575,2.126
193500319,25/04/2026,0.4755976283676975,2.103
193445078,25/04/2026,0.45710239400005026,2.188
193447731,25/04/2026,0.5320154928137091,1.88
193500681,25/04/2026,0.5105676768043788,1.959
193388557,25/04/2026,0.5525926439178404,1.81
193500197,25/04/2026,0.4719633723010845,2.119
193588579,25/04/2026,0.5125338221258389,1.951
193501462,25/04/2026,0.48109906367132343,2.079
193500431,25/04/2026,0.3422134447730179,2.922
193446483,25/04/2026,0.5379209671128024,1.859
193453994,25/04/2026,0.49064228249823044,2.038
193446501,25/04/2026,0.486864227870059,2.054
193440404,25/04/2026,0.5225657704350004,1.914
193113497,25/04/2026,0.48333840377094134,2.069
193504504,25/04/2026,0.45077084650753246,2.218
193504311,25/04/2026,0.5591002439353279,1.789
193497820,25/04/2026,0.5453778221906498,1.834
193445071,25/04/2026,0.513373700661813,1.948
193441735,25/04/2026,0.5312977022750213,1.882
193497205,25/04/2026,0.560902481010876,1.783
192072066,25/04/2026,0.5628621556669673,1.777
193557777,25/04/2026,0.5860323106896909,1.706
193501448,25/04/2026,0.5221447386280565,1.915
192940691,25/04/2026,0.4719498721795548,2.119
193507351,25/04/2026,0.5355686849896069,1.867
193444140,25/04/2026,0.5850990007113942,1.709
193500523,25/04/2026,0.5025602272762352,1.99
193445229,25/04/2026,0.5684904889795147,1.759
193500520,25/04/2026,0.5224797094954372,1.914
193500695,25/04/2026,0.5517059646653181,1.813
192791612,25/04/2026,0.5208594847813837,1.92
192791608,25/04/2026,0.5409411444338046,1.849
193453971,25/04/2026,0.4979385918296398,2.008
193502177,25/04/2026,0.5468161547674383,1.829
193455566,25/04/2026,0.5610803010321367,1.782
192941128,25/04/2026,0.4959916202202089,2.016
193594559,25/04/2026,0.5420779157788439,1.845
193444580,25/04/2026,0.5830430115996179,1.715
193507367,25/04/2026,0.3675135683263839,2.721
193449561,25/04/2026,0.5900998569945844,1.695
192613362,25/04/2026,0.5358189881702755,1.866
192511082,25/04/2026,0.5316292615082667,1.881
193398595,25/04/2026,0.48383181100072953,2.067
192612871,25/04/2026,0.483145011293285,2.07
192612581,25/04/2026,0.5034698160078055,1.986
193502165,25/04/2026,0.4939264600904812,2.025
193502155,25/04/2026,0.514320042528307,1.944
192501035,25/04/2026,0.49074132592659336,2.038
193487568,25/04/2026,0.5106013970379617,1.958
193487640,25/04/2026,0.5451163967851842,1.834
192613284,25/04/2026,0.4556691961859197,2.195
193557821,25/04/2026,0.5216584917155356,1.917
193439909,25/04/2026,0.537643536733223,1.86
193507358,25/04/2026,0.4713391807040914,2.122
193497809,25/04/2026,0.5716699663450239,1.749
192609190,25/04/2026,0.5008192644685814,1.997
193446540,25/04/2026,0.48176966367078844,2.076
193490724,25/04/2026,0.21293812882258822,4.696
193583941,25/04/2026,0.4534731049162424,2.205
193583938,25/04/2026,0.4996041988948475,2.002
193449892,25/04/2026,0.5204955824735333,1.921
193450602,25/04/2026,0.5007135678656106,1.997
193445267,25/04/2026,0.5135134283141319,1.947
193442620,25/04/2026,0.3336776593601159,2.997
193438026,25/04/2026,0.5097012462720195,1.962
193557914,25/04/2026,0.5354806495878867,1.867
193438024,25/04/2026,0.5021574444703016,1.991
192941865,25/04/2026,0.5187656815964188,1.928
193500161,25/04/2026,0.5080093699622606,1.968
192825749,25/04/2026,0.47784365892235314,2.093
192942091,25/04/2026,0.500160334531822,1.999
193109463,25/04/2026,0.5408462431371641,1.849
192943305,25/04/2026,0.5642260650658133,1.772
193445245,25/04/2026,0.4652690773616747,2.149
193445239,25/04/2026,0.5776999044279156,1.731
193383829,25/04/2026,0.5195568549941356,1.925
193383818,25/04/2026,0.588260978778385,1.7
193600075,25/04/2026,0.5797311078717124,1.725
193445237,25/04/2026,0.5105677721089794,1.959
192609585,25/04/2026,0.5501984630936058,1.818
193498505,25/04/2026,0.5417218066975922,1.846
192942516,25/04/2026,0.5534070239769444,1.807
193557775,25/04/2026,0.564500942866476,1.771
193446536,25/04/2026,0.5418525499852334,1.846
193557886,25/04/2026,0.5292510808384682,1.889
193445799,25/04/2026,0.5455403800570563,1.833
193453960,25/04/2026,0.49372678105428286,2.025
193383821,25/04/2026,0.5688243364401152,1.758
193453964,25/04/2026,0.5085064176498288,1.967
193557974,25/04/2026,0.4904807943796966,2.039
193441363,25/04/2026,0.5283482848538715,1.893
193108404,25/04/2026,0.4887199214821685,2.046
193500378,25/04/2026,0.4982024729173748,2.007
193502148,25/04/2026,0.48387949520001844,2.067
193108399,25/04/2026,0.5004858994555451,1.998
192942086,25/04/2026,0.556942739099945,1.796
192942089,25/04/2026,0.40731977672439373,2.455
192997939,25/04/2026,0.5847559538153071,1.71
193340761,25/04/2026,0.5153660651408508,1.94
192940270,25/04/2026,0.5192246041538054,1.926
192517181,25/04/2026,0.45176894446197574,2.214
193506637,25/04/2026,0.6133732095679271,1.63
193487834,25/04/2026,0.4955869445425907,2.018
193445241,25/04/2026,0.5526594916279044,1.809
193052632,25/04/2026,0.4821584238667293,2.074
192609597,25/04/2026,0.5352313956068072,1.868
193495552,25/04/2026,0.5306254420239883,1.885
193445099,25/04/2026,0.5684517863690657,1.759
193399237,25/04/2026,0.5760096489552292,1.736
193500412,25/04/2026,0.550349287600964,1.817
192942084,25/04/2026,0.5347514706014377,1.87
193442828,25/04/2026,0.5438704574138636,1.839
193587643,25/04/2026,0.4966350939105843,2.014
193507322,25/04/2026,0.513547086944215,1.947
192500136,25/04/2026,0.5401808579284618,1.851
192500133,25/04/2026,0.5074378770670476,1.971
193506874,25/04/2026,0.5728789296327849,1.746
192500131,25/04/2026,0.44863488884039365,2.229
193445233,25/04/2026,0.5292500532619383,1.889
192500119,25/04/2026,0.5253745981967712,1.903
192500113,25/04/2026,0.5167619316037066,1.935
192500107,25/04/2026,0.4125918008111035,2.424
192500105,25/04/2026,0.4986644311504487,2.005
193500444,25/04/2026,0.5500711398587713,1.818
192500129,25/04/2026,0.5021764868889449,1.991
192500103,25/04/2026,0.5465569922668727,1.83
193507347,25/04/2026,0.5799146021150289,1.724
193507349,25/04/2026,0.5113360245148212,1.956
192499003,25/04/2026,0.5127646835056018,1.95
192499001,25/04/2026,0.5672225897820148,1.763
192498999,25/04/2026,0.46850083398649983,2.134
192498997,25/04/2026,0.4873977794857359,2.052
192498993,25/04/2026,0.49383679417781307,2.025
192939445,25/04/2026,0.5923457324573583,1.688
192940260,25/04/2026,0.5681572118507837,1.76
193445418,25/04/2026,0.5290836220705846,1.89
192941055,25/04/2026,0.4911029750387613,2.036
193498042,25/04/2026,0.4804181388693613,2.082
193581862,25/04/2026,0.5589340066763865,1.789
193449549,25/04/2026,0.5292511340719122,1.889
193438010,25/04/2026,0.5635078223921998,1.775
193498534,25/04/2026,0.5725073425227519,1.747
193498537,25/04/2026,0.5359747851327303,1.866
193399241,25/04/2026,0.5754652808143869,1.738
193444564,25/04/2026,0.6185219330553975,1.617
193444567,25/04/2026,0.5607468315545612,1.783
193507327,25/04/2026,0.35886870283776157,2.787
192937216,25/04/2026,0.5633620997322069,1.775
192937198,25/04/2026,0.587128703508133,1.703
192937181,25/04/2026,0.4705192701557506,2.125
192937145,25/04/2026,0.5677919352758626,1.761
193388455,25/04/2026,0.5680532238565704,1.76
193228491,25/04/2026,0.5715243049014169,1.75
193228488,25/04/2026,0.5462173665536778,1.831
193445062,25/04/2026,0.49895209571051924,2.004
193388451,25/04/2026,0.5683850641991449,1.759
193388447,25/04/2026,0.5577583964738468,1.793
193445086,25/04/2026,0.502166210693451,1.991
193581577,25/04/2026,0.43824583691467306,2.282
193228604,25/04/2026,0.502569798526168,1.99
193455125,25/04/2026,0.6240656275366897,1.602
193503713,25/04/2026,0.5419126392382644,1.845
193444262,25/04/2026,0.5541135250009277,1.805
192499005,25/04/2026,0.5598658851025148,1.786
193439625,25/04/2026,0.46547854792448273,2.148
193500414,25/04/2026,0.42310960605362724,2.363
193507354,25/04/2026,0.5523024041268914,1.811
193587313,25/04/2026,0.498627275627068,2.006
193201840,25/04/2026,0.5226774792335317,1.913
192613778,25/04/2026,0.5585273456654786,1.79
193444133,25/04/2026,0.5275133947933475,1.896
192942081,25/04/2026,0.5337945318602132,1.873
193506771,25/04/2026,0.5703341080741043,1.753
193228602,25/04/2026,0.4941778890639751,2.024
193383543,25/04/2026,0.6037561138341427,1.656
193383370,25/04/2026,0.5502436391328176,1.817
193383536,25/04/2026,0.5564911081393283,1.797
193500204,25/04/2026,0.5306688339879903,1.884
192175885,25/04/2026,0.4664574897733715,2.144
193503194,25/04/2026,0.4556976901961198,2.194
193228498,25/04/2026,0.5185227724209814,1.929
193228495,25/04/2026,0.4688681082585736,2.133
193399078,25/04/2026,0.4799968009097461,2.083
193504502,25/04/2026,0.5293646540724881,1.889
193441713,25/04/2026,0.5067986046108377,1.973
193052610,25/04/2026,0.5474223607306112,1.827
193507339,25/04/2026,0.55131102604408,1.814
193500314,25/04/2026,0.5251737914360909,1.904
193442178,25/04/2026,0.4688827249756851,2.133
193499624,25/04/2026,0.5051211236937545,1.98
192611125,25/04/2026,0.5367824905867484,1.863
193497815,25/04/2026,0.5600475253172756,1.786
193376565,25/04/2026,0.5419155402305473,1.845
192940920,25/04/2026,0.5138826112022172,1.946
193503938,25/04/2026,0.4862795516546965,2.056
192772428,25/04/2026,0.5117130417692677,1.954
193450598,25/04/2026,0.538627134731724,1.857
193498902,25/04/2026,0.37092592292191395,2.696
193443812,25/04/2026,0.5547262040230256,1.803
193454503,25/04/2026,0.5669458890533182,1.764
193398643,25/04/2026,0.5106132936744571,1.958
193284040,25/04/2026,0.5466977320092696,1.829
193498529,25/04/2026,0.5462025262989163,1.831
193449542,25/04/2026,0.5214749590201385,1.918
193439900,25/04/2026,0.4390695855685239,2.278
193562594,25/04/2026,0.521821142663827,1.916
193583451,25/04/2026,0.49669817405945144,2.013
193398646,25/04/2026,0.5319809370037203,1.88
193498047,25/04/2026,0.4703081524340386,2.126
193489873,25/04/2026,0.446260925935852,2.241
193501402,25/04/2026,0.5120021286757087,1.953
193444879,25/04/2026,0.3619565086719399,2.763
193498050,25/04/2026,0.5897710439936341,1.696
193498070,25/04/2026,0.5622233469358464,1.779
193501375,25/04/2026,0.535297033459872,1.868
193495681,25/04/2026,0.5727622882718394,1.746
193501363,25/04/2026,0.5120766085224857,1.953
192611121,25/04/2026,0.5649193534127919,1.77
193500536,25/04/2026,0.5281140224250972,1.894
192511074,25/04/2026,0.5124266901165534,1.951
193500168,25/04/2026,0.4763501630554174,2.099
192943792,25/04/2026,0.5354229894515564,1.868
193581572,25/04/2026,0.5873792382841856,1.702
193494075,25/04/2026,0.40039195198319916,2.498
192613772,25/04/2026,0.5119460432190693,1.953
193507308,25/04/2026,0.5666076591912969,1.765
192938287,25/04/2026,0.4605556399712236,2.171
192938322,25/04/2026,0.5281492632603599,1.893
192938306,25/04/2026,0.5147332512999468,1.943
193506739,25/04/2026,0.5778810746858636,1.73
193506857,25/04/2026,0.5737604525704312,1.743
193446479,25/04/2026,0.5472770138056192,1.827
193551526,25/04/2026,0.5290306280197905,1.89
193500373,25/04/2026,0.5136452221961032,1.947
193500441,25/04/2026,0.4794979637532956,2.086
193506872,25/04/2026,0.5418216267974056,1.846
193399231,25/04/2026,0.5782065551585901,1.729
193487179,25/04/2026,0.4835679612095551,2.068
192500100,25/04/2026,0.5186887949825831,1.928
192613774,25/04/2026,0.5103150480850714,1.96
193108389,25/04/2026,0.5256249609189109,1.902
193493819,25/04/2026,0.4340714686489923,2.304
193449997,25/04/2026,0.49166563649553685,2.034
193495870,25/04/2026,0.5249889166182202,1.905
193489610,25/04/2026,0.5124066446885612,1.952
193449922,25/04/2026,0.47770048629542367,2.093
193201862,25/04/2026,0.5228406499257963,1.913
193495953,25/04/2026,0.42725133900120316,2.341
193447788,25/04/2026,0.43699336709824194,2.288
193581867,25/04/2026,0.49029367178479766,2.04
193445093,25/04/2026,0.5510305683233515,1.815
193201859,25/04/2026,0.49151069779744344,2.035
193108394,25/04/2026,0.5006267792014985,1.997
193109460,25/04/2026,0.5259357615664632,1.901
192612869,25/04/2026,0.5176466307510494,1.932
192612576,25/04/2026,0.5067999828752835,1.973
193399227,25/04/2026,0.5422125298761223,1.844
193553195,25/04/2026,0.5315946059676562,1.881
193441337,25/04/2026,0.5198864719762425,1.923
193583756,25/04/2026,0.42349338045902135,2.361
193441350,25/04/2026,0.5302300682940935,1.886
193441225,25/04/2026,0.575668239275172,1.737
193499063,25/04/2026,0.5316936461920282,1.881
193503202,25/04/2026,0.5424577923767723,1.843
193284045,25/04/2026,0.5069270589958237,1.973
192940230,25/04/2026,0.539064794906866,1.855
193499762,25/04/2026,0.4936405551701202,2.026
193501342,25/04/2026,0.5023868279973277,1.99
193501353,25/04/2026,0.5377077425524248,1.86
192950474,25/04/2026,0.5500880209632464,1.818
193557629,25/04/2026,0.4855913375842512,2.059
193441345,25/04/2026,0.5090126338711997,1.965
193395735,25/04/2026,0.5223632334553014,1.914
192938330,25/04/2026,0.5048411128206036,1.981
193501358,25/04/2026,0.4914955182827521,2.035
193562586,25/04/2026,0.5210662991012222,1.919
193551387,25/04/2026,0.5267476061009828,1.898
192941140,25/04/2026,0.5317867267213239,1.88
192940821,25/04/2026,0.5161126010479943,1.938
193441227,25/04/2026,0.4453853791069472,2.245
193441235,25/04/2026,0.5167098455204457,1.935
192950480,25/04/2026,0.5326783994968287,1.877
193444715,25/04/2026,0.5642786822876208,1.772
193445416,25/04/2026,0.5250253628465054,1.905
193386736,25/04/2026,0.45174864458672986,2.214
193494791,25/04/2026,0.4661397998403441,2.145
193494496,25/04/2026,0.48880699616915585,2.046
193449441,25/04/2026,0.4482857551986027,2.231
192612597,25/04/2026,0.5062405203472456,1.975
193385875,25/04/2026,0.43284085961837787,2.31
193495652,25/04/2026,0.5542638351934649,1.804
193444709,25/04/2026,0.5946189010337871,1.682
193441222,25/04/2026,0.5192912845403972,1.926
192938332,25/04/2026,0.5450041726944727,1.835
192938335,25/04/2026,0.5347580108264336,1.87
192682027,25/04/2026,0.5697540677600023,1.755
193506070,25/04/2026,0.31760485243623043,3.149
193499067,25/04/2026,0.46889428858383486,2.133
193553206,25/04/2026,0.5082780451269475,1.967
193553203,25/04/2026,0.51756020925332,1.932
193394381,25/04/2026,0.5058508208673456,1.977
192941871,25/04/2026,0.527072492492669,1.897
192943469,25/04/2026,0.538675996498624,1.856
192937313,25/04/2026,0.4863336051441701,2.056
193550832,25/04/2026,0.497205538238461,2.011
193508626,25/04/2026,0.45353806712439226,2.205
193503200,25/04/2026,0.5352813778026995,1.868
193506861,25/04/2026,0.5335060609346266,1.874
193565272,25/04/2026,0.5236916644661742,1.91
193447809,25/04/2026,0.48429516786997534,2.065
193565274,25/04/2026,0.5021664676315966,1.991
192612591,25/04/2026,0.4522713745822289,2.211
193495289,25/04/2026,0.4692986319762791,2.131
193394394,25/04/2026,0.5206795306560715,1.921
193565276,25/04/2026,0.5206705543225587,1.921
193587341,25/04/2026,0.552096789998302,1.811
193441342,25/04/2026,0.5048801156669126,1.981
193487526,25/04/2026,0.5062022755889225,1.975
193506744,25/04/2026,0.567332853311904,1.763
193487517,25/04/2026,0.515168265370908,1.941
192606740,25/04/2026,0.537288767200268,1.861
193494808,25/04/2026,0.4588762451904478,2.179
193499053,25/04/2026,0.538881055930293,1.856
193506746,25/04/2026,0.5659262920378434,1.767
193395733,25/04/2026,0.5558824181688714,1.799
193395724,25/04/2026,0.49390393715208203,2.025
193395722,25/04/2026,0.5136368940732728,1.947
193395726,25/04/2026,0.5072231349593582,1.972
192608377,25/04/2026,0.5249670810598651,1.905
192937279,25/04/2026,0.50739857600596,1.971
193499042,25/04/2026,0.5405049884079624,1.85
193395731,25/04/2026,0.5200836537749489,1.923
193504364,25/04/2026,0.5270674413192249,1.897
193441229,25/04/2026,0.5267196179712416,1.899
193608274,25/04/2026,0.5853105636700456,1.708
192940839,25/04/2026,0.47829327793865684,2.091
193488256,25/04/2026,0.5094147622593928,1.963
193445270,25/04/2026,0.5183138014640203,1.929
193491160,25/04/2026,0.5431200648397637,1.841
193595229,25/04/2026,0.4543783100744012,2.201
193628689,25/04/2026,0.5072806453000015,1.971
193562601,25/04/2026,0.5952407429018595,1.68
193504216,25/04/2026,0.5351604576818483,1.869
193628064,25/04/2026,0.4843729768461489,2.065
193488541,25/04/2026,0.5238041455363205,1.909
192940834,25/04/2026,0.5065577980749995,1.974
193488258,25/04/2026,0.5435164423687758,1.84
193444677,25/04/2026,0.5363482071196107,1.864
193531882,25/04/2026,0.5212847486009081,1.918
193488548,25/04/2026,0.5268099415109223,1.898
193488265,25/04/2026,0.5392840703874481,1.854
192941901,25/04/2026,0.5501555594797315,1.818
192608389,25/04/2026,0.4972088503477454,2.011
193455606,25/04/2026,0.5253675195836136,1.903
193450621,25/04/2026,0.5706116217747852,1.753
192941925,25/04/2026,0.49549206803624257,2.018
193444707,25/04/2026,0.5628154545253649,1.777
193599918,25/04/2026,0.5375923715756702,1.86
193444697,25/04/2026,0.5423918384510293,1.844
193504214,25/04/2026,0.4850025982423713,2.062
193600751,25/04/2026,0.4808161290603378,2.08
193505353,25/04/2026,0.5588871385325124,1.789
193440602,25/04/2026,0.4795485721161127,2.085
193491377,25/04/2026,0.4857979235399716,2.058
193444693,25/04/2026,0.5380867361686557,1.858
193444705,25/04/2026,0.4739290092508202,2.11
193445260,25/04/2026,0.5482309764495943,1.824
193444689,25/04/2026,0.5276120382941214,1.895
193506742,25/04/2026,0.26610963598219745,3.758
193488096,25/04/2026,0.545803357703222,1.832
193325964,25/04/2026,0.49967740835246455,2.001
193499070,25/04/2026,0.4785029929637493,2.09
193444713,25/04/2026,0.48925185346173655,2.044
192941881,25/04/2026,0.5875896472094019,1.702
193444649,25/04/2026,0.5297856832426912,1.888
193441239,25/04/2026,0.5508854732193743,1.815
192941878,25/04/2026,0.514466455740164,1.944
192941874,25/04/2026,0.5375583314333856,1.86
193494789,25/04/2026,0.5507647445176319,1.816
192608383,25/04/2026,0.520206111135619,1.922
193608281,25/04/2026,0.3750982456484644,2.666
193531877,25/04/2026,0.47422992031391503,2.109
193441231,25/04/2026,0.5583160534679528,1.791
193444702,25/04/2026,0.5309481346256227,1.883
193444711,25/04/2026,0.5167656810771678,1.935
192940825,25/04/2026,0.4250261242727972,2.353
193441237,25/04/2026,0.5661824766584643,1.766
192941883,25/04/2026,0.4883874397581345,2.048
193441233,25/04/2026,0.5088999928100997,1.965
192682029,25/04/2026,0.5860733898846023,1.706
192938338,25/04/2026,0.49524527119217154,2.019
193439489,25/04/2026,0.5308982168356534,1.884
193494492,25/04/2026,0.6009946334104331,1.664
192941888,25/04/2026,0.4353021115646692,2.297
193508617,25/04/2026,0.5839400811578669,1.713
192941886,25/04/2026,0.5634281055294106,1.775
192941895,25/04/2026,0.523763295748188,1.909
192941892,25/04/2026,0.49018678738936045,2.04
192612600,25/04/2026,0.3252073172317944,3.075
193444659,25/04/2026,0.5147217717957843,1.943
193487829,25/04/2026,0.5405602460000675,1.85
193439487,25/04/2026,0.5265622946683833,1.899
193487643,25/04/2026,0.5038158101995747,1.985
193444652,25/04/2026,0.5156053155925554,1.939
192943471,25/04/2026,0.504304702782253,1.983
193005579,25/04/2026,0.48839433043061065,2.048
193005577,25/04/2026,0.5030443895075649,1.988
192943768,25/04/2026,0.3697475531953857,2.705
193551307,25/04/2026,0.41861218127631566,2.389
193447813,25/04/2026,0.491432492017272,2.035
193385993,25/04/2026,0.5810613456401641,1.721
193385883,25/04/2026,0.40048858776720775,2.497
192943307,25/04/2026,0.5585994407592646,1.79
192943467,25/04/2026,0.5356781172721686,1.867
193386004,25/04/2026,0.501523294464976,1.994
193506317,25/04/2026,0.47668507024983897,2.098
193383943,25/04/2026,0.5560721587099154,1.798
192937257,25/04/2026,0.45427236324412795,2.201
193506705,25/04/2026,0.5636917453201072,1.774
192511089,25/04/2026,0.5616900876944059,1.78
193489975,25/04/2026,0.5550819801558543,1.802
192950468,25/04/2026,0.5273397735497278,1.896
193494235,25/04/2026,0.5702568749246125,1.754
193449982,25/04/2026,0.5168690791836504,1.935
192939548,25/04/2026,0.5232783198296418,1.911
192613088,25/04/2026,0.5511391646053648,1.814
193498914,25/04/2026,0.5517790478538722,1.812
192072075,25/04/2026,0.5114207597748762,1.955
193496109,25/04/2026,0.48199684462265685,2.075
193499080,25/04/2026,0.45319730232642097,2.207
193496111,25/04/2026,0.5339920685368904,1.873
193380783,25/04/2026,0.511813687360219,1.954
193495640,25/04/2026,0.5222488396597856,1.915
193496105,25/04/2026,0.4750148537714729,2.105
193494016,25/04/2026,0.4791103511633684,2.087
193284043,25/04/2026,0.5126423515780819,1.951
192609606,25/04/2026,0.5229791322772286,1.912
192941868,25/04/2026,0.560238248382355,1.785
192941909,25/04/2026,0.5081188026019169,1.968
193494018,25/04/2026,0.49479589685135006,2.021
192937276,25/04/2026,0.47241994318120567,2.117
192937269,25/04/2026,0.4850175175733653,2.062
192937273,25/04/2026,0.5162774880873688,1.937
193385977,25/04/2026,0.5320399735020006,1.88
193507751,25/04/2026,0.5087738071291429,1.966
193383945,25/04/2026,0.5348472029019354,1.87
193495621,25/04/2026,0.5195766019083633,1.925
189634665,25/04/2026,0.4574022430134879,2.186
192940941,25/04/2026,0.5299985844337777,1.887
193501325,25/04/2026,0.538461612101346,1.857
193501321,25/04/2026,0.5353924177480969,1.868
193538761,25/04/2026,0.5444494371374566,1.837
192496471,25/04/2026,0.5820307067708616,1.718
193489309,25/04/2026,0.5234821531308591,1.91
192496466,25/04/2026,0.520357541387366,1.922
192496462,25/04/2026,0.5368314940653965,1.863
193501315,25/04/2026,0.513690088670979,1.947
193442187,25/04/2026,0.5443417716318096,1.837
193538758,25/04/2026,0.5359599549185721,1.866
193500720,25/04/2026,0.46842190239349507,2.135
193449896,25/04/2026,0.57388627960458,1.743
193500317,25/04/2026,0.5238348403529709,1.909
193318130,25/04/2026,0.5416566179365249,1.846
193449971,25/04/2026,0.5053914682398212,1.979
193500163,25/04/2026,0.5262815650124051,1.9
193501313,25/04/2026,0.4891692042613814,2.044
193383948,25/04/2026,0.5321152845677418,1.879
193439921,25/04/2026,0.5090890017074028,1.964
193599450,25/04/2026,0.5393741870891801,1.854
193493868,25/04/2026,0.4898737205547866,2.041
193490646,25/04/2026,0.5312238694272604,1.882
193504498,25/04/2026,0.5198202464427667,1.924
193499182,25/04/2026,0.5816047819431628,1.719
193449545,25/04/2026,0.5366133069980509,1.864
193495189,25/04/2026,0.5252945581769596,1.904
193494817,25/04/2026,0.4977777127358779,2.009
193499075,25/04/2026,0.4724741912660872,2.117
193385163,25/04/2026,0.5519588200927755,1.812
193441218,25/04/2026,0.569741701980868,1.755
193383951,25/04/2026,0.5274591704063615,1.896
193499047,25/04/2026,0.5491959787550884,1.821
192940700,25/04/2026,0.5430932062405569,1.841
193504449,25/04/2026,0.49085109415039935,2.037
193487224,25/04/2026,0.45470311032746785,2.199
193450584,25/04/2026,0.49764668072084156,2.009
193552140,25/04/2026,0.5246241693075112,1.906
193114512,25/04/2026,0.41162763074529746,2.429
192613289,25/04/2026,0.5615254110836584,1.781
192612873,25/04/2026,0.5783480176340952,1.729
192612585,25/04/2026,0.5334235406214758,1.875
193487513,25/04/2026,0.4925885614848617,2.03
193552146,25/04/2026,0.5518791118058639,1.812
193487522,25/04/2026,0.5597379759561167,1.787
193494786,25/04/2026,0.47466719544098274,2.107
192511092,25/04/2026,0.5255528381575449,1.903
193494810,25/04/2026,0.5358545953518606,1.866
193495608,25/04/2026,0.44131533365347386,2.266
193447802,25/04/2026,0.42715337324098124,2.341
193441335,25/04/2026,0.47545468648563305,2.103
193494782,25/04/2026,0.49208756091260575,2.032
193441339,25/04/2026,0.5384206537924351,1.857
193504527,25/04/2026,0.49710007871835005,2.012
192943794,25/04/2026,0.4946294757368571,2.022
193441347,25/04/2026,0.495039853958666,2.02
193449437,25/04/2026,0.09541048165457038,10.481
193495292,25/04/2026,0.49629539757889685,2.015
193507756,25/04/2026,0.5397420002861092,1.853
193386729,25/04/2026,0.5310775816740476,1.883
193386726,25/04/2026,0.513078101703868,1.949
193508139,25/04/2026,0.5024456024879499,1.99
193503197,25/04/2026,0.5043550681167972,1.983
193494784,25/04/2026,0.49686118174893606,2.013
193499040,25/04/2026,0.5442946710894484,1.837
193598199,25/04/2026,0.5832813024493791,1.714
193499065,25/04/2026,0.48847451751699045,2.047
193494814,25/04/2026,0.5123716555376704,1.952
193597227,25/04/2026,0.5773719731040928,1.732
193441749,25/04/2026,0.5140377954845886,1.945
193445894,25/04/2026,0.552635704107492,1.81
193445892,25/04/2026,0.5095812215128033,1.962
193440407,25/04/2026,0.5185079827081558,1.929
193441361,25/04/2026,0.5704843291620374,1.753
193114648,25/04/2026,0.5306909821650249,1.884
193114624,25/04/2026,0.5211543168692063,1.919
193114587,25/04/2026,0.5117139416050741,1.954
193114597,25/04/2026,0.47663266643865293,2.098
193386266,25/04/2026,0.48259228363151774,2.072
193114618,25/04/2026,0.5037584943015218,1.985
193449948,25/04/2026,0.49809516332322185,2.008
193449931,25/04/2026,0.515170255233982,1.941
193449965,25/04/2026,0.5059940030073165,1.976
193114630,25/04/2026,0.49880126021575866,2.005
193114636,25/04/2026,0.49668143812733134,2.013
192788780,25/04/2026,0.5413348326336987,1.847
193114640,25/04/2026,0.5528328278395312,1.809
193114643,25/04/2026,0.49584370981599935,2.017
193114646,25/04/2026,0.476053897267937,2.101
192940893,25/04/2026,0.5460371525182132,1.831
192613566,25/04/2026,0.5273839218085401,1.896
192613413,25/04/2026,0.5252888939386955,1.904
192940280,25/04/2026,0.5098467544127933,1.961
193441326,25/04/2026,0.47672686453548,2.098
193456065,25/04/2026,0.5156246097950226,1.939
193441320,25/04/2026,0.5291223547316004,1.89
193454507,25/04/2026,0.521856603152591,1.916
193441315,25/04/2026,0.5176473155949897,1.932
193441307,25/04/2026,0.5096219440753236,1.962
193502146,25/04/2026,0.4947079517545541,2.021
193504278,25/04/2026,0.548833469796467,1.822
193502144,25/04/2026,0.5323084048844295,1.879
193385859,25/04/2026,0.286307377787046,3.493
192608370,25/04/2026,0.4429399402091724,2.258
192682024,25/04/2026,0.5078555631441702,1.969
192940223,25/04/2026,0.4944418709706409,2.022
193386740,25/04/2026,0.5171574070176508,1.934
193445898,25/04/2026,0.5717080000481194,1.749
193398593,25/04/2026,0.5032697531163688,1.987
192942514,25/04/2026,0.5426731003638385,1.843
193454851,25/04/2026,0.5895054041967001,1.696
193499207,25/04/2026,0.5499307619933559,1.818
193504483,25/04/2026,0.5150390397106738,1.942
193551573,25/04/2026,0.4810514380574364,2.079
193449538,25/04/2026,0.5382114788672926,1.858
193439231,25/04/2026,0.5264575431161026,1.899
193445126,25/04/2026,0.3286506967843236,3.043
193445113,25/04/2026,0.5578682669130839,1.793
193446546,25/04/2026,0.5269693673092553,1.898
193116593,25/04/2026,0.5325293088765481,1.878
193442172,25/04/2026,0.5748994648162107,1.739
193442175,25/04/2026,0.42896375101690415,2.331
193498080,25/04/2026,0.5603339319284755,1.785
193455657,25/04/2026,0.571889359215157,1.749
193455653,25/04/2026,0.5694521802428726,1.756
193496395,25/04/2026,0.596061760140012,1.678
193439265,25/04/2026,0.5711377138569868,1.751
193503734,25/04/2026,0.5957867421255358,1.678
193449554,25/04/2026,0.5477668880066663,1.826
193552124,25/04/2026,0.5359140564591066,1.866
193445088,25/04/2026,0.5738542636345534,1.743
193455650,25/04/2026,0.5621622288980066,1.779
193442571,25/04/2026,0.5725519605760582,1.747
193498044,25/04/2026,0.583347915042736,1.714
193503206,25/04/2026,0.554555898996255,1.803
193449551,25/04/2026,0.5352853860839979,1.868
193497092,25/04/2026,0.585197005887367,1.709
193443972,25/04/2026,0.5687133449257676,1.758
193439904,25/04/2026,0.5186121229781964,1.928
193497746,25/04/2026,0.4779991689924977,2.092
193439895,25/04/2026,0.5266547679826954,1.899
193500526,25/04/2026,0.5332011289666437,1.875
193442587,25/04/2026,0.5026768949040953,1.989
193443975,25/04/2026,0.5469938258273287,1.828
193445081,25/04/2026,0.548601037311139,1.823
192612637,25/04/2026,0.5494787200767406,1.82
193190491,25/04/2026,0.5046002634906129,1.982
193455647,25/04/2026,0.5760932514951511,1.736
193541690,25/04/2026,0.5874344469140333,1.702
193508613,25/04/2026,0.558616406277223,1.79
193587476,25/04/2026,0.4923557976554073,2.031
193445175,25/04/2026,0.5360872081837486,1.865
193417577,25/04/2026,0.5736075052394141,1.743
193498058,25/04/2026,0.4772729503044609,2.095
193439961,25/04/2026,0.5488114825275803,1.822
193445173,25/04/2026,0.5112824075740625,1.956
193493652,25/04/2026,0.5558099708486554,1.799
193507341,25/04/2026,0.5428506621061192,1.842
193454644,25/04/2026,0.5423762444752778,1.844
193556719,25/04/2026,0.46650149243966144,2.144
193417632,25/04/2026,0.5741155237825909,1.742
193565267,25/04/2026,0.5839929935929434,1.712
192937232,25/04/2026,0.573682523634536,1.743
193417629,25/04/2026,0.5621257907291834,1.779
193447089,25/04/2026,0.5100571768128901,1.961
193447716,25/04/2026,0.5423947710353036,1.844
193417501,25/04/2026,0.48427131818084934,2.065
193506415,25/04/2026,0.5306628642849422,1.884
193557761,25/04/2026,0.534092836554722,1.872
193551418,25/04/2026,0.5484757235021301,1.823
193439930,25/04/2026,0.5370554302699425,1.862
193495783,25/04/2026,0.49769540264933076,2.009
193447818,25/04/2026,0.5901700125284315,1.694
193449900,25/04/2026,0.5782718854020907,1.729
193585982,25/04/2026,0.5117373358509543,1.954
193439797,25/04/2026,0.6265743465687996,1.596
193417574,25/04/2026,0.5762159268636284,1.735
193439889,25/04/2026,0.5678630261641407,1.761
193398806,25/04/2026,0.5837635513126881,1.713
193398810,25/04/2026,0.5656704312269467,1.768
193439915,25/04/2026,0.5518942813402158,1.812
193504274,25/04/2026,0.5353138038698286,1.868
192940735,25/04/2026,0.5573635811409493,1.794
193455120,25/04/2026,0.6047542090506601,1.654
193441625,25/04/2026,0.5543406851022358,1.804
193376024,25/04/2026,0.5335869909238999,1.874
192931902,25/04/2026,0.5322162659370329,1.879
193504473,25/04/2026,0.5243391297907097,1.907
193449499,25/04/2026,0.49786642699650485,2.009
193500251,25/04/2026,0.5327638260615636,1.877
193449914,25/04/2026,0.5184732130072401,1.929
193439261,25/04/2026,0.536377081177386,1.864
192940161,25/04/2026,0.5169312845187602,1.934
193440385,25/04/2026,0.43304284736424087,2.309
193500159,25/04/2026,0.5442359956501371,1.837
193556915,25/04/2026,0.5856934684838789,1.707
193455122,25/04/2026,0.6205799861965015,1.611
193444742,25/04/2026,0.5782754551152852,1.729
193439258,25/04/2026,0.5425586409754155,1.843
193449906,25/04/2026,0.5141354505142394,1.945
193504458,25/04/2026,0.4947602733411688,2.021
193439943,25/04/2026,0.5654809155328498,1.768
193439952,25/04/2026,0.5579696646983189,1.792
192611117,25/04/2026,0.5561810042067558,1.798
192939551,25/04/2026,0.5214725920912755,1.918
192939553,25/04/2026,0.5599959863768512,1.786
192939534,25/04/2026,0.558455581558532,1.791
192939559,25/04/2026,0.5480696919043089,1.825
193451675,25/04/2026,0.4625338767443929,2.162
192939532,25/04/2026,0.5109284655600266,1.957
193380708,25/04/2026,0.3510103807579009,2.849
193050790,25/04/2026,0.5600981510041182,1.785
193380711,25/04/2026,0.5076975981219357,1.97
193585980,25/04/2026,0.5950078516025968,1.681
193398821,25/04/2026,0.5424256435253999,1.844
193504485,25/04/2026,0.445179905153116,2.246
193439933,25/04/2026,0.5007810341835218,1.997
193551518,25/04/2026,0.5392636048206556,1.854
193497751,25/04/2026,0.5061663697583108,1.976
193560583,25/04/2026,0.5329374503847423,1.876
192788777,25/04/2026,0.5614240799159613,1.781
192788774,25/04/2026,0.5381641021386893,1.858
192788771,25/04/2026,0.5309302701509744,1.883
193441352,25/04/2026,0.4971351128293827,2.012
193449992,25/04/2026,0.5826964829667609,1.716
193454848,25/04/2026,0.5920282111807824,1.689
193454835,25/04/2026,0.547928193785092,1.825
193503211,25/04/2026,0.5332945771506233,1.875
193490988,25/04/2026,0.5183546659954549,1.929
193449904,25/04/2026,0.5109470974957928,1.957
193440376,25/04/2026,0.4780202945809827,2.092
193445248,25/04/2026,0.4823325253546735,2.073
192940671,25/04/2026,0.5360766217393801,1.865
193580751,25/04/2026,0.5983037612862242,1.671
193551392,25/04/2026,0.5911436705538579,1.692
193376030,25/04/2026,0.5264402656867138,1.9
193455137,25/04/2026,0.5442121669139902,1.838
193503208,25/04/2026,0.5064082809125365,1.975
193446494,25/04/2026,0.5561272337948345,1.798
193565270,25/04/2026,0.6038955668911281,1.656
193377334,25/04/2026,0.5243219197364314,1.907
193439917,25/04/2026,0.5411467301300261,1.848
193580767,25/04/2026,0.5859697087044184,1.707
193504510,25/04/2026,0.48259098052805777,2.072
192941090,25/04/2026,0.48984468187067565,2.041
193398813,25/04/2026,0.5574690304408972,1.794
193495342,25/04/2026,0.5464241558574594,1.83
193447236,25/04/2026,0.5214359252452225,1.918
193444867,25/04/2026,0.6202920775448392,1.612
193504508,25/04/2026,0.5838052443662953,1.713
193498498,25/04/2026,0.5554165783409654,1.8
193498492,25/04/2026,0.5170163995760939,1.934
193497769,25/04/2026,0.5484431141580651,1.823
193497763,25/04/2026,0.536605358798499,1.864
193398816,25/04/2026,0.5768268179895816,1.734
193552192,25/04/2026,0.5562229381501899,1.798
193444081,25/04/2026,0.5270662278884527,1.897
193455139,25/04/2026,0.5914047893819282,1.691
193504276,25/04/2026,0.5480116990546661,1.825
193506666,25/04/2026,0.5562289919616664,1.798
193455580,25/04/2026,0.5397569091255355,1.853
193116546,25/04/2026,0.5216821373984347,1.917
193417697,25/04/2026,0.5685241103082949,1.759
193417637,25/04/2026,0.5988576818551152,1.67
192940717,25/04/2026,0.5332172204291626,1.875
192940714,25/04/2026,0.517073058721219,1.934
192940712,25/04/2026,0.5290886901470864,1.89
193202363,25/04/2026,0.5311818473084947,1.883
193116563,25/04/2026,0.5382877101679914,1.858
193416049,25/04/2026,0.5413533374235848,1.847
193416039,25/04/2026,0.5211992375512782,1.919
193116549,25/04/2026,0.5819535776918439,1.718
193116553,25/04/2026,0.5426264579889918,1.843
193116556,25/04/2026,0.5394632788787203,1.854
193116581,25/04/2026,0.48424031054900957,2.065
193202361,25/04/2026,0.5447834841949646,1.836
193434039,25/04/2026,0.5569578054629973,1.795
193390618,25/04/2026,0.5535844904958522,1.806
192937220,25/04/2026,0.5831896616204089,1.715
192940732,25/04/2026,0.5037077668557217,1.985
193417775,25/04/2026,0.5327650854105653,1.877
193418859,25/04/2026,0.6084272248848364,1.644
193416024,25/04/2026,0.5503328369645875,1.817
193433207,25/04/2026,0.5590921150171858,1.789
193437836,25/04/2026,0.5476278008846518,1.826
193438582,25/04/2026,0.5537984934123026,1.806
193440487,25/04/2026,0.5803441567368591,1.723
193390638,25/04/2026,0.23893805786508424,4.185
193433933,25/04/2026,0.5924494538947919,1.688
193433198,25/04/2026,0.5799350717599139,1.724
193434217,25/04/2026,0.5742483870705409,1.741
193439814,25/04/2026,0.5309410981940113,1.883
192940721,25/04/2026,0.5256684724427086,1.902
193438013,25/04/2026,0.6037513857561947,1.656
193116578,25/04/2026,0.5581011301646857,1.792
193116576,25/04/2026,0.5281841960593882,1.893
193116574,25/04/2026,0.47470908319267247,2.107
193116559,25/04/2026,0.5417599185504075,1.846
193343819,25/04/2026,0.5303597341518956,1.886
193116534,25/04/2026,0.5320090899951644,1.88
193417634,25/04/2026,0.5996661054994948,1.668
193390572,25/04/2026,0.4503807957136629,2.22
193503933,25/04/2026,0.5284157538313159,1.892
193390587,25/04/2026,0.5460235544778357,1.831
192950416,25/04/2026,0.4527439350376095,2.209
192950449,25/04/2026,0.5722316870374557,1.748
192950423,25/04/2026,0.5752819972598398,1.738
193438570,25/04/2026,0.5911910654857172,1.692
193390580,25/04/2026,0.5062747936145431,1.975
193397897,25/04/2026,0.5349551154853199,1.869
192940819,25/04/2026,0.5229144324103326,1.912
193394327,25/04/2026,0.5435599811389995,1.84
193390576,25/04/2026,0.5442981853391403,1.837
193390550,25/04/2026,0.5306310891922816,1.885
193417626,25/04/2026,0.5412189805709737,1.848
193416022,25/04/2026,0.5279564257088842,1.894
193390591,25/04/2026,0.47413157519348437,2.109
193116572,25/04/2026,0.5744379588343302,1.741
193116568,25/04/2026,0.5505143394055144,1.816
193434034,25/04/2026,0.5565586334936907,1.797
193116566,25/04/2026,0.5528610031378083,1.809
193438575,25/04/2026,0.5543746133706405,1.804
192781976,25/04/2026,0.5130808445297461,1.949
193378076,25/04/2026,0.5002405374428093,1.999
193440094,25/04/2026,0.533379913559804,1.875
193390557,25/04/2026,0.544545424440794,1.836
193440108,25/04/2026,0.596871735266563,1.675
193440110,25/04/2026,0.6181769411963379,1.618
193438573,25/04/2026,0.5943110803002447,1.683
193440112,25/04/2026,0.5458838374088498,1.832
193378079,25/04/2026,0.5837192402554625,1.713
193507266,25/04/2026,0.5871963430967286,1.703
193416030,25/04/2026,0.5706653895223079,1.752
192939536,25/04/2026,0.545361137245673,1.834
193417623,25/04/2026,0.5474619615441724,1.827
193417621,25/04/2026,0.5619386348872104,1.78
193389264,25/04/2026,0.5118338197552013,1.954
193388434,25/04/2026,0.5471349352342323,1.828
193444123,25/04/2026,0.5076854338990789,1.97
193388193,25/04/2026,0.5284112538153409,1.892
193389284,25/04/2026,0.43341934295210316,2.307
193450577,25/04/2026,0.4798911307183823,2.084
193388437,25/04/2026,0.4958448476178918,2.017
193451668,25/04/2026,0.5102554008174989,1.96
193116588,25/04/2026,0.5470276186044678,1.828
193443935,25/04/2026,0.5861626831016156,1.706
193451670,25/04/2026,0.5695897757590538,1.756
193443809,25/04/2026,0.5742258019198353,1.741
193439228,25/04/2026,0.5185151147170471,1.929
193439907,25/04/2026,0.5996709384847452,1.668
193398808,25/04/2026,0.5738281315790249,1.743
193388440,25/04/2026,0.4498662830300145,2.223
193389270,25/04/2026,0.5639836601357667,1.773
193417751,25/04/2026,0.6018964549638798,1.661
193556709,25/04/2026,0.4860678930536335,2.057
193495271,25/04/2026,0.5796844356514674,1.725
193417572,25/04/2026,0.5748178161976991,1.74
193497861,25/04/2026,0.5561097058257779,1.798
193445421,25/04/2026,0.5789437645432562,1.727
193556702,25/04/2026,0.5294488096923751,1.889
193441114,25/04/2026,0.5891610425527049,1.697
193417703,25/04/2026,0.5750710627957802,1.739
193389246,25/04/2026,0.4959438459007873,2.016
193444126,25/04/2026,0.5119374638714519,1.953
193444259,25/04/2026,0.5794601757170396,1.726
193441357,25/04/2026,0.5420427558267282,1.845
193389276,25/04/2026,0.5309692887544527,1.883
193444257,25/04/2026,0.5759544512937841,1.736
193389308,25/04/2026,0.5254199632504293,1.903
193417701,25/04/2026,0.5854708881715086,1.708
193417783,25/04/2026,0.5864490525324203,1.705
192937224,25/04/2026,0.4958499975328457,2.017
193506855,25/04/2026,0.5104674929399329,1.959
193417748,25/04/2026,0.5340747693698717,1.872
193451664,25/04/2026,0.499893050925491,2.0
193418861,25/04/2026,0.5897909506378858,1.696
193495516,25/04/2026,0.5338570865637414,1.873
193440492,25/04/2026,0.5243040785516115,1.907
193440489,25/04/2026,0.5682636941056757,1.76
192612635,25/04/2026,0.5113258834704538,1.956
193343821,25/04/2026,0.5591058107719744,1.789
193417495,25/04/2026,0.5643811279240549,1.772
193397812,25/04/2026,0.5124615980136666,1.951
193397786,25/04/2026,0.5229052561496482,1.912
193493074,25/04/2026,0.47166451487059213,2.12
193390644,25/04/2026,0.5348524917461948,1.87
193417563,25/04/2026,0.5761606960029062,1.736
193417568,25/04/2026,0.5496612954847643,1.819
192781983,25/04/2026,0.506075409899773,1.976
193495521,25/04/2026,0.5681430970989662,1.76
193202367,25/04/2026,0.5239752340505411,1.908
193451666,25/04/2026,0.4792873947875465,2.086
193443806,25/04/2026,0.5227485452090438,1.913
193443968,25/04/2026,0.5250259344607513,1.905
193498024,25/04/2026,0.5674363299015341,1.762
193503838,25/04/2026,0.529963895010181,1.887
193447087,25/04/2026,0.33899457078334144,2.95
193577595,25/04/2026,0.5624459604982863,1.778
193439911,25/04/2026,0.5646178278228287,1.771
193067967,25/04/2026,0.5327433676527353,1.877
193443800,25/04/2026,0.5240328423705664,1.908
193451531,25/04/2026,0.5172113288522393,1.933
193556698,25/04/2026,0.4817323486558108,2.076
399724,25/04/2026,0.5598540488204178,1.786
193497855,25/04/2026,0.5856284145236812,1.708
192781979,25/04/2026,0.5104366120206546,1.959
193497859,25/04/2026,0.4992905089249385,2.003
193202365,25/04/2026,0.5300082239084652,1.887
193451535,25/04/2026,0.5806303585207541,1.722
193390560,25/04/2026,0.5297014221324764,1.888
193500222,25/04/2026,0.5326496709692765,1.877
193488287,25/04/2026,0.5847264837444798,1.71
193446516,25/04/2026,0.5389160706699747,1.856
193455133,25/04/2026,0.5868223457977222,1.704
193502842,25/04/2026,0.5300536644118323,1.887
193449573,25/04/2026,0.5556607520839273,1.8
193562606,25/04/2026,0.4896172192359227,2.042
193532443,25/04/2026,0.4691071479375815,2.132
193388443,25/04/2026,0.5417154292058148,1.846
193455127,25/04/2026,0.4802181591663993,2.082
193383429,25/04/2026,0.5347008619913718,1.87
192997815,25/04/2026,0.557662329607894,1.793
193504280,25/04/2026,0.6266632011394356,1.596
193556733,25/04/2026,0.49404322213886087,2.024
193443929,25/04/2026,0.45404479157343514,2.202
193500216,25/04/2026,0.5428673414418212,1.842
193399794,25/04/2026,0.5816703525370489,1.719
193532445,25/04/2026,0.4797303479994517,2.085
193399792,25/04/2026,0.5953251766088777,1.68
193504258,25/04/2026,0.5086027761271735,1.966
193552167,25/04/2026,0.5134111268558259,1.948
193454845,25/04/2026,0.5640860053611797,1.773
193387274,25/04/2026,0.569301301306763,1.757
193388618,25/04/2026,0.5397745750672546,1.853
193500328,25/04/2026,0.6036427654485436,1.657
193446489,25/04/2026,0.5225588589988056,1.914
193560575,25/04/2026,0.5849103827659725,1.71
193498512,25/04/2026,0.559381690004072,1.788
193190489,25/04/2026,0.5137590313502425,1.946
193498523,25/04/2026,0.5761143766420637,1.736
193495703,25/04/2026,0.5673590348521189,1.763
193442616,25/04/2026,0.5127998069271146,1.95
193441392,25/04/2026,0.5576006217237239,1.793
193560569,25/04/2026,0.5473730567771683,1.827
193455665,25/04/2026,0.5209100230907817,1.92
193500376,25/04/2026,0.4996393371745817,2.001
193455661,25/04/2026,0.5578328519884714,1.793
193455568,25/04/2026,0.6369341274406906,1.57
193497756,25/04/2026,0.5681842136560163,1.76
192613392,25/04/2026,0.5027728942061755,1.989
193506642,25/04/2026,0.592525056896617,1.688
193376034,25/04/2026,0.37353931351566944,2.677
193454638,25/04/2026,0.5740495903462657,1.742
193444877,25/04/2026,0.4057924414178734,2.464
192940673,25/04/2026,0.4988126049527822,2.005
193445913,25/04/2026,0.44646491409308764,2.24
192940685,25/04/2026,0.4937258125358141,2.025
192940683,25/04/2026,0.5036613615112818,1.985
192940679,25/04/2026,0.5599188528404492,1.786
192940675,25/04/2026,0.4936750144274851,2.026
192941039,25/04/2026,0.5642577102104944,1.772
193440483,25/04/2026,0.5282267695619395,1.893
193445051,25/04/2026,0.5101058863516417,1.96
192613275,25/04/2026,0.47573600238067987,2.102
193449466,25/04/2026,0.5438971402846268,1.839
193444749,25/04/2026,0.5245085830426922,1.907
193444573,25/04/2026,0.611201600101712,1.636
193440306,25/04/2026,0.47276110841797636,2.115
193439898,25/04/2026,0.5595414644587512,1.787
193454641,25/04/2026,0.5461324315940536,1.831
193503196,25/04/2026,0.5147959367904215,1.943
193587226,25/04/2026,0.5283190468950691,1.893
193506310,25/04/2026,0.5579977170287319,1.792
193399072,25/04/2026,0.5330859097113367,1.876
193399075,25/04/2026,0.48368797799808044,2.067
193439893,25/04/2026,0.5647693200820745,1.771
193449461,25/04/2026,0.4902394214865048,2.04
193449455,25/04/2026,0.5062421926688329,1.975
193504500,25/04/2026,0.5332849936463893,1.875
193449447,25/04/2026,0.5628804014440582,1.777
193449445,25/04/2026,0.5773446282557655,1.732
193439558,25/04/2026,0.5308402443241129,1.884
193444577,25/04/2026,0.5969014456939041,1.675
193557770,25/04/2026,0.5334150281003823,1.875
192613330,25/04/2026,0.5588049096770895,1.79
192613336,25/04/2026,0.5782546882562563,1.729
192936248,25/04/2026,0.5343020520101907,1.872
193228493,25/04/2026,0.4155023945464335,2.407
193501037,25/04/2026,0.5416255869375782,1.846
192613797,25/04/2026,0.526025931484051,1.901
192505059,25/04/2026,0.5039220189068595,1.984
192505057,25/04/2026,0.520576754791908,1.921
193454855,25/04/2026,0.5128161244345136,1.95
192505053,25/04/2026,0.5318073033186228,1.88
192505049,25/04/2026,0.478418860391772,2.09
192825743,25/04/2026,0.5663939662922696,1.766
192505045,25/04/2026,0.42692904724289127,2.342
192505040,25/04/2026,0.5030640252665554,1.988
192505035,25/04/2026,0.5004759514844878,1.998
192505013,25/04/2026,0.5191326212268812,1.926
193440356,25/04/2026,0.5902037075618972,1.694
193228607,25/04/2026,0.5106627147133933,1.958
193500704,25/04/2026,0.5443595261345922,1.837
193446528,25/04/2026,0.5917858925261582,1.69
192939528,25/04/2026,0.5765474496150095,1.734
193445056,25/04/2026,0.5575916840601057,1.793
193489238,25/04/2026,0.5841264055091843,1.712
192943303,25/04/2026,0.5118678801154811,1.954
193581865,25/04/2026,0.5101939848805994,1.96
193228612,25/04/2026,0.5110795263754231,1.957
193228609,25/04/2026,0.5181312370728606,1.93
193500708,25/04/2026,0.5795230663829503,1.726
193383551,25/04/2026,0.5587894203622785,1.79
193489779,25/04/2026,0.5472050586870781,1.827
193383553,25/04/2026,0.575030588919961,1.739
193449533,25/04/2026,0.6008200949593571,1.664
193439247,25/04/2026,0.564375025521383,1.772
193449976,25/04/2026,0.5954262510446747,1.679
193442198,25/04/2026,0.5667454055989657,1.764
193388112,25/04/2026,0.5072018059356025,1.972
193388110,25/04/2026,0.5398111105308409,1.852
193501013,25/04/2026,0.5315727332718756,1.881
193501034,25/04/2026,0.5643028742472562,1.772
192501025,25/04/2026,0.5409592877317038,1.849
193388131,25/04/2026,0.47846372828776307,2.09
192942079,25/04/2026,0.5373000514937646,1.861
193388117,25/04/2026,0.5608265396822822,1.783
193388120,25/04/2026,0.5254370396186181,1.903
761419,25/04/2026,0.5598540488204178,1.786
280902,25/04/2026,0.5598540488204178,1.786
193506870,25/04/2026,0.32721989382319633,3.056
193454646,25/04/2026,0.543933166225395,1.838
192613350,25/04/2026,0.5969098100349546,1.675
192613344,25/04/2026,0.5407003135960026,1.849
193399796,25/04/2026,0.5562903755186316,1.798
192613355,25/04/2026,0.5571119180621806,1.795
193496084,25/04/2026,0.48521217308612746,2.061
193500724,25/04/2026,0.5400405928188976,1.852
193447726,25/04/2026,0.4977811717399171,2.009
193050813,25/04/2026,0.5093967345485839,1.963
192936130,25/04/2026,0.545758128896273,1.832
193388143,25/04/2026,0.5131484244349259,1.949
193447736,25/04/2026,0.5001967706326331,1.999
193594997,25/04/2026,0.5848417312661219,1.71
192609187,25/04/2026,0.5357139773532822,1.867
192501021,25/04/2026,0.4938962848146323,2.025
192825771,25/04/2026,0.514644543371769,1.943
192501031,25/04/2026,0.5621923573083034,1.779
193388114,25/04/2026,0.5352874599446833,1.868
192505062,25/04/2026,0.5076926526678015,1.97
192936116,25/04/2026,0.43459824951177206,2.301
193388141,25/04/2026,0.5230807139991668,1.912
193447722,25/04/2026,0.5806307787540804,1.722
193445414,25/04/2026,0.5120729459368476,1.953
192936155,25/04/2026,0.57909591983839,1.727
192936151,25/04/2026,0.5638009010280467,1.774
192936146,25/04/2026,0.5390968401005176,1.855
193340756,25/04/2026,0.5315799289980621,1.881
193556685,25/04/2026,0.5197066669512118,1.924
193385970,25/04/2026,0.5730608725733687,1.745
192611119,25/04/2026,0.5199471073273282,1.923
193398835,25/04/2026,0.5998001911418768,1.667
192612639,25/04/2026,0.5602075891555646,1.785
193495382,25/04/2026,0.5147876688094196,1.943
193387188,25/04/2026,0.4779866113794174,2.092
192940164,25/04/2026,0.47263817638789485,2.116
192498928,25/04/2026,0.4972493344172664,2.011
736918,25/04/2026,0.5598540488204178,1.786
193439913,25/04/2026,0.39168956151539397,2.553
192939594,25/04/2026,0.5478341284063771,1.825
192498925,25/04/2026,0.5361334231232724,1.865
193451672,25/04/2026,0.4614883359691851,2.167
192505006,25/04/2026,0.4276423692734259,2.338
192505003,25/04/2026,0.49637052194982034,2.015
192939580,25/04/2026,0.5519364824921831,1.812
192498931,25/04/2026,0.5561395028718232,1.798
192175883,25/04/2026,0.5771731798572365,1.733
193497796,25/04/2026,0.542745023783441,1.842
193377356,25/04/2026,0.5442051007001549,1.838
192772424,25/04/2026,0.5669099126929416,1.764
193386269,25/04/2026,0.5515906722825293,1.813
192772421,25/04/2026,0.5467172709932686,1.829
192772417,25/04/2026,0.5557023668305903,1.8
192772413,25/04/2026,0.5407485231283617,1.849
193489233,25/04/2026,0.5383916444401277,1.857
192940166,25/04/2026,0.5252658419842949,1.904
193497802,25/04/2026,0.5639663837732757,1.773
193109455,25/04/2026,0.5021738717935803,1.991
193547312,25/04/2026,0.5764079527599155,1.735
193497782,25/04/2026,0.5122617624351817,1.952
193441377,25/04/2026,0.4495589508204327,2.224
193581138,25/04/2026,0.49693017032601855,2.012
193383558,25/04/2026,0.48356082407389045,2.068
193495322,25/04/2026,0.4925025617715357,2.03
192939565,25/04/2026,0.5474860825139524,1.827
193494061,25/04/2026,0.5295999966941471,1.888
192500096,25/04/2026,0.5184061146141166,1.929
193451533,25/04/2026,0.49999496386529424,2.0
192939339,25/04/2026,0.5122699279055407,1.952
192939334,25/04/2026,0.5158129016395546,1.939
192939332,25/04/2026,0.532337262853553,1.879
192939327,25/04/2026,0.5136509761163448,1.947
192939325,25/04/2026,0.48896777284508314,2.045
192939321,25/04/2026,0.46346198269640787,2.158
192939309,25/04/2026,0.5637583759725819,1.774
192939302,25/04/2026,0.5309222225548121,1.884
192939287,25/04/2026,0.5445461323886845,1.836
192939284,25/04/2026,0.5396300027100372,1.853
192939265,25/04/2026,0.5321424274337031,1.879
192939260,25/04/2026,0.5576588705813148,1.793
193439620,25/04/2026,0.49057571510353487,2.038
193557766,25/04/2026,0.5560748320433962,1.798
192500992,25/04/2026,0.5457367189233593,1.832
192939396,25/04/2026,0.521315219299145,1.918
193451722,25/04/2026,0.5590201579134526,1.789
192939407,25/04/2026,0.501774085785791,1.993
192939423,25/04/2026,0.4945551411582106,2.022
192609181,25/04/2026,0.5428231109569277,1.842
192500098,25/04/2026,0.5157960718903926,1.939
193377337,25/04/2026,0.4782920733964836,2.091
193385170,25/04/2026,0.4939409302226443,2.025
192939526,25/04/2026,0.5490672257075334,1.821
192939251,25/04/2026,0.5600802051987512,1.785
193385156,25/04/2026,0.5852691061666849,1.709
192939255,25/04/2026,0.5001602371687011,1.999
192939523,25/04/2026,0.588982263677723,1.698
192939490,25/04/2026,0.5786296253185138,1.728
192939481,25/04/2026,0.57106472061227,1.751
193556695,25/04/2026,0.4652987937921636,2.149
192939466,25/04/2026,0.5918851592766792,1.69
192939428,25/04/2026,0.5347561968008921,1.87
192939426,25/04/2026,0.5629682398884094,1.776
192939412,25/04/2026,0.514555713298904,1.943
193380443,25/04/2026,0.5196085074586734,1.925
192939342,25/04/2026,0.5811328085176308,1.721
193444570,25/04/2026,0.5570802061627398,1.795
193399786,25/04/2026,0.5462287735297056,1.831
193587223,25/04/2026,0.586131255976307,1.706
193504267,25/04/2026,0.4148767038684007,2.41
193504261,25/04/2026,0.49721892973440646,2.011
193504272,25/04/2026,0.5218601141713805,1.916
192496458,25/04/2026,0.5108007256288969,1.958
193399782,25/04/2026,0.5659990739345985,1.767
193454635,25/04/2026,0.522699986011395,1.913
193455329,25/04/2026,0.5773319962796245,1.732
193447460,25/04/2026,0.5214577626785392,1.918
193455582,25/04/2026,0.5145212781480597,1.944
193560560,25/04/2026,0.5648572979783002,1.77
193497097,25/04/2026,0.5688043474796529,1.758
193500321,25/04/2026,0.5433412532102786,1.84
193446486,25/04/2026,0.5466842341326209,1.829
193399777,25/04/2026,0.5264329216343323,1.9
192789135,25/04/2026,0.4815785787753978,2.077
193386108,25/04/2026,0.5352091195399653,1.868
193440485,25/04/2026,0.5171847059962501,1.934
193551423,25/04/2026,0.5447389916879705,1.836
193498532,25/04/2026,0.49208654604013563,2.032
193113492,25/04/2026,0.48234429640783477,2.073
172214,25/04/2026,0.5598540488204178,1.786
193449508,25/04/2026,0.5528071315747508,1.809
192072057,25/04/2026,0.5195116596115672,1.925
193399784,25/04/2026,0.5447338560253515,1.836
193495647,25/04/2026,0.49022307875397875,2.04
193399790,25/04/2026,0.5354346119932476,1.868
193495645,25/04/2026,0.5241891002978492,1.908
193495650,25/04/2026,0.4815446652278984,2.077
192940910,25/04/2026,0.5025721040491661,1.99
193495643,25/04/2026,0.5173201858486444,1.933
193399788,25/04/2026,0.5700495620085875,1.754
193455129,25/04/2026,0.5350528352118578,1.869
193455141,25/04/2026,0.5383216632275983,1.858
193500343,25/04/2026,0.557588596740844,1.793
193551522,25/04/2026,0.5411907089476531,1.848
193552155,25/04/2026,0.5146798554394436,1.943
193444745,25/04/2026,0.5665805161852779,1.765
192612571,25/04/2026,0.5632660538711681,1.775
193536973,25/04/2026,0.5553886260943434,1.801
193587219,25/04/2026,0.4987374051750132,2.005
193536559,25/04/2026,0.5032331533052473,1.987
193318128,25/04/2026,0.5491569384617901,1.821
192939402,25/04/2026,0.5189223882077011,1.927
193501974,25/04/2026,0.586131940125429,1.706
193507343,25/04/2026,0.5912216560878713,1.691
192941095,25/04/2026,0.5204321362383135,1.921
193552135,25/04/2026,0.5028701663071141,1.989
193455317,25/04/2026,0.5423229314759942,1.844
192772426,25/04/2026,0.5405218570303395,1.85
192939512,25/04/2026,0.462248765534169,2.163
193506648,25/04/2026,0.5639110948841259,1.773
193449523,25/04/2026,0.5910697493844985,1.692
193504463,25/04/2026,0.49418225115986364,2.024
193449526,25/04/2026,0.5684007601408394,1.759
193498909,25/04/2026,0.5828255330957799,1.716
193580835,25/04/2026,0.5704514190793663,1.753
193498912,25/04/2026,0.5799338947218506,1.724
193498054,25/04/2026,0.5821028415901315,1.718
193440401,25/04/2026,0.5445240507523773,1.836
193455335,25/04/2026,0.44416429838382404,2.251
193556679,25/04/2026,0.5405806256312095,1.85
193556682,25/04/2026,0.4680922349104811,2.136
193455643,25/04/2026,0.6079891682510774,1.645
193454666,25/04/2026,0.49046502088166977,2.039
193455340,25/04/2026,0.48775857533810485,2.05
193552186,25/04/2026,0.5664333485872588,1.765
193498907,25/04/2026,0.5534998517052823,1.807
193551131,25/04/2026,0.5669450132722015,1.764
193507332,25/04/2026,0.5914232632824141,1.691
193507378,25/04/2026,0.4761213357719675,2.1
192940945,26/04/2026,0.5082225378704104,1.968
192942544,26/04/2026,0.4879475663617604,2.049
192942533,26/04/2026,0.5663033155905066,1.766
192942521,26/04/2026,0.5509350411965817,1.815
192941142,26/04/2026,0.4922877469656799,2.031
193554193,26/04/2026,0.5370188224456115,1.862
193451828,26/04/2026,0.568045783201525,1.76
193539941,26/04/2026,0.4581705234132379,2.183
193444856,26/04/2026,0.42040374711752837,2.379
193509875,26/04/2026,0.5456940828562533,1.833
192942525,26/04/2026,0.5669080867338283,1.764
193452637,26/04/2026,0.5246089431803617,1.906
192613309,26/04/2026,0.4761116907828595,2.1
192613307,26/04/2026,0.49888190752811773,2.004
192825763,26/04/2026,0.5311029715866882,1.883
192613093,26/04/2026,0.49423774435347345,2.023
192613372,26/04/2026,0.5165336301788322,1.936
193544773,26/04/2026,0.4881812696829611,2.048
193113536,26/04/2026,0.46790322009824237,2.137
193649426,26/04/2026,0.4853910839242159,2.06
192072107,26/04/2026,0.5321145879580713,1.879
193506589,26/04/2026,0.4855223091614061,2.06
193502586,26/04/2026,0.5312115730348484,1.882
193398591,26/04/2026,0.40025367572000714,2.498
637307,26/04/2026,0.5598540488204178,1.786
192613301,26/04/2026,0.4737756463801523,2.111
193454281,26/04/2026,0.5568493564636171,1.796
193504329,26/04/2026,0.4944624828231928,2.022
193539931,26/04/2026,0.5119713570546558,1.953
288715,26/04/2026,0.5598540488204178,1.786
192941010,26/04/2026,0.5290694979912888,1.89
193596061,26/04/2026,0.47909400099139193,2.087
192941006,26/04/2026,0.5532903965575259,1.807
192941000,26/04/2026,0.503243467356597,1.987
192496509,26/04/2026,0.5114362588427404,1.955
193376592,26/04/2026,0.42851303896821213,2.334
193376582,26/04/2026,0.4414255647840787,2.265
192940990,26/04/2026,0.511822911700284,1.954
192940972,26/04/2026,0.5590311721855795,1.789
325463,26/04/2026,0.5598540488204178,1.786
193600621,26/04/2026,0.5645584985475057,1.771
193600626,26/04/2026,0.4603187556729275,2.172
193648361,26/04/2026,0.4537050126573141,2.204
193504327,26/04/2026,0.4892355927690493,2.044
193552213,26/04/2026,0.55260968915949,1.81
193504186,26/04/2026,0.49537787366328623,2.019
192943317,26/04/2026,0.5846443686164559,1.71
193496116,26/04/2026,0.4579983938188084,2.183
193539944,26/04/2026,0.5243349988990401,1.907
193599398,26/04/2026,0.5263534884428289,1.9
193501121,26/04/2026,0.5756874617968426,1.737
193438133,26/04/2026,0.49759084731932735,2.01
193509542,26/04/2026,0.4939757526779991,2.024
192943309,26/04/2026,0.585374693262236,1.708
193647247,26/04/2026,0.33681726089898983,2.969
193490588,26/04/2026,0.5237523628397428,1.909
193648307,26/04/2026,0.5536614562737294,1.806
193596055,26/04/2026,0.4842561597044638,2.065
192613451,26/04/2026,0.5430218125877749,1.842
193115077,26/04/2026,0.5166404051866262,1.936
193446315,26/04/2026,0.5370149749996466,1.862
193596042,26/04/2026,0.4815098219918025,2.077
193499399,26/04/2026,0.5143504894070567,1.944
193506594,26/04/2026,0.4639906840646805,2.155
193108448,26/04/2026,0.530195939487667,1.886
193498705,26/04/2026,0.5645743858362832,1.771
193109482,26/04/2026,0.46804855786146743,2.137
193504997,26/04/2026,0.5185057834260405,1.929
193506584,26/04/2026,0.5336798862125658,1.874
193437140,26/04/2026,0.4676160455186447,2.139
192940239,26/04/2026,0.5349520254122136,1.869
193451742,26/04/2026,0.47580319138997174,2.102
193437488,26/04/2026,0.5128291089991586,1.95
192612902,26/04/2026,0.5497720723087111,1.819
192612900,26/04/2026,0.5031823293287149,1.987
192612595,26/04/2026,0.504752498580539,1.981
193586980,26/04/2026,0.5076022772412853,1.97
192940301,26/04/2026,0.5416669993886903,1.846
193509915,26/04/2026,0.5100449922228745,1.961
193586977,26/04/2026,0.4956092572782704,2.018
193440417,26/04/2026,0.5144881602784935,1.944
193501512,26/04/2026,0.5066666023951658,1.974
193586983,26/04/2026,0.5151002751179784,1.941
193340771,26/04/2026,0.45535995910721294,2.196
193501060,26/04/2026,0.5412779376808016,1.847
193438500,26/04/2026,0.4994855237145917,2.002
193439045,26/04/2026,0.5597461450799185,1.787
192941076,26/04/2026,0.5373580082401966,1.861
193190494,26/04/2026,0.5124301445715423,1.951
193385268,26/04/2026,0.5486386858792927,1.823
193115085,26/04/2026,0.5242408245437199,1.908
193596058,26/04/2026,0.4797037600991186,2.085
193115073,26/04/2026,0.5047255637673452,1.981
193115051,26/04/2026,0.527054013872562,1.897
193501052,26/04/2026,0.5054911699228661,1.978
193115068,26/04/2026,0.5286502663285407,1.892
193115064,26/04/2026,0.5327969753512305,1.877
193115059,26/04/2026,0.4962031700764346,2.015
193501054,26/04/2026,0.5018228781384858,1.993
193509408,26/04/2026,0.5385408315106864,1.857
193438204,26/04/2026,0.50957416361814,1.962
193115055,26/04/2026,0.5345246875475306,1.871
193608621,26/04/2026,0.5053246783692897,1.979
193596047,26/04/2026,0.4913281258153215,2.035
193438421,26/04/2026,0.5755229340312573,1.738
192942992,26/04/2026,0.45085055838145394,2.218
193510025,26/04/2026,0.5231996030721705,1.911
193437138,26/04/2026,0.5305066037290422,1.885
193549455,26/04/2026,0.5207743624583613,1.92
193646358,26/04/2026,0.4696910660748139,2.129
193508071,26/04/2026,0.4339150050572306,2.305
193582235,26/04/2026,0.5284646744856526,1.892
193649585,26/04/2026,0.5765880500953626,1.734
192943473,26/04/2026,0.55190118057196,1.812
193490014,26/04/2026,0.4774908884312354,2.094
192612658,26/04/2026,0.5422794152160855,1.844
193438423,26/04/2026,0.5406459711900795,1.85
193596066,26/04/2026,0.4656844664369525,2.147
192613570,26/04/2026,0.4895905883131074,2.043
193498696,26/04/2026,0.5639942251192006,1.773
193606722,26/04/2026,0.5408948448917729,1.849
193440408,26/04/2026,0.5091920409698402,1.964
193440412,26/04/2026,0.5339053228234488,1.873
193108439,26/04/2026,0.5366104965727704,1.864
193440415,26/04/2026,0.5692489670279774,1.757
193602595,26/04/2026,0.5307642686430352,1.884
193340767,26/04/2026,0.5298648364783942,1.887
192517178,26/04/2026,0.545777132208152,1.832
193613395,26/04/2026,0.6058712824224904,1.651
193494528,26/04/2026,0.593733995565836,1.684
193498703,26/04/2026,0.5775839674450911,1.731
193498701,26/04/2026,0.4799212468762231,2.084
193498698,26/04/2026,0.5480849048087895,1.825
193440403,26/04/2026,0.48376593262328216,2.067
193504987,26/04/2026,0.4660486655583776,2.146
193488674,26/04/2026,0.5560812738596086,1.798
193438247,26/04/2026,0.60148989116128,1.663
193540074,26/04/2026,0.5471082247085617,1.828
193494543,26/04/2026,0.5771881905021176,1.733
193540072,26/04/2026,0.5524687845216821,1.81
193494549,26/04/2026,0.5667765347209884,1.764
192612593,26/04/2026,0.5607526105659131,1.783
192612898,26/04/2026,0.5150072368408818,1.942
192612888,26/04/2026,0.5548195979745536,1.802
192792243,26/04/2026,0.5274553950196651,1.896
192609632,26/04/2026,0.500339432714694,1.999
193554385,26/04/2026,0.5256027332594376,1.903
193494547,26/04/2026,0.5369077615715591,1.863
193606173,26/04/2026,0.48431222248764627,2.065
193506141,26/04/2026,0.5925511982992321,1.688
193540191,26/04/2026,0.5022774616020479,1.991
192943772,26/04/2026,0.512155316987212,1.953
192941071,26/04/2026,0.5422964592094328,1.844
193440398,26/04/2026,0.4786788328297566,2.089
193451740,26/04/2026,0.5628249859631449,1.777
193109470,26/04/2026,0.4789796183905414,2.088
193490652,26/04/2026,0.526171480708909,1.901
192941117,26/04/2026,0.5559521601995145,1.799
193603182,26/04/2026,0.513116839719385,1.949
193502694,26/04/2026,0.36750594530718383,2.721
192825767,26/04/2026,0.5169650646111617,1.934
193602176,26/04/2026,0.5338340578222875,1.873
192612653,26/04/2026,0.5303144269671166,1.886
193495164,26/04/2026,0.5425091792496066,1.843
193499866,26/04/2026,0.5541746810945921,1.804
193499869,26/04/2026,0.4746662416232394,2.107
193499877,26/04/2026,0.2915113091257529,3.43
193499880,26/04/2026,0.4244319867341418,2.356
193599353,26/04/2026,0.5498750411285055,1.819
192939392,26/04/2026,0.44343786215251885,2.255
193452641,26/04/2026,0.472818691008156,2.115
193452634,26/04/2026,0.5543291747514865,1.804
193452631,26/04/2026,0.4987599720247329,2.005
193506764,26/04/2026,0.43841440872124643,2.281
193438692,26/04/2026,0.5821674934568187,1.718
192940295,26/04/2026,0.5276872011533591,1.895
193499873,26/04/2026,0.5512455037550544,1.814
193599258,26/04/2026,0.5563426839360375,1.797
193549201,26/04/2026,0.3842240378104565,2.603
193490585,26/04/2026,0.4486000433597912,2.229
192609637,26/04/2026,0.5571322961520302,1.795
193436743,26/04/2026,0.5028475975102473,1.989
193436777,26/04/2026,0.5049061882963778,1.981
193436772,26/04/2026,0.448284269654879,2.231
193436754,26/04/2026,0.5893625335830864,1.697
193601764,26/04/2026,0.5231353454137618,1.912
192791625,26/04/2026,0.526923428066985,1.898
193494111,26/04/2026,0.5588760591644063,1.789
193501126,26/04/2026,0.5437154960167758,1.839
193494553,26/04/2026,0.531953721086586,1.88
193540077,26/04/2026,0.5639081548646884,1.773
193494557,26/04/2026,0.5494399156055634,1.82
192943351,26/04/2026,0.5889659565819542,1.698
193436740,26/04/2026,0.5047859418037963,1.981
193505967,26/04/2026,0.5453051485080067,1.834
193489517,26/04/2026,0.5943897841285936,1.682
193438450,26/04/2026,0.5341214156551465,1.872
193499402,26/04/2026,0.5401308970762151,1.851
193501073,26/04/2026,0.5620029828758594,1.779
193505969,26/04/2026,0.48577300593435013,2.059
193499260,26/04/2026,0.5431111512647953,1.841
192940968,26/04/2026,0.5387225224974022,1.856
193505977,26/04/2026,0.5429735081250717,1.842
193606720,26/04/2026,0.5337676449178642,1.873
193501124,26/04/2026,0.574529007248999,1.741
193498477,26/04/2026,0.5494326409200666,1.82
193444858,26/04/2026,0.5512524678345148,1.814
193499405,26/04/2026,0.5020859919284161,1.992
193547080,26/04/2026,0.5361635177358608,1.865
193547045,26/04/2026,0.5737594867700144,1.743
193547072,26/04/2026,0.5887627291802243,1.698
193599501,26/04/2026,0.4970540963877084,2.012
193602592,26/04/2026,0.6196827570498712,1.614
192792246,26/04/2026,0.5299101737211626,1.887
193601535,26/04/2026,0.5527062162727444,1.809
193548681,26/04/2026,0.48719948399458984,2.053
193599509,26/04/2026,0.5542618363082729,1.804
193546273,26/04/2026,0.476177359778673,2.1
192943770,26/04/2026,0.5602862070812494,1.785
193547031,26/04/2026,0.48464523208193244,2.063
193547035,26/04/2026,0.5591996273362688,1.788
193541961,26/04/2026,0.5727323216507418,1.746
193547040,26/04/2026,0.5523320684392828,1.811
193546270,26/04/2026,0.5384413531361656,1.857
193546268,26/04/2026,0.5447669010350041,1.836
193546265,26/04/2026,0.5509529816543144,1.815
193452647,26/04/2026,0.5001590207988577,1.999
193546263,26/04/2026,0.5735415409944856,1.744
193546256,26/04/2026,0.5587944446214894,1.79
192772432,26/04/2026,0.5582578149232003,1.791
192997943,26/04/2026,0.5946391975368598,1.682
193547026,26/04/2026,0.5771022574301614,1.733
193546287,26/04/2026,0.561073656070479,1.782
193547076,26/04/2026,0.5409235928175647,1.849
193547049,26/04/2026,0.5473490536773047,1.827
193547053,26/04/2026,0.5454685935903736,1.833
192943014,26/04/2026,0.5434434180515438,1.84
193547059,26/04/2026,0.5023862975559835,1.991
192943311,26/04/2026,0.5401126346801939,1.851
193504188,26/04/2026,0.4932502898206698,2.027
192937309,26/04/2026,0.5013750495568482,1.995
193603202,26/04/2026,0.5095279758309884,1.963
193601754,26/04/2026,0.4756936004267046,2.102
192941149,26/04/2026,0.5067965526818585,1.973
192943478,26/04/2026,0.47021363342434275,2.127
192612618,26/04/2026,0.5070357797016882,1.972
192612610,26/04/2026,0.4928969215813162,2.029
193651333,26/04/2026,0.44484095406454355,2.248
193541319,26/04/2026,0.505825390955262,1.977
193651331,26/04/2026,0.5625155565609795,1.778
193394397,26/04/2026,0.5182666931334793,1.93
193437499,26/04/2026,0.5229900846011988,1.912
193540585,26/04/2026,0.44828335106462325,2.231
193488098,26/04/2026,0.5424227584915046,1.844
193505342,26/04/2026,0.5395578813340013,1.853
193436141,26/04/2026,0.5635554392867996,1.774
193601560,26/04/2026,0.5516237105482287,1.813
193005585,26/04/2026,0.45925323848237143,2.177
193005588,26/04/2026,0.48607639510266837,2.057
193488282,26/04/2026,0.5192186571358952,1.926
193541342,26/04/2026,0.5381386210231788,1.858
193488550,26/04/2026,0.5321478241672939,1.879
193554040,26/04/2026,0.527715944671121,1.895
193437142,26/04/2026,0.5073815568403137,1.971
193395807,26/04/2026,0.534045356431909,1.873
193395810,26/04/2026,0.4787317740148303,2.089
193395812,26/04/2026,0.48006578563496716,2.083
193488273,26/04/2026,0.5186317428084114,1.928
192608395,26/04/2026,0.5121572015746678,1.953
193395817,26/04/2026,0.4647315458859577,2.152
193541382,26/04/2026,0.5138789552069084,1.946
193606696,26/04/2026,0.5183881580576837,1.929
193436068,26/04/2026,0.4789708713935832,2.088
193436538,26/04/2026,0.5172167196186939,1.933
193439048,26/04/2026,0.4944025804417767,2.023
193548192,26/04/2026,0.46041710974579536,2.172
193488852,26/04/2026,0.45700040190197305,2.188
193488846,26/04/2026,0.5210531555112415,1.919
193456085,26/04/2026,0.4740262772491672,2.11
193548197,26/04/2026,0.48270288782824633,2.072
193548797,26/04/2026,0.5317510895387125,1.881
193554181,26/04/2026,0.5276167971195892,1.895
193551507,26/04/2026,0.47694380707499,2.097
192943764,26/04/2026,0.44754299341496656,2.234
193563753,26/04/2026,0.5153509466664264,1.94
193636292,26/04/2026,0.6136999322016553,1.629
193438846,26/04/2026,0.4842757591359733,2.065
193491000,26/04/2026,0.5055335615551578,1.978
193438848,26/04/2026,0.5377751670441016,1.86
193440591,26/04/2026,0.510762231987214,1.958
193436118,26/04/2026,0.4964972488990118,2.014
193439370,26/04/2026,0.5107597610462616,1.958
193600375,26/04/2026,0.5394618606446886,1.854
193491825,26/04/2026,0.5191626653682726,1.926
193554038,26/04/2026,0.5476108167366099,1.826
192937291,26/04/2026,0.45101302867389337,2.217
193437495,26/04/2026,0.5862366279558909,1.706
192937307,26/04/2026,0.4910252604890977,2.037
193493450,26/04/2026,0.4913940022063444,2.035
193395823,26/04/2026,0.47210167895154165,2.118
193552272,26/04/2026,0.5629479602466224,1.776
193488552,26/04/2026,0.51997373755473,1.923
193562932,26/04/2026,0.5420245874689639,1.845
192941151,26/04/2026,0.5292651754598412,1.889
192608401,26/04/2026,0.49713675701075255,2.012
193488100,26/04/2026,0.45637029276390384,2.191
193005593,26/04/2026,0.49887764824110703,2.004
193005590,26/04/2026,0.5005550122864949,1.998
192682035,26/04/2026,0.5142575321632402,1.945
192938369,26/04/2026,0.4362046842265079,2.293
192938366,26/04/2026,0.5041836782700305,1.983
193548290,26/04/2026,0.5928154718171453,1.687
193487645,26/04/2026,0.562632366694265,1.777
193596021,26/04/2026,0.6310905565213256,1.585
193554042,26/04/2026,0.5732776971126803,1.744
193562937,26/04/2026,0.48636324045399504,2.056
193652471,26/04/2026,0.6480773537093754,1.543
193562941,26/04/2026,0.6147831642495319,1.627
193325973,26/04/2026,0.5263889531498834,1.9
193606669,26/04/2026,0.5754091490556077,1.738
192940877,26/04/2026,0.4689183666703495,2.133
192608408,26/04/2026,0.4451526829523221,2.246
193606704,26/04/2026,0.5718260034872354,1.749
193603710,26/04/2026,0.5907003978441566,1.693
193395385,26/04/2026,0.5157041393540432,1.939
193562945,26/04/2026,0.4871637811179964,2.053
193603719,26/04/2026,0.5899035588335321,1.695
193109473,26/04/2026,0.5537039962942404,1.806
193553664,26/04/2026,0.5252847722667203,1.904
192941931,26/04/2026,0.5780911073920906,1.73
192612625,26/04/2026,0.5018730321479971,1.993
193606700,26/04/2026,0.5440347839935955,1.838
193436134,26/04/2026,0.5257412475034159,1.902
192937315,26/04/2026,0.4570147008577237,2.188
192682033,26/04/2026,0.37532663529694643,2.664
192938363,26/04/2026,0.5128075007013135,1.95
192938360,26/04/2026,0.4826778774974521,2.072
193488861,26/04/2026,0.4839552955844546,2.066
192940254,26/04/2026,0.5154061823966206,1.94
193387184,26/04/2026,0.5692865078156772,1.757
193598668,26/04/2026,0.37473020784023664,2.669
192937317,26/04/2026,0.48926590503959994,2.044
193284054,26/04/2026,0.5192819112128148,1.926
193551512,26/04/2026,0.4883339076209876,2.048
193395729,26/04/2026,0.5250757039149644,1.904
193600619,26/04/2026,0.5096333467741265,1.962
193438850,26/04/2026,0.5614887080939556,1.781
193596017,26/04/2026,0.6194543757057596,1.614
193440594,26/04/2026,0.5100267531802359,1.961
193601567,26/04/2026,0.575483307524679,1.738
193437497,26/04/2026,0.5444287532675639,1.837
193487973,26/04/2026,0.5307992238930708,1.884
193440598,26/04/2026,0.5408542324230453,1.849
193652286,26/04/2026,0.4623468754829842,2.163
192943481,26/04/2026,0.42951669769556095,2.328
193553565,26/04/2026,0.5039500748690627,1.984
193325975,26/04/2026,0.5249271654128034,1.905
192940863,26/04/2026,0.5481442210490423,1.824
193394399,26/04/2026,0.5127417081785566,1.95
193436092,26/04/2026,0.4896444969743182,2.042
192943785,26/04/2026,0.5199552866680442,1.923
192612905,26/04/2026,0.5765231149833431,1.735
193436086,26/04/2026,0.4099464533548624,2.439
193398589,26/04/2026,0.5084408239868968,1.967
193599431,26/04/2026,0.44898432455378506,2.227
193540571,26/04/2026,0.5403512199022628,1.851
193551666,26/04/2026,0.5223069119030118,1.915
193490675,26/04/2026,0.49912535770605365,2.004
193551858,26/04/2026,0.46955252566155364,2.13
193598138,26/04/2026,0.5345519398510779,1.871
193598129,26/04/2026,0.48162084960309015,2.076
193598131,26/04/2026,0.5239419436715368,1.909
193598134,26/04/2026,0.5280233743471503,1.894
193456061,26/04/2026,0.47792087325783783,2.092
193598140,26/04/2026,0.5568215374436484,1.796
193544776,26/04/2026,0.4110923634880506,2.433
193598142,26/04/2026,0.5192597808036913,1.926
193505340,26/04/2026,0.465348318130789,2.149
193648552,26/04/2026,0.5767992470661853,1.734
193501205,26/04/2026,0.6021064146344995,1.661
193649982,26/04/2026,0.49018156082570713,2.04
192941145,26/04/2026,0.49310335327021143,2.028
193598127,26/04/2026,0.49483485206451683,2.021
193456063,26/04/2026,0.4600154071317902,2.174
193436006,26/04/2026,0.48915734072089584,2.044
193496866,26/04/2026,0.4852826882063335,2.061
193438708,26/04/2026,0.5560146908053343,1.799
193438705,26/04/2026,0.5424211327287954,1.844
193606714,26/04/2026,0.5764602820548277,1.735
193438714,26/04/2026,0.5305921883182582,1.885
192612605,26/04/2026,0.47688311343977835,2.097
193541967,26/04/2026,0.5000388010228265,2.0
193050851,26/04/2026,0.5239130423232975,1.909
192609199,26/04/2026,0.5636668771102518,1.774
193493925,26/04/2026,0.5095007973856528,1.963
193603205,26/04/2026,0.4531168144910893,2.207
193649705,26/04/2026,0.4313907333974621,2.318
193449056,26/04/2026,0.5554579557101994,1.8
192606742,26/04/2026,0.5167647426708935,1.935
193449050,26/04/2026,0.4984961363160459,2.006
193606716,26/04/2026,0.523078278571945,1.912
193505798,26/04/2026,0.5302098499375492,1.886
193601331,26/04/2026,0.4879328940955721,2.049
193554172,26/04/2026,0.41765659420190754,2.394
193504184,26/04/2026,0.5149288841875355,1.942
192772434,26/04/2026,0.5638442568537807,1.774
192941013,26/04/2026,0.5335219364708338,1.874
193499266,26/04/2026,0.5357379548469673,1.867
193563761,26/04/2026,0.5311096054284651,1.883
192613572,26/04/2026,0.5281549904039604,1.893
193552180,26/04/2026,0.5472907097099167,1.827
193452654,26/04/2026,0.49856138421891716,2.006
192941147,26/04/2026,0.48111266455257007,2.079
193601550,26/04/2026,0.5620969875964638,1.779
193601545,26/04/2026,0.5094384128647041,1.963
192940306,26/04/2026,0.5557655013418643,1.799
192942547,26/04/2026,0.5567482360264079,1.796
192940947,26/04/2026,0.532786861384735,1.877
193398587,26/04/2026,0.506181576436668,1.976
193599555,26/04/2026,0.517595594924688,1.932
193438703,26/04/2026,0.5345394111822519,1.871
193438701,26/04/2026,0.5121467997362043,1.953
193540568,26/04/2026,0.5347436457606879,1.87
193436027,26/04/2026,0.48768851913097927,2.05
193436054,26/04/2026,0.48705828240798327,2.053
192938348,26/04/2026,0.5207974927732257,1.92
193504193,26/04/2026,0.411773733277966,2.429
193436048,26/04/2026,0.5177298761203684,1.932
193456098,26/04/2026,0.4832056941856406,2.07
193436042,26/04/2026,0.47972224437349625,2.085
192938357,26/04/2026,0.4845922373639705,2.064
193005583,26/04/2026,0.518664120955802,1.928
192937304,26/04/2026,0.47938812789227997,2.086
192937288,26/04/2026,0.5093776123268698,1.963
193598118,26/04/2026,0.5293494002278373,1.889
192613460,26/04/2026,0.5303114900868275,1.886
193436035,26/04/2026,0.5068129724258644,1.973
192612599,26/04/2026,0.5344758932232713,1.871
193606712,26/04/2026,0.5015231495620135,1.994
193438699,26/04/2026,0.4043351915267119,2.473
193489693,26/04/2026,0.524038722170394,1.908
193436096,26/04/2026,0.5202674681954962,1.922
193438852,26/04/2026,0.5019293933202476,1.992
193436061,26/04/2026,0.5435449886827781,1.84
193436103,26/04/2026,0.5081103831915001,1.968
193437493,26/04/2026,0.5733578859100805,1.744
193606708,26/04/2026,0.5023187886224328,1.991
193436111,26/04/2026,0.47859845076620566,2.089
192940246,26/04/2026,0.5094062928982224,1.963
193456103,26/04/2026,0.4713241986232097,2.122
192613315,26/04/2026,0.5135323867837401,1.947
193489222,26/04/2026,0.5142826972539234,1.944
193108456,26/04/2026,0.532674807666126,1.877
193438696,26/04/2026,0.46961862840448615,2.129
192612670,26/04/2026,0.535460760969651,1.868
193438694,26/04/2026,0.3731492996241355,2.68
192943133,26/04/2026,0.5292006259896466,1.89
193318135,26/04/2026,0.5038022792232802,1.985
192937255,26/04/2026,0.461907665811473,2.165
192937283,26/04/2026,0.46971948098865823,2.129
192943475,26/04/2026,0.5432928187508783,1.841
192613096,26/04/2026,0.5672190832820843,1.763
192937286,26/04/2026,0.5015689125309596,1.994
193456070,26/04/2026,0.515840176306385,1.939
193598105,26/04/2026,0.4409915602214181,2.268
193503318,26/04/2026,0.503748589768966,1.985
193456108,26/04/2026,0.45903992663372223,2.178
193488942,26/04/2026,0.5060655854607213,1.976
193488945,26/04/2026,0.5069693519670853,1.973
193438207,26/04/2026,0.4950681389361419,2.02
192937263,26/04/2026,0.49137607719565846,2.035
193436015,26/04/2026,0.5434533238997988,1.84
193488948,26/04/2026,0.5168248873691363,1.935
193489220,26/04/2026,0.48942012417697167,2.043
193436021,26/04/2026,0.5617277921345492,1.78
193489231,26/04/2026,0.5234392789245079,1.91
193598110,26/04/2026,0.5126896809133046,1.95
193284050,26/04/2026,0.537294552723139,1.861
193489228,26/04/2026,0.5177619358641804,1.931
193489226,26/04/2026,0.4754862383891725,2.103
192682031,26/04/2026,0.593143836989055,1.686
193546306,26/04/2026,0.4808294069777947,2.08
193551540,26/04/2026,0.5236222747831988,1.91
193505505,26/04/2026,0.5663152618033063,1.766
193440076,26/04/2026,0.5419863213661302,1.845
193544767,26/04/2026,0.5313136286836374,1.882
193598925,26/04/2026,0.5379757686662028,1.859
193508282,26/04/2026,0.5410819522793855,1.848
193050839,26/04/2026,0.5330092881903757,1.876
193544611,26/04/2026,0.5831723841232214,1.715
193109466,26/04/2026,0.5325280902102396,1.878
193599145,26/04/2026,0.5494917564586919,1.82
193202806,26/04/2026,0.5185137972122786,1.929
193203312,26/04/2026,0.5088625832064355,1.965
193202923,26/04/2026,0.5480224442090661,1.825
193203315,26/04/2026,0.5250967123897632,1.904
193202801,26/04/2026,0.5487585591420626,1.822
193203309,26/04/2026,0.5509302132105044,1.815
193203296,26/04/2026,0.5613256148185498,1.781
193203062,26/04/2026,0.5179686864510533,1.931
193202934,26/04/2026,0.5262102369391981,1.9
193202937,26/04/2026,0.5097458915310471,1.962
193203172,26/04/2026,0.5000089456092349,2.0
193202942,26/04/2026,0.5360797564837105,1.865
193203170,26/04/2026,0.4963106059752782,2.015
193203153,26/04/2026,0.5104417729800412,1.959
193202944,26/04/2026,0.5078403907948693,1.969
193203317,26/04/2026,0.5653386537147236,1.769
193548578,26/04/2026,0.5468448716857229,1.829
193202948,26/04/2026,0.5335086940867987,1.874
193203305,26/04/2026,0.5356064356732667,1.867
193202950,26/04/2026,0.5489399840668586,1.822
193202804,26/04/2026,0.5521334940162618,1.811
193505790,26/04/2026,0.5633355509135384,1.775
193599940,26/04/2026,0.5638114163191187,1.774
193498961,26/04/2026,0.5356175320689629,1.867
193501106,26/04/2026,0.5231097331102561,1.912
193201869,26/04/2026,0.5467985725051316,1.829
192940168,26/04/2026,0.5612848328395216,1.782
193599541,26/04/2026,0.5261818991457425,1.9
193488655,26/04/2026,0.38983927207221025,2.565
193550010,26/04/2026,0.5088888270062578,1.965
193639503,26/04/2026,0.5157533862188373,1.939
193501048,26/04/2026,0.5556289570659192,1.8
193508000,26/04/2026,0.39788631474049824,2.513
193501056,26/04/2026,0.5322595136725439,1.879
193505499,26/04/2026,0.5344812774899032,1.871
193599334,26/04/2026,0.608767650227331,1.643
193501110,26/04/2026,0.5450741934373624,1.835
193509538,26/04/2026,0.5087362639977122,1.966
193201872,26/04/2026,0.5172595272139394,1.933
193639418,26/04/2026,0.5015563544639853,1.994
193509666,26/04/2026,0.5012653581642419,1.995
193601514,26/04/2026,0.575038065900171,1.739
193501256,26/04/2026,0.5254324124910441,1.903
193496126,26/04/2026,0.5903008071696476,1.694
193599213,26/04/2026,0.5353989248003284,1.868
604088,26/04/2026,0.5598540488204178,1.786
193202808,26/04/2026,0.5566660658564558,1.796
193552065,26/04/2026,0.4891276288028336,2.044
193501081,26/04/2026,0.5416321591893014,1.846
193484656,26/04/2026,0.5064814654571953,1.974
193606178,26/04/2026,0.5008280967939752,1.997
193203033,26/04/2026,0.4638827110035774,2.156
192613423,26/04/2026,0.5148129152024695,1.942
193437149,26/04/2026,0.5951227180476691,1.68
193639663,26/04/2026,0.5469233230950236,1.828
193608267,26/04/2026,0.5387002161093951,1.856
193438496,26/04/2026,0.5187957181776374,1.928
193492966,26/04/2026,0.549089804400748,1.821
193494646,26/04/2026,0.40855467178797317,2.448
193541971,26/04/2026,0.5405226284763326,1.85
193509079,26/04/2026,0.5343353643039355,1.871
193596026,26/04/2026,0.6062623562939052,1.649
193376567,26/04/2026,0.5183728418055451,1.929
193504626,26/04/2026,0.5301440741413463,1.886
193437130,26/04/2026,0.5779767176500115,1.73
193536889,26/04/2026,0.4546609444037349,2.199
193436674,26/04/2026,0.5356667882167692,1.867
193318133,26/04/2026,0.5525040427383127,1.81
192931910,26/04/2026,0.4610397157223925,2.169
192940170,26/04/2026,0.4794417007798939,2.086
192931915,26/04/2026,0.5584776654514105,1.791
193540368,26/04/2026,0.5806749395633231,1.722
193554170,26/04/2026,0.5283673502043063,1.893
193451830,26/04/2026,0.49580215930939114,2.017
193599942,26/04/2026,0.4611989010551402,2.168
193502579,26/04/2026,0.31439896371629106,3.181
192940174,26/04/2026,0.5331118508718427,1.876
192931907,26/04/2026,0.5121855725165779,1.952
193563796,26/04/2026,0.3937885758604761,2.539
193203151,26/04/2026,0.5092541695592255,1.964
192072084,26/04/2026,0.5216445653358842,1.917
192511094,26/04/2026,0.556545801769891,1.797
193203145,26/04/2026,0.47369761311978065,2.111
193639421,26/04/2026,0.5680690558995999,1.76
193203038,26/04/2026,0.4768207538871279,2.097
193203055,26/04/2026,0.4231666308886619,2.363
193203057,26/04/2026,0.4837541255401114,2.067
193608617,26/04/2026,0.5254810496452664,1.903
193203060,26/04/2026,0.4433195308437849,2.256
193202946,26/04/2026,0.40364471784333406,2.477
193203319,26/04/2026,0.5727509655860205,1.746
193203066,26/04/2026,0.512586364964398,1.951
192941099,26/04/2026,0.5205218219104234,1.921
193202810,26/04/2026,0.5040692213052046,1.984
193436736,26/04/2026,0.5012874866651993,1.995
193509088,26/04/2026,0.51810114897966,1.93
193437979,26/04/2026,0.578322122342625,1.729
193498965,26/04/2026,0.49965824111336415,2.001
193202812,26/04/2026,0.5160530831656861,1.938
193613397,26/04/2026,0.5789677069321267,1.727
193203321,26/04/2026,0.5018247953621283,1.993
193498170,26/04/2026,0.5461161810811417,1.831
193582240,26/04/2026,0.5269267906884597,1.898
193452644,26/04/2026,0.5372916591777995,1.861
193202826,26/04/2026,0.3322822617192934,3.009
193452628,26/04/2026,0.5001051908143507,2.0
193202835,26/04/2026,0.5832686791148299,1.714
193606724,26/04/2026,0.49772844436681124,2.009
193606726,26/04/2026,0.5225988474471511,1.914
193490482,26/04/2026,0.541076219567214,1.848
193603191,26/04/2026,0.5761158833188125,1.736
193494511,26/04/2026,0.5522000369005252,1.811
193494602,26/04/2026,0.2250617103099132,4.443
193202369,26/04/2026,0.4990963525958151,2.004
193417579,26/04/2026,0.5833518224113198,1.714
192612641,26/04/2026,0.529769829061223,1.888
193378082,26/04/2026,0.5028686346064302,1.989
193504488,26/04/2026,0.5389288737451783,1.856
193504492,26/04/2026,0.45894754848787644,2.179
193557786,26/04/2026,0.51893529065811,1.927
193504495,26/04/2026,0.5692559194910985,1.757
193504227,26/04/2026,0.5116248326294788,1.955
193450568,26/04/2026,0.5486576083675553,1.823
192781987,26/04/2026,0.4724030424296301,2.117
193202371,26/04/2026,0.5414178763199642,1.847
193378085,26/04/2026,0.5126030618082889,1.951
193441511,26/04/2026,0.5634644920143386,1.775
193417642,26/04/2026,0.5733923429510112,1.744
193445408,26/04/2026,0.5333676137644857,1.875
193445405,26/04/2026,0.4110085381093518,2.433
193445403,26/04/2026,0.5485709958831183,1.823
193447833,26/04/2026,0.5031295790624555,1.988
193450624,26/04/2026,0.5739985447727866,1.742
193116618,26/04/2026,0.49764203918084005,2.009
193488914,26/04/2026,0.36480369669096346,2.741
193439851,26/04/2026,0.530092993326557,1.886
193417518,26/04/2026,0.4814105511820259,2.077
193449910,26/04/2026,0.5490733387666991,1.821
193439955,26/04/2026,0.5595743730121595,1.787
193629719,26/04/2026,0.5616433473909289,1.78
193417510,26/04/2026,0.5683460578440587,1.759
193378096,26/04/2026,0.45274450845729663,2.209
193505794,26/04/2026,0.5152853132116423,1.941
193504222,26/04/2026,0.5651983485196324,1.769
193441509,26/04/2026,0.5330431367081395,1.876
193582878,26/04/2026,0.5957389801695497,1.679
193417639,26/04/2026,0.5282026621261605,1.893
193450607,26/04/2026,0.5934424080038407,1.685
193450611,26/04/2026,0.5951224792564351,1.68
192940851,26/04/2026,0.5430865616253924,1.841
193325953,26/04/2026,0.5094589576410696,1.963
192940844,26/04/2026,0.46796728790796455,2.137
193116605,26/04/2026,0.4977928341081623,2.009
193417706,26/04/2026,0.581383000582234,1.72
193378101,26/04/2026,0.5224562693212941,1.914
193447822,26/04/2026,0.5182695611964608,1.929
193504242,26/04/2026,0.5513311932085452,1.814
193588497,26/04/2026,0.6001186591927753,1.666
193582880,26/04/2026,0.5246796344442699,1.906
193487959,26/04/2026,0.5780346306022222,1.73
193488989,26/04/2026,0.5679365543749114,1.761
193417506,26/04/2026,0.5199773375951361,1.923
193450616,26/04/2026,0.5888680584336814,1.698
193116614,26/04/2026,0.513752775928868,1.946
193116612,26/04/2026,0.521779782545623,1.917
193067969,26/04/2026,0.5786485227598258,1.728
193417513,26/04/2026,0.5342985784021097,1.872
193417516,26/04/2026,0.584312452865702,1.711
193447831,26/04/2026,0.5514331519001291,1.813
192937252,26/04/2026,0.5872896411649705,1.703
193494265,26/04/2026,0.5856765825388838,1.707
193441354,26/04/2026,0.5043644721685745,1.983
193552204,26/04/2026,0.5903981937331267,1.694
193600632,26/04/2026,0.42456789977407,2.355
193438210,26/04/2026,0.4704238178816593,2.126
193600646,26/04/2026,0.5950347167509477,1.681
193600668,26/04/2026,0.3874569403285595,2.581
193508278,26/04/2026,0.519380349365003,1.925
193494514,26/04/2026,0.5329673721065921,1.876
193436549,26/04/2026,0.56798887487224,1.761
193436543,26/04/2026,0.5092026276334107,1.964
193494517,26/04/2026,0.5083676276705814,1.967
193438233,26/04/2026,0.5980910534934003,1.672
193444848,26/04/2026,0.5331802258670115,1.876
193549595,26/04/2026,0.6194290135541584,1.614
193444838,26/04/2026,0.5480176706099368,1.825
193540187,26/04/2026,0.4954292766235936,2.018
193494506,26/04/2026,0.5622939057032087,1.778
193444841,26/04/2026,0.511227989850284,1.956
193052647,26/04/2026,0.5605050526324309,1.784
192789142,26/04/2026,0.5276408456671695,1.895
193444844,26/04/2026,0.5106736982664037,1.958
193201865,26/04/2026,0.5499800584896405,1.818
193444854,26/04/2026,0.5627588410814021,1.777
193437480,26/04/2026,0.577914181285628,1.73
193438250,26/04/2026,0.5373212486397362,1.861
193489452,26/04/2026,0.5733062980438557,1.744
193052652,26/04/2026,0.5496828398091295,1.819
193444846,26/04/2026,0.4911484797813862,2.036
193540183,26/04/2026,0.645247419088739,1.55
193599538,26/04/2026,0.4804050577780014,2.082
193599535,26/04/2026,0.4859091323184124,2.058
339036,26/04/2026,0.5598540488204178,1.786
193440212,26/04/2026,0.6101665173746704,1.639
193495286,26/04/2026,0.5606850103947687,1.784
193639958,26/04/2026,0.5291545628740326,1.89
193495284,26/04/2026,0.5306243608845793,1.885
193440214,26/04/2026,0.41630916896267794,2.402
193495280,26/04/2026,0.6195883468704785,1.614
193455636,26/04/2026,0.5651410854311095,1.769
193442029,26/04/2026,0.6098448355218681,1.64
192782013,26/04/2026,0.49456137654222476,2.022
193448473,26/04/2026,0.4723554891028902,2.117
193448748,26/04/2026,0.6057492498956599,1.651
193606162,26/04/2026,0.5691988779640523,1.757
193601516,26/04/2026,0.5633037678764733,1.775
193601521,26/04/2026,0.5838062661572149,1.713
193437483,26/04/2026,0.4683269152599916,2.135
193439372,26/04/2026,0.5524543252768255,1.81
193606158,26/04/2026,0.5845176228089509,1.711
193202375,26/04/2026,0.5471524097914933,1.828
193554163,26/04/2026,0.303385150203532,3.296
192612643,26/04/2026,0.5128250169082297,1.95
192782003,26/04/2026,0.5013644530219001,1.995
193437128,26/04/2026,0.5952268175009809,1.68
193202383,26/04/2026,0.5534868158559351,1.807
193438224,26/04/2026,0.5898741685951563,1.695
193438243,26/04/2026,0.46734746499997176,2.14
193508280,26/04/2026,0.5197024037180211,1.924
193552211,26/04/2026,0.6031871517200547,1.658
193552232,26/04/2026,0.594640811231452,1.682
193541757,26/04/2026,0.6120751264481928,1.634
193451782,26/04/2026,0.4933988069912748,2.027
193502536,26/04/2026,0.5189738921093345,1.927
192931921,26/04/2026,0.5405510882223691,1.85
193376045,26/04/2026,0.5035851997503509,1.986
193284047,26/04/2026,0.5157215639666909,1.939
193508188,26/04/2026,0.48833278824558957,2.048
193376047,26/04/2026,0.49425893500789764,2.023
193541055,26/04/2026,0.562458230780892,1.778
193376038,26/04/2026,0.5230368107051108,1.912
193495977,26/04/2026,0.5627440243939348,1.777
193541267,26/04/2026,0.5068457722683232,1.973
193632323,26/04/2026,0.5118380485270073,1.954
193603735,26/04/2026,0.46305871663846104,2.16
193502521,26/04/2026,0.5105861742462839,1.959
193596038,26/04/2026,0.5019636042735314,1.992
193495980,26/04/2026,0.48175996295584234,2.076
193495982,26/04/2026,0.48811574455710033,2.049
193496062,26/04/2026,0.5424455014929876,1.844
193496076,26/04/2026,0.5457819167388392,1.832
193498472,26/04/2026,0.5539427311484493,1.805
193498474,26/04/2026,0.5530250895451584,1.808
193540862,26/04/2026,0.6069021816349583,1.648
193540866,26/04/2026,0.5391744368698903,1.855
193540869,26/04/2026,0.5437546394209652,1.839
193540871,26/04/2026,0.6280425769325071,1.592
193489919,26/04/2026,0.59714130246295,1.675
193548933,26/04/2026,0.5045523136295313,1.982
193452626,26/04/2026,0.5349231890306799,1.869
193201874,26/04/2026,0.5110442562434023,1.957
192825756,26/04/2026,0.5577392594271989,1.793
192611140,26/04/2026,0.5358622457128124,1.866
193444643,26/04/2026,0.5270175845106433,1.897
193376041,26/04/2026,0.5239834045692533,1.908
193554464,26/04/2026,0.498074806118971,2.008
193376053,26/04/2026,0.5573559015442822,1.794
193502368,26/04/2026,0.4800868865921317,2.083
193443612,26/04/2026,0.5068282432421718,1.973
193502377,26/04/2026,0.5105088645254618,1.959
193502379,26/04/2026,0.5428315191821561,1.842
192613091,26/04/2026,0.5648035191889741,1.771
193502435,26/04/2026,0.5534319477023387,1.807
193452224,26/04/2026,0.5308346916275126,1.884
193541259,26/04/2026,0.5193898983432466,1.925
193380717,26/04/2026,0.5415099714714602,1.847
193113531,26/04/2026,0.5042901480909651,1.983
193113525,26/04/2026,0.4823826126691024,2.073
193504820,26/04/2026,0.5922213621222168,1.689
193437144,26/04/2026,0.5329290909133261,1.876
193508190,26/04/2026,0.49807730719214327,2.008
193437230,26/04/2026,0.5520007898173225,1.812
193504721,26/04/2026,0.5787110126594094,1.728
193489915,26/04/2026,0.5575672731381071,1.794
193438334,26/04/2026,0.5411421720810671,1.848
193376049,26/04/2026,0.5479960350173018,1.825
193606685,26/04/2026,0.5759033917974014,1.736
193599503,26/04/2026,0.4889375636866951,2.045
193488422,26/04/2026,0.5034169875684633,1.986
193442981,26/04/2026,0.3955178059896709,2.528
193491141,26/04/2026,0.4802461355907082,2.082
193489880,26/04/2026,0.5929585507843058,1.686
193489895,26/04/2026,0.5164465825232618,1.936
192613369,26/04/2026,0.516152813493578,1.937
193503152,26/04/2026,0.4643017982877838,2.154
193503139,26/04/2026,0.5499216870423224,1.818
193503148,26/04/2026,0.4508055542326238,2.218
193113517,26/04/2026,0.4814105883473686,2.077
193504979,26/04/2026,0.517651374246133,1.932
193645083,26/04/2026,0.6004496132608861,1.665
193608293,26/04/2026,0.5928610788743727,1.687
549594,26/04/2026,0.5598540488204178,1.786
717078,26/04/2026,0.5598540488204178,1.786
193109479,26/04/2026,0.5077603397222542,1.969
193554270,26/04/2026,0.5891605931844343,1.697
193503143,26/04/2026,0.5031717833680501,1.987
193109476,26/04/2026,0.491842017458995,2.033
193488841,26/04/2026,0.5141793536257518,1.945
192938278,26/04/2026,0.5093741816290822,1.963
193501115,26/04/2026,0.5390204988572078,1.855
193501062,26/04/2026,0.4306687555303469,2.322
193446393,26/04/2026,0.47544984684173036,2.103
193599525,26/04/2026,0.3779470064505068,2.646
193498967,26/04/2026,0.5913984847566475,1.691
193549553,26/04/2026,0.5624492212820336,1.778
193549145,26/04/2026,0.5777622494060487,1.731
193541964,26/04/2026,0.5768206038216879,1.734
193548943,26/04/2026,0.571478758991417,1.75
193548938,26/04/2026,0.5547031747953235,1.803
193596006,26/04/2026,0.527298006159632,1.896
193506664,26/04/2026,0.5151519263565998,1.941
193190496,26/04/2026,0.4657690018956821,2.147
193495754,26/04/2026,0.5663139530383684,1.766
193489905,26/04/2026,0.5771779395346377,1.733
193489908,26/04/2026,0.5744253848591655,1.741
192613292,26/04/2026,0.5337083402411391,1.874
193489912,26/04/2026,0.5896580978300989,1.696
192941065,26/04/2026,0.5254003214815528,1.903
193495969,26/04/2026,0.5898814196130383,1.695
193495957,26/04/2026,0.5337238307878002,1.874
193603730,26/04/2026,0.44062252911667715,2.27
193495756,26/04/2026,0.3101980631148476,3.224
192941137,26/04/2026,0.5105664903294947,1.959
193556298,26/04/2026,0.518430060323827,1.929
193376036,26/04/2026,0.502015981495267,1.992
192943100,26/04/2026,0.522079219066974,1.915
192613446,26/04/2026,0.5419414706301169,1.845
193500028,26/04/2026,0.4910407604182331,2.036
193603728,26/04/2026,0.4451171256802095,2.247
193436683,26/04/2026,0.4522831364816154,2.211
193436687,26/04/2026,0.5588655170816063,1.789
193495748,26/04/2026,0.5890939190894523,1.698
193495750,26/04/2026,0.5398251298470439,1.852
193495743,26/04/2026,0.4507691704774989,2.218
193506353,26/04/2026,0.5071915393068486,1.972
193495752,26/04/2026,0.5496405751685817,1.819
193551728,26/04/2026,0.5149183108272579,1.942
193499084,26/04/2026,0.5001894359416337,1.999
193499099,26/04/2026,0.5310843916878064,1.883
193601137,26/04/2026,0.4748975923218517,2.106
193444401,26/04/2026,0.4396219724671965,2.275
193444048,26/04/2026,0.5164963582522729,1.936
193603732,26/04/2026,0.45760364663899394,2.185
193443617,26/04/2026,0.5190905036729995,1.926
192609194,26/04/2026,0.5024503179289155,1.99
192940288,26/04/2026,0.5620850040513417,1.779
192940177,26/04/2026,0.5449427492844027,1.835
193601529,26/04/2026,0.5232996872377834,1.911
132973,26/04/2026,0.5598540488204178,1.786
478012,26/04/2026,0.5598540488204178,1.786
660228,26/04/2026,0.5598540488204178,1.786
52067,26/04/2026,0.5598540488204178,1.786
502755,26/04/2026,0.5598540488204178,1.786
675316,26/04/2026,0.5598540488204178,1.786
193501470,26/04/2026,0.5141059382514193,1.945
193494649,26/04/2026,0.5267032174166719,1.899
193437232,26/04/2026,0.4835740437661619,2.068
193498970,26/04/2026,0.6176809865541272,1.619
193489316,26/04/2026,0.5094057776618289,1.963
193498172,26/04/2026,0.5211112690282558,1.919
193438007,26/04/2026,0.48684614005585963,2.054
192938324,26/04/2026,0.5151860563969123,1.941
193541959,26/04/2026,0.4694308023969647,2.13
192612648,26/04/2026,0.5629817952035737,1.776
193489501,26/04/2026,0.4969089607928179,2.012
193552224,26/04/2026,0.5431840955142142,1.841
193503298,26/04/2026,0.49929640007022197,2.003
192612589,26/04/2026,0.5513910239785518,1.814
193503300,26/04/2026,0.5323321919960872,1.879
193503303,26/04/2026,0.45235296579276046,2.211
193541969,26/04/2026,0.5801939024986973,1.724
192612878,26/04/2026,0.5263776740169313,1.9
192788803,26/04/2026,0.5587470340247419,1.79
192939484,26/04/2026,0.5314113457537508,1.882
193438844,26/04/2026,0.49720824720370554,2.011
193552229,26/04/2026,0.570270281104819,1.754
193552227,26/04/2026,0.5874664837208784,1.702
193377341,26/04/2026,0.5287710626949191,1.891
193554202,26/04/2026,0.5175736685847959,1.932
193541976,26/04/2026,0.5957561794865788,1.679
193544770,26/04/2026,0.5072280243143631,1.971
193552222,26/04/2026,0.539987072727198,1.852
193549412,26/04/2026,0.5394666315590219,1.854
193552219,26/04/2026,0.5353117652346898,1.868
192611130,26/04/2026,0.5670396818619033,1.764
193190479,26/04/2026,0.5062146009875504,1.975
193439374,26/04/2026,0.5238416038114163,1.909
193438383,26/04/2026,0.4991117240315144,2.004
192498920,26/04/2026,0.5276496780678134,1.895
193539960,26/04/2026,0.601395824954739,1.663
193443763,26/04/2026,0.5184583943687899,1.929
193440605,26/04/2026,0.5385120712504069,1.857
193380713,26/04/2026,0.48597151377635434,2.058
192788789,26/04/2026,0.5802795953170421,1.723
192788783,26/04/2026,0.5074551018778172,1.971
192939432,26/04/2026,0.47934982391174497,2.086
192772430,26/04/2026,0.5415058122435017,1.847
193377344,26/04/2026,0.5622956435566208,1.778
193437491,26/04/2026,0.5261515420419621,1.901
193377346,26/04/2026,0.5249634501902528,1.905
193499078,26/04/2026,0.5350011746149637,1.869
193503308,26/04/2026,0.4957792274921623,2.017
193602585,26/04/2026,0.5677614312746325,1.761
193554467,26/04/2026,0.5520177856612216,1.812
193114865,26/04/2026,0.5067873078984846,1.973
193114863,26/04/2026,0.44207147444221717,2.262
193504622,26/04/2026,0.5732200368668874,1.745
193114900,26/04/2026,0.48637294396812825,2.056
192942519,26/04/2026,0.5626147868559644,1.777
193599946,26/04/2026,0.5507398423946193,1.816
193502867,26/04/2026,0.5156704122431791,1.939
192496491,26/04/2026,0.49290036075468346,2.029
193606153,26/04/2026,0.5065845161652135,1.974
193050845,26/04/2026,0.5185456078476429,1.928
193494693,26/04/2026,0.545641652814791,1.833
192791616,26/04/2026,0.5247156764221801,1.906
193052656,26/04/2026,0.5256753501365391,1.902
192791620,26/04/2026,0.5371127119762275,1.862
192072096,26/04/2026,0.4837876988110603,2.067
446553,26/04/2026,0.5598540488204178,1.786
59516,26/04/2026,0.5598540488204178,1.786
614303,26/04/2026,0.5598540488204178,1.786
670696,26/04/2026,0.5598540488204178,1.786
116168,26/04/2026,0.5598540488204178,1.786
82062,26/04/2026,0.5598540488204178,1.786
69897,26/04/2026,0.5598540488204178,1.786
243342,26/04/2026,0.5598540488204178,1.786
66073,26/04/2026,0.5598540488204178,1.786
217277,26/04/2026,0.5598540488204178,1.786
192175887,26/04/2026,0.5277406197996033,1.895
193504420,26/04/2026,0.5676099811454368,1.762
193114906,26/04/2026,0.5121106760917772,1.953
193376573,26/04/2026,0.5251899779687275,1.904
532831,26/04/2026,0.5598540488204178,1.786
193114871,26/04/2026,0.4853037278079876,2.061
192792240,26/04/2026,0.5802827288886001,1.723
193114867,26/04/2026,0.5122640397499257,1.952
192612650,26/04/2026,0.5593888394387511,1.788
193541988,26/04/2026,0.46275887162163565,2.161
193437156,26/04/2026,0.5688351495503954,1.758
193446391,26/04/2026,0.5602869526038866,1.785
193504529,26/04/2026,0.5138332420969576,1.946
193540235,26/04/2026,0.5601897907578012,1.785
193540394,26/04/2026,0.5777559049693509,1.731
193552235,26/04/2026,0.5695787242003063,1.756
193554381,26/04/2026,0.5259452455239984,1.901
193502381,26/04/2026,0.5284353095835929,1.892
193451784,26/04/2026,0.5317507353073759,1.881
192609614,26/04/2026,0.5354682332729901,1.868
193377352,26/04/2026,0.4910045937207244,2.037
193499396,26/04/2026,0.5393898339868557,1.854
193114873,26/04/2026,0.48765226700018444,2.051
193114895,26/04/2026,0.5125040906510748,1.951
193114875,26/04/2026,0.4950209131320591,2.02
192511097,26/04/2026,0.529801572862127,1.887
193495152,26/04/2026,0.5332568705208293,1.875
193549415,26/04/2026,0.4492164887940889,2.226
192940180,26/04/2026,0.546128380803227,1.831
193599513,26/04/2026,0.5223778284122459,1.914
192941107,26/04/2026,0.5299374743967679,1.887
193504824,26/04/2026,0.5929190522435488,1.687
193552316,26/04/2026,0.5256805340908486,1.902
193318143,27/04/2026,0.5143911459840906,1.944
193510991,27/04/2026,0.5642927043459445,1.772
193657609,27/04/2026,0.614515532919941,1.627
192612688,27/04/2026,0.4942010503137059,2.023
193555029,27/04/2026,0.5439220844503433,1.838
193501207,27/04/2026,0.5882560163383023,1.7
193669630,27/04/2026,0.5375115383431698,1.86
193687847,27/04/2026,0.5727882072811933,1.746
193687831,27/04/2026,0.5937490457937504,1.684
193687856,27/04/2026,0.5313647833177437,1.882
193687865,27/04/2026,0.5241572708870434,1.908
193687818,27/04/2026,0.5831690324038091,1.715
193687860,27/04/2026,0.5670505186007939,1.764
192941015,27/04/2026,0.4731599104139222,2.113
193613042,27/04/2026,0.5855100193410172,1.708
192792273,27/04/2026,0.5315860344710172,1.881
193687810,27/04/2026,0.5280873095465444,1.894
193496118,27/04/2026,0.5092546492853739,1.964
193687816,27/04/2026,0.5503822634380036,1.817
193703233,27/04/2026,0.4413380156715619,2.266
193326847,27/04/2026,0.5526062705293365,1.81
193606803,27/04/2026,0.5793140908818438,1.726
192613466,27/04/2026,0.5151137096784849,1.941
193657602,27/04/2026,0.4918624821146562,2.033
192943130,27/04/2026,0.4738122975798164,2.111
193655952,27/04/2026,0.5129248913953564,1.95
192072110,27/04/2026,0.5217386783589462,1.917
193548661,27/04/2026,0.5024861357391411,1.99
193549946,27/04/2026,0.5043966249936046,1.983
193550002,27/04/2026,0.5435485238204415,1.84
192792270,27/04/2026,0.4464554378236715,2.24
192943360,27/04/2026,0.5592531275633779,1.788
193606806,27/04/2026,0.5469495407868503,1.828
193606555,27/04/2026,0.5781525753263306,1.73
192609207,27/04/2026,0.46094899620499447,2.169
192609210,27/04/2026,0.5540792811834493,1.805
192792260,27/04/2026,0.545735745065052,1.832
192792249,27/04/2026,0.5461886853332513,1.831
193554989,27/04/2026,0.49795910093586004,2.008
192792266,27/04/2026,0.5418856987187873,1.845
193549995,27/04/2026,0.6083864946960649,1.644
193496124,27/04/2026,0.48295646365201517,2.071
193284059,27/04/2026,0.4753179987241104,2.104
193606775,27/04/2026,0.5528578945706015,1.809
193005573,27/04/2026,0.5165835950944123,1.936
193395383,27/04/2026,0.5101276510484041,1.96
193490685,27/04/2026,0.5341158852807515,1.872
193488439,27/04/2026,0.5439773727179935,1.838
193489707,27/04/2026,0.490853155076413,2.037
193657445,27/04/2026,0.5115223640815256,1.955
193487458,27/04/2026,0.48219331851510805,2.074
193487463,27/04/2026,0.4877804823111195,2.05
192612627,27/04/2026,0.5187105563624045,1.928
193489710,27/04/2026,0.5166273823950102,1.936
192682041,27/04/2026,0.5896134399461653,1.696
192941155,27/04/2026,0.43549119926818036,2.296
192612629,27/04/2026,0.4921813510411359,2.032
193487649,27/04/2026,0.5227241993982238,1.913
193613596,27/04/2026,0.5295696268492727,1.888
193657356,27/04/2026,0.5447935753719585,1.836
193655828,27/04/2026,0.5077164420519166,1.97
193660049,27/04/2026,0.5506100113183309,1.816
192943501,27/04/2026,0.535180008113304,1.869
193488105,27/04/2026,0.5434533122058259,1.84
192941153,27/04/2026,0.49467702454398826,2.022
193657729,27/04/2026,0.2880746593942357,3.471
193606773,27/04/2026,0.5198325764637682,1.924
193687812,27/04/2026,0.5379167890985971,1.859
193687808,27/04/2026,0.5536962857100332,1.806
192939316,27/04/2026,0.5230360121089527,1.912
193687868,27/04/2026,0.6095377593550434,1.641
193687870,27/04/2026,0.5461625009092967,1.831
192613473,27/04/2026,0.4864576461546423,2.056
193688488,27/04/2026,0.5517024695716309,1.813
192501042,27/04/2026,0.5413121299272281,1.847
193491814,27/04/2026,0.5525646797834612,1.81
193548651,27/04/2026,0.5169394012204493,1.934
192612603,27/04/2026,0.5279937471629816,1.894
192943777,27/04/2026,0.5163654913227677,1.937
193510995,27/04/2026,0.5462447713317501,1.831
193510998,27/04/2026,0.5634124984107967,1.775
193511000,27/04/2026,0.5308529183388455,1.884
193488434,27/04/2026,0.508399481136371,1.967
192943498,27/04/2026,0.540507288049897,1.85
193489705,27/04/2026,0.40271716698403,2.483
192612907,27/04/2026,0.525643683835964,1.902
193554994,27/04/2026,0.530624855611518,1.885
193660058,27/04/2026,0.5145200333130805,1.944
193660051,27/04/2026,0.5385597989978465,1.857
193548684,27/04/2026,0.562032370789752,1.779
193687804,27/04/2026,0.5349164791919059,1.869
193687802,27/04/2026,0.5337834249102462,1.873
193606657,27/04/2026,0.5286914498447884,1.891
193545567,27/04/2026,0.5305275539454836,1.885
192609203,27/04/2026,0.5311865956076781,1.883
193548679,27/04/2026,0.46576952883495387,2.147
193548673,27/04/2026,0.5231116103344792,1.912
193687800,27/04/2026,0.4736733684887024,2.111
193656691,27/04/2026,0.535426849313224,1.868
193606799,27/04/2026,0.5380934489124628,1.858
193548646,27/04/2026,0.5337607249031157,1.873
193545585,27/04/2026,0.48399496060101654,2.066
193660047,27/04/2026,0.5377752744881077,1.86
193545575,27/04/2026,0.5033609428068173,1.987
193550627,27/04/2026,0.4976567635383189,2.009
193549954,27/04/2026,0.5017555519119014,1.993
193550660,27/04/2026,0.38196590518799906,2.618
193657598,27/04/2026,0.5388769041227965,1.856
193660054,27/04/2026,0.5385383824617268,1.857
193548692,27/04/2026,0.4816942897452753,2.076
193555036,27/04/2026,0.5863424652590306,1.705
193665487,27/04/2026,0.5051737154675094,1.98
193562950,27/04/2026,0.6193561983980278,1.615
193554036,27/04/2026,0.5717109869185374,1.749
193554546,27/04/2026,0.4752549489181711,2.104
193554531,27/04/2026,0.45909704784063426,2.178
193545542,27/04/2026,0.5627688598545124,1.777
193691703,27/04/2026,0.2842025696257155,3.519
193606780,27/04/2026,0.5067544391646819,1.973
193545602,27/04/2026,0.59546388827194,1.679
193545592,27/04/2026,0.5832887609128519,1.714
193606771,27/04/2026,0.580173340120593,1.724
193376595,27/04/2026,0.5156896609352964,1.939
193658028,27/04/2026,0.43788646549909077,2.284
193658016,27/04/2026,0.546719665712947,1.829
193545570,27/04/2026,0.5696553287232942,1.755
193656525,27/04/2026,0.5472460558295009,1.827
193613037,27/04/2026,0.5980015960820461,1.672
193606552,27/04/2026,0.5147427740118178,1.943
193606661,27/04/2026,0.5771961050011226,1.733
193554996,27/04/2026,0.5702263122860289,1.754
193376597,27/04/2026,0.5385889712861155,1.857
193555001,27/04/2026,0.6032616394546099,1.658
193377647,27/04/2026,0.54041727607382,1.85
193555027,27/04/2026,0.5318335093767447,1.88
193550007,27/04/2026,0.5372885077719868,1.861
193377649,27/04/2026,0.5290122247388198,1.89
193377652,27/04/2026,0.5225454123369554,1.914
192941082,27/04/2026,0.5174230008984776,1.933
193549989,27/04/2026,0.5676456947810186,1.762
192943021,27/04/2026,0.4552266576306831,2.197
193549986,27/04/2026,0.6016505362009104,1.662
192943082,27/04/2026,0.4803957260316819,2.082
193340775,27/04/2026,0.5285303513374809,1.892
192496515,27/04/2026,0.5237434111210322,1.909
193550653,27/04/2026,0.5353035663508994,1.868
193554987,27/04/2026,0.5536139138937337,1.806
193549957,27/04/2026,0.5235324172283534,1.91
193549992,27/04/2026,0.5518064719010258,1.812
193555031,27/04/2026,0.5767484663352813,1.734
193555006,27/04/2026,0.563033221236938,1.776
193549952,27/04/2026,0.4270849822627813,2.341
193657607,27/04/2026,0.5741556980002315,1.742
193549961,27/04/2026,0.4753826771942712,2.104
193555022,27/04/2026,0.53375920066359,1.874
193554998,27/04/2026,0.5299712735022888,1.887
193660056,27/04/2026,0.5258294287177018,1.902
193554991,27/04/2026,0.5765378108538034,1.734
193657583,27/04/2026,0.4922337174598416,2.032
193318138,27/04/2026,0.5626079279652692,1.777
193190470,27/04/2026,0.4787954386982821,2.089
193660060,27/04/2026,0.5659631851442143,1.767
193687814,27/04/2026,0.5933869940699149,1.685
193657993,27/04/2026,0.49441370304994836,2.023
192943062,27/04/2026,0.5164324955980695,1.936
193613040,27/04/2026,0.5494527867216008,1.82
193550636,27/04/2026,0.5556857913071994,1.8
193657596,27/04/2026,0.28016765296786966,3.569
193545557,27/04/2026,0.5527140121504219,1.809
193545552,27/04/2026,0.580459003185791,1.723
193550631,27/04/2026,0.5496359249608763,1.819
193613044,27/04/2026,0.4894089603763541,2.043
193550639,27/04/2026,0.5552724837849151,1.801
193550005,27/04/2026,0.5105845688217091,1.959
193693452,28/04/2026,0.5332938910045975,1.875
192614178,28/04/2026,0.5136224642765643,1.947
193705076,28/04/2026,0.5244594264043915,1.907
193659145,28/04/2026,0.5027427140615727,1.989
193659148,28/04/2026,0.5160033593124899,1.938
193730320,28/04/2026,0.5924691225420817,1.688
193673010,28/04/2026,0.6136942531460567,1.629
192614181,28/04/2026,0.5359935417327568,1.866
193667685,28/04/2026,0.5550123743514811,1.802
192498905,28/04/2026,0.5460835197608485,1.831
193693455,28/04/2026,0.5395154395138403,1.854
193667687,28/04/2026,0.5967954207734483,1.676
193659535,28/04/2026,0.5752397089987996,1.738
192499548,28/04/2026,0.4666598125439795,2.143
193659532,28/04/2026,0.5663345277930404,1.766
193673586,28/04/2026,0.5199921484813431,1.923
192499536,28/04/2026,0.5206734002886375,1.921
193659408,28/04/2026,0.5160982252021729,1.938
193703977,28/04/2026,0.21721955968375375,4.604
193659410,28/04/2026,0.5124850833079061,1.951
193672426,28/04/2026,0.45891334438909104,2.179
193672514,28/04/2026,0.584381056298736,1.711
192614227,28/04/2026,0.48882348920224994,2.046
193653920,28/04/2026,0.5336581743685607,1.874
193655998,28/04/2026,0.46318044151954313,2.159
193670035,28/04/2026,0.5653669222741823,1.769
193673067,28/04/2026,0.5829143469307506,1.716
193343431,28/04/2026,0.5062306217577449,1.975
193607576,28/04/2026,0.4843621659974527,2.065
193660351,28/04/2026,0.5844519503774875,1.711
193655707,28/04/2026,0.4731699311461167,2.113
193662782,28/04/2026,0.5175423964743284,1.932
193673070,28/04/2026,0.4779840820265025,2.092
193673958,28/04/2026,0.5898308527450525,1.695
193655703,28/04/2026,0.516542244498842,1.936
193662775,28/04/2026,0.5169725494071479,1.934
193662769,28/04/2026,0.4783133353755524,2.091
193663615,28/04/2026,0.5080385500646949,1.968
193661392,28/04/2026,0.5096701977788495,1.962
193673072,28/04/2026,0.28615770719560907,3.495
192614176,28/04/2026,0.3977465093272312,2.514
193659940,28/04/2026,0.5587355393717838,1.79
193654005,28/04/2026,0.5333650241811276,1.875
192731571,28/04/2026,0.47453843663253353,2.107
193658371,28/04/2026,0.5027411711744917,1.989
192951047,28/04/2026,0.34461887189378243,2.902
192937320,28/04/2026,0.44995937257172147,2.222
193671800,28/04/2026,0.5181590168933482,1.93
193693457,28/04/2026,0.524299328311345,1.907
193759376,28/04/2026,0.4919757811966785,2.033
192951062,28/04/2026,0.5137511586973587,1.946
193671892,28/04/2026,0.5491306633322719,1.821
192731552,28/04/2026,0.5038414648085863,1.985
192731531,28/04/2026,0.5451135683307544,1.834
192951067,28/04/2026,0.5184408127437423,1.929
192731559,28/04/2026,0.5170677892450336,1.934
193743213,28/04/2026,0.5500825345848229,1.818
193654910,28/04/2026,0.5169348484403832,1.934
192951070,28/04/2026,0.4548661565124986,2.198
193693459,28/04/2026,0.49653818021780616,2.014
193760022,28/04/2026,0.3638598038056017,2.748
193714079,28/04/2026,0.5678951431888558,1.761
192731565,28/04/2026,0.5397434847388075,1.853
192951064,28/04/2026,0.5112246256996279,1.956
192731524,28/04/2026,0.44209084561687606,2.262
192951057,28/04/2026,0.5197482600561985,1.924
193489713,28/04/2026,0.5302752202983878,1.886
193658368,28/04/2026,0.531421972089739,1.882
193659519,28/04/2026,0.5258697127053348,1.902
193659522,28/04/2026,0.546707393955107,1.829
193659524,28/04/2026,0.547588008553877,1.826
193659528,28/04/2026,0.5210202584840151,1.919
193659492,28/04/2026,0.5252120177270806,1.904
192499528,28/04/2026,0.5399858824194262,1.852
193070534,28/04/2026,0.5953548468557481,1.68
193671236,28/04/2026,0.48410655620729726,2.066
193705990,28/04/2026,0.517473554590225,1.932
193668489,28/04/2026,0.5039070622309803,1.984
193705988,28/04/2026,0.5505843911073903,1.816
193493454,28/04/2026,0.5080331365108182,1.968
193743210,28/04/2026,0.3402914498745701,2.939
193739941,28/04/2026,0.5579024663505572,1.792
193739943,28/04/2026,0.5506258005320215,1.816
193743205,28/04/2026,0.5681516798962531,1.76
193743207,28/04/2026,0.5693069598612278,1.757
193667850,28/04/2026,0.593633302223052,1.685
193654775,28/04/2026,0.5660314823422588,1.767
193668749,28/04/2026,0.5182752477168515,1.929
193659497,28/04/2026,0.5551469779262679,1.801
193739939,28/04/2026,0.5002884452599256,1.999
193700083,28/04/2026,0.4549972646974727,2.198
193700087,28/04/2026,0.5289230497608872,1.891
193703969,28/04/2026,0.37685240726783786,2.654
193703971,28/04/2026,0.5063198443147721,1.975
193660359,28/04/2026,0.44464020923875514,2.249
193660363,28/04/2026,0.5166051528131747,1.936
193700097,28/04/2026,0.4512272383970889,2.216
193703975,28/04/2026,0.45639051981306494,2.191
193700092,28/04/2026,0.41052449801303886,2.436
193674194,28/04/2026,0.39716254153456604,2.518
193700956,28/04/2026,0.5242971585798142,1.907
193751379,28/04/2026,0.4646784693269405,2.152
193668798,28/04/2026,0.5549003149152759,1.802
193660349,28/04/2026,0.5532680507349508,1.807
193660355,28/04/2026,0.5375965966671631,1.86
193655867,28/04/2026,0.5296453696654712,1.888
193660357,28/04/2026,0.47325189345068497,2.113
193655699,28/04/2026,0.48538574256298467,2.06
193700949,28/04/2026,0.5734527913557648,1.744
193743540,28/04/2026,0.5138056406529683,1.946
193608301,28/04/2026,0.4122684839562433,2.426
193667620,28/04/2026,0.36253478239268677,2.758
193706337,28/04/2026,0.5273208249899546,1.896
193608297,28/04/2026,0.5419358065640054,1.845
193671759,28/04/2026,0.47178068865040595,2.12
193700687,28/04/2026,0.5538932574950558,1.805
193693425,28/04/2026,0.5219489356249446,1.916
193693427,28/04/2026,0.5546873242767942,1.803
193693423,28/04/2026,0.5429651523809415,1.842
193660540,28/04/2026,0.5564107677739184,1.797
193663549,28/04/2026,0.5800763983539924,1.724
193663554,28/04/2026,0.5103698495212896,1.959
193660632,28/04/2026,0.5282792536546774,1.893
193670130,28/04/2026,0.5428726847923636,1.842
193661080,28/04/2026,0.5915255911088747,1.691
193660550,28/04/2026,0.5076274910405492,1.97
193693431,28/04/2026,0.5636606190278379,1.774
193662780,28/04/2026,0.5533198592066996,1.807
193703973,28/04/2026,0.4947921286676192,2.021
193667622,28/04/2026,0.470292717451541,2.126
193672693,28/04/2026,0.5796738124030412,1.725
193660134,28/04/2026,0.5305966190566511,1.885
193655691,28/04/2026,0.4852891199849465,2.061
193700101,28/04/2026,0.4910290760515696,2.037
193659942,28/04/2026,0.481045576960801,2.079
193693421,28/04/2026,0.5119040869577458,1.953
192614198,28/04/2026,0.56563760721392,1.768
193663672,28/04/2026,0.5369988571845425,1.862
193672516,28/04/2026,0.6154540221075511,1.625
193672177,28/04/2026,0.5930945286569501,1.686
193701483,28/04/2026,0.4149193142939739,2.41
192614188,28/04/2026,0.5794157304987406,1.726
193701295,28/04/2026,0.5818279489668285,1.719
193663682,28/04/2026,0.5014295179724189,1.994
193656000,28/04/2026,0.543626665746401,1.839
193693419,28/04/2026,0.5320309124994679,1.88
193673062,28/04/2026,0.4206921276515924,2.377
193661390,28/04/2026,0.5358657348062401,1.866
193672424,28/04/2026,0.5884056593734894,1.7
193668796,28/04/2026,0.5680532089259687,1.76
193656002,28/04/2026,0.5844909022945977,1.711
193668791,28/04/2026,0.52551442055573,1.903
193660112,28/04/2026,0.5339015939298491,1.873
193668753,28/04/2026,0.5689313321246997,1.758
193673054,28/04/2026,0.5942414323170218,1.683
193728383,28/04/2026,0.6038346275036746,1.656
193693417,28/04/2026,0.5639886718256975,1.773
193668785,28/04/2026,0.5642943826364673,1.772
193673442,28/04/2026,0.46468409250139564,2.152
193673042,28/04/2026,0.4736232472975164,2.111
193668781,28/04/2026,0.5705085101796735,1.753
193668769,28/04/2026,0.5338495957080777,1.873
193700951,28/04/2026,0.5311122515685927,1.883
193659135,28/04/2026,0.3829411607438436,2.611
193673014,28/04/2026,0.46403964302712986,2.155
193730105,28/04/2026,0.5545689261452811,1.803
193660128,28/04/2026,0.48330130851109315,2.069
193659142,28/04/2026,0.48339009886912676,2.069
193672215,28/04/2026,0.5633425363675434,1.775
193673023,28/04/2026,0.5315183081663625,1.881
193673008,28/04/2026,0.5884998248858522,1.699
193673955,28/04/2026,0.47464682401386865,2.107
193672213,28/04/2026,0.5938916329361427,1.684
193673058,28/04/2026,0.4335457731832473,2.307
193673016,28/04/2026,0.4512824338694919,2.216
193660353,28/04/2026,0.5630300307001539,1.776
193673607,28/04/2026,0.5566270230955923,1.797
193706196,29/04/2026,0.5018784722674524,1.993
193714020,29/04/2026,0.6047728364061403,1.654
193715453,29/04/2026,0.5614183957496028,1.781
193714001,29/04/2026,0.504273314319299,1.983
193713216,29/04/2026,0.5004637165392322,1.998
193710221,29/04/2026,0.44700009247287087,2.237
193710212,29/04/2026,0.5472482658441938,1.827
193706182,29/04/2026,0.5178290873003859,1.931
193706193,29/04/2026,0.5476229158836777,1.826
193704605,29/04/2026,0.47636215261812853,2.099
193706189,29/04/2026,0.5412966425516658,1.847
193706186,29/04/2026,0.534418341446071,1.871
193720735,29/04/2026,0.5851904679516726,1.709
193704140,29/04/2026,0.5118986222469118,1.954
193706179,29/04/2026,0.5638281261164918,1.774
193706170,29/04/2026,0.6074229774059605,1.646
193704608,29/04/2026,0.4667441649400953,2.143
193714008,29/04/2026,0.5096350835315112,1.962
193706191,29/04/2026,0.5186954656356348,1.928
193726951,29/04/2026,0.5283796844897409,1.893
193722139,29/04/2026,0.5293035190686065,1.889
193714018,29/04/2026,0.5124272310078858,1.951
193662562,29/04/2026,0.525332703756065,1.904
193725320,29/04/2026,0.5195364784315538,1.925
193718338,29/04/2026,0.5580559318117507,1.792
192996197,29/04/2026,0.5294992165319657,1.889
193654778,29/04/2026,0.5759884675870932,1.736
193658373,29/04/2026,0.5578347615026954,1.793
193729909,29/04/2026,0.5499711483146084,1.818
193658375,29/04/2026,0.5769886252651198,1.733
193658377,29/04/2026,0.550922127353438,1.815
193658381,29/04/2026,0.5642892676245505,1.772
193658379,29/04/2026,0.5502427103745982,1.817
193658383,29/04/2026,0.5342329783446612,1.872
193660270,29/04/2026,0.5763912130715673,1.735
193653926,29/04/2026,0.5560178729323596,1.799
193654014,29/04/2026,0.5377998817005717,1.859
193727169,29/04/2026,0.5491755129916637,1.821
193727164,29/04/2026,0.5779137202613562,1.73
193704409,29/04/2026,0.5020674840427687,1.992
193742074,29/04/2026,0.5436799700438381,1.839
193706198,29/04/2026,0.5020565049475283,1.992
192614183,29/04/2026,0.5227941484110885,1.913
193710695,29/04/2026,0.5231800613107469,1.911
193704121,29/04/2026,0.5631576033626908,1.776
193716412,29/04/2026,0.5484629224247318,1.823
193704432,29/04/2026,0.5240679225522403,1.908
193662075,29/04/2026,0.5070659543530294,1.972
193711505,29/04/2026,0.5541786871580978,1.804
193719472,29/04/2026,0.478470374056835,2.09
193662089,29/04/2026,0.4632130603247616,2.159
193742066,29/04/2026,0.49171747852095987,2.034
193662237,29/04/2026,0.578510966362037,1.729
193703559,29/04/2026,0.4934024865667188,2.027
193662784,29/04/2026,0.4988112187059162,2.005
193712036,29/04/2026,0.5799518371864413,1.724
193719038,29/04/2026,0.4739301766914791,2.11
193722193,29/04/2026,0.4927109852484486,2.03
193662790,29/04/2026,0.49903889295290943,2.004
193662786,29/04/2026,0.5004195583564067,1.998
193715382,29/04/2026,0.5606669570223665,1.784
193719043,29/04/2026,0.4754653689624106,2.103
193725322,29/04/2026,0.49175420169435924,2.034
193712060,29/04/2026,0.43316033507233515,2.309
193664921,29/04/2026,0.5368650360871333,1.863
193704411,29/04/2026,0.5344906695881493,1.871
193716537,29/04/2026,0.4935547446602618,2.026
193763543,29/04/2026,0.5435132090398737,1.84
193704602,29/04/2026,0.48303527019174974,2.07
193713351,29/04/2026,0.5432503175782527,1.841
193723061,29/04/2026,0.6104098357491277,1.638
192931926,29/04/2026,0.36686798241694935,2.726
193750718,29/04/2026,0.5663996213573144,1.766
193710689,29/04/2026,0.5314665829591355,1.882
193806366,29/04/2026,0.5475150883379007,1.826
193804629,29/04/2026,0.5403305551602321,1.851
193113180,29/04/2026,0.5126211931512835,1.951
193704118,29/04/2026,0.5379526431780421,1.859
459786,29/04/2026,0.5598540488204178,1.786
193711492,29/04/2026,0.5710174221500323,1.751
193768209,29/04/2026,0.5202350545437903,1.922
192942549,29/04/2026,0.5147348201349199,1.943
193804211,29/04/2026,0.5102421371741978,1.96
193716535,29/04/2026,0.5718764418732042,1.749
193709686,29/04/2026,0.5011424794497447,1.995
193709689,29/04/2026,0.4725053628404531,2.116
193725362,29/04/2026,0.5863313211256133,1.706
193709345,29/04/2026,0.541580738226645,1.846
193113191,29/04/2026,0.5129050724227665,1.95
193718672,29/04/2026,0.5658492446943023,1.767
193715439,29/04/2026,0.5434142181479865,1.84
193662564,29/04/2026,0.5458028901294406,1.832
193711118,29/04/2026,0.5203663051849037,1.922
193711113,29/04/2026,0.4865208510474226,2.055
193711109,29/04/2026,0.501025722322977,1.996
193711096,29/04/2026,0.4902737943903705,2.04
193711077,29/04/2026,0.4803513339558016,2.082
193711070,29/04/2026,0.519135626798083,1.926
193711068,29/04/2026,0.5207138288475414,1.92
193711105,29/04/2026,0.499780425413348,2.001
193724258,29/04/2026,0.5344837155176779,1.871
193708329,29/04/2026,0.5144992080286309,1.944
193709593,29/04/2026,0.5179527379328213,1.931
193395399,29/04/2026,0.5165450450256508,1.936
193693764,29/04/2026,0.5400566343356877,1.852
193693760,29/04/2026,0.5352231638620386,1.868
193671349,29/04/2026,0.5494349462503115,1.82
192731580,29/04/2026,0.5206024760544545,1.921
193693758,29/04/2026,0.56467902238945,1.771
193693756,29/04/2026,0.48049184271526074,2.081
193693754,29/04/2026,0.5959603895678034,1.678
193711120,29/04/2026,0.5482964479020789,1.824
193671346,29/04/2026,0.4909379773292091,2.037
192951083,29/04/2026,0.5351189133732661,1.869
192731586,29/04/2026,0.516884035380958,1.935
193712055,29/04/2026,0.5215666969045557,1.917
193654912,29/04/2026,0.5585788634505742,1.79
192731589,29/04/2026,0.5272616225152889,1.897
193806727,29/04/2026,0.5286631156486962,1.892
193712767,29/04/2026,0.5370789558535854,1.862
193768176,29/04/2026,0.6115790428474236,1.635
193719053,29/04/2026,0.5064297872713432,1.975
193659713,29/04/2026,0.477406372661292,2.095
193659697,29/04/2026,0.465112685500997,2.15
193769631,29/04/2026,0.49497864982343764,2.02
193659699,29/04/2026,0.5661293318243816,1.766
193693762,29/04/2026,0.5686802608404826,1.758
193701477,29/04/2026,0.5478325392828017,1.825
193724276,29/04/2026,0.5790583494789635,1.727
193805109,29/04/2026,0.5776269360904825,1.731
193822962,29/04/2026,0.531481380585853,1.882
193659705,29/04/2026,0.4538661702097333,2.203
192948019,29/04/2026,0.5530036309214695,1.808
192731582,29/04/2026,0.5288525171694994,1.891
192951081,29/04/2026,0.5041549064792917,1.984
193671343,29/04/2026,0.5241389621741847,1.908
193718094,29/04/2026,0.5279596104325639,1.894
193708325,29/04/2026,0.5095199485651661,1.963
193719048,29/04/2026,0.4980170756460754,2.008
193706173,29/04/2026,0.5398455066528638,1.852
193805105,29/04/2026,0.5305162692216472,1.885
193768971,29/04/2026,0.5860551673029294,1.706
193395390,29/04/2026,0.4652079422088778,2.15
193716417,29/04/2026,0.560027065153282,1.786
193750722,29/04/2026,0.5802933187292573,1.723
193730202,29/04/2026,0.5060133536205148,1.976
193719058,29/04/2026,0.44682581665686766,2.238
193716540,29/04/2026,0.578566829603911,1.728
193710683,29/04/2026,0.3532150231125377,2.831
193070484,29/04/2026,0.5462628198615319,1.831
193727166,29/04/2026,0.6159159940634051,1.624
193727189,29/04/2026,0.5088297936628731,1.965
193727175,29/04/2026,0.5421731033412674,1.844
193768964,29/04/2026,0.5196195180971503,1.924
193765221,29/04/2026,0.5446442440365441,1.836
193729900,29/04/2026,0.5824049766814963,1.717
193662104,29/04/2026,0.4684852882080378,2.135
193716419,29/04/2026,0.4870023326759151,2.053
193768977,29/04/2026,0.5988422570595847,1.67
193800199,29/04/2026,0.5521558791583381,1.811
193724254,29/04/2026,0.4301932194044142,2.325
193708327,29/04/2026,0.5113056179580325,1.956
193725144,29/04/2026,0.5423858849834227,1.844
193613265,29/04/2026,0.48890005265252834,2.045
192951073,29/04/2026,0.4700802097186013,2.127
192731575,29/04/2026,0.44572854942373974,2.244
192951075,29/04/2026,0.46537397921888646,2.149
192951079,29/04/2026,0.48915983309714545,2.044
193781272,29/04/2026,0.4997879700046607,2.001
193739166,29/04/2026,0.5547434074410974,1.803
193729904,29/04/2026,0.5224350614782837,1.914
192731578,29/04/2026,0.4700525190390709,2.127
193715434,29/04/2026,0.5522623557837073,1.811
193713391,29/04/2026,0.5390874718110777,1.855
193708386,29/04/2026,0.4743429003187452,2.108
193708384,29/04/2026,0.5434011509414939,1.84
193708368,29/04/2026,0.5105630263186027,1.959
193708344,29/04/2026,0.48506146395256,2.062
193708335,29/04/2026,0.45338226701045903,2.206
193708377,29/04/2026,0.54142901078942,1.847
193740067,29/04/2026,0.5313908031712465,1.882
193772195,29/04/2026,0.5053232800585409,1.979
193659405,29/04/2026,0.5718260910737639,1.749
193714111,29/04/2026,0.5111308682842985,1.956
192614206,29/04/2026,0.5488066092620308,1.822
193709348,29/04/2026,0.4795245260504592,2.085
193710678,29/04/2026,0.6078800794995607,1.645
193709371,29/04/2026,0.5445839440477358,1.836
193663115,29/04/2026,0.5262645557257696,1.9
193709393,29/04/2026,0.4728796293995631,2.115
193716074,29/04/2026,0.5253723933362527,1.903
193727213,29/04/2026,0.4884934676375822,2.047
193811090,29/04/2026,0.5271374641662102,1.897
193662356,29/04/2026,0.542597320449726,1.843
193709399,29/04/2026,0.48310732060618705,2.07
193663112,29/04/2026,0.555594625911095,1.8
193708388,29/04/2026,0.5354939829728196,1.867
193708398,29/04/2026,0.515638576221117,1.939
193711166,29/04/2026,0.4035233407959154,2.478
193711480,29/04/2026,0.48165527788170853,2.076
193711858,29/04/2026,0.5084996660366867,1.967
193716077,29/04/2026,0.536440600750508,1.864
193720632,29/04/2026,0.5304833338277233,1.885
193720603,29/04/2026,0.5652000756798422,1.769
193694887,29/04/2026,0.5647670456566661,1.771
193720590,29/04/2026,0.5844197903113714,1.711
193663118,29/04/2026,0.5314756977002961,1.882
193694877,29/04/2026,0.5634504391687114,1.775
193715444,29/04/2026,0.5672257687644496,1.763
193660446,29/04/2026,0.46237366631317256,2.163
193716542,29/04/2026,0.544143536683634,1.838
193730198,29/04/2026,0.5199648049769016,1.923
193716100,29/04/2026,0.5042078533158008,1.983
193702455,29/04/2026,0.5189382179198446,1.927
193664919,29/04/2026,0.5167953532839441,1.935
193716037,29/04/2026,0.533802497875448,1.873
193702445,29/04/2026,0.5403171800137908,1.851
193673546,29/04/2026,0.461276277825753,2.168
193730191,29/04/2026,0.4642294092785816,2.154
193660429,29/04/2026,0.4805635413799212,2.081
193766876,29/04/2026,0.5436322165207849,1.839
193811095,29/04/2026,0.438334497638271,2.281
193608309,29/04/2026,0.5146612445443184,1.943
193694883,29/04/2026,0.4517852668306145,2.213
193720300,29/04/2026,0.4915191606859597,2.035
193694869,29/04/2026,0.5491013669794451,1.821
193694866,29/04/2026,0.5268103424897878,1.898
193671719,29/04/2026,0.49635004405495176,2.015
193712537,29/04/2026,0.5676192149475049,1.762
193118213,29/04/2026,0.5780123452601057,1.73
193417647,29/04/2026,0.5931787552252648,1.686
193118155,29/04/2026,0.5108186323495181,1.958
193704522,29/04/2026,0.5465643918084548,1.83
193118194,29/04/2026,0.5228958943601695,1.912
192940742,29/04/2026,0.5532428103117506,1.808
193118170,29/04/2026,0.4830660355687742,2.07
193118144,29/04/2026,0.5147431377604226,1.943
193118153,29/04/2026,0.5620414585790762,1.779
193118168,29/04/2026,0.5848162277019652,1.71
193118150,29/04/2026,0.51734065145851,1.933
193118165,29/04/2026,0.5000440700748895,2.0
193118163,29/04/2026,0.5131969742819255,1.949
193118161,29/04/2026,0.5093159626932613,1.963
193118157,29/04/2026,0.5218022421397408,1.916
193118140,29/04/2026,0.5180494374418707,1.93
192940737,29/04/2026,0.5055902188387082,1.978
193754489,29/04/2026,0.5728781284588886,1.746
193118124,29/04/2026,0.529425182001786,1.889
192940739,29/04/2026,0.5248683392042259,1.905
193701472,29/04/2026,0.5050499367787409,1.98
193118172,29/04/2026,0.5448204291074236,1.835
193118218,29/04/2026,0.5130757158556309,1.949
193118178,29/04/2026,0.5595273731746907,1.787
192940747,29/04/2026,0.5210489467113438,1.919
193703538,29/04/2026,0.45956523131977955,2.176
193739156,29/04/2026,0.5431124256130445,1.841
193736799,29/04/2026,0.5443872578914293,1.837
193716082,29/04/2026,0.574737712530641,1.74
193768681,29/04/2026,0.4940060299035374,2.024
193709396,29/04/2026,0.489471571595035,2.043
193608303,29/04/2026,0.5690064102922688,1.757
193711484,29/04/2026,0.5139825398816317,1.946
193118208,29/04/2026,0.5066462527477676,1.974
193709388,29/04/2026,0.5132144129865782,1.949
192940758,29/04/2026,0.5142342722997292,1.945
192940756,29/04/2026,0.5337476661391096,1.874
193671841,29/04/2026,0.5154292715603696,1.94
192940754,29/04/2026,0.5579244130714801,1.792
192940752,29/04/2026,0.5221105434475904,1.915
192940750,29/04/2026,0.5398207126167321,1.852
193658004,29/04/2026,0.3305628444119626,3.025
193118147,29/04/2026,0.529593333911094,1.888
193118136,29/04/2026,0.5116201870051368,1.955
192940745,29/04/2026,0.5380249172164485,1.859
193709683,29/04/2026,0.48120316077701414,2.078
193608307,29/04/2026,0.5498569875114206,1.819
193694863,29/04/2026,0.5370994326663765,1.862
193704407,29/04/2026,0.5164217700702769,1.936
193606783,29/04/2026,0.42570087377907656,2.349
193660532,29/04/2026,0.5130913815549307,1.949
193712043,29/04/2026,0.5896941406210683,1.696
193712057,29/04/2026,0.5247629316516614,1.906
193715772,29/04/2026,0.49748213846804873,2.01
193711066,29/04/2026,0.5372157825723927,1.861
193716407,29/04/2026,0.5371380617368694,1.862
193712053,29/04/2026,0.5683950562725748,1.759
193736808,29/04/2026,0.539818625117345,1.852
193719686,29/04/2026,0.5771381908685566,1.733
193811100,29/04/2026,0.40975084770645875,2.441
193712048,29/04/2026,0.5493270087145552,1.82
193719617,29/04/2026,0.4864815218214418,2.056
193716409,29/04/2026,0.5752499309013834,1.738
193712732,29/04/2026,0.4703355152623385,2.126
193726117,29/04/2026,0.4713525265463012,2.122
193719652,29/04/2026,0.5539977384555397,1.805
193662069,29/04/2026,0.474592423000348,2.107
193804209,29/04/2026,0.569807842200234,1.755
193742062,29/04/2026,0.3775253179505577,2.649
193736801,29/04/2026,0.5099796205036171,1.961
193716556,29/04/2026,0.4534691274251892,2.205
193764296,29/04/2026,0.5549030327030297,1.802
193763265,29/04/2026,0.5305941308441178,1.885
192614192,29/04/2026,0.5087990606821456,1.965
192808953,29/04/2026,0.5250493980445942,1.905
193693876,29/04/2026,0.5366228624420575,1.864
193711478,29/04/2026,0.5486892066036037,1.823
193693878,29/04/2026,0.5523183761064995,1.811
193693880,29/04/2026,0.5191277850743637,1.926
193715387,29/04/2026,0.5404553350640715,1.85
193712040,29/04/2026,0.5747338570235164,1.74
192175889,29/04/2026,0.5465550964953798,1.83
193716554,29/04/2026,0.44459139396248837,2.249
193720665,29/04/2026,0.5053342440443582,1.979
193716414,29/04/2026,0.5490595413778462,1.821
193715376,29/04/2026,0.5984766979077359,1.671
193716525,29/04/2026,0.38817634990203864,2.576
193716529,29/04/2026,0.6022219597642398,1.661
193715354,29/04/2026,0.5378293188583945,1.859
193708843,29/04/2026,0.5358874774283973,1.866
193736831,29/04/2026,0.5680285425649473,1.76
193719678,29/04/2026,0.5810079209103499,1.721
193720668,29/04/2026,0.5768701486050379,1.733
193711488,29/04/2026,0.6178692445707925,1.618
193710701,29/04/2026,0.5897609861677512,1.696
193710699,29/04/2026,0.5799320753580519,1.724
193663030,29/04/2026,0.4593605913816225,2.177
193713355,29/04/2026,0.5088233278746666,1.965
193719609,29/04/2026,0.5579103333339291,1.792
193663024,29/04/2026,0.4088783077081223,2.446
193709405,29/04/2026,0.5729500122515284,1.745
193708772,29/04/2026,0.5291674787448553,1.89
193708695,29/04/2026,0.5166603906006764,1.936
193710703,29/04/2026,0.5740776737876461,1.742
193767932,29/04/2026,0.5294665989135455,1.889
193708847,29/04/2026,0.5642554758491007,1.772
193663016,29/04/2026,0.4331680991547795,2.309
193708832,29/04/2026,0.5602100793691174,1.785
193708850,29/04/2026,0.5584441745834084,1.791
193715672,29/04/2026,0.5353309774859998,1.868
193671587,29/04/2026,0.5162191639854278,1.937
193722922,29/04/2026,0.5097546731701977,1.962
193704405,29/04/2026,0.52913205259024,1.89
193671582,29/04/2026,0.44041421472476777,2.271
193742057,29/04/2026,0.6028501434233321,1.659
193710705,29/04/2026,0.5938340940038106,1.684
193709765,29/04/2026,0.5348153833987617,1.87
193708805,29/04/2026,0.5791599057587362,1.727
193804434,29/04/2026,0.559477695369621,1.787
193719635,29/04/2026,0.5656092111730636,1.768
193722883,29/04/2026,0.5718522348628774,1.749
193709411,29/04/2026,0.5457962890701137,1.832
193716045,29/04/2026,0.5180252805021252,1.93
193719601,29/04/2026,0.532360686962634,1.878
193764428,29/04/2026,0.3713179504440658,2.693
193720322,29/04/2026,0.5330529874770465,1.876
193710708,29/04/2026,0.3888593070059533,2.572
193763352,29/04/2026,0.5583020143776453,1.791
193767929,29/04/2026,0.46047733634908433,2.172
193702442,29/04/2026,0.5423616419407595,1.844
193719467,29/04/2026,0.5428732857758742,1.842
193719624,29/04/2026,0.5732405908928729,1.744
193671597,29/04/2026,0.54194585104673,1.845
193716548,29/04/2026,0.5375856530006435,1.86
193715738,29/04/2026,0.558715708123071,1.79
193702448,29/04/2026,0.5282216341278207,1.893
193708733,29/04/2026,0.586051049569441,1.706
193704403,29/04/2026,0.49105864629354645,2.036
193730210,30/04/2026,0.5086766897696178,1.966
193760712,30/04/2026,0.48440398616929825,2.064
193763188,30/04/2026,0.55448618706824,1.803
193724186,30/04/2026,0.5203477874595607,1.922
193724191,30/04/2026,0.5107623743330248,1.958
193724206,30/04/2026,0.505097625196904,1.98
193724199,30/04/2026,0.532581845252633,1.878
193725102,30/04/2026,0.5360910073305635,1.865
193724180,30/04/2026,0.5092350449102492,1.964
193724195,30/04/2026,0.5141638406090073,1.945
193724176,30/04/2026,0.53697074297455,1.862
193725114,30/04/2026,0.4501674298784191,2.221
193723711,30/04/2026,0.5636506980175611,1.774
193730212,30/04/2026,0.5491942676456574,1.821
193723647,30/04/2026,0.5473810332897767,1.827
193761840,30/04/2026,0.5324882771989712,1.878
193723645,30/04/2026,0.5275383206118879,1.896
193730235,30/04/2026,0.4961162675229775,2.016
193730229,30/04/2026,0.5332000843616447,1.875
193725117,30/04/2026,0.4915292986895546,2.034
193743730,30/04/2026,0.6289017320107793,1.59
193730284,30/04/2026,0.5165911012845373,1.936
193743735,30/04/2026,0.6066510396853682,1.648
193769303,30/04/2026,0.5886529063757797,1.699
193849790,30/04/2026,0.5312907460707817,1.882
193763164,30/04/2026,0.5119868938629955,1.953
193743257,30/04/2026,0.5939258055812286,1.684
193769291,30/04/2026,0.5601397001502512,1.785
193743728,30/04/2026,0.5880606980948072,1.701
193769288,30/04/2026,0.5038069467944145,1.985
193743726,30/04/2026,0.593704973961902,1.684
193763162,30/04/2026,0.5026450843211656,1.989
193763167,30/04/2026,0.5368091785683692,1.863
193760824,30/04/2026,0.48208791115668653,2.074
193760826,30/04/2026,0.49234266740532157,2.031
193760832,30/04/2026,0.4860140212943184,2.058
193724584,30/04/2026,0.4957856610983718,2.017
193723914,30/04/2026,0.5665895285362802,1.765
193724121,30/04/2026,0.4890722402535423,2.045
193769306,30/04/2026,0.30118172348629335,3.32
193725869,30/04/2026,0.5578595430817239,1.793
193723899,30/04/2026,0.5660926069229482,1.766
193725970,30/04/2026,0.5853476996635638,1.708
193742424,30/04/2026,0.5825315440209907,1.717
193195769,30/04/2026,0.5153663839324301,1.94
193723547,30/04/2026,0.5499800767698985,1.818
193813068,30/04/2026,0.5257297690722021,1.902
193723535,30/04/2026,0.6023317482624266,1.66
193725873,30/04/2026,0.5885184683613844,1.699
193723559,30/04/2026,0.5832895733712912,1.714
193725973,30/04/2026,0.44113344489179535,2.267
192942551,30/04/2026,0.3758560886379503,2.661
193743733,30/04/2026,0.6101286124673945,1.639
192951107,30/04/2026,0.5212027932987079,1.919
193743737,30/04/2026,0.5871749527191643,1.703
193723752,30/04/2026,0.5148659535667606,1.942
193730222,30/04/2026,0.5142763965605364,1.944
193805974,30/04/2026,0.5565878189254267,1.797
193777620,30/04/2026,0.5130871918579738,1.949
193730289,30/04/2026,0.4672574278068687,2.14
193730215,30/04/2026,0.5933323867560035,1.685
193730217,30/04/2026,0.515463894309747,1.94
607451,30/04/2026,0.5598540488204178,1.786
193725476,30/04/2026,0.4622742941501185,2.163
192731597,30/04/2026,0.44914128515753193,2.226
192951104,30/04/2026,0.47516097113098016,2.105
193724182,30/04/2026,0.4969466928909055,2.012
193760645,30/04/2026,0.5291384199254029,1.89
193490295,30/04/2026,0.45039168466666,2.22
193730219,30/04/2026,0.4785009611239988,2.09
193777630,30/04/2026,0.5278830732771532,1.894
193805922,30/04/2026,0.5580719027519719,1.792
193724285,30/04/2026,0.5694575931194392,1.756
193868302,30/04/2026,0.5191595748312182,1.926
193824387,30/04/2026,0.509716485390667,1.962
192731599,30/04/2026,0.4599298857322498,2.174
193805524,30/04/2026,0.602136510366831,1.661
192951152,30/04/2026,0.49163168557810044,2.034
193769294,30/04/2026,0.5463887477680548,1.83
193726203,30/04/2026,0.5255646514459611,1.903
193824380,30/04/2026,0.5364752665523612,1.864
192951102,30/04/2026,0.5007237447961923,1.997
192731594,30/04/2026,0.44594835004028616,2.242
193824360,30/04/2026,0.5339703286250238,1.873
193723912,30/04/2026,0.5205007948578037,1.921
193761512,30/04/2026,0.5311088081317931,1.883
193730196,30/04/2026,0.5471864926124101,1.828
193763172,30/04/2026,0.5384243502676632,1.857
193730287,30/04/2026,0.6023411936325697,1.66
193126975,30/04/2026,0.5333613733977485,1.875
193126978,30/04/2026,0.5151578526269124,1.941
193127224,30/04/2026,0.5102811460925203,1.96
193127226,30/04/2026,0.5175878017639965,1.932
193724590,30/04/2026,0.4581965666838068,2.182
192731591,30/04/2026,0.5381890524629519,1.858
193764352,30/04/2026,0.5382065023875152,1.858
193804872,30/04/2026,0.34596984510187634,2.89
193760688,30/04/2026,0.45578998551559247,2.194
193728051,30/04/2026,0.4814748703368037,2.077
193723713,30/04/2026,0.502548989990368,1.99
193769849,30/04/2026,0.5971660078125807,1.675
193805919,30/04/2026,0.5609931596248608,1.783
193814360,30/04/2026,0.5309448522145638,1.883
193805908,30/04/2026,0.5231100070642691,1.912
576269,30/04/2026,0.5598540488204178,1.786
539102,30/04/2026,0.5598540488204178,1.786
192951100,30/04/2026,0.5281501405853098,1.893
193743270,30/04/2026,0.6025041593362671,1.66
193725151,30/04/2026,0.49840028983520557,2.006
193771592,30/04/2026,0.5675181710076501,1.762
193742429,30/04/2026,0.5437357618616278,1.839
193608313,30/04/2026,0.5605929954601814,1.784
193723999,30/04/2026,0.23931541287214358,4.179
193723581,30/04/2026,0.45272929666438255,2.209
193723908,30/04/2026,0.49038593589781443,2.039
193723584,30/04/2026,0.5192989152757373,1.926
193762480,30/04/2026,0.4554839166059912,2.195
193813079,30/04/2026,0.5409842359823586,1.848
193822453,30/04/2026,0.5121609794950102,1.953
193743242,30/04/2026,0.6483382866445077,1.542
193723948,30/04/2026,0.5243253122622819,1.907
193824374,30/04/2026,0.599242208878128,1.669
193730274,30/04/2026,0.4717504052723176,2.12
193724265,30/04/2026,0.5664273360854297,1.765
193812809,30/04/2026,0.5146846074876411,1.943
193742582,30/04/2026,0.5209692588966361,1.919
193746522,30/04/2026,0.5014194520507329,1.994
747539,30/04/2026,0.5598540488204178,1.786
461955,30/04/2026,0.5598540488204178,1.786
105034,30/04/2026,0.5598540488204178,1.786
96096,30/04/2026,0.5598540488204178,1.786
758127,30/04/2026,0.5598540488204178,1.786
193728056,30/04/2026,0.4926146624246555,2.03
193728067,30/04/2026,0.48793670136719236,2.049
193728061,30/04/2026,0.49553984768830006,2.018
193739163,30/04/2026,0.5084363184087657,1.967
193764300,30/04/2026,0.5043011463260909,1.983
193762477,30/04/2026,0.44344168376877635,2.255
193728008,30/04/2026,0.5027985670243316,1.989
193724549,30/04/2026,0.4659370814167459,2.146
193724271,30/04/2026,0.532753123884455,1.877
193772786,30/04/2026,0.4156246058848982,2.406
193724396,30/04/2026,0.5298400052639464,1.887
193709360,30/04/2026,0.4425027720118467,2.26
193728021,30/04/2026,0.5476644412203152,1.826
193728036,30/04/2026,0.45958644553170547,2.176
193608311,30/04/2026,0.5526569471812562,1.809
193762347,30/04/2026,0.5268958849095903,1.898
193742577,30/04/2026,0.5606059381718104,1.784
193742580,30/04/2026,0.5339399064461617,1.873
193868745,30/04/2026,0.6165218657237056,1.622
193773967,30/04/2026,0.5268315651562298,1.898
193730200,30/04/2026,0.5631555712936819,1.776
193724401,30/04/2026,0.514622130435381,1.943
193724392,30/04/2026,0.492849602666198,2.029
193723953,30/04/2026,0.500917713420803,1.996
193723957,30/04/2026,0.413432926474,2.419
193743274,30/04/2026,0.5759987013125598,1.736
193742585,30/04/2026,0.6108742213904046,1.637
193819859,30/04/2026,0.5508532905212634,1.815
193848588,30/04/2026,0.5763002357496011,1.735
193728005,30/04/2026,0.5311976831161905,1.883
193725201,30/04/2026,0.5818049828481862,1.719
193773963,30/04/2026,0.4854854576213375,2.06
193763157,30/04/2026,0.5511092539566899,1.815
193716060,30/04/2026,0.4932748445283262,2.027
193813083,30/04/2026,0.5914655906917557,1.691
193749922,30/04/2026,0.5319746529944654,1.88
193725885,30/04/2026,0.608924995395578,1.642
193749920,30/04/2026,0.5677837862267591,1.761
193749924,30/04/2026,0.54413589980173,1.838
193749926,30/04/2026,0.534249438224511,1.872
193761602,30/04/2026,0.5981237491831279,1.672
193050856,30/04/2026,0.5568744527134964,1.796
193769297,30/04/2026,0.3113807265603949,3.212
193813325,30/04/2026,0.5894633388462078,1.696
193725164,30/04/2026,0.5398521320515084,1.852
193742433,30/04/2026,0.6079193819099397,1.645
192939354,30/04/2026,0.5210264455964139,1.919
193849788,30/04/2026,0.5602660675816663,1.785
193739160,30/04/2026,0.5084252014115873,1.967
193725127,30/04/2026,0.5176946296290624,1.932
193725159,30/04/2026,0.5618188783134123,1.78
193725195,30/04/2026,0.4878861680316918,2.05
192808968,30/04/2026,0.4932820561802025,2.027
193764432,30/04/2026,0.5898557351328041,1.695
193725185,30/04/2026,0.5967120057066669,1.676
193767624,30/04/2026,0.5384914399658799,1.857
193764240,30/04/2026,0.6010010497335295,1.664
193762295,30/04/2026,0.5059193046630811,1.977
193725880,30/04/2026,0.5369726195329003,1.862
193723904,30/04/2026,0.453266081888683,2.206
193767591,30/04/2026,0.5240722486919026,1.908
193725153,30/04/2026,0.45379798204342003,2.204
193746517,30/04/2026,0.5349400032149554,1.869
193725109,30/04/2026,0.5300183955799627,1.887
193767622,30/04/2026,0.5444213084547022,1.837
193767619,30/04/2026,0.5205945303493903,1.921
193767609,30/04/2026,0.5461468198641667,1.831
193813532,30/04/2026,0.5313465596376427,1.882
193663026,30/04/2026,0.4638038124366772,2.156
193663028,30/04/2026,0.4879168878176889,2.05
193769338,30/04/2026,0.4519471306037878,2.213
193725120,30/04/2026,0.5212618415226752,1.918
193725212,30/04/2026,0.5194577197887179,1.925
193762483,30/04/2026,0.5202492038360562,1.922
193774334,30/04/2026,0.4661311946479754,2.145
193818567,30/04/2026,0.527907325596971,1.894
193725215,30/04/2026,0.5445304029113271,1.836
193821241,30/04/2026,0.5135946398193508,1.947
193808846,30/04/2026,0.5081083924334859,1.968
193824331,30/04/2026,0.5136271982399649,1.947
193725157,30/04/2026,0.5454340181177143,1.833
193725198,30/04/2026,0.5074084805194553,1.971
193730280,30/04/2026,0.48734316344830353,2.052
193771589,30/04/2026,0.5225146280786833,1.914
193743238,30/04/2026,0.5200425463493202,1.923
193724582,30/04/2026,0.5207652971339318,1.92
193743280,30/04/2026,0.47704122469734045,2.096
193821107,01/05/2026,0.5673011550783601,1.763
193744981,01/05/2026,0.529229058215853,1.89
193744622,01/05/2026,0.46977130377583787,2.129
193770608,01/05/2026,0.5835018389425763,1.714
193770610,01/05/2026,0.5489676960717298,1.822
193745256,01/05/2026,0.48234360632040524,2.073
193744983,01/05/2026,0.3839370979731363,2.605
193750942,01/05/2026,0.5242236057773165,1.908
193852125,01/05/2026,0.5339304465366957,1.873
193835243,01/05/2026,0.363976132680883,2.747
193769765,01/05/2026,0.5150010961325093,1.942
193821246,01/05/2026,0.4996821050706872,2.001
193821058,01/05/2026,0.5233527463356245,1.911
193769763,01/05/2026,0.5124818944596377,1.951
193851345,01/05/2026,0.49622536198600037,2.015
192946431,01/05/2026,0.4864272817442203,2.056
193851343,01/05/2026,0.49300765445113737,2.028
193769701,01/05/2026,0.4825448287584508,2.072
193771864,01/05/2026,0.5628695895964771,1.777
193744952,01/05/2026,0.5773585466715911,1.732
193859726,01/05/2026,0.5103643197600192,1.959
193827827,01/05/2026,0.5817071743862123,1.719
193195773,01/05/2026,0.5466703188410742,1.829
193747386,01/05/2026,0.49086694756170773,2.037
193770856,01/05/2026,0.5620919912962188,1.779
193693961,01/05/2026,0.4868071094462792,2.054
193866484,01/05/2026,0.5881677756156014,1.7
193830591,01/05/2026,0.5294829184804943,1.889
193771869,01/05/2026,0.5367621398388531,1.863
193749972,01/05/2026,0.5873911767443926,1.702
193757935,01/05/2026,0.5293376961993594,1.889
193749974,01/05/2026,0.5564825135433481,1.797
193749966,01/05/2026,0.5667550027074343,1.764
193751102,01/05/2026,0.5325743422633147,1.878
193751079,01/05/2026,0.5110123104459698,1.957
193747625,01/05/2026,0.5142238385490016,1.945
193330016,01/05/2026,0.5619573925365855,1.779
193749970,01/05/2026,0.5758523481153455,1.737
193108859,01/05/2026,0.4928750613889851,2.029
193744985,01/05/2026,0.5545610160920955,1.803
193747384,01/05/2026,0.5501151799784689,1.818
193195782,01/05/2026,0.5522139614533434,1.811
193821076,01/05/2026,0.5652270921238812,1.769
193194985,01/05/2026,0.5192154115681026,1.926
193190741,01/05/2026,0.5427820460573844,1.842
193760834,01/05/2026,0.5596980948411949,1.787
193745866,01/05/2026,0.6034225198184444,1.657
193771530,01/05/2026,0.48484945702460713,2.062
193770579,01/05/2026,0.4938222599044937,2.025
193769670,01/05/2026,0.4946775642412668,2.022
193751067,01/05/2026,0.5700977937769727,1.754
193744038,01/05/2026,0.49443975713286104,2.022
193751072,01/05/2026,0.5294015177673554,1.889
193745312,01/05/2026,0.5500056179438741,1.818
193745307,01/05/2026,0.5357757544327969,1.866
193745305,01/05/2026,0.485779557930937,2.059
193744618,01/05/2026,0.5609228107853398,1.783
193750577,01/05/2026,0.5777875976880634,1.731
193052662,01/05/2026,0.4788090212944247,2.089
193743769,01/05/2026,0.5212821784631912,1.918
193052660,01/05/2026,0.541143519585975,1.848
193745321,01/05/2026,0.5472130606872443,1.827
193872648,01/05/2026,0.5646361939885047,1.771
193847105,01/05/2026,0.4951115624623074,2.02
193749959,01/05/2026,0.518431950844371,1.929
193750938,01/05/2026,0.5475727552906818,1.826
193858464,01/05/2026,0.537755186922443,1.86
193771884,01/05/2026,0.5232554317639234,1.911
193771501,01/05/2026,0.5009153561501523,1.996
193202952,01/05/2026,0.47965818544722205,2.085
193835233,01/05/2026,0.5638838048465342,1.773
192943391,01/05/2026,0.5321712242906218,1.879
193744600,01/05/2026,0.5274860824536481,1.896
193858624,01/05/2026,0.6089864957849058,1.642
193762509,01/05/2026,0.48880889613317385,2.046
193835230,01/05/2026,0.5108515576503766,1.958
193812918,01/05/2026,0.5284622676783789,1.892
193773958,01/05/2026,0.5321115592325086,1.879
193383476,01/05/2026,0.5532339443953967,1.808
193050864,01/05/2026,0.5392110509802412,1.855
193383478,01/05/2026,0.5319306022412197,1.88
193763668,01/05/2026,0.5123348419476507,1.952
193052664,01/05/2026,0.5320258937861214,1.88
192496576,01/05/2026,0.5237577053981967,1.909
192942555,01/05/2026,0.4765709295479954,2.098
193771577,01/05/2026,0.49022119671456654,2.04
193770822,01/05/2026,0.34406937169046087,2.906
193743670,01/05/2026,0.5448267317102119,1.835
193749964,01/05/2026,0.5975967158353709,1.673
193749961,01/05/2026,0.5586498227074881,1.79
193766633,01/05/2026,0.5481362632180878,1.824
193770787,01/05/2026,0.5099994460362853,1.961
193195771,01/05/2026,0.5580283621908444,1.792
193906987,01/05/2026,0.566389849530724,1.766
193771629,01/05/2026,0.502461151988244,1.99
193770785,01/05/2026,0.562533776372818,1.778
193771627,01/05/2026,0.547206891616006,1.827
193869324,01/05/2026,0.4556512152737923,2.195
192785618,01/05/2026,0.5412348063045668,1.848
193770809,01/05/2026,0.46845690415537106,2.135
193750981,01/05/2026,0.5170579736240173,1.934
193751126,01/05/2026,0.5949081986343564,1.681
193911716,01/05/2026,0.5694070063967291,1.756
193857466,01/05/2026,0.5835107218315332,1.714
193394406,01/05/2026,0.49896174556365924,2.004
193771997,01/05/2026,0.5449003245625539,1.835
744554,01/05/2026,0.5598540488204178,1.786
193196517,01/05/2026,0.5600024225288044,1.786
193771632,01/05/2026,0.5148421618772457,1.942
193776749,01/05/2026,0.4898736765112924,2.041
193820768,01/05/2026,0.5284405229851163,1.892
193892666,01/05/2026,0.5401865328428435,1.851
193851768,01/05/2026,0.29035785305573114,3.444
193772021,01/05/2026,0.49458248046903625,2.022
193770972,01/05/2026,0.5107264865339145,1.958
193820771,01/05/2026,0.5208609010959757,1.92
193770974,01/05/2026,0.4620210685004059,2.164
193770970,01/05/2026,0.5335331304524507,1.874
193394402,01/05/2026,0.48762719524968223,2.051
193771681,01/05/2026,0.49462143484519056,2.022
193693985,01/05/2026,0.5076895639998174,1.97
193771648,01/05/2026,0.4914202748471128,2.035
193693977,01/05/2026,0.3945889863111498,2.534
193848371,01/05/2026,0.5215961963500081,1.917
193750988,01/05/2026,0.5203914294923592,1.922
193894089,01/05/2026,0.6183611911701838,1.617
193751130,01/05/2026,0.5725302660786716,1.747
193766515,01/05/2026,0.545681371809488,1.833
193192679,01/05/2026,0.5340543152712592,1.872
193750986,01/05/2026,0.48714532534702076,2.053
193773561,01/05/2026,0.5069522708776628,1.973
193877637,01/05/2026,0.46511289823689084,2.15
193818829,01/05/2026,0.6131028815937594,1.631
193818826,01/05/2026,0.5951123424061643,1.68
193861387,01/05/2026,0.6005672050226379,1.665
193819239,01/05/2026,0.5665367627124172,1.765
193851670,01/05/2026,0.33626159911535064,2.974
193827796,01/05/2026,0.5928561802576809,1.687
193771918,01/05/2026,0.5650336183983703,1.77
193865449,01/05/2026,0.5782726663019504,1.729
193818075,01/05/2026,0.5538785900659119,1.805
193768621,01/05/2026,0.5360226131075831,1.866
193769537,01/05/2026,0.5856960049494426,1.707
193771937,01/05/2026,0.5385803096310207,1.857
193891793,01/05/2026,0.6026998658522222,1.659
193768166,01/05/2026,0.5465667244836941,1.83
193877756,01/05/2026,0.5677730776571426,1.761
193805413,01/05/2026,0.533414042921683,1.875
193959886,01/05/2026,0.5529754292600146,1.808
193771538,01/05/2026,0.5349186867531535,1.869
193196520,01/05/2026,0.5198139558167728,1.924
193773555,01/05/2026,0.6075550082671825,1.646
193917800,01/05/2026,0.5321786883333443,1.879
193751132,01/05/2026,0.5339820199832215,1.873
192501181,01/05/2026,0.45296538226813815,2.208
193848808,01/05/2026,0.5278282256221469,1.895
193770866,01/05/2026,0.48973649765121025,2.042
193771636,01/05/2026,0.4556588397868543,2.195
193107351,01/05/2026,0.5415490664958791,1.847
193771194,01/05/2026,0.5586647691658432,1.79
192785620,01/05/2026,0.4909130857425144,2.037
193771656,01/05/2026,0.4359041731880812,2.294
193757937,01/05/2026,0.5730882375800583,1.745
193911720,01/05/2026,0.5526446440450765,1.809
193911718,01/05/2026,0.5260308255202134,1.901
193770852,01/05/2026,0.5062576427898269,1.975
193911712,01/05/2026,0.5060718856246486,1.976
193774003,01/05/2026,0.5163836543286586,1.937
193771663,01/05/2026,0.5053790617073116,1.979
193869326,01/05/2026,0.5230206186369649,1.912
193774009,01/05/2026,0.49404783546211495,2.024
193821091,01/05/2026,0.5658442122125809,1.767
193821098,01/05/2026,0.5459290637606736,1.832
193866597,01/05/2026,0.36753174949206285,2.721
192940950,01/05/2026,0.5016341521331233,1.993
193750972,01/05/2026,0.5649206947956267,1.77
193730231,01/05/2026,0.5196555651996305,1.924
193911714,01/05/2026,0.5247497377890531,1.906
193109771,01/05/2026,0.48833814414813964,2.048
192946009,01/05/2026,0.5439214487094787,1.839
192946002,01/05/2026,0.4762090427139259,2.1
193869320,01/05/2026,0.5090023872328174,1.965
193771644,01/05/2026,0.48258059871787473,2.072
193849080,01/05/2026,0.5723443867563515,1.747
192940905,01/05/2026,0.4270031722087578,2.342
193693963,01/05/2026,0.5362246929494904,1.865
192946446,01/05/2026,0.5203877933071944,1.922
192946766,01/05/2026,0.5253996692225235,1.903
193693968,01/05/2026,0.552156258459624,1.811
192940902,01/05/2026,0.5105839448950319,1.959
193773986,01/05/2026,0.5305767588340499,1.885
193190217,01/05/2026,0.5346132025299989,1.871
193383384,01/05/2026,0.5385894187025946,1.857
192945981,01/05/2026,0.5450732799820851,1.835
192945962,01/05/2026,0.5216069958457776,1.917
193004668,01/05/2026,0.5356261984270623,1.867
192940900,01/05/2026,0.5558881345421698,1.799
192940898,01/05/2026,0.558921046942846,1.789
192945996,01/05/2026,0.5136966090891525,1.947
192945867,01/05/2026,0.5801418946716841,1.724
192940895,01/05/2026,0.5180938714115488,1.93
193770848,01/05/2026,0.5475738484294209,1.826
193770858,01/05/2026,0.48403981348294234,2.066
193770870,01/05/2026,0.5176584457487964,1.932
193865904,01/05/2026,0.47151568485703166,2.121
192947734,01/05/2026,0.5465264523685089,1.83
193750623,01/05/2026,0.530507000389172,1.885
193777802,01/05/2026,0.6053449279808941,1.652
193762208,01/05/2026,0.604020745021272,1.656
193767182,01/05/2026,0.5680055687123831,1.761
193917784,01/05/2026,0.5035039351217216,1.986
193745862,01/05/2026,0.5442429220723969,1.837
193767141,01/05/2026,0.5424748933218819,1.843
193764784,01/05/2026,0.48646095437664116,2.056
193865451,01/05/2026,0.5806788470585867,1.722
193418049,01/05/2026,0.5795980632467559,1.725
193417711,01/05/2026,0.5584416275487935,1.791
193745850,01/05/2026,0.5063990780431238,1.975
193417764,01/05/2026,0.5641422025835199,1.773
193067975,01/05/2026,0.5229872975817286,1.912
193764808,01/05/2026,0.38278986515571795,2.612
193417589,01/05/2026,0.5142796385643531,1.944
193819227,01/05/2026,0.6026652006653227,1.659
193744573,01/05/2026,0.5596133151287336,1.787
193417585,01/05/2026,0.5777886596689839,1.731
193771686,01/05/2026,0.5372712361314123,1.861
193417583,01/05/2026,0.5664415430050816,1.765
193852065,01/05/2026,0.5430537018256806,1.841
193744577,01/05/2026,0.5489069453034955,1.822
193764794,01/05/2026,0.5611431019490875,1.782
193764789,01/05/2026,0.582200451271519,1.718
193769553,01/05/2026,0.5226340367647584,1.913
193835224,01/05/2026,0.5585203467889126,1.79
193327941,01/05/2026,0.5237660253415657,1.909
193745241,01/05/2026,0.5087603399705646,1.966
193769558,01/05/2026,0.5351984707774339,1.868
192939454,01/05/2026,0.5234780315104691,1.91
193769739,01/05/2026,0.523447603133541,1.91
193327912,01/05/2026,0.5207464923593629,1.92
193745891,01/05/2026,0.5852889085421675,1.709
193744579,01/05/2026,0.49332204027506493,2.027
193749571,01/05/2026,0.4336428369782757,2.306
193818833,01/05/2026,0.5095058799518029,1.963
193764764,01/05/2026,0.5079182408358959,1.969
193745889,01/05/2026,0.6053661940925101,1.652
193769697,01/05/2026,0.5120278667728784,1.953
193327906,01/05/2026,0.5090851201614333,1.964
193745874,01/05/2026,0.5806364980660281,1.722
193745871,01/05/2026,0.5281666793838098,1.893
193745868,01/05/2026,0.5406210907522214,1.85
193770876,01/05/2026,0.4817481971496688,2.076
193745680,01/05/2026,0.5247491759591143,1.906
193865354,01/05/2026,0.5419673508958388,1.845
193769691,01/05/2026,0.5631563083855218,1.776
193771654,01/05/2026,0.5039522640255463,1.984
193745884,01/05/2026,0.5725888128119057,1.746
193327927,01/05/2026,0.4681903229894899,2.136
193852297,01/05/2026,0.5904118387109711,1.694
193749563,01/05/2026,0.5148340471912459,1.942
193746109,01/05/2026,0.5543985498993311,1.804
193905806,01/05/2026,0.4819819072000476,2.075
193859204,01/05/2026,0.5013669564179928,1.995
193749950,01/05/2026,0.597599651291056,1.673
193857752,01/05/2026,0.5590328069652387,1.789
193770881,01/05/2026,0.4913331462966539,2.035
193745678,01/05/2026,0.5734924306025446,1.744
193746111,01/05/2026,0.5523128514440356,1.811
193749569,01/05/2026,0.5994914422892919,1.668
193749566,01/05/2026,0.4363082870799098,2.292
193835228,01/05/2026,0.5071234280987086,1.972
193769717,01/05/2026,0.5709533183059657,1.751
193770825,01/05/2026,0.5787381082606801,1.728
193873725,01/05/2026,0.5118879627528028,1.954
193749918,01/05/2026,0.593393676078619,1.685
193817815,01/05/2026,0.532303591427983,1.879
193749937,01/05/2026,0.5114476014482647,1.955
193900949,01/05/2026,0.46187705417588854,2.165
193763192,01/05/2026,0.49050498817925875,2.039
193772091,01/05/2026,0.5182930673451459,1.929
193724280,01/05/2026,0.587251841269957,1.703
193190753,01/05/2026,0.45678272375658835,2.189
193750530,01/05/2026,0.5746433783723824,1.74
193744575,01/05/2026,0.5195087579412394,1.925
193761438,01/05/2026,0.46129034972081534,2.168
193751065,01/05/2026,0.5944369510681496,1.682
193744571,01/05/2026,0.5635188904385736,1.775
193744568,01/05/2026,0.563741828013271,1.774
193744566,01/05/2026,0.5205710410649385,1.921
193744564,01/05/2026,0.5235290854776725,1.91
193746113,01/05/2026,0.5578794424732406,1.793
193418890,01/05/2026,0.5285314742849696,1.892
193749946,01/05/2026,0.5128350714515263,1.95
193773381,01/05/2026,0.44403055531578023,2.252
193746451,01/05/2026,0.5483253510407514,1.824
193761637,01/05/2026,0.5271359371384511,1.897
193771651,01/05/2026,0.606609009171771,1.649
193761581,01/05/2026,0.5042203988560124,1.983
193417760,01/05/2026,0.5687211338616764,1.758
193067973,01/05/2026,0.5417592763230665,1.846
193067971,01/05/2026,0.523859655528595,1.909
193764772,01/05/2026,0.5518083287854069,1.812
193417708,01/05/2026,0.5029098645090518,1.988
193751057,01/05/2026,0.5926746555880823,1.687
193824785,01/05/2026,0.46563309258356195,2.148
193417757,01/05/2026,0.5266444661919588,1.899
193769745,01/05/2026,0.3636853403395143,2.75
193751060,01/05/2026,0.5824179823267522,1.717
193749956,01/05/2026,0.5960670801360062,1.678
193865823,01/05/2026,0.5867694230357579,1.704
193750990,01/05/2026,0.5436356350010889,1.839
193835237,01/05/2026,0.5658817503225344,1.767
193744585,01/05/2026,0.5624887923792676,1.778
193050858,01/05/2026,0.5720475267599856,1.748
193749952,01/05/2026,0.5335851561661633,1.874
193821082,01/05/2026,0.5649286880013986,1.77
193760892,01/05/2026,0.5093387642708886,1.963
193745243,01/05/2026,0.5233775652995076,1.911
193769759,01/05/2026,0.48749869004194846,2.051
193769761,01/05/2026,0.5000943759197972,2.0
193745248,01/05/2026,0.379097072017836,2.638
193771887,01/05/2026,0.5490497246665221,1.821
192943375,01/05/2026,0.5746217004923945,1.74
193769693,01/05/2026,0.5918181362552358,1.69
193750567,01/05/2026,0.5550294817455326,1.802
193050862,01/05/2026,0.5700260124139627,1.754
192943386,01/05/2026,0.565258152875963,1.769
192943380,01/05/2026,0.5361767037006109,1.865
193744587,01/05/2026,0.5719698544779165,1.748
193770868,01/05/2026,0.4290798086266215,2.331
193771536,01/05/2026,0.554046138485988,1.805
193770485,01/05/2026,0.5346364325468036,1.87
193852533,01/05/2026,0.5194233392899004,1.925
193745854,01/05/2026,0.5560805386056329,1.798
192943378,01/05/2026,0.5772381030595386,1.732
193004860,01/05/2026,0.5213370645346166,1.918
193750957,01/05/2026,0.5085836583082766,1.966
192947742,01/05/2026,0.49998769425837314,2.0
193762335,01/05/2026,0.5955309463459372,1.679
193769563,01/05/2026,0.5191032367414581,1.926
192946421,01/05/2026,0.5244422807032789,1.907
193770843,01/05/2026,0.5363822494108115,1.864
193109767,01/05/2026,0.5330562781090715,1.876
193108857,01/05/2026,0.5029417389404184,1.988
193770606,01/05/2026,0.5252713301374351,1.904
193747597,01/05/2026,0.5096079447310012,1.962
192997863,01/05/2026,0.5602298318508266,1.785
193762097,01/05/2026,0.5037788596918603,1.985
192943368,01/05/2026,0.5753363305610093,1.738
193747604,01/05/2026,0.46787816486413464,2.137
192943364,01/05/2026,0.5487150839719305,1.822
193770874,01/05/2026,0.4810153985027174,2.079
192943372,01/05/2026,0.54402181685323,1.838
193770872,01/05/2026,0.5822826869672413,1.717
193769545,01/05/2026,0.6094969503730376,1.641
193771796,01/05/2026,0.5701872629466984,1.754
193744036,01/05/2026,0.5143795566260165,1.944
193751115,01/05/2026,0.6022125879313861,1.661
193848601,01/05/2026,0.5278015475935441,1.895
192939486,01/05/2026,0.5286105156538415,1.892
193762641,01/05/2026,0.5984789097799981,1.671
193745864,01/05/2026,0.5167103795471798,1.935
193744589,01/05/2026,0.6042759037612643,1.655
193751144,01/05/2026,0.5281006123281164,1.894
193004878,01/05/2026,0.5560245726342015,1.798
193004862,01/05/2026,0.5436323999132467,1.839
193751146,01/05/2026,0.5136255531563179,1.947
193758220,01/05/2026,0.5391184532415942,1.855
193771640,01/05/2026,0.5169112162114275,1.935
193771880,01/05/2026,0.5353939930181193,1.868
193747826,01/05/2026,0.47251388885498985,2.116
193866002,01/05/2026,0.3764243748203878,2.657
193770878,01/05/2026,0.48791034979914005,2.05
193745858,01/05/2026,0.5613756456219664,1.781
193004876,01/05/2026,0.4701017053730728,2.127
193745860,01/05/2026,0.5563598212977726,1.797
193835226,01/05/2026,0.4712653792463345,2.122
193767627,01/05/2026,0.4915158136376228,2.035
193761688,01/05/2026,0.5580232040434111,1.792
193851423,01/05/2026,0.4774145347601581,2.095
193764758,01/05/2026,0.517242523184631,1.933
193770860,01/05/2026,0.532334195221242,1.879
193762187,01/05/2026,0.5383990450148504,1.857
193327944,01/05/2026,0.5533183406925298,1.807
193751139,01/05/2026,0.5059395630996045,1.977
193750595,01/05/2026,0.4767979284988725,2.097
193771797,01/05/2026,0.518312371364491,1.929
193906985,01/05/2026,0.5470853630582836,1.828
193744581,01/05/2026,0.5481499203535216,1.824
193851825,01/05/2026,0.549896295684209,1.819
193773971,01/05/2026,0.539371272706268,1.854
193773727,01/05/2026,0.5115113864515511,1.955
193004904,01/05/2026,0.5489889105501696,1.822
193749246,01/05/2026,0.4795963472471782,2.085
193751137,01/05/2026,0.5504346587153137,1.817
193859026,01/05/2026,0.37781142251823613,2.647
193891838,01/05/2026,0.4942577954538887,2.023
193744545,01/05/2026,0.5151949057349414,1.941
193004866,01/05/2026,0.5103966992759058,1.959
193004869,01/05/2026,0.5612732867813202,1.782
193858971,01/05/2026,0.5053663496739493,1.979
193004883,01/05/2026,0.5266104230170937,1.899
193004881,01/05/2026,0.5387922333375692,1.856
193743668,01/05/2026,0.5228308786045605,1.913
193769750,01/05/2026,0.5059354667347787,1.977
193744862,01/05/2026,0.564679159794366,1.771
193004874,01/05/2026,0.5169639702119124,1.934
193763381,01/05/2026,0.5370692844527823,1.862
193906990,01/05/2026,0.5088919602085731,1.965
193771532,01/05/2026,0.4586784876988667,2.18
193771882,01/05/2026,0.5899667577221946,1.695
193769699,01/05/2026,0.45249918768182124,2.21
193744583,01/05/2026,0.5782239021444519,1.729
193886828,02/05/2026,0.36543158190125885,2.736
193802813,02/05/2026,0.5123609200643384,1.952
193802816,02/05/2026,0.49662089312539476,2.014
193832120,02/05/2026,0.5410862603338706,1.848
193881246,02/05/2026,0.5758586576317304,1.737
193757940,02/05/2026,0.5316695065738732,1.881
193832117,02/05/2026,0.4431261602809749,2.257
192609619,02/05/2026,0.5862819132546928,1.706
193832107,02/05/2026,0.5064255769704752,1.975
193802810,02/05/2026,0.4967674837295157,2.013
193821560,02/05/2026,0.5442946742049057,1.837
192609624,02/05/2026,0.5427814732451365,1.842
193814713,02/05/2026,0.5088752026847817,1.965
193832102,02/05/2026,0.5302024638048458,1.886
193832096,02/05/2026,0.4949771818843365,2.02
192942559,02/05/2026,0.5157527866240976,1.939
192946160,02/05/2026,0.5383346673992546,1.858
193797009,02/05/2026,0.5670600918376342,1.763
193786215,02/05/2026,0.5505415480460172,1.816
193191051,02/05/2026,0.4124870395971006,2.424
193821539,02/05/2026,0.5026890163408785,1.989
193832110,02/05/2026,0.5064405421716829,1.975
193931175,02/05/2026,0.5225879668570849,1.914
193782017,02/05/2026,0.4933453319985079,2.027
193773229,02/05/2026,0.5830551636677591,1.715
193511003,02/05/2026,0.6105535154355789,1.638
193190763,02/05/2026,0.5024531993252781,1.99
193825035,02/05/2026,0.51757435823621,1.932
193383483,02/05/2026,0.39062144713005054,2.56
193774013,02/05/2026,0.5118883648084404,1.954
193821572,02/05/2026,0.5316565930486102,1.881
193784587,02/05/2026,0.4962330061241783,2.015
193832115,02/05/2026,0.5808655008062632,1.722
193828497,02/05/2026,0.5166439325210953,1.936
193829003,02/05/2026,0.4998203143864828,2.001
193822058,02/05/2026,0.5804506232734847,1.723
193822062,02/05/2026,0.4933727048338769,2.027
193822076,02/05/2026,0.5986990082585468,1.67
193828500,02/05/2026,0.5446534323475551,1.836
193873986,02/05/2026,0.5869966830670105,1.704
193822125,02/05/2026,0.5181219762964288,1.93
192946310,02/05/2026,0.48011176925662313,2.083
193832291,02/05/2026,0.5236721593591875,1.91
193332819,02/05/2026,0.5333864786178357,1.875
193201905,02/05/2026,0.557928713241425,1.792
193887269,02/05/2026,0.5268785803629632,1.898
193968875,02/05/2026,0.49530613853972677,2.019
193784593,02/05/2026,0.5165978237862142,1.936
193813899,02/05/2026,0.5911374735755326,1.692
193878218,02/05/2026,0.5100362806207943,1.961
193946609,02/05/2026,0.5042735698713277,1.983
193821335,02/05/2026,0.5320252101183465,1.88
193939006,02/05/2026,0.5606764897575036,1.784
193880138,02/05/2026,0.5150962670313051,1.941
192944151,02/05/2026,0.5422451065961323,1.844
193776409,02/05/2026,0.580546629764713,1.723
193821748,02/05/2026,0.5384357220542556,1.857
193832113,02/05/2026,0.5337180531235495,1.874
193821296,02/05/2026,0.6007794086598943,1.665
193879710,02/05/2026,0.5424882053818452,1.843
193821663,02/05/2026,0.5080393163339882,1.968
193800383,02/05/2026,0.5051647242223983,1.98
193821576,02/05/2026,0.5253432326204744,1.904
193779956,02/05/2026,0.5786487046338061,1.728
193800672,02/05/2026,0.5026818824702921,1.989
193858448,02/05/2026,0.5404694142001363,1.85
192946773,02/05/2026,0.5703584657737278,1.753
193800826,02/05/2026,0.45063947292060436,2.219
192946425,02/05/2026,0.506971659774046,1.972
193777538,02/05/2026,0.4959997734663989,2.016
192932645,02/05/2026,0.5554993917355563,1.8
193109785,02/05/2026,0.5519991787738698,1.812
193108863,02/05/2026,0.5125681932456801,1.951
193199379,02/05/2026,0.5131876632269147,1.949
193814786,02/05/2026,0.5086023533558927,1.966
193776419,02/05/2026,0.5452226902134846,1.834
193340879,02/05/2026,0.5619789813921369,1.779
193828997,02/05/2026,0.5071157612157301,1.972
193005973,02/05/2026,0.4845807653514981,2.064
193067273,02/05/2026,0.4880718627546927,2.049
193802818,02/05/2026,0.48363258174208795,2.068
193005696,02/05/2026,0.505164095940169,1.98
193802820,02/05/2026,0.5009740107201548,1.996
192947752,02/05/2026,0.5183158990795849,1.929
192947747,02/05/2026,0.5353255477927362,1.868
192947731,02/05/2026,0.539987003908301,1.852
193800380,02/05/2026,0.5200357452551786,1.923
193773194,02/05/2026,0.5790162279029207,1.727
193819000,02/05/2026,0.47289051803612203,2.115
193821597,02/05/2026,0.5808429982946807,1.722
193800375,02/05/2026,0.5596449572384591,1.787
193946618,02/05/2026,0.4981888268274781,2.007
193946622,02/05/2026,0.47456203154054794,2.107
193884007,02/05/2026,0.5181491185050028,1.93
193052671,02/05/2026,0.5217446200293793,1.917
193108868,02/05/2026,0.5052164619223795,1.979
193108865,02/05/2026,0.5424660294875547,1.843
193701836,02/05/2026,0.4832691976399893,2.069
193826426,02/05/2026,0.541679401782945,1.846
193004655,02/05/2026,0.5401390803711692,1.851
193880143,02/05/2026,0.5059204044123592,1.977
193825140,02/05/2026,0.4944932592955582,2.022
193873988,02/05/2026,0.5762456928611357,1.735
193383486,02/05/2026,0.4994791814751036,2.002
193828974,02/05/2026,0.5567028857363268,1.796
193874048,02/05/2026,0.4820947874626973,2.074
193824783,02/05/2026,0.4765796235341813,2.098
193814638,02/05/2026,0.5343815672435714,1.871
193858444,02/05/2026,0.526293571249321,1.9
193799693,02/05/2026,0.3138033866235007,3.187
193814415,02/05/2026,0.5100620646780737,1.961
193775844,02/05/2026,0.5345351727464281,1.871
193874604,02/05/2026,0.42797652442142914,2.337
193932169,02/05/2026,0.5314637441764983,1.882
193775836,02/05/2026,0.5676956947348989,1.762
193197983,02/05/2026,0.5707815178923984,1.752
193802102,02/05/2026,0.5378362087643114,1.859
193800670,02/05/2026,0.5965622955408303,1.676
193776415,02/05/2026,0.545897302211569,1.832
192944183,02/05/2026,0.538003388184753,1.859
193190226,02/05/2026,0.5661362839190264,1.766
193782407,02/05/2026,0.43394198414592255,2.304
193758331,02/05/2026,0.5274595863712342,1.896
193203072,02/05/2026,0.5221408170528486,1.915
193701839,02/05/2026,0.515830081657459,1.939
193817064,02/05/2026,0.542566705751707,1.843
193817131,02/05/2026,0.4932314361899912,2.027
192501216,02/05/2026,0.4640668385709623,2.155
193886788,02/05/2026,0.5340954104225726,1.872
193874607,02/05/2026,0.5201105120168754,1.923
193819289,02/05/2026,0.48118941981762137,2.078
192505571,02/05/2026,0.5105801282027695,1.959
193878211,02/05/2026,0.5384365422956487,1.857
193872081,02/05/2026,0.5649799518679028,1.77
192500312,02/05/2026,0.48573652866875616,2.059
193782401,02/05/2026,0.3822978321436686,2.616
192500310,02/05/2026,0.45823457570733683,2.182
193782006,02/05/2026,0.4676409564316329,2.138
192500308,02/05/2026,0.532471933086047,1.878
192505539,02/05/2026,0.48148730742273316,2.077
192505553,02/05/2026,0.5457728718692321,1.832
192500305,02/05/2026,0.5382896551394525,1.858
193884056,02/05/2026,0.5251484566807368,1.904
193928636,02/05/2026,0.6160079337670086,1.623
193814232,02/05/2026,0.5126707160382643,1.951
192500301,02/05/2026,0.5212627340790739,1.918
193816489,02/05/2026,0.5157305872870841,1.939
193873982,02/05/2026,0.5146715974457813,1.943
192505559,02/05/2026,0.5101654015600976,1.96
192505566,02/05/2026,0.5216379721475926,1.917
193802080,02/05/2026,0.5397595298858163,1.853
193782404,02/05/2026,0.51270857130616,1.95
193814230,02/05/2026,0.5423506798933733,1.844
193827327,02/05/2026,0.55816634547358,1.792
193109778,02/05/2026,0.43654291267959794,2.291
192946792,02/05/2026,0.5504630078021706,1.817
193108861,02/05/2026,0.5158324059200244,1.939
193878903,02/05/2026,0.5711971253148465,1.751
192946427,02/05/2026,0.4936305520830747,2.026
193936155,02/05/2026,0.5597703480878227,1.786
193801368,02/05/2026,0.5389656028076133,1.855
193878104,02/05/2026,0.47657051605880923,2.098
193812404,02/05/2026,0.5237348735733807,1.909
192505607,02/05/2026,0.5519421507655945,1.812
193867367,02/05/2026,0.4833990240531881,2.069
193969011,02/05/2026,0.49562001395871563,2.018
193824216,02/05/2026,0.4854139167313281,2.06
193821703,02/05/2026,0.5558094103337946,1.799
193821699,02/05/2026,0.4665737170232917,2.143
192939488,02/05/2026,0.6081055089201116,1.644
193827259,02/05/2026,0.5890611625895891,1.698
193610448,02/05/2026,0.5481696202319283,1.824
193779952,02/05/2026,0.561851317398275,1.78
192501212,02/05/2026,0.5394390175549546,1.854
192501206,02/05/2026,0.5602302419319559,1.785
193824779,02/05/2026,0.5871428529423877,1.703
193824777,02/05/2026,0.5395365790151846,1.853
193821599,02/05/2026,0.5694336313864533,1.756
193821601,02/05/2026,0.5461010351358011,1.831
193754959,02/05/2026,0.5470355783584214,1.828
193330023,02/05/2026,0.5445020974324556,1.837
193821603,02/05/2026,0.5149981933857629,1.942
192501201,02/05/2026,0.5243553903181469,1.907
193197977,02/05/2026,0.5364880558440838,1.864
192505581,02/05/2026,0.5351184357638183,1.869
192505587,02/05/2026,0.5464259304431716,1.83
193946626,02/05/2026,0.6173310769395556,1.62
193775853,02/05/2026,0.5128608905794716,1.95
192505593,02/05/2026,0.511971321943623,1.953
193775947,02/05/2026,0.6381103969595914,1.567
193777553,02/05/2026,0.5379294075096278,1.859
193811913,02/05/2026,0.5831725856923398,1.715
193930204,02/05/2026,0.6034048490360563,1.657
193197979,02/05/2026,0.5412980433175572,1.847
192739072,02/05/2026,0.5411710682557244,1.848
192505600,02/05/2026,0.545343232924583,1.834
192505577,02/05/2026,0.5423896317316039,1.844
193827271,02/05/2026,0.4957003511186385,2.017
193827267,02/05/2026,0.5572313226636246,1.795
193001717,02/05/2026,0.550209334501462,1.817
193939001,02/05/2026,0.5350450775031591,1.869
193969901,02/05/2026,0.42723761795780846,2.341
193821589,02/05/2026,0.6183276087039609,1.617
193784596,02/05/2026,0.5230706329556188,1.912
193801375,02/05/2026,0.6213229572294239,1.609
193829055,02/05/2026,0.5247198389165522,1.906
193891138,02/05/2026,0.5405240370823093,1.85
193189523,02/05/2026,0.5212868882773106,1.918
193758226,02/05/2026,0.5252013182491775,1.904
192947584,02/05/2026,0.535574199008323,1.867
193005690,02/05/2026,0.47968409999925515,2.085
193824781,02/05/2026,0.5776709914143322,1.731
193779960,02/05/2026,0.5545788185372243,1.803
193891143,02/05/2026,0.5514165205226681,1.814
193766166,02/05/2026,0.50043387263108,1.998
193828979,02/05/2026,0.5536645142963151,1.806
193757625,02/05/2026,0.5335949954612651,1.874
193821981,02/05/2026,0.5854313433404158,1.708
193775941,02/05/2026,0.5719707572734347,1.748
193813880,02/05/2026,0.5311607642027987,1.883
193785128,02/05/2026,0.5424502936037225,1.843
193189526,02/05/2026,0.5413756142201569,1.847
193828111,02/05/2026,0.4804748503490174,2.081
193872092,02/05/2026,0.526376582581363,1.9
193821052,02/05/2026,0.554561530179653,1.803
193782453,02/05/2026,0.576719248317204,1.734
193888684,02/05/2026,0.5102851659643703,1.96
193879855,02/05/2026,0.5522498531060965,1.811
193878206,02/05/2026,0.513849502387741,1.946
193780728,02/05/2026,0.6158200865463472,1.624
193893181,02/05/2026,0.5576042995534888,1.793
193800370,02/05/2026,0.5469530911255706,1.828
193936161,02/05/2026,0.5024653218694597,1.99
193779967,02/05/2026,0.5389497053591019,1.855
193005971,02/05/2026,0.539447784475566,1.854
192943809,02/05/2026,0.4577387123577823,2.185
192943807,02/05/2026,0.5236646671616061,1.91
193878629,02/05/2026,0.49557059765158706,2.018
193814776,02/05/2026,0.5878452999796602,1.701
193199371,02/05/2026,0.5129196656122835,1.95
192943796,02/05/2026,0.532917005800175,1.876
193891166,02/05/2026,0.5454508125462981,1.833
193873028,02/05/2026,0.4559411269504887,2.193
193775496,02/05/2026,0.5179492954689563,1.931
193775500,02/05/2026,0.4951927074854297,2.019
193821964,02/05/2026,0.5376664321053061,1.86
193775505,02/05/2026,0.5003291886905034,1.999
193001714,02/05/2026,0.5692397381470681,1.757
193775831,02/05/2026,0.5463502121582352,1.83
193873014,02/05/2026,0.5192501961947525,1.926
193932150,02/05/2026,0.5535137465849724,1.807
193936163,02/05/2026,0.5121335153437514,1.953
193829011,02/05/2026,0.5259519297436749,1.901
193821957,02/05/2026,0.5387715626220997,1.856
193201889,02/05/2026,0.5292093733402523,1.89
193968605,02/05/2026,0.49138385198568063,2.035
193201884,02/05/2026,0.5732274558176879,1.745
193874631,02/05/2026,0.511032490655605,1.957
193874635,02/05/2026,0.5511024895197831,1.815
193201876,02/05/2026,0.5494393710418153,1.82
193191059,02/05/2026,0.5080716501461112,1.968
193784585,02/05/2026,0.5176472306315921,1.932
193811846,02/05/2026,0.5466597199609599,1.829
193798653,02/05/2026,0.5411947350869004,1.848
193821060,02/05/2026,0.561444920556571,1.781
193826523,02/05/2026,0.46342185388430807,2.158
193832100,02/05/2026,0.5155179011318316,1.94
193191310,02/05/2026,0.46184721243446936,2.165
193196528,02/05/2026,0.45737268290274724,2.186
193796823,02/05/2026,0.5419471141018747,1.845
193191312,02/05/2026,0.5065742844871268,1.974
193804239,02/05/2026,0.5396908756606453,1.853
193067331,02/05/2026,0.48648595945213563,2.056
193067329,02/05/2026,0.516267389850045,1.937
193804121,02/05/2026,0.5666202469782684,1.765
193882445,02/05/2026,0.5692636359678476,1.757
193874598,02/05/2026,0.49917751594760296,2.003
193882044,02/05/2026,0.5098858416882156,1.961
192948053,02/05/2026,0.5251523087115073,1.904
193936412,02/05/2026,0.5743990068005703,1.741
193775927,02/05/2026,0.5419122097287795,1.845
193775923,02/05/2026,0.4408197058233479,2.269
193775925,02/05/2026,0.5570547266096354,1.795
193880386,02/05/2026,0.299183755010197,3.342
193772914,02/05/2026,0.49757394236161795,2.01
193833795,02/05/2026,0.5265730967451052,1.899
193881230,02/05/2026,0.5647417002784954,1.771
193819004,02/05/2026,0.5486249142059877,1.823
192943511,02/05/2026,0.5016824206363539,1.993
193804191,02/05/2026,0.5453838843940502,1.834
193881233,02/05/2026,0.6274561604579192,1.594
193796723,02/05/2026,0.45327899598089877,2.206
193880384,02/05/2026,0.5861670700457436,1.706
193858320,02/05/2026,0.5146479689218052,1.943
193828985,02/05/2026,0.5086315522726046,1.966
193395409,02/05/2026,0.4864744337535365,2.056
193796720,02/05/2026,0.4917281747547274,2.034
193775918,02/05/2026,0.5199542344728586,1.923
193332835,02/05/2026,0.5353185586981719,1.868
193930202,02/05/2026,0.5951558415514601,1.68
193804127,02/05/2026,0.556141943604491,1.798
192943507,02/05/2026,0.5005581797819604,1.998
193813575,02/05/2026,0.5679551033952012,1.761
193825008,02/05/2026,0.48328176106185305,2.069
193821580,02/05/2026,0.49359577426766355,2.026
193774275,02/05/2026,0.48296349939864525,2.071
193201577,02/05/2026,0.49044455751389077,2.039
193887262,02/05/2026,0.5875688249725298,1.702
193782410,02/05/2026,0.43192396661711374,2.315
192948038,02/05/2026,0.5428870357447202,1.842
193822318,02/05/2026,0.5771492817549834,1.733
193794661,02/05/2026,0.09921145225216953,10.079
193774282,02/05/2026,0.5029583547245443,1.988
193774284,02/05/2026,0.522734790661158,1.913
193822573,02/05/2026,0.5540159931017742,1.805
193928094,02/05/2026,0.5819064104090812,1.718
193949728,02/05/2026,0.4346949969826657,2.3
193777656,02/05/2026,0.4828069431978283,2.071
193774292,02/05/2026,0.517265080429014,1.933
193821893,02/05/2026,0.4930124274619242,2.028
193768850,02/05/2026,0.54758431201769,1.826
193782413,02/05/2026,0.5292880031993715,1.889
193774290,02/05/2026,0.5487550352412077,1.822
193774287,02/05/2026,0.5182642848131985,1.93
193880390,02/05/2026,0.5550579769089101,1.802
193858318,02/05/2026,0.5958567736495786,1.678
193773084,02/05/2026,0.49999688631681827,2.0
193804512,02/05/2026,0.5519997284100252,1.812
193773219,02/05/2026,0.5262468762545726,1.9
193192153,02/05/2026,0.47541423126430654,2.103
193813373,02/05/2026,0.5252878871185651,1.904
193774267,02/05/2026,0.4581504415805848,2.183
193821630,02/05/2026,0.580028640653267,1.724
193187502,02/05/2026,0.44274780701770566,2.259
193833779,02/05/2026,0.5706054612808726,1.753
193872068,02/05/2026,0.5493803213227192,1.82
193201634,02/05/2026,0.5738107079544665,1.743
193881500,02/05/2026,0.5554056832672937,1.8
193946613,02/05/2026,0.5364145792833221,1.864
192943513,02/05/2026,0.35371802496824706,2.827
193856041,02/05/2026,0.5986130601670593,1.671
193711638,02/05/2026,0.5394573513277261,1.854
193881449,02/05/2026,0.5438970173005031,1.839
193833783,02/05/2026,0.5522212030302358,1.811
193891148,02/05/2026,0.5887261710348042,1.699
193832299,02/05/2026,0.5803520985202498,1.723
193821866,02/05/2026,0.5265783192952521,1.899
193858158,02/05/2026,0.522602834497253,1.913
193883815,02/05/2026,0.45884898944105024,2.179
193858160,02/05/2026,0.4884180733422154,2.047
193201636,02/05/2026,0.5352636216521061,1.868
193825906,02/05/2026,0.35483032983866264,2.818
193819974,02/05/2026,0.49486886625448934,2.021
193872077,02/05/2026,0.5988947534512238,1.67
193872074,02/05/2026,0.5043375066099485,1.983
193826576,02/05/2026,0.5339263457454274,1.873
193825902,02/05/2026,0.49337238800771954,2.027
193936456,02/05/2026,0.47477228202816235,2.106
193883931,02/05/2026,0.5486733785283052,1.823
192948084,02/05/2026,0.4754968141155772,2.103
192948088,02/05/2026,0.546215123929575,1.831
193201639,02/05/2026,0.5658016317853889,1.767
193826065,02/05/2026,0.43756639613096293,2.285
193201630,02/05/2026,0.5719051389539834,1.749
193830086,02/05/2026,0.5462066506333575,1.831
192948079,02/05/2026,0.5521464963570784,1.811
193835912,02/05/2026,0.5912453732462848,1.691
193394411,02/05/2026,0.506428775296697,1.975
192948061,02/05/2026,0.5001309916335185,1.999
192948069,02/05/2026,0.5255681303781445,1.903
192948071,02/05/2026,0.5216655432269338,1.917
193939023,02/05/2026,0.5652753359914898,1.769
193201579,02/05/2026,0.4887940212497348,2.046
193833755,02/05/2026,0.5472189876543673,1.827
193833760,02/05/2026,0.5620327017326074,1.779
193833787,02/05/2026,0.5727639741227479,1.746
193776941,02/05/2026,0.49249042352279476,2.03
193191315,02/05/2026,0.46854931969827573,2.134
193192157,02/05/2026,0.48307223479886763,2.07
192948074,02/05/2026,0.496844225858032,2.013
193201585,02/05/2026,0.5635344972318862,1.775
193833751,02/05/2026,0.5171429494650015,1.934
192948076,02/05/2026,0.5248733229235728,1.905
193201618,02/05/2026,0.5597365884393728,1.787
193201621,02/05/2026,0.5749744406912483,1.739
193821582,02/05/2026,0.5249925745641059,1.905
193201626,02/05/2026,0.5300433152285866,1.887
193821756,02/05/2026,0.47656316956766864,2.098
193830053,02/05/2026,0.4773243739796966,2.095
193833770,02/05/2026,0.5268723870825747,1.898
193191317,02/05/2026,0.5129391590602974,1.95
193949730,02/05/2026,0.5745931701503579,1.74
193777666,02/05/2026,0.5155509761058453,1.94
193932158,02/05/2026,0.5464483896077177,1.83
193196530,02/05/2026,0.46568868919222417,2.147
193820257,02/05/2026,0.5049906099204591,1.98
193067302,02/05/2026,0.4884221178155504,2.047
193201601,02/05/2026,0.5138024616188386,1.946
193201572,02/05/2026,0.5858403441326703,1.707
193888681,02/05/2026,0.5006455779036844,1.997
193881236,02/05/2026,0.6450686849150046,1.55
193005795,02/05/2026,0.5257328978890612,1.902
193795051,02/05/2026,0.4378514100588526,2.284
193773184,02/05/2026,0.5470899387969723,1.828
192943504,02/05/2026,0.5454748791754231,1.833
193853045,02/05/2026,0.5169332297220326,1.934
193782420,02/05/2026,0.5435944631980532,1.84
193005975,02/05/2026,0.5823096580317314,1.717
193928084,02/05/2026,0.4758303043130764,2.102
192944171,02/05/2026,0.4699033578378739,2.128
193824793,02/05/2026,0.5538788251559695,1.805
193693987,02/05/2026,0.5389787635407124,1.855
193775453,02/05/2026,0.5858541058535293,1.707
193795047,02/05/2026,0.5476081113026119,1.826
193932164,02/05/2026,0.470008873636995,2.128
193772589,02/05/2026,0.46945591348172455,2.13
193772669,02/05/2026,0.37298033892801025,2.681
193880251,02/05/2026,0.45288338988210364,2.208
193880223,02/05/2026,0.3147491117726841,3.177
193189746,02/05/2026,0.532687956137545,1.877
193950032,02/05/2026,0.5245929032514703,1.906
193795038,02/05/2026,0.5361542925006175,1.865
193192681,02/05/2026,0.5481742628224028,1.824
193005782,02/05/2026,0.49173411682986584,2.034
193005772,02/05/2026,0.5652637757908031,1.769
193005777,02/05/2026,0.5144957922759305,1.944
193772718,02/05/2026,0.5054624834226575,1.978
192946306,02/05/2026,0.49173066142911354,2.034
192785622,02/05/2026,0.5628388372305305,1.777
193794657,02/05/2026,0.5319455177817874,1.88
193882050,02/05/2026,0.4782324231343587,2.091
193878885,02/05/2026,0.5828683732573677,1.716
193878862,02/05/2026,0.5207279751588005,1.92
193882447,02/05/2026,0.47897467983381675,2.088
193930199,02/05/2026,0.521862778070247,1.916
192943803,02/05/2026,0.5364544959140617,1.864
192940959,02/05/2026,0.42209952895017455,2.369
193814571,02/05/2026,0.5522343384669537,1.811
193773203,02/05/2026,0.5734416266343376,1.744
193067319,02/05/2026,0.431488445872725,2.318
192496703,02/05/2026,0.5545728246632573,1.803
192496735,02/05/2026,0.5453828872458816,1.834
193874601,02/05/2026,0.5308869855486712,1.884
193769280,02/05/2026,0.5496156087861576,1.819
193767678,02/05/2026,0.4977972119682345,2.009
193814575,02/05/2026,0.5877278684012798,1.701
193821272,02/05/2026,0.554506832687442,1.803
193330027,02/05/2026,0.4666848172415036,2.143
193186971,02/05/2026,0.4601280469427611,2.173
192496690,02/05/2026,0.5054546196059023,1.978
193814579,02/05/2026,0.5332218094839037,1.875
193776425,02/05/2026,0.5261985089001718,1.9
193795300,02/05/2026,0.5073233579335057,1.971
193880263,02/05/2026,0.5794467746060071,1.726
193005793,02/05/2026,0.535034857173421,1.869
193005791,02/05/2026,0.5462633946138407,1.831
193005789,02/05/2026,0.5119746930744031,1.953
193005787,02/05/2026,0.5123462670657206,1.952
193883389,02/05/2026,0.36663708039331144,2.727
193883350,02/05/2026,0.5873483679573486,1.703
193882459,02/05/2026,0.40582292922102187,2.464
193882455,02/05/2026,0.5046147824491326,1.982
193882452,02/05/2026,0.4676814235178351,2.138
193005785,02/05/2026,0.508337350378899,1.967
193882748,02/05/2026,0.4927831177065386,2.029
193775934,02/05/2026,0.5497400917043828,1.819
193187125,02/05/2026,0.44165797027375436,2.264
193882752,02/05/2026,0.5089230850726767,1.965
193192137,02/05/2026,0.5001425286196107,1.999
193774253,02/05/2026,0.48760756607665545,2.051
193108874,02/05/2026,0.520991550181543,1.919
193005979,02/05/2026,0.5309582722180131,1.883
193830060,02/05/2026,0.4679124013257386,2.137
193773210,02/05/2026,0.4898358535163514,2.042
192946435,02/05/2026,0.5186182073117742,1.928
193196525,02/05/2026,0.514187015861704,1.945
193888679,02/05/2026,0.5101207071935931,1.96
192946788,02/05/2026,0.5237869828325773,1.909
193796026,02/05/2026,0.5025420749845594,1.99
193766570,02/05/2026,0.526834736648376,1.898
193005705,02/05/2026,0.566521585002953,1.765
193067304,02/05/2026,0.48767419557798114,2.051
193511007,02/05/2026,0.6330481049588682,1.58
193821895,02/05/2026,0.5004218996045051,1.998
193794659,02/05/2026,0.5240616004312277,1.908
193891132,02/05/2026,0.5730566813615013,1.745
193928092,02/05/2026,0.5209259436330357,1.92
193942808,02/05/2026,0.5139846952894422,1.946
193797106,02/05/2026,0.5676275476141213,1.762
192943805,02/05/2026,0.38825106359770095,2.576
193880392,02/05/2026,0.5972657216411176,1.674
193772904,02/05/2026,0.47968967748970415,2.085
193774262,02/05/2026,0.5111143233547396,1.957
193774259,02/05/2026,0.48748236187944355,2.051
193882052,02/05/2026,0.5592190671213002,1.788
193833790,02/05/2026,0.548131968862714,1.824
193776747,02/05/2026,0.5377161659008147,1.86
193773187,02/05/2026,0.5327404290864209,1.877
193774249,02/05/2026,0.542401300676662,1.844
193797003,02/05/2026,0.48213579045366584,2.074
193775931,02/05/2026,0.510215262691646,1.96
192946169,02/05/2026,0.5164902651089444,1.936
192609705,02/05/2026,0.5523566195247838,1.81
193201575,02/05/2026,0.49851287477733763,2.006
193332828,02/05/2026,0.5298781232979605,1.887
193878869,02/05/2026,0.3765104252641945,2.656
193814955,02/05/2026,0.5005557329243011,1.998
193773256,02/05/2026,0.4981736937203733,2.007
193928086,02/05/2026,0.4466373211974986,2.239
193773076,02/05/2026,0.5443621159905814,1.837
193814951,02/05/2026,0.48662536537869394,2.055
193814960,02/05/2026,0.4871684142208154,2.053
193814965,02/05/2026,0.4976942700002852,2.009
193773078,02/05/2026,0.5081652640865068,1.968
193820535,02/05/2026,0.47696988100435844,2.097
193187273,02/05/2026,0.4827737959298266,2.071
192933550,02/05/2026,0.5101377342389838,1.96
193880209,02/05/2026,0.4967961553811265,2.013
193828050,02/05/2026,0.5318430132325392,1.88
193828058,02/05/2026,0.4865373648184855,2.055
193931215,02/05/2026,0.5898546888230547,1.695
193828067,02/05/2026,0.5045541949133405,1.982
193891107,02/05/2026,0.44348165118007027,2.255
193190230,02/05/2026,0.5247939351369647,1.906
193004651,02/05/2026,0.5126297330162508,1.951
193874611,02/05/2026,0.504801764645513,1.981
193773239,02/05/2026,0.49828883857065787,2.007
193826416,02/05/2026,0.5272220194680896,1.897
193773192,02/05/2026,0.5219920812597915,1.916
193774016,02/05/2026,0.5642567846693035,1.772
193773201,02/05/2026,0.4937910676456125,2.025
193820490,02/05/2026,0.5105419427035895,1.959
193967918,02/05/2026,0.5742868790089641,1.741
193191377,02/05/2026,0.5028813801585905,1.989
193858825,02/05/2026,0.5583696249597866,1.791
193824775,02/05/2026,0.5773330105617663,1.732
193775943,02/05/2026,0.567452913581901,1.762
193200100,02/05/2026,0.5209398514285982,1.92
193779935,02/05/2026,0.6140464030900492,1.629
193881218,02/05/2026,0.4677711921654596,2.138
193813662,02/05/2026,0.5324903493583718,1.878
193772777,02/05/2026,0.5986715533046044,1.67
193775888,02/05/2026,0.5656791571836838,1.768
193813236,02/05/2026,0.5094907945648359,1.963
193817293,02/05/2026,0.5613642915861289,1.781
193417541,02/05/2026,0.5805972401228088,1.722
193824767,02/05/2026,0.5814389905634473,1.72
193817330,02/05/2026,0.5980037221506814,1.672
193931349,02/05/2026,0.5656613382266775,1.768
193780195,02/05/2026,0.5291679798362293,1.89
193880213,02/05/2026,0.5654108862597479,1.769
193814800,02/05/2026,0.5481502275447809,1.824
193822070,02/05/2026,0.5390061468183703,1.855
193799452,02/05/2026,0.5987694273916456,1.67
193799449,02/05/2026,0.5870755707572168,1.703
193832076,02/05/2026,0.40557262494850144,2.466
193694739,02/05/2026,0.5107569708899256,1.958
193817305,02/05/2026,0.577464316878027,1.732
193879850,02/05/2026,0.524054136663637,1.908
193814275,02/05/2026,0.5370298903513544,1.862
193833736,02/05/2026,0.3417834879521968,2.926
193202984,02/05/2026,0.5148494537134997,1.942
193879324,02/05/2026,0.56558014051774,1.768
193947793,02/05/2026,0.4174542218410051,2.395
193817301,02/05/2026,0.5573436795965533,1.794
193888699,02/05/2026,0.5070316657671043,1.972
193820330,02/05/2026,0.5355330789945507,1.867
193819016,02/05/2026,0.5818784372917322,1.719
193052666,02/05/2026,0.504865495660341,1.981
193813623,02/05/2026,0.5556515547642421,1.8
193417533,02/05/2026,0.5404742903552899,1.85
193817297,02/05/2026,0.5435793467138315,1.84
193828994,02/05/2026,0.5906719350042118,1.693
193816766,02/05/2026,0.2913816030281516,3.432
193820362,02/05/2026,0.5551121809891998,1.801
193880211,02/05/2026,0.5412564464476224,1.848
193775535,02/05/2026,0.5502580044960733,1.817
193813626,02/05/2026,0.5441301658839041,1.838
193820360,02/05/2026,0.5466730350222049,1.829
193891152,02/05/2026,0.5387143116301865,1.856
193822322,02/05/2026,0.5438471370595221,1.839
193813233,02/05/2026,0.5660903028519593,1.767
193832264,02/05/2026,0.6077552447326632,1.645
193832262,02/05/2026,0.5710455559930218,1.751
193887264,02/05/2026,0.5462221989623546,1.831
193813140,02/05/2026,0.5765839736328707,1.734
193822328,02/05/2026,0.5835082973998542,1.714
193870347,02/05/2026,0.5567111720354679,1.796
193805032,02/05/2026,0.5093996654935384,1.963
193870343,02/05/2026,0.4851966365789755,2.061
193870336,02/05/2026,0.5331814608178947,1.876
193813230,02/05/2026,0.5671458130112154,1.763
193821340,02/05/2026,0.5909849701149628,1.692
193928117,02/05/2026,0.5665070432814919,1.765
193819008,02/05/2026,0.5722873203202667,1.747
193858828,02/05/2026,0.5318042507407003,1.88
193819012,02/05/2026,0.6203302207571093,1.612
193888687,02/05/2026,0.577759008106392,1.731
193812914,02/05/2026,0.47990022327209875,2.084
193879834,02/05/2026,0.4559074052854789,2.193
193821891,02/05/2026,0.5357797256504029,1.866
193775893,02/05/2026,0.5451772161905256,1.834
193772784,02/05/2026,0.5142237743032415,1.945
193786210,02/05/2026,0.6028535545408344,1.659
193786208,02/05/2026,0.5327205476150195,1.877
193826038,02/05/2026,0.5025085695552444,1.99
193803713,02/05/2026,0.5318833017433727,1.88
193803688,02/05/2026,0.6103929266363848,1.638
193886813,02/05/2026,0.5525779292869241,1.81
193821595,02/05/2026,0.5284580644320969,1.892
193814223,02/05/2026,0.5753032009748081,1.738
193327950,02/05/2026,0.5007318111308842,1.997
193777584,02/05/2026,0.6001694285105829,1.666
193757583,02/05/2026,0.5191819188107601,1.926
192947571,02/05/2026,0.571165357357699,1.751
193802075,02/05/2026,0.5274869064007888,1.896
193757596,02/05/2026,0.5723227883069754,1.747
193802072,02/05/2026,0.4985000029409933,2.006
193802070,02/05/2026,0.5616913214477393,1.78
193784606,02/05/2026,0.47981026623528533,2.084
192939479,02/05/2026,0.4898608739850461,2.041
193821390,02/05/2026,0.561695062497612,1.78
193814807,02/05/2026,0.5892060899157203,1.697
193776080,02/05/2026,0.5162337545581334,1.937
193817352,02/05/2026,0.5565140989820858,1.797
193782449,02/05/2026,0.5211682882280679,1.919
193803261,02/05/2026,0.5859076357441836,1.707
193878775,02/05/2026,0.6137328023740534,1.629
193800526,02/05/2026,0.5157784764443261,1.939
193776083,02/05/2026,0.5537404851777623,1.806
193867016,02/05/2026,0.5611373195896768,1.782
193824385,02/05/2026,0.5988814367722828,1.67
193878692,02/05/2026,0.61210594139894,1.634
193800823,02/05/2026,0.5409492472799706,1.849
193817350,02/05/2026,0.5951288348896433,1.68
193782446,02/05/2026,0.5464511801950708,1.83
193202170,02/05/2026,0.5034003209118352,1.986
193202162,02/05/2026,0.5000711661299693,2.0
193824082,02/05/2026,0.61354120557269,1.63
193823880,02/05/2026,0.5725474198584124,1.747
193820152,02/05/2026,0.5531141432996897,1.808
193776057,02/05/2026,0.5497619216197231,1.819
193867014,02/05/2026,0.5617604575648945,1.78
193867011,02/05/2026,0.4794382424748736,2.086
193867003,02/05/2026,0.5563844934396805,1.797
193828092,02/05/2026,0.47737248819345246,2.095
193812994,02/05/2026,0.5244990515364866,1.907
193812991,02/05/2026,0.5223361617151834,1.914
193417744,02/05/2026,0.5790459128487362,1.727
193833742,02/05/2026,0.5111665327566647,1.956
193755230,02/05/2026,0.5474903726967791,1.827
193881227,02/05/2026,0.596473232433779,1.677
193878772,02/05/2026,0.5550015794152833,1.802
193947795,02/05/2026,0.5078692717253124,1.969
193817338,02/05/2026,0.607035304189216,1.647
193798913,02/05/2026,0.534515213908914,1.871
193786221,02/05/2026,0.49464909019422487,2.022
193814770,02/05/2026,0.593642088182713,1.685
193777543,02/05/2026,0.519939618042169,1.923
193758222,02/05/2026,0.49610520327062424,2.016
193814277,02/05/2026,0.6061984871670549,1.65
193881240,02/05/2026,0.5708676595251904,1.752
193824243,02/05/2026,0.5930394791335384,1.686
193878848,02/05/2026,0.5517944259734522,1.812
193893179,02/05/2026,0.6247070008819547,1.601
193817299,02/05/2026,0.5425708627804194,1.843
193775524,02/05/2026,0.5468775332341179,1.829
193067994,02/05/2026,0.5649450775964318,1.77
193202152,02/05/2026,0.4715621339298367,2.121
193202154,02/05/2026,0.49809786413481777,2.008
193891799,02/05/2026,0.5317733036920895,1.881
193417718,02/05/2026,0.6119317179125634,1.634
193694733,02/05/2026,0.5394952460324461,1.854
193885713,02/05/2026,0.5184439808414469,1.929
193769530,02/05/2026,0.49220755503194286,2.032
193769533,02/05/2026,0.5350868148235374,1.869
193769539,02/05/2026,0.5183726073876529,1.929
193885725,02/05/2026,0.5092003470542584,1.964
193200079,02/05/2026,0.510699314633606,1.958
193200148,02/05/2026,0.53237830362587,1.878
193767340,02/05/2026,0.5262247093454954,1.9
192940763,02/05/2026,0.5238456272725818,1.909
193200096,02/05/2026,0.530175796989508,1.886
193768172,02/05/2026,0.6019173717812157,1.661
193200094,02/05/2026,0.4969816451302339,2.012
192940795,02/05/2026,0.5458217941204879,1.832
193860158,02/05/2026,0.5512160214219077,1.814
193200084,02/05/2026,0.5133106912983583,1.948
193200092,02/05/2026,0.5006921383743681,1.997
193200088,02/05/2026,0.5232683045720089,1.911
193067980,02/05/2026,0.5261573462703873,1.901
193891795,02/05/2026,0.4917702163860299,2.033
193200075,02/05/2026,0.5130692254571873,1.949
193775001,02/05/2026,0.3470195903248198,2.882
193774218,02/05/2026,0.5946284659480469,1.682
193774216,02/05/2026,0.5805292534604395,1.723
193774211,02/05/2026,0.5609598997334886,1.783
193885707,02/05/2026,0.5334415775598207,1.875
193891797,02/05/2026,0.4844281851796375,2.064
193769526,02/05/2026,0.5005335901349316,1.998
193818102,02/05/2026,0.6120840490399204,1.634
193847501,02/05/2026,0.5610103908726038,1.782
193771939,02/05/2026,0.4826936962780383,2.072
193773155,02/05/2026,0.5901351456210275,1.695
193773158,02/05/2026,0.5145568003951784,1.943
193949592,02/05/2026,0.5304150873615849,1.885
193773161,02/05/2026,0.5023676667595348,1.991
193861391,02/05/2026,0.5758477012666109,1.737
193827821,02/05/2026,0.5584342298726936,1.791
193827813,02/05/2026,0.47874684391574934,2.089
193949584,02/05/2026,0.5944592658168116,1.682
193949587,02/05/2026,0.5685679648308904,1.759
193827832,02/05/2026,0.5608106333722765,1.783
193949582,02/05/2026,0.598771464264437,1.67
193821115,02/05/2026,0.5584870878883678,1.791
193774207,02/05/2026,0.5891728393076382,1.697
192940760,02/05/2026,0.5131273085124304,1.949
193417676,02/05/2026,0.5725899557609405,1.746
193865513,02/05/2026,0.5651240575639258,1.77
193769591,02/05/2026,0.621553390908424,1.609
193417526,02/05/2026,0.556004414131202,1.799
193417665,02/05/2026,0.5806898928255623,1.722
193767559,02/05/2026,0.5430597752676823,1.841
193767563,02/05/2026,0.5324950475032268,1.878
193767743,02/05/2026,0.48155789536587956,2.077
193767924,02/05/2026,0.5279139954566536,1.894
193767927,02/05/2026,0.510907969324994,1.957
193067977,02/05/2026,0.5801839448630577,1.724
193767338,02/05/2026,0.5374727923604697,1.861
193769588,02/05/2026,0.6015612408882696,1.662
193769585,02/05/2026,0.5933774845940626,1.685
193819236,02/05/2026,0.5895972550364506,1.696
193803682,02/05/2026,0.5879987995720161,1.701
193818065,02/05/2026,0.562747864197935,1.777
193067990,02/05/2026,0.5445474329971711,1.836
193417523,02/05/2026,0.57803771338445,1.73
193417771,02/05/2026,0.5232770964169192,1.911
193771679,02/05/2026,0.5209341979592205,1.92
193821123,02/05/2026,0.5388945460356125,1.856
193770577,02/05/2026,0.5830800603666233,1.715
193821120,02/05/2026,0.5542437496427188,1.804
193771356,02/05/2026,0.601645699417428,1.662
193417615,02/05/2026,0.5811712211266684,1.721
193417617,02/05/2026,0.5606577494462787,1.784
193202156,02/05/2026,0.5257940067846062,1.902
193202158,02/05/2026,0.488972030179271,2.045
193817341,02/05/2026,0.5432297325967501,1.841
193417528,02/05/2026,0.5354888853201725,1.867
193814353,02/05/2026,0.5981960608532961,1.672
193817345,02/05/2026,0.5516942725216358,1.813
193819006,02/05/2026,0.5367610339838204,1.863
193817295,02/05/2026,0.6196859396884871,1.614
193879845,02/05/2026,0.5573099226269577,1.794
193819020,02/05/2026,0.5803175343794809,1.723
193817291,02/05/2026,0.5872984066675045,1.703
193780205,02/05/2026,0.5086566578872316,1.966
193777561,02/05/2026,0.5429674065387646,1.842
193824206,02/05/2026,0.5261514149315232,1.901
193824208,02/05/2026,0.5269580134107729,1.898
193827331,02/05/2026,0.5747019787124236,1.74
193779924,02/05/2026,0.5786669211933814,1.728
193779919,02/05/2026,0.5027204293445251,1.989
193775937,02/05/2026,0.5267744093015846,1.898
193775939,02/05/2026,0.4425636129866547,2.26
193771670,02/05/2026,0.5363894107795245,1.864
193930207,02/05/2026,0.5793439659091768,1.726
193417742,02/05/2026,0.597989074397003,1.672
192940804,02/05/2026,0.47917924467205636,2.087
193818920,02/05/2026,0.5093999240267735,1.963
193769583,02/05/2026,0.522082059757631,1.915
193769562,02/05/2026,0.5653593729768394,1.769
193774180,02/05/2026,0.5621173472475129,1.779
193827824,02/05/2026,0.5703143148411439,1.753
193769567,02/05/2026,0.5768587791066312,1.734
193769574,02/05/2026,0.5602574253408463,1.785
193769549,02/05/2026,0.5365519953546597,1.864
193769556,02/05/2026,0.5740384216233005,1.742
193827808,02/05/2026,0.6152164004157954,1.625
193200098,02/05/2026,0.5043276786534635,1.983
192940800,02/05/2026,0.5374900962038136,1.86
193417521,02/05/2026,0.5615992946774764,1.781
193861396,02/05/2026,0.5643757374591293,1.772
193417739,02/05/2026,0.5789602502394374,1.727
193827819,02/05/2026,0.5629813520177459,1.776
193417687,02/05/2026,0.5967216111446104,1.676
193417681,02/05/2026,0.6116782698621511,1.635
193774169,02/05/2026,0.48158718570525566,2.076
193818195,02/05/2026,0.33056363227479696,3.025
193417604,02/05/2026,0.553801323972512,1.806
193417594,02/05/2026,0.5383428287480685,1.858
193773173,02/05/2026,0.5844882288427165,1.711
193773169,02/05/2026,0.3469562080501363,2.882
193819232,02/05/2026,0.6344240604306077,1.576
193769593,02/05/2026,0.6173573521891182,1.62
193817906,02/05/2026,0.529482815616104,1.889
193774198,02/05/2026,0.5233605438637656,1.911
193818123,02/05/2026,0.5881784647963102,1.7
193773176,02/05/2026,0.5780107676177991,1.73
193861400,02/05/2026,0.5814222921697967,1.72
193821586,02/05/2026,0.47290654487879064,2.115
192940774,02/05/2026,0.49243478955664394,2.031
193757588,02/05/2026,0.5477590212456287,1.826
193879087,02/05/2026,0.5460226919176623,1.831
193879085,02/05/2026,0.5517427124195564,1.812
193813502,02/05/2026,0.5818038762627855,1.719
193882060,02/05/2026,0.5240504154930516,1.908
193882731,02/05/2026,0.415087161031757,2.409
193829044,02/05/2026,0.5358477272385572,1.866
193935830,02/05/2026,0.5145875249715369,1.943
193779950,02/05/2026,0.5277583186964622,1.895
193814647,02/05/2026,0.500810086343585,1.997
193829047,02/05/2026,0.5015517483376293,1.994
193824825,02/05/2026,0.49896626722255893,2.004
193776159,02/05/2026,0.5357209030139869,1.867
193870210,02/05/2026,0.554416104630739,1.804
193005686,02/05/2026,0.51989070996802,1.923
193939033,02/05/2026,0.47862642240825803,2.089
193824809,02/05/2026,0.5385049162066239,1.857
193776151,02/05/2026,0.5227687118595361,1.913
193805489,02/05/2026,0.5192021634145272,1.926
193879959,02/05/2026,0.48795589128325934,2.049
193939038,02/05/2026,0.49698099721829175,2.012
192932622,02/05/2026,0.5416392008861649,1.846
192932605,02/05/2026,0.5057353304399405,1.977
192932636,02/05/2026,0.583164174299077,1.715
192932640,02/05/2026,0.5538955435513031,1.805
193824915,02/05/2026,0.5578921964895972,1.792
193190738,02/05/2026,0.5011028676509476,1.996
192932631,02/05/2026,0.5340440878750972,1.873
193812249,02/05/2026,0.5204597484915469,1.921
193821510,02/05/2026,0.6031297446549313,1.658
193935821,02/05/2026,0.5089334081676785,1.965
193805513,02/05/2026,0.5508527454390811,1.815
193776155,02/05/2026,0.5268203445964537,1.898
193805491,02/05/2026,0.5233400645094723,1.911
193780722,02/05/2026,0.5171498384942572,1.934
192997999,02/05/2026,0.532847054069709,1.877
193780720,02/05/2026,0.5230020702691435,1.912
192946934,02/05/2026,0.5503103191860379,1.817
193884032,02/05/2026,0.5697863791103825,1.755
193821974,02/05/2026,0.5275955555398094,1.895
193775851,02/05/2026,0.5819750439604461,1.718
193813966,02/05/2026,0.5213795039388406,1.918
193872085,02/05/2026,0.5571387372683436,1.795
193004694,02/05/2026,0.5049313011348886,1.98
193816055,02/05/2026,0.5454983455429413,1.833
193775507,02/05/2026,0.5262296768768081,1.9
193775511,02/05/2026,0.5175215300171655,1.932
193939042,02/05/2026,0.4528808213966718,2.208
193858823,02/05/2026,0.5892060815696234,1.697
193799082,02/05/2026,0.5263691213196425,1.9
193784628,02/05/2026,0.5507095543826431,1.816
193777590,02/05/2026,0.6195898422947009,1.614
193879089,02/05/2026,0.5358954755586302,1.866
193879091,02/05/2026,0.5927513722483704,1.687
193887266,02/05/2026,0.580592573680887,1.722
193873552,02/05/2026,0.5609471836913041,1.783
193822111,02/05/2026,0.5295687838878086,1.888
193755259,02/05/2026,0.5113248525257019,1.956
193800829,02/05/2026,0.5241230811948286,1.908
193805515,02/05/2026,0.5032708076552662,1.987
193802436,02/05/2026,0.439599333532188,2.275
193805508,02/05/2026,0.5165822603075081,1.936
193801372,02/05/2026,0.5083389205315587,1.967
193805496,02/05/2026,0.4901171451894883,2.04
193932134,02/05/2026,0.5380952256582059,1.858
193825137,02/05/2026,0.5779929500114142,1.73
193799969,02/05/2026,0.5860064172488199,1.706
193879334,02/05/2026,0.4698689832392736,2.128
193608477,02/05/2026,0.5506815535484934,1.816
193608480,02/05/2026,0.5302864625622153,1.886
193201879,02/05/2026,0.5139042427657988,1.946
193610413,02/05/2026,0.5498749873559656,1.819
193800665,02/05/2026,0.45445116753450093,2.2
193610454,02/05/2026,0.5196581574720464,1.924
193800668,02/05/2026,0.4739387705074446,2.11
193610434,02/05/2026,0.5182145963614216,1.93
193610442,02/05/2026,0.4770784879579074,2.096
193939015,02/05/2026,0.5306179375537339,1.885
193199366,02/05/2026,0.5249798370745126,1.905
193867021,02/05/2026,0.5417968674107787,1.846
193824211,02/05/2026,0.4647845216069765,2.152
193756164,02/05/2026,0.5674846756879618,1.762
193756159,02/05/2026,0.5724537941088307,1.747
193756153,02/05/2026,0.5934811387590407,1.685
193190219,02/05/2026,0.5206921304315636,1.921
193803719,02/05/2026,0.6044148725513432,1.654
193832091,02/05/2026,0.5535395693379551,1.807
193822067,02/05/2026,0.5541449606932306,1.805
193824226,02/05/2026,0.532764012127468,1.877
193780761,02/05/2026,0.5152765138889877,1.941
193780733,02/05/2026,0.566342162023127,1.766
193799975,02/05/2026,0.43765548018272105,2.285
193052668,02/05/2026,0.516712738820532,1.935
193383481,02/05/2026,0.5486369620710201,1.823
193340866,02/05/2026,0.5390300765542215,1.855
193800662,02/05/2026,0.5753391482387509,1.738
192933544,02/05/2026,0.5606192245886829,1.784
193608470,02/05/2026,0.5549829276414427,1.802
193772852,02/05/2026,0.5146597495578754,1.943
192940957,02/05/2026,0.549502646087072,1.82
193772860,02/05/2026,0.4782933628098393,2.091
193824234,02/05/2026,0.5252953489758133,1.904
193799971,02/05/2026,0.5605893172354063,1.784
193817248,02/05/2026,0.4964123586275031,2.014
192505522,02/05/2026,0.5540971500198281,1.805
193827061,02/05/2026,0.5122634499794113,1.952
192500298,02/05/2026,0.5112793284305717,1.956
192500295,02/05/2026,0.5532526747836154,1.807
193879839,02/05/2026,0.5797322965014083,1.725
193879829,02/05/2026,0.5366297671798099,1.863
192500292,02/05/2026,0.5066771309364537,1.974
192500210,02/05/2026,0.5562122785109325,1.798
193757607,02/05/2026,0.529715192762163,1.888
192500208,02/05/2026,0.5688199828920908,1.758
192500201,02/05/2026,0.5362452283614312,1.865
193799967,02/05/2026,0.49197702744193755,2.033
193814181,02/05/2026,0.5027480615309834,1.989
193802272,02/05/2026,0.5094725948635689,1.963
193780718,02/05/2026,0.549893505047137,1.819
193757619,02/05/2026,0.5717911185866376,1.749
192500205,02/05/2026,0.5512155958630844,1.814
193799973,02/05/2026,0.5448408030590289,1.835
193828107,02/05/2026,0.5184869573994252,1.929
193891158,02/05/2026,0.511794630245411,1.954
193773232,02/05/2026,0.4775242318987051,2.094
192945869,02/05/2026,0.5638612505838828,1.773
192945871,02/05/2026,0.5863068049453275,1.706
193872058,02/05/2026,0.558123076332696,1.792
193812277,02/05/2026,0.496279292916303,2.015
192945874,02/05/2026,0.5544313059693884,1.804
193608468,02/05/2026,0.5408584325363128,1.849
193814179,02/05/2026,0.5340916914223625,1.872
193780724,02/05/2026,0.5546841613968195,1.803
193802593,02/05/2026,0.5221381599216447,1.915
193814227,02/05/2026,0.5977363801906926,1.673
192499189,02/05/2026,0.529913902390219,1.887
192499158,02/05/2026,0.5218986548254528,1.916
192499192,02/05/2026,0.540843569290608,1.849
192499184,02/05/2026,0.45493534714811973,2.198
193839998,02/05/2026,0.5498535684418889,1.819
192499179,02/05/2026,0.446255229733695,2.241
192499146,02/05/2026,0.5181731802717788,1.93
192939375,02/05/2026,0.5058769942491893,1.977
192499196,02/05/2026,0.5082990172089752,1.967
193750976,02/05/2026,0.5493044996168842,1.82
193327955,02/05/2026,0.5512340881292239,1.814
193798650,02/05/2026,0.501807130207358,1.993
193197972,02/05/2026,0.5566699808412147,1.796
193784657,02/05/2026,0.5587178702937191,1.79
193001691,02/05/2026,0.5292821330677269,1.889
193928640,02/05/2026,0.5858163444047977,1.707
193001685,02/05/2026,0.5860845978204876,1.706
193936452,02/05/2026,0.532238717603332,1.879
193803715,02/05/2026,0.6097427052930388,1.64
193824195,02/05/2026,0.5163862730136984,1.937
193776094,02/05/2026,0.5050674373667698,1.98
193001688,02/05/2026,0.5418086979159409,1.846
193782397,02/05/2026,0.5440053208254665,1.838
193782399,02/05/2026,0.5377367377665326,1.86
193870280,02/05/2026,0.5949905438707515,1.681
193786217,02/05/2026,0.4923635992518702,2.031
193881248,02/05/2026,0.5828664899094321,1.716
193777548,02/05/2026,0.5202631984739663,1.922
193777402,02/05/2026,0.5449593154118797,1.835
193798480,02/05/2026,0.533043766525213,1.876
193839938,02/05/2026,0.5632820513363528,1.775
193821316,02/05/2026,0.5710766783433697,1.751
193776087,02/05/2026,0.5740742624644682,1.742
193190769,02/05/2026,0.5019704297294129,1.992
193780731,02/05/2026,0.5203094236651757,1.922
192940955,02/05/2026,0.5665004565760144,1.765
193811825,02/05/2026,0.20161634850863955,4.96
192933534,02/05/2026,0.5357596453215024,1.867
192933529,02/05/2026,0.5481124335624677,1.824
193886818,02/05/2026,0.5650526645662663,1.77
193879540,02/05/2026,0.4818712329100617,2.075
193801365,02/05/2026,0.5237122373825237,1.909
193879538,02/05/2026,0.6319462124658303,1.582
193879536,02/05/2026,0.6155636425607156,1.625
193801377,02/05/2026,0.5308277825361865,1.884
193780230,02/05/2026,0.5669703927439314,1.764
193780228,02/05/2026,0.5289313683090402,1.891
193880259,02/05/2026,0.5329620720433278,1.876
193777393,02/05/2026,0.4989755674344624,2.004
193881243,02/05/2026,0.6227441192365756,1.606
193744314,02/05/2026,0.5373518569063516,1.861
192499203,02/05/2026,0.5489088015526282,1.822
192499201,02/05/2026,0.5175269565726381,1.932
193813453,02/05/2026,0.5696611289902273,1.755
192499199,02/05/2026,0.508881907403583,1.965
192499142,02/05/2026,0.4922906659281234,2.031
192499144,02/05/2026,0.5408913093293272,1.849
193775966,02/05/2026,0.5229157147544788,1.912
193798478,02/05/2026,0.500710091518991,1.997
193798482,02/05/2026,0.507298845126251,1.971
193777397,02/05/2026,0.4599066814468147,2.174
193858650,02/05/2026,0.430673246361064,2.322
193780193,02/05/2026,0.5471334020414993,1.828
193872064,02/05/2026,0.5878275060661481,1.701
193832274,02/05/2026,0.586193735573434,1.706
193780232,02/05/2026,0.5317745504861087,1.88
193784612,02/05/2026,0.6021768641741799,1.661
193189743,02/05/2026,0.5152915658875169,1.941
193872023,02/05/2026,0.6045530782394596,1.654
193878866,02/05/2026,0.5284257754745079,1.892
193878864,02/05/2026,0.5469958906296548,1.828
193189718,02/05/2026,0.5246458301515873,1.906
193803288,02/05/2026,0.6351931999538154,1.574
193874045,02/05/2026,0.579395152731378,1.726
193828988,02/05/2026,0.5154148917027533,1.94
193189734,02/05/2026,0.5183992902992269,1.929
193779947,02/05/2026,0.5220126116447289,1.916
65809,02/05/2026,0.5598540488204178,1.786
192947575,02/05/2026,0.5621800559963389,1.779
193825100,02/05/2026,0.4961743601646706,2.015
192946937,02/05/2026,0.499572759841316,2.002
193777407,02/05/2026,0.578667476337392,1.728
193775899,02/05/2026,0.5025206742890463,1.99
193799084,02/05/2026,0.5397299891901057,1.853
193879566,02/05/2026,0.5128947750215683,1.95
192947582,02/05/2026,0.528175989390657,1.893
193786212,02/05/2026,0.5756021922947318,1.737
193803707,02/05/2026,0.6121770902468516,1.634
193782025,02/05/2026,0.5745244562523982,1.741
193782028,02/05/2026,0.5958349127959949,1.678
193803263,02/05/2026,0.5457573287880187,1.832
193821331,02/05/2026,0.47707718136876764,2.096
193800528,02/05/2026,0.5053273717080069,1.979
193782451,02/05/2026,0.5344269199489333,1.871
193946604,02/05/2026,0.5199062848509308,1.923
193786219,02/05/2026,0.5529951703537158,1.808
193812754,02/05/2026,0.5184051387458708,1.929
193878688,02/05/2026,0.5412202987005614,1.848
193758224,02/05/2026,0.5303670992409324,1.885
193809860,02/05/2026,0.6039907075103158,1.656
193884141,02/05/2026,0.5179788798309772,1.931
193832286,02/05/2026,0.5331728019040622,1.876
193776090,02/05/2026,0.55117577772466,1.814
193824950,02/05/2026,0.5319084208213187,1.88
193817356,02/05/2026,0.5918982222887004,1.689
193330019,02/05/2026,0.4758819842349416,2.101
193879542,02/05/2026,0.5763296604754465,1.735
193001712,02/05/2026,0.47473984993912816,2.106
193882017,02/05/2026,0.579455199520445,1.726
193930171,02/05/2026,0.5848184415083024,1.71
193050866,02/05/2026,0.5362504059728566,1.865
193777572,02/05/2026,0.5435651907629833,1.84
193001696,02/05/2026,0.544793074374218,1.836
193779964,02/05/2026,0.5199325941216261,1.923
193803276,02/05/2026,0.5730525927484973,1.745
193775897,02/05/2026,0.5256872806108389,1.902
193879694,02/05/2026,0.5352048396957431,1.868
192946771,02/05/2026,0.5315201044851244,1.881
193327958,02/05/2026,0.545774328028986,1.832
193812746,02/05/2026,0.5432118867710746,1.841
193781997,02/05/2026,0.46638888772027365,2.144
193879627,02/05/2026,0.5513388841464928,1.814
193822214,02/05/2026,0.5501924601847943,1.818
193830594,02/05/2026,0.5464010626111576,1.83
193822024,02/05/2026,0.3131002039378099,3.194
193782022,02/05/2026,0.5656003651772921,1.768
193879996,02/05/2026,0.3927363286210112,2.546
193830016,02/05/2026,0.5395034349393089,1.854
193867497,02/05/2026,0.5383477032603794,1.858
193949855,02/05/2026,0.6076269655446901,1.646
193879552,02/05/2026,0.5167126880852674,1.935
193190757,03/05/2026,0.531238173089678,1.882
193944940,03/05/2026,0.5637041886288372,1.774
193985148,03/05/2026,0.49627604697716904,2.015
193186938,03/05/2026,0.4331423909925116,2.309
193985244,03/05/2026,0.5262077464294957,1.9
193953066,03/05/2026,0.5226322169344348,1.913
193881628,03/05/2026,0.5253482606325542,1.903
193511027,03/05/2026,0.5874031830601003,1.702
193944936,03/05/2026,0.388899695697336,2.571
193946900,03/05/2026,0.5243283916147,1.907
193879897,03/05/2026,0.5083310383902866,1.967
192944179,03/05/2026,0.545638741544347,1.833
193004665,03/05/2026,0.40806660693694524,2.451
193930556,03/05/2026,0.46467738839418293,2.152
193199396,03/05/2026,0.4860999226474588,2.057
193383504,03/05/2026,0.5420215779569229,1.845
193932434,03/05/2026,0.5754400907527855,1.738
193951098,03/05/2026,0.4693906255477611,2.13
193985959,03/05/2026,0.49871683908332504,2.005
193930113,03/05/2026,0.446545914205044,2.239
193986260,03/05/2026,0.502482368737835,1.99
193931998,03/05/2026,0.5153429905748684,1.94
193945052,03/05/2026,0.5127570938036498,1.95
193951076,03/05/2026,0.5356948754118099,1.867
193918666,03/05/2026,0.4980162932523912,2.008
193982491,03/05/2026,0.5177347927802187,1.931
193005717,03/05/2026,0.5433415122899233,1.84
193005715,03/05/2026,0.5114651783663811,1.955
193330033,03/05/2026,0.5366273028194826,1.863
193880184,03/05/2026,0.5770263771867831,1.733
193005712,03/05/2026,0.4719017841137302,2.119
696787,03/05/2026,0.5598540488204178,1.786
192932655,03/05/2026,0.5605390468216536,1.784
193952209,03/05/2026,0.47933307230219524,2.086
193953037,03/05/2026,0.5311633933074899,1.883
192785636,03/05/2026,0.5070484743628352,1.972
193986001,03/05/2026,0.5103216414929462,1.96
193952200,03/05/2026,0.44766568279953156,2.234
193918664,03/05/2026,0.5053509687421737,1.979
193930559,03/05/2026,0.5297344036728266,1.888
193714951,03/05/2026,0.5036976541170672,1.985
192946312,03/05/2026,0.5476625971843491,1.826
193918659,03/05/2026,0.48788797899375463,2.05
193109822,03/05/2026,0.4819280742682218,2.075
193952993,03/05/2026,0.5507560140106894,1.816
193953130,03/05/2026,0.5279813234104418,1.894
193836379,03/05/2026,0.470068553391076,2.127
193836376,03/05/2026,0.5199241416604027,1.923
193930104,03/05/2026,0.48695130046630386,2.054
193982482,03/05/2026,0.5056213781390696,1.978
193985975,03/05/2026,0.5214215706879002,1.918
193944156,03/05/2026,0.5048161442177779,1.981
193770792,03/05/2026,0.4923982083395562,2.031
192947740,03/05/2026,0.5084899228099847,1.967
192941047,03/05/2026,0.5078346287359159,1.969
192947736,03/05/2026,0.5139652365306691,1.946
193880580,03/05/2026,0.4708548847446847,2.124
193985602,03/05/2026,0.49837226839056314,2.007
192947729,03/05/2026,0.5321557431734445,1.879
193951107,03/05/2026,0.46148010713078663,2.167
193951103,03/05/2026,0.45813559584018904,2.183
193914302,03/05/2026,0.5505411427145557,1.816
193951101,03/05/2026,0.46617441566326195,2.145
192942599,03/05/2026,0.5521257215426594,1.811
193190243,03/05/2026,0.526112312398778,1.901
193701842,03/05/2026,0.5023469184756306,1.991
193001724,03/05/2026,0.5438544135111284,1.839
192932658,03/05/2026,0.5455762370708664,1.833
193932042,03/05/2026,0.5565737916839537,1.797
193050875,03/05/2026,0.5578223944855549,1.793
193773242,03/05/2026,0.5295252404366058,1.888
193701855,03/05/2026,0.4980110333594649,2.008
193985964,03/05/2026,0.5128990080585903,1.95
193981540,03/05/2026,0.524182826454423,1.908
193701846,03/05/2026,0.47854356963013334,2.09
193932038,03/05/2026,0.5036210441027182,1.986
193879935,03/05/2026,0.496520366222963,2.014
192946167,03/05/2026,0.5710807038802611,1.751
192943799,03/05/2026,0.513427500237555,1.948
193879929,03/05/2026,0.4669821212245957,2.141
192943515,03/05/2026,0.5350223456040312,1.869
193937381,03/05/2026,0.5355276801494072,1.867
193194993,03/05/2026,0.46746631902199065,2.139
193776649,03/05/2026,0.5343443086302341,1.871
193877722,03/05/2026,0.5766371272703666,1.734
193109828,03/05/2026,0.5022666758470473,1.991
193776653,03/05/2026,0.5270230344778158,1.897
193886548,03/05/2026,0.5145295259909172,1.944
192946798,03/05/2026,0.4990650638378738,2.004
192946444,03/05/2026,0.5113491253862555,1.956
193986168,03/05/2026,0.4910090943471958,2.037
193985988,03/05/2026,0.5151085062498598,1.941
193190241,03/05/2026,0.576491973446403,1.735
193881346,03/05/2026,0.5511809759655814,1.814
193994727,03/05/2026,0.5205528152187561,1.921
193914299,03/05/2026,0.5688592220455498,1.758
193932017,03/05/2026,0.5322404351255146,1.879
193984288,03/05/2026,0.5079098160382485,1.969
193340883,03/05/2026,0.49354934515723325,2.026
193914363,03/05/2026,0.540056645914671,1.852
193939401,03/05/2026,0.5469839007616493,1.828
192947738,03/05/2026,0.4975859854009184,2.01
193982210,03/05/2026,0.5812077263254126,1.721
193932047,03/05/2026,0.5535512184021881,1.807
193067297,03/05/2026,0.4978873569323381,2.008
193981544,03/05/2026,0.5121855583982144,1.952
192998005,03/05/2026,0.4653389158186799,2.149
193944134,03/05/2026,0.4918289759816978,2.033
192609733,03/05/2026,0.521361683151302,1.918
192943801,03/05/2026,0.5301217167637111,1.886
193836362,03/05/2026,0.5536811051561591,1.806
193887690,03/05/2026,0.5421060920428675,1.845
193931902,03/05/2026,0.5646145861694537,1.771
192609728,03/05/2026,0.5449184166608342,1.835
193941595,03/05/2026,0.39844300383338976,2.51
193941609,03/05/2026,0.5597698914791344,1.786
193931900,03/05/2026,0.553287008616922,1.807
193001722,03/05/2026,0.560228149628782,1.785
193940363,03/05/2026,0.593282822857464,1.686
193940367,03/05/2026,0.5721183125799572,1.748
193836373,03/05/2026,0.5064298428046937,1.975
193946876,03/05/2026,0.5810727087435645,1.721
193931908,03/05/2026,0.506156878587016,1.976
193986907,03/05/2026,0.5543683100576042,1.804
193887693,03/05/2026,0.40468923986141064,2.471
193882237,03/05/2026,0.4340311363920991,2.304
193006025,03/05/2026,0.5093133628214729,1.963
193006019,03/05/2026,0.5477319700814874,1.826
193882225,03/05/2026,0.44999491155423726,2.222
193882217,03/05/2026,0.4329532621816592,2.31
193882240,03/05/2026,0.4969650710756972,2.012
192501219,03/05/2026,0.5555645887726062,1.8
193882231,03/05/2026,0.5194891624235605,1.925
193836352,03/05/2026,0.5871832958524639,1.703
193836345,03/05/2026,0.52567570365787,1.902
193982194,03/05/2026,0.5622454230511332,1.779
193701851,03/05/2026,0.5325717554323827,1.878
193982322,03/05/2026,0.5363456617695472,1.864
193982325,03/05/2026,0.5525841952937499,1.81
193828062,03/05/2026,0.5069442444956662,1.973
193828055,03/05/2026,0.4655045859645324,2.148
193199391,03/05/2026,0.49930320811451007,2.003
193836342,03/05/2026,0.5537844016194,1.806
193836369,03/05/2026,0.5832571031796736,1.715
193918672,03/05/2026,0.556849264481282,1.796
193918676,03/05/2026,0.5694917337605259,1.756
193918681,03/05/2026,0.5579096349585693,1.792
193879915,03/05/2026,0.5225175170677803,1.914
193914337,03/05/2026,0.5416068984737347,1.846
193914407,03/05/2026,0.5414833860443309,1.847
192946437,03/05/2026,0.49272923299956944,2.03
192946781,03/05/2026,0.4915688821724104,2.034
193983208,03/05/2026,0.5719748053695112,1.748
192946947,03/05/2026,0.5742831894224442,1.741
192946950,03/05/2026,0.5069354574061438,1.973
193755340,03/05/2026,0.5079570555062954,1.969
193949251,03/05/2026,0.5975738970999541,1.673
193877259,03/05/2026,0.55505191997918,1.802
193986904,03/05/2026,0.5236613823405744,1.91
344483,03/05/2026,0.5598540488204178,1.786
193876230,03/05/2026,0.4903187258146166,2.039
192946165,03/05/2026,0.5339586431467479,1.873
193758244,03/05/2026,0.532887742135483,1.877
193981945,03/05/2026,0.4358146069630334,2.295
193914278,03/05/2026,0.4711339374944351,2.123
192496999,03/05/2026,0.5387141322709454,1.856
193949275,03/05/2026,0.5617966138954116,1.78
194030952,03/05/2026,0.565847255999394,1.767
193949904,03/05/2026,0.48031548496751025,2.082
194036241,03/05/2026,0.518253277995731,1.93
193944158,03/05/2026,0.519355684413688,1.925
193944151,03/05/2026,0.5842524389328458,1.712
193944145,03/05/2026,0.5722718659741312,1.747
192941023,03/05/2026,0.5325985154972439,1.878
192941026,03/05/2026,0.5241484287247148,1.908
193944090,03/05/2026,0.5738875204601067,1.743
193981546,03/05/2026,0.5094915402665381,1.963
193947548,03/05/2026,0.5668237593549703,1.764
193947543,03/05/2026,0.5870367865488484,1.703
193886520,03/05/2026,0.5384527631075571,1.857
193944102,03/05/2026,0.5639171286782816,1.773
193886528,03/05/2026,0.5586871437678045,1.79
193944106,03/05/2026,0.5270068979514199,1.898
193944113,03/05/2026,0.5255805117692898,1.903
193914327,03/05/2026,0.5248456942058498,1.905
193877264,03/05/2026,0.5284353606997548,1.892
193881624,03/05/2026,0.5397367193840393,1.853
194025659,03/05/2026,0.543003328942395,1.842
193986005,03/05/2026,0.49470040952092253,2.021
192941017,03/05/2026,0.523613936993439,1.91
193926462,03/05/2026,0.46573499954980935,2.147
193930711,03/05/2026,0.46522586431645924,2.149
193945189,03/05/2026,0.47887416889592066,2.088
193941642,03/05/2026,0.6072557257520426,1.647
192942582,03/05/2026,0.5502456312121493,1.817
193982190,03/05/2026,0.5862717737744444,1.706
192942589,03/05/2026,0.5360262110794654,1.866
193982201,03/05/2026,0.4537393420867319,2.204
193948344,03/05/2026,0.4034355385791278,2.479
193941628,03/05/2026,0.5154189646356051,1.94
193944140,03/05/2026,0.5401298444641603,1.851
192942594,03/05/2026,0.5209991208079289,1.919
193945208,03/05/2026,0.4781971328065835,2.091
193189532,03/05/2026,0.4931233274630234,2.028
193949253,03/05/2026,0.5077199589468631,1.97
193945197,03/05/2026,0.4995608797451008,2.002
193952814,03/05/2026,0.449982548450177,2.222
193948342,03/05/2026,0.49891421438561634,2.004
192941019,03/05/2026,0.5551124396770658,1.801
193876235,03/05/2026,0.5387974987704506,1.856
192941021,03/05/2026,0.5218548110000855,1.916
193332845,03/05/2026,0.5314016072019867,1.882
193981542,03/05/2026,0.5562970603499071,1.798
193948348,03/05/2026,0.42875109972141723,2.332
193776657,03/05/2026,0.5497161746909462,1.819
193768789,03/05/2026,0.5347686491283637,1.87
193714957,03/05/2026,0.5339470808916122,1.873
193984280,03/05/2026,0.5417605481409548,1.846
193984284,03/05/2026,0.5473383364422015,1.827
193879906,03/05/2026,0.527563353078183,1.896
193992754,03/05/2026,0.5445194003392722,1.836
193886809,03/05/2026,0.47965101704429086,2.085
193196535,03/05/2026,0.47058728488405627,2.125
193936214,03/05/2026,0.45454006037840033,2.2
193936239,03/05/2026,0.5139238991797258,1.946
193933377,03/05/2026,0.5695463308716294,1.756
193992760,03/05/2026,0.5386793851438643,1.856
193914368,03/05/2026,0.5077952780051158,1.969
193948600,03/05/2026,0.4858318828799831,2.058
193984264,03/05/2026,0.5909432633246133,1.692
193192168,03/05/2026,0.5053264810469128,1.979
193693992,03/05/2026,0.5755142207076678,1.738
193830193,03/05/2026,0.5228429622961845,1.913
193776957,03/05/2026,0.4546797165169669,2.199
193201643,03/05/2026,0.5564878845205335,1.797
193193628,03/05/2026,0.486907692217653,2.054
193881362,03/05/2026,0.5214028137828345,1.918
193830095,03/05/2026,0.5554873771684019,1.8
193067325,03/05/2026,0.46422821792620067,2.154
193984270,03/05/2026,0.5293978134378268,1.889
193947059,03/05/2026,0.5120259119017266,1.953
193191326,03/05/2026,0.5276658816026064,1.895
193947042,03/05/2026,0.4775749502219597,2.094
193768912,03/05/2026,0.5062583424521683,1.975
193881646,03/05/2026,0.550384011275935,1.817
193932033,03/05/2026,0.4935103594842988,2.026
193830111,03/05/2026,0.48593810276467225,2.058
193933147,03/05/2026,0.5227360458522424,1.913
193932045,03/05/2026,0.49286626522581345,2.029
193830152,03/05/2026,0.5014004822293304,1.994
193830263,03/05/2026,0.4909313460901392,2.037
193830251,03/05/2026,0.5318736321230757,1.88
193830186,03/05/2026,0.47857507067924493,2.09
193830169,03/05/2026,0.5226607286393379,1.913
193945082,03/05/2026,0.4983516106666481,2.007
193830290,03/05/2026,0.538604351767241,1.857
193880577,03/05/2026,0.5032402661316872,1.987
193830158,03/05/2026,0.495477570172567,2.018
193187457,03/05/2026,0.5040368087142593,1.984
193981723,03/05/2026,0.4832733671556757,2.069
193981760,03/05/2026,0.4692827623363303,2.131
193981747,03/05/2026,0.48653323693424233,2.055
193980664,03/05/2026,0.5493725692571295,1.82
193768773,03/05/2026,0.523051072991369,1.912
193768716,03/05/2026,0.5015786576365825,1.994
193981964,03/05/2026,0.3769500309731071,2.653
192943519,03/05/2026,0.5121166232522619,1.953
193766704,03/05/2026,0.4584230702758888,2.181
193918748,03/05/2026,0.5039682819317907,1.984
193192215,03/05/2026,0.48836797112095615,2.048
193838152,03/05/2026,0.48347103019158827,2.068
193192171,03/05/2026,0.510112346038123,1.96
193980622,03/05/2026,0.49474663597707735,2.021
193191338,03/05/2026,0.49187454453517443,2.033
193982503,03/05/2026,0.5670550369914128,1.763
193980660,03/05/2026,0.5703512123063369,1.753
193982474,03/05/2026,0.6086994399242268,1.643
193830118,03/05/2026,0.5730097540294602,1.745
193982431,03/05/2026,0.526861091038281,1.898
193830126,03/05/2026,0.5447424930808032,1.836
193984272,03/05/2026,0.49790408625307925,2.008
193777682,03/05/2026,0.4368447441859446,2.289
193980637,03/05/2026,0.4467843049784838,2.238
193980649,03/05/2026,0.5104059294630653,1.959
193985743,03/05/2026,0.5290027221237602,1.89
193982445,03/05/2026,0.5279623675890093,1.894
193711643,03/05/2026,0.5266610937319185,1.899
193994458,03/05/2026,0.3593123666354526,2.783
193994463,03/05/2026,0.35483032983866264,2.818
193994455,03/05/2026,0.3777523582685541,2.647
193994461,03/05/2026,0.3430207709975685,2.915
193830144,03/05/2026,0.5955299656823622,1.679
193994477,03/05/2026,0.3777523582685541,2.647
193190238,03/05/2026,0.4847851123455245,2.063
193192174,03/05/2026,0.523124397289804,1.912
193191336,03/05/2026,0.5271191591804811,1.897
193987888,03/05/2026,0.5682553644714752,1.76
193830114,03/05/2026,0.5673292499767737,1.763
193830261,03/05/2026,0.5362434741477847,1.865
193830257,03/05/2026,0.4865048578507757,2.055
193926471,03/05/2026,0.3657659117785103,2.734
193881374,03/05/2026,0.5601093524068371,1.785
193983054,03/05/2026,0.5041924083447867,1.983
193974168,03/05/2026,0.5239933406689363,1.908
193830100,03/05/2026,0.5725587803074641,1.747
193830105,03/05/2026,0.5535504211692595,1.807
193930704,03/05/2026,0.39913574924401357,2.505
193985955,03/05/2026,0.5269278363365667,1.898
193777675,03/05/2026,0.4928150865039036,2.029
193766940,03/05/2026,0.45155018984371703,2.215
193760524,03/05/2026,0.518750920744633,1.928
193711633,03/05/2026,0.5294620544563721,1.889
193332851,03/05/2026,0.5392621624684751,1.854
193982451,03/05/2026,0.5347694572867057,1.87
192943521,03/05/2026,0.491462858805953,2.035
193830156,03/05/2026,0.5198893884405261,1.923
193192695,03/05/2026,0.5726844730402074,1.746
193394415,03/05/2026,0.5002620104237946,1.999
193987839,03/05/2026,0.30267364009204345,3.304
192948097,03/05/2026,0.5360205457748043,1.866
193830109,03/05/2026,0.5743295196747852,1.741
193914372,03/05/2026,0.47615205181044556,2.1
193918741,03/05/2026,0.46340769573832696,2.158
193881642,03/05/2026,0.56187068500478,1.78
192943812,03/05/2026,0.551991997273082,1.812
193187005,03/05/2026,0.46156198863591497,2.167
193880553,03/05/2026,0.5202076328473709,1.922
193880550,03/05/2026,0.46083020774977046,2.17
193884429,03/05/2026,0.5249588873198995,1.905
193186862,03/05/2026,0.5047947079519036,1.981
193714977,03/05/2026,0.5305104221861254,1.885
193999701,03/05/2026,0.5397322076139514,1.853
193880548,03/05/2026,0.5053332125354736,1.979
192497003,03/05/2026,0.5277428256226883,1.895
192943517,03/05/2026,0.5303613324675053,1.886
193820560,03/05/2026,0.5166795320367484,1.935
193332848,03/05/2026,0.49865191001662335,2.005
193820507,03/05/2026,0.501888611920103,1.992
193109835,03/05/2026,0.5173728780802095,1.933
193992061,03/05/2026,0.5424041106301173,1.844
193941421,03/05/2026,0.5857642753601873,1.707
193830308,03/05/2026,0.4888357346607829,2.046
193186898,03/05/2026,0.4760166464472898,2.101
193830164,03/05/2026,0.5535971323276542,1.806
193828065,03/05/2026,0.48378458917985473,2.067
193992750,03/05/2026,0.46948287730901067,2.13
193820558,03/05/2026,0.46882899852760035,2.133
193820497,03/05/2026,0.5517784185944319,1.812
193984928,03/05/2026,0.5448035902100679,1.836
193820530,03/05/2026,0.47709538549288877,2.096
193884434,03/05/2026,0.5850001327248722,1.709
193947550,03/05/2026,0.4727450093465526,2.115
193714942,03/05/2026,0.5266728938053173,1.899
193941423,03/05/2026,0.5479894789477128,1.825
193883494,03/05/2026,0.5112069082680469,1.956
193883115,03/05/2026,0.5347028306319648,1.87
192944176,03/05/2026,0.5668313915559549,1.764
193199400,03/05/2026,0.5312126158259856,1.882
193987859,03/05/2026,0.49784464443931525,2.009
193511012,03/05/2026,0.5863760028706019,1.705
193945056,03/05/2026,0.5129561601563574,1.949
193830073,03/05/2026,0.38207796993027804,2.617
193830065,03/05/2026,0.4571808025171516,2.187
193981951,03/05/2026,0.28502679944412734,3.508
193987880,03/05/2026,0.523125959467126,1.912
193918655,03/05/2026,0.4884972811501428,2.047
193714961,03/05/2026,0.49025561597560546,2.04
193187085,03/05/2026,0.4961285273626651,2.016
193330035,03/05/2026,0.4740897206113404,2.109
193945064,03/05/2026,0.39715917884534346,2.518
193714964,03/05/2026,0.4992541378427814,2.003
192944146,03/05/2026,0.4069474168019292,2.457
193714971,03/05/2026,0.5035585320650086,1.986
193714966,03/05/2026,0.5060048224868795,1.976
193196532,03/05/2026,0.5089799613141917,1.965
192501185,03/05/2026,0.5336803286735395,1.874
193187162,03/05/2026,0.47484292922152255,2.106
193820545,03/05/2026,0.4748933958025712,2.106
193820554,03/05/2026,0.4777394221108285,2.093
193918722,03/05/2026,0.5045977164638623,1.982
194039070,03/05/2026,0.541898468614548,1.845
193926443,03/05/2026,0.499318619795438,2.003
193926445,03/05/2026,0.48325724648676915,2.069
193880582,03/05/2026,0.499678110165195,2.001
194039068,03/05/2026,0.5156431530039706,1.939
193830318,03/05/2026,0.5175751189833931,1.932
193830279,03/05/2026,0.4886428059068877,2.046
192946439,03/05/2026,0.5180471206477959,1.93
193926454,03/05/2026,0.4738911787823783,2.11
193067312,03/05/2026,0.5198848008642676,1.924
193201641,03/05/2026,0.5119958491296194,1.953
193830190,03/05/2026,0.45044899458930154,2.22
193067327,03/05/2026,0.49650894763979936,2.014
193830166,03/05/2026,0.5307135034345697,1.884
193926450,03/05/2026,0.4952443826784606,2.019
193187228,03/05/2026,0.4821569204433417,2.074
193980634,03/05/2026,0.5776786628691747,1.731
193918762,03/05/2026,0.5529870111903419,1.808
193918767,03/05/2026,0.5446388350017253,1.836
193881636,03/05/2026,0.47318617005478636,2.113
193187319,03/05/2026,0.4388936833271154,2.278
193918754,03/05/2026,0.5159924510297483,1.938
193883718,03/05/2026,0.5324246261305648,1.878
193830080,03/05/2026,0.5584872437003041,1.791
193067322,03/05/2026,0.49784463161454345,2.009
193192163,03/05/2026,0.4635487711515179,2.157
193004663,03/05/2026,0.4233434277951594,2.362
193005719,03/05/2026,0.5313955444389808,1.882
193714959,03/05/2026,0.515270537448686,1.941
193187045,03/05/2026,0.4670553742793052,2.141
193830162,03/05/2026,0.5216532746233936,1.917
193914365,03/05/2026,0.49753675544296183,2.01
193880557,03/05/2026,0.4931197181267314,2.028
193881360,03/05/2026,0.5642205420317729,1.772
193191322,03/05/2026,0.5176250461733705,1.932
193830090,03/05/2026,0.5877149137189288,1.702
193067285,03/05/2026,0.48151928906648506,2.077
193511019,03/05/2026,0.5680147340128102,1.761
193995250,03/05/2026,0.4889667832828367,2.045
193192684,03/05/2026,0.5187008240841923,1.928
193880566,03/05/2026,0.3988939264469413,2.507
192946785,03/05/2026,0.553246020063985,1.808
193987897,03/05/2026,0.6035139262797509,1.657
193776944,03/05/2026,0.5722513951756713,1.747
193830299,03/05/2026,0.5294097850666948,1.889
193192159,03/05/2026,0.45503974875960085,2.198
193830292,03/05/2026,0.5220778643145536,1.915
193830284,03/05/2026,0.48883409561042934,2.046
193830277,03/05/2026,0.4901536477679205,2.04
193191319,03/05/2026,0.5022789249797067,1.991
193187367,03/05/2026,0.45755172296721824,2.186
193383491,03/05/2026,0.5238345415202365,1.909
193982328,03/05/2026,0.5350360066350017,1.869
193914340,03/05/2026,0.519199354643065,1.926
193985320,03/05/2026,0.5107042446105567,1.958
193985322,03/05/2026,0.5170888558706136,1.934
193985590,03/05/2026,0.5196502441332983,1.924
193203369,03/05/2026,0.5349738834253526,1.869
193202992,03/05/2026,0.5363328360581048,1.865
193202846,03/05/2026,0.5402381925864385,1.851
193202848,03/05/2026,0.5485803466120861,1.823
193203323,03/05/2026,0.5053109371132601,1.979
193203325,03/05/2026,0.534409506651857,1.871
193203329,03/05/2026,0.5337431048200306,1.874
193202851,03/05/2026,0.47150360244490164,2.121
193203211,03/05/2026,0.528486824409211,1.892
193203207,03/05/2026,0.47451221059346277,2.107
193203179,03/05/2026,0.4386303825420156,2.28
193202853,03/05/2026,0.5649197177581564,1.77
193203213,03/05/2026,0.43869884879874393,2.279
193203344,03/05/2026,0.5377827916188554,1.859
193202857,03/05/2026,0.4845470571763161,2.064
193203005,03/05/2026,0.5173458368344906,1.933
193203357,03/05/2026,0.39410386967266386,2.537
193203364,03/05/2026,0.5038414952224645,1.985
193203002,03/05/2026,0.5206413511128787,1.921
193202997,03/05/2026,0.5561713871622855,1.798
193203070,03/05/2026,0.5285013822267641,1.892
193203175,03/05/2026,0.34100403202178775,2.933
193202859,03/05/2026,0.4743274031679008,2.108
193202956,03/05/2026,0.5099348461793058,1.961
193915218,03/05/2026,0.5076752023121469,1.97
193200143,03/05/2026,0.49664153861562577,2.014
193886494,03/05/2026,0.5859508094779604,1.707
193949293,03/05/2026,0.552076062787805,1.811
193985946,03/05/2026,0.5400003504996774,1.852
193915240,03/05/2026,0.4854240472141553,2.06
193941658,03/05/2026,0.609448084255617,1.641
193936578,03/05/2026,0.6098363811048086,1.64
193936758,03/05/2026,0.5280868751281109,1.894
193940873,03/05/2026,0.5216848424655622,1.917
193879888,03/05/2026,0.5182423281329325,1.93
617437,03/05/2026,0.5598540488204178,1.786
193203215,03/05/2026,0.5149915129886131,1.942
193203372,03/05/2026,0.570415832997711,1.753
193202837,03/05/2026,0.4906634180628387,2.038
193203118,03/05/2026,0.507466537508057,1.971
193203114,03/05/2026,0.5208709015439505,1.92
193202841,03/05/2026,0.4293993862305351,2.329
193202962,03/05/2026,0.5495559863013313,1.82
193203108,03/05/2026,0.4865165369482976,2.055
193953103,03/05/2026,0.4150715610772327,2.409
193203101,03/05/2026,0.5131422291815702,1.949
193203079,03/05/2026,0.5059720926040255,1.976
193202954,03/05/2026,0.5479295171980211,1.825
193915221,03/05/2026,0.5210032935919194,1.919
193980653,03/05/2026,0.47408653607534523,2.109
193203074,03/05/2026,0.5206724306932151,1.921
193948513,03/05/2026,0.6105901193966187,1.638
193004653,03/05/2026,0.5032832146935142,1.987
193940207,03/05/2026,0.5488397795137949,1.822
193190765,03/05/2026,0.46400316562531585,2.155
193991891,03/05/2026,0.415562544873001,2.406
193887679,03/05/2026,0.5410245809747322,1.848
193947697,03/05/2026,0.5150817473981446,1.941
193947700,03/05/2026,0.5113363994269872,1.956
193942585,03/05/2026,0.5166387053821186,1.936
193887684,03/05/2026,0.5484831886120572,1.823
193195791,03/05/2026,0.5530082825409763,1.808
193948337,03/05/2026,0.5828005081092771,1.716
193952534,03/05/2026,0.5651060800906612,1.77
193915205,03/05/2026,0.528862337343466,1.891
193952537,03/05/2026,0.5997771304653933,1.667
193915228,03/05/2026,0.4696508162087115,2.129
193915237,03/05/2026,0.5487563645527364,1.822
193886536,03/05/2026,0.5161469640554893,1.937
193915245,03/05/2026,0.5542377201143919,1.804
192939475,03/05/2026,0.4679937134606854,2.137
192947590,03/05/2026,0.5710080599716884,1.751
193982529,03/05/2026,0.6078242449928618,1.645
194024372,03/05/2026,0.4350634266000849,2.299
193005986,03/05/2026,0.5630720982770092,1.776
193202855,03/05/2026,0.5550412722308065,1.802
193882208,03/05/2026,0.5730980000130182,1.745
193109804,03/05/2026,0.5626397991377284,1.777
193203374,03/05/2026,0.5570455492914173,1.795
193986962,03/05/2026,0.5401161943349907,1.851
193953279,03/05/2026,0.5921512231831423,1.689
193915225,03/05/2026,0.5556847469305513,1.8
193953224,03/05/2026,0.5904767379897347,1.694
193947024,03/05/2026,0.5208568929108207,1.92
193202406,03/05/2026,0.526001394142493,1.901
193914333,03/05/2026,0.5567471612098429,1.796
193936244,03/05/2026,0.5613686254913616,1.781
193946870,03/05/2026,0.5693250055906269,1.756
193948505,03/05/2026,0.5599769100064549,1.786
193948507,03/05/2026,0.5364514242940058,1.864
194020556,03/05/2026,0.5444677795795627,1.837
193050869,03/05/2026,0.5509306594385726,1.815
193982187,03/05/2026,0.47675477576523156,2.098
193914306,03/05/2026,0.5726957359577856,1.746
193758228,03/05/2026,0.5491795481380864,1.821
193109794,03/05/2026,0.4786870518395464,2.089
193918669,03/05/2026,0.5335016971717467,1.874
193882243,03/05/2026,0.5756757821169883,1.737
193755285,03/05/2026,0.5539072435919055,1.805
193109816,03/05/2026,0.5073804368817424,1.971
193108886,03/05/2026,0.5194880493609406,1.925
192785624,03/05/2026,0.5170716075537394,1.934
192945878,03/05/2026,0.5310454797836867,1.883
193882246,03/05/2026,0.5568697995390351,1.796
193994562,03/05/2026,0.6122489026167759,1.633
193835914,03/05/2026,0.3791243959148782,2.638
193200141,03/05/2026,0.522841599559892,1.913
193202390,03/05/2026,0.5130112451444615,1.949
193825975,03/05/2026,0.3787681265492691,2.64
193200107,03/05/2026,0.4907223331969438,2.038
193202392,03/05/2026,0.49086197982492713,2.037
193200139,03/05/2026,0.49088725227404556,2.037
193202396,03/05/2026,0.511556857071165,1.955
193200130,03/05/2026,0.5324653839689087,1.878
193826010,03/05/2026,0.48303421889792414,2.07
193417556,03/05/2026,0.5638633535456871,1.773
193200112,03/05/2026,0.5227421788913602,1.913
193200109,03/05/2026,0.587692111183844,1.702
192940808,03/05/2026,0.5408443080181533,1.849
193832313,03/05/2026,0.5335352005697025,1.874
193417695,03/05/2026,0.5588545906562644,1.789
193200118,03/05/2026,0.5148824314869753,1.942
193856468,03/05/2026,0.5718671540988571,1.749
193830076,03/05/2026,0.5868019032487326,1.704
193893200,03/05/2026,0.5735757572102447,1.743
192940812,03/05/2026,0.5000985485866145,2.0
193853207,03/05/2026,0.3651798144223171,2.738
193855976,03/05/2026,0.42660173781771354,2.344
193832295,03/05/2026,0.5399634043245841,1.852
193928090,03/05/2026,0.4833832212965539,2.069
193833746,03/05/2026,0.5443692705914628,1.837
193830068,03/05/2026,0.5281582121666999,1.893
193835907,03/05/2026,0.5572558647950643,1.795
193417691,03/05/2026,0.570127193716073,1.754
193711628,03/05/2026,0.5140406930095086,1.945
193971777,03/05/2026,0.5332702070485426,1.875
193893183,03/05/2026,0.53862155359336,1.857
193832311,03/05/2026,0.5698564897173625,1.755
193832293,03/05/2026,0.5356307809543308,1.867
193887276,03/05/2026,0.4873049811893181,2.052
193883977,03/05/2026,0.5126206630173332,1.951
193887292,03/05/2026,0.5106468505444757,1.958
193887297,03/05/2026,0.5076027886168822,1.97
193832309,03/05/2026,0.5514745014408673,1.813
193857099,03/05/2026,0.5157205060125455,1.939
193971446,03/05/2026,0.5568023028563245,1.796
193200102,03/05/2026,0.5106633470174896,1.958
193832307,03/05/2026,0.5375205221630124,1.86
193832305,03/05/2026,0.5185594328105175,1.928
193966463,03/05/2026,0.5666933432648801,1.765
193417553,03/05/2026,0.49127579879167865,2.036
193883954,03/05/2026,0.5410542617848956,1.848
193832302,03/05/2026,0.5469658062534762,1.828
193853205,03/05/2026,0.22189670089864896,4.507
193855899,03/05/2026,0.5983013007653273,1.671
193855903,03/05/2026,0.5860933980689099,1.706
193881659,03/05/2026,0.5346587736444947,1.87
193774202,03/05/2026,0.5838404277398892,1.713
193824444,03/05/2026,0.510933540264299,1.957
193931543,03/05/2026,0.572875485581866,1.746
193052674,03/05/2026,0.5724569019764163,1.747
193877257,03/05/2026,0.5140869200759193,1.945
193886553,03/05/2026,0.5469053069468033,1.828
193886555,03/05/2026,0.4659824006001613,2.146
193052677,03/05/2026,0.5524450463870126,1.81
193886563,03/05/2026,0.5328474163290118,1.877
193886567,03/05/2026,0.5378826243011401,1.859
193886559,03/05/2026,0.5805668696515466,1.722
193189750,03/05/2026,0.5769434334827324,1.733
193949249,03/05/2026,0.5088563706949323,1.965
193886485,03/05/2026,0.5754693031400782,1.738
193189756,03/05/2026,0.5039471059810157,1.984
193201910,03/05/2026,0.5252310231620638,1.904
193914293,03/05/2026,0.53152492257009,1.881
193836347,03/05/2026,0.5629224732922081,1.776
193980641,03/05/2026,0.49264698376976357,2.03
193886525,03/05/2026,0.5067058299418753,1.974
193880178,03/05/2026,0.6043402415523544,1.655
193944138,03/05/2026,0.5613706188651694,1.781
193944104,03/05/2026,0.5666318985439744,1.765
193944098,03/05/2026,0.4900516718182082,2.041
193828029,03/05/2026,0.5116220199140489,1.955
193932029,03/05/2026,0.4869665466570129,2.054
192940815,03/05/2026,0.4849325338827191,2.062
193937366,03/05/2026,0.4856101178503592,2.059
194020549,03/05/2026,0.554298201988372,1.804
193893202,03/05/2026,0.49491142383649467,2.021
193856637,03/05/2026,0.539481567803342,1.854
193820231,03/05/2026,0.528655592204597,1.892
193775003,03/05/2026,0.5547752680107042,1.803
193948432,03/05/2026,0.5447626777437615,1.836
193948429,03/05/2026,0.5242754170261972,1.907
193856471,03/05/2026,0.5325728623230275,1.878
193855907,03/05/2026,0.5799300240878625,1.724
193835910,03/05/2026,0.2711418945732382,3.688
193202402,03/05/2026,0.5339676045599527,1.873
193202400,03/05/2026,0.5345726176337929,1.871
193202398,03/05/2026,0.5608241445584347,1.783
193944086,03/05/2026,0.589461435971908,1.696
193836340,03/05/2026,0.5627714154933381,1.777
193202404,03/05/2026,0.5356717158610386,1.867
193876551,03/05/2026,0.575582712302656,1.737
193886489,03/05/2026,0.5207801610896305,1.92
193982924,03/05/2026,0.6072182010993876,1.647
193914351,03/05/2026,0.5800434503526702,1.724
193887670,03/05/2026,0.5602903621545176,1.785
193886480,03/05/2026,0.5908488419775181,1.692
193983341,03/05/2026,0.5647030583407247,1.771
192940817,03/05/2026,0.5195419065708596,1.925
194020541,03/05/2026,0.5488534022984609,1.822
193953094,03/05/2026,0.47812585999912804,2.091
194023579,03/05/2026,0.4824133499579445,2.073
193946411,03/05/2026,0.4862662798394678,2.056
193936264,03/05/2026,0.579668581850463,1.725
193938460,03/05/2026,0.4519629470796505,2.213
194020564,03/05/2026,0.6210059471640711,1.61
193914316,03/05/2026,0.5460355655695562,1.831
193113231,03/05/2026,0.40860502395944326,2.447
193005708,03/05/2026,0.4264081707068568,2.345
193880980,03/05/2026,0.5473640080203027,1.827
193880985,03/05/2026,0.538336569908902,1.858
193880989,03/05/2026,0.5348856516011089,1.87
193880991,03/05/2026,0.5198436577373677,1.924
193880995,03/05/2026,0.49192951818301606,2.033
193938449,03/05/2026,0.48570160305538823,2.059
193938138,03/05/2026,0.5451568647410903,1.834
193938278,03/05/2026,0.49868767571779377,2.005
193938383,03/05/2026,0.5320690438010355,1.879
193938388,03/05/2026,0.43117131226178756,2.319
193953092,03/05/2026,0.5424094604282717,1.844
193938525,03/05/2026,0.533847567147204,1.873
193938532,03/05/2026,0.5476869422883235,1.826
193965224,03/05/2026,0.57838668617107,1.729
193930713,03/05/2026,0.5053436931103777,1.979
193938272,03/05/2026,0.5575697771732755,1.793
193756175,03/05/2026,0.5692065960787968,1.757
193951984,03/05/2026,0.5583800237298094,1.791
192946308,03/05/2026,0.562839003919085,1.777
193944826,03/05/2026,0.541626496609003,1.846
193887674,03/05/2026,0.5228913190369873,1.912
192947594,03/05/2026,0.5856001425817694,1.708
193828034,03/05/2026,0.5061513167622623,1.976
193939671,03/05/2026,0.53093334854011,1.883
192501191,03/05/2026,0.48341579652582617,2.069
193946910,03/05/2026,0.553855358259857,1.806
193940431,03/05/2026,0.5103765640666807,1.959
193938289,03/05/2026,0.4886445122790934,2.046
193984248,03/05/2026,0.5213057267299073,1.918
193830051,03/05/2026,0.5214108626319796,1.918
193830021,03/05/2026,0.5448412001175662,1.835
193830014,03/05/2026,0.5516545054234527,1.813
193830009,03/05/2026,0.5815428412569008,1.72
193950655,03/05/2026,0.4622650957779683,2.163
193946886,03/05/2026,0.48569064407442025,2.059
193942884,03/05/2026,0.5281040444051203,1.894
193942589,03/05/2026,0.4941172293492695,2.024
193930709,03/05/2026,0.5585611293756165,1.79
193937622,03/05/2026,0.5213209390340081,1.918
193951982,03/05/2026,0.5760878703445509,1.736
193004674,03/05/2026,0.5393289323704312,1.854
193852535,03/05/2026,0.4916601967284032,2.034
193983156,03/05/2026,0.4599823280723491,2.174
193914402,03/05/2026,0.5170272139425344,1.934
193755310,03/05/2026,0.486118271202015,2.057
193881378,03/05/2026,0.5252467309338157,1.904
193952674,03/05/2026,0.5066657752867723,1.974
193830088,03/05/2026,0.5389179404145399,1.856
193880187,03/05/2026,0.6181601388767037,1.618
193981552,03/05/2026,0.599881440059662,1.667
193946906,03/05/2026,0.5530398953716987,1.808
193879940,03/05/2026,0.49846207043877444,2.006
193877719,03/05/2026,0.4540552115977405,2.202
193953350,03/05/2026,0.41882833918586654,2.388
193941244,03/05/2026,0.5859484377936655,1.707
193756207,03/05/2026,0.5630852891977343,1.776
193199394,03/05/2026,0.5044081025445851,1.983
193879922,03/05/2026,0.4833680278032444,2.069
193108895,03/05/2026,0.5004637867675448,1.998
193108892,03/05/2026,0.5182940698651393,1.929
193946896,03/05/2026,0.5786028350862441,1.728
193340881,03/05/2026,0.54950328796612,1.82
193944100,03/05/2026,0.5536840153476172,1.806
192940966,03/05/2026,0.5512357885470504,1.814
193918703,03/05/2026,0.49055770599175386,2.038
193918695,03/05/2026,0.5578326278121201,1.793
193918691,03/05/2026,0.5207492591460126,1.92
193918685,03/05/2026,0.5735443493289983,1.744
193914349,03/05/2026,0.5427082718576656,1.843
193914345,03/05/2026,0.5463882826237196,1.83
193941248,03/05/2026,0.5500704007577741,1.818
193936268,03/05/2026,0.5484960089472102,1.823
193936271,03/05/2026,0.5622971001126797,1.778
193914309,03/05/2026,0.5472857395087378,1.827
193936576,03/05/2026,0.5371541637462048,1.862
193952530,03/05/2026,0.5364143996133962,1.864
193948339,03/05/2026,0.5426615441257657,1.843
193881376,03/05/2026,0.5116330585904009,1.955
193984290,03/05/2026,0.5498631956190391,1.819
193756185,03/05/2026,0.5776162451416117,1.731
193980646,03/05/2026,0.5372724997926429,1.861
193190767,03/05/2026,0.4766304694567151,2.098
192932650,03/05/2026,0.5321027769507366,1.879
193987850,03/05/2026,0.6216142944356419,1.609
193886541,03/05/2026,0.47796306104369385,2.092
192939472,03/05/2026,0.43823745530266334,2.282
193880181,03/05/2026,0.5740972399281972,1.742
193951071,03/05/2026,0.5512334328369168,1.814
193952782,03/05/2026,0.5572126579730103,1.795
193881010,03/05/2026,0.5556090313609405,1.8
193941593,03/05/2026,0.625396260576128,1.599
193195793,03/05/2026,0.5190163065465988,1.927
193985594,03/05/2026,0.49289683031592557,2.029
193953353,03/05/2026,0.5217609836789446,1.917
193194991,03/05/2026,0.5609978073583005,1.783
193941433,03/05/2026,0.4864147091918407,2.056
193947546,03/05/2026,0.46440385345413143,2.153
193941656,03/05/2026,0.6028065096292633,1.659
193785030,03/05/2026,0.5320380386708391,1.88
193926437,03/05/2026,0.5322642213097721,1.879
193953229,03/05/2026,0.5990757265171134,1.669
193938391,03/05/2026,0.299426760143908,3.34
339372,03/05/2026,0.5598540488204178,1.786
193881655,03/05/2026,0.49528650935843505,2.019
192933557,03/05/2026,0.549001263226207,1.821
193840981,03/05/2026,0.5858969237361009,1.707
193881653,03/05/2026,0.565768955873993,1.768
192940961,03/05/2026,0.5555991891181481,1.8
193949306,03/05/2026,0.5373457392952332,1.861
193915231,03/05/2026,0.496619581800555,2.014
193756169,03/05/2026,0.4548379492852612,2.199
193953281,03/05/2026,0.43257506939944285,2.312
193936254,03/05/2026,0.504366553570613,1.983
193194987,03/05/2026,0.5321663302249795,1.879
193982508,03/05/2026,0.5480406839617851,1.825
193948511,03/05/2026,0.5515223731102917,1.813
193936262,03/05/2026,0.5708846669514804,1.752
193946867,03/05/2026,0.5613962897103775,1.781
193880998,03/05/2026,0.5461492506801862,1.831
193830093,03/05/2026,0.5795244526690222,1.726
193914311,03/05/2026,0.5111896344443521,1.956
192946941,03/05/2026,0.503820994760791,1.985
192946944,03/05/2026,0.534275261223808,1.872
193984286,03/05/2026,0.478834154993005,2.088
193941646,03/05/2026,0.5891253775778692,1.697
193981207,03/05/2026,0.5186395581926813,1.928
193001720,03/05/2026,0.5582249787300396,1.791
192946776,03/05/2026,0.5070743070901559,1.972
192933583,03/05/2026,0.5723842320399347,1.747
193941660,03/05/2026,0.5727538567932691,1.746
193937974,03/05/2026,0.5574256524738388,1.794
193937957,03/05/2026,0.5320740504986072,1.879
193936248,03/05/2026,0.5616006567089513,1.781
193880190,03/05/2026,0.5698475504789656,1.755
193770840,03/05/2026,0.5130974212565641,1.949
193926476,03/05/2026,0.5348786294123271,1.87
193941077,03/05/2026,0.5130351349731997,1.949
193946913,03/05/2026,0.5043424047746721,1.983
193940428,03/05/2026,0.5546850935082729,1.803
192939557,03/05/2026,0.5422158964888677,1.844
193914360,03/05/2026,0.4296627627852248,2.327
193939599,03/05/2026,0.5119836693188553,1.953
193830098,03/05/2026,0.5780751539477257,1.73
193881649,03/05/2026,0.5525564027886782,1.81
193830103,03/05/2026,0.532254254823673,1.879
193830107,03/05/2026,0.5285391083722334,1.892
193914357,03/05/2026,0.5276433029472387,1.895
193754971,03/05/2026,0.5489288628955645,1.822
193985379,03/05/2026,0.37917089819175936,2.637
193949289,03/05/2026,0.5965956370130141,1.676
193190233,03/05/2026,0.5330391666821352,1.876
192933553,03/05/2026,0.5312885867891808,1.882
192933576,03/05/2026,0.4926233181929669,2.03
192933581,03/05/2026,0.5462090057795459,1.831
193937375,03/05/2026,0.5401451703915675,1.851
193933823,03/05/2026,0.5720758337079155,1.748
193937368,03/05/2026,0.5426745829199807,1.843
193949308,03/05/2026,0.5629033405102654,1.777
193946873,03/05/2026,0.37269778358651245,2.683
193992735,03/05/2026,0.4596643298175469,2.176
193953586,03/05/2026,0.49871436302170136,2.005
193949260,03/05/2026,0.5540103417268047,1.805
193953584,03/05/2026,0.4568793404176148,2.189
193939370,03/05/2026,0.49901124689097826,2.004
193953581,03/05/2026,0.4954006291568743,2.019
193394413,03/05/2026,0.4839400770083417,2.066
193992726,03/05/2026,0.32905573878331734,3.039
193006007,03/05/2026,0.5196795436762646,1.924
193189528,03/05/2026,0.5182408431453934,1.93
193952677,03/05/2026,0.6054104210143451,1.652
193332840,03/05/2026,0.5337603601785528,1.873
192496993,03/05/2026,0.47749301452078885,2.094
193050872,03/05/2026,0.5464849641695356,1.83
192942570,03/05/2026,0.5309568493476636,1.883
193941652,03/05/2026,0.573053436143849,1.745
193394409,03/05/2026,0.5314953537616246,1.881
193936762,03/05/2026,0.4811833712284653,2.078
192785626,03/05/2026,0.5041982021887486,1.983
182077,03/05/2026,0.5598540488204178,1.786
193946903,03/05/2026,0.5863646848440799,1.705
193758234,03/05/2026,0.5031900313664219,1.987
193006015,03/05/2026,0.5072899181012526,1.971
193947440,03/05/2026,0.26342574320858636,3.796
193915210,03/05/2026,0.5391060320095732,1.855
192946441,03/05/2026,0.4966420526562876,2.014
193937372,03/05/2026,0.5042978572889044,1.983
193952387,03/05/2026,0.5890807699158493,1.698
193948509,03/05/2026,0.5129322393779325,1.95
193866417,03/05/2026,0.5053657012909635,1.979
193915234,03/05/2026,0.5044232257483019,1.982
193926490,03/05/2026,0.512676356897921,1.951
193952672,03/05/2026,0.5387830043166043,1.856
193941664,03/05/2026,0.5744522939667164,1.741
193944121,03/05/2026,0.47021844538877083,2.127
193914296,03/05/2026,0.46736209688640107,2.14
193953227,03/05/2026,0.4323023735256995,2.313
194020560,03/05/2026,0.514219452170945,1.945
192609717,03/05/2026,0.5402801330941811,1.851
193941662,03/05/2026,0.5074369528531065,1.971
193194989,03/05/2026,0.5196919135345653,1.924
193757945,03/05/2026,0.5651876867919775,1.769
193757956,03/05/2026,0.5248351892623202,1.905
193836371,03/05/2026,0.505713532980984,1.977
193914396,03/05/2026,0.5234075977493494,1.911
193987842,03/05/2026,0.6098638548556632,1.64
193777578,03/05/2026,0.563085432827559,1.776
193828039,03/05/2026,0.5127955068986746,1.95
144770,03/05/2026,0.5598540488204178,1.786
193995739,04/05/2026,0.4620399841898619,2.164
194000582,04/05/2026,0.48046512959897386,2.081
193195006,04/05/2026,0.4835899291251747,2.068
193755386,04/05/2026,0.5073866883749405,1.971
192946952,04/05/2026,0.5028265710006559,1.989
192785658,04/05/2026,0.5516662259074957,1.813
192947598,04/05/2026,0.5629661652506385,1.776
194005561,04/05/2026,0.5472040970227308,1.827
194000587,04/05/2026,0.5939177670227309,1.684
194002630,04/05/2026,0.5068295733262821,1.973
193330039,04/05/2026,0.5148853995407981,1.942
193996600,04/05/2026,0.5430177324495556,1.842
194001496,04/05/2026,0.5478062685537225,1.825
192941059,04/05/2026,0.4432296862137926,2.256
194051645,04/05/2026,0.45981551543555643,2.175
192943525,04/05/2026,0.5146370337276964,1.943
194001923,04/05/2026,0.5137751300429935,1.946
192944174,04/05/2026,0.49092863028439354,2.037
192944148,04/05/2026,0.5342167813815748,1.872
194000579,04/05/2026,0.5664854285661356,1.765
193995745,04/05/2026,0.4709995968716312,2.123
194005574,04/05/2026,0.5444458294370123,1.837
194000899,04/05/2026,0.506054965904438,1.976
194005496,04/05/2026,0.5887385023350652,1.699
192944155,04/05/2026,0.510668263179286,1.958
194005563,04/05/2026,0.581446743575689,1.72
194002620,04/05/2026,0.4985875011985148,2.006
193189534,04/05/2026,0.503776361430197,1.985
193004661,04/05/2026,0.5169285534335732,1.935
194001474,04/05/2026,0.5421372251176659,1.845
192945881,04/05/2026,0.5607985432169963,1.783
194002063,04/05/2026,0.5560025995634341,1.799
194003284,04/05/2026,0.5702586553927648,1.754
194000176,04/05/2026,0.43035994687050755,2.324
192946955,04/05/2026,0.5158331452386403,1.939
193755364,04/05/2026,0.5400774369108359,1.852
194005549,04/05/2026,0.5166710273544254,1.935
193701867,04/05/2026,0.47447651169300403,2.108
192942601,04/05/2026,0.5048787942721902,1.981
194001928,04/05/2026,0.5619184802965446,1.78
194001955,04/05/2026,0.5837237710241672,1.713
194005501,04/05/2026,0.5490420914585004,1.821
194000896,04/05/2026,0.5298971394211284,1.887
194058593,04/05/2026,0.4851279068746403,2.061
193996567,04/05/2026,0.3900450017770007,2.564
193332854,04/05/2026,0.4655626859355255,2.148
192946408,04/05/2026,0.49173761831507173,2.034
194003295,04/05/2026,0.5454452858838336,1.833
193880712,04/05/2026,0.5173696127498663,1.933
193881693,04/05/2026,0.4868210768433485,2.054
193187412,04/05/2026,0.49541117148228175,2.019
193880716,04/05/2026,0.47215039348632504,2.118
194003291,04/05/2026,0.5488814391231625,1.822
194044108,04/05/2026,0.5517133918827369,1.813
194003293,04/05/2026,0.5201194738074948,1.923
193693994,04/05/2026,0.5401216336292172,1.851
194043382,04/05/2026,0.5336666655080632,1.874
193776947,04/05/2026,0.5859108411226882,1.707
194005482,04/05/2026,0.4709415432693835,2.123
193067308,04/05/2026,0.5022434461003147,1.991
193187197,04/05/2026,0.5027085602638933,1.989
193881370,04/05/2026,0.5331918736634175,1.875
193984998,04/05/2026,0.5521613607662648,1.811
194115591,04/05/2026,0.5741036174801025,1.742
193932050,04/05/2026,0.38192607603782586,2.618
194000909,04/05/2026,0.511071251206524,1.957
193881384,04/05/2026,0.5547357768439284,1.803
193067484,04/05/2026,0.4758208748847943,2.102
193830183,04/05/2026,0.5352148145842184,1.868
193192176,04/05/2026,0.5003495013449133,1.999
194044012,04/05/2026,0.5281956739437367,1.893
193189539,04/05/2026,0.5287504035839727,1.891
193996571,04/05/2026,0.47840267128443403,2.09
194044014,04/05/2026,0.4807418345726129,2.08
193820540,04/05/2026,0.4842909615793946,2.065
193820552,04/05/2026,0.5052086814054192,1.979
194044010,04/05/2026,0.5163474423093999,1.937
193820562,04/05/2026,0.4874443114077722,2.052
193004648,04/05/2026,0.5094328087786593,1.963
193880720,04/05/2026,0.5466801990380911,1.829
192946810,04/05/2026,0.5536960508310195,1.806
193395412,04/05/2026,0.5303937315921876,1.885
192501225,04/05/2026,0.5283733486559175,1.893
192943815,04/05/2026,0.44630242685088817,2.241
194005484,04/05/2026,0.5671847650622028,1.763
193881382,04/05/2026,0.5034564073480011,1.986
194005546,04/05/2026,0.4478443479343487,2.233
193395415,04/05/2026,0.5111788130240509,1.956
193985939,04/05/2026,0.5390242609202537,1.855
193881367,04/05/2026,0.5027388880756725,1.989
194043182,04/05/2026,0.5204633533111273,1.921
194000906,04/05/2026,0.5393298695345236,1.854
193067316,04/05/2026,0.501289556984305,1.995
194000914,04/05/2026,0.5154633094461536,1.94
193995670,04/05/2026,0.6041929601470242,1.655
194000160,04/05/2026,0.5121908116810185,1.952
194001465,04/05/2026,0.30957370835801196,3.23
194000162,04/05/2026,0.5854815511686507,1.708
194000158,04/05/2026,0.48584520680564186,2.058
194000167,04/05/2026,0.47938948981594376,2.086
194005531,04/05/2026,0.5921016337249022,1.689
194005523,04/05/2026,0.6303625338381986,1.586
194000618,04/05/2026,0.5166360355654324,1.936
192939279,04/05/2026,0.5815248187551695,1.72
194026698,04/05/2026,0.5592588315174235,1.788
194044006,04/05/2026,0.5787255916351278,1.728
193995541,04/05/2026,0.5374911033325448,1.86
193987905,04/05/2026,0.5359685935099919,1.866
194001485,04/05/2026,0.5056330516868424,1.978
194000603,04/05/2026,0.514615500400197,1.943
194087612,04/05/2026,0.5211363672721079,1.919
194035930,04/05/2026,0.5172264276429921,1.933
194044008,04/05/2026,0.5222685615395827,1.915
193995585,04/05/2026,0.58134490230751,1.72
194044234,04/05/2026,0.46828763056580974,2.135
193995846,04/05/2026,0.4786710859834081,2.089
194026700,04/05/2026,0.5309287623901205,1.883
194000890,04/05/2026,0.49491084100502886,2.021
193980651,04/05/2026,0.5167282477432876,1.935
193980639,04/05/2026,0.5093357638685763,1.963
193994467,04/05/2026,0.3602036505899969,2.776
193994474,04/05/2026,0.37165911141702396,2.691
193994486,04/05/2026,0.3684960144969831,2.714
193994465,04/05/2026,0.3771619155895189,2.651
194000154,04/05/2026,0.5277756734919743,1.895
194000607,04/05/2026,0.4510538998255558,2.217
193995842,04/05/2026,0.5094821748175528,1.963
194005541,04/05/2026,0.5399547467375517,1.852
194002066,04/05/2026,0.29946045436296004,3.339
194045057,04/05/2026,0.4885886541639441,2.047
194003282,04/05/2026,0.44730879333971835,2.236
194043592,04/05/2026,0.5279582960727927,1.894
194043354,04/05/2026,0.5462970044718262,1.831
194003287,04/05/2026,0.34781654046622673,2.875
193771688,04/05/2026,0.5352855910740264,1.868
194002068,04/05/2026,0.4413083177183933,2.266
194002627,04/05/2026,0.5776704941770257,1.731
194001917,04/05/2026,0.5382033823192068,1.858
193995646,04/05/2026,0.5369131159230154,1.862
193984277,04/05/2026,0.5688403056655665,1.758
193995741,04/05/2026,0.4788530497650078,2.088
193996575,04/05/2026,0.4917416958081557,2.034
194000590,04/05/2026,0.5209857861451984,1.919
194050549,04/05/2026,0.5395223322820224,1.853
193197985,04/05/2026,0.48360904980807795,2.068
194001919,04/05/2026,0.4999800425949095,2.0
194000593,04/05/2026,0.4406599741414295,2.269
194001946,04/05/2026,0.5939510257398428,1.684
193201001,04/05/2026,0.5102848977557588,1.96
193201004,04/05/2026,0.5022417778358349,1.991
193201014,04/05/2026,0.510173014443266,1.96
192497008,04/05/2026,0.5720719408728631,1.748
193996582,04/05/2026,0.5151906040767057,1.941
193201018,04/05/2026,0.4997332669357116,2.001
193201020,04/05/2026,0.5399887688536825,1.852
193996594,04/05/2026,0.5192664764927939,1.926
193340886,04/05/2026,0.5488713263326587,1.822
194000893,04/05/2026,0.5337662925777066,1.873
194000922,04/05/2026,0.5395825460330185,1.853
194043860,04/05/2026,0.5317223898830173,1.881
194042868,04/05/2026,0.5284753604497588,1.892
194005553,04/05/2026,0.4530770367317486,2.207
194000904,04/05/2026,0.5136938520404318,1.947
194005585,04/05/2026,0.4328956419620888,2.31
194001531,04/05/2026,0.5275421620103284,1.896
194001510,04/05/2026,0.5213355495694124,1.918
194005556,04/05/2026,0.5198191712485826,1.924
194000600,04/05/2026,0.5068948345952821,1.973
194000901,04/05/2026,0.5509597964142495,1.815
193942003,04/05/2026,0.553958800894707,1.805
194001480,04/05/2026,0.48941013132339445,2.043
193942000,04/05/2026,0.529967468395074,1.887
193936721,04/05/2026,0.5662733773581446,1.766
192501222,04/05/2026,0.5251098668020199,1.904
193936545,04/05/2026,0.48123986467181185,2.078
193330037,04/05/2026,0.5577383462738945,1.793
194001483,04/05/2026,0.507536989793259,1.97
193936728,04/05/2026,0.5720425952964369,1.748
194001526,04/05/2026,0.5188354782902854,1.927
193701859,04/05/2026,0.5482094082083276,1.824
194001478,04/05/2026,0.4460544307139294,2.242
193996564,04/05/2026,0.506652661400258,1.974
193758256,04/05/2026,0.5721888140953112,1.748
193191061,04/05/2026,0.5711410631324401,1.751
194043324,04/05/2026,0.5432260290763881,1.841
194042781,05/05/2026,0.5743718607532217,1.741
194042770,05/05/2026,0.5917573882981435,1.69
194040146,05/05/2026,0.5145027197257717,1.944
194042767,05/05/2026,0.439640706111562,2.275
194037933,05/05/2026,0.49567311150975607,2.017
193113711,05/05/2026,0.46637120992578884,2.144
194004311,05/05/2026,0.57346782643787,1.744
193113703,05/05/2026,0.5007807821063617,1.997
194004283,05/05/2026,0.47626635239054543,2.1
194041639,05/05/2026,0.6137298090933377,1.629
194037360,05/05/2026,0.52738308447059,1.896
194004298,05/05/2026,0.4897153379844821,2.042
194037346,05/05/2026,0.504930504668773,1.98
194004292,05/05/2026,0.5244280811452289,1.907
193330335,05/05/2026,0.5165684506066783,1.936
194041647,05/05/2026,0.5441507383218614,1.838
194004287,05/05/2026,0.5536899524197494,1.806
194041645,05/05/2026,0.47640754053712703,2.099
193113715,05/05/2026,0.5149621722674497,1.942
193754976,05/05/2026,0.5215654889712911,1.917
192947600,05/05/2026,0.5662707815872634,1.766
194042773,05/05/2026,0.6165825977651133,1.622
194040161,05/05/2026,0.5786129082053262,1.728
194041643,05/05/2026,0.625015887998115,1.6
194130533,05/05/2026,0.5601138785220066,1.785
193985936,05/05/2026,0.5238391143126107,1.909
194005671,05/05/2026,0.48802862453813184,2.049
194005745,05/05/2026,0.5252001195147491,1.904
194005751,05/05/2026,0.5291784703100839,1.89
194039259,05/05/2026,0.5945152908815134,1.682
194005734,05/05/2026,0.5740299977970059,1.742
194037922,05/05/2026,0.5573726518432864,1.794
194041394,05/05/2026,0.5594682281495981,1.787
194116241,05/05/2026,0.5511818491500239,1.814
194040243,05/05/2026,0.544873067450932,1.835
194040246,05/05/2026,0.5009524805410086,1.996
194004369,05/05/2026,0.47930548710785886,2.086
194004363,05/05/2026,0.5290720779904762,1.89
194004355,05/05/2026,0.5340764287145271,1.872
194004359,05/05/2026,0.4424831389227205,2.26
193327107,05/05/2026,0.4932185448664808,2.027
194042776,05/05/2026,0.49342309592400985,2.027
194041641,05/05/2026,0.434619855804909,2.301
194130871,05/05/2026,0.6030943064174648,1.658
194037941,05/05/2026,0.5285371644496345,1.892
193720813,05/05/2026,0.4599117276909457,2.174
193720821,05/05/2026,0.5045620865933427,1.982
194130981,05/05/2026,0.49983732697602845,2.001
194096068,05/05/2026,0.46272204781024207,2.161
194049579,05/05/2026,0.6011664561915605,1.663
194041181,05/05/2026,0.49158136966995175,2.034
193719189,05/05/2026,0.4754020552348829,2.103
193719194,05/05/2026,0.5281139551874129,1.894
193720834,05/05/2026,0.5109049541599466,1.957
193720843,05/05/2026,0.5161360907129245,1.937
193720849,05/05/2026,0.5099059588977212,1.961
194052115,05/05/2026,0.6407431928004206,1.561
194096070,05/05/2026,0.5752539850983583,1.738
194177915,05/05/2026,0.5465820638673505,1.83
194077723,05/05/2026,0.4994834951855738,2.002
194041649,05/05/2026,0.5103611134636336,1.959
193838023,05/05/2026,0.5108154443650154,1.958
194037377,05/05/2026,0.6111872450714739,1.636
193719205,05/05/2026,0.47034659172583826,2.126
194004296,05/05/2026,0.5073386283222896,1.971
193719177,05/05/2026,0.45587662391766287,2.194
193719182,05/05/2026,0.5176697130877841,1.932
194037952,05/05/2026,0.5300781820167461,1.887
194040131,05/05/2026,0.5457468038824059,1.832
194037365,05/05/2026,0.5373844227451128,1.861
194005705,05/05/2026,0.47382181612366603,2.11
194000194,05/05/2026,0.5110953447228711,1.957
194000164,05/05/2026,0.5201158740795973,1.923
193997165,05/05/2026,0.5030318060270955,1.988
194005710,05/05/2026,0.5663592775713823,1.766
193070507,05/05/2026,0.5140360505116515,1.945
194132922,05/05/2026,0.5658531330703184,1.767
194040163,05/05/2026,0.6319688264501742,1.582
194040198,05/05/2026,0.5873095217171803,1.703
194040181,05/05/2026,0.616129266192572,1.623
194130886,05/05/2026,0.5655540007250551,1.768
194130878,05/05/2026,0.5557598522418402,1.799
194132924,05/05/2026,0.561180503163137,1.782
194130873,05/05/2026,0.45034355571062595,2.221
194156137,05/05/2026,0.5926286084264544,1.687
194048593,05/05/2026,0.551961693861962,1.812
194040169,05/05/2026,0.5850660879252922,1.709
194040151,05/05/2026,0.534907242769149,1.869
194037362,05/05/2026,0.5223490001554327,1.914
194040156,05/05/2026,0.529849275265169,1.887
194139132,05/05/2026,0.488351269520582,2.048
194042762,05/05/2026,0.5756994457809718,1.737
194042759,05/05/2026,0.49265481103089015,2.03
194040228,05/05/2026,0.5820416228889616,1.718
194042754,05/05/2026,0.5585725102560435,1.79
194042764,05/05/2026,0.3644982149498039,2.743
193202194,05/05/2026,0.47480384434442446,2.106
194004377,05/05/2026,0.5305943808103577,1.885
194037926,05/05/2026,0.558665153652649,1.79
194040220,05/05/2026,0.5793496155551997,1.726
194039268,05/05/2026,0.5739270559116744,1.742
193327961,05/05/2026,0.5310003415147915,1.883
194105564,05/05/2026,0.5414971310791585,1.847
194037367,05/05/2026,0.503927909229648,1.984
194004349,05/05/2026,0.5096946148170354,1.962
193327963,05/05/2026,0.519117843735991,1.926
193327968,05/05/2026,0.562239696846677,1.779
194041637,05/05/2026,0.5999782073343795,1.667
194037379,05/05/2026,0.4960195580405934,2.016
194129282,05/05/2026,0.5425261458190473,1.843
193327970,05/05/2026,0.5013837038192407,1.994
194038838,05/05/2026,0.5435149387557365,1.84
194099008,05/05/2026,0.36888786522572736,2.711
194041655,05/05/2026,0.5503775225380474,1.817
194043608,05/05/2026,0.3406464504420572,2.936
194110418,05/05/2026,0.538062381999662,1.859
194110403,05/05/2026,0.5352258422002791,1.868
193202176,05/05/2026,0.49670581664411934,2.013
194099251,05/05/2026,0.3602036505899969,2.776
194099245,05/05/2026,0.37357521785206216,2.677
194110431,05/05/2026,0.47330706569804526,2.113
194043664,05/05/2026,0.5335553087275829,1.874
194110428,05/05/2026,0.4745383746624188,2.107
194005478,05/05/2026,0.48892289556908974,2.045
194110443,05/05/2026,0.49209125111861973,2.032
194043660,05/05/2026,0.5513450127355823,1.814
194110436,05/05/2026,0.5392930650979547,1.854
193202187,05/05/2026,0.4797670087692801,2.084
193202191,05/05/2026,0.5389812314363621,1.855
193202183,05/05/2026,0.49952824526382045,2.002
194004344,05/05/2026,0.5501065221175007,1.818
194004328,05/05/2026,0.54265414696571,1.843
194005667,05/05/2026,0.5803881453898578,1.723
194041633,05/05/2026,0.5422295387787031,1.844
193202178,05/05/2026,0.4088310974780275,2.446
194004315,05/05/2026,0.5262847924107512,1.9
194040250,05/05/2026,0.5049016243834062,1.981
194040239,05/05/2026,0.5246774214769735,1.906
194004352,05/05/2026,0.5152118033338358,1.941
194058587,05/05/2026,0.5405686145253483,1.85
194037370,05/05/2026,0.5051264292559131,1.98
194037372,05/05/2026,0.4638225124893577,2.156
193981510,05/05/2026,0.5056481088392117,1.978
194005724,05/05/2026,0.42106844590296927,2.375
194037352,05/05/2026,0.5139708496141032,1.946
193754978,05/05/2026,0.4929369256761828,2.029
192946172,05/05/2026,0.4999410153398769,2.0
192946163,05/05/2026,0.5555879578682723,1.8
194004317,05/05/2026,0.4598234135459325,2.175
194004321,05/05/2026,0.5491407639943783,1.821
194040172,05/05/2026,0.5270112242939922,1.897
194005630,05/05/2026,0.5381489587638199,1.858
194040167,05/05/2026,0.5509027338943407,1.815
194004375,05/05/2026,0.5242793544708673,1.907
193197988,05/05/2026,0.5374667049291062,1.861
193327105,05/05/2026,0.44810837817678656,2.232
194130209,05/05/2026,0.5617201765690323,1.78
194004372,05/05/2026,0.521538635398843,1.917
194041675,05/05/2026,0.5348594142962435,1.87
194041402,05/05/2026,0.5867748050328226,1.704
194041400,05/05/2026,0.5146520667523314,1.943
194005699,05/05/2026,0.5145308542219396,1.944
194005633,05/05/2026,0.564569403868668,1.771
194004300,05/05/2026,0.5579764058580641,1.792
194004381,05/05/2026,0.5288242901981558,1.891
194049765,05/05/2026,0.4926462214408625,2.03
194078530,05/05/2026,0.47899693339090577,2.088
194005717,05/05/2026,0.5056099347518728,1.978
194039265,05/05/2026,0.37554008160693636,2.663
194005748,05/05/2026,0.5232191915771457,1.911
194049847,05/05/2026,0.4983053480661573,2.007
194005647,05/05/2026,0.5261740895325403,1.901
194004305,05/05/2026,0.4770804813742917,2.096
194041398,05/05/2026,0.5563951995497364,1.797
194037343,05/05/2026,0.501770404359261,1.993
194096186,05/05/2026,0.5836706574171726,1.713
194004303,05/05/2026,0.5159580124769627,1.938
194113516,05/05/2026,0.4395871706731858,2.275
194043662,06/05/2026,0.522140110361269,1.915
194044289,06/05/2026,0.5067144979593373,1.973
194188202,06/05/2026,0.544241535135726,1.837
194048330,06/05/2026,0.45365968913159627,2.204
194094534,06/05/2026,0.5459664708515481,1.832
194046749,06/05/2026,0.5748903808688994,1.739
194046736,06/05/2026,0.5798179187204582,1.725
193113721,06/05/2026,0.4561633877973878,2.192
193113718,06/05/2026,0.5099262161312698,1.961
193113732,06/05/2026,0.5142209980808436,1.945
193113749,06/05/2026,0.48405386476161366,2.066
194048564,06/05/2026,0.6195919644973659,1.614
194043442,06/05/2026,0.4813591838580212,2.077
194043387,06/05/2026,0.5367124049880191,1.863
194043489,06/05/2026,0.5678159154160598,1.761
194054313,06/05/2026,0.480104174423226,2.083
194094167,06/05/2026,0.48361379502550494,2.068
194089738,06/05/2026,0.5623954900438646,1.778
194048335,06/05/2026,0.5211998766664538,1.919
193330342,06/05/2026,0.4537906953702829,2.204
194094537,06/05/2026,0.5887708512545785,1.698
194054318,06/05/2026,0.5615618712051836,1.781
194043745,06/05/2026,0.5282675710836988,1.893
194054246,06/05/2026,0.4467650696098659,2.238
194149446,06/05/2026,0.5482070552251485,1.824
194089919,06/05/2026,0.4780518101237897,2.092
194043872,06/05/2026,0.5404907101574211,1.85
194044301,06/05/2026,0.5302174518646566,1.886
194048326,06/05/2026,0.5536330162090567,1.806
194089748,06/05/2026,0.5173162678881966,1.933
194089744,06/05/2026,0.4993515879702628,2.003
194089732,06/05/2026,0.5181598910875653,1.93
194043810,06/05/2026,0.5276565211058103,1.895
194094546,06/05/2026,0.5851055105281184,1.709
194044026,06/05/2026,0.5245948715662886,1.906
194048328,06/05/2026,0.6000461763757422,1.667
194094559,06/05/2026,0.5015339250384796,1.994
194089756,06/05/2026,0.5093201057232646,1.963
193754987,06/05/2026,0.5426442262093496,1.843
194045163,06/05/2026,0.6333241974073698,1.579
194044931,06/05/2026,0.4931166311186219,2.028
194104433,06/05/2026,0.47073301278219887,2.124
194104438,06/05/2026,0.4988912738487262,2.004
194104444,06/05/2026,0.4755178304335311,2.103
194054257,06/05/2026,0.5084079780009572,1.967
194104451,06/05/2026,0.4808212667334499,2.08
194104456,06/05/2026,0.4742857017101113,2.108
194054330,06/05/2026,0.5160917492717937,1.938
194048475,06/05/2026,0.4605511614417518,2.171
194045369,06/05/2026,0.5379683016248219,1.859
194046703,06/05/2026,0.5363475294318265,1.864
194046711,06/05/2026,0.5173464821405895,1.933
194148782,06/05/2026,0.3454507184275218,2.895
194045660,06/05/2026,0.5054248374856933,1.979
194045653,06/05/2026,0.5474458073391444,1.827
194054274,06/05/2026,0.6282390237973523,1.592
194046716,06/05/2026,0.5336745511408786,1.874
194044977,06/05/2026,0.4787883432217833,2.089
193754985,06/05/2026,0.4860966364208104,2.057
194044286,06/05/2026,0.469756597187167,2.129
194048561,06/05/2026,0.5668252007289304,1.764
194152426,06/05/2026,0.5154979707173338,1.94
194045161,06/05/2026,0.5867878701606178,1.704
194048478,06/05/2026,0.2939854443794664,3.402
193327111,06/05/2026,0.5312240594538976,1.882
194102767,06/05/2026,0.5003760768857409,1.998
194044757,06/05/2026,0.5147062535706607,1.943
194102776,06/05/2026,0.48317609387492283,2.07
194094408,06/05/2026,0.5257226811420117,1.902
194093919,06/05/2026,0.489639979712434,2.042
194053591,06/05/2026,0.5597484977834016,1.787
194053589,06/05/2026,0.5081339147923434,1.968
194088123,06/05/2026,0.5760544890194998,1.736
194053585,06/05/2026,0.5821552364265389,1.718
194094189,06/05/2026,0.5036104936775058,1.986
194104418,06/05/2026,0.493464932634286,2.026
194048574,06/05/2026,0.4516106306821588,2.214
194048570,06/05/2026,0.5810447758731807,1.721
194048567,06/05/2026,0.43699200181939674,2.288
194186703,06/05/2026,0.4218392542018432,2.371
194085158,06/05/2026,0.4809077638641487,2.079
194043945,06/05/2026,0.511793019889868,1.954
194132532,06/05/2026,0.48877674631828444,2.046
193719227,06/05/2026,0.5141184702983588,1.945
194129864,06/05/2026,0.5236851214365567,1.91
194129877,06/05/2026,0.45259255543728427,2.209
194131674,06/05/2026,0.4979473693469568,2.008
194122541,06/05/2026,0.6139301020972002,1.629
194131669,06/05/2026,0.5103708984694163,1.959
194152184,06/05/2026,0.5000740306619698,2.0
193719229,06/05/2026,0.5148980208448435,1.942
193720871,06/05/2026,0.5186297288336877,1.928
194075277,06/05/2026,0.5596009781923381,1.787
194152459,06/05/2026,0.48020340869519246,2.082
194156429,06/05/2026,0.4810526550284345,2.079
193720876,06/05/2026,0.503570765305913,1.986
194131167,06/05/2026,0.5163431221199766,1.937
194187314,06/05/2026,0.5772918156256942,1.732
193936431,06/05/2026,0.5017125054267974,1.993
194152186,06/05/2026,0.5063288527730091,1.975
194131660,06/05/2026,0.5015680658185238,1.994
194154260,06/05/2026,0.5242261739995874,1.908
194046719,06/05/2026,0.5317043865767841,1.881
194152462,06/05/2026,0.4788696525942086,2.088
193719235,06/05/2026,0.5409557213312771,1.849
193720885,06/05/2026,0.5182869814198107,1.929
194156438,06/05/2026,0.5115483773498299,1.955
193719241,06/05/2026,0.5585065125030856,1.79
194154296,06/05/2026,0.5378584127995756,1.859
193936415,06/05/2026,0.5142308226371278,1.945
194044973,06/05/2026,0.49420166433811763,2.023
194156433,06/05/2026,0.5177859540876442,1.931
194231085,06/05/2026,0.5514712923765398,1.813
194133808,06/05/2026,0.5643672521881157,1.772
194190377,06/05/2026,0.5051740814473257,1.98
192948106,06/05/2026,0.5700545423012785,1.754
194149433,06/05/2026,0.552634673824785,1.81
194187427,06/05/2026,0.5164239496527014,1.936
193720881,06/05/2026,0.5310493858682022,1.883
194154305,06/05/2026,0.5233888262893851,1.911
194187573,06/05/2026,0.5612377433258502,1.782
194154300,06/05/2026,0.557061462411827,1.795
194152598,06/05/2026,0.5333439542353414,1.875
194094697,06/05/2026,0.4943087990498717,2.023
194093460,06/05/2026,0.6270604949153915,1.595
194093464,06/05/2026,0.5943060594323192,1.683
194090767,06/05/2026,0.5576437248178743,1.793
193070547,06/05/2026,0.574741562703192,1.74
194094656,06/05/2026,0.6174420148109291,1.62
194046724,06/05/2026,0.5799141753152822,1.724
194083687,06/05/2026,0.5054759678714009,1.978
194002848,06/05/2026,0.5373748369657361,1.861
194046819,06/05/2026,0.5258122001578889,1.902
194054290,06/05/2026,0.34904792395946865,2.865
194046784,06/05/2026,0.5150599785525913,1.942
194089761,06/05/2026,0.5280096130112567,1.894
194054296,06/05/2026,0.6183962697269297,1.617
194091433,06/05/2026,0.5501789661757978,1.818
194002856,06/05/2026,0.5141218238719284,1.945
192939318,06/05/2026,0.5419655377289934,1.845
194095183,06/05/2026,0.505950105324875,1.976
194188205,06/05/2026,0.5465064497490765,1.83
194169289,06/05/2026,0.5204668503106212,1.921
194154308,06/05/2026,0.5366829286454456,1.863
194150699,06/05/2026,0.5352117353966783,1.868
194150706,06/05/2026,0.5054621462081169,1.978
194093745,06/05/2026,0.5861084768538098,1.706
193719218,06/05/2026,0.5068342106098511,1.973
194092852,06/05/2026,0.5058356835252967,1.977
194090257,06/05/2026,0.5608026890719543,1.783
194088836,06/05/2026,0.5104540215607019,1.959
194087213,06/05/2026,0.5196537281115935,1.924
193720861,06/05/2026,0.5592878541946317,1.788
193719223,06/05/2026,0.5323274509342836,1.879
193720865,06/05/2026,0.4874973893836283,2.051
194149286,06/05/2026,0.5711404207469057,1.751
194152423,06/05/2026,0.5250806381085982,1.904
194090772,06/05/2026,0.2847886431592841,3.511
194152456,06/05/2026,0.5157098664002768,1.939
194075765,06/05/2026,0.5870757559067631,1.703
194132220,06/05/2026,0.48747604365816055,2.051
194043554,06/05/2026,0.5091264065995322,1.964
194045391,06/05/2026,0.5460723043091473,1.831
192943396,06/05/2026,0.5346354584299499,1.87
194046709,06/05/2026,0.5043086837292126,1.983
194046705,06/05/2026,0.5207333100372511,1.92
193327972,06/05/2026,0.5578716807365375,1.793
194094841,06/05/2026,0.5821376879292848,1.718
194045257,06/05/2026,0.4026670464110349,2.483
194045255,06/05/2026,0.544286608112464,1.837
194045123,06/05/2026,0.5625282746645001,1.778
194094845,06/05/2026,0.5932270556463264,1.686
194094504,06/05/2026,0.5630838446168096,1.776
194151405,06/05/2026,0.5186709278858962,1.928
194054250,06/05/2026,0.2587929938022826,3.864
194088549,06/05/2026,0.4747947122773114,2.106
193329632,06/05/2026,0.5313368895173233,1.882
194043948,06/05/2026,0.5487084852775357,1.822
194148528,06/05/2026,0.6412476367125851,1.559
194184539,06/05/2026,0.5348535016369825,1.87
193200850,06/05/2026,0.5057286654661233,1.977
194048356,06/05/2026,0.4882158217367691,2.048
193327979,06/05/2026,0.47995159769362306,2.084
193327974,06/05/2026,0.500173403205749,1.999
194150733,06/05/2026,0.4770780230081065,2.096
194043421,06/05/2026,0.5160883904403831,1.938
194150728,06/05/2026,0.45718651287028994,2.187
194046754,06/05/2026,0.5316687243866026,1.881
194044304,06/05/2026,0.526872682721565,1.898
194043839,06/05/2026,0.5140862993189784,1.945
194045121,06/05/2026,0.5776552021730933,1.731
194156454,06/05/2026,0.5294934105736878,1.889
193327983,06/05/2026,0.5531810468678479,1.808
194093433,06/05/2026,0.5358100043419122,1.866
194044911,06/05/2026,0.5395722673566098,1.853
194048544,06/05/2026,0.49179065312894005,2.033
194044941,06/05/2026,0.5502212992192329,1.817
194043835,06/05/2026,0.531100485137878,1.883
194053615,06/05/2026,0.5446210145588627,1.836
194053612,06/05/2026,0.5404704241089586,1.85
194048555,06/05/2026,0.4833431110962549,2.069
194088547,06/05/2026,0.48305192148967296,2.07
194088544,06/05/2026,0.5294709738391649,1.889
194088532,06/05/2026,0.41620002155448,2.403
194044169,06/05/2026,0.510861617725466,1.957
193329588,06/05/2026,0.5003339723035272,1.999
193329621,06/05/2026,0.4691275206066573,2.132
193329619,06/05/2026,0.574270728602335,1.741
193329586,06/05/2026,0.49744425045129154,2.01
193329583,06/05/2026,0.493230123159943,2.027
193329581,06/05/2026,0.5310261135044808,1.883
193329614,06/05/2026,0.4701196606582371,2.127
193329617,06/05/2026,0.41462559373572844,2.412
193329576,06/05/2026,0.5310199880373615,1.883
193329611,06/05/2026,0.5100728837012312,1.961
193329595,06/05/2026,0.5275123549494266,1.896
193329592,06/05/2026,0.5026700948106018,1.989
193200830,06/05/2026,0.5034384529114169,1.986
193200833,06/05/2026,0.5146131558849456,1.943
194052756,06/05/2026,0.5795728955192433,1.725
194048384,06/05/2026,0.5585266917203257,1.79
193383520,06/05/2026,0.5268074342987883,1.898
193329626,06/05/2026,0.5035715495437169,1.986
194186474,06/05/2026,0.5007619701552959,1.997
193329603,06/05/2026,0.5182452828412895,1.93
193329578,06/05/2026,0.5401322043877959,1.851
194184537,06/05/2026,0.5272931734715053,1.896
194151403,06/05/2026,0.5040517299021207,1.984
194151408,06/05/2026,0.5224538545025865,1.914
193200848,06/05/2026,0.52114887783824,1.919
193200846,06/05/2026,0.4888835577298091,2.045
194151394,06/05/2026,0.545149650414684,1.834
194041194,06/05/2026,0.5380094828441612,1.859
193200844,06/05/2026,0.4934541840401187,2.027
194048381,06/05/2026,0.5948170616804196,1.681
194151397,06/05/2026,0.5243777824748761,1.907
193200842,06/05/2026,0.46691496371481056,2.142
193200840,06/05/2026,0.5514821326706163,1.813
193329629,06/05/2026,0.5347324891730154,1.87
193200838,06/05/2026,0.5453361148588535,1.834
193200836,06/05/2026,0.5174491493952461,1.933
193329624,06/05/2026,0.5273148883075486,1.896
193329609,06/05/2026,0.5321494183471179,1.879
193329590,06/05/2026,0.5319765947613914,1.88
194048469,06/05/2026,0.5009764775479132,1.996
194093467,06/05/2026,0.5198003579165416,1.924
194129420,06/05/2026,0.5275688397136676,1.895
194048467,06/05/2026,0.5495364889250359,1.82
194048484,06/05/2026,0.3924637090984755,2.548
194053583,06/05/2026,0.5115397624018783,1.955
194044312,06/05/2026,0.5007734854702874,1.997
194044877,06/05/2026,0.5597856470042654,1.786
194044865,06/05/2026,0.5494672610314982,1.82
194044815,06/05/2026,0.5090809121181475,1.964
194048578,06/05/2026,0.6284104642129608,1.591
194044813,06/05/2026,0.5648643767139446,1.77
194044796,06/05/2026,0.528703420588404,1.891
194044869,06/05/2026,0.48548456162185594,2.06
194044754,06/05/2026,0.5006211551584461,1.998
194044751,06/05/2026,0.5153572044056132,1.94
194044656,06/05/2026,0.49976162902113525,2.001
194044879,06/05/2026,0.5156647451670133,1.939
194044654,06/05/2026,0.560922351614844,1.783
194044806,06/05/2026,0.5336198333480784,1.874
194046751,06/05/2026,0.5251205759505495,1.904
194044862,06/05/2026,0.4419805334164043,2.263
193754980,06/05/2026,0.5054187714029739,1.979
194044820,06/05/2026,0.5084174616908566,1.967
194054322,06/05/2026,0.463192395949897,2.159
194054302,06/05/2026,0.551596636665566,1.813
194043438,06/05/2026,0.5547222645397769,1.803
194093469,06/05/2026,0.5391791802714334,1.855
194054244,06/05/2026,0.5130756907586164,1.949
193383523,06/05/2026,0.5335994816483719,1.874
194044818,06/05/2026,0.5232031252232634,1.911
194044823,06/05/2026,0.5401933332486195,1.851
194044825,06/05/2026,0.5249899815943377,1.905
194048580,06/05/2026,0.6135587303757308,1.63
194048572,06/05/2026,0.567968347322375,1.761
194122197,06/05/2026,0.37272574410068654,2.683
194102781,06/05/2026,0.5602226641627974,1.785
194054326,06/05/2026,0.5285540668737355,1.892
194156450,06/05/2026,0.44934461725385483,2.225
194142329,06/05/2026,0.6226591792530929,1.606
194044650,06/05/2026,0.46166128575665344,2.166
194044647,06/05/2026,0.5370817775627621,1.862
193383517,06/05/2026,0.5046035652489659,1.982
194156458,06/05/2026,0.5372650545615042,1.861
194053598,06/05/2026,0.5384150894057568,1.857
194053587,06/05/2026,0.5372991336683173,1.861
194094278,06/05/2026,0.5793142233995338,1.726
194093922,06/05/2026,0.4876011610522235,2.051
194054242,06/05/2026,0.4300008811342396,2.326
194135754,06/05/2026,0.568035405642345,1.76
194096130,06/05/2026,0.554663210294702,1.803
194045329,06/05/2026,0.4843035177159811,2.065
194043424,06/05/2026,0.4707140828717404,2.124
194152465,06/05/2026,0.54753377932902,1.826
194054240,06/05/2026,0.5357308105381953,1.867
194134353,06/05/2026,0.5492311114311208,1.821
194152436,06/05/2026,0.5584124489492179,1.791
194044275,06/05/2026,0.5076843641022275,1.97
194044309,06/05/2026,0.5264705784415219,1.899
194104393,06/05/2026,0.4870615054576782,2.053
194045061,06/05/2026,0.4702004912595975,2.127
194053607,06/05/2026,0.5685227945969183,1.759
194053594,06/05/2026,0.5286322109535307,1.892
194152447,06/05/2026,0.5452733038562402,1.834
194102759,06/05/2026,0.5137066583722819,1.947
194094496,06/05/2026,0.4989508335244945,2.004
194102744,06/05/2026,0.5203674484745889,1.922
194093456,06/05/2026,0.486541425783332,2.055
194149148,06/05/2026,0.5476895786944155,1.826
194093453,06/05/2026,0.4296697798361533,2.327
194044652,06/05/2026,0.4757109084936799,2.102
194150697,06/05/2026,0.48891682306843315,2.045
194045648,06/05/2026,0.5253591512272034,1.903
194044644,06/05/2026,0.39565153123994734,2.527
194043429,06/05/2026,0.5043774606398176,1.983
193327109,06/05/2026,0.5319182511746204,1.88
194159053,06/05/2026,0.4882890308353951,2.048
194150694,06/05/2026,0.4112140290303673,2.432
194093472,06/05/2026,0.3843769926365333,2.602
194150272,06/05/2026,0.491539021206702,2.034
194094403,06/05/2026,0.4972847864610553,2.011
194048558,06/05/2026,0.4791448343493089,2.087
194145748,07/05/2026,0.5856229230566746,1.708
194145759,07/05/2026,0.5943919206486511,1.682
194145732,07/05/2026,0.5814663296017415,1.72
194144457,07/05/2026,0.49839311382890417,2.006
194145744,07/05/2026,0.5891728530715686,1.697
194145754,07/05/2026,0.6077421462476787,1.645
194112520,07/05/2026,0.6073478229642874,1.647
194095017,07/05/2026,0.4640105818506677,2.155
193127023,07/05/2026,0.5185642671699181,1.928
193127020,07/05/2026,0.5154593593684735,1.94
193127230,07/05/2026,0.5201060225332609,1.923
194112530,07/05/2026,0.5750943702224925,1.739
194111237,07/05/2026,0.5891513617702856,1.697
194112524,07/05/2026,0.5861037763165035,1.706
193127228,07/05/2026,0.5021345932582375,1.991
194098667,07/05/2026,0.6026033182373914,1.659
194112847,07/05/2026,0.5084044901515182,1.967
193330347,07/05/2026,0.5730834314858188,1.745
194100811,07/05/2026,0.4667182773097983,2.143
194110298,07/05/2026,0.4598405153615423,2.175
194111430,07/05/2026,0.5204897284177971,1.921
194134622,07/05/2026,0.4942719866249456,2.023
194150836,07/05/2026,0.5045908184225298,1.982
194097984,07/05/2026,0.624723929303014,1.601
194100789,07/05/2026,0.49970118606573216,2.001
194098003,07/05/2026,0.5498205067533635,1.819
194107518,07/05/2026,0.45724399540338434,2.187
194111423,07/05/2026,0.5451194217768683,1.834
194098681,07/05/2026,0.47110284924922774,2.123
194090354,07/05/2026,0.5235668037045484,1.91
194097753,07/05/2026,0.5405129006212028,1.85
194097637,07/05/2026,0.5265372208620573,1.899
194112844,07/05/2026,0.5244346781194215,1.907
194097564,07/05/2026,0.5223414284745888,1.914
194100780,07/05/2026,0.5001965536171517,1.999
194199201,07/05/2026,0.5361540050967365,1.865
194098675,07/05/2026,0.5389722480158856,1.855
193720896,07/05/2026,0.5729687167316514,1.745
193720900,07/05/2026,0.5177305997660838,1.932
194212256,07/05/2026,0.5721634267047714,1.748
194149239,07/05/2026,0.5210059386468852,1.919
194094862,07/05/2026,0.5145928587434488,1.943
194162129,07/05/2026,0.4240686515477078,2.358
194211179,07/05/2026,0.5514857295393628,1.813
194151674,07/05/2026,0.5534308408281038,1.807
194210966,07/05/2026,0.5683120807722698,1.76
194208713,07/05/2026,0.5736174725639056,1.743
194208709,07/05/2026,0.5961778546018691,1.677
194208705,07/05/2026,0.5346338832633596,1.87
194162075,07/05/2026,0.520024089059844,1.923
193719263,07/05/2026,0.5174453090504332,1.933
194111425,07/05/2026,0.5203000539510008,1.922
194148543,07/05/2026,0.5118184615387709,1.954
193333183,07/05/2026,0.5195102571818172,1.925
194111243,07/05/2026,0.5561222504576588,1.798
194199197,07/05/2026,0.551979766411446,1.812
194209971,07/05/2026,0.5141002889748408,1.945
194142529,07/05/2026,0.5122274468912619,1.952
194100784,07/05/2026,0.5209648494361097,1.92
194142589,07/05/2026,0.5245873758224854,1.906
193719249,07/05/2026,0.5034102762565388,1.986
193719245,07/05/2026,0.4485679060900867,2.229
193720890,07/05/2026,0.5363929323843303,1.864
194104390,07/05/2026,0.49775339060871343,2.009
193720892,07/05/2026,0.5309382085134292,1.883
194231088,07/05/2026,0.5484130297059003,1.823
194098677,07/05/2026,0.5338905795317674,1.873
194129874,07/05/2026,0.48726753517438004,2.052
194147543,07/05/2026,0.5954614101056173,1.679
194162119,07/05/2026,0.5209012507121479,1.92
194199206,07/05/2026,0.6170539461752127,1.621
193719254,07/05/2026,0.5077469396071049,1.969
194209897,07/05/2026,0.5051047744497199,1.98
194098757,07/05/2026,0.5050425635883019,1.98
194215885,07/05/2026,0.45600745707349566,2.193
194107492,07/05/2026,0.5415365697115314,1.847
194150338,07/05/2026,0.3429659590354002,2.916
194111241,07/05/2026,0.5438320094506177,1.839
194143647,07/05/2026,0.50353544913625,1.986
194146481,07/05/2026,0.5118927975928309,1.954
194107489,07/05/2026,0.5680376484342948,1.76
194100801,07/05/2026,0.4676395288709255,2.138
194112202,07/05/2026,0.5164259431711371,1.936
194201006,07/05/2026,0.4367715837523452,2.29
194111444,07/05/2026,0.5269096823581559,1.898
194111448,07/05/2026,0.5220865761125602,1.915
194111452,07/05/2026,0.5397250761327352,1.853
194104724,07/05/2026,0.5726831116017145,1.746
194104715,07/05/2026,0.48516594505544053,2.061
194104692,07/05/2026,0.4181681870230817,2.391
194104684,07/05/2026,0.5344104207579317,1.871
427038,07/05/2026,0.5598540488204178,1.786
194095015,07/05/2026,0.5211090760804432,1.919
194143587,07/05/2026,0.5094449144247943,1.963
194151556,07/05/2026,0.5108056453480747,1.958
194099023,07/05/2026,0.5044158279479132,1.982
194169293,07/05/2026,0.571975094396788,1.748
194126312,07/05/2026,0.5201013394585987,1.923
194125013,07/05/2026,0.5811418054494595,1.721
194104360,07/05/2026,0.5499249422216579,1.818
194110302,07/05/2026,0.5479474320312209,1.825
194232034,07/05/2026,0.5256858383494736,1.902
194104351,07/05/2026,0.49365443278414867,2.026
194100309,07/05/2026,0.4790480526406168,2.087
194100316,07/05/2026,0.5534893144189376,1.807
194100320,07/05/2026,0.5598525948455271,1.786
194100307,07/05/2026,0.5215787035717915,1.917
194107530,07/05/2026,0.39968916710104324,2.502
194100312,07/05/2026,0.5295717362250473,1.888
194131884,07/05/2026,0.5040214758132979,1.984
194143584,07/05/2026,0.5736810209717357,1.743
194095012,07/05/2026,0.4272931988886293,2.34
194046759,07/05/2026,0.4515959043484005,2.214
194212248,07/05/2026,0.5854402379071694,1.708
194146130,07/05/2026,0.5119929168027941,1.953
194098662,07/05/2026,0.5405332995126617,1.85
194097974,07/05/2026,0.5622064924119757,1.779
194098660,07/05/2026,0.3922434938662402,2.549
194098652,07/05/2026,0.5517752646835695,1.812
194098016,07/05/2026,0.5329489475485567,1.876
194097976,07/05/2026,0.5442593387243277,1.837
194098005,07/05/2026,0.5554236279805391,1.8
194215214,07/05/2026,0.5227396930885814,1.913
194215221,07/05/2026,0.5282729314872895,1.893
194097997,07/05/2026,0.5782178259163855,1.729
194104675,07/05/2026,0.5134174100997885,1.948
194099096,07/05/2026,0.4328204301780176,2.31
194146485,07/05/2026,0.5152693274842688,1.941
194111402,07/05/2026,0.5032653337979888,1.987
193050365,07/05/2026,0.4806616868572833,2.08
194099321,07/05/2026,0.4844216607366884,2.064
194098013,07/05/2026,0.622806979934921,1.606
194144455,07/05/2026,0.4006767929026033,2.496
194103362,07/05/2026,0.5482466594771112,1.824
194100323,07/05/2026,0.5322716364929221,1.879
194104358,07/05/2026,0.37908217861741444,2.638
194211144,07/05/2026,0.5625107014864336,1.778
194098000,07/05/2026,0.6320975291064871,1.582
194107522,07/05/2026,0.4919737381492978,2.033
194146083,07/05/2026,0.6041955024458021,1.655
194147241,07/05/2026,0.5191855634024073,1.926
194104682,07/05/2026,0.4722162210257509,2.118
194189954,07/05/2026,0.5025860255895332,1.99
194210641,07/05/2026,0.5162196230118861,1.937
194110296,07/05/2026,0.49125752816127793,2.036
194104355,07/05/2026,0.5103729600496535,1.959
194099042,07/05/2026,0.5235681703700081,1.91
194098007,07/05/2026,0.5981543793053763,1.672
194098009,07/05/2026,0.5221633928935528,1.915
194199733,08/05/2026,0.5112084077025276,1.956
194110467,08/05/2026,0.3858022705220649,2.592
194157183,08/05/2026,0.5367599539937905,1.863
193286203,08/05/2026,0.48870027660482745,2.046
194110463,08/05/2026,0.47935479381678076,2.086
194149804,08/05/2026,0.5222588904778523,1.915
194257369,08/05/2026,0.44967209445459405,2.224
194216570,08/05/2026,0.46154686810257595,2.167
194216716,08/05/2026,0.552440186916834,1.81
194161530,08/05/2026,0.5628231209990268,1.777
194163044,08/05/2026,0.5026545198964114,1.989
194132679,08/05/2026,0.4877085065247881,2.05
194216501,08/05/2026,0.5082666222127071,1.967
194116156,08/05/2026,0.5555146241120382,1.8
194115463,08/05/2026,0.5526579041490799,1.809
194155320,08/05/2026,0.5294607893736996,1.889
194199736,08/05/2026,0.4482079259810134,2.231
194116140,08/05/2026,0.5443075788819918,1.837
194221517,08/05/2026,0.48300116588112846,2.07
193719871,08/05/2026,0.47286722554369487,2.115
194206625,08/05/2026,0.5979785452512845,1.672
194204642,08/05/2026,0.5094646042347297,1.963
193332414,08/05/2026,0.5118221664295064,1.954
194259619,08/05/2026,0.48160823386699125,2.076
194206640,08/05/2026,0.561697361298927,1.78
194199059,08/05/2026,0.48490506291209445,2.062
194199008,08/05/2026,0.44214231001767784,2.262
193004916,08/05/2026,0.48545442034534275,2.06
193757965,08/05/2026,0.46333136196515967,2.158
193757967,08/05/2026,0.5610921576916565,1.782
193757970,08/05/2026,0.5105119820620555,1.959
194152309,08/05/2026,0.5440342026645464,1.838
193757974,08/05/2026,0.5796107459903471,1.725
194255222,08/05/2026,0.5442576975323613,1.837
194110445,08/05/2026,0.4587967104117518,2.18
193330088,08/05/2026,0.4937281286145389,2.025
194110451,08/05/2026,0.39668521408457535,2.521
194110455,08/05/2026,0.5528964310274369,1.809
194110459,08/05/2026,0.2766031857386685,3.615
194153543,08/05/2026,0.37169299499129027,2.69
194204371,08/05/2026,0.5565757008313331,1.797
194153533,08/05/2026,0.5981979104895334,1.672
193757977,08/05/2026,0.5672988200163794,1.763
194257181,08/05/2026,0.5603698331160258,1.785
194157711,08/05/2026,0.55500930645717,1.802
194298287,08/05/2026,0.5773798399767845,1.732
194258168,08/05/2026,0.531398041890627,1.882
194163012,08/05/2026,0.47967113407709466,2.085
193197996,08/05/2026,0.5076592448864706,1.97
194162987,08/05/2026,0.5222076999300795,1.915
194162984,08/05/2026,0.5095498714195069,1.963
193319764,08/05/2026,0.5087415986492615,1.966
193320595,08/05/2026,0.5373759436736268,1.861
193320676,08/05/2026,0.5397002924839588,1.853
193320684,08/05/2026,0.545600986152634,1.833
193331526,08/05/2026,0.5072774969365802,1.971
193327119,08/05/2026,0.5415856017199264,1.846
193331445,08/05/2026,0.49048411668466657,2.039
194206642,08/05/2026,0.5692937131320213,1.757
193331850,08/05/2026,0.5768351505985782,1.734
194252356,08/05/2026,0.5506479096696059,1.816
193331973,08/05/2026,0.5797950129924702,1.725
194155317,08/05/2026,0.5743880414247874,1.741
194155313,08/05/2026,0.5264612964473383,1.899
193756222,08/05/2026,0.5812101403884258,1.721
193757631,08/05/2026,0.5401860682862534,1.851
193004924,08/05/2026,0.5051648791240217,1.98
194116133,08/05/2026,0.5473458614382494,1.827
193001726,08/05/2026,0.5804424573406476,1.723
194115427,08/05/2026,0.5708793541195545,1.752
194155092,08/05/2026,0.5667657177205623,1.764
194163030,08/05/2026,0.4565591922072922,2.19
194151718,08/05/2026,0.5099863079374295,1.961
194116135,08/05/2026,0.5647779919600174,1.771
194135216,08/05/2026,0.4212983718317896,2.374
194204807,08/05/2026,0.568063904173574,1.76
194116131,08/05/2026,0.5079320973032085,1.969
194110627,08/05/2026,0.43686505383045054,2.289
194151720,08/05/2026,0.4887017756746324,2.046
194116144,08/05/2026,0.5950774896337839,1.68
194115460,08/05/2026,0.5755253856775789,1.738
194115421,08/05/2026,0.5584088324413661,1.791
194115458,08/05/2026,0.5951258923256256,1.68
194115433,08/05/2026,0.4084748488994931,2.448
194115443,08/05/2026,0.5588288995487026,1.789
194116138,08/05/2026,0.5988510163796411,1.67
194116149,08/05/2026,0.5669109237200308,1.764
194173206,08/05/2026,0.5029545175011508,1.988
194116142,08/05/2026,0.5649322976338284,1.77
194115455,08/05/2026,0.5961306062565694,1.677
194115417,08/05/2026,0.5632827378194537,1.775
193000787,08/05/2026,0.5330264829973115,1.876
193201031,08/05/2026,0.4298896794008686,2.326
194152242,08/05/2026,0.6157685487526787,1.624
194218875,08/05/2026,0.5143350969589411,1.944
194151042,08/05/2026,0.4756572025476762,2.102
194153842,08/05/2026,0.4912744233645342,2.036
194163625,08/05/2026,0.49934202917350445,2.003
194163495,08/05/2026,0.5932371945707435,1.686
194052217,08/05/2026,0.5126691506778349,1.951
194266510,08/05/2026,0.5072377135852213,1.971
194152560,08/05/2026,0.5280116955752614,1.894
194298297,08/05/2026,0.5889017214911005,1.698
193820486,08/05/2026,0.49075610852798907,2.038
194214216,08/05/2026,0.3670464467726592,2.724
194093977,08/05/2026,0.374292181388202,2.672
194151693,08/05/2026,0.5041157215495979,1.984
194155329,08/05/2026,0.5186507812769937,1.928
193326570,08/05/2026,0.48655039593221644,2.055
194298301,08/05/2026,0.5952706842977207,1.68
194203535,08/05/2026,0.4195108882726801,2.384
194149799,08/05/2026,0.48455482984260007,2.064
194155326,08/05/2026,0.6007720881729308,1.665
193333192,08/05/2026,0.4926180017589662,2.03
194155070,08/05/2026,0.5251749867449994,1.904
194057596,08/05/2026,0.4801249260283847,2.083
194156000,08/05/2026,0.6117960242455405,1.635
194252147,08/05/2026,0.46979864251594927,2.129
194155800,08/05/2026,0.6124513590339447,1.633
194154808,08/05/2026,0.5979396114711321,1.672
194154298,08/05/2026,0.5763177196515705,1.735
194156126,08/05/2026,0.5002685263659806,1.999
194153196,08/05/2026,0.3202752165024417,3.122
194153201,08/05/2026,0.2497300833777009,4.004
194154286,08/05/2026,0.5461412418760342,1.831
194150579,08/05/2026,0.57609080338781,1.736
194206502,08/05/2026,0.36836273704707545,2.715
194343414,08/05/2026,0.5930915942751696,1.686
194160727,08/05/2026,0.5801804415492885,1.724
194160722,08/05/2026,0.547609354244391,1.826
193333203,08/05/2026,0.4956988786909361,2.017
194216222,08/05/2026,0.5837617446205496,1.713
194157708,08/05/2026,0.5256875364953588,1.902
194157482,08/05/2026,0.539276330756869,1.854
194067568,08/05/2026,0.48449742762763764,2.064
194163564,08/05/2026,0.5178385012193154,1.931
194155066,08/05/2026,0.5035004430143983,1.986
194153653,08/05/2026,0.6304194296354064,1.586
193319707,08/05/2026,0.5029965796615771,1.988
193329723,08/05/2026,0.5210812065034782,1.919
194150998,08/05/2026,0.5286655653081583,1.892
194153155,08/05/2026,0.49941213812976054,2.002
194153149,08/05/2026,0.5109328409879512,1.957
194153144,08/05/2026,0.5093304511756439,1.963
194153140,08/05/2026,0.5324231124573902,1.878
193331358,08/05/2026,0.4990280612639982,2.004
193004934,08/05/2026,0.5033245303705687,1.987
193004907,08/05/2026,0.48135159980189063,2.077
193004926,08/05/2026,0.5159246170708176,1.938
193003550,08/05/2026,0.5104694824407154,1.959
194162214,08/05/2026,0.4654467342782404,2.148
193004928,08/05/2026,0.5117148201678888,1.954
193004910,08/05/2026,0.5386637161597111,1.856
193004930,08/05/2026,0.5509940215038911,1.815
193004938,08/05/2026,0.4991581262693153,2.003
193004936,08/05/2026,0.5015082444526593,1.994
194153539,08/05/2026,0.552803867355285,1.809
193997167,08/05/2026,0.5192058236079454,1.926
193762012,08/05/2026,0.4883683586748923,2.048
194152238,08/05/2026,0.5155514702117255,1.94
193004733,08/05/2026,0.5271994629797506,1.897
193201029,08/05/2026,0.49256509109782837,2.03
193201027,08/05/2026,0.5160456985193415,1.938
193201025,08/05/2026,0.5368776822607133,1.863
194155323,08/05/2026,0.6093496178960839,1.641
194132675,08/05/2026,0.5904198956508341,1.694
194151780,08/05/2026,0.5996950278072052,1.668
194173215,08/05/2026,0.5707872335843402,1.752
194132677,08/05/2026,0.6147861343574728,1.627
194132673,08/05/2026,0.5549933157449081,1.802
193319747,08/05/2026,0.5346459782703069,1.87
193107590,08/05/2026,0.4891596584221816,2.044
194204333,08/05/2026,0.5597667936293026,1.786
194142521,08/05/2026,0.5066541584898233,1.974
194259621,08/05/2026,0.5681959450453238,1.76
194206630,08/05/2026,0.6043857040436673,1.655
193989622,08/05/2026,0.5070658186274882,1.972
194253797,08/05/2026,0.5186774691751321,1.928
193003387,08/05/2026,0.5094685749208661,1.963
194152802,08/05/2026,0.5394048317175172,1.854
194298292,08/05/2026,0.5737699082453239,1.743
194153153,08/05/2026,0.5315853236563407,1.881
193005727,08/05/2026,0.49363072403224,2.026
193201022,08/05/2026,0.5221877840638711,1.915
194206633,08/05/2026,0.5886068651885099,1.699
194257960,08/05/2026,0.5993494386137335,1.668
194111553,08/05/2026,0.5918492039984415,1.69
194173224,08/05/2026,0.5620605230152619,1.779
194113557,08/05/2026,0.5180791377293795,1.93
194136432,08/05/2026,0.5015956486861791,1.994
194135963,08/05/2026,0.5599422897892582,1.786
194136538,08/05/2026,0.5884631170958182,1.699
194111555,08/05/2026,0.5506343145938121,1.816
194111557,08/05/2026,0.4967924997484101,2.013
194204645,08/05/2026,0.538391150108151,1.857
194136541,08/05/2026,0.5882142644769105,1.7
194111544,08/05/2026,0.5616600050677214,1.78
194159686,08/05/2026,0.5417450731525812,1.846
194111547,08/05/2026,0.5039436249801598,1.984
193268655,08/05/2026,0.5358836419947236,1.866
194148368,08/05/2026,0.5476363235801652,1.826
194151606,08/05/2026,0.6059936408599619,1.65
194115762,08/05/2026,0.5472109052294338,1.827
194162425,08/05/2026,0.48062632519988263,2.081
193268653,08/05/2026,0.5069959512535679,1.972
194136642,08/05/2026,0.556505180301555,1.797
194112856,08/05/2026,0.5111158912916276,1.957
194110653,08/05/2026,0.5466956222652933,1.829
193758259,08/05/2026,0.5642826579198605,1.772
194153030,08/05/2026,0.5252815474645971,1.904
194153913,08/05/2026,0.5723308004752251,1.747
194160717,08/05/2026,0.5295905202843717,1.888
194254845,08/05/2026,0.4691057380738029,2.132
194153024,08/05/2026,0.5440965149388312,1.838
194135972,08/05/2026,0.5102905894498625,1.96
194135974,08/05/2026,0.5394314600781509,1.854
194135976,08/05/2026,0.5850890181352894,1.709
194135980,08/05/2026,0.5329030826540178,1.877
194135989,08/05/2026,0.5216006125769489,1.917
194206646,08/05/2026,0.5616228540225451,1.781
194110662,08/05/2026,0.5576869071527417,1.793
194162980,08/05/2026,0.5570719695610384,1.795
194267372,08/05/2026,0.5050822307818853,1.98
194258290,08/05/2026,0.4111258606581,2.432
194153911,08/05/2026,0.5380238954531757,1.859
194114039,08/05/2026,0.6194224769639239,1.614
194203460,08/05/2026,0.48972547699445146,2.042
194114051,08/05/2026,0.5129019806195569,1.95
193758261,08/05/2026,0.47169953355975053,2.12
194151778,08/05/2026,0.5161159010058102,1.938
194194568,08/05/2026,0.49190844061131667,2.033
194163238,08/05/2026,0.4792435289863057,2.087
194151442,08/05/2026,0.5716677138430604,1.749
194112862,08/05/2026,0.6020672534006306,1.661
194256678,08/05/2026,0.5407542022653767,1.849
194136002,08/05/2026,0.5566076815256744,1.797
194204057,08/05/2026,0.6222363955584607,1.607
194199280,08/05/2026,0.5276471860173855,1.895
194151283,08/05/2026,0.5297431641439198,1.888
194151705,08/05/2026,0.5933513020246115,1.685
194113602,08/05/2026,0.5509710988361809,1.815
194154302,08/05/2026,0.4705537706203603,2.125
194151667,08/05/2026,0.5965771368286101,1.676
194151669,08/05/2026,0.5993512637809436,1.668
194280442,08/05/2026,0.6060810112984811,1.65
194112869,08/05/2026,0.49946099652539083,2.002
194132383,08/05/2026,0.5864087476928529,1.705
194162433,08/05/2026,0.5085492652220178,1.966
194198932,08/05/2026,0.5199943427009024,1.923
194290825,08/05/2026,0.5159977579525787,1.938
194199275,08/05/2026,0.5439118677649599,1.839
194112280,08/05/2026,0.5534606877354094,1.807
194094864,08/05/2026,0.5919926667142634,1.689
194203951,08/05/2026,0.4814202327647715,2.077
194298303,08/05/2026,0.5422706494048847,1.844
194136426,08/05/2026,0.4926384050101112,2.03
194136915,08/05/2026,0.4596188944098382,2.176
194135965,08/05/2026,0.5211569546698477,1.919
194136638,08/05/2026,0.5754639282591959,1.738
194112864,08/05/2026,0.6072771307727655,1.647
194112858,08/05/2026,0.5420486641479595,1.845
194163001,08/05/2026,0.49327970812000294,2.027
194111549,08/05/2026,0.5460442728396091,1.831
194154208,08/05/2026,0.49307410056735557,2.028
194111551,08/05/2026,0.5898725858557942,1.695
194252028,08/05/2026,0.4915686885571979,2.034
194204814,08/05/2026,0.46890511299642895,2.133
194112860,08/05/2026,0.6164562367281172,1.622
194162429,08/05/2026,0.5346196233570193,1.87
194136640,08/05/2026,0.5595017370900658,1.787
194112854,08/05/2026,0.575884998706579,1.736
194111541,08/05/2026,0.5747810387847162,1.74
194151716,08/05/2026,0.4571450644891501,2.187
194132338,08/05/2026,0.5414864533605462,1.847
194271667,08/05/2026,0.5620853420998336,1.779
194251935,08/05/2026,0.36942890290043545,2.707
193268978,08/05/2026,0.609793490561235,1.64
194112851,08/05/2026,0.4982862196304794,2.007
193268651,08/05/2026,0.5437971523129875,1.839
194104339,08/05/2026,0.5292499726322066,1.889
193268648,08/05/2026,0.47261817666241096,2.116
194151714,08/05/2026,0.47411888269137964,2.109
194098654,08/05/2026,0.5628861117064704,1.777
194098656,08/05/2026,0.48317981785960074,2.07
194098658,08/05/2026,0.4821970141527381,2.074
194156066,08/05/2026,0.555480046437281,1.8
194163880,08/05/2026,0.5408511811957076,1.849
193331614,08/05/2026,0.5661968633326966,1.766
193331262,08/05/2026,0.5304455488952843,1.885
194150332,08/05/2026,0.5481785504483131,1.824
194150320,08/05/2026,0.4693790253538539,2.13
194173212,08/05/2026,0.5164749096271982,1.936
194163005,08/05/2026,0.5580832077728999,1.792
194273038,08/05/2026,0.5475339049982427,1.826
194273030,08/05/2026,0.5572099460427118,1.795
194267274,08/05/2026,0.4299780553667349,2.326
193331237,08/05/2026,0.5396432851132227,1.853
194115419,08/05/2026,0.5518034759403683,1.812
193331287,08/05/2026,0.5450609040100929,1.835
193331271,08/05/2026,0.5258240320732833,1.902
193331277,08/05/2026,0.5222910271744919,1.915
194091020,08/05/2026,0.5062275364275804,1.975
194085246,08/05/2026,0.500212027711716,1.999
194156072,08/05/2026,0.4000567118351906,2.5
194150334,08/05/2026,0.31437288321688717,3.181
194110621,08/05/2026,0.5055076550984657,1.978
194151776,08/05/2026,0.5736607807612005,1.743
194204428,08/05/2026,0.5511492927898088,1.814
194155309,08/05/2026,0.500200819537365,1.999
194110438,08/05/2026,0.5872510633390172,1.703
193001531,08/05/2026,0.579836957670826,1.725
193001539,08/05/2026,0.5152752834678997,1.941
194151467,08/05/2026,0.5615210813789097,1.781
194155305,08/05/2026,0.5170490343468425,1.934
193331510,08/05/2026,0.5170353535974136,1.934
194156577,08/05/2026,0.3910756421223331,2.557
194205506,08/05/2026,0.5313903313967185,1.882
194155098,08/05/2026,0.5872811034709697,1.703
194156059,08/05/2026,0.6162655469400221,1.623
194115425,08/05/2026,0.5671892198311502,1.763
194155300,08/05/2026,0.5457718117534296,1.832
194155294,08/05/2026,0.5727486229741477,1.746
194155100,08/05/2026,0.5939831111297279,1.684
193762010,08/05/2026,0.5136777342028663,1.947
194153041,08/05/2026,0.47121029697895356,2.122
194155072,08/05/2026,0.5754544761893731,1.738
194267270,08/05/2026,0.5346919016049438,1.87
194155109,08/05/2026,0.5053631950943506,1.979
193331284,08/05/2026,0.5542085548702523,1.804
194205492,08/05/2026,0.6272474987900366,1.594
193332314,08/05/2026,0.5090800775418998,1.964
193332350,08/05/2026,0.5429117061002632,1.842
193758264,08/05/2026,0.36532683453324294,2.737
193330080,08/05/2026,0.5350691751497221,1.869
194157718,08/05/2026,0.5201493465354982,1.923
194204651,08/05/2026,0.5648522570540951,1.77
193327113,08/05/2026,0.48056987178901717,2.081
194153037,08/05/2026,0.5594933239620994,1.787
194113581,08/05/2026,0.5426021914008546,1.843
194267168,08/05/2026,0.557901430123776,1.792
194152363,08/05/2026,0.5107797600042265,1.958
194152366,08/05/2026,0.5548447739644023,1.802
194260564,08/05/2026,0.4882880102553345,2.048
194204823,08/05/2026,0.521613118243089,1.917
194151462,08/05/2026,0.5619284298302311,1.78
194173226,08/05/2026,0.46852178202306216,2.134
194151725,08/05/2026,0.4920571132541986,2.032
193331290,08/05/2026,0.5760316221155746,1.736
194173230,08/05/2026,0.4513113913971364,2.216
194199896,08/05/2026,0.5188925367357065,1.927
193197990,08/05/2026,0.5792515129609936,1.726
194267687,08/05/2026,0.5794904445419683,1.726
193197993,08/05/2026,0.529975931944792,1.887
194155111,08/05/2026,0.5706963301688865,1.752
193332307,08/05/2026,0.5068644524370891,1.973
194206644,08/05/2026,0.4925988931932477,2.03
194151774,08/05/2026,0.515181617803048,1.941
194151782,08/05/2026,0.4925620299141648,2.03
194151695,08/05/2026,0.5009702166233512,1.996
194155106,08/05/2026,0.6015012900534139,1.663
194273021,08/05/2026,0.4730694336171324,2.114
194156324,08/05/2026,0.4795763436823593,2.085
194273025,08/05/2026,0.5518213365794198,1.812
194205497,08/05/2026,0.4716418986348234,2.12
194156570,08/05/2026,0.47596818414779113,2.101
194135970,08/05/2026,0.5579714293721535,1.792
194157724,08/05/2026,0.6409959052469166,1.56
194234816,08/05/2026,0.49962552289731044,2.001
194151457,08/05/2026,0.4672262001093612,2.14
193286209,08/05/2026,0.5547696107826973,1.803
194206635,08/05/2026,0.4985590251429931,2.006
194115805,08/05/2026,0.5082805987800931,1.967
194110633,08/05/2026,0.5366918027388912,1.863
194242099,09/05/2026,0.5286097323124251,1.892
194165835,09/05/2026,0.5485031956083857,1.823
194206141,09/05/2026,0.4856840303183764,2.059
194165922,09/05/2026,0.5038623090652158,1.985
194206131,09/05/2026,0.512041019948732,1.953
194261141,09/05/2026,0.5436492150224024,1.839
194200629,09/05/2026,0.5496081903048822,1.819
194169555,09/05/2026,0.5336214376441993,1.874
194242090,09/05/2026,0.5258400330873271,1.902
194242109,09/05/2026,0.5170782847917593,1.934
194206119,09/05/2026,0.5473426339469565,1.827
194206144,09/05/2026,0.5329524024474286,1.876
194188526,09/05/2026,0.5624935465333332,1.778
194205822,09/05/2026,0.6009513928184926,1.664
194091028,09/05/2026,0.4030643363703044,2.481
194104388,09/05/2026,0.555385693660073,1.801
194206110,09/05/2026,0.5581505568225104,1.792
194206112,09/05/2026,0.5281214244217064,1.894
194188535,09/05/2026,0.5261225616543113,1.901
194200622,09/05/2026,0.6105841342973898,1.638
194188522,09/05/2026,0.5293639627597554,1.889
194188519,09/05/2026,0.519138957141595,1.926
194188517,09/05/2026,0.5441914883011344,1.838
194188514,09/05/2026,0.47549561613751745,2.103
194167433,09/05/2026,0.5569919938441397,1.795
194206178,09/05/2026,0.6113001210843165,1.636
194165792,09/05/2026,0.49669207080851746,2.013
194242122,09/05/2026,0.5044733789176589,1.982
194264593,09/05/2026,0.5692014581572653,1.757
194242127,09/05/2026,0.5638710360173719,1.773
194211649,09/05/2026,0.5503265751687626,1.817
194206286,09/05/2026,0.43822680438409056,2.282
194260843,09/05/2026,0.5246035782941385,1.906
194242093,09/05/2026,0.4664133649572708,2.144
193286211,09/05/2026,0.49343896436352847,2.027
194309442,09/05/2026,0.4782602528706548,2.091
194309355,09/05/2026,0.5478739399333268,1.825
194308649,09/05/2026,0.5169457500007553,1.934
194308622,09/05/2026,0.5298945465100329,1.887
194264595,09/05/2026,0.5281300161505736,1.893
193004724,09/05/2026,0.5504653234655593,1.817
194261036,09/05/2026,0.5610328812129414,1.782
194261034,09/05/2026,0.6142521989228115,1.628
193332209,09/05/2026,0.5272758385270703,1.897
193332247,09/05/2026,0.5578158830393114,1.793
193332261,09/05/2026,0.5412315181267057,1.848
193332528,09/05/2026,0.5787099337426005,1.728
193332534,09/05/2026,0.5424839748609607,1.843
194259715,09/05/2026,0.5707275051414639,1.752
194242311,09/05/2026,0.46256497088792403,2.162
194242308,09/05/2026,0.44170833989889147,2.264
194242296,09/05/2026,0.5133279123419986,1.948
194242286,09/05/2026,0.49850407579844147,2.006
194242281,09/05/2026,0.5037831304973618,1.985
194242136,09/05/2026,0.5665467680789007,1.765
194242134,09/05/2026,0.5107117453819225,1.958
194242130,09/05/2026,0.5114702427935491,1.955
194242124,09/05/2026,0.5335302437181366,1.874
194188531,09/05/2026,0.5361304294847752,1.865
193330539,09/05/2026,0.5388109623801458,1.856
194160305,09/05/2026,0.5472580909875534,1.827
193332707,09/05/2026,0.55442607244107,1.804
193332655,09/05/2026,0.5483816135296508,1.824
193332692,09/05/2026,0.5122432052872958,1.952
194211646,09/05/2026,0.5021551448799773,1.991
194264619,09/05/2026,0.48396500714377216,2.066
194208268,09/05/2026,0.5132323223234481,1.948
194264354,09/05/2026,0.5495522948402605,1.82
194267278,09/05/2026,0.4732242730177137,2.113
194211651,09/05/2026,0.5391407369810842,1.855
194352700,09/05/2026,0.5225009947671998,1.914
194166600,09/05/2026,0.515631564225339,1.939
194188117,09/05/2026,0.5751401810013808,1.739
194167429,09/05/2026,0.5630150702965053,1.776
194153270,09/05/2026,0.5473312689322003,1.827
194251140,09/05/2026,0.5324653574395658,1.878
193107593,09/05/2026,0.5619916256803372,1.779
194153268,09/05/2026,0.509938839046183,1.961
194153273,09/05/2026,0.5313710132750867,1.882
194153278,09/05/2026,0.5423277733963955,1.844
194214363,09/05/2026,0.5175618422889668,1.932
194264283,09/05/2026,0.5810740807025417,1.721
193107595,09/05/2026,0.5257670284079612,1.902
194091032,09/05/2026,0.5252025017565075,1.904
194153292,09/05/2026,0.528697632091308,1.891
194208591,09/05/2026,0.5023756705988018,1.991
194110475,09/05/2026,0.4883538725080498,2.048
194334727,09/05/2026,0.5229376487042905,1.912
194187811,09/05/2026,0.5380108548072703,1.859
193332682,09/05/2026,0.5291761582145161,1.89
194259205,09/05/2026,0.6037601542146285,1.656
193332661,09/05/2026,0.40368459223053305,2.477
193330356,09/05/2026,0.5626397736988005,1.777
194099072,09/05/2026,0.5487885950763574,1.822
193319759,09/05/2026,0.4857832788816651,2.059
193000804,09/05/2026,0.5842140414909326,1.712
194164055,09/05/2026,0.49163279508450847,2.034
193003380,09/05/2026,0.555062027867545,1.802
193319724,09/05/2026,0.4603511247706851,2.172
193003581,09/05/2026,0.5008567773463202,1.997
193328162,09/05/2026,0.5207933809041998,1.92
193319733,09/05/2026,0.5149427213575165,1.942
194164564,09/05/2026,0.5824986182290024,1.717
192501367,09/05/2026,0.47195727507366403,2.119
194164058,09/05/2026,0.5044053427782739,1.983
194166580,09/05/2026,0.5079655475180449,1.969
193319731,09/05/2026,0.497491907564637,2.01
194169856,09/05/2026,0.443187485918705,2.256
194221755,09/05/2026,0.47849020338873743,2.09
194264271,09/05/2026,0.5082149823130195,1.968
194221761,09/05/2026,0.5305545756471036,1.885
194264263,09/05/2026,0.46355303955679883,2.157
193719883,09/05/2026,0.5183083810228873,1.929
193332697,09/05/2026,0.4888730808465697,2.046
194261107,09/05/2026,0.4834185076041566,2.069
193331574,09/05/2026,0.5429555537433042,1.842
194264292,09/05/2026,0.5257283927954516,1.902
193332648,09/05/2026,0.5418606755565258,1.845
193332651,09/05/2026,0.5302870108777642,1.886
193332653,09/05/2026,0.5378660231028705,1.859
194260984,09/05/2026,0.49499244760489564,2.02
194210233,09/05/2026,0.5348793526394784,1.87
193755424,09/05/2026,0.5356940237863225,1.867
193330351,09/05/2026,0.5548205033427871,1.802
194262191,09/05/2026,0.5356066148180132,1.867
194260649,09/05/2026,0.5557692132052248,1.799
194166236,09/05/2026,0.5014069009483921,1.994
194201686,09/05/2026,0.5100737004251633,1.961
193755439,09/05/2026,0.489136115664452,2.044
193755437,09/05/2026,0.5174012229107897,1.933
193755443,09/05/2026,0.49776589031965685,2.009
194242974,09/05/2026,0.5458174051023628,1.832
194088121,09/05/2026,0.5459887862501697,1.832
194206586,09/05/2026,0.474360094324177,2.108
193755448,09/05/2026,0.4908247001917816,2.037
194188450,09/05/2026,0.47047923609756953,2.125
193755455,09/05/2026,0.5308752459964479,1.884
193001775,09/05/2026,0.5552549032666261,1.801
194169854,09/05/2026,0.550980867635366,1.815
194169852,09/05/2026,0.5807401037138447,1.722
194085248,09/05/2026,0.5169373787166757,1.934
194242972,09/05/2026,0.515941549087988,1.938
194333924,09/05/2026,0.5327956551327067,1.877
193758272,09/05/2026,0.5335479805428173,1.874
194261452,09/05/2026,0.5181774925477259,1.93
194206506,09/05/2026,0.5195493967547848,1.925
193758274,09/05/2026,0.5432492248379055,1.841
194318986,09/05/2026,0.5553227489217077,1.801
194085251,09/05/2026,0.49892126482518084,2.004
194085256,09/05/2026,0.5059015062046339,1.977
194188100,09/05/2026,0.37056704306000615,2.699
194110471,09/05/2026,0.5305475042300889,1.885
193003408,09/05/2026,0.5191375648004795,1.926
194207174,09/05/2026,0.554067590866029,1.805
193319769,09/05/2026,0.5070422350440976,1.972
193756260,09/05/2026,0.5868618682820755,1.704
193756268,09/05/2026,0.5507697067236118,1.816
193757645,09/05/2026,0.5392466688337977,1.854
193757651,09/05/2026,0.5429050761535485,1.842
193757657,09/05/2026,0.5167625672183387,1.935
193757659,09/05/2026,0.5212092505807445,1.919
193988583,09/05/2026,0.5624554100595521,1.778
194038744,09/05/2026,0.5668719605331943,1.764
194002852,09/05/2026,0.520960651061869,1.92
193996913,09/05/2026,0.5454318612644434,1.833
194000173,09/05/2026,0.5101929172044807,1.96
193332108,09/05/2026,0.5454087014025609,1.833
194166598,09/05/2026,0.5850789865895137,1.709
194333939,09/05/2026,0.550713937940021,1.816
194002850,09/05/2026,0.5104105079824154,1.959
192501338,09/05/2026,0.44703497592876906,2.237
194167439,09/05/2026,0.5303442491829194,1.886
192501351,09/05/2026,0.5429836107719785,1.842
193198004,09/05/2026,0.5005938380326376,1.998
192501345,09/05/2026,0.5247403588662876,1.906
194169562,09/05/2026,0.5411554683282886,1.848
194167941,09/05/2026,0.3977201394984241,2.514
194260561,09/05/2026,0.5549293212967793,1.802
194261470,09/05/2026,0.5072922069311094,1.971
194261468,09/05/2026,0.5539252836156374,1.805
194261459,09/05/2026,0.5317905977582058,1.88
193003524,09/05/2026,0.495970002336609,2.016
193003538,09/05/2026,0.5360181666655188,1.866
193286205,09/05/2026,0.5513077887698923,1.814
194334162,09/05/2026,0.528682830373783,1.891
194260582,09/05/2026,0.5239007805862219,1.909
194206268,09/05/2026,0.5756617015149269,1.737
194198682,09/05/2026,0.48598342824067814,2.058
193320705,09/05/2026,0.5239388529314323,1.909
193286207,09/05/2026,0.5219203753075643,1.916
194165412,09/05/2026,0.5399148418611679,1.852
194188448,09/05/2026,0.5969944185336145,1.675
194188456,09/05/2026,0.5098086493821447,1.962
194188458,09/05/2026,0.5081223923845432,1.968
193320708,09/05/2026,0.5747864723771662,1.74
194264278,09/05/2026,0.5321444527935326,1.879
194114067,09/05/2026,0.5572381420601982,1.795
194169906,09/05/2026,0.25076982721758406,3.988
194223900,09/05/2026,0.4915564809686315,2.034
194204390,09/05/2026,0.5085674908918585,1.966
194166485,09/05/2026,0.3075385963213625,3.252
194164044,09/05/2026,0.5466897458734035,1.829
193762017,09/05/2026,0.5026350212821801,1.99
194209161,09/05/2026,0.5110054440050348,1.957
194091024,09/05/2026,0.5082267649615233,1.968
194207899,09/05/2026,0.511396106757577,1.955
193330188,09/05/2026,0.4961912051765081,2.015
194243970,09/05/2026,0.5487380499232256,1.822
194207618,09/05/2026,0.5497232656328117,1.819
194187855,09/05/2026,0.5418318210624109,1.846
193332452,09/05/2026,0.3742314443750043,2.672
194264305,09/05/2026,0.4638322069229291,2.156
194303735,09/05/2026,0.5832388799403018,1.715
193327153,09/05/2026,0.5263121996152136,1.9
194261718,09/05/2026,0.48053431615864467,2.081
194326780,09/05/2026,0.4660529565814995,2.146
194204287,09/05/2026,0.5223573600794993,1.914
194204316,09/05/2026,0.5442196905368214,1.837
194206261,09/05/2026,0.4222107159946151,2.368
194207961,09/05/2026,0.5383848312742677,1.857
194205943,09/05/2026,0.5346552423654062,1.87
194319559,09/05/2026,0.509025423287316,1.965
193754992,09/05/2026,0.41089429230158175,2.434
194206246,09/05/2026,0.5415031489555054,1.847
194335018,09/05/2026,0.48635104057680745,2.056
194206292,09/05/2026,0.5994525108859676,1.668
194242981,09/05/2026,0.4150044795416008,2.41
194188109,09/05/2026,0.6088487158896458,1.642
194313040,09/05/2026,0.5368110775260336,1.863
193323505,09/05/2026,0.5220303326217213,1.916
194312857,09/05/2026,0.5927326080179061,1.687
194206272,09/05/2026,0.5066360695049902,1.974
193323490,09/05/2026,0.5043638896899402,1.983
194209226,09/05/2026,0.40244758151979065,2.485
194313002,09/05/2026,0.5483769511482262,1.824
194191344,09/05/2026,0.5831011573778201,1.715
194165996,09/05/2026,0.45453983926045144,2.2
194165992,09/05/2026,0.5452445609854136,1.834
193330073,09/05/2026,0.5186731052510234,1.928
194208986,09/05/2026,0.5210290169034412,1.919
194209005,09/05/2026,0.5463161301433753,1.83
194165802,09/05/2026,0.5810426609957384,1.721
194191317,09/05/2026,0.5389628242594043,1.855
194264597,09/05/2026,0.5475497139021391,1.826
193323515,09/05/2026,0.5566637654774199,1.796
194198695,09/05/2026,0.4797825424194217,2.084
194166499,09/05/2026,0.4524332942675454,2.21
194110479,09/05/2026,0.5614327323110087,1.781
194187860,09/05/2026,0.5062481150977548,1.975
194167431,09/05/2026,0.5914105404288759,1.691
193985003,09/05/2026,0.45188860114345514,2.213
194052225,09/05/2026,0.5165787957643567,1.936
194164516,09/05/2026,0.5041251820725434,1.984
194261112,09/05/2026,0.48971324681811285,2.042
194215393,09/05/2026,0.5673613353832134,1.763
194215376,09/05/2026,0.5195741585068807,1.925
194215389,09/05/2026,0.5372525444670146,1.861
194164514,09/05/2026,0.47937982461850936,2.086
194218886,09/05/2026,0.5328014384724611,1.877
194262066,09/05/2026,0.5113032619629126,1.956
194168781,09/05/2026,0.47760231000930237,2.094
193192186,09/05/2026,0.49267222454613563,2.03
194125243,09/05/2026,0.4723664918609979,2.117
194209032,09/05/2026,0.5901496234696374,1.694
194318583,09/05/2026,0.5083293525806304,1.967
194261588,09/05/2026,0.46530852763469893,2.149
194259005,09/05/2026,0.601464881039995,1.663
194259132,09/05/2026,0.566677754761351,1.765
193333224,09/05/2026,0.4919624813291953,2.033
194216959,09/05/2026,0.5100876065677817,1.96
194303457,09/05/2026,0.5561369107939731,1.798
194205974,09/05/2026,0.4881488120348344,2.049
193333220,09/05/2026,0.5267634657207649,1.898
194260580,09/05/2026,0.6064624586269876,1.649
193333213,09/05/2026,0.5063083335320169,1.975
193333210,09/05/2026,0.5383616576968805,1.857
194127637,09/05/2026,0.5041843709476994,1.983
193192183,09/05/2026,0.5016907533960537,1.993
194095700,09/05/2026,0.47743496607500724,2.095
194261602,09/05/2026,0.5283355586059983,1.893
193985005,09/05/2026,0.5622139662100077,1.779
194187668,09/05/2026,0.4869392135003166,2.054
194209159,09/05/2026,0.5394657409233323,1.854
194209145,09/05/2026,0.5582383597069048,1.791
193329730,09/05/2026,0.5147167976054176,1.943
193330544,09/05/2026,0.579466629615131,1.726
194205966,09/05/2026,0.5004985559615058,1.998
194219544,09/05/2026,0.5851222428872354,1.709
194187677,09/05/2026,0.493686248304118,2.026
194261133,09/05/2026,0.5572355601708113,1.795
194199312,09/05/2026,0.5595266867608826,1.787
194162330,09/05/2026,0.49178029033964743,2.033
194187687,09/05/2026,0.4454248368449585,2.245
194167967,09/05/2026,0.5351982002378847,1.868
194187672,09/05/2026,0.4844838420900415,2.064
194093983,09/05/2026,0.5431840770538813,1.841
194164518,09/05/2026,0.48190473422699837,2.075
194261122,09/05/2026,0.5263749919444056,1.9
193191342,09/05/2026,0.4699409074878383,2.128
194210375,09/05/2026,0.3464263033807404,2.887
193196552,09/05/2026,0.4910105002394703,2.037
194168770,09/05/2026,0.5263119777586576,1.9
193192181,09/05/2026,0.49787191634550937,2.009
194171489,09/05/2026,0.5695298397259002,1.756
194259664,09/05/2026,0.5223584777643513,1.914
194127635,09/05/2026,0.554580768306692,1.803
194198276,09/05/2026,0.5557527636530389,1.799
194320576,09/05/2026,0.47906558315520276,2.087
193196563,09/05/2026,0.5211621339176222,1.919
194219954,09/05/2026,0.5876363149597158,1.702
194281343,09/05/2026,0.5262536677280455,1.9
194216983,09/05/2026,0.4966101267400896,2.014
194221747,09/05/2026,0.2672333083964062,3.742
194333782,09/05/2026,0.5512702817374855,1.814
194221707,09/05/2026,0.5439310699537792,1.838
193711649,09/05/2026,0.5327231350519677,1.877
194079835,09/05/2026,0.4688376807210312,2.133
193330555,09/05/2026,0.4741490339565764,2.109
194127640,09/05/2026,0.5019311624254494,1.992
193330557,09/05/2026,0.5561702562303655,1.798
194095707,09/05/2026,0.5148096136895484,1.942
194272589,09/05/2026,0.5241047117395267,1.908
194260042,09/05/2026,0.5306325821617013,1.885
194210362,09/05/2026,0.5205510388746273,1.921
194219970,09/05/2026,0.5308975380282996,1.884
193333237,09/05/2026,0.5195736569207271,1.925
194216949,09/05/2026,0.5109537345047624,1.957
194221699,09/05/2026,0.29070436492627244,3.44
193333234,09/05/2026,0.5623416024886184,1.778
194261303,09/05/2026,0.5325516716626524,1.878
194356403,09/05/2026,0.6065656841247,1.649
194261726,09/05/2026,0.5808434544107303,1.722
193330561,09/05/2026,0.5548495081754143,1.802
194218776,09/05/2026,0.5439308070516212,1.838
193330566,09/05/2026,0.5155093491551328,1.94
193330559,09/05/2026,0.519001427330384,1.927
194216978,09/05/2026,0.5500688254383761,1.818
194216986,09/05/2026,0.543997024765693,1.838
193756253,09/05/2026,0.5161778948443017,1.937
194272587,09/05/2026,0.49189168555311524,2.033
193333231,09/05/2026,0.5235014343844376,1.91
193329732,09/05/2026,0.493408144406411,2.027
194397127,09/05/2026,0.4884218761531567,2.047
194216981,09/05/2026,0.5458643637544495,1.832
193330547,09/05/2026,0.558723219195059,1.79
193330549,09/05/2026,0.5860205765232185,1.706
193330551,09/05/2026,0.5406860486871186,1.85
193192198,09/05/2026,0.49476632651116337,2.021
194216965,09/05/2026,0.5602867241890122,1.785
194260584,09/05/2026,0.5832013051356398,1.715
193333228,09/05/2026,0.564670645926693,1.771
194311144,09/05/2026,0.6102669141383927,1.639
194219957,09/05/2026,0.5707548420247165,1.752
193191345,09/05/2026,0.536484065431141,1.864
194318983,09/05/2026,0.45848070125504725,2.181
194206085,09/05/2026,0.5345632555862201,1.871
194164522,09/05/2026,0.5301118248070336,1.886
194220133,09/05/2026,0.4847938765089797,2.063
193196560,09/05/2026,0.482685505798181,2.072
194216974,09/05/2026,0.5017543446820606,1.993
194220136,09/05/2026,0.49245507468648375,2.031
193192201,09/05/2026,0.480461911727688,2.081
194281368,09/05/2026,0.5927538479079207,1.687
194216976,09/05/2026,0.5808522670181309,1.722
194206097,09/05/2026,0.5199787442364627,1.923
194165546,09/05/2026,0.5272995133891608,1.896
193330553,09/05/2026,0.5533289635768976,1.807
194216953,09/05/2026,0.5642716388818527,1.772
194318701,09/05/2026,0.4957087671013892,2.017
194091265,09/05/2026,0.4880944687954577,2.049
194303609,09/05/2026,0.5138379517227238,1.946
194210347,09/05/2026,0.5451270046235347,1.834
193107600,09/05/2026,0.5513712890746846,1.814
194164562,09/05/2026,0.5001721828051238,1.999
194260960,09/05/2026,0.1735670431672086,5.761
193329727,09/05/2026,0.5204700583618024,1.921
194199417,09/05/2026,0.514214628608374,1.945
193005824,09/05/2026,0.5217958652189697,1.916
193005812,09/05/2026,0.5378718874798878,1.859
194261135,09/05/2026,0.4810065325797293,2.079
194261753,09/05/2026,0.5097668565195363,1.962
194201407,09/05/2026,0.5414778334169154,1.847
193326643,09/05/2026,0.5164721572215101,1.936
193005839,09/05/2026,0.406965875820457,2.457
194261137,09/05/2026,0.37127015441078715,2.693
193326651,09/05/2026,0.4721528542307961,2.118
193005826,09/05/2026,0.49766314527950983,2.009
194261117,09/05/2026,0.48313865752735696,2.07
193005830,09/05/2026,0.5477670345574773,1.826
193005834,09/05/2026,0.5009835086461264,1.996
193762020,09/05/2026,0.4686026777793256,2.134
193330193,09/05/2026,0.5225152128719115,1.914
193326648,09/05/2026,0.4723569129077451,2.117
194187648,09/05/2026,0.5148856926465307,1.942
193196544,09/05/2026,0.4543466696421967,2.201
193326638,09/05/2026,0.4824337331460927,2.073
193330541,09/05/2026,0.5223345620307784,1.914
194164520,09/05/2026,0.48456383352004856,2.064
194162317,09/05/2026,0.5082031071254747,1.968
193001566,09/05/2026,0.5569889003960423,1.795
194333363,09/05/2026,0.49698546897420337,2.012
194207593,09/05/2026,0.4961690952108494,2.015
193330099,09/05/2026,0.49522570465279975,2.019
194162333,09/05/2026,0.4755819706976258,2.103
193005801,09/05/2026,0.5402155071886079,1.851
194114071,09/05/2026,0.5352949931392361,1.868
194221000,09/05/2026,0.537955562422421,1.859
193326597,09/05/2026,0.46644286317119094,2.144
194200421,09/05/2026,0.5298050860238716,1.887
194200683,09/05/2026,0.35940554732787355,2.782
194200346,09/05/2026,0.3658686979240245,2.733
194187664,09/05/2026,0.47275703006467273,2.115
194304011,09/05/2026,0.5047389570640529,1.981
194169174,09/05/2026,0.4932523837303388,2.027
194200344,09/05/2026,0.4576011468734646,2.185
194088128,09/05/2026,0.5797722757096572,1.725
194162295,09/05/2026,0.5092624932236942,1.964
194200342,09/05/2026,0.5545908696809364,1.803
194199632,09/05/2026,0.541615920671119,1.846
194199419,09/05/2026,0.4750710911559756,2.105
194199422,09/05/2026,0.4750911247669683,2.105
194160308,09/05/2026,0.5286875774326748,1.891
193332482,09/05/2026,0.4985786665415575,2.006
193005798,09/05/2026,0.5088119812180665,1.965
193005837,09/05/2026,0.46538168019392223,2.149
194201207,09/05/2026,0.5205128372142089,1.921
193330360,09/05/2026,0.5406917565691366,1.849
194114056,09/05/2026,0.4928551054688017,2.029
194114059,09/05/2026,0.5075974912413163,1.97
194114062,09/05/2026,0.5154538923039355,1.94
194114065,09/05/2026,0.5472025203042669,1.827
194200679,09/05/2026,0.5374987464427691,1.86
194114069,09/05/2026,0.5023420263348642,1.991
194326847,09/05/2026,0.5311878442141047,1.883
193820460,09/05/2026,0.4912865477840331,2.035
194327092,09/05/2026,0.49596665861990596,2.016
193820471,09/05/2026,0.47134018707265024,2.122
194093981,09/05/2026,0.5275200029616223,1.896
193191340,09/05/2026,0.48823452172079795,2.048
194168750,09/05/2026,0.5256432229417015,1.902
194260957,09/05/2026,0.5202382836414667,1.922
194187661,09/05/2026,0.5169702784702377,1.934
194164579,09/05/2026,0.5850499228045679,1.709
193326629,09/05/2026,0.46087215986228797,2.17
194067561,09/05/2026,0.46455712365642077,2.153
193755463,09/05/2026,0.5328615856023318,1.877
194261600,09/05/2026,0.5519234323604095,1.812
194170386,09/05/2026,0.4520027010798282,2.212
194170388,09/05/2026,0.5078508048186025,1.969
193755409,09/05/2026,0.54873393770819,1.822
194205723,09/05/2026,0.5056711958930795,1.978
194261597,09/05/2026,0.550245196579013,1.817
193755441,09/05/2026,0.5291838706176295,1.89
194356470,09/05/2026,0.5661131237416049,1.766
194368658,09/05/2026,0.5916824411153009,1.69
194168762,09/05/2026,0.5135687856944082,1.947
194170384,09/05/2026,0.4855462309675658,2.06
194168776,09/05/2026,0.5163126787429153,1.937
194318581,09/05/2026,0.6342313578473304,1.577
194132222,09/05/2026,0.5017449812301018,1.993
194171487,09/05/2026,0.536232423423766,1.865
194164569,09/05/2026,0.5663060942020872,1.766
194171491,09/05/2026,0.5895065311481392,1.696
194261724,09/05/2026,0.5004139664478979,1.998
194182481,09/05/2026,0.5384577003658494,1.857
194167971,09/05/2026,0.5045278324606743,1.982
194164512,09/05/2026,0.535497957696595,1.867
193985001,09/05/2026,0.5657118493198522,1.768
193820476,09/05/2026,0.46985753751468584,2.128
194052234,09/05/2026,0.5307201919909077,1.884
193332843,09/05/2026,0.5596156245418858,1.787
194260944,09/05/2026,0.4939555525451756,2.024
194162293,09/05/2026,0.4854499058344558,2.06
193820469,09/05/2026,0.5055507962592202,1.978
194162302,09/05/2026,0.49743745565486475,2.01
193332226,09/05/2026,0.5263317616929737,1.9
194162298,09/05/2026,0.4881180934228479,2.049
194162309,09/05/2026,0.5258219646704266,1.902
194164063,09/05/2026,0.4652859099755995,2.149
193004727,09/05/2026,0.47015514830865873,2.127
193331370,09/05/2026,0.5216173132904894,1.917
194187862,09/05/2026,0.5187798837112403,1.928
194170382,09/05/2026,0.5344846193169399,1.871
193003574,09/05/2026,0.515168196983081,1.941
193192179,09/05/2026,0.518082768864832,1.93
193003405,09/05/2026,0.5533652974545247,1.807
194218882,09/05/2026,0.5108903785169975,1.957
194317071,09/05/2026,0.5140864430267753,1.945
194168757,09/05/2026,0.4518250485529061,2.213
194187651,09/05/2026,0.48721212323875135,2.052
194168784,09/05/2026,0.47837441047492635,2.09
194168778,09/05/2026,0.5250502945790335,1.905
193319722,09/05/2026,0.5472648755367097,1.827
194206284,09/05/2026,0.5308626006241259,1.884
193996918,09/05/2026,0.5345189190924059,1.871
193332113,09/05/2026,0.5399266126489297,1.852
194168787,09/05/2026,0.48832098300905996,2.048
193756247,09/05/2026,0.5463486269587933,1.83
194265249,09/05/2026,0.533945621731546,1.873
194164018,09/05/2026,0.5568604229606924,1.796
194167501,09/05/2026,0.5646286754893225,1.771
194321984,09/05/2026,0.5652092308445018,1.769
194349182,09/05/2026,0.3764243748203878,2.657
194205266,09/05/2026,0.5682716867613468,1.76
194205452,09/05/2026,0.5666326729890159,1.765
194304943,09/05/2026,0.5968768664628182,1.675
194205454,09/05/2026,0.44454611242280884,2.249
194260660,09/05/2026,0.5974083394597568,1.674
194210152,09/05/2026,0.6126128930049208,1.632
194167505,09/05/2026,0.5888670467527671,1.698
194164005,09/05/2026,0.5468824559311107,1.829
194167480,09/05/2026,0.5980286477172785,1.672
194206574,09/05/2026,0.5248710216405312,1.905
194205819,09/05/2026,0.5802389667935671,1.723
194205817,09/05/2026,0.5999084186536654,1.667
194165788,09/05/2026,0.5907297804700992,1.693
194167464,09/05/2026,0.5291952638856734,1.89
194165778,09/05/2026,0.5791370337018661,1.727
193268982,09/05/2026,0.5851088362098724,1.709
194260967,09/05/2026,0.5738273153547139,1.743
194015534,09/05/2026,0.5241309339277324,1.908
194198044,09/05/2026,0.523030299672385,1.912
194261722,09/05/2026,0.527181184697153,1.897
194187792,09/05/2026,0.5788018281543369,1.728
194209214,09/05/2026,0.5951976252559769,1.68
194242976,09/05/2026,0.4264389977959334,2.345
194260996,09/05/2026,0.5523324871926782,1.811
194265263,09/05/2026,0.5529137942681766,1.809
194205917,09/05/2026,0.494266530775371,2.023
194213550,09/05/2026,0.5388702362675123,1.856
194209216,09/05/2026,0.4803660674218196,2.082
194207240,09/05/2026,0.5328143451635229,1.877
194165982,09/05/2026,0.5140288995156586,1.945
194192591,09/05/2026,0.5968498224583133,1.675
194262226,09/05/2026,0.5441130542637519,1.838
194164008,09/05/2026,0.554823977568817,1.802
194262041,09/05/2026,0.4407672501040705,2.269
194164016,09/05/2026,0.4903952111908934,2.039
194164027,09/05/2026,0.36572162712057554,2.734
194205448,09/05/2026,0.5600435121681581,1.786
194265256,09/05/2026,0.5433557883056193,1.84
194203942,09/05/2026,0.35673660570947113,2.803
194162339,09/05/2026,0.5319031250414146,1.88
194189565,09/05/2026,0.6021375716219015,1.661
194167291,09/05/2026,0.5557166609003203,1.799
194334931,09/05/2026,0.5315515817448876,1.881
194163999,09/05/2026,0.5606122672365769,1.784
194166533,09/05/2026,0.5465015050473235,1.83
194163997,09/05/2026,0.5431401186703311,1.841
194196958,09/05/2026,0.5482492389079894,1.824
194163994,09/05/2026,0.5777968258672287,1.731
194167305,09/05/2026,0.571781868063781,1.749
193335566,09/05/2026,0.5189824202065657,1.927
194316680,09/05/2026,0.5105007714835408,1.959
194209209,09/05/2026,0.5990481457345984,1.669
194171465,09/05/2026,0.5012603872958195,1.995
194164002,09/05/2026,0.4244641582901248,2.356
194262051,09/05/2026,0.5097481301597612,1.962
194167507,09/05/2026,0.5732726362561246,1.744
194264296,09/05/2026,0.5162724415111588,1.937
194166514,09/05/2026,0.5399569948458522,1.852
194333927,09/05/2026,0.5267364573953279,1.898
194204819,09/05/2026,0.48281665361020315,2.071
193756230,09/05/2026,0.5277430044631775,1.895
194264345,09/05/2026,0.48306911274012654,2.07
194170390,09/05/2026,0.5369716442123448,1.862
194165804,09/05/2026,0.6010040893814962,1.664
194211665,09/05/2026,0.533663977396716,1.874
194198007,09/05/2026,0.4790479744255764,2.087
194206500,09/05/2026,0.5250365014277762,1.905
194316761,09/05/2026,0.502889563248669,1.989
192931923,09/05/2026,0.5053628650656207,1.979
194166851,09/05/2026,0.4994031572602135,2.002
193320698,09/05/2026,0.5005498102224696,1.998
194209218,09/05/2026,0.5762229595066467,1.735
194210156,09/05/2026,0.6032979434303272,1.658
194171459,09/05/2026,0.5284361581992157,1.892
193331548,09/05/2026,0.5646223040230908,1.771
194210165,09/05/2026,0.6165795947697256,1.622
194262094,09/05/2026,0.4607295471350609,2.17
194170392,09/05/2026,0.5294322174443914,1.889
194310445,09/05/2026,0.5423151645640321,1.844
193320693,09/05/2026,0.5699860996848393,1.754
194165408,09/05/2026,0.5293567976279389,1.889
194208941,09/05/2026,0.5323690188300729,1.878
194166609,09/05/2026,0.5165534287229486,1.936
193001562,09/05/2026,0.5535325117045773,1.807
193001548,09/05/2026,0.5504491591950824,1.817
193001543,09/05/2026,0.5502379791676638,1.817
193756241,09/05/2026,0.5741076308570637,1.742
193757638,09/05/2026,0.5777920920534837,1.731
194310781,09/05/2026,0.5438237160800312,1.839
194207401,09/05/2026,0.5122282659038261,1.952
194207354,09/05/2026,0.5990461164934204,1.669
194242985,09/05/2026,0.4658469337546824,2.147
194206498,09/05/2026,0.5276460417979495,1.895
194169560,09/05/2026,0.45353260768290715,2.205
194165860,09/05/2026,0.5420735616288689,1.845
194265269,09/05/2026,0.5613384479845754,1.781
194243953,09/05/2026,0.5299428321192771,1.887
193202209,09/05/2026,0.49772792753612827,2.009
194187783,09/05/2026,0.45749541488104717,2.186
194167969,09/05/2026,0.6166915377551295,1.622
194165414,09/05/2026,0.5113555118518196,1.956
194333916,09/05/2026,0.5122193511757499,1.952
193758267,09/05/2026,0.5473178172925859,1.827
194166509,09/05/2026,0.6240433714136808,1.602
194169207,09/05/2026,0.549714362307286,1.819
194169229,09/05/2026,0.550273167548347,1.817
194210182,09/05/2026,0.6316055888305593,1.583
194169557,09/05/2026,0.5777389652093434,1.731
194213615,09/05/2026,0.5522535191866513,1.811
194261225,09/05/2026,0.5621943495566275,1.779
194169223,09/05/2026,0.5610567611219612,1.782
194167435,09/05/2026,0.525229260741148,1.904
194262097,09/05/2026,0.5708774009332768,1.752
194163992,09/05/2026,0.5453170493500022,1.834
194206579,09/05/2026,0.5347261192277294,1.87
193327142,09/05/2026,0.517919629013865,1.931
194205576,09/05/2026,0.5864595198751619,1.705
194191356,09/05/2026,0.5406656600350751,1.85
194170414,09/05/2026,0.49837018627713875,2.007
194205578,09/05/2026,0.5911676340972531,1.692
193268661,09/05/2026,0.5641978193160821,1.772
194168540,09/05/2026,0.5531993810076434,1.808
194150571,09/05/2026,0.5694403056447583,1.756
194153035,09/05/2026,0.5793831626615004,1.726
194151525,09/05/2026,0.4656311957116452,2.148
194155490,09/05/2026,0.47437275094095505,2.108
194159679,09/05/2026,0.5591142176490461,1.789
194153481,09/05/2026,0.5334125902358323,1.875
193335561,09/05/2026,0.49138900933915614,2.035
194201550,09/05/2026,0.5361482596447509,1.865
193335552,09/05/2026,0.5531566004352089,1.808
193335538,09/05/2026,0.47478767040588776,2.106
193335533,09/05/2026,0.5260926799332566,1.901
193335564,09/05/2026,0.5147809860176658,1.943
194162714,09/05/2026,0.4866404372629444,2.055
194162613,09/05/2026,0.5432906371462364,1.841
194162584,09/05/2026,0.5321628302435689,1.879
194162555,09/05/2026,0.5008347150930595,1.997
194153484,09/05/2026,0.5911188918240632,1.692
194154234,09/05/2026,0.4939706957025713,2.024
194153503,09/05/2026,0.5600750635613158,1.785
194159699,09/05/2026,0.5562540326822898,1.798
194159690,09/05/2026,0.6013188466861529,1.663
194151387,09/05/2026,0.524755528092888,1.906
194153490,09/05/2026,0.5837401418100409,1.713
194153488,09/05/2026,0.5838466848316065,1.713
194159693,09/05/2026,0.5463980047199373,1.83
194162682,09/05/2026,0.5658010519532017,1.767
193328513,09/05/2026,0.5153575516339981,1.94
194150575,09/05/2026,0.5924800841660812,1.688
193268658,09/05/2026,0.5315148260159596,1.881
194152988,09/05/2026,0.6431131433816826,1.555
194153100,09/05/2026,0.5529121042129781,1.809
193719875,09/05/2026,0.5394622693988103,1.854
194155995,09/05/2026,0.5381177270635208,1.858
194153500,09/05/2026,0.5619124240625722,1.78
194199553,09/05/2026,0.5079738455695486,1.969
194156003,09/05/2026,0.5617746836689584,1.78
194256240,09/05/2026,0.4958490824250086,2.017
194156013,09/05/2026,0.4549672886423091,2.198
194156008,09/05/2026,0.4584193058766,2.181
194153334,09/05/2026,0.577921199287267,1.73
194157467,09/05/2026,0.5998961948484649,1.667
194153661,09/05/2026,0.4331952644138077,2.308
194153655,09/05/2026,0.559309736275142,1.788
194153650,09/05/2026,0.5450886243431413,1.835
194152678,09/05/2026,0.5531153608022849,1.808
194152691,09/05/2026,0.5859426281000059,1.707
194150825,09/05/2026,0.5331382252399695,1.876
194157472,09/05/2026,0.5175230912943825,1.932
194125534,09/05/2026,0.4991258514284628,2.004
194162527,09/05/2026,0.5197009921179966,1.924
194162471,09/05/2026,0.5382267432790653,1.858
194162438,09/05/2026,0.5538764955727926,1.805
194159696,09/05/2026,0.5548872028256238,1.802
194151665,09/05/2026,0.4491795374833062,2.226
194153496,09/05/2026,0.5536844915603709,1.806
194151193,09/05/2026,0.25700838449940094,3.891
194153110,09/05/2026,0.599002637008276,1.669
194153102,09/05/2026,0.6320419867431784,1.582
194152992,09/05/2026,0.6587630461064914,1.518
193202198,09/05/2026,0.5179443826790227,1.931
193202408,09/05/2026,0.5698575626139525,1.755
193202410,09/05/2026,0.5175763187815624,1.932
194151614,09/05/2026,0.5380151323123197,1.859
194151645,09/05/2026,0.5674314577804499,1.762
194151654,09/05/2026,0.6008391908904914,1.664
194153541,09/05/2026,0.6079703132309175,1.645
194153535,09/05/2026,0.5644177051311311,1.772
194153530,09/05/2026,0.5477206352211439,1.826
194153526,09/05/2026,0.6125695349270114,1.632
194151658,09/05/2026,0.5850945984267764,1.709
194153320,09/05/2026,0.5359416993377694,1.866
194153316,09/05/2026,0.5621930267986348,1.779
194151649,09/05/2026,0.5688605834167055,1.758
194152375,09/05/2026,0.5905581987508425,1.693
193328519,09/05/2026,0.4864372079380837,2.056
194162642,09/05/2026,0.5604209845040637,1.784
194266499,09/05/2026,0.3342173137660761,2.992
194153039,09/05/2026,0.558968704350802,1.789
194151380,09/05/2026,0.5519754106370367,1.812
194165985,09/05/2026,0.518827934268965,1.927
194192068,09/05/2026,0.5498729443263507,1.819
193202440,09/05/2026,0.5373775016382724,1.861
194167496,09/05/2026,0.5407139671705514,1.849
194183666,09/05/2026,0.5431889512672026,1.841
193202207,09/05/2026,0.4918231465138981,2.033
194169896,09/05/2026,0.31601831846200346,3.164
193202203,09/05/2026,0.5110789748869212,1.957
194169864,09/05/2026,0.5417494086937681,1.846
193202416,09/05/2026,0.5354281336880227,1.868
194151608,09/05/2026,0.5736782803647602,1.743
194151424,09/05/2026,0.5939152806809176,1.684
194155113,09/05/2026,0.5130425638677123,1.949
194155796,09/05/2026,0.4401128167456633,2.272
194153648,09/05/2026,0.5388345060919645,1.856
194152652,09/05/2026,0.4284764177026935,2.334
194152658,09/05/2026,0.5701103914656142,1.754
194156026,09/05/2026,0.46221111602047754,2.164
194152638,09/05/2026,0.533122504713129,1.876
194154254,09/05/2026,0.4688032436712066,2.133
194153332,09/05/2026,0.5985009837086044,1.671
194153657,09/05/2026,0.5654344838773152,1.769
194154294,09/05/2026,0.503502412102832,1.986
194150827,09/05/2026,0.4566704564424705,2.19
194153659,09/05/2026,0.5901032837287703,1.695
194347195,09/05/2026,0.6006564354919971,1.665
194015530,09/05/2026,0.5275867839820326,1.895
194167298,09/05/2026,0.5400380811014331,1.852
194154806,09/05/2026,0.40284602486551124,2.482
194159733,09/05/2026,0.5675256949674718,1.762
194156131,09/05/2026,0.5469215090575072,1.828
194155794,09/05/2026,0.5905625787654534,1.693
194151663,09/05/2026,0.5700107339357208,1.754
194151661,09/05/2026,0.5916435089389627,1.69
194152619,09/05/2026,0.5476759885091315,1.826
194153104,09/05/2026,0.42532343267607203,2.351
194153199,09/05/2026,0.599864322785149,1.667
194153318,09/05/2026,0.5669667442346679,1.764
194156370,09/05/2026,0.4733997775057394,2.112
194151383,09/05/2026,0.5568731838999259,1.796
194252706,09/05/2026,0.49350766739250285,2.026
194155798,09/05/2026,0.5934991312242536,1.685
194152799,09/05/2026,0.5942314694111818,1.683
194205565,09/05/2026,0.5491329980747969,1.821
194154247,09/05/2026,0.6012162299406719,1.663
194209223,09/05/2026,0.5275578857334314,1.896
194260973,09/05/2026,0.5467870667841943,1.829
194210780,09/05/2026,0.4603287005262733,2.172
194211681,09/05/2026,0.5508937377401383,1.815
194333930,09/05/2026,0.5502514487194939,1.817
194169850,09/05/2026,0.5538021169951067,1.806
194210701,09/05/2026,0.5640540471693863,1.773
193330164,09/05/2026,0.5098429795831223,1.961
194258946,09/05/2026,0.43399085987964314,2.304
194261558,09/05/2026,0.4476665957521241,2.234
194258952,09/05/2026,0.5675310568190863,1.762
194165410,09/05/2026,0.47140220679971717,2.121
194310473,09/05/2026,0.4754262814451761,2.103
194259898,09/05/2026,0.5778674197862357,1.731
194260492,09/05/2026,0.5765798045527831,1.734
194201679,09/05/2026,0.5358484619548204,1.866
194201684,09/05/2026,0.4585567983760604,2.181
194264608,09/05/2026,0.4927977171996696,2.029
194260494,09/05/2026,0.515850786199032,1.939
193328158,09/05/2026,0.5312018837704627,1.883
194265494,09/05/2026,0.5687988814536481,1.758
193004709,09/05/2026,0.5255523419609275,1.903
194169847,09/05/2026,0.5183748072547708,1.929
194164041,09/05/2026,0.550467163274935,1.817
194260589,09/05/2026,0.4660985377117337,2.145
194260592,09/05/2026,0.5012258445126079,1.995
194261555,09/05/2026,0.49450578193426453,2.022
194165831,09/05/2026,0.5396101868324448,1.853
193332420,09/05/2026,0.48032190393559976,2.082
193327148,09/05/2026,0.5117431129434428,1.954
193332426,09/05/2026,0.5074789692449372,1.971
194262153,09/05/2026,0.4661428434181139,2.145
194207529,09/05/2026,0.551999121876337,1.812
194207525,09/05/2026,0.5749282580510212,1.739
194303363,09/05/2026,0.4488104771186713,2.228
193320611,09/05/2026,0.5234701911120434,1.91
194207522,09/05/2026,0.5438180641788343,1.839
194166519,09/05/2026,0.5328933596204608,1.877
194207517,09/05/2026,0.5097192839426162,1.962
194266013,09/05/2026,0.5667165685148514,1.765
194265503,09/05/2026,0.5590633726330567,1.789
194166249,09/05/2026,0.5633019497430751,1.775
194207491,09/05/2026,0.5527746135166617,1.809
194191359,09/05/2026,0.41432222557426474,2.414
194206504,09/05/2026,0.50565898032731,1.978
194191331,09/05/2026,0.5635680992042509,1.774
193320702,09/05/2026,0.5678134490059512,1.761
193320599,09/05/2026,0.5384827070530901,1.857
194211082,09/05/2026,0.4939128577450929,2.025
194333919,09/05/2026,0.5723296547200187,1.747
194250464,09/05/2026,0.5076167405384583,1.97
194334532,09/05/2026,0.5181559080742492,1.93
194260970,09/05/2026,0.5741051737052302,1.742
194261131,09/05/2026,0.5889240965851524,1.698
194205571,09/05/2026,0.507415752010429,1.971
193332441,09/05/2026,0.5020449636391792,1.992
194260634,09/05/2026,0.6033829608921217,1.657
193332432,09/05/2026,0.5112540723575931,1.956
194210176,09/05/2026,0.537653227425347,1.86
194321990,09/05/2026,0.5430506538313337,1.841
194261730,09/05/2026,0.4766637961130104,2.098
194208980,09/05/2026,0.6068220149189096,1.648
194165424,09/05/2026,0.5355554323206132,1.867
194191364,09/05/2026,0.5570281727096227,1.795
194206265,09/05/2026,0.6208338316582155,1.611
194206280,09/05/2026,0.5256688452447972,1.902
194242983,09/05/2026,0.5938099253904889,1.684
194191336,09/05/2026,0.6217984175345349,1.608
194191325,09/05/2026,0.576409022328363,1.735
194191321,09/05/2026,0.6006339899566043,1.665
194208788,09/05/2026,0.5643128605341237,1.772
194262099,09/05/2026,0.5293656361143985,1.889
194188446,09/05/2026,0.5435995351701525,1.84
193332104,09/05/2026,0.5272657046235757,1.897
193328160,09/05/2026,0.5244708563940079,1.907
194166528,09/05/2026,0.5054024371612688,1.979
194166241,09/05/2026,0.4688906218111628,2.133
194165800,09/05/2026,0.572811820731254,1.746
194165796,09/05/2026,0.5043382565544144,1.983
194165782,09/05/2026,0.5640378384336547,1.773
194165406,09/05/2026,0.5559387690730274,1.799
193331361,09/05/2026,0.5734742501041361,1.744
193331365,09/05/2026,0.5130949067359231,1.949
193331650,09/05/2026,0.5871175506213127,1.703
193332095,09/05/2026,0.5370143214727436,1.862
193332100,09/05/2026,0.5410367071382267,1.848
194000209,09/05/2026,0.5214323877286487,1.918
194164029,09/05/2026,0.5959087865825191,1.678
194166584,09/05/2026,0.48661554176331434,2.055
193320695,09/05/2026,0.5813704320658639,1.72
194242987,09/05/2026,0.5436112458099996,1.84
194242989,09/05/2026,0.53075072724923,1.884
194260517,09/05/2026,0.5130363626882573,1.949
194260631,09/05/2026,0.5796173723517825,1.725
193000796,09/05/2026,0.4436684963034504,2.254
193000794,09/05/2026,0.5199985855465127,1.923
193000792,09/05/2026,0.5197699351406259,1.924
194260542,09/05/2026,0.5225123790361332,1.914
194165846,09/05/2026,0.4955096803214966,2.018
193000801,09/05/2026,0.5717020319016834,1.749
194165416,09/05/2026,0.5343075241267502,1.872
194310559,09/05/2026,0.5727769037572847,1.746
194211643,09/05/2026,0.5005777498994678,1.998
194181787,09/05/2026,0.5381805833074992,1.858
194310570,09/05/2026,0.5926158193598038,1.687
194261720,09/05/2026,0.5624227808682004,1.778
194207897,09/05/2026,0.5455107035224309,1.833
194207810,09/05/2026,0.5350363317658235,1.869
194333615,09/05/2026,0.5449172778576663,1.835
194326651,09/05/2026,0.5866296992344978,1.705
194261032,09/05/2026,0.5355683364679651,1.867
194261028,09/05/2026,0.5641626463076904,1.773
194261002,09/05/2026,0.5175033466902883,1.932
194262149,09/05/2026,0.5126248447376877,1.951
194205815,09/05/2026,0.6057989263062753,1.651
194333936,09/05/2026,0.5956204409525016,1.679
194205812,09/05/2026,0.5991098536569135,1.669
194205757,09/05/2026,0.5910173516604565,1.692
194205745,09/05/2026,0.6077163927670693,1.646
194205730,09/05/2026,0.6235712898443854,1.604
194205605,09/05/2026,0.49784137804609035,2.009
194264351,09/05/2026,0.4934344341329808,2.027
194333609,09/05/2026,0.5302647797672911,1.886
194208585,09/05/2026,0.4237057939114752,2.36
194207429,09/05/2026,0.5473186818841981,1.827
194208947,09/05/2026,0.5643858046143048,1.772
193003384,09/05/2026,0.5606277602507105,1.784
194318975,09/05/2026,0.567589491520469,1.762
193319711,09/05/2026,0.5103670949881247,1.959
194188441,09/05/2026,0.44356945570934286,2.254
193001729,09/05/2026,0.5101299402714937,1.96
194166594,09/05/2026,0.5143142464991507,1.944
194191313,09/05/2026,0.5623778063819059,1.778
193328008,09/05/2026,0.49781721900857373,2.009
194201675,09/05/2026,0.4511405816465166,2.217
194165798,09/05/2026,0.5231128592355705,1.912
194264615,09/05/2026,0.578361462602446,1.729
194264372,09/05/2026,0.5570028796320277,1.795
194264369,09/05/2026,0.5515760799819951,1.813
194191361,09/05/2026,0.5152296478065386,1.941
194264332,09/05/2026,0.5898899865711604,1.695
194166604,09/05/2026,0.5723718585437408,1.747
194166245,09/05/2026,0.48376950844274524,2.067
194264301,09/05/2026,0.5661976259833186,1.766
194166538,09/05/2026,0.5378840731980633,1.859
194191319,09/05/2026,0.5830360136043782,1.715
194166588,09/05/2026,0.5180747740867674,1.93
194166591,09/05/2026,0.5194867134105488,1.925
194205597,09/05/2026,0.2647899287529973,3.777
194165419,09/05/2026,0.5192347188237433,1.926
194191315,09/05/2026,0.4806681342198148,2.08
194191328,09/05/2026,0.5802894015634148,1.723
194211679,09/05/2026,0.5079900753012198,1.969
194171461,09/05/2026,0.5634049282181482,1.775
194169843,09/05/2026,0.5650777531794445,1.77
194181784,09/05/2026,0.5450746852263387,1.835
193331555,09/05/2026,0.5206081221808606,1.921
194165990,09/05/2026,0.5496048339351651,1.819
194209221,09/05/2026,0.5752352130662218,1.738
194207999,09/05/2026,0.5082346862913957,1.968
194203938,09/05/2026,0.49726962187085466,2.011
194333613,09/05/2026,0.5657645485831073,1.768
194260878,09/05/2026,0.5138539470345139,1.946
194205568,09/05/2026,0.5198925368836821,1.923
194333611,09/05/2026,0.5931738612965616,1.686
194264361,09/05/2026,0.6007090554030807,1.665
194165987,09/05/2026,0.5004023134637589,1.998
193989625,09/05/2026,0.5404827738958626,1.85
194166522,09/05/2026,0.5067810998762113,1.973
194038742,09/05/2026,0.5416016347826634,1.846
194165976,09/05/2026,0.5727473097999166,1.746
193331629,09/05/2026,0.4409481573094943,2.268
194168533,09/05/2026,0.5359922591826668,1.866
194168536,09/05/2026,0.5339122215066702,1.873
194165978,09/05/2026,0.4834880519368817,2.068
194165980,09/05/2026,0.4917474604492624,2.034
193327991,09/05/2026,0.4848935514162404,2.062
332307,09/05/2026,0.5598540488204178,1.786
194200635,09/05/2026,0.583992246909291,1.712
194304792,09/05/2026,0.5444922758841981,1.837
193001737,09/05/2026,0.5463874821629058,1.83
193001741,09/05/2026,0.5633780257480113,1.775
193001760,09/05/2026,0.4811863789772482,2.078
193331566,09/05/2026,0.5053761361311391,1.979
193001733,09/05/2026,0.5417391315353584,1.846
194209679,09/05/2026,0.5342006884863295,1.872
192501336,09/05/2026,0.5462157702286361,1.831
194205923,09/05/2026,0.5079205246311422,1.969
194261734,09/05/2026,0.49345007794060963,2.027
194200627,09/05/2026,0.5766832593274923,1.734
194206153,09/05/2026,0.47537083652642637,2.104
194206155,09/05/2026,0.49363561083133933,2.026
194207808,09/05/2026,0.6061930427626054,1.65
194165833,09/05/2026,0.567410389839092,1.762
194210184,09/05/2026,0.6093031515561206,1.641
194206290,09/05/2026,0.5209498595172463,1.92
193762014,09/05/2026,0.5189724767147598,1.927
194250382,09/05/2026,0.5272920572553972,1.896
102897,09/05/2026,0.5598540488204178,1.786
194265831,09/05/2026,0.5472218236877693,1.827
194265517,09/05/2026,0.5642855502419618,1.772
194165421,09/05/2026,0.5724578481351809,1.747
194167976,09/05/2026,0.5003948983197966,1.998
194205935,09/05/2026,0.5017740713080638,1.993
194167980,09/05/2026,0.5050910011706938,1.98
194165844,09/05/2026,0.5349191991782771,1.869
194266011,09/05/2026,0.5797160380420843,1.725
193320605,09/05/2026,0.5610654752538958,1.782
194218879,09/05/2026,0.4899970890513601,2.041
194167437,09/05/2026,0.5469280480865183,1.828
194209027,09/05/2026,0.4944892437660725,2.022
194242979,09/05/2026,0.5792610729050239,1.726
194208966,09/05/2026,0.5543784285283975,1.804
194166856,09/05/2026,0.4364988268289064,2.291
194209693,09/05/2026,0.564631526641694,1.771
194303404,09/05/2026,0.5163483293432289,1.937
194165839,09/05/2026,0.5613298623878935,1.781
194200625,09/05/2026,0.5428440104434495,1.842
194200419,09/05/2026,0.5763135973373879,1.735
194201033,09/05/2026,0.48127463507716023,2.078
194209688,09/05/2026,0.5624081626625095,1.778
194210186,09/05/2026,0.5815309229348465,1.72
193758270,09/05/2026,0.5818788762922379,1.719
194207806,09/05/2026,0.5543550575472272,1.804
194259804,09/05/2026,0.5164444765535537,1.936
194209685,09/05/2026,0.5630399149215284,1.776
194205601,09/05/2026,0.5437752478618147,1.839
194210160,09/05/2026,0.6209833790602983,1.61
193197999,09/05/2026,0.4790208857335266,2.088
194260965,09/05/2026,0.4865097616311066,2.055
194209690,09/05/2026,0.4603868573503506,2.172
193331854,09/05/2026,0.5415162948920645,1.847
194211672,09/05/2026,0.5721835635839767,1.748
193003554,09/05/2026,0.5492234674305941,1.821
194205586,09/05/2026,0.5559857753067223,1.799
194165842,09/05/2026,0.5443604491707829,1.837
194210158,09/05/2026,0.601663130852964,1.662
194261716,09/05/2026,0.47140791033211243,2.121
194260651,09/05/2026,0.5251885455047192,1.904
194207629,09/05/2026,0.5569249700310172,1.796
194167944,09/05/2026,0.5421179917505454,1.845
194209675,09/05/2026,0.5374086794829664,1.861
194206157,09/05/2026,0.4790607795007195,2.087
194262187,09/05/2026,0.5191754501827343,1.926
194201035,09/05/2026,0.5215162101330804,1.917
194208955,09/05/2026,0.516291191757372,1.937
194207501,09/05/2026,0.5519434426991866,1.812
194264617,09/05/2026,0.5857537714233768,1.707
194277655,10/05/2026,0.5145711802648362,1.943
194265750,10/05/2026,0.5074021748100749,1.971
193004731,10/05/2026,0.49883841516033445,2.005
194267369,10/05/2026,0.5287819092612955,1.891
194319859,10/05/2026,0.2826163233224853,3.538
194265942,10/05/2026,0.5248062910353832,1.905
194203855,10/05/2026,0.49544509438027856,2.018
192501382,10/05/2026,0.49137120051252925,2.035
194266508,10/05/2026,0.4832397936004076,2.069
194379066,10/05/2026,0.4914969096483362,2.035
194274314,10/05/2026,0.48189492380449317,2.075
194276280,10/05/2026,0.48743486629739496,2.052
194275413,10/05/2026,0.4605653827403229,2.171
193754998,10/05/2026,0.5045418859466075,1.982
194278295,10/05/2026,0.5489521717237731,1.822
194271166,10/05/2026,0.5160627050368044,1.938
194221665,10/05/2026,0.533192902432918,1.875
194297016,10/05/2026,0.5219183090932692,1.916
193000814,10/05/2026,0.5725894265647796,1.746
194271170,10/05/2026,0.5479630817713766,1.825
193331468,10/05/2026,0.5155256326421769,1.94
193715891,10/05/2026,0.4419214497299002,2.263
211710,10/05/2026,0.5598540488204178,1.786
194265959,10/05/2026,0.5455154303641808,1.833
194200602,10/05/2026,0.5082591976015232,1.968
194085275,10/05/2026,0.49231926230778894,2.031
194262778,10/05/2026,0.5351013367657521,1.869
193323527,10/05/2026,0.5515434524920796,1.813
194261407,10/05/2026,0.4915078521781097,2.035
193323534,10/05/2026,0.5252447298644335,1.904
194320560,10/05/2026,0.5366446585966479,1.863
193323520,10/05/2026,0.5018745047056493,1.993
194260750,10/05/2026,0.5384813099139869,1.857
193328349,10/05/2026,0.521709794166341,1.917
194267994,10/05/2026,0.5879114822415219,1.701
194297091,10/05/2026,0.5152205735334984,1.941
194265957,10/05/2026,0.4975710384537785,2.01
194265961,10/05/2026,0.4007086236700138,2.496
194263810,10/05/2026,0.507071853467809,1.972
194266472,10/05/2026,0.5052549169139228,1.979
193332496,10/05/2026,0.5246149441727601,1.906
194319968,10/05/2026,0.5116960013773059,1.954
194220506,10/05/2026,0.47432344723493547,2.108
194272427,10/05/2026,0.5454530113155833,1.833
194318801,10/05/2026,0.5208452020021971,1.92
194295279,10/05/2026,0.5466989764094312,1.829
193762026,10/05/2026,0.5325202011801434,1.878
194265964,10/05/2026,0.5630782140941384,1.776
194259986,10/05/2026,0.5483827198782882,1.824
194266368,10/05/2026,0.47287993257172484,2.115
194200595,10/05/2026,0.5245832743671218,1.906
194298633,10/05/2026,0.4903977654138344,2.039
194267360,10/05/2026,0.48678826105680545,2.054
194266501,10/05/2026,0.5021029377718402,1.992
194272381,10/05/2026,0.5886737290195364,1.699
193328183,10/05/2026,0.4638271484369786,2.156
194274320,10/05/2026,0.471627544603772,2.12
194298631,10/05/2026,0.46105847191280575,2.169
193331384,10/05/2026,0.46833056104989434,2.135
194091038,10/05/2026,0.5158587521532617,1.939
194091043,10/05/2026,0.5072129285802034,1.972
193003558,10/05/2026,0.5297410828217857,1.888
194091047,10/05/2026,0.5541996493436099,1.804
193003577,10/05/2026,0.5261034859924641,1.901
194298629,10/05/2026,0.49677073841676106,2.013
194404456,10/05/2026,0.5010537605553377,1.996
193319739,10/05/2026,0.4732388667900009,2.113
193319775,10/05/2026,0.5141675330962862,1.945
194265616,10/05/2026,0.47996445321169434,2.083
194268109,10/05/2026,0.44826713899997356,2.231
194267433,10/05/2026,0.5579585698292426,1.792
194293592,10/05/2026,0.4771088952913419,2.096
194265619,10/05/2026,0.5179874694643481,1.931
194091053,10/05/2026,0.4823769365954247,2.073
194267021,10/05/2026,0.5619060126859625,1.78
194263856,10/05/2026,0.490670830757256,2.038
193328174,10/05/2026,0.4875997938234806,2.051
194267018,10/05/2026,0.4864590347621774,2.056
194200593,10/05/2026,0.5491534241183939,1.821
194221659,10/05/2026,0.5421274393134148,1.845
194200588,10/05/2026,0.47686719245002407,2.097
194267013,10/05/2026,0.5258625617413942,1.902
194273261,10/05/2026,0.5448221414379198,1.835
194273266,10/05/2026,0.5215452248911749,1.917
194321254,10/05/2026,0.4502833134572109,2.221
194273340,10/05/2026,0.6146639851544733,1.627
194263851,10/05/2026,0.5330974514263546,1.876
194275640,10/05/2026,0.5708267371826479,1.752
194267015,10/05/2026,0.5365853515196751,1.864
193330368,10/05/2026,0.5346443373517294,1.87
193719909,10/05/2026,0.5354186037574167,1.868
194262322,10/05/2026,0.48477660652925025,2.063
194264194,10/05/2026,0.5363542338808261,1.864
194264199,10/05/2026,0.5441692074130837,1.838
194265996,10/05/2026,0.4482989590939653,2.231
194298619,10/05/2026,0.5001040033565355,2.0
194318515,10/05/2026,0.4911243787893184,2.036
194403757,10/05/2026,0.5026623763993832,1.989
193003399,10/05/2026,0.4930353598499654,2.028
194278312,10/05/2026,0.5293924525157162,1.889
194345450,10/05/2026,0.4865427762852051,2.055
193006037,10/05/2026,0.5613838906127082,1.781
194266468,10/05/2026,0.5625591308205957,1.778
193332549,10/05/2026,0.5620959747416491,1.779
193319762,10/05/2026,0.5422486203469171,1.844
193319778,10/05/2026,0.4985329008934677,2.006
193320635,10/05/2026,0.5297968405232408,1.888
194376443,10/05/2026,0.48520777871184284,2.061
194268320,10/05/2026,0.6040240677450565,1.656
193332555,10/05/2026,0.5224307610626805,1.914
194275854,10/05/2026,0.4935869612355326,2.026
193001784,10/05/2026,0.5715112327095457,1.75
194267916,10/05/2026,0.5861703337557191,1.706
194262480,10/05/2026,0.5170818375094346,1.934
193006048,10/05/2026,0.45326700489075983,2.206
193006044,10/05/2026,0.4846004569046887,2.064
193006035,10/05/2026,0.5516451981129519,1.813
193006033,10/05/2026,0.5397563517653814,1.853
193006031,10/05/2026,0.5097103837718765,1.962
193006029,10/05/2026,0.5200859447534624,1.923
193006040,10/05/2026,0.573554333693189,1.744
193006042,10/05/2026,0.5382728469661364,1.858
194273694,10/05/2026,0.5573122838319264,1.794
194293448,10/05/2026,0.5313206389370686,1.882
194267669,10/05/2026,0.5352992618198844,1.868
193319726,10/05/2026,0.5346702930770444,1.87
194273334,10/05/2026,0.5539207279936639,1.805
194203548,10/05/2026,0.5551355210642374,1.801
194265779,10/05/2026,0.5258737729603896,1.902
193332217,10/05/2026,0.5253810540977766,1.903
193719895,10/05/2026,0.5151201195278016,1.941
193331663,10/05/2026,0.5804095640558092,1.723
193757672,10/05/2026,0.5255974916458244,1.903
193754996,10/05/2026,0.5514735501478208,1.813
194220459,10/05/2026,0.4214797147107057,2.373
193331380,10/05/2026,0.547911732290133,1.825
193328164,10/05/2026,0.4876044337376134,2.051
193328380,10/05/2026,0.5166364466572456,1.936
194273696,10/05/2026,0.5332953589118289,1.875
194052219,10/05/2026,0.5105770584392499,1.959
194265947,10/05/2026,0.5537531489626277,1.806
194265951,10/05/2026,0.5219569240855864,1.916
194265953,10/05/2026,0.5309106306756352,1.884
194297527,10/05/2026,0.5210046092642946,1.919
194265949,10/05/2026,0.5326124785709024,1.878
194265967,10/05/2026,0.5272272828980238,1.897
194297522,10/05/2026,0.5493221387659427,1.82
193319728,10/05/2026,0.4756328242937649,2.102
193003568,10/05/2026,0.5432858630519228,1.841
193003368,10/05/2026,0.4762589138006928,2.1
193996688,10/05/2026,0.5187319062473169,1.928
194273698,10/05/2026,0.580842442471617,1.722
194211784,10/05/2026,0.4486699512481499,2.229
193328369,10/05/2026,0.5263922245648355,1.9
194273294,10/05/2026,0.4729394279776742,2.114
193331977,10/05/2026,0.5649308652776119,1.77
194278308,10/05/2026,0.4746618462388701,2.107
193331880,10/05/2026,0.5095406978925662,1.963
193331876,10/05/2026,0.4952822990347553,2.019
194272379,10/05/2026,0.5239428269682347,1.909
193328363,10/05/2026,0.48891305378774125,2.045
194085278,10/05/2026,0.5206759199019003,1.921
193328357,10/05/2026,0.5042426210347154,1.983
193286240,10/05/2026,0.5609479908398076,1.783
193332270,10/05/2026,0.5016522447787317,1.993
194260763,10/05/2026,0.5445037894733616,1.837
194267353,10/05/2026,0.5822997651319974,1.717
194262727,10/05/2026,0.5201936299420711,1.922
194262730,10/05/2026,0.4804567793727802,2.081
194262781,10/05/2026,0.5016207316172921,1.994
194263506,10/05/2026,0.5486188836943734,1.823
194263838,10/05/2026,0.48076916056485364,2.08
194264182,10/05/2026,0.46557274652288505,2.148
194366962,10/05/2026,0.48369549799293843,2.067
194368831,10/05/2026,0.5348106318346119,1.87
194379939,10/05/2026,0.5204596134658304,1.921
193107620,10/05/2026,0.5323002284035956,1.879
194265937,10/05/2026,0.4674609949102783,2.139
193331999,10/05/2026,0.5545979905596425,1.803
194292185,10/05/2026,0.5021363802246472,1.991
194277648,10/05/2026,0.5706332121805341,1.752
194275419,10/05/2026,0.5875489330931396,1.702
194275180,10/05/2026,0.49987372597188484,2.001
194275164,10/05/2026,0.550005972293443,1.818
194312092,10/05/2026,0.43131112064025584,2.319
194317926,10/05/2026,0.5634381081781158,1.775
194317932,10/05/2026,0.5246371948529741,1.906
194274845,10/05/2026,0.5358328414201816,1.866
194085271,10/05/2026,0.537417079445413,1.861
194277652,10/05/2026,0.47621642611376425,2.1
193332003,10/05/2026,0.5519816246015368,1.812
194277650,10/05/2026,0.510472441695761,1.959
194278304,10/05/2026,0.48530939912882054,2.061
194273259,10/05/2026,0.5943899208247239,1.682
194273256,10/05/2026,0.539971902221074,1.852
193332018,10/05/2026,0.5084915683299,1.967
194272425,10/05/2026,0.48878758498662345,2.046
193332012,10/05/2026,0.599551525180902,1.668
193332008,10/05/2026,0.5493711214397781,1.82
194292182,10/05/2026,0.5058680512332587,1.977
194272383,10/05/2026,0.6037014733267565,1.656
194273689,10/05/2026,0.45437607002340785,2.201
193331871,10/05/2026,0.5312121642865453,1.882
194272414,10/05/2026,0.5456159030735656,1.833
194264450,10/05/2026,0.4845524624217433,2.064
194260768,10/05/2026,0.5314725222123469,1.882
193326574,10/05/2026,0.4641701251016323,2.154
194268065,10/05/2026,0.5444254088577791,1.837
194221314,10/05/2026,0.472786230375427,2.115
194272393,10/05/2026,0.5165813403102701,1.936
194274171,10/05/2026,0.4696359439243645,2.129
194274088,10/05/2026,0.5547560844207112,1.803
194317050,10/05/2026,0.5174128311257787,1.933
193329737,10/05/2026,0.5197687396268601,1.924
193196565,10/05/2026,0.49713397006095417,2.012
193330578,10/05/2026,0.5757034277616813,1.737
194333034,10/05/2026,0.5432127688475034,1.841
193191365,10/05/2026,0.5081710665208301,1.968
194205979,10/05/2026,0.51169730823501,1.954
194187776,10/05/2026,0.4275517422238504,2.339
194277558,10/05/2026,0.5160501368575092,1.938
193326590,10/05/2026,0.4573234953499793,2.187
194187778,10/05/2026,0.5300169884429016,1.887
188004,10/05/2026,0.5598540488204178,1.786
466738,10/05/2026,0.5598540488204178,1.786
194220344,10/05/2026,0.47488770709029954,2.106
193191369,10/05/2026,0.4502136459617875,2.221
194221311,10/05/2026,0.49493819362957975,2.02
194277556,10/05/2026,0.5562570196192722,1.798
194271980,10/05/2026,0.41728044361621836,2.396
194187721,10/05/2026,0.5434797941110983,1.84
193003410,10/05/2026,0.5349323521653407,1.869
194273970,10/05/2026,0.48470191060645956,2.063
194407168,10/05/2026,0.6006424229807792,1.665
193326620,10/05/2026,0.46746934409265284,2.139
193006239,10/05/2026,0.5280541181505999,1.894
194378915,10/05/2026,0.5498452584083984,1.819
193326582,10/05/2026,0.4729062341555149,2.115
194312762,10/05/2026,0.4505061481673327,2.22
194221308,10/05/2026,0.5452561983202621,1.834
194263798,10/05/2026,0.3875034556242493,2.581
193191367,10/05/2026,0.48731509741844764,2.052
194266518,10/05/2026,0.5071712489272503,1.972
194264452,10/05/2026,0.48735734932687325,2.052
194263794,10/05/2026,0.4936141405276288,2.026
194265981,10/05/2026,0.5601976818907357,1.785
194265998,10/05/2026,0.5304136017835183,1.885
194265993,10/05/2026,0.5857360905948176,1.707
194272404,10/05/2026,0.5064136493355523,1.975
194093986,10/05/2026,0.5299346089944952,1.887
194067564,10/05/2026,0.4769977036064529,2.096
194187770,10/05/2026,0.4739381249596904,2.11
194187768,10/05/2026,0.44254561483496857,2.26
194264454,10/05/2026,0.4810390327097801,2.079
194407854,10/05/2026,0.5697194944392074,1.755
193192207,10/05/2026,0.5302561245896786,1.886
193985013,10/05/2026,0.496696847952536,2.013
193191375,10/05/2026,0.4967213792909647,2.013
194220346,10/05/2026,0.566595728071983,1.765
194270865,10/05/2026,0.5679480103419726,1.761
194329360,10/05/2026,0.5387154862354221,1.856
193985017,10/05/2026,0.5113433275424271,1.956
194378593,10/05/2026,0.5636109806571051,1.774
194094272,10/05/2026,0.5551062559654367,1.801
194125245,10/05/2026,0.4877185146444355,2.05
194270869,10/05/2026,0.5277618965305008,1.895
194372481,10/05/2026,0.5986433247963527,1.67
194297581,10/05/2026,0.28018056995175755,3.569
194368816,10/05/2026,0.5429380209488319,1.842
194448977,10/05/2026,0.46698616575232044,2.141
194321775,10/05/2026,0.4976883472875308,2.009
194432477,10/05/2026,0.47802821443459875,2.092
193711655,10/05/2026,0.5218592009178811,1.916
194292096,10/05/2026,0.5155055487874173,1.94
194368708,10/05/2026,0.27483449132853177,3.639
194409766,10/05/2026,0.3664139453767035,2.729
194409764,10/05/2026,0.37141709369891085,2.692
194368728,10/05/2026,0.3147491117726841,3.177
194260795,10/05/2026,0.5846876995069794,1.71
193330598,10/05/2026,0.5194616498276113,1.925
194187711,10/05/2026,0.49745046062635595,2.01
194368900,10/05/2026,0.5032019468465238,1.987
193196568,10/05/2026,0.49294961376546903,2.029
193191371,10/05/2026,0.49729536544298475,2.011
194125240,10/05/2026,0.46756420913136093,2.139
194263802,10/05/2026,0.481886298662643,2.075
194273580,10/05/2026,0.5224764364008125,1.914
194270858,10/05/2026,0.5534631896380048,1.807
194321660,10/05/2026,0.5483285888906173,1.824
194268070,10/05/2026,0.5525354031954042,1.81
194297825,10/05/2026,0.536715515048864,1.863
194376161,10/05/2026,0.507400778549793,1.971
193192210,10/05/2026,0.4806274642317055,2.081
194127643,10/05/2026,0.5323932248472009,1.878
193191373,10/05/2026,0.519096992752434,1.926
194264459,10/05/2026,0.5042953982851377,1.983
194264657,10/05/2026,0.5196854651693208,1.924
194318829,10/05/2026,0.5566406144732378,1.796
194052230,10/05/2026,0.48146987071131575,2.077
194297816,10/05/2026,0.5409488671440984,1.849
194205983,10/05/2026,0.5527624218469347,1.809
193711652,10/05/2026,0.5598611436022838,1.786
193330594,10/05/2026,0.5189455994119389,1.927
194372573,10/05/2026,0.5738606277694277,1.743
194270861,10/05/2026,0.5365848461118743,1.864
193329748,10/05/2026,0.5200094544462152,1.923
194265621,10/05/2026,0.5428191849117706,1.842
194052223,10/05/2026,0.4793833972862765,2.086
194220342,10/05/2026,0.5469115452663139,1.828
194270366,10/05/2026,0.5467530438717748,1.829
194272387,10/05/2026,0.46788536754319304,2.137
194264490,10/05/2026,0.5070359614241902,1.972
194271851,10/05/2026,0.4247035758365016,2.355
194271755,10/05/2026,0.5388703400110302,1.856
194278310,10/05/2026,0.5293502341503562,1.889
194094270,10/05/2026,0.5272386082985545,1.897
194365808,10/05/2026,0.4637145777005368,2.156
194067570,10/05/2026,0.5287323852327539,1.891
194265973,10/05/2026,0.5619577926900025,1.779
194406350,10/05/2026,0.3692857413869718,2.708
194318517,10/05/2026,0.37636539624327753,2.657
193329734,10/05/2026,0.5093049398682247,1.963
194405913,10/05/2026,0.5366325804731924,1.863
194221303,10/05/2026,0.5038885474363738,1.985
194266503,10/05/2026,0.4963418650714509,2.015
193330378,10/05/2026,0.5045939518165959,1.982
194259993,10/05/2026,0.5276197914311069,1.895
194187717,10/05/2026,0.5118026813216576,1.954
194324899,10/05/2026,0.5234094701139663,1.911
194317034,10/05/2026,0.47916401432059935,2.087
194270637,10/05/2026,0.44371314859862165,2.254
194271670,10/05/2026,0.5002635720991637,1.999
194270526,10/05/2026,0.46838480620281586,2.135
194270368,10/05/2026,0.4873532852761904,2.052
194275856,10/05/2026,0.5159832066479959,1.938
194379942,10/05/2026,0.5153124185488185,1.941
194275858,10/05/2026,0.44620707569999635,2.241
193996690,10/05/2026,0.5312945168779891,1.882
193328374,10/05/2026,0.5332866317556788,1.875
193328371,10/05/2026,0.5322909894819623,1.879
194404725,10/05/2026,0.5012438569360828,1.995
193006237,10/05/2026,0.47157889869706443,2.121
194267364,10/05/2026,0.5088034309031005,1.965
194263517,10/05/2026,0.41178739744941995,2.428
194324873,10/05/2026,0.5383275314701288,1.858
194260757,10/05/2026,0.5615934227925753,1.781
194368833,10/05/2026,0.5271403832369942,1.897
194318792,10/05/2026,0.5253344159106202,1.904
193331388,10/05/2026,0.5279442171290406,1.894
193286244,10/05/2026,0.5485579117985948,1.823
193000835,10/05/2026,0.4972447834872034,2.011
194273683,10/05/2026,0.5404232704640757,1.85
194221680,10/05/2026,0.5375829410832497,1.86
194274861,10/05/2026,0.4980999854897595,2.008
193001788,10/05/2026,0.5626453700142346,1.777
194271848,10/05/2026,0.36763876640436494,2.72
194218890,10/05/2026,0.5089783700352477,1.965
194187748,10/05/2026,0.5441975059815312,1.838
194324868,10/05/2026,0.526883319925666,1.898
194273978,10/05/2026,0.5122647479930553,1.952
193326586,10/05/2026,0.5066619404530811,1.974
193005729,10/05/2026,0.5607368805854773,1.783
193192204,10/05/2026,0.4977260223641664,2.009
194187766,10/05/2026,0.497263383278357,2.011
194187754,10/05/2026,0.49833764441765194,2.007
194277551,10/05/2026,0.5653891368640994,1.769
194187759,10/05/2026,0.516693162663655,1.935
194187719,10/05/2026,0.5083296422352417,1.967
194187715,10/05/2026,0.44369537949262944,2.254
193005721,10/05/2026,0.5340448867370737,1.873
193326565,10/05/2026,0.4999061961959683,2.0
193005723,10/05/2026,0.5274979692009373,1.896
193005725,10/05/2026,0.5525309946511298,1.81
193005731,10/05/2026,0.5596491060919443,1.787
194187726,10/05/2026,0.50211308125015,1.992
194297821,10/05/2026,0.37531795944522256,2.664
193005735,10/05/2026,0.4530744095007201,2.207
193005741,10/05/2026,0.49721177394827304,2.011
194274080,10/05/2026,0.48338502838050196,2.069
193005764,10/05/2026,0.559536385984501,1.787
193985008,10/05/2026,0.5340375767339689,1.873
193985011,10/05/2026,0.5101915946682557,1.96
194187713,10/05/2026,0.5021997009075758,1.991
194270271,10/05/2026,0.4636885980701265,2.157
194259971,10/05/2026,0.4762015049391282,2.1
194324886,10/05/2026,0.523722104104016,1.909
194277530,10/05/2026,0.47446817673552505,2.108
194266739,10/05/2026,0.5511059399885803,1.815
194259961,10/05/2026,0.43172631767048725,2.316
194220466,10/05/2026,0.48761420449213116,2.051
193820483,10/05/2026,0.5075888136978945,1.97
193820479,10/05/2026,0.48979827293948675,2.042
194187703,10/05/2026,0.5474174057166478,1.827
194273988,10/05/2026,0.4490687895086514,2.227
194273985,10/05/2026,0.43716723264362684,2.287
193820488,10/05/2026,0.47334051473744837,2.113
194259978,10/05/2026,0.5421759141940707,1.844
194162336,10/05/2026,0.4936529141447175,2.026
194271647,10/05/2026,0.4933581087525413,2.027
193326560,10/05/2026,0.48865555900654156,2.046
194220463,10/05/2026,0.4778466605687756,2.093
193004705,10/05/2026,0.5252934449480068,1.904
194324878,10/05/2026,0.5301126449795889,1.886
194267390,10/05/2026,0.5446246292872357,1.836
194267392,10/05/2026,0.48475957734559183,2.063
194267388,10/05/2026,0.49264610224996885,2.03
194267386,10/05/2026,0.4503441173315304,2.221
193191347,10/05/2026,0.5452888415235446,1.834
194406722,10/05/2026,0.5192785735965164,1.926
194217149,10/05/2026,0.5789097007930039,1.727
193326578,10/05/2026,0.46895832852660735,2.132
194264189,10/05/2026,0.5038395577368999,1.985
194187817,10/05/2026,0.5694459537440977,1.756
194263494,10/05/2026,0.5503845753216704,1.817
194275680,10/05/2026,0.5374962459310283,1.86
194267356,10/05/2026,0.49413118367947106,2.024
194267362,10/05/2026,0.42804501158385894,2.336
194266466,10/05/2026,0.4932198176341585,2.027
194267366,10/05/2026,0.5172712026257466,1.933
194274485,10/05/2026,0.5575596096987715,1.794
194221318,10/05/2026,0.5375953428650044,1.86
194187814,10/05/2026,0.5305371181824557,1.885
194266963,10/05/2026,0.565536970173837,1.768
194318473,10/05/2026,0.5758439133110075,1.737
194400513,10/05/2026,0.49288035792042817,2.029
194297430,10/05/2026,0.5299529325576228,1.887
194317923,10/05/2026,0.5486688653250275,1.823
194318523,10/05/2026,0.5582319557341795,1.791
194294640,10/05/2026,0.48470575736313676,2.063
194294635,10/05/2026,0.5617288797631388,1.78
193328045,10/05/2026,0.5580201466301165,1.792
194320402,10/05/2026,0.5356573229807909,1.867
193319780,10/05/2026,0.49556993802640964,2.018
194264158,10/05/2026,0.5088403854582451,1.965
194262784,10/05/2026,0.49132673114356573,2.035
194267351,10/05/2026,0.5644047084995204,1.772
194318703,10/05/2026,0.552700300893005,1.809
194267358,10/05/2026,0.5662815696775118,1.766
194265547,10/05/2026,0.5181357120254014,1.93
194266612,10/05/2026,0.5145104416877964,1.944
194265549,10/05/2026,0.5391510493047976,1.855
194317026,10/05/2026,0.5137593832062407,1.946
194317031,10/05/2026,0.38516757127090745,2.596
194322147,10/05/2026,0.5329697895683524,1.876
194220483,10/05/2026,0.4866153645936075,2.055
194274430,10/05/2026,0.5826326073027377,1.716
194273960,10/05/2026,0.5240710744535271,1.908
194293336,10/05/2026,0.4809593746323258,2.079
194259938,10/05/2026,0.42056019821014473,2.378
194277646,10/05/2026,0.5370662092677492,1.862
194262793,10/05/2026,0.49239079643226535,2.031
194266482,10/05/2026,0.5261528814683719,1.901
194318796,10/05/2026,0.4808930035511058,2.079
194272397,10/05/2026,0.5056846112348676,1.978
194262790,10/05/2026,0.5263412320780515,1.9
194264514,10/05/2026,0.5700788320966638,1.754
194332561,10/05/2026,0.5803004915458037,1.723
194274541,10/05/2026,0.5962571261531157,1.677
193328025,10/05/2026,0.5186029484540254,1.928
194262774,10/05/2026,0.5656840292562,1.768
194311470,10/05/2026,0.5108853460429487,1.957
194332563,10/05/2026,0.6136862683937779,1.629
194354934,10/05/2026,0.5396021175682426,1.853
194221327,10/05/2026,0.5152946939491475,1.941
194263241,10/05/2026,0.531787551451766,1.88
194263225,10/05/2026,0.4897286452504342,2.042
194263229,10/05/2026,0.44470893802469047,2.249
194268531,10/05/2026,0.5627781064772708,1.777
193328032,10/05/2026,0.5583211519390621,1.791
194293387,10/05/2026,0.5675846755568685,1.762
194266911,10/05/2026,0.5519232440002507,1.812
194268665,10/05/2026,0.5458492700214495,1.832
194322112,10/05/2026,0.5324503029644988,1.878
194274509,10/05/2026,0.46250952687290714,2.162
194322114,10/05/2026,0.4590184493145548,2.179
194263237,10/05/2026,0.5102821577270653,1.96
194263220,10/05/2026,0.4988008378068789,2.005
194266902,10/05/2026,0.556152220385688,1.798
194264820,10/05/2026,0.5924529690413837,1.688
194268395,10/05/2026,0.544554643152484,1.836
193757666,10/05/2026,0.5657323547528834,1.768
194265709,10/05/2026,0.5336421574416779,1.874
194266029,10/05/2026,0.4942833032454761,2.023
194263233,10/05/2026,0.4728009262157556,2.115
194275682,10/05/2026,0.5047241510348138,1.981
194318825,10/05/2026,0.5617864647482754,1.78
194220498,10/05/2026,0.5716439997174801,1.749
194268535,10/05/2026,0.5497780881961069,1.819
194221346,10/05/2026,0.49861240887422253,2.006
194323195,10/05/2026,0.526180573214601,1.9
194319129,10/05/2026,0.49434731807033855,2.023
194292562,10/05/2026,0.5877960393482147,1.701
193202460,10/05/2026,0.5171379815623707,1.934
194318519,10/05/2026,0.5291548645687513,1.89
194268584,10/05/2026,0.5574985646831031,1.794
194273006,10/05/2026,0.5380777543366785,1.858
193107608,10/05/2026,0.496030537984118,2.016
193319717,10/05/2026,0.4900394530760757,2.041
193762022,10/05/2026,0.5571891524503548,1.795
194318530,10/05/2026,0.6016888309114256,1.662
193286222,10/05/2026,0.5493590087042637,1.82
194417651,10/05/2026,0.5029867565022433,1.988
194265761,10/05/2026,0.44958403142923165,2.224
194261415,10/05/2026,0.53405417010055,1.872
194323198,10/05/2026,0.37298033892801025,2.681
194317043,10/05/2026,0.5530745274439356,1.808
193004735,10/05/2026,0.4974185222250005,2.01
194220500,10/05/2026,0.4599541107338745,2.174
194263245,10/05/2026,0.5407964218668428,1.849
194263250,10/05/2026,0.5395300838188218,1.853
194221322,10/05/2026,0.5282382369907515,1.893
194321686,10/05/2026,0.5132381503193512,1.948
193332118,10/05/2026,0.5715159778628076,1.75
194220495,10/05/2026,0.5680365370053589,1.76
194263820,10/05/2026,0.5534191885492837,1.807
194218833,10/05/2026,0.5617541046370624,1.78
193335587,10/05/2026,0.5744166058748182,1.741
193335585,10/05/2026,0.47730729214672607,2.095
193335583,10/05/2026,0.5072903497979854,1.971
193335581,10/05/2026,0.5324568485260617,1.878
194262184,10/05/2026,0.5423398613589175,1.844
194218831,10/05/2026,0.5227998915528171,1.913
193335598,10/05/2026,0.5182253444758796,1.93
193202211,10/05/2026,0.4948313738337753,2.021
193335572,10/05/2026,0.550351260414886,1.817
193335575,10/05/2026,0.5139322609385191,1.946
193335577,10/05/2026,0.5101865491213592,1.96
193328529,10/05/2026,0.5173905058689441,1.933
193328527,10/05/2026,0.510989271976551,1.957
193328524,10/05/2026,0.5099721066065378,1.961
194220138,10/05/2026,0.48204986368208175,2.074
194216947,10/05/2026,0.5224182132973783,1.914
194218827,10/05/2026,0.5818058879910046,1.719
194262175,10/05/2026,0.5056043797059364,1.978
194262158,10/05/2026,0.49236502491571166,2.031
194262155,10/05/2026,0.5180009521264092,1.93
193202448,10/05/2026,0.5084211863242976,1.967
193335589,10/05/2026,0.5518157172080951,1.812
194221729,10/05/2026,0.5455680775983974,1.833
194218843,10/05/2026,0.6153325930091698,1.625
194265374,10/05/2026,0.5039383677257312,1.984
194218853,10/05/2026,0.5983511275513154,1.671
194266684,10/05/2026,0.5400453480328412,1.852
194218820,10/05/2026,0.570989505411527,1.751
193711646,10/05/2026,0.46201139558531684,2.164
194354328,10/05/2026,0.522096827157796,1.915
194354156,10/05/2026,0.5026460850435179,1.989
194354033,10/05/2026,0.46959378682135106,2.13
194219567,10/05/2026,0.6061473035637576,1.65
194216945,10/05/2026,0.49124222175634286,2.036
194262146,10/05/2026,0.5116938255845239,1.954
194266891,10/05/2026,0.5258928262015113,1.902
193335569,10/05/2026,0.5044709985055397,1.982
194218837,10/05/2026,0.5236234097917474,1.91
194218848,10/05/2026,0.5737762149987808,1.743
193268985,10/05/2026,0.5906249638294191,1.693
194398188,10/05/2026,0.5335837066459087,1.874
194219549,10/05/2026,0.5978300568140811,1.673
193335606,10/05/2026,0.507642288913674,1.97
193335592,10/05/2026,0.4952525340982875,2.019
194218835,10/05/2026,0.5430197839867545,1.842
194219560,10/05/2026,0.5785269875467572,1.729
194266687,10/05/2026,0.5286284381407254,1.892
194262144,10/05/2026,0.5925350351816604,1.688
194262141,10/05/2026,0.4910269390624907,2.037
194219564,10/05/2026,0.39570626732537034,2.527
194397907,10/05/2026,0.5539994011186047,1.805
194343100,10/05/2026,0.5315149777628048,1.881
194260287,10/05/2026,0.5003422626116749,1.999
194398359,10/05/2026,0.5767366608237391,1.734
194268343,10/05/2026,0.306100300801591,3.267
193202213,10/05/2026,0.5359457135307453,1.866
193202458,10/05/2026,0.5148849265178532,1.942
193202453,10/05/2026,0.5639419870611577,1.773
194274202,10/05/2026,0.5883352184642714,1.7
194263120,10/05/2026,0.49478472797649714,2.021
194260688,10/05/2026,0.5679609712155306,1.761
194266721,10/05/2026,0.5376521780430269,1.86
194263487,10/05/2026,0.5190313672017675,1.927
194272391,10/05/2026,0.5544662380220341,1.804
194271163,10/05/2026,0.6130010040404607,1.631
194263484,10/05/2026,0.42295571095672563,2.364
194220472,10/05/2026,0.5545387444970763,1.803
194266037,10/05/2026,0.468268422961957,2.136
194266043,10/05/2026,0.5244072895870132,1.907
194266039,10/05/2026,0.5344049332835218,1.871
194267266,10/05/2026,0.5585626153897889,1.79
194263813,10/05/2026,0.528617220158656,1.892
193328540,10/05/2026,0.5256017031754509,1.903
194272399,10/05/2026,0.44392928874306237,2.253
193268989,10/05/2026,0.5148790067510483,1.942
194220174,10/05/2026,0.5525980732186802,1.81
194262161,10/05/2026,0.5289501096073044,1.891
193335579,10/05/2026,0.49525895153377797,2.019
194219557,10/05/2026,0.5775658659887979,1.731
194260759,10/05/2026,0.5954351999960295,1.679
194220153,10/05/2026,0.5208192123927199,1.92
194333392,10/05/2026,0.57726124710807,1.732
193335608,10/05/2026,0.5611941801018461,1.782
193328531,10/05/2026,0.48895521141941634,2.045
193328533,10/05/2026,0.550851312277776,1.815
194398174,10/05/2026,0.42936968362705547,2.329
193268991,10/05/2026,0.5918768759609658,1.69
193268987,10/05/2026,0.5571008407626522,1.795
194218841,10/05/2026,0.5560151585516636,1.799
194218812,10/05/2026,0.5921815905469975,1.689
194219960,10/05/2026,0.537414324985526,1.861
194219963,10/05/2026,0.5253062012047357,1.904
193328535,10/05/2026,0.5018725736745921,1.993
194219966,10/05/2026,0.5261177580458094,1.901
193328538,10/05/2026,0.5114642704628226,1.955
194218845,10/05/2026,0.6057370427211907,1.651
194218839,10/05/2026,0.5435470963804399,1.84
194398318,10/05/2026,0.5044719710495343,1.982
194218800,10/05/2026,0.366914736413965,2.725
193754994,10/05/2026,0.5258539589212987,1.902
194274539,10/05/2026,0.5515032194961029,1.813
194203538,10/05/2026,0.5219493924747869,1.916
194204939,10/05/2026,0.5228507492469203,1.913
194268557,10/05/2026,0.5485861545298768,1.823
194268560,10/05/2026,0.5684362104091129,1.759
194268569,10/05/2026,0.5757997315319954,1.737
194268660,10/05/2026,0.5597811528075666,1.786
194220503,10/05/2026,0.44008710559798997,2.272
194320529,10/05/2026,0.4674755836156494,2.139
194268878,10/05/2026,0.5079516765990291,1.969
194268884,10/05/2026,0.5067357061318414,1.973
194268897,10/05/2026,0.46293495018378195,2.16
194268909,10/05/2026,0.5796865463287831,1.725
194266002,10/05/2026,0.46321596184999625,2.159
194270361,10/05/2026,0.47722423244801304,2.095
194328298,10/05/2026,0.37782688881065324,2.647
194319840,10/05/2026,0.48554294440032153,2.06
194274534,10/05/2026,0.5347407438774946,1.87
193000807,10/05/2026,0.560910850178753,1.783
194276573,10/05/2026,0.5352581653635841,1.868
194317939,10/05/2026,0.6056043942533176,1.651
194276577,10/05/2026,0.4066996055733268,2.459
194266737,10/05/2026,0.47451288638957073,2.107
194268332,10/05/2026,0.5053978520575335,1.979
194268328,10/05/2026,0.5114380957248195,1.955
194270364,10/05/2026,0.5033541401616184,1.987
194273926,10/05/2026,0.5004580900509678,1.998
194272389,10/05/2026,0.37848189480732497,2.642
194273283,10/05/2026,0.5581921875007806,1.791
194273916,10/05/2026,0.5063521096263236,1.975
194273918,10/05/2026,0.4850502427258983,2.062
194273920,10/05/2026,0.5784862850549631,1.729
194273922,10/05/2026,0.5178997921622973,1.931
194273924,10/05/2026,0.5566975139337916,1.796
194260547,10/05/2026,0.5359658948503633,1.866
194273930,10/05/2026,0.5536578419747249,1.806
194274222,10/05/2026,0.6037489579789316,1.656
194262319,10/05/2026,0.4883480342170095,2.048
193330200,10/05/2026,0.5725989958271026,1.746
194298641,10/05/2026,0.4900228326025209,2.041
194298639,10/05/2026,0.502771142733338,1.989
194292574,10/05/2026,0.5219459007237842,1.916
194292572,10/05/2026,0.5962056691392089,1.677
194292570,10/05/2026,0.6004567183334274,1.665
194277542,10/05/2026,0.5604954289228599,1.784
194278354,10/05/2026,0.5166216855308916,1.936
194279258,10/05/2026,0.5359737476998533,1.866
194320522,10/05/2026,0.5057721611143013,1.977
194320525,10/05/2026,0.5033767217105329,1.987
193715889,10/05/2026,0.5412391565716359,1.848
194266838,10/05/2026,0.5589954620825885,1.789
194266835,10/05/2026,0.4881358331745032,2.049
194266843,10/05/2026,0.5149197553809949,1.942
194272750,10/05/2026,0.5464157009225576,1.83
194317935,10/05/2026,0.5619085201473932,1.78
194274173,10/05/2026,0.5389146449848831,1.856
194274175,10/05/2026,0.5083013449305865,1.967
194317929,10/05/2026,0.5488712358390894,1.822
194274863,10/05/2026,0.4998515844172108,2.001
194274407,10/05/2026,0.5905942808233065,1.693
194318790,10/05/2026,0.4905367820403361,2.039
194274816,10/05/2026,0.5077345707998205,1.97
194274818,10/05/2026,0.5063799278094937,1.975
194368829,10/05/2026,0.5208579448848959,1.92
194274821,10/05/2026,0.5288393375800073,1.891
194274833,10/05/2026,0.5327779380254378,1.877
194274843,10/05/2026,0.5055613010048562,1.978
194274847,10/05/2026,0.493218018442029,2.028
194368824,10/05/2026,0.48964203060465394,2.042
194274854,10/05/2026,0.5171050467244862,1.934
194367520,10/05/2026,0.5494029110568237,1.82
194274851,10/05/2026,0.522054479930311,1.916
194279265,10/05/2026,0.5641937632293716,1.772
193756273,10/05/2026,0.4937476071097709,2.025
194262316,10/05/2026,0.5087650825153307,1.966
194274826,10/05/2026,0.5373964574386021,1.861
194271800,10/05/2026,0.5138066333774768,1.946
194273687,10/05/2026,0.5590045131114033,1.789
194266887,10/05/2026,0.5659035443764839,1.767
194266845,10/05/2026,0.45503559853310105,2.198
194266840,10/05/2026,0.47789977572688047,2.092
194275689,10/05/2026,0.6361721158894741,1.572
194275698,10/05/2026,0.6004468787522032,1.665
194321765,10/05/2026,0.5452086192524821,1.834
194276274,10/05/2026,0.5031657110071845,1.987
194276276,10/05/2026,0.5524994818472849,1.81
194276278,10/05/2026,0.48539792568616585,2.06
194276571,10/05/2026,0.4973280238549053,2.011
194322116,10/05/2026,0.5462411376811132,1.831
194368827,10/05/2026,0.499347763363968,2.003
194320045,10/05/2026,0.5416463257917052,1.846
194266474,10/05/2026,0.553245128712764,1.808
194292576,10/05/2026,0.5176487113037875,1.932
194274870,10/05/2026,0.4983414968961167,2.007
194369696,10/05/2026,0.4980041869216508,2.008
194266464,10/05/2026,0.5419669450448468,1.845
194266476,10/05/2026,0.5562736827537479,1.798
194274865,10/05/2026,0.5124841361935749,1.951
194368821,10/05/2026,0.4886735970717735,2.046
194274859,10/05/2026,0.5463152209374007,1.83
194266889,10/05/2026,0.5153929592892195,1.94
194276575,10/05/2026,0.44738719896447077,2.235
194271221,10/05/2026,0.4810262895226028,2.079
194268890,10/05/2026,0.5581133391412032,1.792
194270370,10/05/2026,0.5339125945641394,1.873
194292566,10/05/2026,0.6240064445498039,1.603
194320157,10/05/2026,0.5313590277154152,1.882
194260753,10/05/2026,0.5169656393341057,1.934
194265545,10/05/2026,0.5622223497644673,1.779
194318939,10/05/2026,0.43367855360958363,2.306
194274489,10/05/2026,0.5638433202700778,1.774
193331450,10/05/2026,0.5430562670288477,1.841
194274347,10/05/2026,0.5913648258994952,1.691
194264172,10/05/2026,0.49043430542830635,2.039
194278423,10/05/2026,0.5714882743114699,1.75
193198008,10/05/2026,0.491150091518751,2.036
194274063,10/05/2026,0.5302254404263181,1.886
194270768,10/05/2026,0.5433956086662709,1.84
193003395,10/05/2026,0.5299158802296094,1.887
194279354,10/05/2026,0.5878727363867452,1.701
194273305,10/05/2026,0.5671913617137161,1.763
193332544,10/05/2026,0.5109052518999954,1.957
193003529,10/05/2026,0.5313662344994555,1.882
193331455,10/05/2026,0.5580636846131802,1.792
194275684,10/05/2026,0.4938921284666246,2.025
194266522,10/05/2026,0.5935837980434331,1.685
194318543,10/05/2026,0.5851012617591561,1.709
194273933,10/05/2026,0.5137786567162594,1.946
193320621,10/05/2026,0.5342547737400462,1.872
193320631,10/05/2026,0.4823316177386773,2.073
194260774,10/05/2026,0.47227568683212423,2.117
194400803,10/05/2026,0.5400883479150212,1.852
194265372,10/05/2026,0.48259185748244804,2.072
194266606,10/05/2026,0.5243764479174577,1.907
193331376,10/05/2026,0.5614099772443809,1.781
193001571,10/05/2026,0.5540231018994725,1.805
193001779,10/05/2026,0.5579536404830986,1.792
193331658,10/05/2026,0.5385307950627839,1.857
193001581,10/05/2026,0.5679536514996367,1.761
194266032,10/05/2026,0.4865651305773817,2.055
193001576,10/05/2026,0.5439936793022545,1.838
194266035,10/05/2026,0.49442426641041765,2.023
194266041,10/05/2026,0.48593104064813636,2.058
194271217,10/05/2026,0.46652586707129423,2.144
193328038,10/05/2026,0.5084340214626709,1.967
193328034,10/05/2026,0.5049764349173902,1.98
194263806,10/05/2026,0.5182743909508387,1.929
193328042,10/05/2026,0.5566110546291233,1.797
194372776,10/05/2026,0.5348294940131648,1.87
194318812,10/05/2026,0.5657707613805818,1.768
194375885,10/05/2026,0.5198276493478641,1.924
194275978,10/05/2026,0.5490306558861329,1.821
194268314,10/05/2026,0.5614313879690899,1.781
194267985,10/05/2026,0.5140704071398857,1.945
194401599,10/05/2026,0.5421604196111192,1.844
194266479,10/05/2026,0.5257097908261068,1.902
194266045,10/05/2026,0.4995935203763209,2.002
194221333,10/05/2026,0.5315462609166564,1.881
194264844,10/05/2026,0.5727346500062499,1.746
194264842,10/05/2026,0.5459054228557003,1.832
194264834,10/05/2026,0.5395480112061974,1.853
192501343,10/05/2026,0.5169848292239952,1.934
194264177,10/05/2026,0.5241467066702953,1.908
194408687,10/05/2026,0.4944773717202147,2.022
194403262,10/05/2026,0.5447960141713061,1.836
194266883,10/05/2026,0.5276615719018208,1.895
194260571,10/05/2026,0.5451675105467563,1.834
192501379,10/05/2026,0.5321262898927163,1.879
194264847,10/05/2026,0.5434343449309625,1.84
193004717,10/05/2026,0.5099498375638217,1.961
194382889,10/05/2026,0.35118671645952376,2.847
194379171,10/05/2026,0.5063580664870643,1.975
194267347,10/05/2026,0.401492733373005,2.491
194262377,10/05/2026,0.49711741457087805,2.012
194266007,10/05/2026,0.5233313631076794,1.911
194260558,10/05/2026,0.5641842028260118,1.772
194279356,10/05/2026,0.5385946685779812,1.857
194260524,10/05/2026,0.44529332568614394,2.246
193319720,10/05/2026,0.5333196437103871,1.875
194320152,10/05/2026,0.585999672245443,1.706
193004722,10/05/2026,0.5117571608361726,1.954
194264851,10/05/2026,0.5307955367949749,1.884
194267349,10/05/2026,0.49103606478762174,2.037
194266520,10/05/2026,0.5279656990426158,1.894
193107618,10/05/2026,0.5346946405922604,1.87
194266527,10/05/2026,0.5822311238067367,1.718
194265305,10/05/2026,0.5159959192311411,1.938
193758276,10/05/2026,0.29583086402161324,3.38
193331463,10/05/2026,0.567374054471686,1.763
193331860,10/05/2026,0.530634833785497,1.885
194263827,10/05/2026,0.5498836168243372,1.819
194320155,10/05/2026,0.5123802812049716,1.952
194320261,10/05/2026,0.5740755902442486,1.742
194274068,10/05/2026,0.4460363679612522,2.242
425615,10/05/2026,0.5598540488204178,1.786
194274065,10/05/2026,0.5119541185876472,1.953
194218888,10/05/2026,0.547619860750467,1.826
194266719,10/05/2026,0.5395281884453743,1.853
193762024,10/05/2026,0.5331647222943073,1.876
194260578,10/05/2026,0.5493621782873179,1.82
194266515,10/05/2026,0.542699665686002,1.843
194267979,10/05/2026,0.5828024173409455,1.716
194265756,10/05/2026,0.49985092398768505,2.001
194267974,10/05/2026,0.33175040811646533,3.014
194265765,10/05/2026,0.5452927021339018,1.834
192501340,10/05/2026,0.531105613628855,1.883
194311625,11/05/2026,0.47452975554882937,2.107
194315949,11/05/2026,0.5291758001492022,1.89
193004729,11/05/2026,0.48301790210192797,2.07
194323704,11/05/2026,0.5662895022844031,1.766
192501389,11/05/2026,0.5216003324609012,1.917
193989630,11/05/2026,0.4869580109375225,2.054
194320453,11/05/2026,0.5841991564890071,1.712
193003402,11/05/2026,0.4954492883913154,2.018
194320446,11/05/2026,0.5741492570953213,1.742
193006268,11/05/2026,0.49677043562691253,2.013
193006242,11/05/2026,0.47073035753363557,2.124
193006246,11/05/2026,0.5368842073073877,1.863
193006263,11/05/2026,0.5202572439390651,1.922
193003564,11/05/2026,0.5217994129332807,1.916
193006261,11/05/2026,0.45089247126768606,2.218
194220348,11/05/2026,0.5621986918265821,1.779
194311622,11/05/2026,0.5307214212942255,1.884
193715904,11/05/2026,0.4687965830703234,2.133
194270547,11/05/2026,0.5517071771117424,1.813
194270144,11/05/2026,0.5311857611651345,1.883
194314510,11/05/2026,0.5405387015454821,1.85
193006251,11/05/2026,0.5235727374234286,1.91
193320638,11/05/2026,0.45853687538641,2.181
193710604,11/05/2026,0.521524474440517,1.917
194320443,11/05/2026,0.46367015347585216,2.157
193329761,11/05/2026,0.4952528105155773,2.019
194314512,11/05/2026,0.5761423829298787,1.736
194314490,11/05/2026,0.4839607169498017,2.066
193330402,11/05/2026,0.524046802173435,1.908
194093991,11/05/2026,0.549471801235909,1.82
194416674,11/05/2026,0.5443110922633336,1.837
194314515,11/05/2026,0.5363483101332507,1.864
194270555,11/05/2026,0.5481254754616088,1.824
194270553,11/05/2026,0.5410339430193442,1.848
194270551,11/05/2026,0.5449074401440865,1.835
194270549,11/05/2026,0.5053820393976959,1.979
194315953,11/05/2026,0.5540123188738326,1.805
193006266,11/05/2026,0.519062689181962,1.927
194417018,11/05/2026,0.480219601478053,2.082
194314445,11/05/2026,0.5190658249682377,1.927
194052221,11/05/2026,0.5347907623242601,1.87
193985025,11/05/2026,0.5542642937725272,1.804
194266506,11/05/2026,0.545348544935441,1.834
194376912,11/05/2026,0.5955858598177174,1.679
194376910,11/05/2026,0.5887811402746997,1.698
194376905,11/05/2026,0.5559381339977345,1.799
194094024,11/05/2026,0.4310125091726369,2.32
194264578,11/05/2026,0.5094773708276749,1.963
193196570,11/05/2026,0.4880803307029098,2.049
194314460,11/05/2026,0.4816180917935136,2.076
194457939,11/05/2026,0.5864031711408297,1.705
194416593,11/05/2026,0.5416079694054409,1.846
193329763,11/05/2026,0.5312967438494267,1.882
194422820,11/05/2026,0.3674752649569471,2.721
194429935,11/05/2026,0.37347996443639914,2.678
194270248,11/05/2026,0.5612095851918264,1.782
194094028,11/05/2026,0.5018138109637152,1.993
194264463,11/05/2026,0.503071809328708,1.988
194416555,11/05/2026,0.5809365203241301,1.721
194416378,11/05/2026,0.5056490488562123,1.978
194314492,11/05/2026,0.5002711794491229,1.999
194266524,11/05/2026,0.5091239257009568,1.964
194052228,11/05/2026,0.5040751542767974,1.984
194205988,11/05/2026,0.4952054230477333,2.019
194416374,11/05/2026,0.4894368372699898,2.043
194314451,11/05/2026,0.5004240005732409,1.998
194094013,11/05/2026,0.4613465860566961,2.168
194314454,11/05/2026,0.5031101360321243,1.988
194310650,11/05/2026,0.5095828279458126,1.962
194314458,11/05/2026,0.517899121419018,1.931
194094019,11/05/2026,0.5517623049699717,1.812
194416641,11/05/2026,0.5892593958233946,1.697
193326611,11/05/2026,0.46315669160669853,2.159
194187780,11/05/2026,0.5110103371939352,1.957
193326624,11/05/2026,0.4485941959213727,2.229
194266529,11/05/2026,0.4975324887122903,2.01
194205990,11/05/2026,0.5145692416000861,1.943
194314449,11/05/2026,0.5055240563776381,1.978
194375753,11/05/2026,0.5657327219552555,1.768
194314524,11/05/2026,0.5873767110871578,1.702
193762028,11/05/2026,0.4974167262294281,2.01
194473857,11/05/2026,0.5254732381721335,1.903
194324947,11/05/2026,0.5231501590506105,1.911
194430077,11/05/2026,0.38831010973412916,2.575
194430969,11/05/2026,0.33743547517923084,2.964
194203859,11/05/2026,0.5293866739384988,1.889
194376252,11/05/2026,0.5373418848471239,1.861
194376249,11/05/2026,0.48687278467379275,2.054
194430385,11/05/2026,0.49369984345782447,2.026
194376246,11/05/2026,0.5530597589809362,1.808
194376255,11/05/2026,0.4999559047693221,2.0
194461853,11/05/2026,0.4963276242622406,2.015
194317002,11/05/2026,0.5950022799653969,1.681
194314503,11/05/2026,0.4954399009158423,2.018
194314505,11/05/2026,0.5312530206211764,1.882
193710586,11/05/2026,0.5490491492880831,1.821
194314463,11/05/2026,0.5423879461938509,1.844
194271000,11/05/2026,0.5463237620646048,1.83
194270245,11/05/2026,0.5199081162724637,1.923
194318411,11/05/2026,0.4849688127070195,2.062
194318418,11/05/2026,0.566302744924636,1.766
194375869,11/05/2026,0.5151456889566943,1.941
194432479,11/05/2026,0.37562847369651975,2.662
194368725,11/05/2026,0.29427248199404576,3.398
194368721,11/05/2026,0.37246042859795425,2.685
194326399,11/05/2026,0.47648139201034345,2.099
194324806,11/05/2026,0.3685521496366937,2.713
194324801,11/05/2026,0.3683498459532332,2.715
194315945,11/05/2026,0.5381821696083587,1.858
194326403,11/05/2026,0.3541969331796517,2.823
194314520,11/05/2026,0.5076138782817089,1.97
194318425,11/05/2026,0.512725924167329,1.95
194311627,11/05/2026,0.5698319144657761,1.755
194323620,11/05/2026,0.4774348756755261,2.095
194314469,11/05/2026,0.5648441961337707,1.77
194314473,11/05/2026,0.5791190404222295,1.727
194318408,11/05/2026,0.5106317195553268,1.958
194430864,11/05/2026,0.5222300964744714,1.915
194314494,11/05/2026,0.5631229258325137,1.776
194430128,11/05/2026,0.543377260954749,1.84
194314553,11/05/2026,0.5359499009377332,1.866
194221675,11/05/2026,0.5141819612504607,1.945
194429789,11/05/2026,0.5076843563657656,1.97
193107622,11/05/2026,0.5336883414733694,1.874
193107627,11/05/2026,0.5296475134941345,1.888
194271005,11/05/2026,0.5805033151446581,1.723
194271003,11/05/2026,0.5365905707066135,1.864
194314508,11/05/2026,0.5008599379705908,1.997
194321784,11/05/2026,0.48779001151214074,2.05
194316581,11/05/2026,0.5739921669272535,1.742
194316574,11/05/2026,0.5377202416520243,1.86
194316563,11/05/2026,0.5790713163478743,1.727
194379904,11/05/2026,0.48716043247803753,2.053
193331473,11/05/2026,0.5144858338688351,1.944
194315908,11/05/2026,0.5605894169484675,1.784
194315934,11/05/2026,0.48214713021289124,2.074
193332025,11/05/2026,0.5828187626242536,1.716
194316578,11/05/2026,0.5495488740314608,1.82
194321781,11/05/2026,0.5574920620651409,1.794
193330397,11/05/2026,0.5496426462150807,1.819
194270133,11/05/2026,0.5270492276799585,1.897
194314438,11/05/2026,0.539379146847972,1.854
193715895,11/05/2026,0.494318027333116,2.023
194379900,11/05/2026,0.5092114417471751,1.964
194430908,11/05/2026,0.5248160138875143,1.905
194314543,11/05/2026,0.5507147161736329,1.816
194315901,11/05/2026,0.4839809785163853,2.066
194452067,11/05/2026,0.5148121021207956,1.942
194314442,11/05/2026,0.5357260169508649,1.867
194366392,11/05/2026,0.48661240695268027,2.055
194315942,11/05/2026,0.5770030025126873,1.733
194318413,11/05/2026,0.5629125172470206,1.776
194314486,11/05/2026,0.5227167058686617,1.913
194316570,11/05/2026,0.5621608732901602,1.779
194316572,11/05/2026,0.593010443260672,1.686
194314518,11/05/2026,0.527646102507673,1.895
194321779,11/05/2026,0.5420243133678695,1.845
194317016,11/05/2026,0.36732734429905717,2.722
194320437,11/05/2026,0.5862571995614472,1.706
194419345,12/05/2026,0.5118613255395495,1.954
194419343,12/05/2026,0.49310014043124356,2.028
194419347,12/05/2026,0.5077557776581069,1.969
194418506,12/05/2026,0.5529833702553498,1.808
194419349,12/05/2026,0.5440484723876468,1.838
194416868,12/05/2026,0.5279376156678223,1.894
194421774,12/05/2026,0.559417599277244,1.788
194425157,12/05/2026,0.5278672223919733,1.894
194418543,12/05/2026,0.5406440821971272,1.85
193332561,12/05/2026,0.5312184700368373,1.882
194426698,12/05/2026,0.5118993989582018,1.954
194421778,12/05/2026,0.5382499754489652,1.858
194421776,12/05/2026,0.4914777955984667,2.035
193332587,12/05/2026,0.5490514447854459,1.821
194473784,12/05/2026,0.5381946758380826,1.858
194488715,12/05/2026,0.47951060488376535,2.085
194484068,12/05/2026,0.5439840335538022,1.838
194419862,12/05/2026,0.5297976427600306,1.888
193332580,12/05/2026,0.566702434336159,1.765
193003416,12/05/2026,0.5154702415113361,1.94
194416680,12/05/2026,0.45698522354431104,2.188
194488719,12/05/2026,0.5102755704817946,1.96
194425363,12/05/2026,0.5239141592850505,1.909
194413848,12/05/2026,0.49417548279440565,2.024
194416676,12/05/2026,0.535205288375288,1.868
194419867,12/05/2026,0.5609901649092495,1.783
193320711,12/05/2026,0.5664691555987607,1.765
193320717,12/05/2026,0.5540992790449458,1.805
193003419,12/05/2026,0.5372693318104316,1.861
194418524,12/05/2026,0.5351336959874927,1.869
194418528,12/05/2026,0.4301425611638298,2.325
194418535,12/05/2026,0.5283337798392459,1.893
194492551,12/05/2026,0.553484109130997,1.807
193327284,12/05/2026,0.5075266614233862,1.97
194500992,12/05/2026,0.5770559836478182,1.733
194424143,12/05/2026,0.5534050115457485,1.807
194421757,12/05/2026,0.4965276198566788,2.014
194421039,12/05/2026,0.5366222435468119,1.864
194427022,12/05/2026,0.5547832556618024,1.803
193330412,12/05/2026,0.5855309345015133,1.708
194272004,12/05/2026,0.5787827691027978,1.728
194488713,12/05/2026,0.556920607680356,1.796
194491505,12/05/2026,0.5090047305635244,1.965
194492305,12/05/2026,0.37357521785206216,2.677
194418510,12/05/2026,0.5700856470077825,1.754
194482070,12/05/2026,0.5607282622845412,1.783
194482053,12/05/2026,0.45940447283954955,2.177
194482068,12/05/2026,0.5564446312395089,1.797
194469400,12/05/2026,0.5135244191145387,1.947
194482049,12/05/2026,0.5302141457240641,1.886
194483103,12/05/2026,0.5437646748298972,1.839
193326633,12/05/2026,0.48101196026610177,2.079
194482047,12/05/2026,0.6263411066461079,1.597
194482093,12/05/2026,0.5637687708279283,1.774
194405729,12/05/2026,0.46573721624788916,2.147
193552770,12/05/2026,0.43798655847450496,2.283
194500347,12/05/2026,0.37070197893186996,2.698
194492303,12/05/2026,0.5887006365254904,1.699
194500494,12/05/2026,0.28418503949083546,3.519
194500349,12/05/2026,0.3124543459871437,3.2
194500351,12/05/2026,0.4107299240692454,2.435
194500345,12/05/2026,0.3676193663023135,2.72
194503010,12/05/2026,0.45590935499967544,2.193
193552748,12/05/2026,0.46863462843809983,2.134
194482051,12/05/2026,0.6171516310077387,1.62
193552743,12/05/2026,0.4208495233208133,2.376
194429775,12/05/2026,0.5404424626348591,1.85
193332126,12/05/2026,0.5187450366470762,1.928
193332139,12/05/2026,0.5413609608526774,1.847
193332149,12/05/2026,0.5578450630059435,1.793
194417430,12/05/2026,0.5766766336874581,1.734
194272006,12/05/2026,0.4554521154271609,2.196
194417287,12/05/2026,0.4801758061399015,2.083
194417393,12/05/2026,0.5050369432545211,1.98
194419629,12/05/2026,0.5839848373794697,1.712
194413850,12/05/2026,0.5326469214236359,1.877
194426147,12/05/2026,0.5295704743279989,1.888
193989627,12/05/2026,0.5608530266182443,1.783
193003456,12/05/2026,0.5279968969079765,1.894
194483108,12/05/2026,0.5236328250505484,1.91
194418526,12/05/2026,0.5184882807724974,1.929
194430432,12/05/2026,0.5578469406260514,1.793
194428321,12/05/2026,0.5366149155961889,1.864
194420400,12/05/2026,0.46862722292250514,2.134
193192213,12/05/2026,0.47697273933248785,2.097
194488708,12/05/2026,0.5189086111744319,1.927
194379201,12/05/2026,0.5511646340031404,1.814
194503013,12/05/2026,0.49954020061486354,2.002
194426784,12/05/2026,0.5288755930241881,1.891
194503023,12/05/2026,0.48303492249661056,2.07
194419565,12/05/2026,0.5523195012916428,1.811
194420476,12/05/2026,0.32344783446164416,3.092
194421585,12/05/2026,0.5475670333031931,1.826
193716985,12/05/2026,0.4808066218376631,2.08
194418530,12/05/2026,0.5692378765688876,1.757
194421763,12/05/2026,0.4608208672215095,2.17
194501055,12/05/2026,0.5152878362071803,1.941
194421596,12/05/2026,0.542946357854667,1.842
194484227,12/05/2026,0.5782773707074146,1.729
194418533,12/05/2026,0.6228906162286599,1.605
194271897,12/05/2026,0.5188060706816051,1.928
194426202,12/05/2026,0.5293222457384216,1.889
194421772,12/05/2026,0.5322867357935336,1.879
194491488,12/05/2026,0.48668367635231546,2.055
194419869,12/05/2026,0.5643083215583496,1.772
194421767,12/05/2026,0.490417748771967,2.039
194492548,12/05/2026,0.5221821995919178,1.915
194500197,12/05/2026,0.5404047238093346,1.85
194419043,12/05/2026,0.5452175943314781,1.834
193716996,12/05/2026,0.4989945985040364,2.004
193716987,12/05/2026,0.5078998111642079,1.969
194475629,12/05/2026,0.5747466157662238,1.74
194467883,12/05/2026,0.48871184418443486,2.046
194430290,12/05/2026,0.5024942257405696,1.99
194429938,12/05/2026,0.3764243748203878,2.657
194430292,12/05/2026,0.5226295283722324,1.913
194420468,12/05/2026,0.5488598588223497,1.822
194501849,12/05/2026,0.5658581383557852,1.767
194419563,12/05/2026,0.5690687149271028,1.757
194432263,12/05/2026,0.5655331899283381,1.768
194417059,12/05/2026,0.534620594721621,1.87
194475584,12/05/2026,0.5790351217791208,1.727
194420472,12/05/2026,0.5479585694956294,1.825
194420481,12/05/2026,0.5964806579867775,1.677
194475601,12/05/2026,0.5474235317350268,1.827
194419436,12/05/2026,0.5443344684853654,1.837
194475594,12/05/2026,0.5303809474256183,1.885
194419752,12/05/2026,0.45906190704084,2.178
194475606,12/05/2026,0.5831981471803852,1.715
194271895,12/05/2026,0.5649984039524801,1.77
194420484,12/05/2026,0.5103473972666556,1.959
194500200,12/05/2026,0.4790558372192875,2.087
194500202,12/05/2026,0.5172168545488809,1.933
194426897,12/05/2026,0.5140010972262818,1.946
194419884,12/05/2026,0.5233188558174049,1.911
194416866,12/05/2026,0.5289802186240437,1.89
194418520,12/05/2026,0.48554797180956133,2.06
194416858,12/05/2026,0.5301441683833583,1.886
194416862,12/05/2026,0.4912400995683436,2.036
194426835,12/05/2026,0.5678147670049646,1.761
194526596,12/05/2026,0.5426407455308832,1.843
194420215,12/05/2026,0.5157724002184357,1.939
194421284,12/05/2026,0.498517981035197,2.006
194484231,12/05/2026,0.4791988731027336,2.087
194425073,12/05/2026,0.47775019786580997,2.093
193754160,12/05/2026,0.48414417854722347,2.066
194425370,12/05/2026,0.543661236122454,1.839
193754166,12/05/2026,0.5070008195574944,1.972
193754164,12/05/2026,0.5024839099253049,1.99
194418468,12/05/2026,0.2945848405845683,3.395
194418473,12/05/2026,0.5823172755475907,1.717
194271064,12/05/2026,0.5509892790028109,1.815
194425191,12/05/2026,0.5005035337643414,1.998
193330408,12/05/2026,0.5170322246844392,1.934
194271899,12/05/2026,0.5121179041977487,1.953
194418495,12/05/2026,0.5588629221801772,1.789
194421534,12/05/2026,0.5501167252698048,1.818
194321940,12/05/2026,0.5165446461419976,1.936
194419384,12/05/2026,0.40027432338793517,2.498
194419874,12/05/2026,0.5108226368032929,1.958
194488717,12/05/2026,0.4643445993203243,2.154
194271614,12/05/2026,0.4504602415256023,2.22
194416682,12/05/2026,0.4905411902274066,2.039
194500984,12/05/2026,0.5687103200692774,1.758
194426930,12/05/2026,0.28560155604161025,3.501
194485146,12/05/2026,0.5459626797521766,1.832
194418537,12/05/2026,0.4836462907547612,2.068
194420207,12/05/2026,0.15784375179383178,6.335
194418522,12/05/2026,0.5610854914539539,1.782
194271901,12/05/2026,0.5817148075862819,1.719
194421770,12/05/2026,0.5784879347187287,1.729
194502340,12/05/2026,0.5464619285040846,1.83
194271058,12/05/2026,0.48089144336645595,2.079
194421037,12/05/2026,0.49308359871961965,2.028
193327255,12/05/2026,0.4811359968957647,2.078
194484225,12/05/2026,0.57240290368833,1.747
194484223,12/05/2026,0.47715260620350525,2.096
194419906,12/05/2026,0.4692585227790796,2.131
194436517,13/05/2026,0.5304706044852657,1.885
194530799,13/05/2026,0.6128317503453398,1.632
194529895,13/05/2026,0.5821682319634568,1.718
194527809,13/05/2026,0.5594704251115276,1.787
194525310,13/05/2026,0.6040935337908898,1.655
194465525,13/05/2026,0.5379929839664743,1.859
194466429,13/05/2026,0.5289980102910222,1.89
194481695,13/05/2026,0.5327557278160574,1.877
194476797,13/05/2026,0.4998088967081756,2.001
194488485,13/05/2026,0.5158713104963547,1.938
194481666,13/05/2026,0.5403886109444851,1.851
194481668,13/05/2026,0.5130435092139483,1.949
194481671,13/05/2026,0.40319105806035127,2.48
194481684,13/05/2026,0.5987209096222543,1.67
194479456,13/05/2026,0.5392642992302801,1.854
194272008,13/05/2026,0.597665196866607,1.673
194476786,13/05/2026,0.5278277952371503,1.895
194493312,13/05/2026,0.5678950190405431,1.761
194521604,13/05/2026,0.5594438020565099,1.787
194436509,13/05/2026,0.48159362060150235,2.076
193332159,13/05/2026,0.5506745265313883,1.816
194481703,13/05/2026,0.5284257036739805,1.892
193996926,13/05/2026,0.5249189359973812,1.905
194491812,13/05/2026,0.4951789772159199,2.019
194577358,13/05/2026,0.5451135651864555,1.834
194379870,13/05/2026,0.5182805918749804,1.929
194477672,13/05/2026,0.49936244314239003,2.003
194525737,13/05/2026,0.47874283460521977,2.089
194489325,13/05/2026,0.5171445820424598,1.934
194506912,13/05/2026,0.6007532023711875,1.665
194506914,13/05/2026,0.5055077275498829,1.978
194465527,13/05/2026,0.5017284210793106,1.993
194493315,13/05/2026,0.4614878251195343,2.167
192785669,13/05/2026,0.5253813395040274,1.903
194476805,13/05/2026,0.5303363820429006,1.886
194484482,13/05/2026,0.5924865463227507,1.688
194436520,13/05/2026,0.5077367207076108,1.97
194436512,13/05/2026,0.5121265908030499,1.953
194436515,13/05/2026,0.5019063454975575,1.992
194490954,13/05/2026,0.5384629863291226,1.857
194493293,13/05/2026,0.4612067778055587,2.168
194441714,13/05/2026,0.5591792692729965,1.788
194529546,13/05/2026,0.5557989420347064,1.799
194488456,13/05/2026,0.5858462642183113,1.707
194438018,13/05/2026,0.5819648922101969,1.718
194491799,13/05/2026,0.5362821070435388,1.865
193327298,13/05/2026,0.4914476548376976,2.035
194522737,13/05/2026,0.5444429566618624,1.837
194483343,13/05/2026,0.5044221037561033,1.982
194483347,13/05/2026,0.48901774764298656,2.045
194470171,13/05/2026,0.5709981598882239,1.751
194490798,13/05/2026,0.5316725483886424,1.881
194540038,13/05/2026,0.49191908614438684,2.033
194466427,13/05/2026,0.5066672901727011,1.974
194441934,13/05/2026,0.5497808461287016,1.819
194441931,13/05/2026,0.5739712092151875,1.742
194441929,13/05/2026,0.5420633188762001,1.845
194441927,13/05/2026,0.5341807671775469,1.872
194441716,13/05/2026,0.5107343348004855,1.958
194441710,13/05/2026,0.5329023651327536,1.877
193332154,13/05/2026,0.4803116241962158,2.082
194470184,13/05/2026,0.550904149828181,1.815
192939273,13/05/2026,0.4012717916284109,2.492
194483359,13/05/2026,0.5364090741192958,1.864
194477083,13/05/2026,0.5188238495049976,1.927
194526011,13/05/2026,0.5629472258772585,1.776
194272021,13/05/2026,0.5892604580257416,1.697
194511391,13/05/2026,0.38122823414860785,2.623
194493319,13/05/2026,0.5697029570453351,1.755
194511396,13/05/2026,0.5321643565077753,1.879
194521600,13/05/2026,0.5520736853099161,1.811
194484776,13/05/2026,0.489126760978153,2.044
194272017,13/05/2026,0.4909378874403517,2.037
194490231,13/05/2026,0.5950680867387342,1.68
194526649,13/05/2026,0.5530218388993707,1.808
194522168,13/05/2026,0.5841176312222975,1.712
194491810,13/05/2026,0.49252790003864916,2.03
194491807,13/05/2026,0.4822559456139543,2.074
194491805,13/05/2026,0.5391003187715996,1.855
194525210,13/05/2026,0.50473712821701,1.981
194530714,13/05/2026,0.47081940515764653,2.124
194438016,13/05/2026,0.5665223975618614,1.765
194441799,13/05/2026,0.5765235220848841,1.735
194272010,13/05/2026,0.5642907475286665,1.772
193775656,13/05/2026,0.4714759424340503,2.121
194469410,13/05/2026,0.5003950616422793,1.998
194484750,13/05/2026,0.5027319149584515,1.989
194473964,13/05/2026,0.5706507983624861,1.752
194270888,13/05/2026,0.5622649804337447,1.779
194473959,13/05/2026,0.5396915055470131,1.853
194476563,13/05/2026,0.4653990478816436,2.149
194270897,13/05/2026,0.5596865547791431,1.787
193719713,13/05/2026,0.5378672650816726,1.859
193719718,13/05/2026,0.5232256157973769,1.911
193719723,13/05/2026,0.5940041302536454,1.683
194525844,13/05/2026,0.5265937220571341,1.899
193719729,13/05/2026,0.5628041361856848,1.777
193719708,13/05/2026,0.5753204468414043,1.738
193719704,13/05/2026,0.5740144449574784,1.742
194484752,13/05/2026,0.5591475324958156,1.788
193552794,13/05/2026,0.5250586341791786,1.905
193719699,13/05/2026,0.5691178203283769,1.757
194530749,13/05/2026,0.5387488781836439,1.856
194473945,13/05/2026,0.5333121823420404,1.875
194270875,13/05/2026,0.5307707480407605,1.884
194469415,13/05/2026,0.5176296599089714,1.932
194473955,13/05/2026,0.5682242929653762,1.76
194270907,13/05/2026,0.5436350205091248,1.839
193552798,13/05/2026,0.46132671869359354,2.168
194473788,13/05/2026,0.5333189211895102,1.875
194473968,13/05/2026,0.5569649211098339,1.795
194508905,13/05/2026,0.518893559135165,1.927
194526364,13/05/2026,0.5160102371493797,1.938
193719759,13/05/2026,0.5372475608843232,1.861
193719775,13/05/2026,0.55888744256838,1.789
193719781,13/05/2026,0.5266114567451301,1.899
194095719,13/05/2026,0.5305596929627763,1.885
193552796,13/05/2026,0.5140653659962867,1.945
194567290,13/05/2026,0.5107668924570125,1.958
193719736,13/05/2026,0.5367515552048785,1.863
194529869,13/05/2026,0.6146789637589539,1.627
194529867,13/05/2026,0.5825969952265536,1.716
193719731,13/05/2026,0.5652041215777303,1.769
193719755,13/05/2026,0.5221981769532924,1.915
193719742,13/05/2026,0.5712716325271889,1.75
194472391,13/05/2026,0.4752969774922886,2.104
193552801,13/05/2026,0.5260911278679387,1.901
194473949,13/05/2026,0.5488583305359561,1.822
194481674,13/05/2026,0.5549024263318636,1.802
194270879,13/05/2026,0.569018471082525,1.757
194526366,13/05/2026,0.605099869372412,1.653
194524364,13/05/2026,0.5384592191699247,1.857
194483330,13/05/2026,0.5104195619602333,1.959
194488465,13/05/2026,0.6116008601906345,1.635
194479453,13/05/2026,0.5138038149455237,1.946
194529817,13/05/2026,0.5756600138896364,1.737
194272023,13/05/2026,0.5044293184644287,1.982
194481617,13/05/2026,0.5415606178244678,1.847
193003427,13/05/2026,0.5070107578801891,1.972
194529761,13/05/2026,0.517501828038797,1.932
193003413,13/05/2026,0.5767009955466758,1.734
194488460,13/05/2026,0.5426391496948894,1.843
194488458,13/05/2026,0.567646886938775,1.762
194527909,13/05/2026,0.5031150552954536,1.988
194506909,13/05/2026,0.49887421676039106,2.005
193198351,13/05/2026,0.5781451381429172,1.73
193471922,13/05/2026,0.5476583069451961,1.826
193332165,13/05/2026,0.5230004175839309,1.912
194491814,13/05/2026,0.519592178543196,1.925
194067566,13/05/2026,0.48078116528324216,2.08
194484801,13/05/2026,0.4966294802763843,2.014
194469249,13/05/2026,0.47489674670003273,2.106
194452880,13/05/2026,0.5012942070817288,1.995
193985031,13/05/2026,0.5108754337776575,1.957
194521692,13/05/2026,0.4848285264782668,2.063
194479592,13/05/2026,0.5196599810261829,1.924
194479581,13/05/2026,0.5088223973136041,1.965
193552790,13/05/2026,0.5050799143953095,1.98
194131887,13/05/2026,0.4926787408330253,2.03
194438094,13/05/2026,0.5915539122149234,1.69
194522073,13/05/2026,0.5338658028022633,1.873
194526368,13/05/2026,0.506006043983097,1.976
194485473,13/05/2026,0.5647213531875133,1.771
194493307,13/05/2026,0.4883264129280446,2.048
194493304,13/05/2026,0.5492595623184805,1.821
194481707,13/05/2026,0.4699122760007464,2.128
193552784,13/05/2026,0.5028320766145342,1.989
194481623,13/05/2026,0.2792088733575365,3.582
194131175,13/05/2026,0.5251716641479576,1.904
194481679,13/05/2026,0.4254967442108437,2.35
194481676,13/05/2026,0.4960675824887807,2.016
193552778,13/05/2026,0.4983501362201459,2.007
194438014,13/05/2026,0.5882065812118837,1.7
194095703,13/05/2026,0.5279934299176897,1.894
194507518,13/05/2026,0.490344665099083,2.039
194483334,13/05/2026,0.5145899047282643,1.943
194484756,13/05/2026,0.37390889617833123,2.674
194511339,13/05/2026,0.5542157570537626,1.804
194511345,13/05/2026,0.5373073111485949,1.861
194466431,13/05/2026,0.5635698016091986,1.774
194567278,13/05/2026,0.5447514395983508,1.836
194528308,13/05/2026,0.41659017303501633,2.4
194477683,13/05/2026,0.4640715550040713,2.155
194530874,13/05/2026,0.49143776447916954,2.035
194465863,13/05/2026,0.4796563250996414,2.085
194529339,13/05/2026,0.4815281970454705,2.077
194465763,13/05/2026,0.5436524048411521,1.839
194567274,13/05/2026,0.4390279559836437,2.278
194479064,13/05/2026,0.4662164604655233,2.145
194489042,13/05/2026,0.5555471844486681,1.8
194572931,13/05/2026,0.46773610754979034,2.138
194479049,13/05/2026,0.48647930508961096,2.056
194465521,13/05/2026,0.4780639115696433,2.092
193754170,13/05/2026,0.521084681862268,1.919
193754174,13/05/2026,0.5031216273591954,1.988
194483339,13/05/2026,0.4888229640779784,2.046
194491284,13/05/2026,0.5091757700431467,1.964
194486701,13/05/2026,0.568987447811131,1.758
194486696,13/05/2026,0.4093500281054915,2.443
194486420,13/05/2026,0.41806014188241625,2.392
194486415,13/05/2026,0.5066166539073661,1.974
194486412,13/05/2026,0.4880384277635729,2.049
194482189,13/05/2026,0.5553695336111875,1.801
194482191,13/05/2026,0.5146713827007231,1.943
194465519,13/05/2026,0.5417849048364022,1.846
194482194,13/05/2026,0.5405302940778947,1.85
194482201,13/05/2026,0.5561842237191648,1.798
194487648,13/05/2026,0.46836943370221223,2.135
194489243,13/05/2026,0.5288959411576913,1.891
193327293,13/05/2026,0.5139060277901979,1.946
194490796,13/05/2026,0.5710218064504762,1.751
194511349,13/05/2026,0.5341759731441057,1.872
194528690,13/05/2026,0.46737300586585667,2.14
194528701,13/05/2026,0.527310841097622,1.896
194482199,13/05/2026,0.48473473751627044,2.063
194529352,13/05/2026,0.43122837653032187,2.319
194271619,13/05/2026,0.47967579250592135,2.085
194271622,13/05/2026,0.47626613131267787,2.1
194466459,13/05/2026,0.6013204299359656,1.663
194466448,13/05/2026,0.5604879793388033,1.784
194466443,13/05/2026,0.5686268196899227,1.759
194468243,13/05/2026,0.5953929931716959,1.68
193333164,13/05/2026,0.5056003339512961,1.978
194530940,13/05/2026,0.5087782698820617,1.965
194525636,13/05/2026,0.5676630743948806,1.762
194525633,13/05/2026,0.4967333645431457,2.013
194466472,13/05/2026,0.5727889517645778,1.746
194469861,13/05/2026,0.5625110181058606,1.778
194466953,13/05/2026,0.5630167131062229,1.776
194492298,13/05/2026,0.3300286306234253,3.03
194482066,13/05/2026,0.5568952124160913,1.796
194560589,13/05/2026,0.4502366243056472,2.221
194560591,13/05/2026,0.3147491117726841,3.177
194492301,13/05/2026,0.454625035625812,2.2
194482084,13/05/2026,0.5321371444172309,1.879
194484799,13/05/2026,0.5188795888376847,1.927
194466944,13/05/2026,0.5645434445598747,1.771
194486417,13/05/2026,0.27605672464468844,3.622
194531235,13/05/2026,0.46520579330631034,2.15
194468247,13/05/2026,0.5391469410569035,1.855
194465765,13/05/2026,0.5375405650657105,1.86
194271905,13/05/2026,0.4573879516250461,2.186
194271907,13/05/2026,0.4196141417255708,2.383
194525641,13/05/2026,0.35827697926395674,2.791
193327288,13/05/2026,0.5101558385894142,1.96
194484848,13/05/2026,0.2907433604674857,3.439
194491279,13/05/2026,0.5861156819748132,1.706
194528425,13/05/2026,0.5415440298887576,1.847
194468258,13/05/2026,0.5690249599707676,1.757
194527990,13/05/2026,0.5461322152528832,1.831
194489040,13/05/2026,0.49700147509651804,2.012
194466439,13/05/2026,0.498123024655256,2.008
193716998,13/05/2026,0.4996098386737423,2.002
193717000,13/05/2026,0.5197047141918447,1.924
193717002,13/05/2026,0.4951136234530795,2.02
193381839,13/05/2026,0.5170523137204283,1.934
193381836,13/05/2026,0.4813640034935685,2.077
194476550,13/05/2026,0.4998338643976867,2.001
194477677,13/05/2026,0.5205427056276517,1.921
194491067,13/05/2026,0.5800536431161295,1.724
194466441,13/05/2026,0.6055502305857252,1.651
194490394,13/05/2026,0.539861066566065,1.852
194521257,13/05/2026,0.4603083147593596,2.172
194466437,13/05/2026,0.5183157702244583,1.929
194484796,13/05/2026,0.5197528423364184,1.924
194511351,13/05/2026,0.5298182967306265,1.887
194527359,13/05/2026,0.468728806076915,2.133
194527364,13/05/2026,0.49606074325049193,2.016
194490172,13/05/2026,0.5657663443051645,1.768
194486703,13/05/2026,0.5746364569061233,1.74
194529960,13/05/2026,0.4785286627166087,2.09
194511387,13/05/2026,0.4779029989559782,2.092
193754179,13/05/2026,0.5145825021933709,1.943
193754176,13/05/2026,0.4250321145915283,2.353
194511341,13/05/2026,0.49083243275706445,2.037
194484350,13/05/2026,0.5485720691353343,1.823
194484340,13/05/2026,0.5459198251859825,1.832
194466424,13/05/2026,0.5245697766152068,1.906
194476543,13/05/2026,0.5739851060664115,1.742
194476535,13/05/2026,0.4864905075694842,2.056
194527350,13/05/2026,0.4832940013474311,2.069
194476530,13/05/2026,0.5192872783287179,1.926
194484805,13/05/2026,0.4947933712659203,2.021
194529450,13/05/2026,0.5904535578040326,1.694
194484803,13/05/2026,0.5608878988514067,1.783
194574736,13/05/2026,0.5728673561938923,1.746
194490906,13/05/2026,0.5678938424644833,1.761
193320729,13/05/2026,0.5681728148411219,1.76
193320727,13/05/2026,0.5746823897439705,1.74
193320725,13/05/2026,0.5559122313676341,1.799
193003421,13/05/2026,0.5237729224914535,1.909
194489045,13/05/2026,0.5323191370181931,1.879
194488473,13/05/2026,0.4656748334048657,2.147
194525881,13/05/2026,0.46735951485036137,2.14
194490909,13/05/2026,0.5457731200120949,1.832
194466434,13/05/2026,0.5387727358310601,1.856
194491790,13/05/2026,0.5072620288021095,1.971
194491793,13/05/2026,0.5113553400515833,1.956
193198354,13/05/2026,0.554803022833476,1.802
193320720,13/05/2026,0.5507056039344754,1.816
193320723,13/05/2026,0.5926555436494976,1.687
194491802,13/05/2026,0.5501636112215645,1.818
193003470,13/05/2026,0.5184906543699328,1.929
194484788,13/05/2026,0.5268975410404304,1.898
194491796,13/05/2026,0.5555483773817105,1.8
194511347,13/05/2026,0.4490149620045097,2.227
194486422,13/05/2026,0.538220074573114,1.858
194484327,13/05/2026,0.5270508406992301,1.897
194465770,13/05/2026,0.53638118943849,1.864
193192709,13/05/2026,0.5341429065997182,1.872
194465523,13/05/2026,0.4997005047774591,2.001
194528714,13/05/2026,0.45589554565556123,2.193
194528710,13/05/2026,0.5227440947427322,1.913
194528935,13/05/2026,0.5246335163301212,1.906
194482206,13/05/2026,0.552285437225962,1.811
194187827,13/05/2026,0.550374789029564,1.817
194187831,13/05/2026,0.5305915871989149,1.885
194481608,13/05/2026,0.478659307959842,2.089
194187820,13/05/2026,0.575865631368505,1.737
194486409,13/05/2026,0.44001423636917847,2.273
194491287,13/05/2026,0.5406518661940133,1.85
194474537,13/05/2026,0.5415250785084371,1.847
194482186,13/05/2026,0.5810803597862305,1.721
194486699,13/05/2026,0.5081145820803071,1.968
194187829,13/05/2026,0.5303560385483458,1.886
194485317,13/05/2026,0.555503391179548,1.8
194187822,13/05/2026,0.49125897557027653,2.036
194529302,13/05/2026,0.40913304504177134,2.444
194484770,13/05/2026,0.5707354468046949,1.752
194482203,13/05/2026,0.5547326089655262,1.803
194484754,13/05/2026,0.5512178343371875,1.814
194522599,13/05/2026,0.5196197032381837,1.924
194526370,13/05/2026,0.568513091932164,1.759
194522597,13/05/2026,0.5254771519632223,1.903
194483351,13/05/2026,0.5980214135287013,1.672
194483354,13/05/2026,0.5645289232024121,1.771
194187845,13/05/2026,0.5315177724464941,1.881
194521354,13/05/2026,0.5198318323021113,1.924
194482233,13/05/2026,0.5485406627393802,1.823
194484774,13/05/2026,0.5149723605534138,1.942
194271914,13/05/2026,0.42278649644096655,2.365
194187833,13/05/2026,0.5364057031852411,1.864
194482222,13/05/2026,0.5308874832351045,1.884
194525363,13/05/2026,0.41403514333494423,2.415
192785665,13/05/2026,0.5475545684370329,1.826
194482212,13/05/2026,0.5515516914953068,1.813
194484772,13/05/2026,0.47790460244428357,2.092
194492504,14/05/2026,0.5018923335031229,1.992
194526414,14/05/2026,0.6026798654228819,1.659
194525517,14/05/2026,0.49624013708807496,2.015
194528001,14/05/2026,0.5573615291808579,1.794
194493430,14/05/2026,0.5736140156055008,1.743
194530574,14/05/2026,0.526333531135555,1.9
194493402,14/05/2026,0.5552454443868698,1.801
194528022,14/05/2026,0.594749437850763,1.681
194576849,14/05/2026,0.5524850305747296,1.81
194529539,14/05/2026,0.5155742810545855,1.94
194623630,14/05/2026,0.4952168302651916,2.019
194527602,14/05/2026,0.5362095341903296,1.865
194528003,14/05/2026,0.5760201371412909,1.736
194623625,14/05/2026,0.48309259137664745,2.07
194525655,14/05/2026,0.5212159742587243,1.919
194623648,14/05/2026,0.4598799829655434,2.174
194623623,14/05/2026,0.5800444316498973,1.724
194527997,14/05/2026,0.5678230794054355,1.761
194527999,14/05/2026,0.5842580602452596,1.712
194591356,14/05/2026,0.5794174409418568,1.726
194492324,14/05/2026,0.5443683416436523,1.837
193327488,14/05/2026,0.4999709296654437,2.0
193003466,14/05/2026,0.4956612145522631,2.018
194525497,14/05/2026,0.5290937968640188,1.89
194537648,14/05/2026,0.49885574897629426,2.005
194644724,14/05/2026,0.538518662965866,1.857
194530539,14/05/2026,0.593270440855511,1.686
194493406,14/05/2026,0.38343571340923877,2.608
194632219,14/05/2026,0.5220753305086882,1.915
194527598,14/05/2026,0.5712132841059131,1.751
193331330,14/05/2026,0.5264468305678204,1.9
193331335,14/05/2026,0.4711028798369714,2.123
194537643,14/05/2026,0.5171603952206831,1.934
194537653,14/05/2026,0.5770803211582755,1.733
194537630,14/05/2026,0.5537464078172832,1.806
194530561,14/05/2026,0.510920488585261,1.957
194513729,14/05/2026,0.43014782303306764,2.325
194590879,14/05/2026,0.5856049892719271,1.708
194528034,14/05/2026,0.500522621816438,1.998
193715939,14/05/2026,0.5149958448927934,1.942
194591274,14/05/2026,0.5710187389363869,1.751
194530959,14/05/2026,0.6058007523553128,1.651
194531019,14/05/2026,0.5743429496556897,1.741
194591203,14/05/2026,0.5478514378272827,1.825
194532346,14/05/2026,0.5271494472522249,1.897
194532349,14/05/2026,0.3166376829107218,3.158
194576846,14/05/2026,0.5888005269898531,1.698
194532344,14/05/2026,0.5102253006930357,1.96
194525734,14/05/2026,0.5506628535940117,1.816
194525559,14/05/2026,0.5777228054039317,1.731
194493416,14/05/2026,0.5094705051673315,1.963
193552814,14/05/2026,0.5261432132661031,1.901
194492330,14/05/2026,0.47549525235344264,2.103
194530951,14/05/2026,0.5483466329574672,1.824
194529042,14/05/2026,0.520028653788216,1.923
194530954,14/05/2026,0.5071710730411617,1.972
193552804,14/05/2026,0.5416817776344695,1.846
193552808,14/05/2026,0.5257161552297168,1.902
193552810,14/05/2026,0.5070773267321873,1.972
194530986,14/05/2026,0.4994015496422254,2.002
194530948,14/05/2026,0.5251285448419284,1.904
194529045,14/05/2026,0.5529354116417365,1.809
193552812,14/05/2026,0.42675320053687327,2.343
194623711,14/05/2026,0.4805065696767328,2.081
194532775,14/05/2026,0.5376139078005169,1.86
194660735,14/05/2026,0.4962148894126446,2.015
194537663,14/05/2026,0.5836208859052303,1.713
194490513,14/05/2026,0.5665704578506482,1.765
194644360,14/05/2026,0.5215032997645399,1.918
193552821,14/05/2026,0.5534636120604599,1.807
194535845,14/05/2026,0.48209408247923197,2.074
194660830,14/05/2026,0.4393304757141295,2.276
194473790,14/05/2026,0.5431474318418462,1.841
194532342,14/05/2026,0.5561184441501611,1.798
194537611,14/05/2026,0.5672945537485086,1.763
194529497,14/05/2026,0.49031657555467983,2.039
194490707,14/05/2026,0.5190177435881155,1.927
194528746,14/05/2026,0.5505022942139998,1.817
194530957,14/05/2026,0.5159167108311565,1.938
194530967,14/05/2026,0.5867978041159392,1.704
194529053,14/05/2026,0.5384146141250136,1.857
194528007,14/05/2026,0.5434401599857864,1.84
194492326,14/05/2026,0.4731735956592995,2.113
194529096,14/05/2026,0.5484211141065992,1.823
194272029,14/05/2026,0.587915051623402,1.701
194492328,14/05/2026,0.5197659744639753,1.924
193003440,14/05/2026,0.5462748812710905,1.831
194529099,14/05/2026,0.5961472852021527,1.677
194492336,14/05/2026,0.5331624640375722,1.876
194492334,14/05/2026,0.5388212741732856,1.856
193715941,14/05/2026,0.4498228464330431,2.223
193715943,14/05/2026,0.5501369590338483,1.818
194492332,14/05/2026,0.5004265120296791,1.998
194529517,14/05/2026,0.5151626755386929,1.941
194493426,14/05/2026,0.4395700460940333,2.275
194594164,14/05/2026,0.5173852049333963,1.933
194527604,14/05/2026,0.5257422542407983,1.902
194529530,14/05/2026,0.5177252745326681,1.932
194591529,14/05/2026,0.5112893565272162,1.956
194438092,14/05/2026,0.5259032146508501,1.901
194527568,14/05/2026,0.583932136063924,1.713
194527606,14/05/2026,0.6312366411070305,1.584
193996935,14/05/2026,0.5341355214526551,1.872
193003460,14/05/2026,0.44188227334249836,2.263
194591164,14/05/2026,0.5464954113589726,1.83
194530553,14/05/2026,0.5391533166276776,1.855
194472209,14/05/2026,0.4154100069184745,2.407
194534328,14/05/2026,0.5293805703988425,1.889
194526033,14/05/2026,0.5384721372101097,1.857
194526022,14/05/2026,0.6554632816621023,1.526
194525945,14/05/2026,0.6285657583495582,1.591
194525732,14/05/2026,0.5544351873085978,1.804
194527600,14/05/2026,0.5909431068840401,1.692
194525638,14/05/2026,0.5643174109466178,1.772
194528186,14/05/2026,0.4156849654449568,2.406
194528902,14/05/2026,0.5185674638455336,1.928
194528904,14/05/2026,0.5105535625423968,1.959
193331579,14/05/2026,0.5234738435971108,1.91
194528906,14/05/2026,0.5373979735063916,1.861
194527590,14/05/2026,0.5394316820665659,1.854
194528908,14/05/2026,0.5930034780643834,1.686
194535848,14/05/2026,0.5082904867859943,1.967
194532376,14/05/2026,0.5339740847971813,1.873
194536883,14/05/2026,0.3745094546254344,2.67
194526449,14/05/2026,0.5369621951629426,1.862
193327478,14/05/2026,0.5081620459417816,1.968
194626085,14/05/2026,0.5302361569024492,1.886
194530457,14/05/2026,0.5027260199233173,1.989
194623619,14/05/2026,0.6322781906563694,1.582
194529477,14/05/2026,0.51090533689106,1.957
194534339,14/05/2026,0.5409996986078565,1.848
194526441,14/05/2026,0.5465819278201144,1.83
194534330,14/05/2026,0.564085937541711,1.773
194535828,14/05/2026,0.5574418642883807,1.794
194481633,14/05/2026,0.4345749902012171,2.301
194481643,14/05/2026,0.3663060349856841,2.73
194527995,14/05/2026,0.4868133120459509,2.054
194528005,14/05/2026,0.5490709933674608,1.821
194528302,14/05/2026,0.2710499174393672,3.689
194556148,14/05/2026,0.3715124263180273,2.692
194535832,14/05/2026,0.5855117604429513,1.708
194579133,14/05/2026,0.47527828535564176,2.104
194530549,14/05/2026,0.5222938964935059,1.915
194529471,14/05/2026,0.46497476305110186,2.151
194271903,14/05/2026,0.5117160100010394,1.954
194576844,14/05/2026,0.5622267635066843,1.779
194528994,14/05/2026,0.6104866156591314,1.638
194527993,14/05/2026,0.5492649140869185,1.821
194526452,14/05/2026,0.54732259053112,1.827
194525917,14/05/2026,0.6183674582834974,1.617
194526430,14/05/2026,0.5502997736889794,1.817
194477679,14/05/2026,0.4983244829931978,2.007
194534319,14/05/2026,0.5755317916744326,1.738
194525930,14/05/2026,0.6197203384098482,1.614
194534324,14/05/2026,0.5838954638551084,1.713
194534326,14/05/2026,0.5752298468429016,1.738
194529094,14/05/2026,0.5534043014170966,1.807
194534337,14/05/2026,0.5410094698814238,1.848
194526456,14/05/2026,0.5834618741303246,1.714
194535837,14/05/2026,0.5546266434962084,1.803
194534322,14/05/2026,0.5415816489481285,1.846
194562076,14/05/2026,0.5249391078403857,1.905
194528009,14/05/2026,0.6125617890023013,1.632
194529523,14/05/2026,0.4937888475924265,2.025
194537658,14/05/2026,0.5111316679182649,1.956
194537656,14/05/2026,0.49216815191395663,2.032
193332591,14/05/2026,0.5448393550660602,1.835
193332595,14/05/2026,0.48674127041671217,2.054
193332599,14/05/2026,0.5407655662897826,1.849
194530470,14/05/2026,0.5415559500674443,1.847
194526462,14/05/2026,0.5777673821110212,1.731
193327485,14/05/2026,0.4601229257116255,2.173
194492502,14/05/2026,0.5333928269453382,1.875
193331324,14/05/2026,0.5356135051927922,1.867
193331319,14/05/2026,0.48910484549068045,2.045
194492494,14/05/2026,0.5143781815855696,1.944
194521378,14/05/2026,0.5582564432261394,1.791
193331316,14/05/2026,0.546444174708644,1.83
193331301,14/05/2026,0.4957039495913574,2.017
193320734,14/05/2026,0.49865704665957217,2.005
194627743,14/05/2026,0.5082643410070997,1.967
194590556,14/05/2026,0.489445850552176,2.043
194530463,14/05/2026,0.5488684138409398,1.822
194526460,14/05/2026,0.5230238782484994,1.912
193331354,14/05/2026,0.5608794443536531,1.783
194530551,14/05/2026,0.5121327795409669,1.953
194527578,14/05/2026,0.44028736834846527,2.271
194526458,14/05/2026,0.534240501660179,1.872
194527594,14/05/2026,0.5795585582632657,1.725
189981981,14/05/2026,0.514922905865405,1.942
194527596,14/05/2026,0.5544303611874075,1.804
194526445,14/05/2026,0.5482092049362136,1.824
194535855,14/05/2026,0.5916767910519815,1.69
194526454,14/05/2026,0.57998231231255,1.724
194537661,14/05/2026,0.5807104977765504,1.722
194492486,14/05/2026,0.5182014133516419,1.93
194527587,14/05/2026,0.598556210467064,1.671
194528017,14/05/2026,0.5394752377647409,1.854
194529487,14/05/2026,0.4858328746016358,2.058
194530537,14/05/2026,0.459459865943482,2.176
194530534,14/05/2026,0.5839281491031925,1.713
194527585,14/05/2026,0.48843625064980606,2.047
194529533,14/05/2026,0.5312299679499605,1.882
194528139,14/05/2026,0.55897583704117,1.789
194534332,14/05/2026,0.5337943389204652,1.873
194527580,14/05/2026,0.5202649345414831,1.922
194535850,14/05/2026,0.45369634940673625,2.204
194513727,14/05/2026,0.4495410155584916,2.224
194527592,14/05/2026,0.6251863547853506,1.6
194623621,14/05/2026,0.5299150253066186,1.887
194536515,15/05/2026,0.604542823435104,1.654
193331592,15/05/2026,0.5462588168144755,1.831
194535625,15/05/2026,0.48994854602242216,2.041
194537875,15/05/2026,0.5306784376748861,1.884
194537869,15/05/2026,0.4619366096694737,2.165
194678157,15/05/2026,0.559470168550869,1.787
194536529,15/05/2026,0.5544319741068799,1.804
194636564,15/05/2026,0.5837103951153122,1.713
194635546,15/05/2026,0.5304589301118906,1.885
194536539,15/05/2026,0.5460537001463156,1.831
194536533,15/05/2026,0.552678103934547,1.809
194536524,15/05/2026,0.6055548496604014,1.651
194536521,15/05/2026,0.5488653248827547,1.822
194635950,15/05/2026,0.43947141494809916,2.275
194517898,15/05/2026,0.5172168566422092,1.933
194543740,15/05/2026,0.5690637818679543,1.757
194530629,15/05/2026,0.510571645305029,1.959
194517930,15/05/2026,0.4275803104055308,2.339
194517925,15/05/2026,0.5642371960265644,1.772
193715932,15/05/2026,0.49854517628635736,2.006
194517880,15/05/2026,0.504601244920717,1.982
194517867,15/05/2026,0.5557130715567232,1.799
194517909,15/05/2026,0.5607702717784563,1.783
194636535,15/05/2026,0.6057920075289519,1.651
194517921,15/05/2026,0.5063287690778839,1.975
194517915,15/05/2026,0.4888764209110052,2.046
194536255,15/05/2026,0.540217151099412,1.851
194536499,15/05/2026,0.5439774472283535,1.838
194543744,15/05/2026,0.267990278213664,3.731
194678151,15/05/2026,0.45695158766688915,2.188
194536496,15/05/2026,0.5575154169969179,1.794
194635742,15/05/2026,0.47887152711545017,2.088
194536250,15/05/2026,0.5135256283258182,1.947
194543748,15/05/2026,0.5980040734194875,1.672
194538247,15/05/2026,0.6084636366864954,1.643
194531968,15/05/2026,0.5375910524351862,1.86
193715946,15/05/2026,0.5043198039260863,1.983
194537842,15/05/2026,0.46328984964464204,2.158
194537863,15/05/2026,0.522421487832751,1.914
194538428,15/05/2026,0.5445160553573796,1.836
194678167,15/05/2026,0.5198085687526236,1.924
194530635,15/05/2026,0.4944968800429729,2.022
194531971,15/05/2026,0.5178034913891377,1.931
194531977,15/05/2026,0.5622015401208559,1.779
194533506,15/05/2026,0.5921699784816907,1.689
194533537,15/05/2026,0.5607960719937486,1.783
194536238,15/05/2026,0.49491419410179643,2.021
194636928,15/05/2026,0.4914089047217326,2.035
643035,15/05/2026,0.5598540488204178,1.786
194537852,15/05/2026,0.6035588359246231,1.657
619587,15/05/2026,0.5598540488204178,1.786
194527055,15/05/2026,0.5258581874522668,1.902
194533796,15/05/2026,0.5663590307230266,1.766
194533582,15/05/2026,0.536253027563527,1.865
194533576,15/05/2026,0.5352709586270236,1.868
194592340,15/05/2026,0.5899507303988994,1.695
194531979,15/05/2026,0.6297979850833301,1.588
194531974,15/05/2026,0.6171437182753984,1.62
194587693,15/05/2026,0.41645034748559684,2.401
194531957,15/05/2026,0.5201861175731852,1.922
194527353,15/05/2026,0.4819088725612684,2.075
193718112,15/05/2026,0.5356381511736666,1.867
194538430,15/05/2026,0.5513708175339951,1.814
194585482,15/05/2026,0.5176826015992492,1.932
194536518,15/05/2026,0.5738556445564015,1.743
194589794,15/05/2026,0.32631501205834806,3.065
217645,15/05/2026,0.5598540488204178,1.786
194425366,15/05/2026,0.4983290921958389,2.007
194379198,15/05/2026,0.5555130130190633,1.8
193331401,15/05/2026,0.5371494301811904,1.862
194589787,15/05/2026,0.528050105251175,1.894
194537731,15/05/2026,0.5724686662569167,1.747
194587683,15/05/2026,0.38489924676126946,2.598
193201039,15/05/2026,0.546244398747632,1.831
194525648,15/05/2026,0.5115522285590869,1.955
194525650,15/05/2026,0.5155066691222072,1.94
194525653,15/05/2026,0.5150916082694236,1.941
194525657,15/05/2026,0.5139965649592656,1.946
193201037,15/05/2026,0.5345918900884119,1.871
193201033,15/05/2026,0.4844760014087072,2.064
193996694,15/05/2026,0.5584496664403942,1.791
194538682,15/05/2026,0.5034869586625241,1.986
192998799,15/05/2026,0.5346526256335161,1.87
193003610,15/05/2026,0.5027652519519664,1.989
193201035,15/05/2026,0.5602899554441009,1.785
194538213,15/05/2026,0.6331635112917163,1.579
194538225,15/05/2026,0.6266441698518483,1.596
194538251,15/05/2026,0.6098383747075355,1.64
194586409,15/05/2026,0.5369736153335073,1.862
194586412,15/05/2026,0.48839106670684374,2.048
194587689,15/05/2026,0.4996753025807771,2.001
194490712,15/05/2026,0.4999371603578811,2.0
194533804,15/05/2026,0.5126994967909468,1.95
193715854,15/05/2026,0.5420885805371024,1.845
194533800,15/05/2026,0.5145316573717088,1.944
194587699,15/05/2026,0.47885464887425594,2.088
194592332,15/05/2026,0.4760746260350195,2.101
193336405,15/05/2026,0.5364701173069304,1.864
194534733,15/05/2026,0.48806481567893406,2.049
193003587,15/05/2026,0.4664916266938606,2.144
194533808,15/05/2026,0.49001143927658436,2.041
194535645,15/05/2026,0.5643258288598082,1.772
194413852,15/05/2026,0.5554297123935659,1.8
193715951,15/05/2026,0.5135468031485578,1.947
194700851,15/05/2026,0.3648094179040837,2.741
194538701,15/05/2026,0.47504998053882685,2.105
194538712,15/05/2026,0.5324053865220661,1.878
194700829,15/05/2026,0.5125374394849438,1.951
194592344,15/05/2026,0.6141411616320127,1.628
194531962,15/05/2026,0.4717761925004493,2.12
194534746,15/05/2026,0.5228875903523622,1.912
194527062,15/05/2026,0.5238490493072524,1.909
194586400,15/05/2026,0.5317480679215992,1.881
194586395,15/05/2026,0.6209806270339744,1.61
194543751,15/05/2026,0.5791602865781265,1.727
194579544,15/05/2026,0.577098222515699,1.733
194579547,15/05/2026,0.5918028144695376,1.69
194599050,15/05/2026,0.5615712105382753,1.781
194637088,15/05/2026,0.46446444752120897,2.153
194579549,15/05/2026,0.4295547321446571,2.328
194621485,15/05/2026,0.4698721093338598,2.128
193286251,15/05/2026,0.537068504425887,1.862
194272253,15/05/2026,0.5485506488114233,1.823
194272255,15/05/2026,0.5201052799920552,1.923
194272251,15/05/2026,0.5455087982322896,1.833
194272259,15/05/2026,0.5405200970947921,1.85
193996692,15/05/2026,0.5289685256835387,1.89
194272264,15/05/2026,0.579943428409831,1.724
194624778,15/05/2026,0.5052862650936671,1.979
193267628,15/05/2026,0.5120200285588085,1.953
193713809,15/05/2026,0.5328777661142654,1.877
194530718,15/05/2026,0.5110692045893528,1.957
194530643,15/05/2026,0.5692944202250227,1.757
194543769,15/05/2026,0.366081383474615,2.732
194536138,15/05/2026,0.560111235909008,1.785
194536087,15/05/2026,0.5320128041186704,1.88
194536146,15/05/2026,0.5371202874222378,1.862
194542769,15/05/2026,0.522841200744451,1.913
194533598,15/05/2026,0.5145975132412068,1.943
194538667,15/05/2026,0.5949877239697545,1.681
194584910,15/05/2026,0.4915754145924734,2.034
194533541,15/05/2026,0.5336286437005182,1.874
194542771,15/05/2026,0.4942984483461764,2.023
194581198,15/05/2026,0.5427953275906952,1.842
194533806,15/05/2026,0.47979542374614415,2.084
194531954,15/05/2026,0.5419064020561015,1.845
194534148,15/05/2026,0.5359012834377281,1.866
194535602,15/05/2026,0.5733391513923151,1.744
194534143,15/05/2026,0.5342585701901441,1.872
193711554,15/05/2026,0.5051619114918763,1.98
193711564,15/05/2026,0.5567950780741564,1.796
193711556,15/05/2026,0.5306497021980068,1.884
194538717,15/05/2026,0.5013782076390032,1.995
194636635,15/05/2026,0.46795638564157715,2.137
194538012,15/05/2026,0.5708840089484198,1.752
194537951,15/05/2026,0.5799502913307845,1.724
193711570,15/05/2026,0.5078226125462229,1.969
193711568,15/05/2026,0.4689399690862215,2.132
718675,15/05/2026,0.5598540488204178,1.786
194490710,15/05/2026,0.4760726019501636,2.101
194538434,15/05/2026,0.37029384147120836,2.701
194543753,15/05/2026,0.5237334014508699,1.909
194531884,15/05/2026,0.5074970032796198,1.97
194536189,15/05/2026,0.54767025190077,1.826
193268696,15/05/2026,0.5525575906895772,1.81
194534783,15/05/2026,0.5409160186035044,1.849
194534765,15/05/2026,0.5912508911895165,1.691
193336402,15/05/2026,0.5527335392026304,1.809
194593636,15/05/2026,0.5535956910575298,1.806
194532337,15/05/2026,0.5421897369217331,1.844
194636633,15/05/2026,0.5775310847823317,1.732
194534133,15/05/2026,0.5471841579543756,1.828
194536101,15/05/2026,0.5696070861067589,1.756
194646014,15/05/2026,0.6030811623053437,1.658
194534798,15/05/2026,0.5618016338787528,1.78
194536124,15/05/2026,0.40916136860126007,2.444
194536113,15/05/2026,0.6081894642203373,1.644
194533539,15/05/2026,0.5271078888940312,1.897
194533551,15/05/2026,0.49938497169979934,2.002
194534139,15/05/2026,0.48566328472584397,2.059
194589357,15/05/2026,0.5623516357393815,1.778
194533547,15/05/2026,0.529871830515726,1.887
194531922,15/05/2026,0.3169964854760737,3.155
193269016,15/05/2026,0.5166919391463548,1.935
194507386,15/05/2026,0.5243086513927843,1.907
193268683,15/05/2026,0.5409050786649461,1.849
193268993,15/05/2026,0.5944134503192731,1.682
194015532,15/05/2026,0.5230618354255108,1.912
193268692,15/05/2026,0.5254481954398199,1.903
194536160,15/05/2026,0.5672965377556951,1.763
194507586,15/05/2026,0.5728224140314181,1.746
194530598,15/05/2026,0.48488933786618277,2.062
194531929,15/05/2026,0.5082855622285007,1.967
194585014,15/05/2026,0.6238525407648441,1.603
194533543,15/05/2026,0.5197688449382893,1.924
194534778,15/05/2026,0.557965346169587,1.792
194534793,15/05/2026,0.6047029497827814,1.654
194531952,15/05/2026,0.5094046549962961,1.963
194530624,15/05/2026,0.5280769312408032,1.894
194536133,15/05/2026,0.5759489711373883,1.736
194585491,15/05/2026,0.5183660906344554,1.929
194490396,15/05/2026,0.5436645446701768,1.839
193286259,15/05/2026,0.559391483266447,1.788
194531960,15/05/2026,0.5005788161627771,1.998
194592338,15/05/2026,0.5661767947282541,1.766
194530199,15/05/2026,0.47449583517203364,2.108
194534499,15/05/2026,0.5335844972066617,1.874
194533453,15/05/2026,0.5771057859305825,1.733
194543755,15/05/2026,0.5156928968517535,1.939
194534501,15/05/2026,0.4930855181137984,2.028
194587696,15/05/2026,0.5736811435901207,1.743
193713798,15/05/2026,0.5134942294161543,1.947
194678149,15/05/2026,0.48608620534188185,2.057
194469706,15/05/2026,0.5386039868044152,1.857
194469723,15/05/2026,0.5413861131407081,1.847
193332369,15/05/2026,0.5555638590051512,1.8
194532527,15/05/2026,0.56186147853393,1.78
193331689,15/05/2026,0.60088942025334,1.664
193719917,15/05/2026,0.5265685447749203,1.899
193332031,15/05/2026,0.5775329121373315,1.732
194543766,15/05/2026,0.5098672089578994,1.961
194530633,15/05/2026,0.45624634951498133,2.192
194543759,15/05/2026,0.5376777998578403,1.86
194469728,15/05/2026,0.5026235390479079,1.99
193267623,15/05/2026,0.5166432791615236,1.936
194532525,15/05/2026,0.5337104045641651,1.874
194532521,15/05/2026,0.5019121192778321,1.992
194532518,15/05/2026,0.4235595079880111,2.361
194587687,15/05/2026,0.5108657329679883,1.957
194532261,15/05/2026,0.5980593681946215,1.672
194531225,15/05/2026,0.37528651176119027,2.665
193331586,15/05/2026,0.5329181043333393,1.876
194530631,15/05/2026,0.5051532428026964,1.98
194532523,15/05/2026,0.47985908446129255,2.084
194530627,15/05/2026,0.5293697266402578,1.889
193332385,15/05/2026,0.5165249545870548,1.936
194525531,15/05/2026,0.5334203912877697,1.875
194525528,15/05/2026,0.5561444701610648,1.798
194525534,15/05/2026,0.5249999977823253,1.905
194525542,15/05/2026,0.5302483991105681,1.886
194585489,15/05/2026,0.5300850777425699,1.886
194525536,15/05/2026,0.5352090342932193,1.868
194584634,15/05/2026,0.49584585977428924,2.017
194525539,15/05/2026,0.5260316629920716,1.901
194530197,15/05/2026,0.5301332383120816,1.886
194635544,15/05/2026,0.5110318013183327,1.957
194534739,15/05/2026,0.4808758034033844,2.08
194532331,15/05/2026,0.4744794725704995,2.108
194538721,15/05/2026,0.4595306162201314,2.176
194531965,15/05/2026,0.4155235901564501,2.407
194530600,15/05/2026,0.5141876480198199,1.945
194692638,15/05/2026,0.5286456204807269,1.892
194538456,15/05/2026,0.5148478443473735,1.942
194635827,15/05/2026,0.5120361330341051,1.953
194533556,15/05/2026,0.5096346189540928,1.962
194533572,15/05/2026,0.5463997883910452,1.83
194533560,15/05/2026,0.5249495474950309,1.905
194585479,15/05/2026,0.5603139644892531,1.785
194532358,15/05/2026,0.5632221396379854,1.775
194635830,15/05/2026,0.5442016219314453,1.838
194538442,15/05/2026,0.5474193342636899,1.827
194538454,15/05/2026,0.560051373687805,1.786
194538459,15/05/2026,0.5995698893080864,1.668
194538446,15/05/2026,0.5545351707043261,1.803
194585477,15/05/2026,0.5258004464965942,1.902
194542767,15/05/2026,0.5117189043313388,1.954
194529697,16/05/2026,0.5005646039338582,1.998
194642485,16/05/2026,0.5547230596325666,1.803
194652410,16/05/2026,0.5882564130650653,1.7
194586832,16/05/2026,0.5536069512982645,1.806
194542760,16/05/2026,0.44746753171745446,2.235
194734710,16/05/2026,0.5598540488204178,1.786
194586782,16/05/2026,0.5140844617294104,1.945
194579142,16/05/2026,0.6046869180237656,1.654
194529701,16/05/2026,0.47429861960357234,2.108
194586785,16/05/2026,0.5608856105751276,1.783
194636802,16/05/2026,0.5972510211516505,1.674
194586780,16/05/2026,0.5400221136026978,1.852
194530455,16/05/2026,0.5830050724761006,1.715
194529720,16/05/2026,0.44887740922763997,2.228
193754238,16/05/2026,0.4823985921056301,2.073
194640780,16/05/2026,0.5743095121896226,1.741
193754235,16/05/2026,0.5284438781076841,1.892
194576444,16/05/2026,0.5213639847945424,1.918
194530461,16/05/2026,0.5945842743595847,1.682
194652405,16/05/2026,0.524331168676764,1.907
193710453,16/05/2026,0.4477450599932636,2.233
194691221,16/05/2026,0.5296761764548699,1.888
194691219,16/05/2026,0.5663061257472671,1.766
194651651,16/05/2026,0.5745569696431982,1.74
193331951,16/05/2026,0.47824775520358875,2.091
194529706,16/05/2026,0.4500124115373569,2.222
194579166,16/05/2026,0.5184078797421393,1.929
194586815,16/05/2026,0.5133758378159141,1.948
194579168,16/05/2026,0.533647141935731,1.874
194589353,16/05/2026,0.5848790631919588,1.71
193332609,16/05/2026,0.5128502136994364,1.95
194638838,16/05/2026,0.5598540488204178,1.786
194692732,16/05/2026,0.5598540488204178,1.786
194692728,16/05/2026,0.5598540488204178,1.786
194592089,16/05/2026,0.5741998376558423,1.742
194578002,16/05/2026,0.5702549373181082,1.754
194593043,16/05/2026,0.5894412139722418,1.697
193286257,16/05/2026,0.5125202354081327,1.951
194586345,16/05/2026,0.5299779413581357,1.887
194620566,16/05/2026,0.538838467614455,1.856
194586828,16/05/2026,0.5313646615272292,1.882
194642285,16/05/2026,0.5598540488204178,1.786
194586824,16/05/2026,0.5467594389769814,1.829
194586807,16/05/2026,0.5175185759944831,1.932
194586798,16/05/2026,0.4797537377088394,2.084
194586795,16/05/2026,0.504095449675587,1.984
194586793,16/05/2026,0.5502384916646209,1.817
194586791,16/05/2026,0.5422965792400065,1.844
194586789,16/05/2026,0.5342537988967949,1.872
194734719,16/05/2026,0.5598540488204178,1.786
194586341,16/05/2026,0.5092182283458413,1.964
194586787,16/05/2026,0.5329582233071575,1.876
194586861,16/05/2026,0.3675722710884809,2.721
194579179,16/05/2026,0.46838030968728706,2.135
194734700,16/05/2026,0.5598540488204178,1.786
194636696,16/05/2026,0.4892597589559865,2.044
193332606,16/05/2026,0.573889513218033,1.742
194595052,16/05/2026,0.4848768819792072,2.062
194469876,16/05/2026,0.5110103466055191,1.957
194577913,16/05/2026,0.5309794732386288,1.883
194697821,16/05/2026,0.5598540488204178,1.786
194577849,16/05/2026,0.48481258523273446,2.063
194593130,16/05/2026,0.5652936259843725,1.769
194588866,16/05/2026,0.5257213827971535,1.902
193006278,16/05/2026,0.48640056286469446,2.056
193006271,16/05/2026,0.5530920481996475,1.808
193006276,16/05/2026,0.5022820482436693,1.991
193006295,16/05/2026,0.5349462041291091,1.869
194594752,16/05/2026,0.5122516817475976,1.952
194532612,16/05/2026,0.5828593564802379,1.716
194709729,16/05/2026,0.5598540488204178,1.786
194594166,16/05/2026,0.5386591488073593,1.856
193336410,16/05/2026,0.4909200602696932,2.037
194577859,16/05/2026,0.5714193681527829,1.75
194697815,16/05/2026,0.5598540488204178,1.786
194592146,16/05/2026,0.5169211313297067,1.935
193336408,16/05/2026,0.5147458238581861,1.943
194577911,16/05/2026,0.5107452521691545,1.958
194594794,16/05/2026,0.34389733905440134,2.908
194091062,16/05/2026,0.47683423694283733,2.097
194591142,16/05/2026,0.4792074832121298,2.087
194534595,16/05/2026,0.49128244510288677,2.035
194534597,16/05/2026,0.5087378131789833,1.966
194534599,16/05/2026,0.5345482607719668,1.871
194596306,16/05/2026,0.6277795586047219,1.593
193336413,16/05/2026,0.5489452490632685,1.822
193332603,16/05/2026,0.5881704348638264,1.7
194619754,16/05/2026,0.3498086813983115,2.859
194635585,16/05/2026,0.47685609245815286,2.097
194469894,16/05/2026,0.5232301254355218,1.911
194655319,16/05/2026,0.5239077118844324,1.909
194655317,16/05/2026,0.5139980826931181,1.946
193715957,16/05/2026,0.5679757776517788,1.761
193715966,16/05/2026,0.47527925168617247,2.104
193331411,16/05/2026,0.525047255597608,1.905
193719928,16/05/2026,0.5546109868190845,1.803
194642328,16/05/2026,0.5598540488204178,1.786
194379872,16/05/2026,0.49934516299703546,2.003
193003644,16/05/2026,0.501454531957145,1.994
194652187,16/05/2026,0.5704401796050221,1.753
194371454,16/05/2026,0.5555350949342126,1.8
194530730,16/05/2026,0.522072237501532,1.915
193003635,16/05/2026,0.518378311662324,1.929
193003584,16/05/2026,0.547851391703006,1.825
194656909,16/05/2026,0.5598540488204178,1.786
194697810,16/05/2026,0.5598540488204178,1.786
194620348,16/05/2026,0.5598540488204178,1.786
194593775,16/05/2026,0.570003165040258,1.754
194619747,16/05/2026,0.5674644401908912,1.762
194533578,16/05/2026,0.477283019242319,2.095
194534169,16/05/2026,0.5139976214566419,1.946
194533584,16/05/2026,0.5296780693028826,1.888
193718080,16/05/2026,0.5323512683357542,1.878
193718119,16/05/2026,0.5535414565073377,1.807
194577917,16/05/2026,0.5632224008505422,1.775
194588861,16/05/2026,0.5244727598197948,1.907
194596696,16/05/2026,0.39247159871465886,2.548
194605351,16/05/2026,0.5413000067095773,1.847
194490401,16/05/2026,0.42140256691769756,2.373
194547273,16/05/2026,0.5007772320912598,1.997
193332277,16/05/2026,0.5271774653125946,1.897
193332285,16/05/2026,0.539312445805305,1.854
193332289,16/05/2026,0.5178649781762034,1.931
193332294,16/05/2026,0.5095084482362483,1.963
193332300,16/05/2026,0.5228621626623592,1.913
193332302,16/05/2026,0.4513962052694865,2.215
193323546,16/05/2026,0.5184491778644176,1.929
193323540,16/05/2026,0.5341368059789076,1.872
194547271,16/05/2026,0.5051682704954177,1.98
193320754,16/05/2026,0.5560557516831663,1.798
194592611,16/05/2026,0.5598540488204178,1.786
194638953,16/05/2026,0.5924611191941872,1.688
194579238,16/05/2026,0.5517862655793121,1.812
194636693,16/05/2026,0.5567288406429185,1.796
194582297,16/05/2026,0.5364741693074564,1.864
194547282,16/05/2026,0.5235916738290552,1.91
194547278,16/05/2026,0.5271487329856411,1.897
194547275,16/05/2026,0.5353909259058438,1.868
194638895,16/05/2026,0.58190515169584,1.718
194538977,16/05/2026,0.5101111697622862,1.96
194534601,16/05/2026,0.527619007532958,1.895
194577919,16/05/2026,0.5566329224349792,1.797
194594278,16/05/2026,0.574361718707776,1.741
194594774,16/05/2026,0.5479234140129638,1.825
194593151,16/05/2026,0.410539678699769,2.436
194595203,16/05/2026,0.5598540488204178,1.786
194534158,16/05/2026,0.5283245195112841,1.893
193323550,16/05/2026,0.5336724327113289,1.874
194584482,16/05/2026,0.5680562203048097,1.76
194709718,16/05/2026,0.5598540488204178,1.786
194640949,16/05/2026,0.5627636123656772,1.777
194579176,16/05/2026,0.528006106194761,1.894
193003594,16/05/2026,0.5559992790936958,1.799
194596902,16/05/2026,0.5443605126118057,1.837
193003623,16/05/2026,0.5116976028438381,1.954
193006289,16/05/2026,0.45402472147626016,2.203
194692076,16/05/2026,0.5547776301546876,1.803
194640815,16/05/2026,0.5354710312378007,1.868
194636161,16/05/2026,0.4539110722922025,2.203
194594808,16/05/2026,0.5266754077469469,1.899
194693873,16/05/2026,0.5598540488204178,1.786
194582430,16/05/2026,0.5155287762116934,1.94
194543764,16/05/2026,0.5076830304853591,1.97
194543757,16/05/2026,0.5481327514253468,1.824
193006292,16/05/2026,0.5128148925709882,1.95
194595054,16/05/2026,0.4662081676081178,2.145
194584450,16/05/2026,0.5592258819222414,1.788
194582300,16/05/2026,0.5438202639336408,1.839
194582304,16/05/2026,0.4937253974774191,2.025
194582418,16/05/2026,0.5091456268961531,1.964
194582425,16/05/2026,0.5021496407177659,1.991
194599866,16/05/2026,0.5598540488204178,1.786
194605349,16/05/2026,0.5072359132917842,1.971
194547268,16/05/2026,0.5572602179598213,1.794
194633937,16/05/2026,0.5325137375903104,1.878
194543761,16/05/2026,0.40975440262510787,2.44
194734722,16/05/2026,0.5598540488204178,1.786
194533574,16/05/2026,0.5596360399898974,1.787
194532603,16/05/2026,0.5277160398552772,1.895
194579128,16/05/2026,0.5511317736544707,1.814
193267645,16/05/2026,0.5228256318913398,1.913
194645030,16/05/2026,0.5009184286330994,1.996
194530176,16/05/2026,0.48990441336658297,2.041
194530174,16/05/2026,0.511366926970615,1.956
194526896,16/05/2026,0.4916004094789356,2.034
194581790,16/05/2026,0.5474703508082739,1.827
194596260,16/05/2026,0.46231134957052056,2.163
194599869,16/05/2026,0.5598540488204178,1.786
194581797,16/05/2026,0.5308460902088943,1.884
194581911,16/05/2026,0.44588652890685254,2.243
193716900,16/05/2026,0.5365339277317779,1.864
194526904,16/05/2026,0.5249153871403199,1.905
194596264,16/05/2026,0.5175793861734123,1.932
194734693,16/05/2026,0.5598540488204178,1.786
194585861,16/05/2026,0.5618007638852976,1.78
194586333,16/05/2026,0.5184867293747197,1.929
194586336,16/05/2026,0.5439082505221241,1.839
193327526,16/05/2026,0.4931354223570806,2.028
194594786,16/05/2026,0.542950245455659,1.842
194586329,16/05/2026,0.5346896981002002,1.87
194620550,16/05/2026,0.5285196234417646,1.892
194586339,16/05/2026,0.4951815975063267,2.019
193327517,16/05/2026,0.44735025698768743,2.235
194593132,16/05/2026,0.5549499425926533,1.802
194599871,16/05/2026,0.5598540488204178,1.786
194596270,16/05/2026,0.39750147076725545,2.516
194594778,16/05/2026,0.5656667676395235,1.768
194596253,16/05/2026,0.49816851041017696,2.007
193715916,16/05/2026,0.5632231228708741,1.775
194530723,16/05/2026,0.5339503963370063,1.873
194594782,16/05/2026,0.5405536343752071,1.85
194594159,16/05/2026,0.581629267264853,1.719
194085281,16/05/2026,0.5344784336743329,1.871
194085291,16/05/2026,0.5257205749237879,1.902
194651399,16/05/2026,0.5598540488204178,1.786
194655333,16/05/2026,0.5099680015314965,1.961
194592188,16/05/2026,0.505397040773384,1.979
194592172,16/05/2026,0.5906857535888491,1.693
194639646,16/05/2026,0.5598540488204178,1.786
194592144,16/05/2026,0.6025020301513825,1.66
194592142,16/05/2026,0.5193649568063952,1.925
194526893,16/05/2026,0.5195843965238408,1.925
194592101,16/05/2026,0.5034087142585509,1.986
194085288,16/05/2026,0.5407760189536202,1.849
194594224,16/05/2026,0.5673796167572069,1.762
354890,16/05/2026,0.5598540488204178,1.786
194593685,16/05/2026,0.5564029383567806,1.797
193713768,16/05/2026,0.5210787649454831,1.919
193713770,16/05/2026,0.5289542756605418,1.891
193713772,16/05/2026,0.4763077184443043,2.099
193713779,16/05/2026,0.48122412519620433,2.078
587558,16/05/2026,0.5598540488204178,1.786
194593294,16/05/2026,0.5715407097779084,1.75
194526044,16/05/2026,0.5156105631798326,1.939
194526891,16/05/2026,0.4342691308056085,2.303
194592084,16/05/2026,0.5061268895698117,1.976
194586173,16/05/2026,0.4642879318306148,2.154
194542156,16/05/2026,0.5035337957566405,1.986
194592074,16/05/2026,0.494496712660628,2.022
194584502,16/05/2026,0.49950348346152884,2.002
194538982,16/05/2026,0.5057145013744943,1.977
194620375,16/05/2026,0.09984884666420678,10.015
193710974,16/05/2026,0.5142353699916289,1.945
193711631,16/05/2026,0.44394340155217926,2.253
193711507,16/05/2026,0.5043611850485953,1.983
194371366,16/05/2026,0.535345478058346,1.868
193193639,16/05/2026,0.48850249348519864,2.047
193710977,16/05/2026,0.5050840613407118,1.98
194596323,16/05/2026,0.5382133426191812,1.858
194589190,16/05/2026,0.5219812311662013,1.916
194537667,16/05/2026,0.5891633571557139,1.697
193710980,16/05/2026,0.4909283930120691,2.037
194638918,16/05/2026,0.5101946915027328,1.96
194586900,16/05/2026,0.5461135282298512,1.831
194537669,16/05/2026,0.5377214937363871,1.86
194627126,16/05/2026,0.547892795796428,1.825
194584516,16/05/2026,0.49604931183934137,2.016
194633447,16/05/2026,0.5040771942399301,1.984
194584524,16/05/2026,0.4731431734329512,2.114
194371138,16/05/2026,0.49123724804240665,2.036
194538178,16/05/2026,0.46902574843252726,2.132
194371148,16/05/2026,0.534698210998775,1.87
193715877,16/05/2026,0.5204586431312237,1.921
194586846,16/05/2026,0.5605934078450904,1.784
194605374,16/05/2026,0.45032032028706714,2.221
194605394,16/05/2026,0.468038599969712,2.137
194580841,16/05/2026,0.4915335722896985,2.034
194584497,16/05/2026,0.5453682280911437,1.834
194580557,16/05/2026,0.538729309401691,1.856
194595826,16/05/2026,0.6313751127516325,1.584
194635721,16/05/2026,0.5123596650123384,1.952
194584488,16/05/2026,0.5328374929952169,1.877
194584486,16/05/2026,0.4959281620229237,2.016
194584468,16/05/2026,0.503676150149002,1.985
194584481,16/05/2026,0.5419069681295513,1.845
194594796,16/05/2026,0.5012231370360581,1.995
194584476,16/05/2026,0.4657287624136245,2.147
194584472,16/05/2026,0.5059517226060687,1.976
194596109,16/05/2026,0.46243652789916834,2.162
194371132,16/05/2026,0.4928651366655414,2.029
194586848,16/05/2026,0.5373991830563247,1.861
194371128,16/05/2026,0.5583057339613073,1.791
194490717,16/05/2026,0.5059040605716357,1.977
193715875,16/05/2026,0.5699493893001154,1.755
194636270,16/05/2026,0.6387402232829047,1.566
194698285,16/05/2026,0.42974331610701094,2.327
194738448,16/05/2026,0.5870951134210803,1.703
194595950,16/05/2026,0.550660212147127,1.816
194591427,16/05/2026,0.4896375913486452,2.042
194577966,16/05/2026,0.34767152009347296,2.876
193719786,16/05/2026,0.5646838929140231,1.771
194591431,16/05/2026,0.4824699620503979,2.073
194584504,16/05/2026,0.4854862718352699,2.06
194590822,16/05/2026,0.2898672658351001,3.45
194577973,16/05/2026,0.521994385900055,1.916
194586842,16/05/2026,0.5092242637488507,1.964
194586840,16/05/2026,0.5321073660527005,1.879
194586836,16/05/2026,0.5372010790649137,1.862
194537692,16/05/2026,0.5771277600117559,1.733
194749107,16/05/2026,0.5595109420739975,1.787
194538185,16/05/2026,0.550086939056736,1.818
194642131,16/05/2026,0.5714744555746473,1.75
194752521,16/05/2026,0.5523073117781709,1.811
194091279,16/05/2026,0.4934823776933982,2.026
194588917,16/05/2026,0.5165590866781894,1.936
194586881,16/05/2026,0.5465433516600728,1.83
194586891,16/05/2026,0.5147496475410872,1.943
194651699,16/05/2026,0.51080480226442,1.958
194586812,16/05/2026,0.49325246371057585,2.027
194528317,16/05/2026,0.5183957237092576,1.929
194586868,16/05/2026,0.5601627648235632,1.785
193719813,16/05/2026,0.4864116291140957,2.056
193719816,16/05/2026,0.5286568924497701,1.892
194639880,16/05/2026,0.48149903029097896,2.077
193719818,16/05/2026,0.5780505247073258,1.73
193715880,16/05/2026,0.5314913616176992,1.881
194640768,16/05/2026,0.369519869256593,2.706
194776899,16/05/2026,0.5132218640666468,1.948
194595737,16/05/2026,0.5367492728097887,1.863
194586895,16/05/2026,0.5181288395457376,1.93
194537702,16/05/2026,0.5622875480526132,1.778
193719823,16/05/2026,0.5514962414012988,1.813
194749114,16/05/2026,0.5451369525721158,1.834
194588352,16/05/2026,0.35673773123084307,2.803
194592139,16/05/2026,0.5425608295150516,1.843
194580837,16/05/2026,0.5090310057601909,1.965
194599573,16/05/2026,0.5676058299345186,1.762
193719810,16/05/2026,0.57775723249014,1.731
194639878,16/05/2026,0.5322088342659649,1.879
194584412,16/05/2026,0.5503741992103239,1.817
194586805,16/05/2026,0.5210584121696192,1.919
194596319,16/05/2026,0.546864826180334,1.829
194586844,16/05/2026,0.5358268542008577,1.866
194590808,16/05/2026,0.48485097171703784,2.062
193719805,16/05/2026,0.5364358175031914,1.864
193719790,16/05/2026,0.543989425580312,1.838
193719802,16/05/2026,0.5613707332581832,1.781
193719796,16/05/2026,0.555411272450269,1.8
194621045,16/05/2026,0.5122421131745573,1.952
193711513,16/05/2026,0.4852075717589839,2.061
193719807,16/05/2026,0.5285445169527083,1.892
194749094,16/05/2026,0.5506068077402914,1.816
193719794,16/05/2026,0.5420068587072469,1.845
193719799,16/05/2026,0.5896491994607435,1.696
194537671,16/05/2026,0.5349376911903682,1.869
194537679,16/05/2026,0.5579374781157436,1.792
194599585,16/05/2026,0.542203765215579,1.844
194586855,16/05/2026,0.5422516093876579,1.844
194588914,16/05/2026,0.4916958807476888,2.034
193711622,16/05/2026,0.5205247998064838,1.921
194645061,16/05/2026,0.5842102197726606,1.712
193193643,16/05/2026,0.5625863947866998,1.778
193710982,16/05/2026,0.5011181504780496,1.996
194655326,16/05/2026,0.5215922205503466,1.917
194586850,16/05/2026,0.5340276425860316,1.873
194638922,16/05/2026,0.4183030171158566,2.391
194584494,16/05/2026,0.5206468058928314,1.921
194584491,16/05/2026,0.5154662316344906,1.94
193715871,16/05/2026,0.4957592661900824,2.017
194636005,16/05/2026,0.502037537800739,1.992
194636002,16/05/2026,0.4865765895703591,2.055
193710521,16/05/2026,0.45826571174393427,2.182
194577016,16/05/2026,0.5317138429967583,1.881
194636000,16/05/2026,0.5028392664215608,1.989
193715930,16/05/2026,0.5012219082484628,1.995
194592054,16/05/2026,0.4501050817484385,2.222
194578368,16/05/2026,0.5196557273144927,1.924
193331959,16/05/2026,0.5438924968338565,1.839
194577905,16/05/2026,0.43385666649509197,2.305
194577925,16/05/2026,0.5509774462969559,1.815
193715968,16/05/2026,0.47083907664066793,2.124
194577923,16/05/2026,0.5398643722498597,1.852
193716908,16/05/2026,0.5718850810115723,1.749
194595853,16/05/2026,0.5372583359230866,1.861
194749080,16/05/2026,0.5598540488204178,1.786
194545458,16/05/2026,0.5257119796581254,1.902
194545456,16/05/2026,0.5034895016563896,1.986
194635636,16/05/2026,0.5216044967179918,1.917
194735686,16/05/2026,0.5598540488204178,1.786
194525659,16/05/2026,0.51539271705518,1.94
194645111,16/05/2026,0.373227766687178,2.679
194589799,16/05/2026,0.5330986495564437,1.876
194545454,16/05/2026,0.4897936593632025,2.042
194589815,16/05/2026,0.5598540488204178,1.786
193267651,16/05/2026,0.5521150746783539,1.811
194579126,16/05/2026,0.5342853463826542,1.872
194542117,16/05/2026,0.4715939861951588,2.12
194526662,16/05/2026,0.5583666611441875,1.791
194538980,16/05/2026,0.5232283224343196,1.911
194590811,16/05/2026,0.49147622048574346,2.035
194534593,16/05/2026,0.5214360448606797,1.918
194594784,16/05/2026,0.5071675845429754,1.972
194594792,16/05/2026,0.5348463985446434,1.87
194584400,16/05/2026,0.5598540488204178,1.786
194091089,16/05/2026,0.510681655327358,1.958
194592204,16/05/2026,0.5425459494957838,1.843
194584402,16/05/2026,0.5598540488204178,1.786
194592202,16/05/2026,0.4934463381213479,2.027
194592199,16/05/2026,0.21115953263289786,4.736
194587449,16/05/2026,0.5330088813361084,1.876
194592071,16/05/2026,0.5058638962653718,1.977
194587440,16/05/2026,0.5488531071949109,1.822
194703802,16/05/2026,0.5598540488204178,1.786
194587419,16/05/2026,0.5515900826148432,1.813
194091101,16/05/2026,0.5139476271344641,1.946
194592194,16/05/2026,0.574231137137053,1.741
194091110,16/05/2026,0.5369724670514011,1.862
194594776,16/05/2026,0.48651963865806674,2.055
194094035,16/05/2026,0.5387694832486357,1.856
194577971,16/05/2026,0.5598540488204178,1.786
194707664,16/05/2026,0.5598540488204178,1.786
194584406,16/05/2026,0.5598540488204178,1.786
194594788,16/05/2026,0.5144317850708005,1.944
194592197,16/05/2026,0.42749923386506883,2.339
194587426,16/05/2026,0.5296337439754367,1.888
194592116,16/05/2026,0.5485483044781003,1.823
193710455,16/05/2026,0.4933294709687953,2.027
194577845,16/05/2026,0.4922958386791762,2.031
193717969,16/05/2026,0.4792600504822795,2.087
194605363,16/05/2026,0.5157046148544616,1.939
193718012,16/05/2026,0.4599860307259285,2.174
193718007,16/05/2026,0.4488549968233105,2.228
193717999,16/05/2026,0.5080084244678175,1.968
194744627,16/05/2026,0.4794118346418899,2.086
193717991,16/05/2026,0.5321264515096377,1.879
193717977,16/05/2026,0.49789844108083275,2.008
194584434,16/05/2026,0.526275276580408,1.9
194584423,16/05/2026,0.5458911683083622,1.832
193718030,16/05/2026,0.46576919963082014,2.147
193718039,16/05/2026,0.38249740525004483,2.614
194577840,16/05/2026,0.5722308296340209,1.748
194584420,16/05/2026,0.49136868838989695,2.035
194620360,16/05/2026,0.5617385068831627,1.78
194605367,16/05/2026,0.5314875081567669,1.882
194605412,16/05/2026,0.5663473316312696,1.766
193006298,16/05/2026,0.4573170315310749,2.187
193006283,16/05/2026,0.46815497276859824,2.136
194744631,16/05/2026,0.5792049421902118,1.727
194605407,16/05/2026,0.5130435450297373,1.949
194605365,16/05/2026,0.5210808284008678,1.919
194744629,16/05/2026,0.37395338821914714,2.674
193006285,16/05/2026,0.4749866118282527,2.105
194584461,16/05/2026,0.5506357071107426,1.816
194591435,16/05/2026,0.5072370974911657,1.971
194744633,16/05/2026,0.5019141903736316,1.992
193710451,16/05/2026,0.4918459603360844,2.033
193711490,16/05/2026,0.5062669892392142,1.975
193710469,16/05/2026,0.44911706211154695,2.227
194584507,16/05/2026,0.5598540488204178,1.786
194545452,16/05/2026,0.5428657152794654,1.842
194621050,16/05/2026,0.448640915607043,2.229
194709721,16/05/2026,0.5598540488204178,1.786
194542132,16/05/2026,0.5014085891002119,1.994
194545450,16/05/2026,0.4882327708295314,2.048
194542149,16/05/2026,0.5114399180785248,1.955
194542140,16/05/2026,0.4789908769110102,2.088
194655324,16/05/2026,0.49953564925572247,2.002
194655322,16/05/2026,0.4608956522142814,2.17
194542145,16/05/2026,0.49935225312890236,2.003
194542151,16/05/2026,0.4895883296954417,2.043
194595851,16/05/2026,0.3278764717659571,3.05
194542154,16/05/2026,0.4968854952243271,2.013
193201041,16/05/2026,0.5324429760982594,1.878
194605346,16/05/2026,0.5651539780881016,1.769
194635833,16/05/2026,0.5170645436042622,1.934
194371362,16/05/2026,0.554545367903638,1.803
194596433,16/05/2026,0.5821696183779952,1.718
193711618,16/05/2026,0.526744318062103,1.898
194577598,16/05/2026,0.4537888150284333,2.204
193711497,16/05/2026,0.5287595404207865,1.891
193710494,16/05/2026,0.4694231843292261,2.13
194371364,16/05/2026,0.5032738850915582,1.987
194094037,16/05/2026,0.5477225071473967,1.826
194094039,16/05/2026,0.448008188822135,2.232
193331416,16/05/2026,0.515383816195127,1.94
194709695,16/05/2026,0.5598540488204178,1.786
194605361,16/05/2026,0.532719474247775,1.877
194709700,16/05/2026,0.5598540488204178,1.786
194507428,16/05/2026,0.5330867893229512,1.876
194578695,16/05/2026,0.44586155177959774,2.243
194580860,16/05/2026,0.5218440162296564,1.916
194530159,16/05/2026,0.3450729492339382,2.898
194583030,16/05/2026,0.5982703571852486,1.671
194637599,16/05/2026,0.5457064018310395,1.832
194508284,16/05/2026,0.5055466687764906,1.978
194592095,16/05/2026,0.4568207380278595,2.189
194578699,16/05/2026,0.5611593281267035,1.782
194579182,16/05/2026,0.4870330437685213,2.053
194716517,16/05/2026,0.5598540488204178,1.786
194596840,16/05/2026,0.5724865118785236,1.747
194565461,16/05/2026,0.5664229393084224,1.765
194578472,16/05/2026,0.5598540488204178,1.786
194596923,16/05/2026,0.5429379718727935,1.842
194594484,16/05/2026,0.5990560933266654,1.669
194730760,16/05/2026,0.5598540488204178,1.786
194593062,16/05/2026,0.555501476622768,1.8
194594168,16/05/2026,0.559141699914766,1.788
194638934,16/05/2026,0.45315820518406547,2.207
194565010,16/05/2026,0.5478087129212754,1.825
194590772,16/05/2026,0.5300557601318366,1.887
194638943,16/05/2026,0.5372037553324671,1.861
194594487,16/05/2026,0.6177708780607537,1.619
194580243,16/05/2026,0.5260395615514349,1.901
194588542,16/05/2026,0.5847789212710479,1.71
194716515,16/05/2026,0.5598540488204178,1.786
194578193,16/05/2026,0.6173411882334932,1.62
194588506,16/05/2026,0.5733120052182585,1.744
194588512,16/05/2026,0.5447224093599115,1.836
194613543,16/05/2026,0.5030191905777227,1.988
194577730,16/05/2026,0.5153544630008823,1.94
194669222,16/05/2026,0.6041457291566126,1.655
193203791,16/05/2026,0.5145436940189335,1.943
194507845,16/05/2026,0.5760173030320402,1.736
194592842,16/05/2026,0.5325333691276983,1.878
194596915,16/05/2026,0.5806061822621094,1.722
194579037,16/05/2026,0.5013770724171239,1.995
194507847,16/05/2026,0.47393213031826936,2.11
194598519,16/05/2026,0.559157651352638,1.788
194579255,16/05/2026,0.5772091564378725,1.732
194547287,16/05/2026,0.6040836769269425,1.655
194588527,16/05/2026,0.6236299430731282,1.604
194591421,16/05/2026,0.5074489486616802,1.971
194508273,16/05/2026,0.5884111129934236,1.699
194580857,16/05/2026,0.5830134889471942,1.715
194565457,16/05/2026,0.5914423445909257,1.691
194592363,16/05/2026,0.610462934387911,1.638
194578191,16/05/2026,0.6303795419947739,1.586
194565168,16/05/2026,0.5839809800200139,1.712
193269008,16/05/2026,0.5637095557748677,1.774
194577897,16/05/2026,0.5409699578724376,1.849
194660255,16/05/2026,0.5605233509731561,1.784
194588557,16/05/2026,0.5551750790838608,1.801
193268704,16/05/2026,0.5640814307371129,1.773
194577887,16/05/2026,0.5667429357089808,1.764
193381849,16/05/2026,0.5332735853103059,1.875
194565001,16/05/2026,0.6078586304104199,1.645
194507430,16/05/2026,0.5565578970191398,1.797
194578633,16/05/2026,0.5731066329775536,1.745
194594281,16/05/2026,0.5870842141376285,1.703
194534875,16/05/2026,0.4331243042954999,2.309
194587986,16/05/2026,0.4987393724532134,2.005
194527080,16/05/2026,0.5062987440478269,1.975
194577508,16/05/2026,0.5625422875498426,1.778
194587994,16/05/2026,0.5497315814631224,1.819
194422200,16/05/2026,0.5573432564188003,1.794
194577880,16/05/2026,0.5426276264285682,1.843
194599405,16/05/2026,0.5735240429066886,1.744
194599409,16/05/2026,0.5653838060947004,1.769
194592844,16/05/2026,0.5198619515075248,1.924
194580863,16/05/2026,0.612505213600692,1.633
194579193,16/05/2026,0.5758907831517008,1.736
194530162,16/05/2026,0.2504195728455202,3.993
194599411,16/05/2026,0.5416341001744502,1.846
194642092,16/05/2026,0.5598540488204178,1.786
194469857,16/05/2026,0.5168090400418031,1.935
194547363,16/05/2026,0.5127267700574191,1.95
194547365,16/05/2026,0.5988480448273201,1.67
194579184,16/05/2026,0.6126752198432835,1.632
194577323,16/05/2026,0.5803672403676402,1.723
194594283,16/05/2026,0.5178015063162615,1.931
194577732,16/05/2026,0.5309663700404945,1.883
194594287,16/05/2026,0.5726599438051336,1.746
194594750,16/05/2026,0.535157107244068,1.869
194577908,16/05/2026,0.5166858814708248,1.935
194599401,16/05/2026,0.6331399306970932,1.579
194565003,16/05/2026,0.5509554762970434,1.815
194619551,16/05/2026,0.4960165046660851,2.016
194566421,16/05/2026,0.5803364241230566,1.723
194619556,16/05/2026,0.2222121915246809,4.5
194678490,16/05/2026,0.49648332604551715,2.014
194595848,16/05/2026,0.5607464813188895,1.783
194592076,16/05/2026,0.3002106501936067,3.331
194678493,16/05/2026,0.524931620909576,1.905
194594806,16/05/2026,0.5537042534621429,1.806
194015536,16/05/2026,0.5271136349128768,1.897
194733161,16/05/2026,0.5598540488204178,1.786
194578474,16/05/2026,0.5598540488204178,1.786
194642641,16/05/2026,0.19559726942677227,5.113
193717006,16/05/2026,0.48187619289025946,2.075
193203798,16/05/2026,0.5494631851938707,1.82
194527048,16/05/2026,0.4789854030736549,2.088
194645437,16/05/2026,0.577072904794017,1.733
194599403,16/05/2026,0.5324238561896653,1.878
193203795,16/05/2026,0.5273779980764243,1.896
194537186,16/05/2026,0.41571263375565687,2.406
194537192,16/05/2026,0.4695417569688452,2.13
194594489,16/05/2026,0.45869010803593285,2.18
194594762,16/05/2026,0.5542073477575699,1.804
194577961,16/05/2026,0.5312298526723297,1.882
194733163,16/05/2026,0.5598540488204178,1.786
194620546,16/05/2026,0.5363196179993212,1.865
194594767,16/05/2026,0.5886621811563254,1.699
194592086,16/05/2026,0.5454877756184339,1.833
194640790,16/05/2026,0.500669011534463,1.997
194689255,16/05/2026,0.5723510238001949,1.747
194592623,16/05/2026,0.5987591151747589,1.67
193717004,16/05/2026,0.5319107069072047,1.88
194577725,16/05/2026,0.5293178237180315,1.889
194583312,16/05/2026,0.5118330802393442,1.954
194585999,16/05/2026,0.5166775995468682,1.935
194586003,16/05/2026,0.5522272551939699,1.811
194585709,16/05/2026,0.5472863311791899,1.827
194586001,16/05/2026,0.49960412973865453,2.002
194585997,16/05/2026,0.5065829286704705,1.974
194589733,16/05/2026,0.5369079491935121,1.863
194507413,16/05/2026,0.5573558218109833,1.794
194585359,16/05/2026,0.5570659187993771,1.795
194507593,16/05/2026,0.5355462410207484,1.867
194092236,16/05/2026,0.5216927775104595,1.917
194092234,16/05/2026,0.5405945993669616,1.85
194584614,16/05/2026,0.5972916271974021,1.674
194092231,16/05/2026,0.5201277351452511,1.923
194092222,16/05/2026,0.5231721803593073,1.911
193381841,16/05/2026,0.5088048807831113,1.965
194580237,16/05/2026,0.5001343458789393,1.999
194580432,16/05/2026,0.5493385492413514,1.82
194585440,16/05/2026,0.6054722799900791,1.652
194580446,16/05/2026,0.5868554253106156,1.704
194581052,16/05/2026,0.6078501175710873,1.645
194582445,16/05/2026,0.6235004984811393,1.604
194582450,16/05/2026,0.5677515200000536,1.761
194582453,16/05/2026,0.542794899613371,1.842
194582935,16/05/2026,0.5973834414821023,1.674
194582942,16/05/2026,0.5555963085392001,1.8
194092228,16/05/2026,0.5560935023275898,1.798
194582944,16/05/2026,0.579339384280447,1.726
194585523,16/05/2026,0.4930128396935279,2.028
194585372,16/05/2026,0.5316876713164991,1.881
194585321,16/05/2026,0.5483117348566378,1.824
194578626,16/05/2026,0.593109316251392,1.686
194578641,16/05/2026,0.5959179365830549,1.678
194626403,16/05/2026,0.6311821520750192,1.584
194580106,16/05/2026,0.5256642631486663,1.902
194586032,16/05/2026,0.5558082933219314,1.799
194722672,16/05/2026,0.5598540488204178,1.786
194586042,16/05/2026,0.5413591514389717,1.847
194586040,16/05/2026,0.5607678009534599,1.783
194586038,16/05/2026,0.5435719156796585,1.84
194578575,16/05/2026,0.5693293141926835,1.756
194585444,16/05/2026,0.5759153369093007,1.736
194585381,16/05/2026,0.5240197451492603,1.908
194578602,16/05/2026,0.5291144997068599,1.89
194586035,16/05/2026,0.4363332220478176,2.292
194585563,16/05/2026,0.4720446674093836,2.118
193268699,16/05/2026,0.581097243363583,1.721
194507590,16/05/2026,0.5266141969818208,1.899
194585349,16/05/2026,0.5199806529183381,1.923
194585520,16/05/2026,0.492821069268644,2.029
194585500,16/05/2026,0.5171001443287848,1.934
194585525,16/05/2026,0.4848865215543092,2.062
194585527,16/05/2026,0.5018693067296419,1.993
194585498,16/05/2026,0.5370297073451626,1.862
194585369,16/05/2026,0.5174045533942248,1.933
194507588,16/05/2026,0.5732170630377393,1.745
194678198,16/05/2026,0.521046533011712,1.919
194530156,16/05/2026,0.5570655253755806,1.795
194583321,16/05/2026,0.5012523640426311,1.995
194580616,16/05/2026,0.5748154982265857,1.74
194508250,16/05/2026,0.5491335188250592,1.821
194092240,16/05/2026,0.5018117955913277,1.993
194566415,16/05/2026,0.5884343314067556,1.699
194508255,16/05/2026,0.5415761595478671,1.846
193381843,16/05/2026,0.5493488408973917,1.82
194565154,16/05/2026,0.5224640425824738,1.914
194582946,16/05/2026,0.5640793687022431,1.773
194564860,16/05/2026,0.565919153242437,1.767
194586007,16/05/2026,0.4854374186967757,2.06
194578637,16/05/2026,0.5918982029973414,1.689
193268702,16/05/2026,0.5544604902167356,1.804
194564997,16/05/2026,0.5709075109349587,1.752
194508248,16/05/2026,0.5321556777281277,1.879
194585518,16/05/2026,0.5089523557500997,1.965
194582948,16/05/2026,0.5341380065338461,1.872
194566417,16/05/2026,0.5725043051504757,1.747
194564999,16/05/2026,0.5939622606974237,1.684
194566413,16/05/2026,0.5941856013335399,1.683
194507422,16/05/2026,0.5582246133639246,1.791
194598947,16/05/2026,0.5135484841786874,1.947
194507418,16/05/2026,0.5395437924570179,1.853
194578618,16/05/2026,0.5881599996824907,1.7
194584611,16/05/2026,0.5277972433215088,1.895
194507426,16/05/2026,0.5315820850705717,1.881
193203789,16/05/2026,0.5543037308586631,1.804
194577727,16/05/2026,0.5178449474467328,1.931
194583527,16/05/2026,0.5654232095779854,1.769
194709710,16/05/2026,0.5598540488204178,1.786
194564853,16/05/2026,0.4702903302456301,2.126
194564855,16/05/2026,0.554113819619455,1.805
194092225,16/05/2026,0.5360386840886175,1.866
194507397,16/05/2026,0.5799212981134899,1.724
194678203,16/05/2026,0.58254278477062,1.717
194578578,16/05/2026,0.5666572844771472,1.765
194580620,16/05/2026,0.5834279374617755,1.714
194578583,16/05/2026,0.5496562041170766,1.819
194507840,16/05/2026,0.5757997666598912,1.737
194507843,16/05/2026,0.5830097065816032,1.715
194092238,16/05/2026,0.5121081290560835,1.953
194578580,16/05/2026,0.5540578574693485,1.805
194578585,16/05/2026,0.5982159629257967,1.672
194507838,16/05/2026,0.5866871018303046,1.704
194564858,16/05/2026,0.5670396929399226,1.764
194584617,16/05/2026,0.5497765709089671,1.819
194716138,16/05/2026,0.5598540488204178,1.786
194708593,16/05/2026,0.5598540488204178,1.786
194583292,16/05/2026,0.5500908349297096,1.818
194585005,16/05/2026,0.6008541762116837,1.664
194585374,16/05/2026,0.43435525859893487,2.302
194586044,16/05/2026,0.5500058812105992,1.818
194578643,16/05/2026,0.5749587893935472,1.739
194578816,16/05/2026,0.5163115079908742,1.937
194578645,16/05/2026,0.5657121751707112,1.768
194586046,16/05/2026,0.5797064480233355,1.725
194578630,16/05/2026,0.5767025512773902,1.734
194580249,16/05/2026,0.561608056284392,1.781
194507828,16/05/2026,0.5301367914109598,1.886
194592536,16/05/2026,0.46923618955168506,2.131
194585338,16/05/2026,0.5648595589327999,1.77
194592068,16/05/2026,0.3765631084805552,2.656
194593165,16/05/2026,0.5897169156239095,1.696
194577602,16/05/2026,0.5434087739128531,1.84
194593156,16/05/2026,0.57732040642895,1.732
194735459,16/05/2026,0.5598540488204178,1.786
194588921,16/05/2026,0.5752208460803654,1.738
194734684,16/05/2026,0.5598540488204178,1.786
194577600,16/05/2026,0.5724387872238464,1.747
193000871,16/05/2026,0.5818516025963444,1.719
194577605,16/05/2026,0.5413184980672788,1.847
194577874,16/05/2026,0.5276849396723632,1.895
194577876,16/05/2026,0.5960985313481818,1.678
194579249,16/05/2026,0.5560893806547521,1.798
193000901,16/05/2026,0.5386610648970692,1.856
193000896,16/05/2026,0.5518316347365358,1.812
193000873,16/05/2026,0.5522693830991074,1.811
194640947,16/05/2026,0.4916311737249516,2.034
193000863,16/05/2026,0.5565911167600156,1.797
193000858,16/05/2026,0.5677785300114127,1.761
193000853,16/05/2026,0.4603043742812105,2.172
193000849,16/05/2026,0.4818085728838177,2.076
194697802,16/05/2026,0.5598540488204178,1.786
194697808,16/05/2026,0.5232407287043875,1.911
193000899,16/05/2026,0.5593595025458565,1.788
194697806,16/05/2026,0.5398954764831475,1.852
264902,16/05/2026,0.5598540488204178,1.786
194734675,16/05/2026,0.5598540488204178,1.786
194588919,16/05/2026,0.5582760640656766,1.791
194593160,16/05/2026,0.5784405892569362,1.729
194588923,16/05/2026,0.5785720823362407,1.728
194637625,16/05/2026,0.5530449158615802,1.808
194640981,16/05/2026,0.4578193064770139,2.184
194585654,16/05/2026,0.5847113510611581,1.71
194637637,16/05/2026,0.5319085341508792,1.88
194589685,16/05/2026,0.5504826197112669,1.817
194579191,16/05/2026,0.6047551168947122,1.654
194640964,16/05/2026,0.5042214155227189,1.983
194579160,16/05/2026,0.5730662754698223,1.745
194577759,16/05/2026,0.41377300269879297,2.417
194577797,16/05/2026,0.5135525890615494,1.947
194619014,16/05/2026,0.5181778724435001,1.93
194577864,16/05/2026,0.5657748181948796,1.767
194593284,16/05/2026,0.5126777004745713,1.951
194577867,16/05/2026,0.5421677514191268,1.844
194599877,16/05/2026,0.5859747559955165,1.707
194596304,16/05/2026,0.4538801483344265,2.203
194596087,16/05/2026,0.592854817737455,1.687
193331608,16/05/2026,0.519025429663204,1.927
194596091,16/05/2026,0.5371663443950467,1.862
193327490,16/05/2026,0.5555230704798422,1.8
194579043,16/05/2026,0.5174112916981931,1.933
193327496,16/05/2026,0.518553236455019,1.928
194594162,16/05/2026,0.5725933450002698,1.746
193320641,16/05/2026,0.5141006849787731,1.945
194709723,16/05/2026,0.5598540488204178,1.786
193320647,16/05/2026,0.5374526218628611,1.861
194605359,16/05/2026,0.5103410960128634,1.959
194593767,16/05/2026,0.6370969394193617,1.57
194593771,16/05/2026,0.603340981537638,1.657
194709725,16/05/2026,0.5598540488204178,1.786
194642559,16/05/2026,0.5546237259923279,1.803
194589351,16/05/2026,0.5697492865145092,1.755
194585859,16/05/2026,0.5520457834478028,1.811
193332090,16/05/2026,0.5576007329698627,1.793
193331407,16/05/2026,0.5333364399351167,1.875
193988585,16/05/2026,0.5749361522168515,1.739
193286255,16/05/2026,0.531896617724278,1.88
193663388,16/05/2026,0.5450107038382459,1.835
193331774,16/05/2026,0.5460941365056442,1.831
193331894,16/05/2026,0.5375079063028251,1.86
193719922,16/05/2026,0.5289722045202869,1.89
193331899,16/05/2026,0.5215409408093739,1.917
194593046,16/05/2026,0.5322534351730502,1.879
193331945,16/05/2026,0.41701737402947453,2.398
193332077,16/05/2026,0.5140469970316768,1.945
193718086,16/05/2026,0.538616666845858,1.857
193331926,16/05/2026,0.5196730247570948,1.924
193331909,16/05/2026,0.4831324438198879,2.07
194469867,16/05/2026,0.49248109229965004,2.031
194469863,16/05/2026,0.519200360815099,1.926
193332045,16/05/2026,0.5492139259179826,1.821
193332056,16/05/2026,0.517372417523807,1.933
193332070,16/05/2026,0.5779270725974983,1.73
193332063,16/05/2026,0.5407983679985738,1.849
562983,16/05/2026,0.5598540488204178,1.786
194577900,16/05/2026,0.5277935269601947,1.895
193332085,16/05/2026,0.48177554314687643,2.076
194588589,16/05/2026,0.5591268202719217,1.789
194588593,16/05/2026,0.46894563948257145,2.132
194592560,16/05/2026,0.5067437667832964,1.973
194594275,16/05/2026,0.5926445615470841,1.687
194594790,16/05/2026,0.46589180071369796,2.146
194578364,16/05/2026,0.5240682174382961,1.908
194577902,16/05/2026,0.5616674570661584,1.78
194587797,16/05/2026,0.538458612521439,1.857
194599875,16/05/2026,0.5723436944207759,1.747
194642408,16/05/2026,0.5418372338374017,1.846
194605343,16/05/2026,0.47875199601129637,2.089
194577870,16/05/2026,0.5036499261391568,1.986
194577855,16/05/2026,0.5088591313599062,1.965
194640971,16/05/2026,0.5409452058031007,1.849
194593279,16/05/2026,0.5485874325864443,1.823
194592625,16/05/2026,0.5852983893729568,1.709
194579151,16/05/2026,0.6327833246076439,1.58
194587984,16/05/2026,0.5507159444250266,1.816
194589726,16/05/2026,0.5288035867643602,1.891
194655331,16/05/2026,0.5515638930768513,1.813
194637610,16/05/2026,0.574382207681275,1.741
194532474,16/05/2026,0.5256493408009852,1.902
194526042,16/05/2026,0.528647149482107,1.892
194533549,16/05/2026,0.5263184080599526,1.9
194533558,16/05/2026,0.5807719966013046,1.722
194592137,16/05/2026,0.5390365676099657,1.855
194592150,16/05/2026,0.5272716521796734,1.897
194533562,16/05/2026,0.520966247330377,1.92
194655315,16/05/2026,0.4794272959325032,2.086
194579162,16/05/2026,0.5828523183551665,1.716
194645106,16/05/2026,0.4920379493257074,2.032
194642602,16/05/2026,0.5946496399662031,1.682
194652461,16/05/2026,0.5506592724443607,1.816
194547258,16/05/2026,0.5566667240254969,1.796
194547263,16/05/2026,0.5382613461763578,1.858
194698078,16/05/2026,0.5116402412995709,1.954
194577853,16/05/2026,0.5222723424027287,1.915
194547246,16/05/2026,0.5945692643878588,1.682
193711579,16/05/2026,0.4886839851459929,2.046
194591423,16/05/2026,0.5470653050957746,1.828
194530172,16/05/2026,0.5411515951403807,1.848
220576,16/05/2026,0.5598540488204178,1.786
194596276,16/05/2026,0.5111901253790563,1.956
194588864,16/05/2026,0.5243236796701637,1.907
193000188,16/05/2026,0.5271830738950692,1.897
194547255,16/05/2026,0.49249113044984966,2.03
194589672,16/05/2026,0.5726215653294672,1.746
194590101,16/05/2026,0.3918575391804032,2.552
193331601,16/05/2026,0.5241845773177025,1.908
194620818,16/05/2026,0.5489024731912573,1.822
193331889,16/05/2026,0.5098135730273018,1.962
194592079,16/05/2026,0.5275504784807694,1.896
194534261,16/05/2026,0.5617350912588008,1.78
194521275,16/05/2026,0.5310757902606328,1.883
194592367,16/05/2026,0.5849415803565703,1.71
194592697,16/05/2026,0.5230616854871308,1.912
194594267,16/05/2026,0.5412727525406955,1.847
194577895,16/05/2026,0.5342013776332195,1.872
194619012,16/05/2026,0.5628556851329293,1.777
194589675,16/05/2026,0.5869030162752182,1.704
194592091,16/05/2026,0.5023845428452476,1.991
194547251,16/05/2026,0.5512340430764621,1.814
194547229,16/05/2026,0.5426059461999657,1.843
194591933,16/05/2026,0.5532862121993046,1.807
194645108,16/05/2026,0.5991824166091392,1.669
194599873,16/05/2026,0.5214478397279192,1.918
193331596,16/05/2026,0.5163318338707372,1.937
194590029,16/05/2026,0.6039949260653696,1.656
194579220,16/05/2026,0.4323690140664832,2.313
194589778,16/05/2026,0.6368978215568011,1.57
194589345,16/05/2026,0.5256835572586517,1.902
194534251,16/05/2026,0.5603652360450017,1.785
194645593,16/05/2026,0.5607855784878798,1.783
194596797,16/05/2026,0.5722415791627331,1.748
194534257,16/05/2026,0.542468184709329,1.843
193332181,16/05/2026,0.5584369531067346,1.791
193711572,16/05/2026,0.5479351309204289,1.825
194638902,16/05/2026,0.5590910883744106,1.789
194596284,16/05/2026,0.570336229692339,1.753
194652183,16/05/2026,0.6225297305072961,1.606
194526039,16/05/2026,0.4408891768316412,2.268
193332171,16/05/2026,0.5050031080569911,1.98
193332175,16/05/2026,0.5632905947855751,1.775
194579045,16/05/2026,0.5191593123092837,1.926
193331744,16/05/2026,0.5333272205293391,1.875
194547266,16/05/2026,0.5794936772278406,1.726
194535903,16/05/2026,0.33377987736676423,2.996
194547213,16/05/2026,0.5566317974082547,1.797
194547218,16/05/2026,0.48787337278774245,2.05
194589785,16/05/2026,0.6203159054285582,1.612
193000186,16/05/2026,0.4702737963005247,2.126
194592365,16/05/2026,0.5744710177258608,1.741
193000184,16/05/2026,0.538018577346086,1.859
193716919,16/05/2026,0.5010059164395951,1.996
193716927,16/05/2026,0.40514436514523217,2.468
193716950,16/05/2026,0.5031287818367095,1.988
193716959,16/05/2026,0.5036823022852797,1.985
193716967,16/05/2026,0.47339075819001725,2.112
193716980,16/05/2026,0.48757249150940984,2.051
194534151,16/05/2026,0.6026144573468235,1.659
194530720,16/05/2026,0.5114247835245105,1.955
194734052,16/05/2026,0.5598540488204178,1.786
194734418,16/05/2026,0.5597674600496669,1.786
194547359,16/05/2026,0.5115253947714676,1.955
194577557,16/05/2026,0.5134197166397857,1.948
193716915,16/05/2026,0.5147531885351885,1.943
194490398,16/05/2026,0.511737173649214,1.954
194592850,16/05/2026,0.4863590163655394,2.056
194592550,16/05/2026,0.6086303444126002,1.643
194592160,16/05/2026,0.5533684541773215,1.807
194592093,16/05/2026,0.5828656470965375,1.716
194592059,16/05/2026,0.5566595975906689,1.796
194590034,16/05/2026,0.5966510677305956,1.676
194589729,16/05/2026,0.6034182101056432,1.657
194693284,16/05/2026,0.5598540488204178,1.786
194633929,16/05/2026,0.5218044843559898,1.916
194587988,16/05/2026,0.5563899017358637,1.797
194589348,16/05/2026,0.5468305871104499,1.829
194621047,16/05/2026,0.5598540488204178,1.786
194638857,16/05/2026,0.5679703428653298,1.761
194547337,16/05/2026,0.5741990870017167,1.742
194592266,16/05/2026,0.5439182668099654,1.839
194547335,16/05/2026,0.5520538509565279,1.811
194547324,16/05/2026,0.5861993997760085,1.706
194588583,16/05/2026,0.5330885519481228,1.876
194642376,16/05/2026,0.5062277264088291,1.975
194645369,16/05/2026,0.5916516737908308,1.69
194547339,16/05/2026,0.5479675658350627,1.825
193000203,16/05/2026,0.46482935428863664,2.151
194547370,16/05/2026,0.4855955180870313,2.059
194585857,16/05/2026,0.5428330125786275,1.842
193000192,16/05/2026,0.49358513832695405,2.026
194547357,16/05/2026,0.5082693864651052,1.967
194579189,16/05/2026,0.6060312136931048,1.65
193003648,16/05/2026,0.532252461627307,1.879
194579201,16/05/2026,0.539894911854944,1.852
193000198,16/05/2026,0.5429583543966516,1.842
194577554,16/05/2026,0.41140963893872146,2.431
487305,16/05/2026,0.5598540488204178,1.786
193711601,16/05/2026,0.5473503082777905,1.827
193267636,16/05/2026,0.5353421482790345,1.868
194595089,16/05/2026,0.5033212638922965,1.987
194591146,16/05/2026,0.4866708349637572,2.055
194592044,16/05/2026,0.467656698073483,2.138
194595085,16/05/2026,0.5086384693388938,1.966
194595091,16/05/2026,0.5969347380628269,1.675
194547348,16/05/2026,0.5420575953233326,1.845
194547367,16/05/2026,0.5011556700070959,1.995
194595082,16/05/2026,0.5323953093042978,1.878
194637596,16/05/2026,0.5747005658761218,1.74
194641577,17/05/2026,0.5266769687987994,1.899
194652232,17/05/2026,0.5105466306982953,1.959
193714557,17/05/2026,0.5124165770429921,1.952
194645924,17/05/2026,0.565468695740973,1.768
194660119,17/05/2026,0.4752740472586986,2.104
194660101,17/05/2026,0.5423191151779957,1.844
194649519,17/05/2026,0.4529026605029834,2.208
194640203,17/05/2026,0.5271372750381371,1.897
194640213,17/05/2026,0.21482491201098844,4.655
194649521,17/05/2026,0.4873854991570772,2.052
193754247,17/05/2026,0.5426189415225547,1.843
194658428,17/05/2026,0.5292794652398447,1.889
194659388,17/05/2026,0.5461678372857384,1.831
193754250,17/05/2026,0.5286122737489422,1.892
194652230,17/05/2026,0.5436646820676768,1.839
193331434,17/05/2026,0.5539823585525362,1.805
193193646,17/05/2026,0.5138677751296195,1.946
194640208,17/05/2026,0.5760687255648336,1.736
194640719,17/05/2026,0.5672167598949113,1.763
194640114,17/05/2026,0.5640281321877614,1.773
194652228,17/05/2026,0.5288830246751054,1.891
194645893,17/05/2026,0.35642178769214666,2.806
194652234,17/05/2026,0.5585283362697351,1.79
194490405,17/05/2026,0.5354812813663773,1.867
194640205,17/05/2026,0.5186014948779925,1.928
194645469,17/05/2026,0.5242511105430068,1.907
194644953,17/05/2026,0.4703139500893652,2.126
194532844,17/05/2026,0.5549501694794876,1.802
193715883,17/05/2026,0.49314856787289973,2.028
194640361,17/05/2026,0.611626918432908,1.635
193331491,17/05/2026,0.5236801960091335,1.91
194659413,17/05/2026,0.5139183977777555,1.946
194530737,17/05/2026,0.5173952588191832,1.933
194640201,17/05/2026,0.5086817494713055,1.966
194706287,17/05/2026,0.5143871790091783,1.944
194659397,17/05/2026,0.5118238786741794,1.954
194530467,17/05/2026,0.5621939951955605,1.779
194647387,17/05/2026,0.5251247751184857,1.904
194660098,17/05/2026,0.5064915298132406,1.974
194652196,17/05/2026,0.5628932374304032,1.777
194758690,17/05/2026,0.46531999569154003,2.149
194091129,17/05/2026,0.5152350420956846,1.941
193332394,17/05/2026,0.5175579249877871,1.932
192998821,17/05/2026,0.5405626329122136,1.85
193718072,17/05/2026,0.46212025100429327,2.164
193332397,17/05/2026,0.5282256565633879,1.893
193718095,17/05/2026,0.5595798437313767,1.787
193332417,17/05/2026,0.5428570249046824,1.842
193332402,17/05/2026,0.49097601125777834,2.037
194699305,17/05/2026,0.5743863432937601,1.741
193332411,17/05/2026,0.5291888102369816,1.89
194658464,17/05/2026,0.5540625058874984,1.805
194643830,17/05/2026,0.5020508558725979,1.992
193332408,17/05/2026,0.5287294227244698,1.891
193286267,17/05/2026,0.5588950032508317,1.789
194536269,17/05/2026,0.5405903975298519,1.85
194532878,17/05/2026,0.5899203780317336,1.695
193715936,17/05/2026,0.504596422197728,1.982
194640868,17/05/2026,0.47751446796838176,2.094
194637816,17/05/2026,0.4238285692610829,2.359
194644650,17/05/2026,0.37284989309801375,2.682
194622066,17/05/2026,0.5542101751186944,1.804
194644634,17/05/2026,0.45886513787562394,2.179
194659408,17/05/2026,0.4868476200406874,2.054
194622600,17/05/2026,0.5296066128722186,1.888
193332391,17/05/2026,0.5361484656871482,1.865
193718058,17/05/2026,0.4831691664199906,2.07
194712203,17/05/2026,0.48486979375013095,2.062
194712211,17/05/2026,0.4943219044904544,2.023
194712209,17/05/2026,0.5049951237795212,1.98
194712213,17/05/2026,0.48402260401618163,2.066
194712216,17/05/2026,0.4990651793788903,2.004
194712207,17/05/2026,0.47259783646443865,2.116
193719939,17/05/2026,0.5402755050359668,1.851
194639956,17/05/2026,0.5287188989883055,1.891
194637062,17/05/2026,0.5080831574198152,1.968
194644208,17/05/2026,0.49274319223141155,2.029
194532871,17/05/2026,0.597149261786866,1.675
194639018,17/05/2026,0.510310164575659,1.96
194640486,17/05/2026,0.5257322185700245,1.902
194639023,17/05/2026,0.4965835914297517,2.014
193718124,17/05/2026,0.5278579603972555,1.894
193332423,17/05/2026,0.5297124369806915,1.888
194785450,17/05/2026,0.5009634201765403,1.996
193332428,17/05/2026,0.5681809144304867,1.76
193192712,17/05/2026,0.5683335583300495,1.76
194527060,17/05/2026,0.5108670372563792,1.957
194645496,17/05/2026,0.5416258616971213,1.846
194698611,17/05/2026,0.5764488191654072,1.735
193331496,17/05/2026,0.5106728477602122,1.958
194658460,17/05/2026,0.46313195684005454,2.159
194658466,17/05/2026,0.6261485944074441,1.597
194641337,17/05/2026,0.5599180334574939,1.786
194589291,17/05/2026,0.5483205054002239,1.824
194761002,17/05/2026,0.5198324117105089,1.924
194652200,17/05/2026,0.5391024995972551,1.855
193713827,17/05/2026,0.5415176690921619,1.847
194698631,17/05/2026,0.5724824449407427,1.747
194641332,17/05/2026,0.5207529021422364,1.92
194698619,17/05/2026,0.5093145560031018,1.963
194701843,17/05/2026,0.5078308000659157,1.969
194622064,17/05/2026,0.6030574884603395,1.658
193713829,17/05/2026,0.5425593002571728,1.843
194091123,17/05/2026,0.5444969227571524,1.837
193713823,17/05/2026,0.5099484411562649,1.961
193713825,17/05/2026,0.5537120439655477,1.806
194646717,17/05/2026,0.5118799816828223,1.954
194537212,17/05/2026,0.5106933728523325,1.958
194698597,17/05/2026,0.4329659278268899,2.31
194640104,17/05/2026,0.5390843026884162,1.855
193713840,17/05/2026,0.5294446726096859,1.889
194785428,17/05/2026,0.4857242223864184,2.059
194647570,17/05/2026,0.5802930082735824,1.723
194637813,17/05/2026,0.503831134980348,1.985
194649524,17/05/2026,0.5245516162122058,1.906
194649529,17/05/2026,0.5354642788793359,1.868
194653974,17/05/2026,0.46867438389346155,2.134
193713831,17/05/2026,0.42611422377591984,2.347
193332612,17/05/2026,0.5411201232466606,1.848
194646251,17/05/2026,0.5169649350589998,1.934
193320661,17/05/2026,0.5692999017886906,1.757
194646247,17/05/2026,0.4752229197363095,2.104
194645447,17/05/2026,0.5938376684615901,1.684
193320657,17/05/2026,0.5649820387929001,1.77
194699296,17/05/2026,0.6191729132066915,1.615
194527057,17/05/2026,0.5174120406396762,1.933
194646253,17/05/2026,0.4517904552946483,2.213
194637839,17/05/2026,0.4921712083249802,2.032
194658426,17/05/2026,0.59989015850189,1.667
194621770,17/05/2026,0.4748422608163971,2.106
194658409,17/05/2026,0.47860265879901004,2.089
194641343,17/05/2026,0.4666093775114762,2.143
194659376,17/05/2026,0.5253415513506189,1.904
193713819,17/05/2026,0.5228828995515852,1.912
194622062,17/05/2026,0.5688397042756597,1.758
194645916,17/05/2026,0.5377373382760778,1.86
194645922,17/05/2026,0.576403749240329,1.735
194640258,17/05/2026,0.6351945352442252,1.574
194643054,17/05/2026,0.5322846377677265,1.879
194647295,17/05/2026,0.5955179384670208,1.679
193717960,17/05/2026,0.5265616915261766,1.899
194640264,17/05/2026,0.571451417656067,1.75
193286261,17/05/2026,0.5422129411668407,1.844
193267671,17/05/2026,0.5639066664465714,1.773
194589295,17/05/2026,0.5380263630254274,1.859
194646521,17/05/2026,0.5634782288852223,1.775
194646510,17/05/2026,0.5245741364255572,1.906
194653513,17/05/2026,0.4608441716790766,2.17
194639502,17/05/2026,0.5528645368087706,1.809
192107036,17/05/2026,0.5585780721394437,1.79
193716913,17/05/2026,0.5211504090744877,1.919
194785439,17/05/2026,0.4670022867822351,2.141
194702749,17/05/2026,0.5089172785695333,1.965
194785448,17/05/2026,0.38495066963810737,2.598
194647306,17/05/2026,0.5609313189636111,1.783
193331503,17/05/2026,0.5218850134361841,1.916
193336450,17/05/2026,0.5355042972835075,1.867
193717867,17/05/2026,0.5360081174340371,1.866
194764506,17/05/2026,0.43866031853902043,2.28
193717905,17/05/2026,0.4909059463484828,2.037
194646530,17/05/2026,0.5908234149128847,1.693
194645433,17/05/2026,0.5611055134819926,1.782
194645435,17/05/2026,0.5507469859339776,1.816
193717875,17/05/2026,0.49427766299191517,2.023
193717895,17/05/2026,0.4976839308521351,2.009
193286265,17/05/2026,0.5168611473644041,1.935
194645295,17/05/2026,0.5178619856641337,1.931
193717950,17/05/2026,0.49211118855607083,2.032
193717882,17/05/2026,0.4975910761434692,2.01
194646518,17/05/2026,0.4830935084708043,2.07
194645900,17/05/2026,0.5683555678046543,1.759
193717889,17/05/2026,0.5033997791299119,1.986
193717940,17/05/2026,0.4484316603211401,2.23
193717925,17/05/2026,0.5479582041336603,1.825
194647277,17/05/2026,0.5866723041153669,1.705
194652992,17/05/2026,0.504447264876695,1.982
194646523,17/05/2026,0.5914965900535037,1.691
193320783,17/05/2026,0.5755791008367366,1.737
194637830,17/05/2026,0.47465651610337495,2.107
194785460,17/05/2026,0.5220841104190386,1.915
194650449,17/05/2026,0.5564118582458553,1.797
194658401,17/05/2026,0.5687417920631347,1.758
193192717,17/05/2026,0.5620678566901605,1.779
194785458,17/05/2026,0.5443150336544009,1.837
194640989,17/05/2026,0.5135793339200928,1.947
194641588,17/05/2026,0.5426996916590013,1.843
194639848,17/05/2026,0.4849273174159908,2.062
194707238,17/05/2026,0.5598540488204178,1.786
194094041,17/05/2026,0.5373952014819708,1.861
194592118,17/05/2026,0.4982568180179854,2.007
194591429,17/05/2026,0.5727021803445056,1.746
194371169,17/05/2026,0.5303174820834174,1.886
194538994,17/05/2026,0.5226298957435649,1.913
193711517,17/05/2026,0.5334842951093065,1.874
194641593,17/05/2026,0.5778111674989043,1.731
194698604,17/05/2026,0.4982689704313415,2.007
194640490,17/05/2026,0.25626133828268277,3.902
194371377,17/05/2026,0.5351387121754531,1.869
193193652,17/05/2026,0.4746804888414901,2.107
194645643,17/05/2026,0.5692737062411202,1.757
194785456,17/05/2026,0.5175655441415516,1.932
194646468,17/05/2026,0.512032295240212,1.953
194639010,17/05/2026,0.4632877202701818,2.158
194637836,17/05/2026,0.4762876403251428,2.1
194641605,17/05/2026,0.5122839783149944,1.952
194698607,17/05/2026,0.6259765668937551,1.598
194633438,17/05/2026,0.48466162322464873,2.063
193710519,17/05/2026,0.48765573815180174,2.051
194547372,17/05/2026,0.5036088848103576,1.986
194639828,17/05/2026,0.4506819059295769,2.219
194639826,17/05/2026,0.4767801234054213,2.097
193710532,17/05/2026,0.46953681785134027,2.13
194698615,17/05/2026,0.4592640179730519,2.177
194640993,17/05/2026,0.5228637206360701,1.913
194639823,17/05/2026,0.510474886981943,1.959
194622299,17/05/2026,0.5119862642013431,1.953
194490719,17/05/2026,0.5214581883506688,1.918
193710512,17/05/2026,0.48642297309781174,2.056
194701826,17/05/2026,0.5006106735613145,1.998
194622297,17/05/2026,0.49995449895426247,2.0
194706320,17/05/2026,0.5891367109029536,1.697
193715887,17/05/2026,0.48394366774131053,2.066
193710994,17/05/2026,0.5126995441331523,1.95
194527066,17/05/2026,0.509522004649803,1.963
193710991,17/05/2026,0.5030003697419982,1.988
193711541,17/05/2026,0.522007090067351,1.916
194643953,17/05/2026,0.4916611256416017,2.034
193711547,17/05/2026,0.5423850601559097,1.844
194584254,17/05/2026,0.5363185928711373,1.865
194758677,17/05/2026,0.48200623641554724,2.075
194780696,17/05/2026,0.6129605815930379,1.631
193719853,17/05/2026,0.5136220930492159,1.947
194785543,17/05/2026,0.5645688004931384,1.771
193193655,17/05/2026,0.5374300404454099,1.861
193711635,17/05/2026,0.5028875743794086,1.989
194538190,17/05/2026,0.5319851508242375,1.88
194537721,17/05/2026,0.5496509716951001,1.819
194641318,17/05/2026,0.5141655504800825,1.945
194646471,17/05/2026,0.5002442399178259,1.999
193192720,17/05/2026,0.5199683946179232,1.923
194528319,17/05/2026,0.5610541829827821,1.782
194643460,17/05/2026,0.5044217593261697,1.982
194537724,17/05/2026,0.5606984388713017,1.783
193332616,17/05/2026,0.523733767672774,1.909
194764487,17/05/2026,0.5790849338538042,1.727
194707243,17/05/2026,0.5256806543461422,1.902
194707247,17/05/2026,0.6004906154484713,1.665
194697264,17/05/2026,0.5380647936359878,1.859
194641597,17/05/2026,0.5453538426331709,1.834
194371227,17/05/2026,0.48265016956665774,2.072
194763527,17/05/2026,0.5230107797350484,1.912
194701626,17/05/2026,0.5994780696054783,1.668
194591437,17/05/2026,0.5050792542304979,1.98
194698613,17/05/2026,0.4598689821795453,2.175
194646497,17/05/2026,0.5503477720678076,1.817
193719843,17/05/2026,0.49167416642495665,2.034
194538187,17/05/2026,0.5338803990106022,1.873
194707234,17/05/2026,0.6253149778420027,1.599
193710996,17/05/2026,0.5447006038901722,1.836
194645521,17/05/2026,0.5354947336423687,1.867
194645529,17/05/2026,0.4684857466064703,2.135
194641323,17/05/2026,0.5368644657411293,1.863
194785466,17/05/2026,0.5087088350216892,1.966
194646482,17/05/2026,0.40488587217732325,2.47
194537712,17/05/2026,0.5918670190317354,1.69
194537715,17/05/2026,0.5373617701906862,1.861
194537718,17/05/2026,0.5864852458088247,1.705
193711526,17/05/2026,0.4925735221863553,2.03
193710525,17/05/2026,0.4928147462208239,2.029
194527070,17/05/2026,0.5230651457791791,1.912
194822576,17/05/2026,0.5609912693257981,1.783
194640717,17/05/2026,0.5107710139524239,1.958
193336455,17/05/2026,0.5468373657780402,1.829
193715885,17/05/2026,0.5097958984220078,1.962
194532888,17/05/2026,0.6038038529306552,1.656
194532883,17/05/2026,0.6267645505297638,1.595
194545462,17/05/2026,0.5168373600778525,1.935
193710515,17/05/2026,0.4747249558646756,2.106
193710447,17/05/2026,0.5014700892604158,1.994
194697232,17/05/2026,0.4864818033845754,2.056
194698600,17/05/2026,0.4972147583352869,2.011
194578762,17/05/2026,0.49535887273016227,2.019
194748704,17/05/2026,0.49842836778306976,2.006
194748721,17/05/2026,0.51604910722313,1.938
194637825,17/05/2026,0.5107789752518649,1.958
194640859,17/05/2026,0.4734673196434687,2.112
194748716,17/05/2026,0.5289295379238463,1.891
194637823,17/05/2026,0.45750897277825714,2.186
194545472,17/05/2026,0.4927098582264782,2.03
194698602,17/05/2026,0.4370586588802372,2.288
194697239,17/05/2026,0.5503709620442061,1.817
194697246,17/05/2026,0.5434110445861229,1.84
194621487,17/05/2026,0.5234884856358797,1.91
194787143,17/05/2026,0.6064323113932195,1.649
194532729,17/05/2026,0.5454741974516898,1.833
194652181,17/05/2026,0.5162064128875617,1.937
194538987,17/05/2026,0.4811279763664405,2.078
194091125,17/05/2026,0.5470577291902389,1.828
194640278,17/05/2026,0.5153094660344305,1.941
194577020,17/05/2026,0.5633355415601947,1.775
194748330,17/05/2026,0.4791963752169776,2.087
193710506,17/05/2026,0.5276994738154551,1.895
194699300,17/05/2026,0.5624731661536124,1.778
194537705,17/05/2026,0.5600445830950289,1.786
194640130,17/05/2026,0.5611586451079457,1.782
194650439,17/05/2026,0.5718922108661796,1.749
194697252,17/05/2026,0.49556253061935346,2.018
194640392,17/05/2026,0.5021585133168849,1.991
194057600,17/05/2026,0.49625590403951647,2.015
194639785,17/05/2026,0.567150897249444,1.763
194639816,17/05/2026,0.5140034405222345,1.946
194639861,17/05/2026,0.47906369716893743,2.087
194637819,17/05/2026,0.5195093561568161,1.925
193714559,17/05/2026,0.5305792109284012,1.885
194697234,17/05/2026,0.5146001196687959,1.943
193714578,17/05/2026,0.5104322001874437,1.959
194640995,17/05/2026,0.4851971622896788,2.061
194640864,17/05/2026,0.46036837338683334,2.172
194639863,17/05/2026,0.533606318459447,1.874
193710989,17/05/2026,0.534155836378781,1.872
194650451,17/05/2026,0.560328255550095,1.785
194637834,17/05/2026,0.49693057271263624,2.012
194640997,17/05/2026,0.4954516260061887,2.018
193710987,17/05/2026,0.4894761021442676,2.043
194640654,17/05/2026,0.5683040393762268,1.76
193711515,17/05/2026,0.499388634039981,2.002
193710528,17/05/2026,0.490765560981221,2.038
194639834,17/05/2026,0.545442759169693,1.833
194639820,17/05/2026,0.4903184772925779,2.039
194637828,17/05/2026,0.4804631303321902,2.081
194641601,17/05/2026,0.5297676960162331,1.888
193003652,17/05/2026,0.4839386806659916,2.066
194640488,17/05/2026,0.6059247770201759,1.65
193332405,17/05/2026,0.4939491984183889,2.024
194760056,17/05/2026,0.49444074133374594,2.022
194371369,17/05/2026,0.5131062551814747,1.949
194748573,17/05/2026,0.5261007801115906,1.901
194087457,17/05/2026,0.4568375750105255,2.189
194087461,17/05/2026,0.5358259172658661,1.866
193714583,17/05/2026,0.509671605434278,1.962
194760054,17/05/2026,0.5665798379050944,1.765
193710460,17/05/2026,0.4766319930095834,2.098
194087469,17/05/2026,0.5302985902918365,1.886
194760052,17/05/2026,0.5179952653378734,1.931
194697221,17/05/2026,0.4041053764501399,2.475
194087471,17/05/2026,0.4563033442993568,2.192
194087454,17/05/2026,0.52004152354651,1.923
193193649,17/05/2026,0.5535933160045272,1.806
194706272,17/05/2026,0.5493821515797811,1.82
194706278,17/05/2026,0.5121382333716225,1.953
194087473,17/05/2026,0.5475121068859209,1.826
194087465,17/05/2026,0.5654568633480922,1.768
194537707,17/05/2026,0.5610448970462174,1.782
194371164,17/05/2026,0.535510561826491,1.867
194371160,17/05/2026,0.5044933251960966,1.982
194087459,17/05/2026,0.5276153716253162,1.895
194087476,17/05/2026,0.5793648506002088,1.726
194641582,17/05/2026,0.5315015052735114,1.881
194785454,17/05/2026,0.5934502734702685,1.685
193713813,17/05/2026,0.4941658371357331,2.024
194647283,17/05/2026,0.5672731892213926,1.763
193332614,17/05/2026,0.5105982834054975,1.958
194539031,17/05/2026,0.5193296715556078,1.926
194659401,17/05/2026,0.5681948905098944,1.76
194539025,17/05/2026,0.5584981529274535,1.791
194659406,17/05/2026,0.5521415157969385,1.811
194660166,17/05/2026,0.5106140244604064,1.958
193714563,17/05/2026,0.416310250321619,2.402
193714553,17/05/2026,0.5029130185951529,1.988
194644373,17/05/2026,0.5089634670151247,1.965
194658438,17/05/2026,0.5398846291624361,1.852
194652185,17/05/2026,0.5447136973471828,1.836
194658430,17/05/2026,0.5505812945148715,1.816
194658423,17/05/2026,0.5824787040128249,1.717
194652220,17/05/2026,0.5603999443893,1.784
194652212,17/05/2026,0.5143971165402258,1.944
194652194,17/05/2026,0.5248966680855349,1.905
194639509,17/05/2026,0.562341071710727,1.778
194652192,17/05/2026,0.4990364881534047,2.004
194652190,17/05/2026,0.4838681093642871,2.067
194659410,17/05/2026,0.5638910865922439,1.773
194658421,17/05/2026,0.5513475710254062,1.814
194658416,17/05/2026,0.5483817766720428,1.824
194477081,17/05/2026,0.5363396634054602,1.864
194539023,17/05/2026,0.5385535154014144,1.857
194539027,17/05/2026,0.546676708298843,1.829
194641568,17/05/2026,0.5374466533733896,1.861
194642929,17/05/2026,0.5331042356820672,1.876
194645907,17/05/2026,0.5287103097968406,1.891
194660095,17/05/2026,0.4893447797586426,2.044
194652202,17/05/2026,0.5076706897798645,1.97
193381881,17/05/2026,0.5000362640634545,2.0
193714565,17/05/2026,0.4913559734683811,2.035
193714573,17/05/2026,0.4757990799364663,2.102
193714575,17/05/2026,0.45678728109672584,2.189
193717028,17/05/2026,0.49388375372165416,2.025
193717036,17/05/2026,0.4936963281421562,2.026
194621299,17/05/2026,0.5143608145973171,1.944
194539049,17/05/2026,0.5937020302288626,1.684
194652204,17/05/2026,0.5339940568602197,1.873
194539047,17/05/2026,0.5122030134713618,1.952
194539039,17/05/2026,0.5598691047350178,1.786
194527064,17/05/2026,0.5086835764651623,1.966
194645273,17/05/2026,0.4752224274170577,2.104
194645918,17/05/2026,0.5382270968186984,1.858
194534177,17/05/2026,0.5613381970588295,1.781
194537201,17/05/2026,0.5431022840666356,1.841
194621302,17/05/2026,0.5192312669130607,1.926
194639345,17/05/2026,0.4313456775478736,2.318
194536433,17/05/2026,0.5526742376262835,1.809
194647249,17/05/2026,0.5593778562719351,1.788
194639000,17/05/2026,0.5402837083572294,1.851
194621666,17/05/2026,0.5039418320654646,1.984
194621663,17/05/2026,0.5611359362471816,1.782
194530170,17/05/2026,0.5431058008466417,1.841
194539055,17/05/2026,0.51599422950617,1.938
194646589,17/05/2026,0.535994358471599,1.866
194526046,17/05/2026,0.5462019840067549,1.831
194592495,17/05/2026,0.5635173361013736,1.775
193331780,17/05/2026,0.577743902979052,1.731
194532477,17/05/2026,0.5105447518832946,1.959
194535905,17/05/2026,0.5931535495778661,1.686
194641307,17/05/2026,0.5310482814693288,1.883
194641311,17/05/2026,0.5154266811962919,1.94
193331424,17/05/2026,0.5690751773330491,1.757
193320764,17/05/2026,0.5323107938930534,1.879
194645838,17/05/2026,0.5860729954845344,1.706
194646343,17/05/2026,0.5765202719874704,1.735
194646720,17/05/2026,0.4926307409177486,2.03
194640366,17/05/2026,0.624631893354382,1.601
194640239,17/05/2026,0.6047636069467794,1.654
193267659,17/05/2026,0.540095342248268,1.852
193286263,17/05/2026,0.5597925819150941,1.786
194644894,17/05/2026,0.5300980924113077,1.886
194652236,17/05/2026,0.5214795455558647,1.918
194660168,17/05/2026,0.5207802850797731,1.92
194660175,17/05/2026,0.5506218365476966,1.816
194652198,17/05/2026,0.5655401737632324,1.768
194639885,17/05/2026,0.5508854625043195,1.815
194653360,17/05/2026,0.5791189933582631,1.727
194658462,17/05/2026,0.5975781998682018,1.673
194640116,17/05/2026,0.5441445621303779,1.838
194658418,17/05/2026,0.6049610606698278,1.653
194659415,17/05/2026,0.4999377125640345,2.0
194621365,17/05/2026,0.49212214743139465,2.032
194621306,17/05/2026,0.5117720035882751,1.954
194639512,17/05/2026,0.3653195021001525,2.737
194539053,17/05/2026,0.5315042792135454,1.881
194644293,17/05/2026,0.5042937897258912,1.983
194712336,17/05/2026,0.5897894727935759,1.696
194658447,17/05/2026,0.5304100822765655,1.885
194637064,17/05/2026,0.4883987372439771,2.048
194092244,17/05/2026,0.4801396134322368,2.083
194589702,17/05/2026,0.542395095999543,1.844
194618077,17/05/2026,0.5517600695239467,1.812
193381869,17/05/2026,0.515512851831863,1.94
194640774,17/05/2026,0.510164951296564,1.96
194589714,17/05/2026,0.45171088027210077,2.214
193381872,17/05/2026,0.5110811757617398,1.957
194092270,17/05/2026,0.4868503186520418,2.054
194092263,17/05/2026,0.5195731421671902,1.925
194591969,17/05/2026,0.2888667624805844,3.462
194709727,17/05/2026,0.5774040653811022,1.732
194092272,17/05/2026,0.4910367205170238,2.037
194588597,17/05/2026,0.48412737601672323,2.066
194092280,17/05/2026,0.5472026616553949,1.827
194092274,17/05/2026,0.5422167349983806,1.844
194588560,17/05/2026,0.5522221593861244,1.811
194092248,17/05/2026,0.47180588828703546,2.12
194092246,17/05/2026,0.532208754020604,1.879
194092253,17/05/2026,0.5407113761993086,1.849
194564862,17/05/2026,0.5403452461096624,1.851
194587992,17/05/2026,0.5256727467710953,1.902
194587990,17/05/2026,0.4757777596955903,2.102
194640881,17/05/2026,0.5379763552828076,1.859
194752524,17/05/2026,0.5684275028846912,1.759
194651889,17/05/2026,0.5671232941804069,1.763
194651885,17/05/2026,0.5836287606699848,1.713
194507595,17/05/2026,0.5834118271687505,1.714
194651893,17/05/2026,0.5743623159574012,1.741
194638911,17/05/2026,0.5177140238038683,1.932
194596842,17/05/2026,0.5405310924281278,1.85
194596827,17/05/2026,0.5046303432027993,1.982
193381857,17/05/2026,0.5170181397862383,1.934
194596835,17/05/2026,0.5419789141804596,1.845
194596816,17/05/2026,0.5326364893948431,1.877
194640772,17/05/2026,0.32600576925292485,3.067
194596812,17/05/2026,0.5612032474614257,1.782
194596838,17/05/2026,0.538503002523436,1.857
194640770,17/05/2026,0.5146399297131656,1.943
194591094,17/05/2026,0.21783557104441265,4.591
194588587,17/05/2026,0.5480093741314117,1.825
194588070,17/05/2026,0.6098582718709888,1.64
194507597,17/05/2026,0.575528646219005,1.738
194591016,17/05/2026,0.5524548919313782,1.81
194092242,17/05/2026,0.5158630548481683,1.938
194590687,17/05/2026,0.533608265793479,1.874
193203821,17/05/2026,0.4839271425811644,2.066
193717009,17/05/2026,0.5109209701051985,1.957
194618075,17/05/2026,0.5757355862396336,1.737
193203810,17/05/2026,0.5414656132688574,1.847
193717012,17/05/2026,0.5109208935743517,1.957
194621574,17/05/2026,0.5809476713112115,1.721
194530168,17/05/2026,0.5386776156811366,1.856
194641313,17/05/2026,0.4986267541972416,2.006
194642927,17/05/2026,0.4870177811642211,2.053
194530166,17/05/2026,0.5378087360541243,1.859
194640099,17/05/2026,0.5953535359042822,1.68
194530164,17/05/2026,0.4899556083831747,2.041
194641385,17/05/2026,0.5214824521284596,1.918
194640892,17/05/2026,0.5116391174280731,1.955
194697227,17/05/2026,0.49453819401059756,2.022
194697229,17/05/2026,0.5050963932405852,1.98
194645439,17/05/2026,0.5745435204774977,1.741
194092285,17/05/2026,0.5106216800838657,1.958
194539021,17/05/2026,0.553101071032923,1.808
194763539,17/05/2026,0.5368676922378409,1.863
192998816,17/05/2026,0.5082656605888165,1.967
194642840,17/05/2026,0.45932280157460204,2.177
194565023,17/05/2026,0.5526529460366736,1.809
194776903,17/05/2026,0.5737160313300917,1.743
194589719,17/05/2026,0.5529920679948328,1.808
193381874,17/05/2026,0.5215594333877527,1.917
193381877,17/05/2026,0.5268951700345414,1.898
194565464,17/05/2026,0.5763512940456423,1.735
194092282,17/05/2026,0.5145557209193606,1.943
194655329,17/05/2026,0.6359365185971183,1.572
194588591,17/05/2026,0.4671425254263889,2.141
194592131,17/05/2026,0.60938342100799,1.641
194592232,17/05/2026,0.301034528980578,3.322
194565473,17/05/2026,0.5583826711967083,1.791
194588034,17/05/2026,0.5820341411918919,1.718
194588595,17/05/2026,0.5914266245367519,1.691
194588706,17/05/2026,0.6037296405147947,1.656
194590682,17/05/2026,0.5536612646785222,1.806
194588704,17/05/2026,0.4745160377063872,2.107
194594801,17/05/2026,0.46595119907949895,2.146
194594804,17/05/2026,0.45149449856792684,2.215
194588599,17/05/2026,0.5425943599811144,1.843
193203818,17/05/2026,0.5174426036227573,1.933
194537198,17/05/2026,0.5716856319076101,1.749
194640112,17/05/2026,0.5571931420911117,1.795
194640380,17/05/2026,0.5650379378664881,1.77
193001592,17/05/2026,0.4425891818804854,2.259
193001597,17/05/2026,0.49132072188132014,2.035
193001595,17/05/2026,0.5286049781983779,1.892
194650434,17/05/2026,0.5186647337609599,1.928
194530179,17/05/2026,0.5091398068299676,1.964
194646715,17/05/2026,0.5022242777092945,1.991
193718105,17/05/2026,0.514457796920236,1.944
194653053,17/05/2026,0.5385223644307237,1.857
193001590,17/05/2026,0.5658979725081213,1.767
193719933,17/05/2026,0.5318115211297397,1.88
194701578,17/05/2026,0.3744667816896446,2.67
194658454,17/05/2026,0.48886973283840063,2.046
194645292,17/05/2026,0.5942382242784015,1.683
192998811,17/05/2026,0.4988980455550274,2.004
193754245,17/05/2026,0.5298488529155528,1.887
194490403,17/05/2026,0.5958916335072578,1.678
192998813,17/05/2026,0.5318711809577034,1.88
192998829,17/05/2026,0.5267446558196989,1.898
193754242,17/05/2026,0.4974743523780002,2.01
193001600,17/05/2026,0.5490120604326578,1.821
193001585,17/05/2026,0.5133343014414353,1.948
193001639,17/05/2026,0.5369542973619045,1.862
194658433,17/05/2026,0.5560949495460722,1.798
194536437,17/05/2026,0.5357975351392,1.866
194536440,17/05/2026,0.5114509415070403,1.955
194653516,17/05/2026,0.48853968662341285,2.047
194589287,17/05/2026,0.5349923388067469,1.869
194536444,17/05/2026,0.5419520406065306,1.845
194640889,17/05/2026,0.585644370363678,1.708
194658472,17/05/2026,0.4645403504058607,2.153
194538984,17/05/2026,0.5149235886583652,1.942
193714568,17/05/2026,0.4627030883511798,2.161
194640629,17/05/2026,0.5158302379024744,1.939
194646724,17/05/2026,0.5127858395101792,1.95
194646691,17/05/2026,0.5268742156850845,1.898
194646688,17/05/2026,0.49862794478271627,2.006
194697218,17/05/2026,0.5550440157992227,1.802
194650426,17/05/2026,0.5129918912174812,1.949
194640262,17/05/2026,0.5555655304470754,1.8
193001634,17/05/2026,0.5035195758112979,1.986
194646422,17/05/2026,0.5430662354913623,1.841
194764496,17/05/2026,0.5344088332478184,1.871
194647377,17/05/2026,0.6035619265900088,1.657
194659404,17/05/2026,0.5516183148319832,1.813
192998805,17/05/2026,0.49487162942707363,2.021
193331800,17/05/2026,0.5319876497533832,1.88
194653196,17/05/2026,0.5395015404130188,1.854
194699308,17/05/2026,0.49761556960619985,2.01
194707686,17/05/2026,0.5217337600822339,1.917
194641560,17/05/2026,0.5327948932700591,1.877
194640125,17/05/2026,0.4873730746685697,2.052
194534264,17/05/2026,0.5626062840523348,1.777
194622603,17/05/2026,0.5175880477658691,1.932
194622609,17/05/2026,0.5430134566230047,1.842
194640371,17/05/2026,0.5735513401425962,1.744
194622607,17/05/2026,0.4951350406226838,2.02
194532480,17/05/2026,0.5320846776980586,1.879
194640364,17/05/2026,0.5257632963872757,1.902
194622605,17/05/2026,0.5543445974050968,1.804
194640369,17/05/2026,0.5321047826733046,1.879
194785425,17/05/2026,0.563788888269546,1.774
194702786,17/05/2026,0.535941158360945,1.866
194702776,17/05/2026,0.5268251609973956,1.898
194702766,17/05/2026,0.5360289042270888,1.866
194539299,17/05/2026,0.48845498653522496,2.047
193332190,17/05/2026,0.5571136062486552,1.795
193710984,17/05/2026,0.46355897622789455,2.157
194646699,17/05/2026,0.5289844684873023,1.89
194646614,17/05/2026,0.6203476842934231,1.612
194707716,17/05/2026,0.5300253561077326,1.887
194091117,17/05/2026,0.5216056077751142,1.917
194639888,17/05/2026,0.5567390429922314,1.796
194639883,17/05/2026,0.5409034298836557,1.849
194652785,17/05/2026,0.5674189870218422,1.762
194639650,17/05/2026,0.5108342314910662,1.958
194639480,17/05/2026,0.5911005526816504,1.692
194639475,17/05/2026,0.5905880167012105,1.693
194639441,17/05/2026,0.5466189692182587,1.829
194639027,17/05/2026,0.48149766883926676,2.077
194522921,17/05/2026,0.5485261998943287,1.823
194639655,17/05/2026,0.57007996721846,1.754
194639658,17/05/2026,0.5363067457193381,1.865
194640122,17/05/2026,0.5418534851382917,1.846
194640523,17/05/2026,0.550841093495452,1.815
194645489,17/05/2026,0.5080775133898099,1.968
194645493,17/05/2026,0.5222190752659177,1.915
194646694,17/05/2026,0.500089661668623,2.0
194646708,17/05/2026,0.4707429028397273,2.124
193332195,17/05/2026,0.5768121006244461,1.734
193001613,17/05/2026,0.5145397492589303,1.943
194707269,17/05/2026,0.4614792729954386,2.167
194530851,17/05/2026,0.5436471012208104,1.839
194747469,17/05/2026,0.5197320488663052,1.924
194645443,17/05/2026,0.5102084194870719,1.96
194640373,17/05/2026,0.5195805245872074,1.925
194641544,17/05/2026,0.4818680479008123,2.075
194763532,17/05/2026,0.5134705011231411,1.948
193003629,17/05/2026,0.5125207511645541,1.951
194641565,17/05/2026,0.5179546796743013,1.931
194530861,17/05/2026,0.5048350054630049,1.981
194641553,17/05/2026,0.49914785261297107,2.003
194640255,17/05/2026,0.5619118438152758,1.78
194640054,17/05/2026,0.4967424064858244,2.013
194621308,17/05/2026,0.4433092376790092,2.256
194650899,17/05/2026,0.49879988812736037,2.005
193336447,17/05/2026,0.5317195373351288,1.881
194650889,17/05/2026,0.4972857249268861,2.011
194650883,17/05/2026,0.5244589604996983,1.907
193714549,17/05/2026,0.5289052377371583,1.891
194763559,17/05/2026,0.540504229292982,1.85
194530865,17/05/2026,0.41049781108868133,2.436
194530867,17/05/2026,0.5356103217572816,1.867
194645445,17/05/2026,0.5363423181826561,1.864
193320654,17/05/2026,0.5102911938623922,1.96
193320650,17/05/2026,0.5647944865177552,1.771
194640260,17/05/2026,0.45989917878234937,2.174
194542236,17/05/2026,0.5541034824572791,1.805
193331478,17/05/2026,0.5441756695489768,1.838
193331482,17/05/2026,0.5215077887837257,1.918
193331487,17/05/2026,0.5206170536580593,1.921
194646578,17/05/2026,0.6088545277555155,1.642
194640120,17/05/2026,0.6107953608536394,1.637
194652783,17/05/2026,0.6129447330634462,1.631
194638988,17/05/2026,0.5881838913437483,1.7
194640894,17/05/2026,0.3796096341840463,2.634
194653049,17/05/2026,0.5666344843553216,1.765
194530843,17/05/2026,0.48335987954711895,2.069
193332202,17/05/2026,0.5547285767533856,1.803
194647563,17/05/2026,0.5235223904501665,1.91
194647266,17/05/2026,0.49470071797871656,2.021
193754240,17/05/2026,0.49430877229225745,2.023
194646722,17/05/2026,0.5126678817392942,1.951
193714530,17/05/2026,0.49549497503089635,2.018
194537205,17/05/2026,0.4893813920581361,2.043
194530870,17/05/2026,0.4118071574726969,2.428
193714534,17/05/2026,0.5651535564121661,1.769
194645449,17/05/2026,0.5176051064570634,1.932
194542251,17/05/2026,0.5345427524112163,1.871
194532855,17/05/2026,0.5445413202252597,1.836
194542263,17/05/2026,0.5544794515719502,1.803
194641572,17/05/2026,0.5148281864244698,1.942
194643697,17/05/2026,0.524109108660982,1.908
194542266,17/05/2026,0.5370353193980487,1.862
193716911,17/05/2026,0.5285891460850418,1.892
194545257,17/05/2026,0.5821278245355669,1.718
194640461,17/05/2026,0.45937743325477454,2.177
194640464,17/05/2026,0.5267920623822606,1.898
194707274,17/05/2026,0.4915483109236858,2.034
194753248,17/05/2026,0.5502331762254229,1.817
194545270,17/05/2026,0.5259876774094706,1.901
194646514,17/05/2026,0.5963676682633884,1.677
194640751,17/05/2026,0.4952788812507312,2.019
194701583,17/05/2026,0.5493329598646939,1.82
194647430,17/05/2026,0.5423960494007414,1.844
193714502,17/05/2026,0.5502444340146035,1.817
194645460,17/05/2026,0.5137695912082688,1.946
194639515,17/05/2026,0.5584388716497503,1.791
194545259,17/05/2026,0.4827733612490157,2.071
194545263,17/05/2026,0.4871027931446761,2.053
193714495,17/05/2026,0.4669142105022345,2.142
194639803,17/05/2026,0.45027084794441696,2.221
193714498,17/05/2026,0.5489132360626886,1.822
193714540,17/05/2026,0.5285781157171181,1.892
193714518,17/05/2026,0.5242245856442135,1.908
193323569,17/05/2026,0.51205466657094,1.953
193323562,17/05/2026,0.42747883488916155,2.339
193323556,17/05/2026,0.5786613218596426,1.728
194785421,17/05/2026,0.5335050222003582,1.874
193714546,17/05/2026,0.5081129134578017,1.968
484342,17/05/2026,0.5598540488204178,1.786
194545261,17/05/2026,0.45624081383785514,2.192
194645480,17/05/2026,0.48657248807264325,2.055
194645484,17/05/2026,0.4525008675425854,2.21
194645487,17/05/2026,0.5363430589662388,1.864
193320777,17/05/2026,0.5807625519459153,1.722
194639279,17/05/2026,0.5560574476504682,1.798
193267669,17/05/2026,0.5500353259405828,1.818
193320770,17/05/2026,0.5582885567340715,1.791
194816506,18/05/2026,0.5636995337548915,1.774
194767963,18/05/2026,0.51618905300961,1.937
194801164,18/05/2026,0.4792146065356456,2.087
194817977,18/05/2026,0.5823381464712206,1.717
194834740,18/05/2026,0.557419703471335,1.794
194652330,18/05/2026,0.46903846794111936,2.132
194652327,18/05/2026,0.5016783757746628,1.993
194543442,18/05/2026,0.49614389571525985,2.016
193003640,18/05/2026,0.5174462241913561,1.933
194818415,18/05/2026,0.5140125395534378,1.945
193754360,18/05/2026,0.54917871324081,1.821
193710500,18/05/2026,0.4824629992415597,2.073
194767967,18/05/2026,0.5476862258634243,1.826
194649527,18/05/2026,0.47735895708447185,2.095
194767959,18/05/2026,0.53989595788975,1.852
194767951,18/05/2026,0.5339724920262782,1.873
194767932,18/05/2026,0.4893681717089844,2.043
194644639,18/05/2026,0.5591507607423546,1.788
194804174,18/05/2026,0.5866435559987359,1.705
194537727,18/05/2026,0.5522138690068945,1.811
193715927,18/05/2026,0.5532891081908113,1.807
194643201,18/05/2026,0.5881208954482335,1.7
193715919,18/05/2026,0.4645500081727129,2.153
193715921,18/05/2026,0.5648787320598356,1.77
194649531,18/05/2026,0.5470895143067059,1.828
193715924,18/05/2026,0.491023405080567,2.037
194831651,18/05/2026,0.5806424070465517,1.722
194688602,18/05/2026,0.47706810029004204,2.096
194816844,18/05/2026,0.37245161909640534,2.685
194094047,18/05/2026,0.5327340415360853,1.877
194652887,18/05/2026,0.5350331385616993,1.869
193320788,18/05/2026,0.5366770346326177,1.863
194812926,18/05/2026,0.511289062901636,1.956
194803676,18/05/2026,0.5220040935248131,1.916
194803692,18/05/2026,0.3742081372072482,2.672
194803657,18/05/2026,0.3623826115506515,2.76
194803668,18/05/2026,0.4756609513602915,2.102
194809871,18/05/2026,0.5252404735618007,1.904
193711640,18/05/2026,0.5123787572979421,1.952
194768490,18/05/2026,0.4639043394268209,2.156
194812923,18/05/2026,0.47968003556175015,2.085
194094050,18/05/2026,0.3825520133606836,2.614
194094045,18/05/2026,0.33586975030107474,2.977
194529732,18/05/2026,0.5329101686015555,1.876
194643404,18/05/2026,0.5227893214298204,1.913
194643410,18/05/2026,0.4752268246309118,2.104
193710445,18/05/2026,0.4983724810550403,2.007
194529736,18/05/2026,0.5453572424121351,1.834
194805490,18/05/2026,0.4723973939057772,2.117
193711552,18/05/2026,0.48991874848676775,2.041
194094043,18/05/2026,0.25349504051554955,3.945
194539006,18/05/2026,0.5336912998877955,1.874
194801154,18/05/2026,0.5830930587559316,1.715
194768486,18/05/2026,0.4996846110941642,2.001
194812928,18/05/2026,0.6266308486380756,1.596
194652878,18/05/2026,0.5412786010276519,1.847
194652883,18/05/2026,0.582354421068401,1.717
194652880,18/05/2026,0.5646194911575868,1.771
194801152,18/05/2026,0.5538629160575813,1.806
193267673,18/05/2026,0.5191454261893345,1.926
192998796,18/05/2026,0.3212222979169965,3.113
194643254,18/05/2026,0.5435332546851619,1.84
194696876,18/05/2026,0.5000463532932667,2.0
194469907,18/05/2026,0.5049446473324575,1.98
194651020,18/05/2026,0.45631362433130296,2.191
194532483,18/05/2026,0.5236125229853442,1.91
194832139,18/05/2026,0.4944071049523287,2.023
194792727,18/05/2026,0.4787594339490546,2.089
194651017,18/05/2026,0.5048899765610023,1.981
194816383,18/05/2026,0.5559105508736638,1.799
194832146,18/05/2026,0.5533764612190487,1.807
194832732,18/05/2026,0.5521333988073278,1.811
194834341,18/05/2026,0.49127766567332953,2.036
194835351,18/05/2026,0.4970873468466717,2.012
194649493,18/05/2026,0.5162848547494083,1.937
194812941,18/05/2026,0.5749013681197677,1.739
194653354,18/05/2026,0.5782953072408172,1.729
194535907,18/05/2026,0.5200846694352094,1.923
194832851,18/05/2026,0.5399160835361635,1.852
194836181,18/05/2026,0.37111575010178555,2.695
194653313,18/05/2026,0.5228410255828518,1.913
194653308,18/05/2026,0.5008530622526133,1.997
194812934,18/05/2026,0.6168511474326708,1.621
194812930,18/05/2026,0.49215012455033863,2.032
193268718,18/05/2026,0.5585852860676711,1.79
194812959,18/05/2026,0.3188384909437468,3.136
194812936,18/05/2026,0.5516414440684184,1.813
194763569,18/05/2026,0.5193709886674661,1.925
194532628,18/05/2026,0.5241704503069909,1.908
194652543,18/05/2026,0.5310364620774338,1.883
194652549,18/05/2026,0.48499517400498576,2.062
194767938,18/05/2026,0.5327533556273938,1.877
194652517,18/05/2026,0.5171361246762511,1.934
194652531,18/05/2026,0.5462488923516902,1.831
193320786,18/05/2026,0.534007428055341,1.873
193320665,18/05/2026,0.568302501580034,1.76
194650998,18/05/2026,0.5010875634724499,1.996
194651008,18/05/2026,0.504918256342273,1.981
193320663,18/05/2026,0.581023210252261,1.721
194643258,18/05/2026,0.567604286645387,1.762
194532631,18/05/2026,0.5704634883494997,1.753
194532626,18/05/2026,0.5222743840580089,1.915
194532617,18/05/2026,0.48990005727421315,2.041
194834484,18/05/2026,0.4827026331851929,2.072
194804176,18/05/2026,0.4920666168409413,2.032
193710543,18/05/2026,0.4716264053845104,2.12
194643256,18/05/2026,0.5580135423507514,1.792
194589302,18/05/2026,0.49335079415976496,2.027
193710540,18/05/2026,0.5078916927206825,1.969
194651102,18/05/2026,0.3996240718084894,2.502
194817422,18/05/2026,0.5259147527867276,1.901
194818407,18/05/2026,0.5367621987655119,1.863
193336466,18/05/2026,0.5553267981972755,1.801
194651093,18/05/2026,0.5612267673662721,1.782
194639686,18/05/2026,0.23343919707278582,4.284
194688586,18/05/2026,0.4587014642104921,2.18
194651106,18/05/2026,0.6413786950232371,1.559
194652506,18/05/2026,0.48304139002777935,2.07
194652508,18/05/2026,0.49740693545578446,2.01
193710557,18/05/2026,0.506147186912048,1.976
194652510,18/05/2026,0.5379854816982372,1.859
194768562,19/05/2026,0.5370111364605299,1.862
194768546,19/05/2026,0.5157762473966534,1.939
194795945,19/05/2026,0.5617155402584574,1.78
194768542,19/05/2026,0.5572080993824919,1.795
194768550,19/05/2026,0.5121081933097279,1.953
194768548,19/05/2026,0.5263241100017918,1.9
194856602,19/05/2026,0.49964504439307733,2.001
194081397,19/05/2026,0.48785373721737424,2.05
194795937,19/05/2026,0.5082580002016838,1.968
192998802,19/05/2026,0.5487015827731818,1.822
194856608,19/05/2026,0.47956875081232914,2.085
194081395,19/05/2026,0.4885803354945088,2.047
194768554,19/05/2026,0.49570141326698736,2.017
194081402,19/05/2026,0.5158807863711864,1.938
194795943,19/05/2026,0.5686272482177591,1.759
194795930,19/05/2026,0.5268394240133041,1.898
194797927,19/05/2026,0.48679687549015555,2.054
194814203,19/05/2026,0.5910932983271457,1.692
194795928,19/05/2026,0.5522723205119516,1.811
193320791,19/05/2026,0.58720552310329,1.703
194865904,19/05/2026,0.5082283129674805,1.968
194768613,19/05/2026,0.4562584119714804,2.192
194862964,19/05/2026,0.5217026477407707,1.917
194795972,19/05/2026,0.48284774972846817,2.071
194532633,19/05/2026,0.5439952857151772,1.838
194532638,19/05/2026,0.5425157307690536,1.843
194864526,19/05/2026,0.5473381608550346,1.827
194577022,19/05/2026,0.4843159341403996,2.065
194860350,19/05/2026,0.5310032839948944,1.883
194864529,19/05/2026,0.4653239454941241,2.149
194864592,19/05/2026,0.4708591236788954,2.124
194532635,19/05/2026,0.5499459755991664,1.818
194768573,19/05/2026,0.5431508606786414,1.841
194859569,19/05/2026,0.4859761112636523,2.058
192998808,19/05/2026,0.5628506431282319,1.777
194859749,19/05/2026,0.5762905117418602,1.735
194859751,19/05/2026,0.5516131013306224,1.813
194121631,19/05/2026,0.5068468262951722,1.973
194121629,19/05/2026,0.5161682396114804,1.937
194863332,19/05/2026,0.5190579660025757,1.927
194121777,19/05/2026,0.5015732306004288,1.994
194838995,19/05/2026,0.562373119802722,1.778
194121634,19/05/2026,0.4741142428089732,2.109
194839543,19/05/2026,0.6005201654334333,1.665
194768617,19/05/2026,0.5139829000837955,1.946
194838993,19/05/2026,0.5937674648827073,1.684
194121783,19/05/2026,0.47264874740521134,2.116
194121785,19/05/2026,0.46685495430677315,2.142
194121637,19/05/2026,0.46089240895118977,2.17
643554,19/05/2026,0.5598540488204178,1.786
194768537,19/05/2026,0.498632739369902,2.005
194839540,19/05/2026,0.5412407519831167,1.848
194860293,19/05/2026,0.5199213060579226,1.923
194814216,19/05/2026,0.5548271827645259,1.802
194768585,19/05/2026,0.5309227607666788,1.884
194814218,19/05/2026,0.6104088569787404,1.638
194814214,19/05/2026,0.6120503944743456,1.634
194795947,19/05/2026,0.559890061377542,1.786
194865043,19/05/2026,0.5587368133067371,1.79
194860417,19/05/2026,0.48795443467251914,2.049
194121627,19/05/2026,0.3994820289995428,2.503
194121625,19/05/2026,0.3866726766314775,2.586
194121775,19/05/2026,0.4802282472940881,2.082
194121773,19/05/2026,0.5254673221921414,1.903
194121623,19/05/2026,0.541505693613862,1.847
194883418,19/05/2026,0.46867255448945583,2.134
194860287,19/05/2026,0.5214596871814914,1.918
194706275,19/05/2026,0.4546364707828763,2.2
194768605,19/05/2026,0.5546592828516158,1.803
194865039,19/05/2026,0.5401623580616954,1.851
194818274,19/05/2026,0.5406317253852948,1.85
194084868,19/05/2026,0.5476509731193457,1.826
194084859,19/05/2026,0.5672683468238752,1.763
194084881,19/05/2026,0.5383735355628679,1.857
194084877,19/05/2026,0.5111992143267097,1.956
194866072,19/05/2026,0.49793810066267896,2.008
194818312,19/05/2026,0.5394800613182216,1.854
194768621,19/05/2026,0.4592835736430558,2.177
194854027,19/05/2026,0.513392345450694,1.948
194791911,19/05/2026,0.4600131635376821,2.174
194797536,19/05/2026,0.5531965392904664,1.808
194768602,19/05/2026,0.5141410797987768,1.945
194768594,19/05/2026,0.5113930643995575,1.955
194768625,19/05/2026,0.48547868064959526,2.06
194768623,19/05/2026,0.5339221242981967,1.873
194854038,19/05/2026,0.533421852423274,1.875
194854616,19/05/2026,0.5103959465588439,1.959
194795953,19/05/2026,0.5897618772395227,1.696
194810738,19/05/2026,0.4789606131373349,2.088
194813860,19/05/2026,0.304690799272635,3.282
194803736,19/05/2026,0.5832038461029063,1.715
194814201,19/05/2026,0.3750982456484644,2.666
194803678,19/05/2026,0.5960448966207824,1.678
194854029,19/05/2026,0.5598045152542369,1.786
194854031,19/05/2026,0.5810845186633811,1.721
194807306,19/05/2026,0.4849337616513613,2.062
194859582,19/05/2026,0.4776323773266121,2.094
194807304,19/05/2026,0.5774236668381109,1.732
194768640,19/05/2026,0.5148285143705165,1.942
194808174,19/05/2026,0.6204225865084058,1.612
343189,19/05/2026,0.5598540488204178,1.786
194864704,19/05/2026,0.5703531626048614,1.753
194768564,19/05/2026,0.3671142994476118,2.724
194807302,19/05/2026,0.556881938318901,1.796
194768633,19/05/2026,0.5317075946551412,1.881
194803718,19/05/2026,0.4936480700800359,2.026
194797560,19/05/2026,0.5513527901005555,1.814
194845846,19/05/2026,0.5227825935755515,1.913
194813862,19/05/2026,0.5370160412743916,1.862
194814212,19/05/2026,0.5360398214881184,1.866
194814210,19/05/2026,0.36360770757014066,2.75
194859571,19/05/2026,0.5911007774396335,1.692
194810736,19/05/2026,0.5312962916804508,1.882
194814206,19/05/2026,0.5251754237009614,1.904
194795941,19/05/2026,0.43979312055834535,2.274
194818227,19/05/2026,0.5003854275140189,1.998
194856594,19/05/2026,0.4939509385004072,2.024
194813857,19/05/2026,0.510338722483588,1.959
194856598,19/05/2026,0.459574409997412,2.176
123066,19/05/2026,0.5598540488204178,1.786
194768566,19/05/2026,0.5149622023611542,1.942
194768607,19/05/2026,0.5253873450901103,1.903
194845851,19/05/2026,0.5274829068866205,1.896
194845849,19/05/2026,0.5186121886508549,1.928
194797933,19/05/2026,0.526596848012407,1.899
194797554,19/05/2026,0.5211237712213989,1.919
194845854,19/05/2026,0.5182880421253294,1.929
194768619,19/05/2026,0.5255093333988918,1.903
194768533,19/05/2026,0.47957746466221285,2.085
194818276,19/05/2026,0.5212258780491148,1.919
194854034,19/05/2026,0.47732674155163257,2.095
664782,19/05/2026,0.5598540488204178,1.786
194797929,19/05/2026,0.5264550135643126,1.899
194797562,19/05/2026,0.5188758607404813,1.927
194768522,19/05/2026,0.4865234866411497,2.055
194814208,19/05/2026,0.6186218621006337,1.616
194768505,19/05/2026,0.5441797736715068,1.838
194768615,19/05/2026,0.5454231893488519,1.833
194808152,19/05/2026,0.5031401214838724,1.988
194768558,19/05/2026,0.4204448804635271,2.378
194858200,20/05/2026,0.47602792865489973,2.101
194857173,20/05/2026,0.579982385208033,1.724
194854392,20/05/2026,0.5369183881963959,1.862
194854662,20/05/2026,0.5546020176471194,1.803
194856467,20/05/2026,0.5550168858357692,1.802
194847037,20/05/2026,0.5578104666070159,1.793
194909682,20/05/2026,0.5208116109478886,1.92
194848044,20/05/2026,0.5351878051983732,1.869
194852849,20/05/2026,0.5189875913276484,1.927
194852847,20/05/2026,0.4910409737738498,2.036
194251352,20/05/2026,0.5675638336360572,1.762
194858860,20/05/2026,0.3955403508685332,2.528
194938050,20/05/2026,0.4672770173680304,2.14
194858868,20/05/2026,0.3133927282503615,3.191
194910541,20/05/2026,0.2826097744845185,3.538
194858864,20/05/2026,0.5983891151859692,1.671
194859560,20/05/2026,0.5022052280735896,1.991
194858857,20/05/2026,0.5493678685007028,1.82
194854394,20/05/2026,0.4906210955230655,2.038
194847254,20/05/2026,0.5403704197728987,1.851
194847246,20/05/2026,0.5341009385419885,1.872
194847262,20/05/2026,0.5380209039923709,1.859
194857147,20/05/2026,0.6069633916437074,1.648
194857182,20/05/2026,0.5998874817428793,1.667
194857179,20/05/2026,0.6112326659817394,1.636
194857176,20/05/2026,0.5494491385127073,1.82
194857169,20/05/2026,0.609201101954471,1.641
194857158,20/05/2026,0.5430384156659531,1.841
194846821,20/05/2026,0.4668966790405891,2.142
194855215,20/05/2026,0.5626594949410029,1.777
194280226,20/05/2026,0.5591912550555088,1.788
194858195,20/05/2026,0.5274132987458215,1.896
194095920,20/05/2026,0.578700836487396,1.728
194795935,20/05/2026,0.6122614016479564,1.633
194854762,20/05/2026,0.555511243694872,1.8
194909607,20/05/2026,0.40912772162944067,2.444
194861346,20/05/2026,0.4418439296849386,2.263
194857161,20/05/2026,0.5864315120980065,1.705
194938872,20/05/2026,0.4357404311167609,2.295
194865337,20/05/2026,0.5295290317777335,1.888
194749390,20/05/2026,0.5895208076375063,1.696
194856640,20/05/2026,0.5496767512158283,1.819
194094439,20/05/2026,0.593903436449732,1.684
194865785,20/05/2026,0.48022037493030983,2.082
194536451,20/05/2026,0.5403759803749839,1.851
194859986,20/05/2026,0.38945963293982805,2.568
194094431,20/05/2026,0.5374044970445703,1.861
194852825,20/05/2026,0.4832805531924691,2.069
194094433,20/05/2026,0.5806308566810484,1.722
194859967,20/05/2026,0.6115956861482568,1.635
194095910,20/05/2026,0.5464847135457789,1.83
194863181,20/05/2026,0.3376640188761742,2.962
194924625,20/05/2026,0.5023230600708245,1.991
194854765,20/05/2026,0.5358105622231306,1.866
194854767,20/05/2026,0.4853323514569528,2.06
194854770,20/05/2026,0.5834025830961889,1.714
194855211,20/05/2026,0.5466346509271042,1.829
194855213,20/05/2026,0.5416839782270301,1.846
194858198,20/05/2026,0.4983896500202726,2.006
194856554,20/05/2026,0.5881982096295382,1.7
194855319,20/05/2026,0.5131080682921486,1.949
194577024,20/05/2026,0.5389605830709243,1.855
194858193,20/05/2026,0.4975650143700205,2.01
194847044,20/05/2026,0.5074086630344274,1.971
194847042,20/05/2026,0.5203342577186169,1.922
194847040,20/05/2026,0.566623018071152,1.765
194847033,20/05/2026,0.4903517215561326,2.039
194853980,20/05/2026,0.5361943680174672,1.865
194855323,20/05/2026,0.47683205567155135,2.097
194864362,20/05/2026,0.5811876737456363,1.721
194862759,20/05/2026,0.5682105028443416,1.76
194864369,20/05/2026,0.5200460566508047,1.923
194862961,20/05/2026,0.5656468866584395,1.768
194121682,20/05/2026,0.43101495663044564,2.32
194862070,20/05/2026,0.3464263033807404,2.887
194121800,20/05/2026,0.4118357503238196,2.428
194863177,20/05/2026,0.5471629176218528,1.828
194121669,20/05/2026,0.4678418916261984,2.137
194121804,20/05/2026,0.4683104510579176,2.135
194863388,20/05/2026,0.4956953421992352,2.017
194863311,20/05/2026,0.5488806495452432,1.822
194864752,20/05/2026,0.6116946337653786,1.635
194864749,20/05/2026,0.5545556604597431,1.803
194863391,20/05/2026,0.4949469254403886,2.02
194863304,20/05/2026,0.45231096814485156,2.211
194863314,20/05/2026,0.4907549388924856,2.038
194862065,20/05/2026,0.371637987304405,2.691
194121652,20/05/2026,0.44998732445428863,2.222
194868258,20/05/2026,0.5502242030259853,1.817
194094445,20/05/2026,0.5821958804211237,1.718
194865478,20/05/2026,0.5244856767389764,1.907
194865474,20/05/2026,0.4704249691560711,2.126
194865470,20/05/2026,0.5889249821434078,1.698
194865464,20/05/2026,0.5441418033810365,1.838
194865459,20/05/2026,0.5819472510540808,1.718
194862899,20/05/2026,0.6039008660020669,1.656
194121686,20/05/2026,0.5255267676761811,1.903
194863175,20/05/2026,0.5238332109965983,1.909
194863172,20/05/2026,0.5198939117872723,1.923
194099345,20/05/2026,0.5408531499125265,1.849
194863307,20/05/2026,0.4529553324192692,2.208
194121818,20/05/2026,0.5247764985857842,1.906
194868256,20/05/2026,0.6007768294745838,1.665
194121691,20/05/2026,0.49430448716155867,2.023
194865297,20/05/2026,0.4689984675149951,2.132
194859883,20/05/2026,0.5412620250109453,1.848
194866078,20/05/2026,0.5321165538039885,1.879
194855026,20/05/2026,0.5304843033601412,1.885
194121790,20/05/2026,0.5119100498141053,1.953
194121794,20/05/2026,0.4958845796318252,2.017
194121788,20/05/2026,0.513529858324011,1.947
194855325,20/05/2026,0.48599876497645045,2.058
194121641,20/05/2026,0.5365520353176777,1.864
194855024,20/05/2026,0.5100542351716215,1.961
194854127,20/05/2026,0.5072417185618152,1.971
194847264,20/05/2026,0.44081008747011563,2.269
194862773,20/05/2026,0.3770881358433979,2.652
194854665,20/05/2026,0.5435748793079009,1.84
194862750,20/05/2026,0.5690557290331398,1.757
194909566,20/05/2026,0.4354278589703559,2.297
194862767,20/05/2026,0.5304547418566066,1.885
194847047,20/05/2026,0.5005716592497205,1.998
194864747,20/05/2026,0.5705672117505457,1.753
194924628,20/05/2026,0.5579595339146,1.792
194855644,20/05/2026,0.5162221913696652,1.937
194862061,20/05/2026,0.37468605302510766,2.669
194866007,20/05/2026,0.6404001401769677,1.562
194099329,20/05/2026,0.48318070626944865,2.07
194910717,20/05/2026,0.5857530410322184,1.707
194860201,20/05/2026,0.5480166874425605,1.825
194860205,20/05/2026,0.5912649664369386,1.691
194863256,20/05/2026,0.5179937145605327,1.931
194865781,20/05/2026,0.5240668117511594,1.908
194864358,20/05/2026,0.4269737843626269,2.342
194864352,20/05/2026,0.5378668841505628,1.859
194863529,20/05/2026,0.5366402260520259,1.863
194864347,20/05/2026,0.4833122630416532,2.069
194865673,20/05/2026,0.3161327084975736,3.163
194868260,20/05/2026,0.564801629841664,1.771
194864733,20/05/2026,0.583574225574666,1.714
193320668,20/05/2026,0.5895253322167765,1.696
194857189,20/05/2026,0.6262548869666789,1.597
194094426,20/05/2026,0.5400553455000542,1.852
194856600,20/05/2026,0.5529366025296594,1.809
194955105,20/05/2026,0.5788731310688106,1.727
194891885,20/05/2026,0.5581674907923808,1.792
194869144,20/05/2026,0.5866043307543879,1.705
194851568,20/05/2026,0.5017174077853805,1.993
194859549,20/05/2026,0.48617400209413014,2.057
194859542,20/05/2026,0.5203246250530015,1.922
194906555,20/05/2026,0.558348881882362,1.791
194906561,20/05/2026,0.5575561631569376,1.794
194906564,20/05/2026,0.5743714320202425,1.741
194924633,20/05/2026,0.5377284189996662,1.86
194924640,20/05/2026,0.4412903942899361,2.266
194534878,20/05/2026,0.5300197798988316,1.887
194852842,20/05/2026,0.5332318662355834,1.875
194861202,20/05/2026,0.5579966532828732,1.792
194861348,20/05/2026,0.5262068011354708,1.9
194953811,20/05/2026,0.500354315753282,1.999
194858397,20/05/2026,0.4570488539385119,2.188
194858413,20/05/2026,0.44323703893804656,2.256
194860062,20/05/2026,0.5277227875428837,1.895
194860058,20/05/2026,0.4982734218432841,2.007
194851809,20/05/2026,0.5501464276266491,1.818
194892991,20/05/2026,0.5061215632378003,1.976
194084893,20/05/2026,0.5341661683291228,1.872
194852832,20/05/2026,0.523203852292392,1.911
194911608,20/05/2026,0.5241287665495106,1.908
194852835,20/05/2026,0.5324197225752522,1.878
194892998,20/05/2026,0.535303361882789,1.868
194852830,20/05/2026,0.5402994082590208,1.851
194906549,20/05/2026,0.5589488662122765,1.789
194852827,20/05/2026,0.5384637471015066,1.857
194797545,20/05/2026,0.5325508846334185,1.878
194853715,20/05/2026,0.608960727696744,1.642
194851566,20/05/2026,0.47773938854995734,2.093
194938442,20/05/2026,0.5529404728258044,1.809
194859928,20/05/2026,0.5709324076435356,1.752
194859930,20/05/2026,0.5199277199741416,1.923
194857187,20/05/2026,0.561670591214212,1.78
194859921,20/05/2026,0.5794205582223391,1.726
194859926,20/05/2026,0.601395125941138,1.663
194906676,20/05/2026,0.6123151128609511,1.633
194940269,20/05/2026,0.28321996908684666,3.531
194859916,20/05/2026,0.5992717281029744,1.669
194858217,20/05/2026,0.5686924815282799,1.758
194947780,20/05/2026,0.37421519821911675,2.672
194859567,20/05/2026,0.5409346683303744,1.849
194797532,20/05/2026,0.5010362493542054,1.996
194857479,20/05/2026,0.5316549452799318,1.881
194859891,20/05/2026,0.5786685702657485,1.728
194856596,20/05/2026,0.5392527880192918,1.854
194857143,20/05/2026,0.5492371671208195,1.821
194859919,20/05/2026,0.3084605819464753,3.242
194859932,20/05/2026,0.4139805648732891,2.416
194865309,20/05/2026,0.5345330909188811,1.871
194084895,20/05/2026,0.5624115593954085,1.778
194865325,20/05/2026,0.5417756250338829,1.846
194857140,20/05/2026,0.3186280879246337,3.138
194084888,20/05/2026,0.5215522881327959,1.917
194808165,20/05/2026,0.5027719161741169,1.989
194859923,20/05/2026,0.32938185828590644,3.036
194909397,20/05/2026,0.5608689514512974,1.783
194084885,20/05/2026,0.5410378770176506,1.848
194857184,20/05/2026,0.5925049068832015,1.688
194856635,20/05/2026,0.5292362226503877,1.89
194857203,20/05/2026,0.5323123461091958,1.879
194851564,20/05/2026,0.49684209183672207,2.013
194860172,20/05/2026,0.4748331459704573,2.106
194855317,20/05/2026,0.5158610950151273,1.939
194859535,20/05/2026,0.48171459875314787,2.076
194854396,20/05/2026,0.5381020008330983,1.858
194858443,20/05/2026,0.5522263935188038,1.811
194856404,20/05/2026,0.47011750069492947,2.127
194856401,20/05/2026,0.477382226434707,2.095
194909570,20/05/2026,0.390443567848193,2.561
194536448,20/05/2026,0.3838370368726163,2.605
194854398,20/05/2026,0.4755000196422716,2.103
194856213,20/05/2026,0.5181718678236001,1.93
194856406,20/05/2026,0.5066987501164968,1.974
193331844,20/05/2026,0.5512942644797572,1.814
194855329,20/05/2026,0.5484722723230733,1.823
194805513,20/05/2026,0.4865622988578594,2.055
194251345,20/05/2026,0.5208584629706426,1.92
194858340,20/05/2026,0.5731702283555465,1.745
193331817,20/05/2026,0.46113557911992725,2.169
194864302,20/05/2026,0.4985407189578018,2.006
194852845,20/05/2026,0.5417256678121395,1.846
194859956,20/05/2026,0.5585815730280458,1.79
194846797,20/05/2026,0.5328535939369818,1.877
194846802,20/05/2026,0.5179177848115456,1.931
193331967,20/05/2026,0.47842238902897916,2.09
194850990,20/05/2026,0.5313523754701382,1.882
194094436,20/05/2026,0.4935921753586204,2.026
194858338,20/05/2026,0.5302562266318085,1.886
194851814,20/05/2026,0.5333779121351256,1.875
194858877,20/05/2026,0.5933600502528751,1.685
194849009,20/05/2026,0.5281532561722638,1.893
194865810,20/05/2026,0.5334566107876708,1.875
194817814,20/05/2026,0.49581875778749057,2.017
194850997,20/05/2026,0.43463082879530923,2.301
194094467,20/05/2026,0.5879180319053325,1.701
194851002,20/05/2026,0.4966611389406446,2.013
194851812,20/05/2026,0.5558357432197851,1.799
194858609,20/05/2026,0.47147280970787386,2.121
194865319,20/05/2026,0.49691701216730155,2.012
194094429,20/05/2026,0.5174390134255274,1.933
194858870,20/05/2026,0.5400263605488965,1.852
194859983,20/05/2026,0.5396353463214101,1.853
194909575,20/05/2026,0.5945322455525197,1.682
194858311,20/05/2026,0.5980916531850166,1.672
194852840,20/05/2026,0.5724802989719873,1.747
194859980,20/05/2026,0.5300161781756288,1.887
194848842,20/05/2026,0.5442822304458674,1.837
194865329,20/05/2026,0.5328520987896463,1.877
194848237,20/05/2026,0.5399776897276005,1.852
194851570,20/05/2026,0.4968541087060938,2.013
194862730,20/05/2026,0.35117762937203534,2.848
194862740,20/05/2026,0.4661760388090077,2.145
194848577,20/05/2026,0.5381237938949753,1.858
194858313,20/05/2026,0.5159604147473648,1.938
194858315,20/05/2026,0.5292271231494949,1.89
194852837,20/05/2026,0.5193435572811471,1.926
194862955,20/05/2026,0.5002420991631107,1.999
194858446,20/05/2026,0.5252582891809453,1.904
194849073,20/05/2026,0.47383082661695325,2.11
194851970,20/05/2026,0.511913506828054,1.953
194858345,20/05/2026,0.5389318930425238,1.856
193331811,20/05/2026,0.6044732955756088,1.654
194864177,20/05/2026,0.4682581352481836,2.136
194858309,20/05/2026,0.5810047584492558,1.721
194858343,20/05/2026,0.5281111162717087,1.894
194865290,20/05/2026,0.5332266355105688,1.875
194851968,20/05/2026,0.5052530002943291,1.979
194865783,20/05/2026,0.5262345957625313,1.9
194865303,20/05/2026,0.5851912266761173,1.709
194865863,20/05/2026,0.5899415405631384,1.695
194868252,20/05/2026,0.4727018539932443,2.115
194865333,20/05/2026,0.46906446690636805,2.132
194851974,20/05/2026,0.5721454209452427,1.748
194851972,20/05/2026,0.5296142428653119,1.888
194892237,20/05/2026,0.5196387700148241,1.924
194910713,20/05/2026,0.5287000668989742,1.891
