League;country;qtd_jogos;qtd_stats_true;media_goals_total_ft;cv_goals_total;goal_asymmetry;open_game_index;media_goals_home_ft;media_goals_away_ft;home_bias;freq_btts;freq_no_goal;qtd_zebra_away;freq_zebra_away_score;qtd_zebra_home;freq_zebra_home_score;zebra_index
Italy Serie D;Italy;975,0;972,0;2,39;0,64;0,28;0,85;1,33;1,05;0,56;0,48;0,52;138,0;0,57;28,0;0,54;0,55
Spain Youth League;Spain;841,0;839,0;3,14;0,61;0,54;1,22;1,84;1,3;0,59;0,54;0,46;190,0;0,5;59,0;0,54;0,52
Europe Friendlies;International (Europe);819,0;818,0;3,58;0,59;0,6;1,48;2,09;1,49;0,58;0,64;0,36;138,0;0,62;38,0;0,58;0,6
Brazil Sao Paulo Youth Cup;Brazil;721,0;721,0;2,85;0,63;0,07;1,06;1,46;1,39;0,51;0,45;0,55;157,0;0,41;120,0;0,48;0,44
Mexico Liga TDP;Mexico;603,0;597,0;3,28;0,65;0,38;1,15;1,83;1,45;0,56;0,5;0,5;140,0;0,54;56,0;0,5;0,52
Portugal Campeonato Nacional;Brazil;510,0;510,0;2,39;0,67;0,35;0,79;1,37;1,02;0,57;0,49;0,51;68,0;0,5;17,0;0,59;0,54
UEFA Conference League Qualifying;International (Europe);510,0;510,0;2,75;0,64;0,53;0,99;1,64;1,11;0,6;0,46;0,54;151,0;0,52;42,0;0,43;0,47
France National 3;France;418,0;418,0;2,62;0,64;0,25;0,94;1,44;1,19;0,55;0,55;0,45;17,0;0,53;2,0;0,5;0,51
UEFA Champions League;International (Europe);404,0;404,0;3,31;0,59;0,48;1,37;1,9;1,42;0,57;0,55;0,45;130,0;0,55;43,0;0,58;0,57
England Championship;England;396,0;396,0;2,65;0,56;0,24;1,17;1,44;1,2;0,55;0,57;0,43;54,0;0,5;9,0;0,67;0,58
Spain Regional League;Spain;392,0;390,0;2,59;0,69;0,39;0,81;1,49;1,1;0,57;0,48;0,52;25,0;0,44;15,0;0,4;0,42
England National League South;England;391,0;390,0;2,99;0,58;0,4;1,26;1,7;1,3;0,57;0,57;0,43;43,0;0,63;2,0;1,0;0,81
England National League North;England;391,0;391,0;3,08;0,56;0,29;1,35;1,69;1,4;0,55;0,61;0,39;43,0;0,67;4,0;0,75;0,71
England League 2;England;372,0;372,0;2,56;0,61;0,14;1,0;1,35;1,21;0,53;0,51;0,49;48,0;0,58;5,0;0,4;0,49
Copa Sudamericana;International (South America);367,0;366,0;2,32;0,66;0,38;0,78;1,35;0,97;0,58;0,43;0,57;144,0;0,51;16,0;0,69;0,6
England National League;England;364,0;363,0;2,97;0,57;0,25;1,28;1,61;1,36;0,54;0,57;0,43;67,0;0,63;22,0;0,64;0,63
Bolivia Copa Simon Bolivar;Bolivia;363,0;363,0;3,64;0,61;0,67;1,42;2,16;1,48;0,59;0,58;0,42;93,0;0,66;21,0;0,57;0,61
Brazil U20 Cup;Brazil;359,0;357,0;2,89;0,64;0,61;1,04;1,75;1,14;0,61;0,45;0,55;110,0;0,49;36,0;0,36;0,43
France Cup;France;336,0;336,0;3,12;0,63;0,48;1,15;1,32;1,8;0,42;0,55;0,45;36,0;0,58;126,0;0,49;0,54
Copa do Brasil;Brazil;330,0;329,0;2,24;0,72;0,16;0,63;1,2;1,04;0,54;0,4;0,6;106,0;0,41;62,0;0,42;0,41
Poland III Liga;Poland;326,0;326,0;3,13;0,6;0,41;1,26;1,77;1,36;0,57;0,57;0,43;41,0;0,61;10,0;0,6;0,6
England FA Cup;England;321,0;321,0;3,09;0,62;0,36;1,19;1,72;1,36;0,56;0,56;0,44;86,0;0,64;42,0;0,64;0,64
France National 2;France;313,0;312,0;2,54;0,61;0,32;0,98;1,43;1,11;0,56;0,55;0,45;23,0;0,65;1,0;0,0;0,33
Australia FFA Cup Qualifying;Australia;311,0;306,0;4,12;0,5;0,31;2,05;2,22;1,9;0,54;0,59;0,41;76,0;0,62;58,0;0,5;0,56
Guatemala Liga Nacional;Guatemala;302,0;301,0;2,42;0,66;0,92;0,82;1,67;0,75;0,69;0,47;0,53;99,0;0,51;1,0;1,0;0,75
European U21 Championship Qual;International (Europe);299,0;299,0;3,11;0,65;0,21;1,1;1,66;1,45;0,53;0,4;0,6;111,0;0,4;81,0;0,41;0,4
Thailand Division 3;Thailand;291,0;290,0;2,51;0,66;0,19;0,85;1,35;1,16;0,54;0,49;0,51;42,0;0,5;17,0;0,29;0,4
U19 Euro Championship Qual Women;International (Europe);290,0;289,0;3,47;0,65;0,54;1,22;2,0;1,47;0,58;0,33;0,67;115,0;0,26;68,0;0,31;0,28
Spain Copa del Rey;Spain;288,0;288,0;2,99;0,64;0,78;1,08;1,1;1,89;0,37;0,5;0,5;19,0;0,58;120,0;0,52;0,55
Copa Libertadores;International (South America);288,0;287,0;2,32;0,65;0,5;0,82;1,41;0,91;0,61;0,42;0,58;119,0;0,41;13,0;0,46;0,44
Uruguay Amateur Cup;Uruguay;286,0;286,0;2,78;0,68;0,58;0,9;1,68;1,1;0,6;0,52;0,48;36,0;0,58;6,0;0,5;0,54
France U19 League;France;285,0;285,0;3,26;0,58;0,61;1,38;1,94;1,32;0,59;0,57;0,43;39,0;0,51;7,0;0,43;0,47
Romania Liga III;Romania;285,0;285,0;3,25;0,63;0,38;1,2;1,81;1,44;0,56;0,56;0,44;61,0;0,62;20,0;0,7;0,66
Spain Segunda;Spain;284,0;284,0;2,68;0,62;0,32;1,03;1,5;1,18;0,56;0,56;0,44;31,0;0,55;0,0;0,0;0,27
Italy Campionato Primavera 2;Italy;283,0;282,0;3,11;0,55;0,25;1,39;1,68;1,43;0,54;0,59;0,41;25,0;0,48;6,0;0,67;0,57
Czechia 3. Liga;Czech Republic;280,0;279,0;2,86;0,6;0,35;1,14;1,61;1,26;0,56;0,5;0,5;48,0;0,44;14,0;0,57;0,5
Algeria Division 2;Algeria;278,0;275,0;2,09;0,69;0,47;0,65;1,28;0,81;0,61;0,38;0,62;115,0;0,42;11,0;0,09;0,25
England U21 Premier League Cup;England;274,0;274,0;3,61;0,53;0,43;1,69;2,02;1,59;0,56;0,64;0,36;30,0;0,7;9,0;0,89;0,79
Argentina Liga Profesional;Argentina;271,0;271,0;1,96;0,73;0,25;0,54;1,1;0,85;0,56;0,42;0,58;59,0;0,41;3,0;0,0;0,2
Brazil Paulista Cup;Brazil;271,0;271,0;2,0;0,71;0,27;0,58;1,13;0,86;0,57;0,4;0,6;29,0;0,48;1,0;0,0;0,24
Italy Serie C Group A;Italy;270,0;268,0;2,35;0,65;0,15;0,83;1,25;1,1;0,53;0,49;0,51;29,0;0,59;6,0;0,5;0,54
England EFL Trophy;England;269,0;269,0;3,4;0,54;0,44;1,55;1,92;1,48;0,56;0,62;0,38;57,0;0,75;6,0;0,67;0,71
Mexico Segunda Division;Mexico;266,0;264,0;2,8;0,69;0,48;0,88;1,64;1,16;0,59;0,52;0,48;47,0;0,6;11,0;0,45;0,53
Italy Serie C Group C;Italy;263,0;263,0;2,44;0,58;0,42;1,02;1,43;1,01;0,59;0,53;0,47;45,0;0,53;9,0;0,56;0,54
Greece Gamma Ethniki;Greece;263,0;263,0;2,38;0,74;0,57;0,62;1,48;0,9;0,62;0,43;0,57;96,0;0,48;14,0;0,36;0,42
Belgium First Amateur Division;Belgium;262,0;262,0;3,35;0,58;0,24;1,41;1,79;1,55;0,54;0,58;0,42;23,0;0,43;10,0;0,8;0,62
Portugal Cup;Portugal;260,0;259,0;2,83;0,62;0,34;1,09;1,59;1,25;0,56;0,47;0,53;61,0;0,41;71,0;0,55;0,48
Italy Serie B;Italy;260,0;259,0;2,52;0,59;0,42;1,05;1,47;1,05;0,58;0,51;0,49;43,0;0,53;8,0;0,38;0,45
European U19 Championship Qual;International (Europe);260,0;259,0;2,88;0,58;0,39;1,2;1,63;1,25;0,57;0,4;0,6;100,0;0,37;42,0;0,45;0,41
Japan J2/J3 Centennial League;Japan;253,0;253,0;2,56;0,63;0,17;0,95;1,36;1,19;0,53;0,48;0,52;17,0;0,41;7,0;0,86;0,63
Greece Amateur Cup;Greece;253,0;253,0;2,92;0,63;0,06;1,07;1,49;1,43;0,51;0,45;0,55;43,0;0,4;50,0;0,52;0,46
Türkiye 1 Lig;Turkey;252,0;252,0;2,9;0,62;0,44;1,1;1,67;1,23;0,58;0,47;0,53;55,0;0,44;36,0;0,64;0,54
Italy Serie A;Italy;250,0;250,0;2,48;0,61;0,12;0,96;1,3;1,18;0,52;0,45;0,55;63,0;0,44;33,0;0,52;0,48
Finland Cup;Finland;248,0;248,0;3,98;0,6;1,06;1,59;1,46;2,52;0,37;0,55;0,45;30,0;0,6;95,0;0,48;0,54
England Premier League;England;248,0;248,0;2,76;0,59;0,24;1,14;1,5;1,26;0,54;0,56;0,44;53,0;0,72;16,0;0,5;0,61
Netherlands Eerste Divisie;Netherlands;248,0;248,0;3,18;0,52;0,21;1,51;1,7;1,48;0,53;0,62;0,38;36,0;0,58;8,0;0,75;0,67
Italy Serie C Group B;Italy;247,0;247,0;2,25;0,64;0,14;0,81;1,19;1,05;0,53;0,51;0,49;28,0;0,54;4,0;0,75;0,64
Spain Primera Division RFEF Group 1;Spain;246,0;245,0;2,45;0,65;0,31;0,85;1,38;1,07;0,56;0,49;0,51;22,0;0,55;1,0;0,0;0,27
Ethiopia Premier League;Ethiopia;244,0;244,0;1,82;0,75;0,05;0,45;0,89;0,93;0,49;0,43;0,57;5,0;0,4;3,0;0,33;0,37
Türkiye U19 League;Turkey;238,0;238,0;3,06;0,61;0,19;1,18;1,63;1,44;0,53;0,57;0,43;20,0;0,55;5,0;0,4;0,48
nan;England;238,0;238,0;2,71;0,59;0,45;1,11;1,58;1,13;0,58;0,54;0,46;24,0;0,5;1,0;1,0;0,75
AFC Champions League Two;International (Asia);237,0;237,0;3,08;0,6;0,34;1,24;1,71;1,37;0,56;0,54;0,46;63,0;0,6;20,0;0,45;0,53
Czechia 4. Liga;Czech Republic;237,0;237,0;3,35;0,6;0,56;1,33;1,95;1,39;0,58;0,57;0,43;51,0;0,55;2,0;1,0;0,77
USA US Open Cup;USA;237,0;237,0;3,02;0,61;0,48;1,19;1,75;1,27;0,58;0,54;0,46;61,0;0,48;10,0;0,5;0,49
Poland IV Liga;Poland;236,0;236,0;3,52;0,54;0,27;1,6;1,89;1,62;0,54;0,61;0,39;53,0;0,64;16,0;0,56;0,6
Slovakia Cup;Slovakia;235,0;235,0;3,72;0,56;1,66;1,65;1,03;2,69;0,28;0,51;0,49;17,0;0,76;136,0;0,53;0,65
Türkiye Cup;Turkey;235,0;234,0;3,33;0,59;0,22;1,38;1,77;1,56;0,53;0,54;0,46;68,0;0,56;30,0;0,57;0,56
England FA Trophy;England;235,0;234,0;2,91;0,58;0,45;1,21;1,68;1,23;0,58;0,5;0,5;29,0;0,72;5,0;0,2;0,46
Spain Primera Division RFEF Group 2;Spain;234,0;234,0;2,22;0,71;0,36;0,65;1,29;0,93;0,58;0,41;0,59;31,0;0,39;1,0;1,0;0,69
Italy Serie D Cup;Italy;233,0;233,0;2,46;0,61;0,33;0,97;1,39;1,06;0,57;0,55;0,45;27,0;0,81;3,0;0,67;0,74
AFC Champions League Elite;International (Asia);233,0;233,0;2,82;0,65;0,55;0,99;1,69;1,13;0,6;0,5;0,5;64,0;0,45;11,0;0,82;0,64
Spain Tercera - Play-offs;Spain;233,0;233,0;1,95;0,72;0,12;0,56;1,04;0,91;0,53;0,45;0,55;13,0;0,54;0,0;0,0;0,27
CAF Champions League;International (Africa);233,0;233,0;2,08;0,76;0,82;0,49;1,45;0,63;0,7;0,3;0,7;110,0;0,29;12,0;0,33;0,31
Hungary NB III;Hungary;231,0;231,0;3,33;0,56;0,46;1,47;1,9;1,44;0,57;0,58;0,42;37,0;0,51;15,0;0,47;0,49
England FA Cup Qualification;England;230,0;230,0;3,12;0,56;0,49;1,36;1,8;1,32;0,58;0,55;0,45;45,0;0,47;6,0;0,5;0,48
Germany 3. Liga;Germany;229,0;229,0;3,14;0,55;0,31;1,42;1,72;1,41;0,55;0,63;0,37;16,0;0,75;4,0;0,75;0,75
Chile Cup;Chile;228,0;228,0;2,8;0,66;0,46;0,95;1,63;1,17;0,58;0,52;0,48;37,0;0,46;17,0;0,65;0,55
Spain La Liga;Spain;226,0;226,0;2,73;0,56;0,54;1,2;1,63;1,09;0,6;0,56;0,44;46,0;0,54;11,0;0,55;0,54
England Northern League Division One;England;223,0;223,0;3,09;0,63;0,13;1,15;1,61;1,48;0,52;0,58;0,42;20,0;0,65;7,0;0,43;0,54
Romania Cup;Romania;220,0;220,0;2,98;0,64;0,45;1,07;1,26;1,71;0,42;0,54;0,46;15,0;0,47;57,0;0,68;0,58
Colombia Primera A;Colombia;219,0;219,0;2,41;0,57;0,55;1,03;1,48;0,93;0,61;0,51;0,49;63,0;0,49;3,0;0,67;0,58
CAF Confederations Cup;International (Africa);218,0;218,0;2,26;0,68;0,93;0,73;1,59;0,67;0,71;0,36;0,64;92,0;0,3;6,0;0,33;0,32
Israel Cup;Israel;216,0;216,0;3,27;0,59;0,07;1,33;1,67;1,6;0,51;0,47;0,53;34,0;0,56;29,0;0,55;0,56
Norway Cup;Norway;214,0;214,0;3,56;0,54;1,04;1,62;1,26;2,3;0,35;0,58;0,42;9,0;0,78;92,0;0,5;0,64
Italy Eccellenza;Italy;214,0;210,0;2,5;0,74;0,38;0,65;1,44;1,06;0,58;0,44;0,56;39,0;0,36;14,0;0,64;0,5
Spain Segunda Division RFEF Group 5;Spain;213,0;213,0;2,66;0,57;0,31;1,15;1,48;1,18;0,56;0,52;0,48;22,0;0,59;0,0;0,0;0,3
Saudi Arabia Division 1;Saudi Arabia;211,0;209,0;2,89;0,54;0,22;1,32;1,55;1,33;0,54;0,63;0,37;26,0;0,62;14,0;0,64;0,63
Iraq Stars League;Iraq;210,0;210,0;2,3;0,59;0,11;0,96;1,21;1,1;0,52;0,5;0,5;42,0;0,55;10,0;0,5;0,52
Spain Segunda Division RFEF Group 1;Spain;208,0;208,0;2,46;0,71;0,25;0,72;1,36;1,1;0,55;0,5;0,5;26,0;0,65;2,0;0,5;0,58
Spain Segunda Division RFEF Group 2;Spain;208,0;208,0;2,56;0,63;0,45;0,95;1,5;1,06;0,59;0,52;0,48;34,0;0,47;4,0;0,5;0,49
Germany Bundesliga I;Germany;207,0;207,0;3,18;0,55;0,39;1,44;1,78;1,4;0,56;0,63;0,37;36,0;0,67;8,0;0,62;0,65
Israel Youth League;Israel;206,0;206,0;3,17;0,62;0,0;1,21;1,59;1,59;0,5;0,54;0,46;25,0;0,6;10,0;0,3;0,45
Brazil Serie A;Brazil;205,0;205,0;2,7;0,59;0,5;1,11;1,6;1,1;0,59;0,52;0,48;55,0;0,55;3,0;0,67;0,61
Europe - World Cup Qualifying;International (Europe);204,0;204,0;3,3;0,62;0,47;1,24;1,89;1,42;0,57;0,43;0,57;89,0;0,43;61,0;0,38;0,4
Argentina Copa de la Liga Profesional;Argentina;203,0;203,0;2,21;0,69;0,18;0,7;1,2;1,01;0,54;0,43;0,57;35,0;0,63;3,0;0,33;0,48
Africa - World Cup Qualifying;International (Africa);203,0;203,0;2,49;0,67;0,18;0,83;1,33;1,15;0,54;0,38;0,62;86,0;0,42;48,0;0,31;0,37
Kenya Premier League;Kenya;201,0;199,0;2,0;0,7;0,09;0,6;1,05;0,96;0,52;0,43;0,57;13,0;0,46;2,0;1,0;0,73
Austria Landesliga;Austria;201,0;201,0;3,35;0,54;0,25;1,53;1,8;1,55;0,54;0,59;0,41;29,0;0,62;5,0;0,6;0,61
Portugal Segunda Liga;Portugal;200,0;200,0;2,42;0,7;0,17;0,73;1,3;1,13;0,53;0,44;0,56;13,0;0,38;0,0;0,0;0,19
Austria Amateur Cup;Austria;200,0;200,0;4,45;0,57;0,78;1,92;1,84;2,62;0,41;0,62;0,38;24,0;0,79;70,0;0,6;0,7
Argentina Liga Profesional Reserves;Argentina;200,0;200,0;2,45;0,64;0,49;0,88;1,47;0,98;0,6;0,45;0,55;12,0;0,25;4,0;0,5;0,38
Netherlands Cup;Netherlands;199,0;199,0;3,42;0,58;0,1;1,44;1,76;1,66;0,51;0,64;0,36;46,0;0,67;45,0;0,69;0,68
Spain Segunda Division RFEF Group 3;Spain;199,0;198,0;2,42;0,69;0,4;0,76;1,41;1,01;0,58;0,52;0,48;20,0;0,45;1,0;0,0;0,22
Thailand Division 2;Thailand;199,0;199,0;2,66;0,65;0,45;0,94;1,56;1,11;0,58;0,52;0,48;13,0;0,46;0,0;0,0;0,23
Portugal Liga 3;Portugal;198,0;198,0;2,25;0,62;0,04;0,85;1,14;1,11;0,51;0,52;0,48;8,0;0,75;0,0;0,0;0,38
Spain Tercera Group 7;Spain;196,0;196,0;2,58;0,69;0,06;0,81;1,32;1,26;0,51;0,54;0,46;17,0;0,71;1,0;1,0;0,85
Saudi Arabia Pro League;Saudi Arabia;195,0;195,0;2,94;0,58;0,26;1,25;1,6;1,34;0,54;0,55;0,45;51,0;0,43;34,0;0,56;0,5
Portugal Primeira Liga;Portugal;194,0;193,0;2,71;0,59;0,35;1,1;1,53;1,18;0,56;0,49;0,51;42,0;0,4;35,0;0,51;0,46
England Premier League 2;England;193,0;193,0;3,51;0,54;0,35;1,6;1,93;1,58;0,55;0,6;0,4;19,0;0,42;5,0;0,8;0,61
Argentina Torneo Regional Amateur;Argentina;192,0;190,0;2,59;0,63;0,74;0,96;1,67;0,93;0,64;0,46;0,54;39,0;0,51;3,0;0,33;0,42
England EFL Cup;England;191,0;191,0;3,01;0,56;0,18;1,33;1,59;1,41;0,53;0,54;0,46;56,0;0,59;28,0;0,61;0,6
Rwanda National League;Rwanda;191,0;191,0;2,13;0,68;0,07;0,67;1,1;1,03;0,52;0,46;0,54;33,0;0,48;14,0;0,71;0,6
Israel Liga Bet South;Israel;189,0;189,0;3,02;0,66;0,07;1,03;1,54;1,47;0,51;0,44;0,56;33,0;0,45;20,0;0,3;0,38
Brazil Copa Nordeste;Brazil;189,0;189,0;2,41;0,63;0,58;0,88;1,5;0,92;0,62;0,51;0,49;58,0;0,57;8,0;0,75;0,66
Scotland League Cup;Scotland;189,0;189,0;3,32;0,6;0,47;1,34;1,89;1,42;0,57;0,41;0,59;68,0;0,4;44,0;0,5;0,45
Netherlands Eredivisie;Netherlands;188,0;187,0;3,0;0,57;0,51;1,29;1,76;1,24;0,59;0,61;0,39;48,0;0,69;10,0;0,6;0,64
Türkiye Super Lig;Turkey;188,0;187,0;2,64;0,62;0,32;1,0;1,48;1,16;0,56;0,54;0,46;40,0;0,62;16,0;0,69;0,66
Argentina Nacional B;Argentina;187,0;185,0;1,74;0,75;0,33;0,44;1,04;0,71;0,6;0,34;0,66;34,0;0,44;0,0;0,0;0,22
Germany Bundesliga II;Germany;187,0;187,0;2,95;0,57;0,37;1,26;1,66;1,29;0,56;0,61;0,39;11,0;0,36;0,0;0,0;0,18
Spain Tercera Federacion Women;Spain;184,0;184,0;3,42;0,6;0,1;1,36;1,76;1,66;0,51;0,49;0,51;41,0;0,46;27,0;0,59;0,53
Spain Segunda Division RFEF Group 4;Spain;184,0;183,0;2,25;0,66;0,54;0,77;1,4;0,85;0,62;0,46;0,54;22,0;0,59;1,0;1,0;0,8
France Ligue 1;France;184,0;184,0;2,68;0,68;0,28;0,87;1,48;1,2;0,55;0,48;0,52;46,0;0,52;10,0;0,4;0,46
England Northern Premier League;England;183,0;183,0;2,51;0,59;0,18;1,03;1,34;1,16;0,54;0,51;0,49;7,0;0,71;0,0;0,0;0,36
UEFA Champions League Qualifying;International (Europe);182,0;182,0;2,7;0,67;0,5;0,89;1,6;1,1;0,59;0,44;0,56;56,0;0,5;15,0;0,27;0,38
Belgium First Division B;Belgium;182,0;182,0;2,85;0,6;0,18;1,15;1,52;1,34;0,53;0,57;0,43;24,0;0,58;6,0;0,67;0,62
Mexico Liga MX;Mexico;181,0;181,0;2,71;0,58;0,48;1,14;1,6;1,12;0,59;0,59;0,41;44,0;0,61;9,0;0,67;0,64
Belgium First Division A;Belgium;180,0;179,0;2,69;0,64;0,02;0,96;1,36;1,33;0,5;0,55;0,45;26,0;0,73;6,0;0,67;0,7
Netherlands Tweede Divisie;Netherlands;179,0;179,0;3,3;0,51;0,24;1,62;1,77;1,53;0,54;0,64;0,36;8,0;0,5;0,0;0,0;0,25
Portugal U23 League;Portugal;179,0;179,0;2,84;0,55;0,21;1,28;1,53;1,32;0,54;0,61;0,39;4,0;0,5;0,0;0,0;0,25
Brazil Serie D;Brazil;179,0;179,0;2,21;0,7;0,39;0,66;1,3;0,91;0,59;0,42;0,58;33,0;0,39;4,0;0,5;0,45
International Match;International (World);178,0;177,0;2,74;0,71;0,5;0,78;1,62;1,12;0,59;0,47;0,53;58,0;0,45;10,0;0,6;0,52
Indonesia Super League;Indonesia;177,0;176,0;2,75;0,59;0,32;1,13;1,54;1,21;0,56;0,53;0,47;26,0;0,35;6,0;0,17;0,26
England National League Division 1 Women;England;177,0;177,0;3,18;0,64;0,06;1,14;1,62;1,56;0,51;0,46;0,54;51,0;0,51;26,0;0,38;0,45
Scotland League Challenge Cup;Scotland;176,0;176,0;3,58;0,52;0,77;1,73;2,18;1,4;0,61;0,64;0,36;51,0;0,57;8,0;0,38;0,47
Portugal U19 League;Portugal;176,0;176,0;2,78;0,63;0,1;1,03;1,44;1,34;0,52;0,51;0,49;23,0;0,48;11,0;0,36;0,42
France Ligue 2;France;174,0;174,0;2,48;0,7;0,06;0,73;1,27;1,21;0,51;0,53;0,47;18,0;0,56;0,0;0,0;0,28
Romania Liga I;Romania;173,0;173,0;2,51;0,62;0,43;0,96;1,47;1,04;0,59;0,47;0,53;35,0;0,57;6,0;0,17;0,37
England Development League 2;England;173,0;173,0;3,9;0,5;0,44;1,96;2,17;1,73;0,56;0,71;0,29;14,0;0,71;0,0;0,0;0,36
Argentina Primera B Metropolitana;Argentina;170,0;169,0;2,02;0,7;0,06;0,6;1,04;0,98;0,51;0,42;0,58;6,0;0,5;1,0;1,0;0,75
Asia - World Cup Qualifying;International (Asia);164,0;163,0;2,69;0,65;0,3;0,94;1,49;1,2;0,56;0,4;0,6;68,0;0,44;42,0;0,43;0,43
Mexico Liga MX Femenil;Mexico;163,0;162,0;3,21;0,58;0,39;1,36;1,8;1,41;0,56;0,52;0,48;55,0;0,4;37,0;0,49;0,44
Spain Tercera Group 6;Spain;163,0;163,0;2,18;0,66;0,37;0,74;1,28;0,91;0,58;0,44;0,56;21,0;0,48;1,0;1,0;0,74
Israel Leumit Liga;Israel;162,0;162,0;2,6;0,65;0,07;0,92;1,27;1,33;0,49;0,57;0,43;10,0;0,7;3,0;1,0;0,85
UEFA Europa League Qualifying;International (Europe);162,0;162,0;2,55;0,69;0,31;0,8;1,43;1,12;0,56;0,44;0,56;53,0;0,38;14,0;0,29;0,33
Spain Tercera Group 13;Spain;161,0;161,0;2,45;0,71;0,24;0,72;1,35;1,11;0,55;0,44;0,56;13,0;0,38;5,0;0,6;0,49
Serbia Super Liga;Serbia;161,0;161,0;2,55;0,68;0,25;0,83;1,4;1,15;0,55;0,5;0,5;37,0;0,54;14,0;0,71;0,63
Thailand Division 3 Cup;Thailand;160,0;160,0;2,76;0,76;0,14;0,66;1,45;1,31;0,52;0,49;0,51;24,0;0,58;7,0;0,43;0,51
USA MLS;USA;160,0;160,0;3,28;0,58;0,71;1,39;1,99;1,29;0,61;0,58;0,42;37,0;0,51;0,0;0,0;0,26
Japan J-League;Japan;159,0;159,0;2,62;0,58;0,15;1,11;1,38;1,23;0,53;0,56;0,44;17,0;0,65;2,0;1,0;0,82
India Santosh Trophy;India;159,0;159,0;3,11;0,68;0,22;0,98;1,67;1,45;0,54;0,48;0,52;31,0;0,48;25,0;0,36;0,42
Argentina Cup;Argentina;159,0;159,0;2,35;0,63;0,62;0,86;1,48;0,87;0,63;0,4;0,6;75,0;0,45;12,0;0,33;0,39
Spain Tercera Group 5;Spain;157,0;156,0;2,39;0,71;0,4;0,7;1,39;0,99;0,58;0,49;0,51;15,0;0,4;0,0;0,0;0,2
Sierra Leone Premier League;Sierra Leone;157,0;147,0;2,04;0,73;0,05;0,55;1,04;0,99;0,51;0,44;0,56;11,0;0,55;2,0;0,0;0,27
Hungary Cup;Hungary;156,0;156,0;3,31;0,6;0,62;1,33;1,35;1,97;0,41;0,53;0,47;16,0;0,44;50,0;0,5;0,47
Türkiye 2 Lig Beyaz;Turkey;156,0;154,0;2,83;0,63;0,31;1,04;1,26;1,57;0,44;0,56;0,44;30,0;0,53;31,0;0,55;0,54
Colombia Cup;Colombia;156,0;156,0;2,42;0,69;0,59;0,76;1,51;0,92;0,62;0,47;0,53;56,0;0,48;13,0;0,62;0,55
Poland Ekstraklasa;Poland;155,0;154,0;2,62;0,59;0,36;1,06;1,49;1,13;0,57;0,59;0,41;13,0;0,69;0,0;0,0;0,35
Spain Segunda Federacion Women;Spain;155,0;155,0;2,63;0,62;0,66;1,0;1,65;0,99;0,62;0,5;0,5;40,0;0,57;11,0;0,82;0,7
England Isthmian Premier Division;England;154,0;154,0;3,1;0,53;0,02;1,47;1,54;1,56;0,5;0,62;0,38;8,0;0,5;2,0;0,0;0,25
Spain Tercera Group 1;Spain;154,0;154,0;2,31;0,65;0,32;0,81;1,32;0,99;0,57;0,47;0,53;20,0;0,6;3,0;0,67;0,63
Mexico U21 League;Mexico;154,0;153,0;2,51;0,63;0,35;0,92;1,43;1,08;0,57;0,51;0,49;2,0;0,5;1,0;1,0;0,75
Cyprus Division 1;Cyprus;152,0;152,0;2,55;0,58;0,16;1,07;1,36;1,2;0,53;0,44;0,56;37,0;0,38;28,0;0,43;0,4
France National;France;152,0;152,0;2,47;0,63;0,02;0,92;1,22;1,24;0,5;0,53;0,47;10,0;0,6;1,0;0,0;0,3
Scotland FA Cup;Scotland;150,0;150,0;2,93;0,53;0,45;1,38;1,69;1,24;0,58;0,49;0,51;52,0;0,46;29,0;0,55;0,51
Premier League International Cup;England;150,0;150,0;3,29;0,5;0,19;1,63;1,55;1,74;0,47;0,63;0,37;9,0;0,44;1,0;1,0;0,72
Thailand Premier League;Thailand;150,0;149,0;2,65;0,64;0,42;0,96;1,53;1,11;0,58;0,54;0,46;24,0;0,46;3,0;0,67;0,56
Africa Cup of Nations Qualification;International (Africa);149,0;149,0;2,2;0,71;0,4;0,63;1,3;0,9;0,59;0,37;0,63;52,0;0,44;23,0;0,39;0,42
San Marino Campionato;San Marino;149,0;146,0;2,88;0,62;0,02;1,08;1,43;1,45;0,5;0,46;0,54;39,0;0,44;40,0;0,42;0,43
England League 1;England;149,0;149,0;2,58;0,61;0,19;1,0;1,38;1,19;0,54;0,53;0,47;21,0;0,52;2,0;0,5;0,51
Egypt Division 1;Egypt;149,0;149,0;2,08;0,67;0,13;0,68;1,11;0,97;0,53;0,51;0,49;24,0;0,5;12,0;0,75;0,62
Venezuela Cup;Venezuela;148,0;148,0;2,69;0,69;0,66;0,84;1,68;1,01;0,62;0,46;0,54;29,0;0,48;5,0;0,6;0,54
USA USL League One Cup;USA;148,0;148,0;2,7;0,63;0,27;1,0;1,49;1,22;0,55;0,55;0,45;23,0;0,65;2,0;1,0;0,83
Womens Euro Championships Qual;International (Europe);148,0;148,0;2,95;0,56;0,09;1,3;1,52;1,43;0,52;0,43;0,57;54,0;0,43;39,0;0,36;0,39
Ethiopia Higher League;Ethiopia;148,0;143,0;1,8;0,81;0,41;0,35;0,7;1,11;0,39;0,32;0,68;10,0;0,5;3,0;0,0;0,25
Malaysia MFL Cup;Malaysia;148,0;148,0;2,92;0,65;0,27;1,01;1,59;1,32;0,55;0,52;0,48;30,0;0,53;12,0;0,5;0,52
Wales Championship South;Wales;147,0;147,0;3,24;0,61;0,2;1,27;1,72;1,52;0,53;0,5;0,5;22,0;0,36;10,0;0,7;0,53
Colombia Primera B;Colombia;147,0;146,0;2,23;0,59;0,08;0,91;1,16;1,07;0,52;0,5;0,5;38,0;0,55;0,0;0,0;0,28
Brazil Campeonato Paulista A2;Brazil;146,0;145,0;2,37;0,69;0,18;0,73;1,27;1,1;0,54;0,51;0,49;8,0;0,62;0,0;0,0;0,31
Greece Super League 2;Greece;146,0;145,0;2,08;0,69;0,3;0,65;1,19;0,89;0,57;0,34;0,66;49,0;0,33;26,0;0,46;0,39
Czechia Cup;Czech Republic;146,0;146,0;3,62;0,57;1,37;1,54;1,12;2,49;0,31;0,52;0,48;13,0;0,69;62,0;0,44;0,56
Egypt League Cup;Egypt;146,0;146,0;2,18;0,68;0,06;0,7;1,12;1,06;0,51;0,42;0,58;18,0;0,33;10,0;0,4;0,37
Gambia GFA League;Gambia;145,0;138,0;1,74;0,87;0,0;0,23;0,87;0,87;0,5;0,38;0,62;5,0;0,8;0,0;0,0;0,4
El Salvador Reserves League;El Salvador;145,0;145,0;3,14;0,7;0,41;0,94;1,78;1,37;0,57;0,61;0,39;19,0;0,79;5,0;1,0;0,89
UAE Division 1;UAE;145,0;144,0;2,97;0,61;0,04;1,14;1,46;1,5;0,49;0,55;0,45;16,0;0,44;10,0;0,6;0,52
Kenya Super League;Kenya;144,0;143,0;2,18;0,67;0,51;0,71;1,35;0,83;0,62;0,41;0,59;24,0;0,54;0,0;0,0;0,27
Scotland Premiership;Scotland;144,0;144,0;2,78;0,62;0,46;1,05;1,62;1,16;0,58;0,5;0,5;37,0;0,41;12,0;0,58;0,49
Bulgaria First League;Bulgaria;144,0;144,0;2,25;0,73;0,04;0,62;1,15;1,1;0,51;0,38;0,62;42,0;0,4;20,0;0,5;0,45
Wales Championship North;Wales;144,0;144,0;3,49;0,52;0,9;1,68;2,19;1,3;0,63;0,58;0,42;25,0;0,64;14,0;0,64;0,64
Israel Premier League;Israel;143,0;143,0;2,97;0,61;0,13;1,15;1,55;1,42;0,52;0,56;0,44;31,0;0,68;14,0;0,64;0,66
CONCACAF Champions Cup;International (North & Central America);143,0;143,0;2,87;0,59;0,61;1,19;1,74;1,13;0,61;0,49;0,51;55,0;0,45;18,0;0,33;0,39
Nigeria Premier League;Nigeria;143,0;141,0;1,94;0,75;0,87;0,49;1,41;0,54;0,72;0,38;0,62;107,0;0,43;0,0;0,0;0,21
Spain Primera Women;Spain;143,0;143,0;2,95;0,69;0,17;0,92;1,56;1,39;0,53;0,38;0,62;49,0;0,39;29,0;0,41;0,4
America Friendlies;International (World);142,0;142,0;2,89;0,61;0,39;1,14;1,64;1,25;0,57;0,64;0,36;14,0;0,57;6,0;0,33;0,45
Indonesia Championship;Indonesia;141,0;141,0;2,6;0,7;0,47;0,78;1,53;1,06;0,59;0,55;0,45;38,0;0,61;8,0;0,62;0,62
Mexico Liga MX U19;Mexico;141,0;140,0;2,89;0,63;0,23;1,07;1,56;1,33;0,54;0,62;0,38;5,0;0,4;0,0;0,0;0,2
Greece Super League 1;Greece;141,0;141,0;2,35;0,64;0,18;0,84;1,27;1,09;0,54;0,42;0,58;40,0;0,48;23,0;0,35;0,41
Australia A-League;Australia;141,0;141,0;2,88;0,55;0,11;1,28;1,5;1,38;0,52;0,6;0,4;9,0;0,89;0,0;0,0;0,44
Egypt Division 2;Egypt;140,0;138,0;2,01;0,69;0,16;0,63;1,09;0,92;0,54;0,44;0,56;13,0;0,54;0,0;0,0;0,27
Poland Cup;Poland;140,0;140,0;2,71;0,63;0,33;1,0;1,19;1,52;0,44;0,54;0,46;10,0;0,7;41,0;0,51;0,61
Panama Liga Prom;Panama;140,0;139,0;3,29;0,58;0,31;1,37;1,8;1,49;0,55;0,6;0,4;20,0;0,65;3,0;0,67;0,66
Poland I Liga;Poland;139,0;139,0;2,79;0,53;0,19;1,31;1,49;1,3;0,53;0,65;0,35;10,0;0,8;1,0;0,0;0,4
Iceland League Cup;Iceland;139,0;139,0;4,01;0,5;0,5;2,03;2,26;1,76;0,56;0,65;0,35;51,0;0,63;11,0;0,73;0,68
Burkina Faso League;Burkina Faso;139,0;134,0;1,72;0,83;0,11;0,28;0,91;0,81;0,53;0,32;0,68;11,0;0,45;2,0;1,0;0,73
Japan J-League Cup;Japan;139,0;139,0;2,59;0,64;0,2;0,92;1,19;1,4;0,46;0,56;0,44;5,0;0,4;18,0;0,56;0,48
Mexico Liga de Expansion;Mexico;139,0;138,0;2,71;0,63;0,73;1,0;1,72;0,99;0,63;0,55;0,45;25,0;0,56;1,0;1,0;0,78
Algeria Cup;Algeria;138,0;138,0;2,12;0,69;0,47;0,67;1,3;0,83;0,61;0,36;0,64;59,0;0,37;18,0;0,28;0,33
Switzerland Super League;Switzerland;138,0;138,0;3,18;0,58;0,24;1,35;1,71;1,47;0,54;0,66;0,34;18,0;0,67;3,0;0,67;0,67
Algeria Division 1;Algeria;137,0;137,0;2,27;0,69;0,47;0,71;1,37;0,9;0,6;0,44;0,56;49,0;0,51;1,0;0,0;0,26
Czechia First League;Czech Republic;136,0;136,0;2,74;0,63;0,25;1,0;1,49;1,24;0,55;0,46;0,54;27,0;0,59;10,0;0,6;0,6
Algeria U20 League;Algeria;135,0;135,0;3,34;0,66;0,7;1,15;2,02;1,32;0,61;0,51;0,49;31,0;0,52;14,0;0,71;0,62
Ecuador LigaPro Serie A;Ecuador;135,0;135,0;2,21;0,68;0,49;0,72;1,35;0,86;0,61;0,41;0,59;36,0;0,5;3,0;0,33;0,42
Leagues Cup;International (North & Central America);135,0;135,0;3,01;0,52;0,62;1,43;1,81;1,19;0,6;0,64;0,36;30,0;0,6;0,0;0,0;0,3
Bolivia Copa Division Profesional;Bolivia;133,0;132,0;3,44;0,55;0,71;1,54;2,08;1,36;0,6;0,62;0,38;41,0;0,76;3,0;0,67;0,71
England National League Cup;England;133,0;133,0;3,44;0,48;0,28;1,79;1,86;1,58;0,54;0,63;0,37;1,0;1,0;0,0;0,0;0,5
Serbia Prva Liga;Serbia;132,0;132,0;2,2;0,65;0,33;0,78;1,27;0,94;0,57;0,41;0,59;17,0;0,59;0,0;0,0;0,29
Germany DFB Pokal;Germany;131,0;131,0;3,12;0,58;0,82;1,31;1,15;1,97;0,37;0,47;0,53;16,0;0,56;58,0;0,47;0,51
Greece Cup;Greece;131,0;130,0;2,42;0,68;0,51;0,77;1,47;0,95;0,61;0,45;0,55;40,0;0,45;26,0;0,54;0,49
Tunisia League 2;Tunisia;131,0;129,0;2,21;0,69;0,57;0,67;1,39;0,82;0,63;0,42;0,58;41,0;0,39;1,0;0,0;0,2
Uganda Premier League;Uganda;130,0;130,0;1,98;0,81;0,45;0,37;1,22;0,77;0,61;0,33;0,67;36,0;0,22;11,0;0,27;0,25
Peru Liga 1;Peru;130,0;130,0;2,71;0,59;0,71;1,11;1,71;1,0;0,63;0,57;0,43;44,0;0,52;1,0;0,0;0,26
Argentina Primera C Metropolitana;Argentina;130,0;129,0;1,89;0,8;0,09;0,38;0,9;0,99;0,48;0,42;0,58;8,0;0,75;0,0;0,0;0,38
Qatar Stars Cup;Qatar;130,0;130,0;3,33;0,54;0,52;1,54;1,92;1,41;0,58;0,62;0,38;11,0;0,55;5,0;0,8;0,67
Egypt Second Division B;Egypt;130,0;130,0;2,38;0,69;0,27;0,73;1,32;1,05;0,56;0,48;0,52;19,0;0,68;1,0;1,0;0,84
Israel League Cup;Israel;129,0;128,0;2,77;0,57;0,02;1,18;1,4;1,37;0,5;0,58;0,42;8,0;0,88;2,0;0,5;0,69
England Southern Premier League Central;England;129,0;129,0;2,98;0,6;0,16;1,19;1,57;1,41;0,53;0,49;0,51;11,0;0,27;4,0;0,5;0,39
Czech Cup;Czech Republic;128,0;128,0;3,39;0,54;0,77;1,56;1,31;2,08;0,39;0,55;0,45;4,0;0,5;54,0;0,57;0,54
Italy Serie C Cup;Italy;128,0;128,0;2,36;0,61;0,25;0,92;1,3;1,05;0,55;0,5;0,5;13,0;0,46;1,0;0,0;0,23
Austria Cup;Austria;128,0;128,0;3,55;0,56;1,23;1,58;1,16;2,39;0,33;0,49;0,51;14,0;0,86;69,0;0,41;0,63
South Africa Diski Challenge;South Africa;127,0;127,0;2,91;0,56;0,14;1,27;1,53;1,39;0,52;0,57;0,43;24,0;0,54;3,0;0,67;0,6
England FA Cup Women;England;127,0;126,0;3,61;0,57;0,53;1,54;2,07;1,54;0,57;0,47;0,53;54,0;0,48;26,0;0,42;0,45
Honduras Liga Nacional;Honduras;127,0;125,0;2,77;0,62;0,2;1,06;1,49;1,28;0,54;0,56;0,44;26,0;0,65;2,0;0,5;0,58
Japan FA Cup;Japan;126,0;125,0;2,9;0,61;0,45;1,13;1,67;1,22;0,58;0,55;0,45;42,0;0,55;11,0;0,73;0,64
Chile Liga de Primera;Chile;126,0;126,0;2,63;0,67;0,46;0,86;1,55;1,09;0,59;0,46;0,54;18,0;0,67;0,0;0,0;0,33
Malaysia President Cup;Malaysia;125,0;125,0;2,63;0,67;0,47;0,88;1,55;1,08;0,59;0,44;0,56;33,0;0,52;20,0;0,4;0,46
Bulgaria Second League;Bulgaria;125,0;122,0;2,52;0,7;0,3;0,75;1,41;1,11;0,56;0,4;0,6;35,0;0,46;5,0;0,4;0,43
Honduras Reserve League;Honduras;125,0;125,0;3,71;0,59;0,38;1,52;2,05;1,66;0,55;0,62;0,38;20,0;0,6;8,0;0,75;0,68
Türkiye 3.Lig Group 1;Turkey;125,0;125,0;2,38;0,71;0,23;0,69;1,3;1,07;0,55;0,48;0,52;16,0;0,5;5,0;0,6;0,55
Paraguay Division Profesional;Paraguay;125,0;125,0;2,42;0,66;0,21;0,81;1,31;1,1;0,54;0,48;0,52;11,0;0,36;4,0;0,25;0,31
Thailand Cup;Thailand;124,0;123,0;3,32;0,8;0,29;0,67;1,81;1,52;0,54;0,47;0,53;36,0;0,42;25,0;0,6;0,51
Romania Liga 2;Romania;124,0;124,0;2,5;0,65;0,34;0,87;1,42;1,08;0,57;0,43;0,57;23,0;0,48;8,0;0,5;0,49
South Africa Premier;South Africa;123,0;122,0;2,08;0,72;0,26;0,59;1,17;0,91;0,56;0,4;0,6;22,0;0,45;10,0;0,4;0,43
South Africa National Div 2;South Africa;123,0;123,0;2,41;0,63;0,2;0,89;1,3;1,11;0,54;0,46;0,54;12,0;0,58;5,0;0,6;0,59
Iceland Cup Women;Iceland;123,0;123,0;4,33;0,51;0,35;2,14;2,34;1,99;0,54;0,65;0,35;24,0;0,58;18,0;0,67;0,62
Costa Rica Segunda;Costa Rica;123,0;123,0;2,83;0,62;0,62;1,07;1,72;1,11;0,61;0,56;0,44;13,0;0,38;0,0;0,0;0,19
Spain Tercera Group 2;Spain;123,0;123,0;2,42;0,68;0,42;0,77;1,42;1,0;0,59;0,41;0,59;29,0;0,38;16,0;0,31;0,35
Scotland League Two;Scotland;123,0;123,0;2,85;0,51;0,16;1,4;1,5;1,34;0,53;0,59;0,41;8,0;0,38;1,0;0,0;0,19
UAE Cup;UAE;122,0;122,0;2,75;0,67;0,21;0,92;1,48;1,27;0,54;0,48;0,52;22,0;0,59;9,0;0,22;0,41
Brazil Campeonato Paulista A3;Brazil;121,0;121,0;2,17;0,59;0,24;0,88;1,21;0,97;0,56;0,4;0,6;19,0;0,37;0,0;0,0;0,18
UEFA Europa League;International (Europe);121,0;121,0;2,78;0,6;0,38;1,11;1,58;1,2;0,57;0,5;0,5;37,0;0,51;6,0;0,5;0,51
Poland II Liga;Poland;121,0;120,0;2,88;0,57;0,14;1,25;1,51;1,37;0,52;0,55;0,45;11,0;0,73;2,0;0,5;0,61
Senegal Premier League;Senegal;121,0;120,0;1,55;0,87;0,21;0,21;0,88;0,67;0,57;0,33;0,67;5,0;0,4;0,0;0,0;0,2
Hungary NB I;Hungary;121,0;121,0;2,83;0,57;0,11;1,22;1,47;1,36;0,52;0,55;0,45;20,0;0,65;7,0;0,71;0,68
Indonesia U20 League;Indonesia;120,0;120,0;3,25;0,6;0,37;1,31;1,81;1,44;0,56;0,51;0,49;34,0;0,59;18,0;0,28;0,43
Scotland League One;Scotland;120,0;120,0;2,68;0,57;0,35;1,15;1,52;1,17;0,57;0,55;0,45;17,0;0,59;6,0;0,33;0,46
Brazil Campeonato Paulista A4;Brazil;120,0;120,0;1,91;0,73;0,22;0,52;1,07;0,84;0,56;0,35;0,65;8,0;0,5;0,0;0,0;0,25
Slovenia Cup;Slovenia;120,0;120,0;3,7;0,72;0,65;1,03;1,52;2,17;0,41;0,49;0,51;19,0;0,47;41,0;0,54;0,51
Spain Tercera Group 18;Spain;119,0;119,0;2,17;0,69;0,47;0,68;1,32;0,85;0,61;0,37;0,63;31,0;0,29;5,0;0,4;0,35
Italy Campionato Primavera 1;Italy;119,0;119,0;2,66;0,66;0,42;0,9;1,54;1,12;0,58;0,56;0,44;4,0;0,5;0,0;0,0;0,25
El Salvador Clausura;El Salvador;118,0;118,0;2,6;0,61;0,04;1,01;1,32;1,28;0,51;0,52;0,48;20,0;0,7;6,0;0,5;0,6
Israel Liga Bet North;Israel;118,0;118,0;3,25;0,62;0,43;1,23;1,84;1,41;0,57;0,47;0,53;35,0;0,34;17,0;0,65;0,49
Azerbaijan Premier League;Azerbaijan;118,0;118,0;2,64;0,69;0,05;0,83;1,35;1,3;0,51;0,47;0,53;28,0;0,61;18,0;0,61;0,61
Spain Tercera Group 4;Spain;118,0;118,0;2,62;0,62;0,5;0,99;1,56;1,06;0,6;0,4;0,6;13,0;0,38;0,0;0,0;0,19
UEFA Women's Champions League;International (Europe);117,0;117,0;3,48;0,51;0,47;1,69;1,97;1,5;0,57;0,48;0,52;44,0;0,41;32,0;0,56;0,49
Ghana Premier League;Ghana;117,0;116,0;1,93;0,79;0,55;0,4;1,24;0,69;0,64;0,36;0,64;47,0;0,36;1,0;0,0;0,18
Australia Cup Qualifying;Australia;117,0;117,0;3,69;0,53;0,15;1,74;1,92;1,77;0,52;0,62;0,38;24,0;0,67;20,0;0,55;0,61
Netherlands Derde Divisie;Netherlands;117,0;117,0;3,26;0,55;0,27;1,46;1,77;1,5;0,54;0,6;0,4;7,0;0,71;3,0;0,67;0,69
Israel Liga Alef South;Israel;117,0;117,0;2,91;0,56;0,1;1,29;1,5;1,4;0,52;0,57;0,43;7,0;0,57;1,0;0,0;0,29
Ethiopia Premier League Women;Ethiopia;117,0;116,0;2,51;0,62;0,05;0,94;1,28;1,23;0,51;0,38;0,62;34,0;0,26;25,0;0,36;0,31
Spain Tercera Group 10;Spain;116,0;116,0;2,62;0,63;0,43;0,96;1,53;1,09;0,58;0,48;0,52;14,0;0,43;1,0;0,0;0,21
Paraguay Reserve League;Paraguay;116,0;116,0;3,31;0,59;0,34;1,36;1,83;1,48;0,55;0,57;0,43;15,0;0,73;10,0;0,5;0,62
Spain Primera Federacion Women;Spain;116,0;116,0;2,55;0,57;0,34;1,09;1,45;1,1;0,57;0,52;0,48;27,0;0,44;7,0;0,29;0,37
Ukraine Vyscha Liga;Ukraine;116,0;116,0;2,58;0,69;0,18;0,8;1,38;1,2;0,54;0,39;0,61;28,0;0,36;14,0;0,5;0,43
Costa Rica Primera Division;Costa Rica;116,0;114,0;2,58;0,62;0,27;0,98;1,42;1,16;0,55;0,53;0,47;25,0;0,52;0,0;0,0;0,26
Spain Tercera Group 15;Spain;116,0;116,0;2,49;0,61;0,44;0,96;1,47;1,03;0,59;0,59;0,41;15,0;0,73;1,0;0,0;0,37
Scotland Championship;Scotland;114,0;113,0;2,46;0,68;0,38;0,8;1,42;1,04;0,58;0,46;0,54;15,0;0,47;3,0;0,67;0,57
CONCACAF Central American Cup;International (North & Central America);114,0;114,0;2,72;0,68;0,54;0,86;1,63;1,09;0,6;0,55;0,45;19,0;0,58;6,0;1,0;0,79
Israel Liga Alef North;Israel;114,0;114,0;2,84;0,64;0,04;1,02;1,4;1,44;0,49;0,57;0,43;10,0;0,8;4,0;0,75;0,78
Argentina Torneo A;Argentina;114,0;114,0;2,09;0,73;0,47;0,57;1,28;0,81;0,61;0,45;0,55;35,0;0,63;1,0;1,0;0,81
Spain Copa Federacion;Spain;113,0;113,0;2,63;0,68;0,29;0,84;1,46;1,17;0,56;0,49;0,51;10,0;0,4;6,0;0,33;0,37
Hungary NB II;Hungary;113,0;113,0;2,51;0,6;0,11;1,01;1,31;1,2;0,52;0,46;0,54;16,0;0,56;3,0;0,0;0,28
Mali Premiere Division;Mali;112,0;110,0;1,75;0,66;0,05;0,6;0,9;0,85;0,52;0,31;0,69;17,0;0,35;6,0;0,17;0,26
Indonesia Liga Nusantara;Indonesia;111,0;111,0;2,38;0,55;0,05;1,06;1,16;1,22;0,49;0,54;0,46;6,0;0,83;4,0;0,75;0,79
Slovakia 3. Liga;Slovakia;111,0;111,0;3,16;0,56;0,41;1,41;1,78;1,38;0,56;0,61;0,39;20,0;0,7;1,0;0,0;0,35
Egypt Cup;Egypt;111,0;111,0;1,95;0,77;0,71;0,46;1,33;0,62;0,68;0,38;0,62;46,0;0,39;1,0;0,0;0,2
Germany Landespokal;Germany;111,0;111,0;3,45;0,6;0,62;1,37;1,41;2,04;0,41;0,48;0,52;10,0;0,2;43,0;0,42;0,31
Wales Premier League;Wales;110,0;110,0;2,77;0,62;0,06;1,06;1,42;1,35;0,51;0,53;0,47;21,0;0,67;12,0;0,33;0,5
Austria 2. Liga;Austria;110,0;110,0;2,55;0,64;0,25;0,91;1,4;1,15;0,55;0,49;0,51;15,0;0,67;4,0;0,75;0,71
Iceland Cup;Iceland;110,0;110,0;4,6;0,48;0,29;2,41;2,45;2,15;0,53;0,69;0,31;31,0;0,68;27,0;0,74;0,71
Hong Kong 1st Division;Hong Kong;110,0;110,0;3,79;0,6;0,01;1,51;1,89;1,9;0,5;0,51;0,49;26,0;0,5;28,0;0,57;0,54
Malta Premier League;Malta;110,0;109,0;2,49;0,66;0,44;0,85;1,46;1,03;0,59;0,54;0,46;11,0;0,45;4,0;0,25;0,35
Germany Bundesliga Women;Germany;109,0;109,0;3,41;0,52;0,04;1,63;1,72;1,69;0,51;0,61;0,39;33,0;0,67;22,0;0,55;0,61
China FA Cup;China;109,0;109,0;2,78;0,64;0,63;1,01;1,07;1,71;0,39;0,43;0,57;7,0;0,29;47,0;0,47;0,38
Australia A-League Women;Australia;108,0;108,0;2,75;0,63;0,25;1,01;1,5;1,25;0,55;0,56;0,44;10,0;0,4;4,0;0,75;0,57
Austria Bundesliga;Austria;108,0;108,0;2,65;0,6;0,31;1,07;1,48;1,17;0,56;0,6;0,4;3,0;0,67;1,0;1,0;0,83
Cyprus Division 2;Cyprus;107,0;107,0;2,64;0,61;0,06;1,03;1,35;1,29;0,51;0,52;0,48;23,0;0,65;8,0;0,38;0,51
Austria Regionalliga Ost;Austria;107,0;107,0;2,99;0,66;0,28;1,0;1,64;1,36;0,55;0,47;0,53;14,0;0,36;3,0;0,33;0,35
USA MLS Next Pro League;USA;106,0;106,0;3,25;0,55;0,47;1,47;1,86;1,39;0,57;0,64;0,36;4,0;0,75;0,0;0,0;0,38
Thailand League Cup;Thailand;105,0;105,0;2,92;0,62;0,58;1,11;1,17;1,75;0,4;0,46;0,54;17,0;0,47;27,0;0,56;0,51
Denmark Cup;Denmark;105,0;105,0;3,33;0,52;0,29;1,6;1,52;1,81;0,46;0,58;0,42;13,0;0,46;41,0;0,63;0,55
Croatia HNL;Croatia;105,0;105,0;2,7;0,6;0,2;1,07;1,45;1,25;0,54;0,52;0,48;22,0;0,68;5,0;0,4;0,54
Italy Campionato Primavera 3;Italy;105,0;105,0;3,32;0,53;0,39;1,56;1,86;1,47;0,56;0,58;0,42;9,0;0,67;1,0;1,0;0,83
Malta Challenge League;Malta;105,0;105,0;3,41;0,54;0,06;1,57;1,73;1,68;0,51;0,61;0,39;12,0;0,67;17,0;0,47;0,57
UEFA Conference League;International (Europe);104,0;104,0;2,48;0,54;0,58;1,14;1,53;0,95;0,62;0,47;0,53;33,0;0,45;10,0;0,5;0,48
Tunisia League 1;Tunisia;104,0;104,0;1,71;0,77;0,6;0,39;1,15;0,56;0,67;0,27;0,73;34,0;0,18;6,0;0,67;0,42
Albania Championship;Albania;104,0;103,0;2,18;0,7;0,22;0,66;1,2;0,98;0,55;0,49;0,51;10,0;0,7;3,0;0,67;0,68
Spain Tercera Group 3;Spain;104,0;104,0;2,68;0,58;0,34;1,12;1,51;1,17;0,56;0,41;0,59;28,0;0,36;5,0;0,2;0,28
Uruguay Apertura;Uruguay;104,0;104,0;2,48;0,61;0,23;0,97;1,36;1,12;0,55;0,53;0,47;11,0;0,82;7,0;0,57;0,69
Slovakia Super Liga;Slovakia;104,0;104,0;2,67;0,58;0,25;1,12;1,46;1,21;0,55;0,49;0,51;17,0;0,65;3,0;0,33;0,49
Spain Tercera Group 8;Spain;104,0;104,0;2,39;0,61;0,26;0,92;1,33;1,07;0,55;0,53;0,47;23,0;0,39;1,0;1,0;0,7
Africa Cup of Nations;International (Africa);104,0;104,0;2,26;0,64;0,34;0,81;1,3;0,96;0,57;0,46;0,54;30,0;0,57;22,0;0,45;0,51
Switzerland 1.Liga Classic;Switzerland;103,0;103,0;3,17;0,57;0,25;1,35;1,71;1,46;0,54;0,59;0,41;11,0;0,55;3,0;1,0;0,77
Spain Copa De La Reina;Spain;103,0;103,0;3,18;0,65;0,93;1,1;1,13;2,06;0,35;0,43;0,57;13,0;0,62;37,0;0,32;0,47
Panama LPF;Panama;103,0;102,0;2,5;0,69;0,16;0,77;1,33;1,17;0,53;0,52;0,48;5,0;0,8;0,0;0,0;0,4
Paraguay Cup;Paraguay;102,0;102,0;2,49;0,71;0,51;0,72;0,99;1,5;0,4;0,34;0,66;12,0;0,25;21,0;0,38;0,32
Malaysia Cup;Malaysia;102,0;102,0;3,42;0,55;0,5;1,54;1,96;1,46;0,57;0,51;0,49;35,0;0,46;17,0;0,59;0,52
Switzerland Challenge League;Switzerland;102,0;102,0;2,94;0,65;0,16;1,02;1,55;1,39;0,53;0,54;0,46;18,0;0,78;4,0;0,75;0,76
South Korea Cup;South Korea;102,0;102,0;2,47;0,64;0,14;0,88;1,3;1,17;0,53;0,5;0,5;29,0;0,45;8,0;0,38;0,41
Coppa Italia;Italy;102,0;102,0;2,79;0,58;1,09;1,17;1,94;0,85;0,69;0,52;0,48;49,0;0,51;2,0;0,5;0,51
Spain Tercera Group 9;Spain;101,0;101,0;2,5;0,57;0,53;1,08;1,51;0,98;0,61;0,49;0,51;14,0;0,57;0,0;0,0;0,29
Zambia Super League;Zambia;101,0;99,0;1,84;0,69;0,44;0,58;1,14;0,7;0,62;0,38;0,62;15,0;0,2;2,0;0,5;0,35
Slovakia 2. Liga;Slovakia;100,0;100,0;2,76;0,62;0,26;1,05;1,51;1,25;0,55;0,58;0,42;7,0;0,71;2,0;0,5;0,61
Venezuela Primera Division;Venezuela;99,0;99,0;2,44;0,65;0,26;0,87;1,35;1,09;0,55;0,49;0,51;12,0;0,42;1,0;0,0;0,21
Portugal Campeonato Nacional II Women;Brazil;99,0;99,0;3,37;0,64;0,61;1,23;1,99;1,38;0,59;0,43;0,57;25,0;0,36;19,0;0,42;0,39
Northern Ireland Premier;Northern Ireland;99,0;98,0;3,05;0,59;0,38;1,26;1,72;1,33;0,56;0,57;0,43;20,0;0,65;13,0;0,54;0,59
Mexico Liga MX U19 Femenil;Mexico;99,0;99,0;2,4;0,64;0,73;0,86;1,57;0,84;0,65;0,41;0,59;16,0;0,5;7,0;0,57;0,54
Spain Tercera Group 14;Spain;98,0;98,0;2,47;0,63;0,29;0,91;1,38;1,09;0,56;0,5;0,5;24,0;0,54;2,0;1,0;0,77
USA USL Championship;USA;97,0;97,0;2,34;0,74;0,34;0,6;1,34;1,0;0,57;0,44;0,56;8,0;0,62;0,0;0,0;0,31
Oman League;Oman;97,0;97,0;2,54;0,65;0,12;0,88;1,33;1,21;0,52;0,48;0,52;14,0;0,5;9,0;0,44;0,47
Italy Serie C Play-Offs;Italy;96,0;95,0;2,14;0,83;0,2;0,37;1,17;0,97;0,55;0,46;0,54;3,0;0,67;0,0;0,0;0,33
Denmark Superligaen;Denmark;96,0;96,0;2,9;0,55;0,27;1,29;1,58;1,31;0,55;0,58;0,42;13,0;0,69;6,0;0,83;0,76
Italy Serie A Women;Italy;96,0;96,0;2,53;0,72;0,14;0,71;1,33;1,2;0,53;0,46;0,54;23,0;0,61;14,0;0,5;0,55
Uruguay Reserve League;Uruguay;96,0;96,0;2,82;0,54;0,2;1,29;1,31;1,51;0,46;0,54;0,46;9,0;0,67;2,0;0,0;0,33
Spain Tercera Group 16;Spain;96,0;96,0;3,17;0,56;0,5;1,4;1,83;1,33;0,58;0,54;0,46;25,0;0,48;11,0;0,64;0,56
Tanzania Premier League;Tanzania;95,0;95,0;1,94;0,75;0,38;0,49;1,16;0,78;0,6;0,33;0,67;24,0;0,25;14,0;0,29;0,27
South Korea K League 2;South Korea;95,0;95,0;2,66;0,61;0,01;1,03;1,33;1,34;0,5;0,58;0,42;11,0;0,45;4,0;0,0;0,23
Australia New South Wales Premier League;Australia;95,0;95,0;2,89;0,59;0,33;1,18;1,61;1,28;0,56;0,55;0,45;7,0;1,0;2,0;0,5;0,75
Bosnia & Herzegovina Premier Liga;Bosnia;95,0;94,0;1,99;0,7;0,12;0,6;1,05;0,94;0,53;0,35;0,65;28,0;0,54;6,0;0,33;0,43
Iraq Premier Division;Iraq;95,0;95,0;2,17;0,73;0,21;0,59;1,19;0,98;0,55;0,47;0,53;4,0;0,5;0,0;0,0;0,25
North & Central America - World Cup Qualifying;International (North & Central America);95,0;95,0;3,2;0,62;0,44;1,2;1,82;1,38;0,57;0,4;0,6;42,0;0,43;24,0;0,38;0,4
Bahrain Division 2;Bahrain;94,0;94,0;2,98;0,67;0,28;0,98;1,35;1,63;0,45;0,46;0,54;20,0;0,55;20,0;0,3;0,43
Rwanda Cup;Rwanda;94,0;94,0;2,23;0,77;0,36;0,51;1,3;0,94;0,58;0,41;0,59;21,0;0,38;2,0;0,0;0,19
Türkiye 2 Lig Kirmizi;Turkey;94,0;93,0;2,76;0,6;0,37;1,1;1,56;1,19;0,57;0,48;0,52;20,0;0,45;10,0;0,7;0,57
Cambodia Premier League;Cambodia;94,0;94,0;3,01;0,63;0,14;1,11;1,44;1,57;0,48;0,56;0,44;23,0;0,61;14,0;0,71;0,66
Italy Primavera Cup;Italy;93,0;93,0;3,16;0,56;1,05;1,38;2,11;1,05;0,67;0,57;0,43;15,0;0,4;0,0;0,0;0,2
UAE Reserve League;UAE;93,0;93,0;2,99;0,54;0,17;1,36;1,58;1,41;0,53;0,62;0,38;11,0;0,45;1,0;0,0;0,23
Togo Premier Division;Togo;93,0;91,0;1,58;0,79;0,18;0,34;0,88;0,7;0,56;0,32;0,68;9,0;0,67;0,0;0,0;0,33
Womens World Cup Qual;International (World);93,0;93,0;3,28;0,69;0,72;1,01;2,0;1,28;0,61;0,4;0,6;39,0;0,33;29,0;0,59;0,46
Croatia 2.NL;Croatia;92,0;92,0;2,49;0,59;0,55;1,03;1,52;0,97;0,61;0,45;0,55;17,0;0,41;2,0;0,0;0,21
England National League Premier Women;England;91,0;91,0;3,42;0,5;0,05;1,72;1,68;1,74;0,49;0,49;0,51;17,0;0,35;20,0;0,4;0,38
Croatia 1.NL;Croatia;91,0;91,0;2,33;0,63;0,66;0,85;1,49;0,84;0,64;0,41;0,59;14,0;0,57;0,0;0,0;0,29
Women’s International;International (World);91,0;91,0;2,92;0,61;0,79;1,13;1,86;1,07;0,64;0,42;0,58;31,0;0,23;7,0;0,71;0,47
Mauritania Division 1;Mauritania;90,0;90,0;2,47;0,62;0,24;0,94;1,36;1,11;0,55;0,5;0,5;12,0;0,42;3,0;0,67;0,54
Gambia Division 2;Gambia;90,0;90,0;2,21;0,64;0,12;0,8;1,17;1,04;0,53;0,51;0,49;2,0;1,0;0,0;0,0;0,5
Greece Super League Women;Greece;90,0;90,0;2,74;0,64;0,46;0,99;1,6;1,14;0,58;0,41;0,59;34,0;0,38;23,0;0,39;0,39
Wales League Cup;Wales;90,0;90,0;3,63;0,52;0,37;1,74;2,0;1,63;0,55;0,61;0,39;21,0;0,71;11,0;0,45;0,58
Morocco GNF 2;Morocco;90,0;90,0;1,93;0,65;0,18;0,67;1,06;0,88;0,55;0,39;0,61;1,0;1,0;0,0;0,0;0,5
Trinidad & Tobago Premier League;Trinidad & Tobago;90,0;90,0;3,44;0,48;0,07;1,77;1,69;1,76;0,49;0,57;0,43;15,0;0,47;10,0;0,5;0,48
Bolivia Primera Division;Bolivia;89,0;89,0;3,88;0,57;1,25;1,65;2,56;1,31;0,66;0,62;0,38;34,0;0,53;3,0;0,33;0,43
Belgium Reserve League;Belgium;89,0;88,0;3,88;0,53;0,62;1,81;2,25;1,63;0,58;0,67;0,33;14,0;0,64;6,0;0,67;0,65
Slovenia 2. SNL;Slovenia;89,0;89,0;2,66;0,68;0,51;0,84;1,58;1,08;0,59;0,48;0,52;20,0;0,6;7,0;0,71;0,66
North Macedonia First League;North Macedonia;89,0;89,0;2,85;0,68;0,34;0,91;1,6;1,26;0,56;0,38;0,62;28,0;0,46;11,0;0,45;0,46
Malaysia Super League;Malaysia;88,0;88,0;3,12;0,56;0,08;1,36;1,52;1,6;0,49;0,48;0,52;20,0;0,45;16,0;0,19;0,32
England FA National League Cup Women;England;88,0;88,0;3,32;0,51;0,18;1,64;1,75;1,57;0,53;0,52;0,48;16,0;0,56;11,0;0,36;0,46
England FA WSL 2;England;88,0;88,0;2,95;0,54;0,43;1,36;1,69;1,26;0,57;0,62;0,38;17,0;0,53;12,0;0,83;0,68
Brazil Serie B;Brazil;88,0;88,0;2,12;0,66;0,22;0,72;1,17;0,95;0,55;0,51;0,49;14,0;0,36;2,0;1,0;0,68
Copa Libertadores Qualification;International (South America);88,0;88,0;2,17;0,69;0,35;0,67;1,26;0,91;0,58;0,45;0,55;37,0;0,65;1,0;1,0;0,82
Netherlands U21 League;Netherlands;88,0;88,0;4,05;0,49;0,11;2,06;1,97;2,08;0,49;0,69;0,31;9,0;0,67;5,0;1,0;0,83
France Division 1 Women;France;88,0;88,0;2,78;0,57;0,35;1,18;1,22;1,57;0,44;0,42;0,58;19,0;0,26;19,0;0,37;0,32
Turkey Cup;Turkey;87,0;87,0;2,79;0,64;0,33;1,0;1,56;1,23;0,56;0,46;0,54;28,0;0,5;13,0;0,54;0,52
Türkiye 3.Lig Group 4;Turkey;87,0;86,0;2,64;0,63;0,14;0,97;1,25;1,39;0,47;0,41;0,59;18,0;0,61;8,0;0,25;0,43
Malaysia Liga A1 Semi Pro;Malaysia;87,0;87,0;2,91;0,69;0,24;0,92;1,57;1,33;0,54;0,4;0,6;22,0;0,41;17,0;0,18;0,29
Spain Tercera Group 11;Spain;86,0;86,0;3,01;0,64;0,55;1,1;1,78;1,23;0,59;0,47;0,53;22,0;0,36;5,0;0,6;0,48
Albania First Division;Albania;86,0;85,0;2,31;0,68;0,15;0,73;1,23;1,08;0,53;0,47;0,53;24,0;0,62;8,0;0,5;0,56
Montenegro Prva Liga;Montenegro;86,0;86,0;2,16;0,77;0,28;0,49;1,22;0,94;0,56;0,41;0,59;5,0;0,4;0,0;0,0;0,2
Luxembourg Division Nationale;Luxembourg;86,0;86,0;2,79;0,63;0,21;1,03;1,29;1,5;0,46;0,51;0,49;13,0;0,54;10,0;0,3;0,42
Czechia 2. Liga;Czech Republic;86,0;86,0;2,52;0,62;0,17;0,96;1,35;1,17;0,53;0,47;0,53;10,0;0,7;2,0;0,5;0,6
Finland Liigacup;Finland;86,0;86,0;3,2;0,51;0,22;1,56;1,71;1,49;0,53;0,59;0,41;13,0;0,62;5,0;0,2;0,41
Australia New South Wales League 1;Australia;86,0;86,0;3,12;0,62;0,19;1,17;1,65;1,47;0,53;0,65;0,35;6,0;0,67;0,0;0,0;0,33
UEFA Youth League;International (Europe);86,0;86,0;4,01;0,52;0,59;1,93;2,3;1,71;0,57;0,59;0,41;21,0;0,52;10,0;0,4;0,46
Chile Primera B;Chile;85,0;84,0;2,85;0,54;0,35;1,32;1,6;1,25;0,56;0,64;0,36;0,0;0,0;0,0;0,0;0,0
Zanzibar Premier League;Tanzania;85,0;85,0;2,24;0,73;0,33;0,6;1,28;0,95;0,57;0,42;0,58;13,0;0,46;2,0;0,5;0,48
Cambodia Cup;Cambodia;85,0;85,0;3,72;0,72;0,16;1,05;1,94;1,78;0,52;0,52;0,48;24,0;0,5;16,0;0,5;0,5
Cameroon Elite One;Cameroon;85,0;85,0;2,26;0,7;0,42;0,68;1,34;0,92;0,59;0,44;0,56;7,0;0,71;0,0;0,0;0,36
Guatemala Segunda Division;Guatemala;85,0;85,0;2,88;0,54;0,88;1,34;1,88;1,0;0,65;0,47;0,53;17,0;0,41;2,0;0,5;0,46
Portugal Cup Women;Portugal;85,0;85,0;3,46;0,61;0,54;1,36;2,0;1,46;0,58;0,45;0,55;28,0;0,54;26,0;0,27;0,4
Uzbekistan PFL;Uzbekistan;84,0;84,0;2,56;0,57;0,08;1,09;1,32;1,24;0,52;0,55;0,45;10,0;0,5;3,0;0,0;0,25
Brazil Copa Rio;Brazil;84,0;84,0;1,87;0,7;0,13;0,55;1,0;0,87;0,54;0,31;0,69;11,0;0,27;7,0;0,43;0,35
Switzerland 1.Liga Promotion;Switzerland;84,0;84,0;3,42;0,57;0,15;1,48;1,79;1,63;0,52;0,62;0,38;4,0;1,0;2,0;0,5;0,75
South Korea K League 1;South Korea;84,0;84,0;2,25;0,67;0,04;0,74;1,11;1,14;0,49;0,51;0,49;7,0;0,43;0,0;0,0;0,21
Croatia Cup;Croatia;83,0;83,0;3,1;0,71;0,42;0,89;1,34;1,76;0,43;0,4;0,6;14,0;0,14;30,0;0,53;0,34
Qatar Stars League;Qatar;83,0;83,0;3,47;0,53;0,24;1,64;1,61;1,86;0,47;0,69;0,31;10,0;0,6;8,0;1,0;0,8
Slovenia U19 League;Slovenia;83,0;83,0;3,66;0,47;0,1;1,94;1,88;1,78;0,51;0,63;0,37;17,0;0,59;7,0;0,43;0,51
Spain U19 Cup;Spain;83,0;83,0;3,1;0,64;0,86;1,11;1,98;1,12;0,64;0,57;0,43;16,0;0,56;0,0;0,0;0,28
Hong Kong FA Cup Junior Division;Hong Kong;82,0;82,0;3,9;0,59;0,61;1,61;2,26;1,65;0,58;0,6;0,4;25,0;0,6;14,0;0,5;0,55
Greece Super League U19;Greece;82,0;82,0;2,51;0,61;0,15;0,98;1,33;1,18;0,53;0,46;0,54;21,0;0,33;10,0;0,4;0,37
Serbia U19 League;Serbia;82,0;82,0;3,57;0,58;0,57;1,49;2,07;1,5;0,58;0,61;0,39;16,0;0,62;4,0;0,25;0,44
Scotland Lowland League;Scotland;82,0;82,0;3,93;0,44;0,39;2,21;2,16;1,77;0,55;0,7;0,3;11,0;0,55;8,0;0,62;0,59
Bosnia & Herzegovina Cup;Bosnia;82,0;82,0;2,61;0,66;0,41;0,88;1,51;1,1;0,58;0,35;0,65;23,0;0,35;19,0;0,42;0,38
England Super League Women;England;82,0;82,0;3,1;0,66;0,37;1,05;1,73;1,37;0,56;0,56;0,44;23,0;0,65;16,0;0,5;0,58
Montenegro Druga Liga;Montenegro;82,0;82,0;2,61;0,66;0,51;0,89;1,56;1,05;0,6;0,41;0,59;14,0;0,57;4,0;0,5;0,54
Morocco GNF 1;Morocco;82,0;82,0;2,17;0,69;0,12;0,68;1,15;1,02;0,53;0,49;0,51;15,0;0,33;9,0;0,56;0,44
Hong Kong 2nd Division;Hong Kong;81,0;81,0;3,54;0,66;0,09;1,19;1,73;1,81;0,49;0,58;0,42;16,0;0,69;12,0;0,58;0,64
Andorra Premier Division;Andorra;81,0;81,0;2,72;0,7;0,22;0,82;1,47;1,25;0,54;0,37;0,63;25,0;0,28;22,0;0,27;0,28
Netherlands Eredivisie Women;Netherlands;81,0;81,0;3,32;0,6;0,56;1,34;1,94;1,38;0,58;0,52;0,48;25,0;0,52;20,0;0,55;0,54
Malta FA Trophy;Malta;81,0;81,0;2,83;0,58;0,53;1,18;1,68;1,15;0,59;0,42;0,58;29,0;0,28;10,0;0,3;0,29
Slovenia Prva Liga;Slovenia;80,0;80,0;3,1;0,53;0,48;1,46;1,79;1,31;0,58;0,6;0,4;17,0;0,65;5,0;0,6;0,62
Saudi Arabia U21 League;Saudi Arabia;80,0;80,0;3,28;0,52;0,32;1,57;1,8;1,48;0,55;0,68;0,32;11,0;0,73;5,0;0,8;0,76
Uruguay Cup;Uruguay;80,0;80,0;2,62;0,59;0,15;1,09;1,39;1,24;0,53;0,49;0,51;14,0;0,36;18,0;0,5;0,43
Croatia 3.NL;Croatia;79,0;79,0;3,19;0,53;0,71;1,49;1,95;1,24;0,61;0,54;0,46;12,0;0,42;0,0;0,0;0,21
Vietnam V-League;Vietnam;79,0;79,0;2,62;0,61;0,27;1,02;1,44;1,18;0,55;0,53;0,47;17,0;0,53;7,0;0,57;0,55
England League Cup Women;England;79,0;79,0;3,44;0,6;0,15;1,39;1,65;1,8;0,48;0,54;0,46;23,0;0,61;19,0;0,58;0,59
England Southern Premier League South;England;79,0;79,0;3,28;0,57;0,67;1,43;1,97;1,3;0,6;0,58;0,42;7,0;0,43;1,0;0,0;0,21
Bosnia & Herzegovina 1st League;Bosnia;79,0;79,0;2,37;0,65;0,85;0,83;1,61;0,76;0,68;0,35;0,65;24,0;0,29;0,0;0,0;0,15
Czechia Youth League;Czech Republic;77,0;77,0;3,42;0,56;0,51;1,49;1,96;1,45;0,57;0,69;0,31;6,0;0,67;3,0;0,33;0,5
Azerbaijan Division 1;Azerbaijan;77,0;77,0;2,78;0,69;0,1;0,86;1,44;1,34;0,52;0,48;0,52;15,0;0,6;14,0;0,29;0,44
Belgium Cup;Belgium;77,0;76,0;3,06;0,56;0,55;1,35;1,81;1,26;0,59;0,53;0,47;22,0;0,55;11,0;0,45;0,5
Indonesia Liga 4;Indonesia;77,0;77,0;3,0;0,64;0,04;1,09;1,52;1,48;0,51;0,49;0,51;15,0;0,6;7,0;0,71;0,66
Saint Kitts & Nevis Premier League;Saint Kitts & Nevis;77,0;75,0;3,7;0,61;0,01;1,44;1,86;1,84;0,5;0,53;0,47;19,0;0,58;18,0;0,5;0,54
Venezuela Segunda Division;Venezuela;77,0;77,0;2,38;0,61;0,01;0,93;1,19;1,18;0,5;0,58;0,42;10,0;0,5;0,0;0,0;0,25
Jordan Shield Cup;Jordan;77,0;77,0;2,26;0,66;0,13;0,76;1,19;1,06;0,53;0,48;0,52;12,0;0,75;10,0;0,3;0,52
Denmark Division 1;Denmark;77,0;77,0;2,77;0,62;0,19;1,06;1,48;1,29;0,54;0,55;0,45;5,0;0,8;1,0;1,0;0,9
Brazil Serie A U20;Brazil;76,0;75,0;3,2;0,69;0,25;1,01;1,72;1,47;0,54;0,62;0,38;9,0;0,78;0,0;0,0;0,39
Norway Eliteserien;Norway;76,0;76,0;3,17;0,53;0,67;1,49;1,92;1,25;0,61;0,54;0,46;17,0;0,41;8,0;0,62;0,52
UAE Premier League;UAE;76,0;76,0;2,87;0,57;0,11;1,23;1,38;1,49;0,48;0,55;0,45;14,0;0,43;10,0;0,6;0,51
Bahrain Premier League;Bahrain;76,0;76,0;2,33;0,62;0,01;0,88;1,16;1,17;0,5;0,36;0,64;14,0;0,36;13,0;0,46;0,41
China Super League;China;76,0;76,0;2,86;0,64;0,49;1,02;1,67;1,18;0,59;0,54;0,46;17,0;0,65;5,0;0,6;0,62
Türkiye 3.Lig Group 3;Turkey;75,0;74,0;2,27;0,73;0,32;0,61;1,29;0,97;0,57;0,4;0,6;13,0;0,46;5,0;0,4;0,43
Senegal League Cup;Senegal;75,0;75,0;1,67;0,81;0,2;0,32;0,73;0,93;0,44;0,36;0,64;6,0;0,17;5,0;0,4;0,28
Spain Tercera Group 12;Spain;74,0;74,0;2,59;0,57;0,51;1,12;1,55;1,04;0,6;0,53;0,47;12,0;0,58;2,0;1,0;0,79
Saudi Arabia Division 2;Saudi Arabia;74,0;74,0;2,66;0,61;0,47;1,05;1,57;1,09;0,59;0,61;0,39;9,0;0,33;4,0;0,75;0,54
Nicaragua Clausura;Nicaragua;74,0;74,0;2,69;0,65;0,04;0,93;1,36;1,32;0,51;0,47;0,53;19,0;0,68;7,0;0,29;0,48
UEFA Women's Champions League Qualifying;International (Europe);73,0;73,0;3,29;0,53;0,44;1,56;1,86;1,42;0,57;0,48;0,52;26,0;0,35;12,0;0,42;0,38
Suriname Major League;Suriname;73,0;73,0;3,11;0,58;0,04;1,29;1,58;1,53;0,51;0,55;0,45;15,0;0,6;12,0;0,5;0,55
USA USL Super League Women;USA;73,0;73,0;2,49;0,49;0,19;1,28;1,15;1,34;0,46;0,42;0,58;6,0;0,33;1,0;1,0;0,67
Brazil Copa Verde;Brazil;72,0;71,0;2,94;0,7;0,78;0,87;1,86;1,08;0,63;0,51;0,49;26,0;0,5;2,0;0,5;0,5
Brazil Campeonato Paulista;Brazil;72,0;72,0;2,33;0,61;0,64;0,91;1,49;0,85;0,64;0,42;0,58;21,0;0,33;5,0;0,8;0,57
Wales Cup;Wales;72,0;72,0;3,78;0,55;0,42;1,69;2,1;1,68;0,56;0,6;0,4;23,0;0,52;14,0;0,93;0,73
Israel Youth Cup;Israel;72,0;72,0;3,18;0,54;0,07;1,45;1,56;1,62;0,49;0,58;0,42;12,0;0,42;11,0;0,64;0,53
Myanmar Cup;Myanmar;71,0;71,0;3,73;0,7;0,58;1,12;1,58;2,15;0,42;0,55;0,45;19,0;0,53;20,0;0,6;0,56
Poland Youth League;Poland;71,0;71,0;3,42;0,61;0,41;1,33;1,92;1,51;0,56;0,61;0,39;11,0;0,64;0,0;0,0;0,32
Denmark Future Cup;Denmark;71,0;71,0;3,93;0,5;0,01;1,96;1,97;1,96;0,5;0,7;0,3;6,0;0,67;1,0;1,0;0,83
Brazil Copa Gaucho;Brazil;70,0;70,0;2,67;0,66;0,84;0,9;1,76;0,91;0,66;0,44;0,56;10,0;0,3;2,0;0,5;0,4
Cyprus Cup;Cyprus;70,0;70,0;3,3;0,59;0,19;1,36;1,74;1,56;0,53;0,56;0,44;27,0;0,63;14,0;0,36;0,49
Dominican Republic Liga;Dominican Republic;70,0;70,0;2,36;0,66;0,13;0,8;1,24;1,11;0,53;0,4;0,6;6,0;0,67;2,0;0,0;0,33
South Africa Cup;South Africa;70,0;70,0;2,4;0,72;0,23;0,67;1,31;1,09;0,55;0,5;0,5;20,0;0,4;10,0;0,6;0,5
Qatar Reserve League;Qatar;70,0;70,0;2,5;0,71;0,16;0,72;1,33;1,17;0,53;0,5;0,5;0,0;0,0;0,0;0,0;0,0
Kosovo Superliga;Kosovo;69,0;69,0;2,36;0,65;0,36;0,82;1,36;1,0;0,58;0,51;0,49;7,0;0,71;0,0;0,0;0,36
Finland Kolmonen;Finland;69,0;69,0;3,91;0,57;0,06;1,69;1,93;1,99;0,49;0,7;0,3;7,0;0,57;4,0;0,75;0,66
Republic of Ireland Leinster Senior League;Ireland;69,0;69,0;3,64;0,55;0,01;1,64;1,83;1,81;0,5;0,67;0,33;8,0;0,75;4,0;0,75;0,75
South Africa National Div 1;South Africa;69,0;68,0;2,06;0,72;0,64;0,57;1,35;0,71;0,65;0,42;0,58;2,0;0,5;0,0;0,0;0,25
Swiss Cup;Switzerland;69,0;69,0;3,07;0,62;1,16;1,18;0,96;2,12;0,31;0,51;0,49;1,0;1,0;38,0;0,58;0,79
Brazil Campeonato Catarinense;Brazil;69,0;69,0;2,38;0,69;0,46;0,74;1,42;0,96;0,6;0,45;0,55;16,0;0,5;2,0;1,0;0,75
Hong Kong Premier League;Hong Kong;68,0;68,0;3,38;0,6;0,47;1,35;1,93;1,46;0,57;0,56;0,44;16,0;0,38;10,0;0,5;0,44
Jordan League;Jordan;68,0;68,0;2,82;0,63;0,06;1,05;1,38;1,44;0,49;0,5;0,5;16,0;0,44;13,0;0,62;0,53
Tunisia Cup;Tunisia;68,0;67,0;2,4;0,81;0,25;0,45;1,32;1,07;0,55;0,46;0,54;19,0;0,53;10,0;0,5;0,51
Uganda Cup;Uganda;68,0;68,0;2,28;0,64;0,16;0,83;1,22;1,06;0,54;0,29;0,71;15,0;0,2;6,0;0,17;0,18
Mexico Copa Conecta;Mexico;68,0;68,0;2,59;0,65;0,0;0,9;1,29;1,29;0,5;0,51;0,49;1,0;1,0;7,0;0,43;0,71
England Southern League Div One;England;68,0;68,0;3,37;0,48;0,51;1,76;1,94;1,43;0,58;0,59;0,41;13,0;0,46;4,0;0,5;0,48
Brazil Campeonato Goiano;Brazil;67,0;67,0;2,51;0,61;0,45;0,99;1,48;1,03;0,59;0,48;0,52;11,0;0,45;2,0;0,5;0,48
Denmark Division 2;Denmark;67,0;67,0;2,55;0,67;0,28;0,85;1,42;1,13;0,56;0,52;0,48;10,0;0,7;3,0;0,67;0,68
Azerbaijan Cup;Azerbaijan;67,0;67,0;2,79;0,66;0,19;0,94;1,49;1,3;0,53;0,48;0,52;20,0;0,65;13,0;0,62;0,63
Republic of Ireland FAI Cup;Ireland;67,0;67,0;3,39;0,62;0,76;1,28;2,07;1,31;0,61;0,39;0,61;25,0;0,32;12,0;0,42;0,37
Northern Ireland Cup;Northern Ireland;67,0;67,0;3,06;0,51;0,4;1,48;1,73;1,33;0,57;0,49;0,51;26,0;0,42;14,0;0,43;0,43
Czechia 5. Liga;Czech Republic;67,0;67,0;3,6;0,58;0,79;1,52;2,19;1,4;0,61;0,63;0,37;9,0;0,67;0,0;0,0;0,33
Republic of Ireland Premier Division;Ireland;67,0;67,0;2,61;0,69;0,25;0,82;1,43;1,18;0,55;0,54;0,46;14,0;0,79;3,0;0,33;0,56
Sweden Cup;Sweden;67,0;67,0;3,37;0,55;0,57;1,51;1,97;1,4;0,58;0,46;0,54;22,0;0,55;11,0;0,36;0,45
Scotland Women Premier League;Scotland;66,0;66,0;3,48;0,62;0,12;1,33;1,8;1,68;0,52;0,5;0,5;15,0;0,07;16,0;0,5;0,28
Brazil Serie A1 Women;Brazil;66,0;66,0;2,67;0,56;0,42;1,16;1,55;1,12;0,58;0,59;0,41;26,0;0,62;8,0;0,62;0,62
India Super Cup;India;66,0;66,0;2,74;0,56;0,53;1,22;1,64;1,11;0,6;0,45;0,55;15,0;0,53;8,0;0,5;0,52
Australia NPL Victoria;Australia;66,0;66,0;2,8;0,52;0,14;1,35;1,47;1,33;0,52;0,56;0,44;4,0;0,75;1,0;1,0;0,88
Ecuador Cup;Ecuador;66,0;65,0;2,23;0,76;0,23;0,53;1,0;1,23;0,45;0,45;0,55;7,0;0,57;13,0;0,46;0,52
Croatia U19 League;Croatia;66,0;66,0;3,27;0,54;0,18;1,51;1,73;1,55;0,53;0,56;0,44;16,0;0,62;7,0;0,43;0,53
Rwanda Womens League;Rwanda;66,0;66,0;2,65;0,66;0,14;0,89;1,39;1,26;0,53;0,44;0,56;8,0;0,38;11,0;0,45;0,41
Greece Super League 2 U19;Greece;65,0;65,0;2,92;0,62;0,4;1,1;1,66;1,26;0,57;0,4;0,6;19,0;0,32;12,0;0,5;0,41
Japan League Cup Women;Japan;65,0;65,0;2,49;0,67;0,06;0,82;1,22;1,28;0,49;0,54;0,46;12,0;0,83;4,0;1,0;0,92
Bulgaria Cup;Bulgaria;65,0;65,0;2,72;0,62;0,54;1,04;1,09;1,63;0,4;0,35;0,65;16,0;0,44;22,0;0,27;0,36
Spain Segunda Division RFEF Play-Offs;Spain;65,0;65,0;2,03;0,78;0,34;0,45;1,18;0,85;0,58;0,4;0,6;7,0;0,57;0,0;0,0;0,29
South Korea K3 League;South Korea;65,0;65,0;2,62;0,66;0,25;0,88;1,43;1,18;0,55;0,51;0,49;7,0;0,57;0,0;0,0;0,29
Myanmar National League;Myanmar;65,0;63,0;3,52;0,6;0,42;1,39;1,55;1,97;0,44;0,6;0,4;11,0;0,36;13,0;0,46;0,41
Australia Cup;Australia;65,0;65,0;3,35;0,59;0,46;1,39;1,45;1,91;0,43;0,51;0,49;6,0;0,67;23,0;0,43;0,55
FIFA Club World Cup;International (World);65,0;65,0;3,02;0,72;0,65;0,83;1,83;1,18;0,61;0,46;0,54;23,0;0,52;9,0;0,44;0,48
Jamaica Premier League;Jamaica;65,0;65,0;3,12;0,66;0,54;1,07;1,83;1,29;0,59;0,49;0,51;10,0;0,6;5,0;1,0;0,8
France Cup Women;France;64,0;64,0;3,45;0,57;0,33;1,49;1,56;1,89;0,45;0,44;0,56;18,0;0,17;23,0;0,48;0,32
Uganda Super League Women;Uganda;64,0;64,0;2,25;0,72;0,5;0,64;1,38;0,88;0,61;0,33;0,67;14,0;0,36;7,0;0,43;0,39
Türkiye 3.Lig Group 2;Turkey;64,0;64,0;2,53;0,68;0,38;0,81;1,45;1,08;0,57;0,53;0,47;1,0;0,0;0,0;0,0;0,0
Denmark Division 3;Denmark;64,0;64,0;2,92;0,65;0,52;1,03;1,72;1,2;0,59;0,53;0,47;4,0;0,25;2,0;0,0;0,12
Australia New South Wales U20 League;Australia;64,0;64,0;3,75;0,49;0,03;1,9;1,89;1,86;0,5;0,69;0,31;5,0;0,8;1,0;1,0;0,9
Japan Cup Women;Japan;63,0;62,0;2,7;0,63;0,32;1,0;1,51;1,19;0,56;0,49;0,51;23,0;0,61;10,0;0,4;0,5
China Division 1;China;63,0;63,0;2,37;0,7;0,3;0,72;1,33;1,03;0,56;0,44;0,56;11,0;0,45;3,0;0,67;0,56
India Super League;India;63,0;63,0;2,46;0,61;0,33;0,97;1,4;1,06;0,57;0,54;0,46;20,0;0,5;4,0;0,5;0,5
Hong Kong U22 League;Hong Kong;63,0;63,0;3,48;0,58;0,02;1,47;1,73;1,75;0,5;0,6;0,4;7,0;0,57;6,0;0,83;0,7
Vietnam U19 Championship;Vietnam;63,0;63,0;3,51;0,75;0,84;0,87;2,17;1,33;0,62;0,41;0,59;16,0;0,44;11,0;0,55;0,49
Brazil Campeonato Gaucho;Brazil;63,0;63,0;2,32;0,6;0,38;0,92;1,35;0,97;0,58;0,51;0,49;14,0;0,5;4,0;0,25;0,38
Belgium Super League Women;Belgium;63,0;63,0;3,16;0,51;0,05;1,56;1,56;1,6;0,49;0,59;0,41;19,0;0,53;10,0;0,8;0,66
Israel Division 1 Women;Israel;62,0;61,0;3,31;0,64;0,24;1,19;1,77;1,53;0,54;0,44;0,56;24,0;0,5;14,0;0,29;0,39
Australia Victoria Premier League 1;Australia;62,0;62,0;3,34;0,5;0,5;1,66;1,92;1,42;0,57;0,61;0,39;2,0;0,0;0,0;0,0;0,0
Albania Cup;Albania;62,0;62,0;2,26;0,74;0,58;0,59;1,42;0,84;0,63;0,42;0,58;23,0;0,52;1,0;0,0;0,26
Vietnam V-League 2;Vietnam;62,0;62,0;2,37;0,73;0,6;0,64;1,48;0,89;0,63;0,45;0,55;15,0;0,6;4,0;0,5;0,55
Copa Libertadores Women;International (South America);62,0;62,0;2,15;0,84;0,34;0,34;1,24;0,9;0,58;0,26;0,74;23,0;0,39;8,0;0,12;0,26
Georgia Erovnuli Liga;Georgia;62,0;62,0;2,63;0,64;0,11;0,94;1,37;1,26;0,52;0,55;0,45;12,0;0,58;3,0;0,33;0,46
Seychelles Premier League;Seychelles;62,0;61,0;3,15;0,56;0,15;1,37;1,5;1,65;0,48;0,6;0,4;12,0;0,58;3,0;0,67;0,62
Hong Kong 3rd Division;Hong Kong;62,0;62,0;3,68;0,46;0,45;1,97;2,06;1,61;0,56;0,58;0,42;9,0;0,44;8,0;0,5;0,47
Angola Girabola;Angola;62,0;62,0;2,16;0,72;0,39;0,6;1,27;0,89;0,59;0,4;0,6;17,0;0,35;3,0;0,67;0,51
Serbia Cup;Serbia;61,0;60,0;2,84;0,58;0,28;1,2;1,56;1,28;0,55;0,57;0,43;18,0;0,72;11,0;0,36;0,54
Saudi Arabia Cup;Saudi Arabia;61,0;61,0;2,74;0,49;0,18;1,38;1,28;1,46;0,47;0,56;0,44;16,0;0,56;16,0;0,62;0,59
Portugal Campeonato Nacional Women;Brazil;61,0;61,0;2,75;0,55;0,07;1,24;1,34;1,41;0,49;0,52;0,48;20,0;0,6;11,0;0,36;0,48
France Division 2 Women;France;61,0;61,0;2,66;0,52;0,23;1,27;1,44;1,21;0,54;0,54;0,46;5,0;0,6;3,0;0,67;0,63
Oman Sultans Cup;Oman;61,0;60,0;2,03;0,78;0,03;0,45;1,03;1,0;0,51;0,34;0,66;8,0;0,25;4,0;0,5;0,38
Copa Libertadores U20;International (South America);61,0;60,0;3,0;0,64;0,02;1,07;1,49;1,51;0,5;0,54;0,46;18,0;0,56;5,0;0,4;0,48
Australia NPL Victoria Women;Australia;60,0;60,0;3,65;0,49;0,18;1,86;1,73;1,92;0,47;0,62;0,38;5,0;0,4;6,0;0,67;0,53
Brazil Campeonato Carioca;Brazil;60,0;59,0;2,57;0,7;0,47;0,77;1,52;1,05;0,59;0,52;0,48;15,0;0,47;1,0;1,0;0,73
South America - World Cup Qualifying;International (South America);60,0;60,0;2,08;0,89;0,95;0,23;1,52;0,57;0,73;0,32;0,68;28,0;0,29;6,0;1,0;0,64
Vietnam Cup;Vietnam;60,0;60,0;2,5;0,66;0,17;0,85;1,33;1,17;0,53;0,52;0,48;16,0;0,44;3,0;0,33;0,39
Colombia Liga Femenina;Colombia;60,0;60,0;2,47;0,63;0,6;0,92;1,53;0,93;0,62;0,43;0,57;20,0;0,35;12,0;0,67;0,51
Iceland League Cup B;Iceland;60,0;60,0;4,87;0,45;0,5;2,65;2,68;2,18;0,55;0,75;0,25;12,0;0,42;10,0;0,6;0,51
Algeria Elite Championship Women;Algeria;60,0;60,0;3,25;0,73;1,18;0,89;2,22;1,03;0,68;0,35;0,65;25,0;0,4;14,0;0,5;0,45
Finland Ykkoscup;Finland;59,0;59,0;2,78;0,6;0,2;1,11;1,49;1,29;0,54;0,63;0,37;7,0;0,43;2,0;1,0;0,71
Iceland Pre-Season Cup;Iceland;59,0;59,0;4,63;0,43;0,56;2,65;2,59;2,03;0,56;0,78;0,22;17,0;0,82;11,0;0,91;0,87
USA NWSL Women;USA;59,0;59,0;2,47;0,57;0,37;1,06;1,42;1,05;0,58;0,47;0,53;5,0;0,6;1,0;1,0;0,8
Fiji Cup;Fiji;59,0;59,0;2,59;0,79;0,69;0,54;1,64;0,95;0,63;0,39;0,61;8,0;0,25;2,0;1,0;0,62
Brazil Campeonato Mineiro;Brazil;59,0;59,0;2,32;0,79;0,12;0,5;1,1;1,22;0,47;0,51;0,49;11,0;0,55;6,0;0,83;0,69
Lebanon League;Lebanon;59,0;58,0;2,22;0,69;0,22;0,69;1,0;1,22;0,45;0,32;0,68;15,0;0,4;14,0;0,5;0,45
Republic of Ireland First Division;Ireland;59,0;59,0;2,36;0,57;0,39;1,01;1,37;0,98;0,58;0,54;0,46;5,0;0,8;1,0;0,0;0,4
Denmark Play-Offs Women;Denmark;59,0;57,0;3,08;0,67;0,51;1,02;1,8;1,29;0,58;0,56;0,44;12,0;0,5;9,0;0,44;0,47
China Division 2;China;59,0;59,0;2,39;0,67;0,08;0,78;1,24;1,15;0,52;0,54;0,46;9,0;0,44;0,0;0,0;0,22
Spain Tercera Group 17;Spain;59,0;59,0;2,25;0,68;0,22;0,73;1,02;1,24;0,45;0,41;0,59;8,0;0,38;3,0;0,67;0,52
AFC Asian Cup Qualifiers;International (Asia);58,0;58,0;2,84;0,69;0,36;0,87;1,6;1,24;0,56;0,43;0,57;18,0;0,39;15,0;0,07;0,23
Norway Youth Cup;Norway;58,0;58,0;4,62;0,47;0,21;2,45;2,41;2,21;0,52;0,69;0,31;14,0;0,5;12,0;0,83;0,67
Coppa Italia Women;Italy;58,0;57,0;3,16;0,6;0,02;1,27;1,57;1,59;0,5;0,45;0,55;15,0;0,4;18,0;0,5;0,45
England Isthmian Division One South;England;58,0;58,0;2,9;0,63;0,31;1,06;1,6;1,29;0,55;0,57;0,43;5,0;1,0;1,0;1,0;1,0
Japan Regional League;Japan;58,0;58,0;2,9;0,83;0,03;0,5;1,43;1,47;0,49;0,36;0,64;8,0;0,38;6,0;0,17;0,27
UAE Youth League;UAE;58,0;58,0;3,67;0,53;0,29;1,73;1,98;1,69;0,54;0,6;0,4;19,0;0,74;11,0;0,45;0,6
Liberia National League Women;Liberia;58,0;58,0;3,33;0,71;0,12;0,97;1,6;1,72;0,48;0,45;0,55;18,0;0,5;10,0;0,4;0,45
Liberia First Division;Liberia;58,0;58,0;2,69;0,72;0,14;0,75;1,41;1,28;0,53;0,53;0,47;8,0;0,62;3,0;1,0;0,81
Hungary NBI Women;Hungary;58,0;58,0;3,84;0,61;0,36;1,49;1,74;2,1;0,45;0,45;0,55;12,0;0,42;23,0;0,43;0,43
Namibia Premier League;Namibia;57,0;52,0;2,18;0,88;0,14;0,27;1,16;1,02;0,53;0,4;0,6;4,0;0,5;2,0;0,5;0,5
Mauritania Division 2;Mauritania;57,0;57,0;2,3;0,62;0,12;0,87;1,09;1,21;0,47;0,51;0,49;8,0;0,75;0,0;0,0;0,38
Panama Liga de Futbol Nacional;Panama;57,0;57,0;3,39;0,54;0,09;1,56;1,74;1,65;0,51;0,6;0,4;3,0;0,67;2,0;1,0;0,83
Curacao League;Curacao;57,0;54,0;3,44;0,55;0,07;1,56;1,68;1,75;0,49;0,54;0,46;9,0;0,44;5,0;0,6;0,52
Costa Rica Cup;Costa Rica;57,0;56,0;2,81;0,71;0,67;0,81;1,74;1,07;0,62;0,54;0,46;15,0;0,6;4,0;0,75;0,68
Qatar Cup;Qatar;56,0;56,0;3,04;0,62;0,43;1,17;1,73;1,3;0,57;0,71;0,29;15,0;0,67;1,0;1,0;0,83
Copa do Brazil Women;Brazil;56,0;56,0;2,96;0,55;0,61;1,32;1,79;1,18;0,6;0,54;0,46;15,0;0,33;4,0;1,0;0,67
Lithuania A Lyga;Lithuania;56,0;56,0;2,55;0,67;0,52;0,85;1,54;1,02;0,6;0,48;0,52;13,0;0,38;4,0;0,25;0,32
South Korea K4 League;South Korea;56,0;56,0;2,8;0,82;0,34;0,5;1,23;1,57;0,44;0,45;0,55;4,0;0,5;2,0;1,0;0,75
Kenya League Women;Kenya;56,0;56,0;2,57;0,73;0,04;0,69;1,3;1,27;0,51;0,46;0,54;9,0;0,33;7,0;0,29;0,31
Iran Cup;Iran;56,0;55,0;1,98;0,66;0,41;0,67;1,2;0,79;0,6;0,5;0,5;14,0;0,57;4,0;0,5;0,54
Argentina Copa Santa Fe;Argentina;56,0;56,0;2,25;0,68;0,07;0,71;1,16;1,09;0,52;0,46;0,54;7,0;0,57;2,0;0,5;0,54
Singapore Premier League 2;Singapore;56,0;56,0;3,57;0,51;0,0;1,74;1,79;1,79;0,5;0,66;0,34;10,0;0,8;6,0;0,67;0,73
Botswana Premier League;Botswana;56,0;56,0;2,11;0,76;0,25;0,52;1,18;0,93;0,56;0,38;0,62;15,0;0,33;5,0;0,4;0,37
Türkiye Womens League;Turkey;55,0;55,0;3,6;0,73;0,62;0,96;2,11;1,49;0,59;0,42;0,58;22,0;0,27;17,0;0,53;0,4
Australia New South Wales NPL Women;Australia;55,0;55,0;3,36;0,58;0,24;1,43;1,8;1,56;0,54;0,56;0,44;10,0;0,5;5,0;0,4;0,45
Australia Friendlies;Australia;55,0;55,0;3,58;0,54;0,2;1,65;1,89;1,69;0,53;0,53;0,47;6,0;0,5;3,0;0,33;0,42
Latvia Virsliga;Latvia;55,0;55,0;2,89;0,58;0,24;1,22;1,33;1,56;0,46;0,64;0,36;8,0;0,62;11,0;0,64;0,63
Brazil Copa Santa Catarina;Brazil;55,0;55,0;2,8;0,6;0,25;1,12;1,53;1,27;0,55;0,49;0,51;8,0;0,5;2,0;1,0;0,75
Kazakhstan Premier League;Kazakhstan;55,0;55,0;2,22;0,62;0,44;0,85;1,33;0,89;0,6;0,55;0,45;6,0;0,83;2,0;0,0;0,42
Morocco Cup;Morocco;55,0;55,0;2,56;0,58;0,05;1,09;1,31;1,25;0,51;0,47;0,53;15,0;0,53;8,0;0,38;0,45
CONCACAF Caribbean Cup;International (Caribbean);54,0;54,0;2,63;0,6;0,22;1,06;1,43;1,2;0,54;0,54;0,46;8,0;0,75;0,0;0,0;0,38
Estonia Meistriliiga;Estonia;54,0;54,0;3,3;0,52;0,89;1,58;2,09;1,2;0,63;0,57;0,43;15,0;0,47;10,0;0,5;0,48
Oman Federation Cup;Oman;54,0;54,0;2,5;0,71;0,13;0,72;1,31;1,19;0,53;0,54;0,46;7,0;0,71;2,0;0,5;0,61
Liberia Second Division;Liberia;54,0;54,0;3,22;0,51;0,19;1,59;1,7;1,52;0,53;0,65;0,35;4,0;1,0;0,0;0,0;0,5
UEFA Champions League Women;International (Europe);54,0;54,0;3,46;0,55;0,28;1,54;1,87;1,59;0,54;0,52;0,48;22,0;0,5;12,0;0,75;0,62
Bangladesh Federation Cup;Bangladesh;53,0;53,0;2,94;0,63;0,0;1,08;1,47;1,47;0,5;0,43;0,57;16,0;0,44;9,0;0,44;0,44
India Durand Cup;India;53,0;53,0;3,3;0,54;0,85;1,53;2,08;1,23;0,63;0,58;0,42;16,0;0,69;5,0;0,8;0,74
Japan J3-League;Japan;53,0;53,0;2,81;0,6;0,17;1,11;1,49;1,32;0,53;0,58;0,42;5,0;0,6;1,0;0,0;0,3
Barbados Premier League;Barbados;53,0;53,0;3,11;0,65;0,32;1,09;1,72;1,4;0,55;0,57;0,43;11,0;0,73;7,0;0,71;0,72
Italy Campionato Primavera 4;Italy;53,0;53,0;3,36;0,57;0,34;1,44;1,85;1,51;0,55;0,6;0,4;11,0;0,73;1,0;1,0;0,86
Brazil Campeonato Capixaba;Brazil;53,0;53,0;2,08;0,68;0,0;0,66;1,04;1,04;0,5;0,4;0,6;14,0;0,29;2,0;1,0;0,64
Argentina Reserve League;Argentina;53,0;53,0;2,72;0,86;0,53;0,39;1,62;1,09;0,6;0,42;0,58;5,0;0,6;2,0;0,5;0,55
Ukraine Cup;Ukraine;53,0;53,0;2,47;0,72;0,06;0,69;1,26;1,21;0,51;0,43;0,57;12,0;0,42;16,0;0,62;0,52
Georgia First League;Georgia;53,0;53,0;2,58;0,62;0,62;0,99;1,6;0,98;0,62;0,58;0,42;2,0;0,5;0,0;0,0;0,25
Australia NPL Queensland;Australia;52,0;52,0;3,79;0,44;0,1;2,1;1,85;1,94;0,49;0,62;0,38;8,0;0,5;1,0;1,0;0,75
Northern Ireland Reserve League;Northern Ireland;52,0;52,0;4,23;0,47;1,19;2,23;2,71;1,52;0,64;0,65;0,35;11,0;0,55;0,0;0,0;0,27
Australia NSW League 1 U20;Australia;52,0;52,0;3,67;0,5;0,21;1,82;1,73;1,94;0,47;0,6;0,4;4,0;0,75;0,0;0,0;0,38
Brazil Campeonato Paranaense;Brazil;52,0;52,0;2,46;0,66;0,19;0,84;1,33;1,13;0,54;0,46;0,54;14,0;0,57;4,0;0,75;0,66
AFC Asian Cup;International (Asia);52,0;52,0;2,58;0,61;0,12;1,0;1,35;1,23;0,52;0,54;0,46;18,0;0,67;13,0;0,46;0,56
Aruba Division Di Honor;Aruba;51,0;51,0;4,49;0,5;0,1;2,22;2,29;2,2;0,51;0,84;0,16;12,0;1,0;3,0;1,0;1,0
Australia Northern NSW Premier League;Australia;51,0;51,0;3,65;0,5;0,24;1,84;1,71;1,94;0,47;0,67;0,33;6,0;0,67;1,0;1,0;0,83
UEFA Champions League Qualifying Women;International (Europe);51,0;51,0;3,43;0,57;0,76;1,46;2,1;1,33;0,61;0,41;0,59;23,0;0,48;7,0;0,57;0,52
Australia Queensland Premier League;Australia;51,0;51,0;3,18;0,53;0,24;1,51;1,71;1,47;0,54;0,65;0,35;1,0;0,0;1,0;0,0;0,0
Brazil Campeonato Paraibano;Brazil;51,0;51,0;2,35;0,64;0,35;0,86;1,35;1,0;0,57;0,47;0,53;13,0;0,46;2,0;0,5;0,48
Republic of Ireland Leinster Senior Cup;Ireland;51,0;51,0;3,49;0,49;0,59;1,77;2,04;1,45;0,58;0,51;0,49;13,0;0,54;8,0;0,88;0,71
USA USL League One;USA;51,0;51,0;2,63;0,62;0,63;0,99;1,63;1,0;0,62;0,57;0,43;0,0;0,0;0,0;0,0;0,0
Bahrain U21 League;Bahrain;50,0;50,0;3,6;0,54;0,12;1,66;1,74;1,86;0,48;0,62;0,38;2,0;0,0;5,0;0,6;0,3
AFC Champions League Women;International (Asia);50,0;50,0;3,5;0,75;0,46;0,86;1,98;1,52;0,57;0,28;0,72;23,0;0,26;12,0;0,33;0,3
Gambia FF Cup;Gambia;50,0;50,0;1,76;0,84;0,0;0,28;0,88;0,88;0,5;0,42;0,58;10,0;0,8;1,0;1,0;0,9
Slovakia Youth League;Slovakia;50,0;50,0;3,2;0,61;0,88;1,24;2,04;1,16;0,64;0,5;0,5;5,0;0,4;3,0;0,67;0,53
FIFA U20 World Cup;International (World);50,0;50,0;2,72;0,65;0,44;0,95;1,58;1,14;0,58;0,56;0,44;15,0;0,67;6,0;0,67;0,67
Singapore Premier League;Singapore;50,0;50,0;3,74;0,49;0,02;1,92;1,88;1,86;0,5;0,52;0,48;18,0;0,67;14,0;0,21;0,44
Australia NPL Victoria U23;Australia;50,0;50,0;4,04;0,52;0,12;1,92;1,96;2,08;0,49;0,62;0,38;4,0;0,5;0,0;0,0;0,25
UEFA Women's Europa Cup Qualifying;International (Europe);50,0;50,0;3,04;0,64;0,88;1,09;1,96;1,08;0,64;0,38;0,62;18,0;0,22;9,0;0,22;0,22
New Zealand Cup;New Zealand;50,0;50,0;4,02;0,46;0,66;2,17;2,34;1,68;0,58;0,7;0,3;13,0;0,62;6,0;0,5;0,56
England Isthmian Division One North;England;50,0;50,0;2,54;0,56;0,5;1,12;1,52;1,02;0,6;0,44;0,56;2,0;0,0;3,0;0,67;0,33
Egypt Premier League Women;Egypt;50,0;50,0;3,92;0,58;0,6;1,64;2,26;1,66;0,58;0,56;0,44;13,0;0,54;10,0;0,3;0,42
Brazil Campeonato Sergipano;Brazil;49,0;48,0;2,04;0,69;0,08;0,63;1,06;0,98;0,52;0,45;0,55;15,0;0,33;4,0;0,25;0,29
Estonia Cup;Estonia;49,0;49,0;3,33;0,53;0,39;1,55;1,86;1,47;0,56;0,47;0,53;18,0;0,33;10,0;0,6;0,47
Brazil Campeonato Brasiliense;Brazil;49,0;49,0;2,59;0,71;0,18;0,76;1,2;1,39;0,46;0,39;0,61;16,0;0,5;8,0;0,12;0,31
Armenia Premier League;Armenia;49,0;49,0;2,49;0,56;0,24;1,1;1,37;1,12;0,55;0,43;0,57;11,0;0,18;9,0;0,33;0,26
Bahrain Kings Cup;Bahrain;49,0;49,0;3,31;0,59;0,37;1,36;1,84;1,47;0,56;0,57;0,43;9,0;0,44;8,0;0,75;0,6
Kosovo Cup;Kosovo;49,0;49,0;2,27;0,7;0,22;0,69;1,24;1,02;0,55;0,33;0,67;12,0;0,5;3,0;0,0;0,25
Lithuania 1 Lyga;Lithuania;49,0;49,0;2,98;0,48;0,33;1,56;1,65;1,33;0,55;0,49;0,51;10,0;0,7;3,0;0,33;0,52
Austria Regionalliga Mitte;Austria;49,0;49,0;3,29;0,65;0,55;1,15;1,92;1,37;0,58;0,51;0,49;9,0;0,33;4,0;0,5;0,42
FIFA U20 World Cup Women;International (World);49,0;49,0;3,1;0,72;0,73;0,88;1,92;1,18;0,62;0,41;0,59;19,0;0,58;9,0;0,33;0,46
Hungary U19 1st Division;Hungary;49,0;49,0;3,65;0,55;0,1;1,66;1,78;1,88;0,49;0,49;0,51;7,0;0,43;3,0;0,33;0,38
Qatar U19 League;Qatar;48,0;48,0;2,71;0,55;0,12;1,22;1,29;1,42;0,48;0,54;0,46;6,0;0,83;4,0;0,75;0,79
Nepal National League;Nepal;48,0;48,0;2,44;0,78;0,15;0,55;1,29;1,15;0,53;0,46;0,54;10,0;0,7;2,0;0,0;0,35
Nigeria National League;Nigeria;48,0;48,0;2,19;0,64;0,73;0,78;1,46;0,73;0,67;0,42;0,58;19,0;0,47;0,0;0,0;0,24
Italy Serie B Women;Italy;48,0;48,0;3,02;0,49;0,19;1,54;1,42;1,6;0,47;0,71;0,29;9,0;0,89;5,0;0,6;0,74
Brazil Campeonato Baiano;Brazil;48,0;48,0;2,56;0,73;0,56;0,7;1,56;1,0;0,61;0,54;0,46;10,0;0,5;1,0;1,0;0,75
AFC U20 Asian Cup Qualification;International (Asia);48,0;48,0;3,69;0,73;0,35;1,0;2,02;1,67;0,55;0,35;0,65;16,0;0,25;16,0;0,44;0,34
Australia Queensland PL U23;Australia;48,0;48,0;3,6;0,53;0,1;1,71;1,85;1,75;0,51;0,58;0,42;4,0;0,5;2,0;0,0;0,25
Australia Western Australia Premier League;Australia;48,0;48,0;3,48;0,68;0,23;1,13;1,85;1,62;0,53;0,69;0,31;2,0;0,0;1,0;1,0;0,5
Australia Victoria Premier League 2;Australia;47,0;47,0;3,23;0,58;0,34;1,37;1,45;1,79;0,45;0,68;0,32;0,0;0,0;0,0;0,0;0,0
Belgium Second Amateur Division ACFF;Belgium;47,0;47,0;2,81;0,59;0,09;1,15;1,36;1,45;0,48;0,55;0,45;0,0;0,0;2,0;1,0;0,5
Iran Div 2;Iran;47,0;47,0;1,38;0,86;0,36;0,19;0,87;0,51;0,63;0,32;0,68;4,0;0,25;1,0;0,0;0,12
Uzbekistan Cup;Uzbekistan;47,0;47,0;2,62;0,73;0,28;0,7;1,45;1,17;0,55;0,53;0,47;10,0;0,8;1,0;1,0;0,9
India Mumbai Elite League;India;47,0;47,0;3,26;0,51;0,49;1,58;1,38;1,87;0,42;0,51;0,49;10,0;0,6;7,0;0,57;0,59
Australia New South Wales League 2;Australia;47,0;47,0;3,66;0,59;0,72;1,51;2,19;1,47;0,6;0,57;0,43;1,0;0,0;1,0;1,0;0,5
Hong Kong Sapling Cup;Hong Kong;47,0;47,0;3,23;0,5;0,0;1,6;1,62;1,62;0,5;0,57;0,43;13,0;0,54;11,0;0,82;0,68
AFC Asian Cup U23 Qualifying;International (Asia);47,0;47,0;3,36;0,74;0,43;0,87;1,47;1,89;0,44;0,36;0,64;14,0;0,36;1,0;0,0;0,18
Jordan Cup;Jordan;47,0;47,0;3,09;0,85;0,83;0,46;1,96;1,13;0,63;0,4;0,6;15,0;0,4;12,0;0,25;0,32
Paraguay Tercera Division;Paraguay;46,0;46,0;3,17;0,48;0,13;1,63;1,65;1,52;0,52;0,76;0,24;5,0;0,8;2,0;1,0;0,9
Austria Regionalliga West;Austria;46,0;46,0;3,39;0,54;0,35;1,57;1,87;1,52;0,55;0,57;0,43;8,0;0,5;2,0;0,5;0,5
Nigeria League Women;Nigeria;46,0;46,0;2,76;0,68;0,67;0,9;1,72;1,04;0,62;0,41;0,59;8,0;0,0;3,0;0,67;0,33
Japan Women Empowerment League;Japan;46,0;46,0;2,76;0,52;0,28;1,33;1,52;1,24;0,55;0,46;0,54;11,0;0,55;5,0;0,6;0,57
India I-League;India;46,0;46,0;2,96;0,67;0,39;0,98;1,67;1,28;0,57;0,63;0,37;2,0;1,0;1,0;0,0;0,5
Senegal Ligue 2;Senegal;45,0;45,0;1,31;1,0;0,16;-0,0;0,73;0,58;0,56;0,31;0,69;2,0;0,5;0,0;0,0;0,25
Bangladesh Premier League;Bangladesh;45,0;45,0;2,62;0,6;0,31;1,05;1,47;1,16;0,56;0,49;0,51;9,0;0,33;4,0;0,25;0,29
Niger Super League;Niger;44,0;44,0;2,09;0,75;0,59;0,52;1,34;0,75;0,64;0,34;0,66;10,0;0,5;0,0;0,0;0,25
Poland Ekstraliga Women;Poland;44,0;44,0;3,36;0,58;0,14;1,41;1,61;1,75;0,48;0,45;0,55;11,0;0,45;11,0;0,64;0,55
Panama First Division Women;Panama;44,0;44,0;3,77;0,69;0,77;1,17;2,27;1,5;0,6;0,52;0,48;10,0;0,4;6,0;0,67;0,53
Brazil Campeonato Goiano U20;Brazil;44,0;44,0;2,52;0,69;0,25;0,79;1,39;1,14;0,55;0,41;0,59;5,0;0,2;2,0;1,0;0,6
Jordan Reserve League;Jordan;44,0;44,0;3,48;0,49;0,07;1,77;1,77;1,7;0,51;0,66;0,34;9,0;0,44;8,0;0,75;0,6
Taiwan Premier League;Taiwan;44,0;44,0;2,84;0,59;0,57;1,16;1,7;1,14;0,6;0,48;0,52;11,0;0,64;2,0;0,5;0,57
Argentina Championship Women;Argentina;44,0;44,0;2,09;0,86;0,55;0,3;1,32;0,77;0,63;0,34;0,66;12,0;0,42;2,0;0,0;0,21
Taiwan Mulan League Women;Taiwan;44,0;44,0;3,16;0,55;0,61;1,43;1,89;1,27;0,6;0,43;0,57;18,0;0,44;8,0;0,38;0,41
Uruguay Segunda;Uruguay;44,0;44,0;2,23;0,67;0,14;0,74;1,18;1,05;0,53;0,57;0,43;0,0;0,0;0,0;0,0;0,0
Norway Division 1;Norway;44,0;44,0;3,25;0,52;0,16;1,56;1,7;1,55;0,52;0,55;0,45;4,0;0,5;2,0;0,0;0,25
COSAFA Cup;International (Africa);44,0;44,0;2,07;0,82;0,3;0,36;1,18;0,89;0,57;0,36;0,64;13,0;0,46;1,0;0,0;0,23
Luxembourg Cup;Luxembourg;43,0;43,0;2,93;0,59;0,51;1,19;1,21;1,72;0,41;0,53;0,47;3,0;0,33;8,0;0,25;0,29
MLS Play-offs;USA;43,0;43,0;2,56;0,69;0,7;0,78;1,63;0,93;0,64;0,51;0,49;7,0;0,57;0,0;0,0;0,29
Japan J2-League;Japan;43,0;43,0;2,67;0,68;0,63;0,85;1,65;1,02;0,62;0,53;0,47;4,0;0,5;1,0;0,0;0,25
Italy Serie D Play-Offs;Italy;43,0;43,0;2,58;0,59;0,3;1,05;1,44;1,14;0,56;0,53;0,47;1,0;0,0;0,0;0,0;0,0
Women’s Friendly;International (World);43,0;43,0;3,81;0,6;1,26;1,51;2,53;1,28;0,66;0,58;0,42;11,0;0,45;3,0;0,67;0,56
Brazil Campeonato Cearense;Brazil;43,0;43,0;2,19;0,71;0,05;0,64;1,07;1,12;0,49;0,37;0,63;11,0;0,27;5,0;0,4;0,34
Georgia Cup;Georgia;43,0;43,0;2,84;0,75;0,47;0,7;1,19;1,65;0,42;0,49;0,51;1,0;1,0;1,0;0,0;0,5
Ghana Division 1;Ghana;43,0;43,0;2,37;0,54;0,37;1,1;1,37;1,0;0,58;0,42;0,58;6,0;0,83;1,0;0,0;0,42
Ukraine Persha Liga;Ukraine;43,0;43,0;2,0;0,65;0,42;0,69;1,21;0,79;0,6;0,42;0,58;9,0;0,33;4,0;0,25;0,29
Honduras Liga de Ascenso;Honduras;43,0;43,0;2,53;0,48;0,07;1,31;1,3;1,23;0,51;0,67;0,33;4,0;1,0;1,0;1,0;1,0
CONCACAF U20 Championship;International (North & Central America);43,0;43,0;3,84;0,62;0,77;1,46;2,3;1,53;0,6;0,33;0,67;22,0;0,36;12,0;0,33;0,35
Brazil Serie A2 Women;Brazil;43,0;43,0;2,65;0,74;0,33;0,69;1,49;1,16;0,56;0,3;0,7;17,0;0,29;5,0;0,2;0,25
Germany DFB Pokal Women;Germany;42,0;41,0;3,17;0,67;0,02;1,05;1,57;1,6;0,5;0,5;0,5;11,0;0,73;17,0;0,47;0,6
Georgia Liga 3;Georgia;42,0;42,0;2,74;0,6;0,45;1,08;1,6;1,14;0,58;0,5;0,5;11,0;0,55;1,0;1,0;0,77
Switzerland U19 Elite;Switzerland;42,0;42,0;4,31;0,43;0,31;2,44;2,31;2,0;0,54;0,76;0,24;5,0;0,8;3,0;1,0;0,9
UAE U19 League;UAE;42,0;42,0;4,31;0,58;0,31;1,81;2,31;2,0;0,54;0,6;0,4;7,0;0,57;8,0;0,38;0,47
Australia Victoria PL 1 U23;Australia;42,0;42,0;4,33;0,58;0,76;1,84;2,55;1,79;0,59;0,67;0,33;4,0;0,75;0,0;0,0;0,38
Women's Euro Championships Qual;International (Europe);42,0;42,0;3,24;0,69;0,48;1,0;1,86;1,38;0,57;0,36;0,64;18,0;0,33;15,0;0,33;0,33
Caribbean Club Shield;International (Caribbean);42,0;42,0;3,14;0,65;1,14;1,1;2,14;1,0;0,68;0,48;0,52;16,0;0,44;5,0;0,6;0,52
Scotland Regional Cup;Scotland;42,0;41,0;3,81;0,48;0,81;1,99;2,31;1,5;0,61;0,74;0,26;12,0;0,58;7,0;1,0;0,79
OFC Pro League;International (Oceania);42,0;42,0;3,0;0,64;0,71;1,09;1,86;1,14;0,62;0,57;0,43;7,0;0,43;0,0;0,0;0,21
Australia NPL Queensland Women;Australia;42,0;42,0;2,76;0,56;0,0;1,2;1,38;1,38;0,5;0,43;0,57;12,0;0,33;13,0;0,38;0,36
Spain Copa de Catalunya;Spain;42,0;42,0;3,05;0,45;0,05;1,67;1,55;1,5;0,51;0,71;0,29;3,0;0,67;5,0;1,0;0,83
Maurice Revello Youth Tournament;Maurice;42,0;41,0;3,17;0,54;0,5;1,46;1,83;1,33;0,58;0,62;0,38;9,0;0,67;3,0;0,33;0,5
Iran Div 1;Iran;42,0;42,0;1,5;0,82;0,55;0,27;1,02;0,48;0,68;0,36;0,64;7,0;0,29;0,0;0,0;0,14
Kuwait League;Kuwait;41,0;41,0;2,83;0,65;0,63;0,99;1,73;1,1;0,61;0,61;0,39;9,0;0,56;7,0;0,57;0,56
India Mumbai Super Division;India;41,0;41,0;4,39;0,5;0,63;2,19;2,51;1,88;0,57;0,59;0,41;6,0;0,5;7,0;0,57;0,54
Ethiopia Cup;Ethiopia;41,0;39,0;2,02;0,64;0,17;0,73;0,93;1,1;0,46;0,41;0,59;6,0;0,33;2,0;0,5;0,42
North Macedonia Cup;North Macedonia;41,0;41,0;2,22;0,58;0,37;0,93;1,29;0,93;0,58;0,39;0,61;9,0;0,44;6,0;0,5;0,47
San Marino Cup;San Marino;41,0;41,0;2,1;0,76;0,0;0,5;1,05;1,05;0,5;0,34;0,66;4,0;0,25;5,0;0,4;0,32
Dominican Republic Cup;Dominica;41,0;41,0;2,95;0,65;0,76;1,04;1,85;1,1;0,63;0,37;0,63;10,0;0,3;6,0;0,67;0,48
Australia NPL Queensland U23;Australia;41,0;41,0;4,2;0,54;0,29;1,95;1,95;2,24;0,47;0,59;0,41;2,0;0,0;4,0;0,5;0,25
Iraq Cup;Iraq;41,0;41,0;2,17;0,66;0,76;0,74;1,46;0,71;0,67;0,54;0,46;11,0;0,45;0,0;0,0;0,23
Northern Ireland Premier;North Ireland;41,0;41,0;3,1;0,6;0,12;1,23;1,61;1,49;0,52;0,51;0,49;8,0;0,38;5,0;0,6;0,49
Chile Segunda;Chile;41,0;41,0;2,49;0,66;0,15;0,86;1,17;1,32;0,47;0,54;0,46;3,0;0,67;2,0;0,5;0,58
Isthmian Cup;England;41,0;41,0;3,71;0,51;0,05;1,83;1,83;1,88;0,49;0,73;0,27;7,0;0,71;0,0;0,0;0,36
Costa Rica U21 League;Costa Rica;40,0;40,0;2,52;0,67;0,32;0,85;1,42;1,1;0,56;0,5;0,5;3,0;0,67;2,0;1,0;0,83
Chile Tercera;Chile;40,0;40,0;3,12;0,55;0,73;1,41;1,92;1,2;0,62;0,62;0,38;3,0;0,67;0,0;0,0;0,33
Ivory Coast Premier Division;Ivory Coast;40,0;40,0;1,82;0,76;0,07;0,43;0,95;0,88;0,52;0,32;0,68;2,0;0,5;1,0;0,0;0,25
Sweden Allsvenskan;Sweden;40,0;40,0;2,88;0,57;0,33;1,22;1,6;1,27;0,56;0,6;0,4;7,0;0,71;1,0;1,0;0,86
Brazil Copa Fares Lopes;Brazil;40,0;40,0;2,2;0,55;0,2;1,0;1,2;1,0;0,55;0,45;0,55;8,0;0,75;0,0;0,0;0,38
Singapore Cup;Singapore;40,0;40,0;3,62;0,53;0,12;1,72;1,75;1,88;0,48;0,68;0,32;8,0;0,5;4,0;1,0;0,75
Costa Rica Primera Division Women;Costa Rica;40,0;40,0;3,48;0,63;1,18;1,3;2,33;1,15;0,67;0,4;0,6;18,0;0,56;7,0;0,29;0,42
Norway Toppserien Women;Norway;39,0;39,0;3,33;0,61;0,15;1,29;1,74;1,59;0,52;0,54;0,46;11,0;0,36;7,0;0,57;0,47
Italy Campionato Nazionale;Italy;39,0;39,0;3,59;0,46;1,08;1,92;2,33;1,26;0,65;0,44;0,56;10,0;0,4;2,0;0,5;0,45
Brazil Serie C;Brazil;39,0;39,0;2,62;0,47;0,41;1,39;1,51;1,1;0,58;0,62;0,38;6,0;0,67;0,0;0,0;0,33
Brazil Campeonato Matogrossense;Brazil;39,0;37,0;1,92;0,83;0,08;0,33;0,92;1,0;0,48;0,36;0,64;7,0;0,43;4,0;0,5;0,46
Slovenia 3. SNL;Slovenia;39,0;39,0;3,1;0,51;0,18;1,53;1,64;1,46;0,53;0,64;0,36;6,0;0,83;1,0;0,0;0,42
India Regional Cup;India;39,0;39,0;3,21;0,6;0,08;1,28;1,56;1,64;0,49;0,51;0,49;2,0;0,0;3,0;0,67;0,33
Brazil Campeonato Brasileiro U20 Women;Brazil;39,0;39,0;3,56;0,6;0,95;1,43;2,26;1,31;0,63;0,41;0,59;13,0;0,31;9,0;0,44;0,38
Senegal FA Cup;Senegal;39,0;39,0;1,72;0,8;0,23;0,34;0,97;0,74;0,57;0,33;0,67;8,0;0,62;1,0;1,0;0,81
Kuwait Cup;Kuwait;39,0;39,0;2,79;0,54;0,74;1,29;1,77;1,03;0,63;0,64;0,36;18,0;0,61;0,0;0,0;0,31
Jordan Division 1;Jordan;39,0;39,0;2,77;0,62;0,15;1,06;1,46;1,31;0,53;0,46;0,54;5,0;0,6;4,0;0,25;0,42
Philippines PFL;Philippines;39,0;39,0;3,82;0,69;0,69;1,2;1,56;2,26;0,41;0,49;0,51;10,0;0,6;11,0;0,36;0,48
nan;Brazil;38,0;38,0;2,32;0,75;0,37;0,57;1,34;0,97;0,58;0,37;0,63;10,0;0,4;1,0;0,0;0,2
Australia South Australia Premier League;Australia;38,0;38,0;3,55;0,55;0,08;1,61;1,74;1,82;0,49;0,61;0,39;4,0;0,75;2,0;0,5;0,62
North Macedonia Second League;North Macedonia;38,0;38,0;2,92;0,74;1,18;0,76;2,05;0,87;0,7;0,37;0,63;23,0;0,43;4,0;0,5;0,47
CONCACAF Women Champions Cup;International (North & Central America);38,0;37,0;3,84;0,62;0,58;1,48;2,21;1,63;0,58;0,26;0,74;14,0;0,21;10,0;0,2;0,21
Brazil Campeonato Baiano U20;Brazil;38,0;38,0;3,24;0,64;1,03;1,15;2,13;1,11;0,66;0,53;0,47;12,0;0,67;3,0;0,33;0,5
Netherlands Cup Women;Netherlands;38,0;38,0;3,18;0,49;0,18;1,63;1,68;1,5;0,53;0,55;0,45;7,0;0,29;10,0;0,8;0,54
Gulf Club Champions League;International (North & Central America);38,0;38,0;2,97;0,75;0,66;0,74;1,82;1,16;0,61;0,58;0,42;10,0;0,7;4,0;0,75;0,72
Syria Cup;Syria;38,0;38,0;2,53;0,59;0,58;1,04;1,55;0,97;0,61;0,45;0,55;7,0;0,43;3,0;0,33;0,38
New Zealand Northern League;New Zealand;37,0;37,0;3,3;0,65;0,59;1,15;1,95;1,35;0,59;0,43;0,57;3,0;0,33;2,0;0,0;0,17
CECAFA Club Cup;International (Africa);37,0;37,0;2,14;0,7;0,3;0,64;1,22;0,92;0,57;0,43;0,57;13,0;0,54;0,0;0,0;0,27
Estonia Esiliiga;Estonia;37,0;37,0;3,97;0,48;0,35;2,08;2,16;1,81;0,54;0,73;0,27;4,0;1,0;4,0;0,75;0,88
Australia Queensland Pro Series;Australia;37,0;37,0;4,08;0,45;0,41;2,26;1,84;2,24;0,45;0,65;0,35;2,0;1,0;10,0;0,4;0,7
Brazil Copa Espirito Santo;Brazil;37,0;37,0;3,05;0,46;0,68;1,64;1,86;1,19;0,61;0,57;0,43;9,0;0,56;5,0;0,4;0,48
Lithuania Cup;Lithuania;37,0;37,0;3,24;0,53;1,14;1,52;1,05;2,19;0,32;0,54;0,46;1,0;1,0;14,0;0,36;0,68
Argentina Youth League;Argentina;37,0;37,0;2,89;0,56;0,19;1,26;1,54;1,35;0,53;0,51;0,49;1,0;0,0;0,0;0,0;0,0
nan;Australia;37,0;37,0;3,49;0,57;0,41;1,51;1,95;1,54;0,56;0,65;0,35;6,0;0,83;0,0;0,0;0,42
AFC U20 Asian Cup Women;International (Asia);37,0;37,0;4,3;0,66;0,95;1,44;2,62;1,68;0,61;0,38;0,62;13,0;0,46;6,0;0,17;0,31
Brazil Campeonato Pernambucano;Brazil;37,0;37,0;2,92;0,54;0,38;1,33;1,65;1,27;0,56;0,41;0,59;11,0;0,36;4,0;1,0;0,68
Australia Queensland Premier League 3;Australia;37,0;37,0;4,92;0,49;0,11;2,5;2,51;2,41;0,51;0,86;0,14;5,0;1,0;4,0;0,75;0,88
Republic of Ireland U20 League;Republic of Ireland;36,0;36,0;4,03;0,5;1,75;2,01;2,89;1,14;0,72;0,56;0,44;9,0;0,56;1,0;1,0;0,78
Japan L1 League Women;Japan;36,0;36,0;3,67;0,59;0,39;1,49;2,03;1,64;0,55;0,67;0,33;3,0;0,67;2,0;0,5;0,58
Kazakhstan Cup;Kazakhstan;36,0;34,0;1,94;0,67;0,44;0,64;1,19;0,75;0,61;0,33;0,67;7,0;0,29;1,0;0,0;0,14
COSAFA Cup Women;International (Africa);36,0;36,0;2,67;0,82;0,67;0,48;1,67;1,0;0,62;0,33;0,67;20,0;0,45;5,0;0,0;0,22
Campeonato Potiguar;Brazil;36,0;36,0;2,92;0,63;0,36;1,07;1,64;1,28;0,56;0,58;0,42;11,0;0,73;6,0;0,33;0,53
Denmark Womens Cup;Denmark;36,0;36,0;3,47;0,57;0,19;1,51;1,64;1,83;0,47;0,53;0,47;6,0;0,33;16,0;0,56;0,45
El Salvador Apertura;El Salvador;36,0;35,0;2,72;0,69;0,28;0,85;1,5;1,22;0,55;0,5;0,5;4,0;0,75;0,0;0,0;0,38
Chile Primera Division Women;Chile;36,0;36,0;2,89;0,63;0,28;1,06;1,58;1,31;0,55;0,36;0,64;12,0;0,17;10,0;0,3;0,23
Australia Western Australia U23 League;Australia;36,0;36,0;3,61;0,63;0,94;1,35;2,28;1,33;0,63;0,56;0,44;1,0;1,0;0,0;0,0;0,5
Qatar League 2;Qatar;35,0;35,0;3,06;0,53;0,09;1,45;1,49;1,57;0,49;0,57;0,43;0,0;0,0;0,0;0,0;0,0
Republic of Ireland Munster Senior League;Ireland;35,0;35,0;3,17;0,59;0,31;1,29;1,74;1,43;0,55;0,51;0,49;3,0;0,0;1,0;0,0;0,0
Norway Cup Women;Norway;35,0;35,0;3,29;0,48;0,77;1,7;1,26;2,03;0,38;0,49;0,51;7,0;0,57;17,0;0,29;0,43
Israel Women Cup;Israel;35,0;35,0;2,83;0,79;0,14;0,6;1,49;1,34;0,53;0,31;0,69;13,0;0,46;10,0;0,2;0,33
Bahrain Cup;Bahrain;35,0;35,0;3,63;0,51;0,31;1,76;1,97;1,66;0,54;0,6;0,4;8,0;0,75;4,0;0,25;0,5
Australia South Australia State League Reserves;Australia;35,0;35,0;4,29;0,48;0,17;2,25;2,06;2,23;0,48;0,74;0,26;4,0;1,0;1,0;1,0;1,0
Japan University Championship;Japan;35,0;35,0;2,74;0,59;0,34;1,13;1,54;1,2;0,56;0,49;0,51;2,0;0,0;0,0;0,0;0,0
Brazil Copa Goias U20;Brazil;35,0;35,0;1,91;0,81;0,6;0,37;1,26;0,66;0,66;0,29;0,71;2,0;0,0;0,0;0,0;0,0
Brazil Copa Rio U20;Brazil;35,0;35,0;2,94;0,54;0,43;1,35;1,69;1,26;0,57;0,46;0,54;7,0;0,43;5,0;0,2;0,31
Australia South Australia State League 1;Australia;35,0;35,0;3,66;0,42;0,74;2,12;2,2;1,46;0,6;0,54;0,46;2,0;0,5;0,0;0,0;0,25
South American U20 Championship Women;International (South America);35,0;35,0;2,74;0,65;0,0;0,97;1,37;1,37;0,5;0,26;0,74;8,0;0,12;6,0;0,33;0,23
Montenegro Cup;Montenegro;35,0;35,0;2,57;0,62;0,11;0,98;1,23;1,34;0,48;0,4;0,6;9,0;0,78;5,0;0,2;0,49
El Salvador Liga Feminina;El Salvador;35,0;35,0;4,54;0,64;0,54;1,64;2,54;2,0;0,56;0,57;0,43;11,0;0,73;10,0;0,3;0,51
Scotland SWPL Cup Women;Scotland;35,0;35,0;4,69;0,55;0,51;2,1;2,6;2,09;0,55;0,51;0,49;11,0;0,27;6,0;0,5;0,39
Faroe Islands Cup;Faroe Islands;35,0;35,0;3,23;0,65;0,71;1,13;1,97;1,26;0,61;0,54;0,46;7,0;0,43;6,0;0,83;0,63
Estonia Esiliiga B;Estonia;35,0;35,0;4,11;0,48;0,69;2,15;2,4;1,71;0,58;0,69;0,31;6,0;0,67;0,0;0,0;0,33
Armenian Cup;Armenia;35,0;35,0;2,94;0,56;0,6;1,3;1,17;1,77;0,4;0,46;0,54;6,0;0,5;4,0;0,25;0,38
Australia Northern NSW Reserves League;Australia;34,0;34,0;3,88;0,42;0,12;2,24;1,88;2,0;0,48;0,79;0,21;1,0;1,0;5,0;0,8;0,9
Ivory Coast Ligue 2;Ivory Coast;34,0;34,0;1,41;0,74;0,35;0,36;0,88;0,53;0,62;0,24;0,76;0,0;0,0;0,0;0,0;0,0
Bangladesh Championship League;Bangladesh;34,0;34,0;2,41;0,72;0,12;0,69;1,26;1,15;0,52;0,41;0,59;2,0;0,5;2,0;0,5;0,5
Australia Queensland Premier League 2;Australia;34,0;34,0;3,35;0,49;0,06;1,72;1,65;1,71;0,49;0,68;0,32;2,0;1,0;0,0;0,0;0,5
Portugal League Cup Women;Portugal;34,0;34,0;2,88;0,63;0,12;1,08;1,5;1,38;0,52;0,47;0,53;11,0;0,27;9,0;0,78;0,53
Republic of Ireland FAI Intermediate Cup;Ireland;34,0;34,0;2,82;0,66;0,06;0,97;1,44;1,38;0,51;0,47;0,53;3,0;0,67;1,0;1,0;0,83
El Salvador Cup;El Salvador;34,0;34,0;2,56;0,62;0,38;0,96;1,09;1,47;0,43;0,56;0,44;6,0;0,83;3,0;1,0;0,92
Australia SA Premier League Reserves;Australia;34,0;34,0;4,09;0,44;0,03;2,31;2,03;2,06;0,5;0,74;0,26;4,0;1,0;2,0;1,0;1,0
Brazil Campeonato Maranhense;Brazil;34,0;33,0;1,91;0,79;0,09;0,41;0,91;1,0;0,48;0,29;0,71;6,0;0,33;1,0;0,0;0,17
Brazil Campeonato Alagoano;Brazil;34,0;34,0;2,06;0,65;0,35;0,71;1,21;0,85;0,59;0,32;0,68;10,0;0,1;3,0;0,67;0,38
Faroe Islands Premier League;Faroe Islands;34,0;34,0;2,74;0,66;0,38;0,92;1,56;1,18;0,57;0,5;0,5;9,0;0,44;7,0;0,86;0,65
Denmark Elitedivisionen Women;Denmark;33,0;33,0;3,12;0,54;0,58;1,43;1,85;1,27;0,59;0,55;0,45;10,0;0,6;5,0;0,2;0,4
Nicaragua Cup;Nicaragua;33,0;33,0;3,36;0,56;0,94;1,5;2,15;1,21;0,64;0,48;0,52;15,0;0,47;3,0;0,67;0,57
Guatemala Reserve League;Guatemala;33,0;33,0;3,18;0,68;1,06;1,02;2,12;1,06;0,67;0,36;0,64;9,0;0,44;0,0;0,0;0,22
Kenya Cup;Kenya;33,0;33,0;2,06;0,67;0,12;0,67;0,97;1,09;0,47;0,33;0,67;4,0;0,75;4,0;0,5;0,62
India Delhi Premier League;India;33,0;33,0;2,91;0,62;0,18;1,12;1,55;1,36;0,53;0,64;0,36;5,0;1,0;1,0;1,0;1,0
Scotland Women FA Cup;Scotland;33,0;33,0;3,64;0,48;0,3;1,89;1,67;1,97;0,46;0,48;0,52;8,0;0,5;8,0;0,5;0,5
Slovakia I Liga Women;Slovakia;33,0;33,0;4,0;0,72;0,3;1,12;2,15;1,85;0,54;0,55;0,45;8,0;0,62;6,0;0,5;0,56
UEFA Youth League Domestic Path;International (Europe);32,0;32,0;3,28;0,53;0,22;1,54;1,75;1,53;0,53;0,56;0,44;6,0;0,33;4,0;0,75;0,54
Brazil U20 Copa Sao Paulo Women;Brazil;32,0;32,0;3,84;0,72;0,47;1,1;2,16;1,69;0,56;0,31;0,69;11,0;0,36;4,0;0,0;0,18
UAE Pro League;UAE;32,0;32,0;3,03;0,51;0,22;1,5;1,62;1,41;0,54;0,66;0,34;7,0;0,71;2,0;0,0;0,36
Portugal U19 2nd Division;Portugal;32,0;32,0;2,88;0,6;0,19;1,14;1,53;1,34;0,53;0,44;0,56;8,0;0,38;1,0;1,0;0,69
Brazil Serie A3 Women;Brazil;32,0;32,0;2,53;0,7;0,47;0,77;1,5;1,03;0,59;0,41;0,59;10,0;0,6;6,0;0,33;0,47
Wales Premier League Women;Wales;32,0;32,0;4,31;0,45;0,12;2,37;2,22;2,09;0,51;0,72;0,28;11,0;0,82;5,0;0,6;0,71
Belgium Second Amateur Division VFV B;Belgium;32,0;32,0;3,72;0,65;0,53;1,31;2,12;1,59;0,57;0,59;0,41;2,0;0,5;1,0;1,0;0,75
Poland Cup Women;Poland;32,0;32,0;3,41;0,54;0,97;1,58;1,22;2,19;0,36;0,5;0,5;4,0;0,0;15,0;0,6;0,3
Paraguay Division Intermedia;Paraguay;32,0;32,0;2,25;0,74;0,12;0,58;1,19;1,06;0,53;0,41;0,59;0,0;0,0;0,0;0,0;0,0
Vietnam Division 2;Vietnam;32,0;32,0;1,84;0,68;0,78;0,6;1,31;0,53;0,71;0,28;0,72;3,0;0,0;3,0;0,33;0,17
Uganda Division 2;Uganda;32,0;32,0;2,28;0,65;0,66;0,8;1,47;0,81;0,64;0,59;0,41;2,0;0,5;0,0;0,0;0,25
Sweden 1.div Norra;Sweden;32,0;32,0;3,31;0,66;0,38;1,12;1,47;1,84;0,44;0,66;0,34;3,0;1,0;1,0;1,0;1,0
Sweden 1.div Södra;Sweden;32,0;32,0;2,75;0,63;0,19;1,03;1,47;1,28;0,53;0,59;0,41;2,0;1,0;1,0;0,0;0,5
Cosafa U20 Cup;International (Africa);32,0;32,0;2,97;0,63;0,53;1,09;1,75;1,22;0,59;0,44;0,56;4,0;0,25;1,0;0,0;0,12
Copa America;International (South America);32,0;32,0;2,19;0,71;0,56;0,63;1,38;0,81;0,63;0,38;0,62;13,0;0,31;5,0;0,8;0,55
Romania Cup Women;Romania;32,0;32,0;4,12;0,53;0,75;1,93;2,44;1,69;0,59;0,62;0,38;7,0;0,71;7,0;0,43;0,57
Northern Ireland Championship;Northern Ireland;32,0;32,0;3,56;0,6;0,5;1,41;2,03;1,53;0,57;0,66;0,34;6,0;0,33;1,0;1,0;0,67
Romania Liga 1 Women;Romania;32,0;32,0;3,78;0,5;0,84;1,88;2,31;1,47;0,61;0,5;0,5;12,0;0,58;5,0;0,0;0,29
Brazil Amazonense;Brazil;32,0;32,0;2,0;0,64;0,56;0,73;1,28;0,72;0,64;0,34;0,66;10,0;0,2;1,0;1,0;0,6
AFC U20 Asian Cup;International (Asia);31,0;31,0;3,0;0,62;0,23;1,14;1,39;1,61;0,46;0,61;0,39;6,0;0,5;5,0;0,8;0,65
Japan JFL Cup;Japan;31,0;31,0;2,06;0,77;0,06;0,47;1,06;1,0;0,52;0,35;0,65;0,0;0,0;0,0;0,0;0,0
Sweden Superettan;Sweden;31,0;30,0;3,0;0,56;0,61;1,33;1,81;1,19;0,6;0,68;0,32;0,0;0,0;0,0;0,0;0,0
UAE U21 Cup;UAE;31,0;31,0;3,35;0,57;0,58;1,43;1,97;1,39;0,59;0,65;0,35;4,0;0,5;2,0;0,5;0,5
AFC Asian Cup U23;International (Asia);31,0;31,0;2,26;0,75;0,06;0,57;1,1;1,16;0,49;0,39;0,61;9,0;0,44;3,0;0,33;0,39
Finland Veikkausliiga;Finland;31,0;31,0;2,68;0,6;0,23;1,08;1,45;1,23;0,54;0,52;0,48;4,0;0,0;2,0;1,0;0,5
Brazil U20 Women Cup;Brazil;31,0;31,0;3,1;0,53;0,77;1,46;1,94;1,16;0,62;0,35;0,65;8,0;0,25;5,0;0,2;0,22
Morocco League Women;Morocco;31,0;31,0;3,39;0,64;0,1;1,22;1,65;1,74;0,49;0,58;0,42;6,0;0,67;8,0;0,38;0,52
CONCACAF Gold Cup;International (North & Central America);31,0;30,0;2,55;0,72;0,68;0,71;1,61;0,94;0,63;0,52;0,48;17,0;0,53;5,0;0,4;0,46
Cameroon League Women;Cameroon;31,0;31,0;2,58;0,51;0,06;1,27;1,32;1,26;0,51;0,48;0,52;7,0;0,29;3,0;0,33;0,31
AFC Champions League;International (Asia);30,0;30,0;2,77;0,65;0,57;0,97;1,67;1,1;0,6;0,57;0,43;8,0;0,62;3,0;0,67;0,65
UEFA Women's Europa Cup;International (Europe);30,0;30,0;2,77;0,64;0,23;0,99;1,27;1,5;0,46;0,43;0,57;4,0;0,25;3,0;0,67;0,46
Paraguay Copa EFE Women;Paraguay;30,0;30,0;3,8;0,59;0,73;1,55;1,53;2,27;0,4;0,53;0,47;5,0;0,6;5,0;0,4;0,5
Latvia Cup;Latvia;30,0;30,0;4,33;0,49;0,33;2,21;2,0;2,33;0,46;0,63;0,37;10,0;0,7;11,0;0,45;0,58
Zambia Cup;Zambia;30,0;30,0;2,17;0,73;0,57;0,59;1,37;0,8;0,63;0,4;0,6;8,0;0,12;1,0;0,0;0,06
Netherlands Tweede Divisie Play-Offs;Netherlands;30,0;30,0;2,77;0,54;0,63;1,27;1,7;1,07;0,61;0,53;0,47;2,0;0,0;0,0;0,0;0,0
Scotland Women Premier League 2;Scotland;30,0;30,0;3,13;0,74;0,53;0,82;1,3;1,83;0,41;0,43;0,57;7,0;0,29;6,0;0,67;0,48
Malta Jubilee Cup;Malta;30,0;30,0;2,9;0,7;1,1;0,86;2,0;0,9;0,69;0,43;0,57;11,0;0,27;3,0;0,33;0,3
Brazil Copa Alagoas;Brazil;30,0;30,0;2,3;0,69;0,17;0,72;1,23;1,07;0,54;0,47;0,53;6,0;0,5;3,0;0,33;0,42
Kuwait Crown Prince Cup;Kuwait;30,0;30,0;2,9;0,64;0,7;1,06;1,8;1,1;0,62;0,4;0,6;11,0;0,55;3,0;0,67;0,61
Latvia 1. Liga;Latvia;30,0;30,0;3,5;0,52;0,5;1,67;2,0;1,5;0,57;0,6;0,4;3,0;0,33;0,0;0,0;0,17
CONCACAF Championship Qualifiers Women;International (North & Central America);30,0;30,0;4,6;0,46;0,6;2,51;2,0;2,6;0,43;0,43;0,57;12,0;0,33;8,0;0,25;0,29
Zimbabwe Premier Soccer League;Zimbabwe;29,0;28,0;1,55;0,8;0,45;0,31;1,0;0,55;0,64;0,31;0,69;1,0;0,0;0,0;0,0;0,0
Türkiye 3. Lig Promotion Group Play-off;Turkey;29,0;29,0;2,0;0,74;0,34;0,51;1,17;0,83;0,59;0,34;0,66;1,0;0,0;0,0;0,0;0,0
Northern Ireland League Cup;Northern Ireland;29,0;28,0;2,79;0,7;0,79;0,84;1,79;1,0;0,64;0,48;0,52;15,0;0,53;7,0;0,43;0,48
Japan Football League;Japan;29,0;29,0;3,34;0,47;0,38;1,78;1,48;1,86;0,44;0,66;0,34;1,0;1,0;1,0;1,0;1,0
Poland League Women;Poland;29,0;29,0;3,76;0,65;0,52;1,33;2,14;1,62;0,57;0,55;0,45;5,0;0,6;3,0;1,0;0,8
Malawi Super League;Malawi;29,0;29,0;2,14;0,76;0,41;0,52;1,28;0,86;0,6;0,38;0,62;5,0;0,2;4,0;0,5;0,35
AFC Womens Asian Cup Qualifying;International (Asia);29,0;29,0;4,31;0,68;0,24;1,37;2,28;2,03;0,53;0,31;0,69;9,0;0,11;9,0;0,11;0,11
CAF Champions League Women;International (Africa);29,0;29,0;2,34;0,63;0,55;0,87;1,45;0,9;0,62;0,34;0,66;9,0;0,44;5,0;0,2;0,32
Australia Championship;Australia;29,0;29,0;3,28;0,59;0,72;1,35;2,0;1,28;0,61;0,59;0,41;10,0;0,6;3,0;0,67;0,63
Ecuador LigaPro Serie B;Ecuador;29,0;29,0;2,24;0,67;0,72;0,74;1,48;0,76;0,66;0,52;0,48;1,0;0,0;1,0;0,0;0,0
Denmark U19 League;Denmark;29,0;29,0;3,1;0,57;0,14;1,32;1,62;1,48;0,52;0,66;0,34;3,0;0,33;1,0;1,0;0,67
Macau 1st Division;Macau;29,0;29,0;4,62;0,61;0,21;1,83;2,41;2,21;0,52;0,59;0,41;10,0;0,7;4,0;0,25;0,48
Peru Liga 2;Peru;28,0;28,0;1,89;0,75;0,18;0,47;1,04;0,86;0,55;0,39;0,61;6,0;0,83;0,0;0,0;0,42
Spain Regional League Play-Offs;Spain;28,0;28,0;2,71;0,64;0,21;0,97;1,46;1,25;0,54;0,5;0,5;1,0;1,0;0,0;0,0;0,5
Austria League 1 Women;Austria;28,0;28,0;4,0;0,63;0,14;1,46;2,07;1,93;0,52;0,54;0,46;12,0;0,67;6,0;0,33;0,5
England Reserve Matches;England;28,0;28,0;3,57;0,56;0,64;1,56;2,11;1,46;0,59;0,61;0,39;1,0;0,0;0,0;0,0;0,0
India Bengal Super League;India;28,0;28,0;2,68;0,79;0,68;0,57;1,0;1,68;0,37;0,39;0,61;3,0;0,67;3,0;0,33;0,5
U19 International;International (World);28,0;28,0;2,68;0,64;0,32;0,96;1,5;1,18;0,56;0,5;0,5;6,0;0,67;0,0;0,0;0,33
Sweden 2.div Västra Götaland;Sweden;28,0;28,0;2,82;0,6;0,04;1,14;1,43;1,39;0,51;0,54;0,46;0,0;0,0;0,0;0,0;0,0
Brazil Campeonato Paranaense U20;Brazil;28,0;28,0;2,96;0,58;0,25;1,23;1,61;1,36;0,54;0,57;0,43;7,0;0,57;2,0;0,5;0,54
Moldova Divizia Nationala;Moldova;28,0;28,0;2,75;0,68;0,04;0,89;1,36;1,39;0,49;0,43;0,57;6,0;0,67;3,0;0,0;0,33
Algeria U21 Cup;Algeria;28,0;28,0;2,21;0,75;0,14;0,55;1,18;1,04;0,53;0,46;0,54;6,0;0,5;1,0;1,0;0,75
World Club Friendlies;International (World);28,0;28,0;3,11;0,54;0,25;1,44;1,68;1,43;0,54;0,68;0,32;2,0;1,0;1,0;1,0;1,0
Iran Pro League;Iran;27,0;27,0;1,52;0,94;0,56;0,09;1,04;0,48;0,68;0,26;0,74;5,0;0,2;1,0;0,0;0,1
France U19 League Women;France;27,0;27,0;3,67;0,63;0,11;1,36;1,78;1,89;0,48;0,67;0,33;8,0;0,62;3,0;0,67;0,65
FIFA Arab Cup;International (Asia);27,0;27,0;2,41;0,62;0,11;0,91;1,15;1,26;0,48;0,52;0,48;6,0;0,5;4,0;0,75;0,62
AFC U23 Asian Cup;International (Asia);27,0;27,0;2,63;0,57;0,41;1,13;1,11;1,52;0,42;0,37;0,63;3,0;0,33;4,0;0,25;0,29
Brazil Campeonato Amapaense;Brazil;27,0;27,0;3,04;0,38;0,22;1,88;1,63;1,41;0,54;0,59;0,41;6,0;0,5;2,0;0,5;0,5
New Zealand Football Championship;New Zealand;27,0;27,0;3,52;0,49;0,48;1,8;2,0;1,52;0,57;0,59;0,41;3,0;0,0;0,0;0,0;0,0
Ghana FA Cup;Ghana;27,0;27,0;1,93;0,61;0,44;0,75;1,19;0,74;0,62;0,48;0,52;9,0;0,56;3,0;1,0;0,78
Republic of Ireland National League Women;Ireland;27,0;27,0;2,74;0,6;0,22;1,09;1,48;1,26;0,54;0,33;0,67;8,0;0,25;7,0;0,14;0,2
Scotland Highland League;Scotland;27,0;26,0;2,67;0,53;0,07;1,25;1,37;1,3;0,51;0,52;0,48;10,0;0,4;3,0;0,33;0,37
Norway Division 2 Group 2;Norway;26,0;26,0;3,19;0,6;0,27;1,27;1,73;1,46;0,54;0,69;0,31;2,0;0,5;0,0;0,0;0,25
Brazil Campeonato Acreano;Brazil;26,0;26,0;2,73;0,59;0,42;1,12;1,15;1,58;0,42;0,5;0,5;4,0;0,75;0,0;0,0;0,38
Kuwait Division 1;Kuwait;26,0;26,0;3,65;0,5;0,12;1,84;1,77;1,88;0,48;0,69;0,31;5,0;0,6;3,0;0,33;0,47
AFC Asian Cup Women;International (Asia);26,0;26,0;3,54;0,64;0,54;1,27;1,5;2,04;0,42;0,23;0,77;11,0;0,09;9,0;0,22;0,16
Costa Rica U19 League;Costa Rica;26,0;26,0;3,04;0,63;0,35;1,13;1,69;1,35;0,56;0,73;0,27;2,0;1,0;0,0;0,0;0,5
Japan L2 League Women;Japan;26,0;26,0;1,96;0,95;0,12;0,1;0,92;1,04;0,47;0,35;0,65;0,0;0,0;0,0;0,0;0,0
Kyrgyzstan Top Liga;Kyrgyzstan;26,0;26,0;2,62;0,53;0,15;1,23;1,23;1,38;0,47;0,65;0,35;0,0;0,0;3,0;1,0;0,5
Kosovo U21 League;Kosovo;26,0;26,0;4,15;0,54;0,77;1,9;2,46;1,69;0,59;0,65;0,35;5,0;0,4;2,0;1,0;0,7
Guatemala Liga Nacional Women;Guatemala;26,0;26,0;3,81;0,6;0,19;1,51;2,0;1,81;0,53;0,42;0,58;7,0;0,43;3,0;0,0;0,21
Norway Division 2 Group 1;Norway;26,0;26,0;2,62;0,48;0,08;1,35;1,35;1,27;0,51;0,46;0,54;2,0;1,0;0,0;0,0;0,5
Iceland League Cup C;Iceland;26,0;26,0;4,85;0,47;0,15;2,57;2,5;2,35;0,52;0,73;0,27;7,0;0,71;1,0;1,0;0,86
Africa Cup of Nations Women;International (Africa);26,0;26,0;2,5;0,75;0,88;0,62;1,69;0,81;0,68;0,46;0,54;8,0;0,38;4,0;0,5;0,44
South Africa League Cup;South Africa;26,0;26,0;2,31;0,76;0,23;0,55;1,27;1,04;0,55;0,42;0,58;5,0;0,2;3,0;0,33;0,27
nan;Spain;25,0;25,0;2,56;0,63;0,24;0,95;1,4;1,16;0,55;0,52;0,48;4,0;0,25;2,0;0,0;0,12
India MFA Super Cup;India;25,0;25,0;3,6;0,73;0,64;0,99;2,12;1,48;0,59;0,44;0,56;2,0;0,5;1,0;0,0;0,25
Africa Cup of Nations Qualifiers Women;International (Africa);25,0;25,0;2,36;0,69;0,28;0,73;1,32;1,04;0,56;0,32;0,68;7,0;0,14;2,0;0,0;0,07
India Delhi Senior Division;India;25,0;25,0;3,04;0,75;0,4;0,76;1,32;1,72;0,43;0,4;0,6;5,0;0,8;4,0;0,5;0,65
Tanzania Cup;Tanzania;25,0;25,0;2,4;0,77;0,8;0,55;1,6;0,8;0,67;0,28;0,72;12,0;0,42;3,0;0,0;0,21
Nigeria Cup;Nigeria;25,0;25,0;1,8;0,68;0,12;0,58;0,96;0,84;0,53;0,48;0,52;7,0;0,71;2,0;0,0;0,36
Finland Cup Women;Finland;25,0;25,0;3,44;0,5;0,08;1,71;1,68;1,76;0,49;0,56;0,44;6,0;0,5;7,0;0,43;0,46
Netherlands Eredivisie Play-Offs;Netherlands;25,0;25,0;3,16;0,68;0,36;1,03;1,76;1,4;0,56;0,6;0,4;2,0;0,5;0,0;0,0;0,25
Womens Copa America;International (South America);25,0;25,0;3,32;0,7;0,12;0,98;1,72;1,6;0,52;0,44;0,56;8,0;0,38;6,0;0,33;0,35
Vietnam Cup Women;Vietnam;25,0;25,0;2,8;0,84;0,4;0,45;1,2;1,6;0,43;0,24;0,76;4,0;0,0;6,0;0,5;0,25
Malawi Challenge Cup;Malawi;24,0;24,0;2,21;0,77;0,21;0,51;1,0;1,21;0,45;0,38;0,62;4,0;0,0;2,0;0,0;0,0
Brazil Campeonato Brasileiro Serie B U20;Brazil;24,0;24,0;2,83;0,48;0,17;1,46;1,5;1,33;0,53;0,38;0,62;4,0;0,5;1,0;1,0;0,75
Serbia League Women;Serbia;24,0;24,0;2,88;0,78;0,62;0,64;1,12;1,75;0,39;0,5;0,5;6,0;1,0;5,0;0,2;0,6
Czechia Div 1 Women;Czech Republic;24,0;24,0;3,75;0,49;0,08;1,93;1,92;1,83;0,51;0,5;0,5;5,0;0,4;6,0;0,5;0,45
Cyprus Women Division 1;Cyprus;24,0;24,0;3,67;0,62;0,58;1,41;1,54;2,12;0,42;0,42;0,58;10,0;0,5;8,0;0,12;0,31
Uganda Cup Women;Uganda;24,0;24,0;1,79;0,89;0,37;0,2;1,08;0,71;0,6;0,42;0,58;6,0;0,67;0,0;0,0;0,33
India League Women;India;24,0;24,0;3,17;0,59;0,5;1,31;1,33;1,83;0,42;0,5;0,5;6,0;0,83;5,0;0,2;0,52
Czechia Div 2 Women;Czech Republic;24,0;24,0;4,0;0,57;1,0;1,73;2,5;1,5;0,62;0,54;0,46;7,0;0,57;3,0;0,67;0,62
Iceland Premier League;Iceland;24,0;24,0;3,88;0,53;0,71;1,8;2,29;1,58;0,59;0,71;0,29;2,0;0,5;0,0;0,0;0,25
Bermuda Premier League;Bermuda;24,0;23,0;4,17;0,53;0,25;1,95;2,21;1,96;0,53;0,62;0,38;4,0;0,25;6,0;0,83;0,54
Brazil Copa Sul-Sudeste;Brazil;24,0;24,0;2,33;0,72;0,25;0,65;1,29;1,04;0,55;0,54;0,46;0,0;0,0;0,0;0,0;0,0
Finland Ykkonen;Finland;24,0;24,0;3,46;0,57;0,29;1,5;1,88;1,58;0,54;0,5;0,5;3,0;0,33;0,0;0,0;0,17
Moldova Cup;Moldova;24,0;24,0;2,96;0,56;0,96;1,3;1,96;1,0;0,66;0,58;0,42;10,0;0,5;3,0;0,67;0,58
Northern Ireland County Antrim Shield;North Ireland;24,0;24,0;3,29;0,49;0,62;1,69;1,96;1,33;0,59;0,54;0,46;6,0;0,67;4,0;0,5;0,58
New Zealand Southern League;New Zealand;24,0;24,0;4,04;0,49;0,71;2,08;2,38;1,67;0,59;0,54;0,46;7,0;0,57;3,0;1,0;0,79
Austria Cup Women;Austria;24,0;24,0;3,0;0,51;0,25;1,47;1,62;1,38;0,54;0,38;0,62;6,0;0,33;8,0;0,38;0,35
Australia Tasmania Premier League;Australia;24,0;24,0;3,92;0,71;0,08;1,15;1,92;2,0;0,49;0,54;0,46;8,0;0,25;8,0;0,88;0,56
Brazil Copa Sul U20;Brazil;24,0;24,0;2,5;0,83;0,33;0,41;1,42;1,08;0,57;0,42;0,58;2,0;0,5;0,0;0,0;0,25
Colombia U19 Championship;Colombia;24,0;24,0;3,79;0,58;0,79;1,59;2,29;1,5;0,6;0,67;0,33;2,0;0,5;1,0;1,0;0,75
Spain Primera Division RFEF Play-Offs;Spain;24,0;24,0;2,42;0,64;0,17;0,86;1,29;1,12;0,53;0,58;0,42;1,0;1,0;0,0;0,0;0,5
India Bangalore Super Division;India;23,0;23,0;3,39;0,57;0,26;1,47;1,83;1,57;0,54;0,52;0,48;4,0;0,0;4,0;0,75;0,38
Northern Ireland Reserve League;North Ireland;23,0;23,0;5,04;0,5;0,35;2,53;2,7;2,35;0,53;0,7;0,3;6,0;0,67;3,0;0,67;0,67
Algeria Cup Women;Algeria;23,0;23,0;2,91;0,56;0,91;1,29;1,91;1,0;0,66;0,35;0,65;7,0;0,14;3,0;0,33;0,24
Brazil Copa Nordeste U20;Brazil;23,0;23,0;2,43;0,76;1,3;0,58;1,87;0,57;0,77;0,35;0,65;13,0;0,23;0,0;0,0;0,12
Australia Capital Territory Premier League;Australia;23,0;23,0;4,04;0,42;0,48;2,33;2,26;1,78;0,56;0,65;0,35;3,0;0,67;3,0;0,67;0,67
Andorra Cup;Andorra;23,0;23,0;2,39;0,63;0,04;0,89;1,17;1,22;0,49;0,35;0,65;7,0;0,14;6,0;0,17;0,15
CONCACAF Gold Cup Women;International (North & Central America);23,0;23,0;3,26;0,65;0,22;1,15;1,74;1,52;0,53;0,22;0,78;12,0;0,33;5,0;0,0;0,17
Greece U19 Cup;Greece;23,0;23,0;2,43;0,76;0,61;0,58;1,52;0,91;0,62;0,35;0,65;8,0;0,5;4,0;0,25;0,38
Qatar Second Division Cup;Qatar;23,0;23,0;2,35;0,7;0,09;0,71;1,13;1,22;0,48;0,48;0,52;0,0;0,0;0,0;0,0;0,0
Turkey 3. Lig Promotion Group Play-Offs;Turkey;23,0;23,0;2,22;0,53;0,3;1,05;0,96;1,26;0,43;0,43;0,57;1,0;1,0;0,0;0,0;0,5
Belgium Cup Women;Belgium;23,0;23,0;3,39;0,68;0,09;1,08;1,74;1,65;0,51;0,52;0,48;9,0;0,78;4,0;0,25;0,51
Chile Copa de la Liga;Chile;23,0;23,0;2,65;0,43;0,3;1,5;1,17;1,48;0,44;0,74;0,26;3,0;0,67;0,0;0,0;0,33
U23 International Women;International (World);23,0;23,0;2,57;0,71;0,57;0,74;1,57;1,0;0,61;0,52;0,48;3,0;0,67;1,0;1,0;0,83
Iceland Lower League Cup;Iceland;23,0;23,0;4,3;0,35;1,0;2,78;2,65;1,65;0,62;0,83;0,17;2,0;1,0;2,0;1,0;1,0
Bhutan Premier League Qualifiers;Bhutan;23,0;23,0;3,91;0,7;0,09;1,18;1,91;2,0;0,49;0,52;0,48;4,0;0,75;5,0;0,2;0,48
Brazil Paraense;Brazil;23,0;23,0;2,0;0,64;0,61;0,72;1,3;0,7;0,65;0,43;0,57;6,0;0,33;0,0;0,0;0,17
Myanmar League Women;Myanmar;23,0;23,0;2,91;0,71;0,48;0,85;1,22;1,7;0,42;0,52;0,48;2,0;0,5;10,0;0,4;0,45
Mauritania Cup;Mauritania;23,0;23,0;2,48;0,72;0,22;0,7;1,35;1,13;0,54;0,48;0,52;6,0;0,5;0,0;0,0;0,25
Aruba Cup;Aruba;23,0;23,0;3,91;0,58;0,43;1,66;1,74;2,17;0,44;0,52;0,48;4,0;0,75;6,0;0,5;0,62
Australia Northern NSW Premier League Women;Australia;23,0;22,0;4,91;0,52;0,22;2,36;2,57;2,35;0,52;0,65;0,35;4,0;0,75;7,0;0,71;0,73
Romania Liga 2 Women;Romania;22,0;22,0;3,09;0,53;0,36;1,46;1,73;1,36;0,56;0,55;0,45;3,0;1,0;3,0;0,67;0,83
Oman Professional League Cup;Oman;22,0;22,0;2,18;0,69;0,64;0,68;1,41;0,77;0,65;0,32;0,68;5,0;0,4;1,0;0,0;0,2
Greece Cup Women;Greece;22,0;22,0;2,32;0,77;0,86;0,54;0,73;1,59;0,31;0,45;0,55;3,0;0,67;5,0;0,4;0,53
Burkina Faso Cup;Burkina Faso;22,0;22,0;1,36;0,83;0,18;0,23;0,59;0,77;0,43;0,32;0,68;2,0;1,0;1,0;1,0;1,0
Taiwan League Division 2;Taiwan;22,0;22,0;3,45;0,67;0,36;1,13;1,55;1,91;0,45;0,5;0,5;2,0;0,5;5,0;0,4;0,45
Austria Women League 2;Austria;22,0;22,0;3,14;0,73;0,41;0,84;1,77;1,36;0,57;0,32;0,68;6,0;0,67;2,0;0,0;0,33
Myanmar League 2;Myanmar;22,0;22,0;3,64;0,59;0,36;1,49;1,64;2,0;0,45;0,5;0,5;5,0;0,6;8,0;0,5;0,55
Brazil Campeonato Gaucho U20;Brazil;22,0;22,0;2,73;0,54;0,73;1,24;1,73;1,0;0,63;0,41;0,59;7,0;0,14;3,0;0,33;0,24
African Nations C'ship Qualifying;International (Africa);22,0;22,0;1,95;0,53;0,68;0,91;1,32;0,64;0,67;0,27;0,73;6,0;0,33;2,0;0,5;0,42
Australia SA Premier League Women;Australia;22,0;22,0;3,86;0,43;0,59;2,19;2,23;1,64;0,58;0,73;0,27;4,0;0,5;2,0;0,5;0,5
Aruba Play-offs;Aruba;21,0;21,0;5,1;0,4;1,19;3,07;3,14;1,95;0,62;0,86;0,14;7,0;0,71;2,0;0,5;0,61
Malaysia Challenge Cup;Malaysia;21,0;21,0;2,67;0,79;0,1;0,56;1,38;1,29;0,52;0,38;0,62;7,0;0,29;2,0;0,0;0,14
Brazil Campeonato Carioca B;Brazil;21,0;21,0;1,86;0,77;0,52;0,43;1,19;0,67;0,64;0,33;0,67;0,0;0,0;0,0;0,0;0,0
Sweden 2.div Norra Götaland;Sweden;21,0;21,0;3,52;0,46;0,1;1,89;1,81;1,71;0,51;0,67;0,33;3,0;0,33;0,0;0,0;0,17
Portugal U23 Cup;Portugal;21,0;21,0;3,05;0,63;0,76;1,14;1,9;1,14;0,62;0,48;0,52;2,0;0,0;0,0;0,0;0,0
Australia Darwin Premier League;Australia;21,0;21,0;4,38;0,61;0,0;1,69;2,19;2,19;0,5;0,67;0,33;4,0;0,75;4,0;0,75;0,75
Israel Liga Bet Play-Offs;Israel;21,0;21,0;2,9;0,64;0,05;1,04;1,48;1,43;0,51;0,57;0,43;1,0;1,0;0,0;0,0;0,5
Norway Division 3 Group 1;Norway;21,0;21,0;4,52;0,41;0,52;2,69;2,0;2,52;0,44;0,71;0,29;1,0;0,0;1,0;1,0;0,5
Switzerland Division 1 Women;Switzerland;21,0;21,0;2,57;0,53;1,33;1,21;1,95;0,62;0,76;0,33;0,67;7,0;0,29;2,0;0,5;0,39
U19 International Women;International (World);21,0;21,0;2,24;0,53;0,05;1,06;1,1;1,14;0,49;0,48;0,52;4,0;1,0;3,0;0,0;0,5
Australia Capital Territory U23 League;Australia;20,0;20,0;3,7;0,48;0,8;1,92;2,25;1,45;0,61;0,6;0,4;1,0;0,0;4,0;0,75;0,38
Oman 1st Division;Oman;20,0;19,0;2,35;0,71;0,65;0,69;1,5;0,85;0,64;0,4;0,6;1,0;0,0;1,0;1,0;0,5
Argentina Regional Cup;Argentina;20,0;20,0;2,8;0,56;0,9;1,22;1,85;0,95;0,66;0,4;0,6;1,0;0,0;1,0;1,0;0,5
ASEAN Club Championship;International (Asia);20,0;20,0;3,45;0,46;0,65;1,88;2,05;1,4;0,59;0,65;0,35;5,0;0,4;2,0;0,5;0,45
Australia SA Premier League Women Reserves;Australia;20,0;20,0;4,35;0,67;0,35;1,43;2,0;2,35;0,46;0,5;0,5;3,0;0,33;4,0;0,75;0,54
Ethiopia Higher League Women;Ethiopia;20,0;20,0;2,45;0,75;0,55;0,6;0,95;1,5;0,39;0,5;0,5;2,0;0,0;2,0;0,5;0,25
Sweden 2.div Södra Svealand;Sweden;20,0;20,0;3,3;0,53;0,1;1,55;1,6;1,7;0,48;0,6;0,4;0,0;0,0;0,0;0,0;0,0
Switzerland Women Nationalliga B;Switzerland;20,0;20,0;4,1;0,58;1,2;1,74;2,65;1,45;0,65;0,4;0,6;6,0;0,33;2,0;0,0;0,17
Australia Western Australia State League 1;Australia;20,0;20,0;3,05;0,63;0,45;1,12;1,75;1,3;0,57;0,65;0,35;2,0;0,5;1,0;0,0;0,25
Australia Queensland Premier League Women;Australia;20,0;20,0;3,85;0,43;0,05;2,19;1,9;1,95;0,49;0,6;0,4;4,0;0,75;3,0;0,67;0,71
Luxembourg Ligue 1 Women;Luxembourg;20,0;20,0;3,15;0,56;0,55;1,39;1,85;1,3;0,59;0,5;0,5;5,0;0,8;6,0;0,33;0,57
Malawi League Cup;Malawi;20,0;20,0;2,5;0,57;0,7;1,07;0,9;1,6;0,36;0,55;0,45;3,0;0,67;3,0;0,67;0,67
Brazil Campeonato Piauiense;Brazil;20,0;20,0;2,1;0,72;0,3;0,58;1,2;0,9;0,57;0,35;0,65;4,0;0,25;0,0;0,0;0,12
Finland U21 League;Finland;20,0;20,0;4,1;0,52;0,4;1,97;2,25;1,85;0,55;0,6;0,4;2,0;0,0;2,0;1,0;0,5
Norway U19 Elite League;Norway;19,0;19,0;4,89;0,45;0,47;2,69;2,68;2,21;0,55;0,79;0,21;5,0;1,0;0,0;0,0;0,5
Ukraine Druha Liga;Ukraine;19,0;19,0;2,63;0,71;0,53;0,77;1,05;1,58;0,4;0,53;0,47;2,0;0,5;1,0;1,0;0,75
Jordan League Women;Jordan;19,0;19,0;3,84;0,52;0,26;1,83;1,79;2,05;0,47;0,63;0,37;4,0;0,75;5,0;0,8;0,78
Taiwan Cup;Taiwan;19,0;19,0;4,68;0,65;1,42;1,63;3,05;1,63;0,65;0,53;0,47;7,0;0,43;2,0;0,5;0,46
UAE Second Division;UAE;19,0;19,0;3,37;0,49;0,32;1,73;1,84;1,53;0,55;0,47;0,53;1,0;1,0;1,0;0,0;0,5
Hong Kong Cup;Hong Kong;19,0;19,0;3,11;0,5;0,05;1,55;1,53;1,58;0,49;0,74;0,26;4,0;0,5;3,0;1,0;0,75
Poland Regional Cup;Poland;19,0;19,0;4,89;0,61;1,74;1,9;1,58;3,32;0,32;0,58;0,42;1,0;1,0;8,0;0,5;0,75
CONMEBOL Nations League Women;International (South America);19,0;19,0;2,74;0,89;1,47;0,31;2,11;0,63;0,77;0,37;0,63;5,0;0,0;2,0;1,0;0,5
Estonia Cup Women;Estonia;19,0;19,0;3,11;0,57;1,0;1,34;2,05;1,05;0,66;0,42;0,58;8,0;0,12;5,0;1,0;0,56
Sweden Damallsvenskan;Sweden;19,0;19,0;2,68;0,53;0,68;1,27;1,68;1,0;0,63;0,58;0,42;4,0;0,5;2,0;0,5;0,5
Lithuania II Lyga;Lithuania;19,0;19,0;3,79;0,49;0,42;1,92;2,11;1,68;0,56;0,63;0,37;3,0;0,33;0,0;0,0;0,17
Serbia First League Women;Serbia;19,0;19,0;2,79;0,87;0,26;0,37;1,26;1,53;0,45;0,53;0,47;1,0;0,0;6,0;0,67;0,33
Mali Cup;Mali;19,0;19,0;2,05;0,66;0,47;0,7;1,26;0,79;0,62;0,37;0,63;6,0;0,33;1,0;0,0;0,17
Luxembourg Promotion D’Honneur;Luxembourg;19,0;19,0;3,26;0,57;0,11;1,41;1,68;1,58;0,52;0,63;0,37;2,0;0,0;0,0;0,0;0,0
Brazil Paulista Women;Brazil;19,0;19,0;3,11;0,63;0,37;1,14;1,74;1,37;0,56;0,47;0,53;4,0;0,25;4,0;0,5;0,38
Brazil Copa Sergipe;Brazil;19,0;19,0;2,74;0,56;0,63;1,22;1,68;1,05;0,62;0,47;0,53;5,0;0,4;0,0;0,0;0,2
AFC Cup;International (Asia);18,0;18,0;2,5;0,62;0,72;0,96;1,61;0,89;0,64;0,39;0,61;5,0;0,0;1,0;1,0;0,5
South Africa Supa 8 Cup;South Africa;18,0;18,0;2,22;0,65;0,78;0,79;1,5;0,72;0,67;0,5;0,5;4,0;0,25;0,0;0,0;0,12
Vietnam U19 Championship Women;Vietnam;18,0;18,0;2,44;0,63;0,22;0,9;1,11;1,33;0,45;0,44;0,56;3,0;0,67;2,0;0,0;0,33
Brazil Campeonato Catarinense U20;Brazil;18,0;18,0;4,17;0,45;0,72;2,28;2,44;1,72;0,59;0,67;0,33;4,0;1,0;0,0;0,0;0,5
Finland Ykkosliiga;Finland;18,0;18,0;2,11;0,86;0,56;0,3;1,33;0,78;0,63;0,33;0,67;4,0;0,25;0,0;0,0;0,12
Malta Challenge League Cup;Malta;18,0;18,0;2,94;0,65;0,5;1,02;1,22;1,72;0,42;0,5;0,5;2,0;0,0;2,0;0,5;0,25
Brazil Campeonato Paranaense 2;Brazil;18,0;18,0;3,0;0,84;0,44;0,48;1,72;1,28;0,57;0,56;0,44;5,0;0,4;2,0;0,0;0,2
Brazil Copa Rio Women;Brazil;18,0;18,0;2,72;0,5;0,5;1,36;1,61;1,11;0,59;0,44;0,56;3,0;0,0;1,0;0,0;0,0
Australia WA State League 1 Reserves;Australia;18,0;18,0;3,72;0,55;0,94;1,67;1,39;2,33;0,37;0,61;0,39;3,0;1,0;1,0;0,0;0,5
Norway Division 3 Group 2;Norway;18,0;18,0;4,39;0,58;1,17;1,87;2,78;1,61;0,63;0,61;0,39;2,0;1,0;0,0;0,0;0,5
Ivory Coast Cup;Ivory Coast;18,0;17,0;2,28;0,72;0,06;0,64;1,11;1,17;0,49;0,39;0,61;4,0;0,75;2,0;0,5;0,62
Hong Kong Senior Shield;Hong Kong;18,0;18,0;3,22;0,46;0,78;1,74;2,0;1,22;0,62;0,67;0,33;6,0;0,67;1,0;1,0;0,83
Hungary Cup Women;Hungary;18,0;18,0;3,67;0,65;1,11;1,27;2,39;1,28;0,65;0,5;0,5;4,0;0,5;4,0;0,75;0,62
nan;Turkey;18,0;18,0;3,89;0,58;1,56;1,62;2,72;1,17;0,7;0,61;0,39;6,0;0,5;1,0;1,0;0,75
nan;International (Europe);18,0;18,0;2,11;0,61;0,22;0,83;0,94;1,17;0,45;0,5;0,5;2,0;0,5;1,0;0,0;0,25
Iraq Premier League;Iraq;18,0;18,0;2,67;0,91;0,33;0,24;1,5;1,17;0,56;0,5;0,5;2,0;1,0;0,0;0,0;0,5
Malawi Top 8 Cup;Malawi;18,0;18,0;1,89;0,79;0,44;0,4;1,17;0,72;0,62;0,33;0,67;5,0;0,2;1,0;1,0;0,6
Thailand U21 League;Thailand;18,0;17,0;2,5;0,78;0,06;0,55;1,28;1,22;0,51;0,5;0,5;3,0;0,33;1,0;1,0;0,67
Lebanon Cup;Lebanon;18,0;18,0;2,61;0,6;0,17;1,03;1,39;1,22;0,53;0,5;0,5;5,0;0,6;2,0;0,0;0,3
Sweden 2.div Södra Götaland;Sweden;18,0;18,0;3,06;0,44;0,28;1,71;1,67;1,39;0,55;0,67;0,33;0,0;0,0;0,0;0,0;0,0
Germany U19 Cup;Germany;18,0;17,0;3,56;0,47;0,22;1,87;1,67;1,89;0,47;0,67;0,33;2,0;1,0;0,0;0,0;0,5
New Zealand Central League;New Zealand;18,0;18,0;2,56;0,59;0,33;1,05;1,11;1,44;0,43;0,39;0,61;3,0;0,67;4,0;0,25;0,46
Malawi League Women;Malawi;18,0;18,0;2,28;0,58;0,5;0,96;1,39;0,89;0,61;0,33;0,67;5,0;0,4;3,0;0,67;0,53
Finland Ykkonen Women;Finland;17,0;17,0;2,76;0,55;0,18;1,24;1,47;1,29;0,53;0,41;0,59;4,0;0,25;2,0;0,0;0,12
Scotland Reserve Cup;Scotland;17,0;17,0;4,24;0,56;0,71;1,88;2,47;1,76;0,58;0,71;0,29;3,0;0,33;1,0;1,0;0,67
Brazil Campeonato Carioca B1 U20;Brazil;17,0;17,0;3,71;0,47;0,53;1,98;2,12;1,59;0,57;0,65;0,35;1,0;0,0;0,0;0,0;0,0
Spain Regional Cup;Spain;17,0;17,0;2,65;0,78;0,41;0,59;1,53;1,12;0,58;0,53;0,47;2,0;0,5;0,0;0,0;0,25
Zambia Division 1;Zambia;17,0;17,0;2,35;0,58;0,0;0,99;1,18;1,18;0,5;0,71;0,29;1,0;0,0;0,0;0,0;0,0
Portugal League Cup;Portugal;17,0;17,0;3,0;0,44;1,24;1,68;2,12;0,88;0,71;0,59;0,41;10,0;0,6;1,0;1,0;0,8
Republic of Ireland Munster Senior Cup;Ireland;17,0;17,0;2,94;0,71;0,59;0,87;1,76;1,18;0,6;0,53;0,47;4,0;0,25;2,0;0,5;0,38
Gibraltar Cup;Gibraltar;17,0;17,0;3,59;0,62;0,29;1,35;1,94;1,65;0,54;0,35;0,65;5,0;0,4;3,0;0,0;0,2
Switzerland 2. Liga Interregional;Switzerland;17,0;17,0;4,12;0,5;1,29;2,06;2,71;1,41;0,66;0,76;0,24;3,0;1,0;0,0;0,0;0,5
Denmark Division 2 Women;Denmark;17,0;17,0;3,53;0,57;0,71;1,53;2,12;1,41;0,6;0,65;0,35;3,0;0,67;2,0;1,0;0,83
Italy Serie A Cup Women;Italy;17,0;17,0;2,82;0,49;0,12;1,44;1,47;1,35;0,52;0,59;0,41;4,0;1,0;3,0;0,67;0,83
Argentina Regional League;Argentina;17,0;17,0;3,12;0,48;0,76;1,62;1,94;1,18;0,62;0,59;0,41;2,0;0,5;1,0;1,0;0,75
USA UPSL;USA;17,0;17,0;4,76;0,36;0,76;3,05;2,76;2,0;0,58;0,88;0,12;2,0;1,0;0,0;0,0;0,5
Syria Division 1;Syria;17,0;17,0;3,18;0,67;0,47;1,05;1,82;1,35;0,57;0,65;0,35;3,0;1,0;0,0;0,0;0,5
Australia Tasmania Super League Women;Australia;17,0;17,0;4,71;0,66;0,12;1,61;2,29;2,41;0,49;0,47;0,53;4,0;0,25;3,0;0,33;0,29
Croatia U19 Cup;Croatia;16,0;16,0;3,12;0,58;0,25;1,3;1,44;1,69;0,46;0,69;0,31;2,0;0,5;0,0;0,0;0,25
Norway Division 3 Group 4;Norway;16,0;16,0;4,31;0,47;0,44;2,29;2,38;1,94;0,55;0,75;0,25;0,0;0,0;0,0;0,0;0,0
New Zealand Cup Women;New Zealand;16,0;16,0;3,62;0,59;0,5;1,47;1,56;2,06;0,43;0,56;0,44;3,0;1,0;3,0;1,0;1,0
Ghana Super Cup;Ghana;16,0;16,0;2,38;0,84;0,25;0,38;1,06;1,31;0,45;0,44;0,56;0,0;0,0;0,0;0,0;0,0
New Zealand National League Women;New Zealand;16,0;16,0;3,94;0,68;1,31;1,24;2,62;1,31;0,67;0,19;0,81;7,0;0,29;2,0;0,5;0,39
COSAFA Champions League Women;International (Africa);16,0;16,0;3,75;0,73;1,5;1,01;2,62;1,12;0,7;0,44;0,56;9,0;0,56;1,0;1,0;0,78
nan;Jamaica;16,0;16,0;2,19;0,67;0,19;0,72;1,19;1,0;0,54;0,5;0,5;2,0;1,0;2,0;0,5;0,75
African Games;International (Africa);16,0;16,0;1,88;0,97;0,5;0,05;1,19;0,69;0,63;0,31;0,69;1,0;0,0;1,0;0,0;0,0
Australia WA Premier League Women;Australia;16,0;16,0;3,19;0,56;1,19;1,39;2,19;1,0;0,69;0,38;0,62;6,0;0,17;3,0;0,33;0,25
U20 International;International (World);16,0;16,0;2,69;0,68;0,56;0,87;1,62;1,06;0,6;0,5;0,5;4,0;0,5;0,0;0,0;0,25
Iraq U21 League;Iraq;16,0;16,0;4,12;0,5;0,0;2,06;2,06;2,06;0,5;0,75;0,25;2,0;1,0;0,0;0,0;0,5
Ecuador Primera Women;Ecuador;16,0;16,0;4,75;0,69;1,88;1,49;3,31;1,44;0,7;0,44;0,56;7,0;0,57;5,0;0,4;0,49
Brazil Copa Alagoas U20;Brazil;15,0;15,0;2,6;0,71;0,47;0,76;1,53;1,07;0,59;0,47;0,53;5,0;0,6;5,0;0,6;0,6
Nicaragua Liga de Ascenso;Nicaragua;15,0;15,0;3,8;0,61;0,07;1,49;1,87;1,93;0,49;0,6;0,4;2,0;0,0;3,0;0,67;0,33
Uruguay Copa de la Liga;Uruguay;15,0;13,0;1,93;0,77;0,07;0,45;1,0;0,93;0,52;0,47;0,53;0,0;0,0;2,0;1,0;0,5
Finland Kakkonnen Play-Offs;Finland;15,0;15,0;3,0;0,5;0,87;1,49;1,93;1,07;0,64;0,53;0,47;4,0;0,25;1,0;1,0;0,62
Brazil Campeonato Cearense B;Brazil;15,0;15,0;2,0;0,91;0,27;0,19;1,13;0,87;0,57;0,33;0,67;3,0;0,33;0,0;0,0;0,17
Brazil Supercopa Women;Brazil;15,0;15,0;2,2;0,79;0,6;0,46;0,8;1,4;0,36;0,27;0,73;3,0;0,0;4,0;0,25;0,12
Burundi Premier League;Burundi;15,0;15,0;2,93;0,49;0,13;1,5;1,53;1,4;0,52;0,73;0,27;1,0;1,0;2,0;1,0;1,0
India Guwahati Premier League;India;15,0;15,0;3,4;0,63;1,0;1,27;1,2;2,2;0,35;0,53;0,47;0,0;0,0;1,0;1,0;0,5
UEFA Regions Cup;International (Europe);15,0;15,0;2,07;0,72;0,6;0,58;0,73;1,33;0,35;0,47;0,53;0,0;0,0;2,0;0,0;0,0
Norway Division 1 Women;Norway;15,0;15,0;3,0;0,65;0,2;1,04;1,4;1,6;0,47;0,53;0,47;1,0;0,0;2,0;0,5;0,25
Gulf Cup;International (North & Central America);15,0;15,0;2,73;0,45;0,07;1,51;1,4;1,33;0,51;0,8;0,2;1,0;0,0;1,0;1,0;0,5
Liberia FA Cup;Liberia;15,0;15,0;2,87;0,45;0,2;1,56;1,53;1,33;0,53;0,87;0,13;3,0;1,0;2,0;1,0;1,0
Scotland Lowland League Cup;Scotland;15,0;15,0;3,87;0,27;1,07;2,81;2,47;1,4;0,64;0,73;0,27;2,0;0,0;3,0;1,0;0,5
Belgium Second Amateur Division VFV A;Belgium;15,0;15,0;3,6;0,48;0,8;1,88;2,2;1,4;0,61;0,73;0,27;0,0;0,0;0,0;0,0;0,0
Uruguay Clausura;Uruguay;15,0;15,0;2,13;0,61;0,8;0,83;0,67;1,47;0,31;0,33;0,67;1,0;1,0;1,0;0,0;0,5
Spanish Copa de Catalunya Women;Spanish;15,0;15,0;3,0;0,69;0,6;0,93;1,2;1,8;0,4;0,4;0,6;1,0;0,0;6,0;0,33;0,17
Canada Premier League;Canada;15,0;15,0;2,13;0,66;0,0;0,73;1,07;1,07;0,5;0,53;0,47;0,0;0,0;0,0;0,0;0,0
Slovenia League Women;Slovenia;15,0;15,0;4,27;0,5;0,4;2,15;2,33;1,93;0,55;0,67;0,33;4,0;0,75;4,0;0,75;0,75
Brazil Campeonato Roraimense;Brazil;14,0;14,0;2,86;0,71;0,0;0,82;1,43;1,43;0,5;0,43;0,57;2,0;0,5;3,0;0,0;0,25
Fiji National League;Fiji;14,0;14,0;4,0;0,57;0,14;1,71;1,93;2,07;0,48;0,64;0,36;2,0;1,0;2,0;0,5;0,75
India U21 Development League;India;14,0;14,0;2,5;0,83;0,36;0,43;1,43;1,07;0,57;0,36;0,64;2,0;0,5;1,0;0,0;0,25
Botswana FA Cup;Botswana;14,0;14,0;1,36;0,85;0,07;0,21;0,64;0,71;0,47;0,43;0,57;4,0;0,75;1,0;0,0;0,38
Brazil Campeonato Capixaba U20;Brazil;14,0;14,0;4,14;0,63;0,29;1,52;1,93;2,21;0,47;0,64;0,36;4,0;0,5;4,0;0,75;0,62
Northern Ireland Premier Intermediate League;North Ireland;14,0;14,0;2,71;0,78;0,29;0,59;1,5;1,21;0,55;0,64;0,36;0,0;0,0;0,0;0,0;0,0
Norway Division 3 Group 6;Norway;14,0;14,0;3,21;0,49;0,36;1,64;1,79;1,43;0,56;0,71;0,29;0,0;0,0;1,0;1,0;0,5
Czechia Tipsport Liga;Czech Republic;14,0;14,0;3,43;0,58;0,14;1,44;1,79;1,64;0,52;0,57;0,43;3,0;1,0;0,0;0,0;0,5
Zanzibar FA Cup;Tanzania;14,0;14,0;2,36;0,68;1,07;0,76;1,71;0,64;0,73;0,43;0,57;4,0;0,5;3,0;1,0;0,75
Croatia First League Women;Croatia;14,0;14,0;3,5;0,55;0,21;1,59;1,86;1,64;0,53;0,43;0,57;5,0;0,6;4,0;0,5;0,55
Oman U21 Championship;Oman;14,0;14,0;2,5;0,58;0,5;1,05;1,0;1,5;0,4;0,5;0,5;1,0;1,0;0,0;0,0;0,5
Colombia Regional League;Colombia;14,0;14,0;2,86;0,76;0,0;0,68;1,43;1,43;0,5;0,43;0,57;0,0;0,0;2,0;1,0;0,5
Campeonato Roraimense;Brazil;14,0;14,0;3,64;0,41;0,36;2,14;2,0;1,64;0,55;0,57;0,43;5,0;0,6;4,0;0,5;0,55
Romania U19 Cup;Romania;14,0;14,0;4,07;0,56;0,07;1,8;2,07;2,0;0,51;0,57;0,43;4,0;0,5;6,0;0,83;0,67
Rwanda Cup Women;Rwanda;14,0;14,0;3,07;0,59;0,79;1,25;1,93;1,14;0,63;0,57;0,43;3,0;0,67;1,0;0,0;0,33
CAFA Nations Cup;International (Asia);14,0;14,0;2,5;0,51;0,07;1,21;1,21;1,29;0,49;0,64;0,36;2,0;0,5;4,0;0,5;0,5
Jordan Cup Women;Jordan;14,0;14,0;4,5;0,63;0,21;1,68;2,14;2,36;0,48;0,57;0,43;2,0;0,0;4,0;0,75;0,38
Japan University Championship Women;Japan;14,0;14,0;3,0;1,11;0,57;-0,33;1,21;1,79;0,4;0,36;0,64;3,0;0,33;2,0;1,0;0,67
Burkina Faso League 2;Burkina Faso;14,0;14,0;1,57;0,54;0,71;0,72;1,14;0,43;0,73;0,21;0,79;0,0;0,0;0,0;0,0;0,0
Kyrgyzstan Cup;Kyrgyzstan;14,0;14,0;2,86;0,67;0,86;0,94;1,0;1,86;0,35;0,43;0,57;2,0;0,5;4,0;0,5;0,5
nan;UAE;13,0;13,0;3,46;0,67;1,62;1,13;2,54;0,92;0,73;0,54;0,46;3,0;0,67;0,0;0,0;0,33
nan;Guatemala;13,0;13,0;3,0;0,68;0,23;0,96;1,62;1,38;0,54;0,46;0,54;3,0;0,33;0,0;0,0;0,17
nan;Georgia;13,0;13,0;2,0;0,87;0,62;0,27;0,69;1,31;0,35;0,38;0,62;0,0;0,0;1,0;0,0;0,0
Womens Olympic Qual;International (World);13,0;13,0;2,62;1,02;0,46;-0,05;1,54;1,08;0,59;0,31;0,69;4,0;0,5;2,0;0,5;0,5
Gulf Cup U23;International (North & Central America);13,0;13,0;2,31;0,51;0,46;1,13;1,38;0,92;0,6;0,38;0,62;1,0;0,0;1,0;0,0;0,0
OFC Champions League;International (Oceania);13,0;13,0;2,46;0,77;1,23;0,56;1,85;0,62;0,75;0,38;0,62;4,0;0,0;1,0;1,0;0,5
Cyprus Cup Women;Cyprus;13,0;13,0;2,92;0,36;0,77;1,89;1,85;1,08;0,63;0,62;0,38;5,0;0,4;3,0;1,0;0,7
Northern Ireland Championship Women;North Ireland;13,0;13,0;3,92;0,53;0,23;1,86;2,08;1,85;0,53;0,69;0,31;4,0;1,0;5,0;0,6;0,8
Macau FA Cup;Macau;13,0;13,0;4,08;0,6;0,69;1,61;2,38;1,69;0,58;0,54;0,46;6,0;0,67;4,0;0,5;0,58
Scotland Championship Play-Offs;Scotland;13,0;13,0;2,46;0,75;0,0;0,61;1,23;1,23;0,5;0,62;0,38;1,0;1,0;0,0;0,0;0,5
Saudi Arabia Reserve League;Saudi Arabia;13,0;13,0;2,69;0,65;0,23;0,94;1,23;1,46;0,46;0,38;0,62;1,0;0,0;3,0;1,0;0,5
Brazil Copa Paraense U20;Brazil;13,0;13,0;3,15;0,53;0,38;1,48;1,77;1,38;0,56;0,46;0,54;4,0;0,5;0,0;0,0;0,25
Ghana Super Cup Women;Ghana;13,0;13,0;3,15;0,58;0,38;1,34;1,77;1,38;0,56;0,46;0,54;2,0;0,0;0,0;0,0;0,0
South East Asian Games;International (Asia);13,0;13,0;3,15;0,53;0,85;1,48;2,0;1,15;0,63;0,54;0,46;8,0;0,5;1,0;1,0;0,75
Brazil Paulista Cup Women;Brazil;13,0;13,0;3,85;0,67;0,15;1,27;2,0;1,85;0,52;0,54;0,46;3,0;0,67;3,0;0,0;0,33
South Africa Play Offs;South Africa;13,0;13,0;1,46;0,82;0,69;0,26;1,08;0,38;0,74;0,31;0,69;0,0;0,0;0,0;0,0;0,0
Mozambique Mocambola;Mozambique;13,0;13,0;3,0;0,67;0,38;1,0;1,69;1,31;0,56;0,62;0,38;4,0;0,75;0,0;0,0;0,38
Brazil Copa Goias 2 U20;Brazil;13,0;13,0;4,08;0,69;0,23;1,26;2,15;1,92;0,53;0,46;0,54;4,0;0,5;2,0;0,0;0,25
Brazil Campeonato Tocantinense;Brazil;13,0;13,0;2,38;0,32;0,54;1,62;1,46;0,92;0,61;0,54;0,46;5,0;0,2;0,0;0,0;0,1
Indonesia Cup;Indonesia;13,0;13,0;2,62;0,57;0,62;1,11;1,0;1,62;0,38;0,46;0,54;0,0;0,0;0,0;0,0;0,0
Youth International;International (World);13,0;13,0;2,54;0,83;0,23;0,43;1,15;1,38;0,45;0,38;0,62;3,0;0,67;0,0;0,0;0,33
Serbia Super Liga Play-Offs;Serbia;12,0;11,0;1,58;0,63;0,58;0,59;1,08;0,5;0,68;0,33;0,67;6,0;0,33;0,0;0,0;0,17
Bolivia Liga Nacional U19;Bolivia;12,0;12,0;3,58;0,55;1,25;1,61;2,42;1,17;0,67;0,67;0,33;3,0;1,0;0,0;0,0;0,5
Brazil Campeonato Carioca B2;Brazil;12,0;12,0;2,25;0,66;0,75;0,77;1,5;0,75;0,67;0,5;0,5;1,0;1,0;0,0;0,0;0,5
Jordan U19 Cup;Jordan;12,0;12,0;2,42;0,69;0,08;0,74;1,17;1,25;0,48;0,58;0,42;3,0;0,67;1,0;0,0;0,33
Brazil Copa Centro-Oeste;Brazil;12,0;12,0;2,42;0,78;0,25;0,54;1,33;1,08;0,55;0,58;0,42;1,0;0,0;0,0;0,0;0,0
African Games Women;International (Africa);12,0;12,0;2,33;0,53;0,83;1,1;1,58;0,75;0,68;0,42;0,58;6,0;0,33;0,0;0,0;0,17
Brazil Campeonato Mineiro U20;Brazil;12,0;12,0;4,25;0,66;2,42;1,45;3,33;0,92;0,78;0,5;0,5;2,0;0,5;2,0;1,0;0,75
Brazil Campeonato Carioca U20;Brazil;12,0;12,0;1,75;0,69;1,08;0,53;1,42;0,33;0,81;0,25;0,75;0,0;0,0;0,0;0,0;0,0
Puerto Rico League;Puerto Rico;12,0;12,0;4,25;0,45;0,25;2,34;2,25;2,0;0,53;0,5;0,5;3,0;0,33;3,0;0,33;0,33
India National Games;India;12,0;12,0;2,75;0,66;0,25;0,93;1,5;1,25;0,55;0,5;0,5;0,0;0,0;2,0;1,0;0,5
Czech Cup Women;Czech Republic;12,0;12,0;4,17;0,39;1,67;2,52;1,25;2,92;0,3;0,42;0,58;3,0;0,33;5,0;0,2;0,27
Paraguay Women League;Paraguay;12,0;12,0;4,08;0,48;0,58;2,11;1,75;2,33;0,43;0,42;0,58;6,0;0,83;4,0;0,0;0,42
Ukraine Play-Offs;Ukraine;12,0;12,0;2,42;0,62;0,58;0,91;1,5;0,92;0,62;0,5;0,5;1,0;1,0;0,0;0,0;0,5
Saudi Arabia Premier League Women;Saudi Arabia;12,0;12,0;4,42;0,61;0,25;1,7;2,08;2,33;0,47;0,67;0,33;3,0;0,33;3,0;0,67;0,5
Bulgaria Premier League Women;Bulgaria;12,0;12,0;3,83;0,73;1,17;1,04;1,33;2,5;0,35;0,17;0,83;2,0;0,5;5,0;0,0;0,25
Bahrain Play-Offs;Bahrain;12,0;12,0;2,83;0,5;0,33;1,43;1,25;1,58;0,44;0,75;0,25;0,0;0,0;1,0;0,0;0,0
Romania Liga I Play-Offs;Romania;12,0;12,0;1,25;0,69;0,58;0,38;0,92;0,33;0,73;0,17;0,83;5,0;0,2;0,0;0,0;0,1
Netherlands Youth Eredivisie;Netherlands;12,0;12,0;3,83;0,6;0,5;1,54;2,17;1,67;0,57;0,67;0,33;3,0;1,0;0,0;0,0;0,5
Türkiye 1 Ligi Women;Turkey;12,0;12,0;3,42;0,54;0,08;1,58;1,67;1,75;0,49;0,58;0,42;3,0;0,0;1,0;1,0;0,5
North Macedonia U19 League;North Macedonia;12,0;12,0;4,33;0,68;0,17;1,4;2,25;2,08;0,52;0,58;0,42;2,0;0,5;3,0;0,67;0,58
Switzerland Cup Women;Switzerland;12,0;12,0;2,58;0,65;0,08;0,91;1,33;1,25;0,52;0,33;0,67;3,0;0,33;3,0;0,0;0,17
Norway Division 1 Play-Offs;Norway;12,0;12,0;3,5;0,52;0,0;1,67;1,75;1,75;0,5;0,83;0,17;0,0;0,0;0,0;0,0;0,0
Gulf Club Championships;International (North & Central America);12,0;12,0;1,83;0,61;0,17;0,72;0,83;1,0;0,45;0,42;0,58;1,0;1,0;2,0;0,0;0,5
Zanzibar Mapinduzi Cup;Tanzania;12,0;12,0;2,25;0,6;0,42;0,89;1,33;0,92;0,59;0,5;0,5;2,0;0,5;2,0;0,0;0,25
OFC Nations Cup Women;International (Oceania);12,0;12,0;2,83;0,5;0,33;1,43;1,58;1,25;0,56;0,42;0,58;3,0;0,33;1,0;1,0;0,67
North Macedonia League Women;North Macedonia;12,0;12,0;3,08;0,78;0,08;0,69;1,5;1,58;0,49;0,33;0,67;5,0;0,6;3,0;0,33;0,47
CONCACAF Gold Cup Qualifying;International (North & Central America);12,0;12,0;2,75;0,82;0,75;0,49;1,75;1,0;0,64;0,25;0,75;4,0;0,25;2,0;0,5;0,38
Scotland League One Play-Offs;Scotland;12,0;12,0;3,25;0,56;0,08;1,43;1,67;1,58;0,51;0,75;0,25;1,0;0,0;0,0;0,0;0,0
nan;Mexico;11,0;11,0;3,18;0,5;0,45;1,58;1,82;1,36;0,57;0,45;0,55;3,0;0,33;1,0;0,0;0,17
Central American Games;International (North & Central America);11,0;11,0;3,0;0,52;0,27;1,45;1,64;1,36;0,55;0,64;0,36;1,0;1,0;0,0;0,0;0,5
Cyprus Division 3;Cyprus;11,0;11,0;2,91;0,39;1,45;1,77;2,18;0,73;0,75;0,55;0,45;3,0;0,67;0,0;0,0;0,33
U20 International Women;International (World);11,0;11,0;3,09;0,49;0,91;1,58;2,0;1,09;0,65;0,55;0,45;3,0;0,33;1,0;0,0;0,17
U23 International;International (World);11,0;11,0;2,73;0,55;0,18;1,24;1,45;1,27;0,53;0,45;0,55;1,0;0,0;1,0;0,0;0,0
Israel Liga Alef Play-Offs;Israel;11,0;11,0;2,64;0,78;0,27;0,57;1,45;1,18;0,55;0,55;0,45;0,0;0,0;0,0;0,0;0,0
Philippines UAAP;Philippines;11,0;11,0;2,45;0,67;0,64;0,82;0,91;1,55;0,37;0,55;0,45;1,0;1,0;2,0;0,0;0,5
Germany Oberliga Play offs;Germany;11,0;11,0;3,82;0,62;0,0;1,46;1,91;1,91;0,5;0,73;0,27;1,0;1,0;0,0;0,0;0,5
FIFA Arab Cup Qualifying;International (Asia);11,0;11,0;2,36;0,95;0,36;0,12;1,36;1,0;0,58;0,45;0,55;5,0;0,4;0,0;0,0;0,2
Bosnia & Herzegovina U19 Liga;Bosnia;11,0;10,0;2,91;0,54;0,73;1,33;1,82;1,09;0,62;0,64;0,36;0,0;0,0;0,0;0,0;0,0
Argentina Nacional Reserve League;Argentina;11,0;11,0;1,45;0,71;0,18;0,42;0,82;0,64;0,56;0,09;0,91;3,0;0,33;0,0;0,0;0,17
Brazil Campeonato Sul-Matogrossense;Brazil;11,0;11,0;3,18;0,77;1,18;0,74;2,18;1,0;0,69;0,64;0,36;4,0;0,5;0,0;0,0;0,25
Uzbekistan 1st Division;Uzbekistan;11,0;11,0;2,91;0,29;0,36;2,08;1,64;1,27;0,56;0,55;0,45;3,0;0,0;0,0;0,0;0,0
Finland Kansallinen Liiga Women;Finland;11,0;11,0;3,18;0,64;0,09;1,14;1,64;1,55;0,51;0,64;0,36;5,0;0,6;3,0;0,67;0,63
Brunei FA Cup;Brunei;11,0;11,0;2,73;0,64;0,55;0,99;1,64;1,09;0,6;0,36;0,64;2,0;0,0;2,0;0,5;0,25
Zambia League Women;Zambia;11,0;11,0;2,18;0,84;0,73;0,35;0,73;1,45;0,33;0,18;0,82;5,0;0,4;2,0;0,0;0,2
Scotland Premiership Play-Offs;Scotland;11,0;11,0;3,09;0,4;0,18;1,87;1,45;1,64;0,47;0,64;0,36;0,0;0,0;0,0;0,0;0,0
Sweden 2.div Norra Svealand;Sweden;11,0;11,0;2,91;0,6;0,36;1,15;1,64;1,27;0,56;0,55;0,45;1,0;0,0;0,0;0,0;0,0
Republic of Ireland FAI Cup Women;Ireland;11,0;11,0;3,36;0,43;0,64;1,93;2,0;1,36;0,59;0,64;0,36;3,0;0,67;1,0;1,0;0,83
Northern Ireland Intermediate Cup;North Ireland;11,0;11,0;2,73;0,68;0,18;0,88;1,27;1,45;0,47;0,45;0,55;2,0;0,0;3,0;0,33;0,17
Brazil Copa Norte;Brazil;11,0;11,0;3,27;0,46;1,09;1,78;2,18;1,09;0,67;0,55;0,45;2,0;0,5;0,0;0,0;0,25
Gulf Cup U20;International (North & Central America);11,0;11,0;2,27;0,68;1,0;0,72;1,64;0,64;0,72;0,36;0,64;2,0;0,0;1,0;1,0;0,5
Norway Interkretsserie U19;Norway;11,0;11,0;5,36;0,31;1,0;3,67;3,18;2,18;0,59;0,91;0,09;0,0;0,0;0,0;0,0;0,0
WAFU Cup of Nations Women;International (Africa);10,0;10,0;2,7;0,68;0,9;0,87;0,9;1,8;0,33;0,4;0,6;5,0;0,8;2,0;1,0;0,9
Serbia Cup Women;Serbia;10,0;10,0;3,4;0,65;1,2;1,18;1,1;2,3;0,32;0,4;0,6;1,0;0,0;4,0;0,5;0,25
Brunei Super League;Brunei;10,0;10,0;5,1;0,64;2,1;1,85;1,5;3,6;0,29;0,5;0,5;3,0;0,33;3,0;0,67;0,5
Spain Super Cup;Spain;10,0;10,0;4,0;0,46;1,0;2,17;2,5;1,5;0,62;0,5;0,5;3,0;0,0;0,0;0,0;0,0
Brazil Copa Santa Catarina U20;Brazil;10,0;10,0;3,5;0,74;0,7;0,91;2,1;1,4;0,6;0,5;0,5;1,0;0,0;0,0;0,0;0,0
Finland Kakkonen Group A;Finland;10,0;10,0;3,7;0,42;0,1;2,13;1,9;1,8;0,51;0,7;0,3;3,0;1,0;0,0;0,0;0,5
Finland Kakkonen Group B;Finland;10,0;10,0;3,1;0,6;0,1;1,25;1,6;1,5;0,52;0,4;0,6;2,0;0,5;2,0;0,5;0,5
South East Asian Games Women;International (Asia);10,0;10,0;3,0;0,72;1,0;0,84;2,0;1,0;0,67;0,3;0,7;3,0;0,0;3,0;0,33;0,17
Slovenia Cup Women;Slovenia;10,0;10,0;3,8;0,54;1,4;1,76;2,6;1,2;0,68;0,5;0,5;5,0;0,2;4,0;0,75;0,48
Australia Victoria Cup;Australia;10,0;10,0;2,9;0,66;0,1;0,99;1,4;1,5;0,48;0,4;0,6;2,0;0,0;2,0;0,5;0,25
Kazakhstan League Cup;Kazakhstan;10,0;10,0;2,2;0,82;0,8;0,39;1,5;0,7;0,68;0,3;0,7;2,0;0,5;2,0;0,5;0,5
Netherlands Youth Cup;Netherlands;10,0;10,0;3,9;0,46;0,3;2,11;1,8;2,1;0,46;0,4;0,6;2,0;0,5;2,0;0,5;0,5
Sweden Elitettan;Sweden;10,0;10,0;2,8;0,55;1,2;1,25;0,8;2,0;0,29;0,4;0,6;0,0;0,0;2,0;0,5;0,25
Faroe Islands Div 1;Faroe Islands;10,0;10,0;3,6;0,6;0,6;1,43;1,5;2,1;0,42;0,5;0,5;0,0;0,0;0,0;0,0;0,0
Niger Cup;Niger;10,0;10,0;2,2;0,7;0,8;0,65;1,5;0,7;0,68;0,2;0,8;2,0;0,0;0,0;0,0;0,0
Belgium Division 1 Women;Belgium;10,0;10,0;2,7;0,5;1,5;1,36;2,1;0,6;0,78;0,2;0,8;4,0;0,25;1,0;0,0;0,12
Northern Ireland Championship;North Ireland;10,0;10,0;2,6;0,49;0,6;1,34;1,6;1,0;0,62;0,3;0,7;2,0;0,5;0,0;0,0;0,25
India Shillong 1st Division;India;10,0;10,0;3,7;0,46;0,9;2,0;1,4;2,3;0,38;0,6;0,4;2,0;1,0;1,0;0,0;0,5
Italy Super Cup;Italy;10,0;10,0;2,7;0,43;0,7;1,54;1,7;1,0;0,63;0,4;0,6;1,0;0,0;1,0;0,0;0,0
Australia Victoria Cup Women;Australia;10,0;10,0;3,9;0,46;0,5;2,11;2,2;1,7;0,56;0,8;0,2;1,0;0,0;1,0;1,0;0,5
Hong Kong Women Premier League;Hong Kong;10,0;10,0;2,5;0,57;0,3;1,07;1,4;1,1;0,56;0,2;0,8;4,0;0,25;2,0;0,5;0,38
USA NISA Independent Cup;USA;10,0;10,0;2,6;0,58;0,4;1,09;1,5;1,1;0,58;0,6;0,4;1,0;1,0;0,0;0,0;0,5
Danish Womens 1.Division;Denmark;10,0;10,0;3,8;0,67;0,4;1,27;1,7;2,1;0,45;0,8;0,2;0,0;0,0;3,0;1,0;0,5
nan;Honduras;10,0;10,0;2,6;0,68;0,0;0,82;1,3;1,3;0,5;0,5;0,5;2,0;0,5;0,0;0,0;0,25
