"Data","Horario","tournament_slug","category_slug","participant1_id","participant1_name","participant2_id","participant2_name","fixture_id","1_abertura","1_fechamento","X_abertura","X_fechamento","2_abertura","2_fechamento","BTTS_Yes_abertura","BTTS_Yes_fechamento"
"2026-05-01","00:00","primera-b","chile",3153,"Union Espanola",33595,"Curico Unido","id1000124068097878",NULL,NULL,NULL,NULL,NULL,NULL,NULL,NULL
"2026-05-01","00:00","serie-b","ecuador",1251013,"Club Deportivo Cuenca Juniors",832442,"DSD Santo Domingo","id1001502770350964",NULL,NULL,NULL,NULL,NULL,NULL,NULL,NULL
"2026-05-01","00:00","copa-sudamericana","international-clubs",7628,"CA Tigre",6102,"America de Cali","id1000048070075094",NULL,NULL,NULL,NULL,NULL,NULL,NULL,NULL
"2026-05-01","00:00","copa-libertadores","international-clubs",1957,"SC Corinthians SP",3227,"CA Penarol Montevideo","id1000038470075774",NULL,NULL,NULL,NULL,NULL,NULL,NULL,NULL
"2026-05-01","00:15","copa-sul-sudeste","brazil",2000,"SER Caxias do Sul",6982,"Volta Redonda FC RJ","id1005087469977754",NULL,NULL,NULL,NULL,NULL,NULL,NULL,NULL
"2026-05-01","00:15","copa-argentina","argentina",3208,"Velez Sarsfield",258465,"Gimnasia Y Tiro de Salta","id1000102470916808",NULL,NULL,NULL,NULL,NULL,NULL,NULL,NULL
"2026-05-01","00:30","copa-sudamericana","international-clubs",1999,"Red Bull Bragantino SP",3211,"CA River Plate (ARG)","id1000048070075286",NULL,NULL,NULL,NULL,NULL,NULL,NULL,NULL
"2026-05-01","01:00","liga-de-expansion-mx-clausura","mexico",159946,"CD Mineros de Zacatecas",421975,"Tepatitlan FC","id1002738471132824",NULL,NULL,NULL,NULL,NULL,NULL,NULL,NULL
"2026-05-01","01:00","liga-nacional-clausura","guatemala",163298,"CD Guastatoya",7025,"CSD Municipal","id1002739871148626",NULL,NULL,NULL,NULL,NULL,NULL,NULL,NULL
"2026-05-01","01:00","liga-prom","panama",785474,"Veraguas United FC B",1035239,"CD Bocas FC","id1001949071183166",NULL,NULL,NULL,NULL,NULL,NULL,NULL,NULL
"2026-05-01","01:07","liga-mx-women-clausura","mexico",334071,"CD Guadalajara",334069,"CF Pachuca","id1002895571168952",NULL,NULL,NULL,NULL,NULL,NULL,NULL,NULL
"2026-05-01","02:00","copa-libertadores","international-clubs",6115,"Independiente Medellin",63760,"Cusco FC","id1000038470075648",NULL,NULL,NULL,NULL,NULL,NULL,NULL,NULL
"2026-05-01","02:00","copa-sudamericana","international-clubs",2307,"Alianza Atletico",6001,"CSD Macara","id1000048070075096",NULL,NULL,NULL,NULL,NULL,NULL,NULL,NULL
"2026-05-01","02:30","a-league-women","australia",174100,"Melbourne Victory",227542,"Melbourne City FC","id1000189471072688",NULL,NULL,NULL,NULL,NULL,NULL,NULL,NULL
"2026-05-01","02:30","a-league-women","australia",174078,"Brisbane Roar FC",841742,"Wellington Phoenix","id1000189471072690",NULL,NULL,NULL,NULL,NULL,NULL,NULL,NULL
"2026-05-01","03:00","liga-mx-women-clausura","mexico",334057,"Deportivo Toluca FC",334075,"CF Tigres UANL","id1002895571168954",NULL,NULL,NULL,NULL,NULL,NULL,NULL,NULL
"2026-05-01","03:05","liga-de-expansion-mx-clausura","mexico",270565,"Jaiba Brava",728019,"Cancun FC","id1002738471132876",NULL,NULL,NULL,NULL,NULL,NULL,NULL,NULL
"2026-05-01","05:00","k3-league","republic-of-korea",41258,"FC Gangneung",41257,"Gyeongju FC","id1001512368916264",NULL,NULL,NULL,NULL,NULL,NULL,NULL,NULL
"2026-05-01","05:00","wk-league","republic-of-korea",195554,"Suwon WFC",435970,"Gangjin Swans WFC","id1000177269976242",NULL,NULL,NULL,NULL,NULL,NULL,NULL,NULL
"2026-05-01","05:00","wk-league","republic-of-korea",168128,"Incheon Hyundai Steel Red Angels",195556,"Sejong Sportstoto WFC","id1000177269976240",NULL,NULL,NULL,NULL,NULL,NULL,NULL,NULL
"2026-05-01","06:30","youth-league","russia",108405,"Ural Ekaterinburg",49729,"Rubin Kazan","id1000087968849514",NULL,NULL,NULL,NULL,NULL,NULL,NULL,NULL
"2026-05-01","07:00","premier-league","hong-kong-china",115157,"Eastern SC",518700,"North District FC","id1000094770813610",NULL,NULL,NULL,NULL,NULL,NULL,NULL,NULL
"2026-05-01","07:30","u17-afc-asian-cup-women","international-youth",1112411,"Thailand",1296099,"Vietnam U17","id1003369268937888",NULL,NULL,NULL,NULL,NULL,NULL,NULL,NULL
"2026-05-01","08:00","laliga-srl","simulated-reality-league",911599,"Girona FC Srl",694923,"RCD Mallorca SRL","id1003221971077392",NULL,NULL,NULL,NULL,NULL,NULL,NULL,NULL
"2026-05-01","08:00","u20-nsw-premier-league-2","australia",561514,"Blacktown Spartans FC",264405,"Macarthur Rams FC","id1003330767693502",NULL,NULL,NULL,NULL,NULL,NULL,NULL,NULL
"2026-05-01","08:00","u20-nsw-premier-league-2","australia",317841,"Prospect United",433744,"Rydalmere Lions FC","id1003330767693504",NULL,NULL,NULL,NULL,NULL,NULL,NULL,NULL
"2026-05-01","08:00","u20-nsw-premier-league-2","australia",771248,"Hurstville FC",264423,"Central Coast Mariners","id1003330767693506",NULL,NULL,NULL,NULL,NULL,NULL,NULL,NULL
"2026-05-01","08:00","serie-a-srl","simulated-reality-league",1272218,"Pisa SC Srl",697339,"US Lecce SRL","id1003222171077370",NULL,NULL,NULL,NULL,NULL,NULL,NULL,NULL
"2026-05-01","08:15","divize-b","czechia",355238,"FK Seko Louny",210894,"FK Olympie Brezova","id1004072966606270",NULL,NULL,NULL,NULL,NULL,NULL,NULL,NULL
"2026-05-01","08:15","cfl","czechia",76771,"N. Byskovice",591013,"FK Pardubice B","id1001415166614044",NULL,NULL,NULL,NULL,NULL,NULL,NULL,NULL
"2026-05-01","08:15","divize-f","czechia",36486,"FC Irp Cesky Tesin",666767,"SK Stonava","id1004073766054438",NULL,NULL,NULL,NULL,NULL,NULL,NULL,NULL
"2026-05-01","08:15","divize-c","czechia",216340,"Brandys Nad Labem",588621,"MFk Chrudim B","id1004073166606512",NULL,NULL,NULL,NULL,NULL,NULL,NULL,NULL
"2026-05-01","08:15","u23-victoria-premier-league-1","australia",1097049,"Northcote City FC",1097053,"Melbourne Victory FC","id1004567568160894",NULL,NULL,NULL,NULL,NULL,NULL,NULL,NULL
"2026-05-01","08:15","divize-c","czechia",591961,"FK Chlumec Nad Cidlinou",2222,"FK Nachod","id1004073166606518",NULL,NULL,NULL,NULL,NULL,NULL,NULL,NULL
"2026-05-01","08:15","divize-e","czechia",35251,"FC Tvd Slavicin",274757,"Sfk Elko Holesov","id1004073566054204",NULL,NULL,NULL,NULL,NULL,NULL,NULL,NULL
"2026-05-01","08:15","cfl","czechia",165784,"SK Aritma Prague",607096,"Bohemians Prague 1905 B","id1001415166613714",NULL,NULL,NULL,NULL,NULL,NULL,NULL,NULL
"2026-05-01","08:15","divize-b","czechia",274747,"FC Viktoria Marianske Lazne",25416,"FC Slavia Karlovy Vary","id1004072966606272",NULL,NULL,NULL,NULL,NULL,NULL,NULL,NULL
"2026-05-01","08:15","cfl","czechia",37114,"FK Admira Prague",106317,"SK Petrin Plzen","id1001415166613708",NULL,NULL,NULL,NULL,NULL,NULL,NULL,NULL
"2026-05-01","08:15","cfl","czechia",53133,"FK Loko Prague",215972,"FK Motorlet Prague","id1001415166613704",NULL,NULL,NULL,NULL,NULL,NULL,NULL,NULL
"2026-05-01","08:30","south-australia-npl-reserves-women","australia",732175,"West Adelaide Reserve",872857,"West Torrens Birkalla Reserves","id1004566368050966",NULL,NULL,NULL,NULL,NULL,NULL,NULL,NULL
"2026-05-01","08:30","divize-a","czechia",76763,"FC Rokycany",76761,"FK Slavoj Cesky Krumlov","id1004072766605600",NULL,NULL,NULL,NULL,NULL,NULL,NULL,NULL
"2026-05-01","08:30","divize-c","czechia",618696,"SK Kosmonosy",36487,"FK Dobrovice","id1004073166606522",NULL,NULL,NULL,NULL,NULL,NULL,NULL,NULL
"2026-05-01","08:30","divize-c","czechia",53130,"FC Hlinsko",463817,"FK Prepere","id1004073166606526",NULL,NULL,NULL,NULL,NULL,NULL,NULL,NULL
"2026-05-01","08:45","liga-a1","malaysia",1148219,"Machan FC",687677,"Manjung City FC","id1004312562204920",NULL,NULL,NULL,NULL,NULL,NULL,NULL,NULL
"2026-05-01","08:45","south-australia-npl-reserves-women","australia",732169,"Ffsa Ntc Reserve",732173,"Salisbury Inter Reserve","id1004566368050968",NULL,NULL,NULL,NULL,NULL,NULL,NULL,NULL
"2026-05-01","08:45","south-australia-npl-women","australia",982893,"Flinders United Wfc",1319578,"Metrostars","id1001834068049786",NULL,NULL,NULL,NULL,NULL,NULL,NULL,NULL
"2026-05-01","09:00","u19-prva-nl-juniori","croatia",155488,"NK Slaven Belupo",76557,"HNK Hajduk Split","id1004806062415620",NULL,NULL,NULL,NULL,NULL,NULL,NULL,NULL
"2026-05-01","09:00","v-league-2","vietnam",1116389,"DH van Hien",1121089,"Bac Ninh","id1000077168664020",NULL,NULL,NULL,NULL,NULL,NULL,NULL,NULL
"2026-05-01","09:00","u23-northern-territory-premier-league-women","australia",1339882,"Palmerston Rovers FC U23",1340260,"Mindil Aces Yellow U23","id1005106270954334",NULL,NULL,NULL,NULL,NULL,NULL,NULL,NULL
"2026-05-01","09:00","youth-league","russia",918117,"FC Fakel Voronezh Youth",354946,"Football Academy Of Konoplev","id1000087968849506",NULL,NULL,NULL,NULL,NULL,NULL,NULL,NULL
"2026-05-01","09:00","vorarlberg-eliteliga","austria-amateur",215516,"SV Lochau",2176,"FC Bizau","id1002968461927862",NULL,NULL,NULL,NULL,NULL,NULL,NULL,NULL
"2026-05-01","09:00","northern-territory-premier-league-women","australia",1336098,"Azzurri United FC",1336100,"Garuda FC","id1004994670930052",NULL,NULL,NULL,NULL,NULL,NULL,NULL,NULL
"2026-05-01","09:00","tirol-regionalliga-tirol","austria-amateur",392504,"SV Fugen",388932,"WSG Tirol","id1002968261915032",NULL,NULL,NULL,NULL,NULL,NULL,NULL,NULL
"2026-05-01","09:00","u19-1st-division","czechia",44157,"FC Pardubice",44166,"FC Vysocina Jihlava","id1000082266601842",NULL,NULL,NULL,NULL,NULL,NULL,NULL,NULL
"2026-05-01","09:00","northern-territory-premier-league-women","australia",731233,"Mindil Aces",730569,"Litchfield FC","id1004994670930054",NULL,NULL,NULL,NULL,NULL,NULL,NULL,NULL
"2026-05-01","09:00","u19-1st-division","czechia",44158,"1. FC Slovacko",43653,"FC Zlin","id1000082266601840",NULL,NULL,NULL,NULL,NULL,NULL,NULL,NULL
"2026-05-01","09:00","steiermark-landesliga","austria-amateur",6015,"SV Allerheiligen",2101,"ASK Koflach","id1004380361901986",NULL,NULL,NULL,NULL,NULL,NULL,NULL,NULL
"2026-05-01","09:00","u19-1st-division","czechia",44164,"Sparta Prague",44156,"SK Dynamo Ceske Budejovice","id1000082266601838",NULL,NULL,NULL,NULL,NULL,NULL,NULL,NULL
"2026-05-01","09:30","premier-league","bangladesh",336965,"Brothers Union",391632,"Arambagh KS","id1002782170821506",NULL,NULL,NULL,NULL,NULL,NULL,NULL,NULL
"2026-05-01","09:30","victoria-npl","australia",92925,"Green Gully SC",92931,"Oakleigh Cannons","id1000127568160080",NULL,NULL,NULL,NULL,NULL,NULL,NULL,NULL
"2026-05-01","09:30","victoria-npl","australia",2944,"South Melbourne FC",1320578,"Melbourne City FC 2","id1000127568160084",NULL,NULL,NULL,NULL,NULL,NULL,NULL,NULL
"2026-05-01","09:30","premier-league","bangladesh",275093,"Mohammedan SC Dhaka",368524,"Bashundhara Kings","id1002782170821574",NULL,NULL,NULL,NULL,NULL,NULL,NULL,NULL
"2026-05-01","09:30","victoria-premier-league-1","australia",2935,"Melbourne Knights",92935,"Port Melbourne Sharks","id1003236768160534",NULL,NULL,NULL,NULL,NULL,NULL,NULL,NULL
"2026-05-01","09:30","esiliiga","estonia",406019,"FCI Levadia Tallinn",44459,"Viimsi JK","id1000067868774124",NULL,NULL,NULL,NULL,NULL,NULL,NULL,NULL
"2026-05-01","09:30","northern-territory-division-3","australia",1339846,"Darwin Olympic SC Div 3",1339844,"Casuarina FC Div 3","id1004994271006244",NULL,NULL,NULL,NULL,NULL,NULL,NULL,NULL
"2026-05-01","09:30","esiliiga","estonia",7105,"JK Tallinna Kalev",798202,"FC Nomme United","id1000067868774126",NULL,NULL,NULL,NULL,NULL,NULL,NULL,NULL
"2026-05-01","09:30","victoria-premier-league-2","australia",243490,"Box Hill United FC",422623,"Moreland City FC","id1000176068161666",NULL,NULL,NULL,NULL,NULL,NULL,NULL,NULL
"2026-05-01","09:30","esiliiga","estonia",432665,"FC Tallinn",42740,"Tartu JK Welco","id1000067868774122",NULL,NULL,NULL,NULL,NULL,NULL,NULL,NULL
"2026-05-01","09:30","queensland-pro-series","australia",47708,"Lions FC",91920,"Brisbane City FC","id1004991670002030",NULL,NULL,NULL,NULL,NULL,NULL,NULL,NULL
"2026-05-01","09:45","victoria-premier-league-2","australia",151494,"Kingston City FC",308086,"Altona City SC","id1000176068161668",NULL,NULL,NULL,NULL,NULL,NULL,NULL,NULL
"2026-05-01","10:00","south-australia-state-league-2","australia",424613,"Noarlunga United",424617,"Vipers FC","id1004564168049388",NULL,NULL,NULL,NULL,NULL,NULL,NULL,NULL
"2026-05-01","10:00","iii-liga-group-4","poland",1031177,"Star Starachowice",38725,"KS Naprzod Jedrzejow","id1002584162036228",NULL,NULL,NULL,NULL,NULL,NULL,NULL,NULL
"2026-05-01","10:00","nsw-league-one","australia",317837,"Prospect United",408091,"Rydalmere Lions FC","id1003235567691562",NULL,NULL,NULL,NULL,NULL,NULL,NULL,NULL
"2026-05-01","10:00","iii-liga-group-3","poland",3131,"KS Gornik Polkowice",36036,"KS Sleza Wroclaw","id1002583962036832",NULL,NULL,NULL,NULL,NULL,NULL,NULL,NULL
"2026-05-01","10:00","youth-league","russia",49723,"FK Zenit St. Petersburg",1243581,"Dinamo-Makhachkala Youth","id1000087968849516",NULL,NULL,NULL,NULL,NULL,NULL,NULL,NULL
"2026-05-01","10:00","south-australia-state-league-women","australia",407469,"Sturt Lions",417821,"Adelaide City","id1004564768049582",NULL,NULL,NULL,NULL,NULL,NULL,NULL,NULL
"2026-05-01","10:00","u19-campeonato-nacional","portugal",565983,"FC Famalicao",78123,"Rio Ave FC","id1000113367802902",NULL,NULL,NULL,NULL,NULL,NULL,NULL,NULL
"2026-05-01","10:00","premier-league","kenya",138488,"Sofapaka FC",138482,"Mathare United FC","id1000164470378424",NULL,NULL,NULL,NULL,NULL,NULL,NULL,NULL
"2026-05-01","10:00","u19-1st-division","czechia",44167,"FC Zbrojovka Brno",105943,"Karvina","id1000082266601846",NULL,NULL,NULL,NULL,NULL,NULL,NULL,NULL
"2026-05-01","10:00","nsw-league-one","australia",429647,"Hurstville FC",92216,"Central Coast Mariners Academy","id1003235567691560",NULL,NULL,NULL,NULL,NULL,NULL,NULL,NULL
"2026-05-01","10:00","iii-liga-group-4","poland",1154833,"Wisla II Krakow",36885,"Korona II Kielce SA","id1002584162036232",NULL,NULL,NULL,NULL,NULL,NULL,NULL,NULL
"2026-05-01","10:00","youth-league","russia",744835,"Chertanovo Moscow",817928,"FK Nizhny Novgorod","id1000087968849502",NULL,NULL,NULL,NULL,NULL,NULL,NULL,NULL
"2026-05-01","10:00","iii-liga-group-2","poland",1268316,"Gzs Tluchovia Tluchowo",466305,"Pogon Szczecin II","id1002583762037448",NULL,NULL,NULL,NULL,NULL,NULL,NULL,NULL
"2026-05-01","10:00","ekstraliga-women","poland",38227,"WKS Slask Wroclaw",1222765,"Kks Lech Poznan","id1001818867790422",NULL,NULL,NULL,NULL,NULL,NULL,NULL,NULL
"2026-05-01","10:00","primera-division-women","spain",616674,"Alhama CF",38323,"RCD Espanyol Barcelona","id1000112761688362",NULL,NULL,NULL,NULL,NULL,NULL,NULL,NULL
"2026-05-01","10:00","iii-liga-group-2","poland",1268448,"KS Lipno Steszew",1031171,"MKS Notec Czarnkow","id1002583762037446",NULL,NULL,NULL,NULL,NULL,NULL,NULL,NULL
"2026-05-01","10:00","nsw-league-two","australia",245675,"Mounties Wanderers FC",774534,"Inner West Hawks FC","id1003235767692206",NULL,NULL,NULL,NULL,NULL,NULL,NULL,NULL
"2026-05-01","10:00","ii-liga","poland",7911,"GKS Jastrzebie",458143,"Unia Skierniewice","id1000051561467253",NULL,NULL,NULL,NULL,NULL,NULL,NULL,NULL
"2026-05-01","10:00","iii-liga-group-2","poland",216334,"WDA Swiecie",274911,"Polonia Sroda Wielkopolska","id1002583762037454",NULL,NULL,NULL,NULL,NULL,NULL,NULL,NULL
"2026-05-01","10:00","k3-league","republic-of-korea",708351,"Ulsan Citizen FC",41264,"Daejeon Korail FC","id1001512368916266",NULL,NULL,NULL,NULL,NULL,NULL,NULL,NULL
"2026-05-01","10:00","iii-liga-group-3","poland",552055,"LKS Goczalkowice-Zdroj",821350,"Mkp Carina Gubin","id1002583962036834",NULL,NULL,NULL,NULL,NULL,NULL,NULL,NULL
"2026-05-01","10:00","iii-liga-group-2","poland",44060,"Sks Unia Swarzedz",162296,"Blekitni Stargard","id1002583762037450",NULL,NULL,NULL,NULL,NULL,NULL,NULL,NULL
"2026-05-01","10:00","salzburg-salzburger-liga","austria-amateur",74453,"USK Anif",2114,"FC Puch","id1000127961906330",NULL,NULL,NULL,NULL,NULL,NULL,NULL,NULL
"2026-05-01","10:00","pervaya-liga","kazakhstan",5360,"Shakhtar Karagandy",352058,"FC Tobol Kostanay Reserve","id1000078569854614",NULL,NULL,NULL,NULL,NULL,NULL,NULL,NULL
"2026-05-01","10:00","south-australia-npl","australia",90874,"Campbelltown City SC",90878,"Croydon FC","id1000125868048834",NULL,NULL,NULL,NULL,NULL,NULL,NULL,NULL
"2026-05-01","10:15","nsw-league-one","australia",92206,"Blacktown Spartans",42582,"Macarthur Rams","id1003235567691564",NULL,NULL,NULL,NULL,NULL,NULL,NULL,NULL
"2026-05-01","10:15","tasmania-southern-championship","australia",135962,"Olympia Warriors Hobart",415405,"Taroona","id1004671868686512",NULL,NULL,NULL,NULL,NULL,NULL,NULL,NULL
"2026-05-01","10:15","tasmania-super-league-women","australia",441430,"Launceston United",443464,"Devonport City SC","id1003236568686912",NULL,NULL,NULL,NULL,NULL,NULL,NULL,NULL
"2026-05-01","10:15","tasmania-southern-championship","australia",782272,"Glenorchy Knights FC 2",424561,"New Town Eagles SC","id1004671868686514",NULL,NULL,NULL,NULL,NULL,NULL,NULL,NULL
"2026-05-01","10:30","south-australia-state-league-2","australia",424577,"Adelaide University SC",424609,"Seaford Rangers","id1004564168049392",NULL,NULL,NULL,NULL,NULL,NULL,NULL,NULL
"2026-05-01","10:30","south-australia-npl","australia",90890,"West Torrens Birkalla",90868,"Adelaide City FC","id1000125868048836",NULL,NULL,NULL,NULL,NULL,NULL,NULL,NULL
"2026-05-01","10:30","primera-division-reserve-apertura","paraguay",1224271,"Deportivo Recoleta Reserve",274661,"Cerro Porteno Asuncion","id1002721471204440",NULL,NULL,NULL,NULL,NULL,NULL,NULL,NULL
"2026-05-01","10:30","victoria-premier-league-2","australia",364596,"Essendon Royals SC",424763,"Eastern Lions SC","id1000176068161670",NULL,NULL,NULL,NULL,NULL,NULL,NULL,NULL
"2026-05-01","10:30","victoria-premier-league-2","australia",414515,"Whittlesea United SC",364600,"Keilor Park SC","id1000176068161672",NULL,NULL,NULL,NULL,NULL,NULL,NULL,NULL
"2026-05-01","10:30","victoria-premier-league-1","australia",92929,"Northcote City",244747,"Melbourne Victory","id1003236768160522",NULL,NULL,NULL,NULL,NULL,NULL,NULL,NULL
"2026-05-01","10:30","victoria-premier-league-women","australia",569843,"Ringwood City FC",792948,"Brunswick Juventus FC","id1004567168161974",NULL,NULL,NULL,NULL,NULL,NULL,NULL,NULL
"2026-05-01","10:30","victoria-npl","australia",92921,"Bentleigh Greens",163430,"ST Albans Saints Dinamo SC","id1000127568160088",NULL,NULL,NULL,NULL,NULL,NULL,NULL,NULL
"2026-05-01","10:45","south-australia-npl-reserves-women","australia",996349,"Flinders United Wfc Reserves",1319604,"Metrostars Reserve","id1004566368050970",NULL,NULL,NULL,NULL,NULL,NULL,NULL,NULL
"2026-05-01","10:45","south-australia-npl-women","australia",417829,"FFSA NTC",417827,"Salisbury Inter","id1001834068049788",NULL,NULL,NULL,NULL,NULL,NULL,NULL,NULL
"2026-05-01","10:45","south-australia-state-league-women","australia",982935,"Cove FC",982939,"South Adelaide FC","id1004564768049584",NULL,NULL,NULL,NULL,NULL,NULL,NULL,NULL
"2026-05-01","11:00","bayernliga-south","germany-amateur",449497,"TUS Geretsried",162348,"TSV Landsberg am Lech","id1000109161556020",NULL,NULL,NULL,NULL,NULL,NULL,NULL,NULL
"2026-05-01","11:00","v-league-1","vietnam",33127,"Nam Dinh FC",33120,"Cong An TP Ho Chi Minh City FC","id1000062668663386",NULL,NULL,NULL,NULL,NULL,NULL,NULL,NULL
"2026-05-01","11:00","northern-territory-premier-league","australia",427285,"Palmerston Rovers",212950,"Darwin Olympic SC","id1004994071127884",NULL,NULL,NULL,NULL,NULL,NULL,NULL,NULL
"2026-05-01","11:00","u19-dfb-nachwuchsliga","germany-amateur",52881,"Preussen Munster",43710,"Fortuna Dusseldorf","id1002470267208094",NULL,NULL,NULL,NULL,NULL,NULL,NULL,NULL
"2026-05-01","11:00","primavera-1","italy",1175353,"Cagliari Calcio",90186,"US Lecce","id1000234061537632",NULL,NULL,NULL,NULL,NULL,NULL,NULL,NULL
"2026-05-01","11:00","oberliga-nofv-north","germany-amateur",1267046,"SG Union Klosterfelde",2630,"SV Lichtenberg 47","id1000014561705354",NULL,NULL,NULL,NULL,NULL,NULL,NULL,NULL
"2026-05-01","11:00","division-2-promotion-playoffs","sweden",5949,"Lindome GIF",49956,"Onsala BK","id1002078268377612",NULL,NULL,NULL,NULL,NULL,NULL,NULL,NULL
"2026-05-01","11:00","division-2-promotion-playoffs","sweden",1877,"Vaxjo Norra",34708,"IFK Berga","id1002078268344618",NULL,NULL,NULL,NULL,NULL,NULL,NULL,NULL
"2026-05-01","11:00","chinese-super-league","china",34692,"Henan",252175,"Liaoning Tieren FC","id1000064968995092",NULL,NULL,NULL,NULL,NULL,NULL,NULL,NULL
"2026-05-01","11:00","pervaya-liga","kazakhstan",425037,"Akademia Ontustyk",5361,"FK Taraz","id1000078569854612",NULL,NULL,NULL,NULL,NULL,NULL,NULL,NULL
"2026-05-01","11:00","bremen-liga","germany-amateur",24047,"OSC Bremerhaven",2661,"FC Oberneuland","id1000050862280150",NULL,NULL,NULL,NULL,NULL,NULL,NULL,NULL
"2026-05-01","11:00","division-2-promotion-playoffs","sweden",475738,"Hestrafors IF",1785,"Vastra Frolunda IF","id1002078268377600",NULL,NULL,NULL,NULL,NULL,NULL,NULL,NULL
"2026-05-01","11:00","division-2-promotion-playoffs","sweden",1225617,"IF Boljan Falkenberg",1790,"Torslanda IK","id1002078268377604",NULL,NULL,NULL,NULL,NULL,NULL,NULL,NULL
"2026-05-01","11:00","northern-territory-division-3","australia",1339852,"Palmerston Rovers FC Div 3",1339848,"Hellenic AC Div 3","id1004994271006246",NULL,NULL,NULL,NULL,NULL,NULL,NULL,NULL
"2026-05-01","11:00","premier-league","kenya",346130,"Bidco United",315363,"Kariobangi Sharks","id1000164471015654",NULL,NULL,NULL,NULL,NULL,NULL,NULL,NULL
"2026-05-01","11:00","vtoraya-liga","belarus",893913,"Fakel Novogrudok",157316,"FSK Grodnenskiy","id1003231171180662",NULL,NULL,NULL,NULL,NULL,NULL,NULL,NULL
"2026-05-01","11:00","u19-premier-league","israel",561486,"Maccabi Herzliya",307308,"MS Ashdod","id1003619571143410",NULL,NULL,NULL,NULL,NULL,NULL,NULL,NULL
"2026-05-01","11:00","division-2-promotion-playoffs","sweden",1839,"Bodens BK FF",572993,"Storfors AIK","id1002078269539666",NULL,NULL,NULL,NULL,NULL,NULL,NULL,NULL
"2026-05-01","11:00","ettan-relegation/promotion","sweden",62558,"Eskilsminne IF",1788,"Angelholms FF","id1002741268311548",NULL,NULL,NULL,NULL,NULL,NULL,NULL,NULL
"2026-05-01","11:00","division-2-promotion-playoffs","sweden",1820,"Husqvarna FF",22287,"IFK Kumla","id1002078268320140",NULL,NULL,NULL,NULL,NULL,NULL,NULL,NULL
"2026-05-01","11:00","divize-a","czechia",1174411,"FK Krimice",548031,"TJ Hluboka Nad Vlatvou","id1004072766605592",NULL,NULL,NULL,NULL,NULL,NULL,NULL,NULL
"2026-05-01","11:00","south-australia-npl-women","australia",417823,"West Adelaide",872851,"West Torrens Birkalla","id1001834068049790",NULL,NULL,NULL,NULL,NULL,NULL,NULL,NULL
"2026-05-01","11:00","northern-territory-premier-league-reserves","australia",1339862,"Darwin Olympic SC Reserves",1339860,"Darwin Hearts FC Reserves","id1004994470934624",NULL,NULL,NULL,NULL,NULL,NULL,NULL,NULL
"2026-05-01","11:00","u19-prva-nl-juniori","croatia",343544,"NK Rudes",1263053,"NK Samobor","id1004806062415616",NULL,NULL,NULL,NULL,NULL,NULL,NULL,NULL
"2026-05-01","11:00","elitettan-women","sweden-amateur",39479,"Jitex Molndal BK",690279,"Husqvarna FF","id1003894167473232",NULL,NULL,NULL,NULL,NULL,NULL,NULL,NULL
"2026-05-01","11:00","3rd-division-group-3","norway",721,"Fana IL",705,"Stord FK","id1002464667919830",NULL,NULL,NULL,NULL,NULL,NULL,NULL,NULL
"2026-05-01","11:00","division-2-promotion-playoffs","sweden",7089,"Jonsereds IF",68856,"Dalstorps IF","id1002078268377608",NULL,NULL,NULL,NULL,NULL,NULL,NULL,NULL
"2026-05-01","11:00","division-2-promotion-playoffs","sweden",1828,"IK Tord",210386,"Herrestads AIF","id1002078268320152",NULL,NULL,NULL,NULL,NULL,NULL,NULL,NULL
"2026-05-01","11:00","australia-cup-preliminary","australia",92024,"Perth Redstar FC",92028,"Inglewood United","id1004994870888228",NULL,NULL,NULL,NULL,NULL,NULL,NULL,NULL
"2026-05-01","11:00","meistriliiga-women","estonia",1327900,"Harju JK Laagri",372104,"Saku Sporting","id1001829468959596",NULL,NULL,NULL,NULL,NULL,NULL,NULL,NULL
"2026-05-01","11:00","3rd-division-group-3","norway",7339,"SK Djerv 1919",691,"Foerde","id1002464667919826",NULL,NULL,NULL,NULL,NULL,NULL,NULL,NULL
"2026-05-01","11:00","ettan-relegation/promotion","sweden",22274,"Hassleholms IF",1829,"Lunds BK","id1002741268311550",NULL,NULL,NULL,NULL,NULL,NULL,NULL,NULL
"2026-05-01","11:00","tercera-federacion-group-8","spain-amateur",366876,"CD Virgen Del Camino",369276,"SD Almazan","id1002603263142503",NULL,NULL,NULL,NULL,NULL,NULL,NULL,NULL
"2026-05-01","11:00","chinese-super-league","china",1009005,"Dalian Yingbo FC",1009007,"Chongqing Tonglianglong FC","id1000064968995094",NULL,NULL,NULL,NULL,NULL,NULL,NULL,NULL
"2026-05-01","11:00","south-australia-state-league-women","australia",982937,"Modbury Jets",982933,"Adelaide Jaguars","id1004564768049588",NULL,NULL,NULL,NULL,NULL,NULL,NULL,NULL
"2026-05-01","11:00","iii-liga-group-2","poland",821348,"Zks Kluczevia Stargard",397010,"Cartusia Kartuzy","id1002583762037442",NULL,NULL,NULL,NULL,NULL,NULL,NULL,NULL
"2026-05-01","11:00","iii-liga-group-3","poland",583755,"LZS Starowice",821352,"Karkonosze Jelenia Gora","id1002583962036836",NULL,NULL,NULL,NULL,NULL,NULL,NULL,NULL
"2026-05-01","11:30","premium-liiga","estonia",3343,"JK Narva Trans",8091,"Nomme Kalju FC","id1000017868214630",NULL,NULL,NULL,NULL,NULL,NULL,NULL,NULL
"2026-05-01","11:30","vysshaya-liga","belarus",585173,"FK Arsenal Dzerzhinsk",42965,"FC Isloch","id1000016970986740",NULL,NULL,NULL,NULL,NULL,NULL,NULL,NULL
"2026-05-01","11:30","u17-afc-asian-cup-women","international-youth",36911,"China",1296093,"Myanmar U17","id1003369268937906",NULL,NULL,NULL,NULL,NULL,NULL,NULL,NULL
"2026-05-01","11:30","3rd-division-group-4","norway",1069,"Varhaug",781,"Flekkeroy IL","id1002464867920322",NULL,NULL,NULL,NULL,NULL,NULL,NULL,NULL
"2026-05-01","11:30","1-liga","russia",7518,"FC Kamaz Naberezhnye Chelny",36393,"Spartak Kostroma","id1000020471048112",NULL,NULL,NULL,NULL,NULL,NULL,NULL,NULL
"2026-05-01","11:30","super-league-women","belgium",178252,"RSC Anderlecht",178246,"Oud-Heverlee Leuven","id1000226870221524",NULL,NULL,NULL,NULL,NULL,NULL,NULL,NULL
"2026-05-01","11:35","chinese-super-league","china",3367,"Tianjin Jinmen Tiger",475928,"Wuhan Three Towns FC","id1000064968995096",NULL,NULL,NULL,NULL,NULL,NULL,NULL,NULL
"2026-05-01","11:35","chinese-super-league","china",3371,"Shandong Taishan FC",754363,"Qingdao West Coast FC","id1000064968995098",NULL,NULL,NULL,NULL,NULL,NULL,NULL,NULL
"2026-05-01","12:00","oberliga-nofv-south","germany-amateur",352088,"VfB 1921 Krieschow",108319,"SG Union Sandersdorf","id1000015069291714",NULL,NULL,NULL,NULL,NULL,NULL,NULL,NULL
"2026-05-01","12:00","pervaya-liga","belarus",36924,"FC Orsha",25847,"FC Slonim-2017","id1000077670986690",NULL,NULL,NULL,NULL,NULL,NULL,NULL,NULL
"2026-05-01","12:00","chinese-super-league","china",3373,"Shanghai Shenhua FC",252167,"Chengdu Rongcheng","id1000064968995100",NULL,NULL,NULL,NULL,NULL,NULL,NULL,NULL
"2026-05-01","12:00","premier-league","armenia",33817,"FC Shirak Gyumri",5377,"Ararat Yerevan FC","id1000067170906462",NULL,NULL,NULL,NULL,NULL,NULL,NULL,NULL
"2026-05-01","12:00","premier-league","kenya",346122,"Kenya Police FC",633006,"Muranga Seal","id1000164471015650",NULL,NULL,NULL,NULL,NULL,NULL,NULL,NULL
"2026-05-01","12:00","oberliga-nofv-north","germany-amateur",2565,"Tennis Borussia Berlin",6209,"FSV Optik Rathenow","id1000014561705348",NULL,NULL,NULL,NULL,NULL,NULL,NULL,NULL
"2026-05-01","12:00","division-2-promotion-playoffs","sweden",1846,"IK Kongahalla",342144,"Landvetter IS","id1002078268377616",NULL,NULL,NULL,NULL,NULL,NULL,NULL,NULL
"2026-05-01","12:00","oberliga-nofv-north","germany-amateur",403233,"SG Dynamo Schwerin",6159,"Hansa Rostock II","id1000014561705346",NULL,NULL,NULL,NULL,NULL,NULL,NULL,NULL
"2026-05-01","12:00","vtoraya-liga","belarus",414237,"Neman 2",594946,"FC Belshina 2","id1003231171175050",NULL,NULL,NULL,NULL,NULL,NULL,NULL,NULL
"2026-05-01","12:00","vtoraya-liga","belarus",1140457,"Turkspor",700165,"FC BGU Minsk","id1003231171194342",NULL,NULL,NULL,NULL,NULL,NULL,NULL,NULL
"2026-05-01","12:00","youth-league","russia",49721,"CSKA Moscow",49722,"Dinamo Moscow","id1000087968849504",NULL,NULL,NULL,NULL,NULL,NULL,NULL,NULL
"2026-05-01","12:00","1st-division-women","norway",730,"Arna-Bjoernar",250577,"FK Fyllingsdalen","id1001927267018354",NULL,NULL,NULL,NULL,NULL,NULL,NULL,NULL
"2026-05-01","12:00","oberliga-nofv-south","germany-amateur",352090,"1. FC Lok Stendal",5563,"FSV Budissa Bautzen","id1000015061706016",NULL,NULL,NULL,NULL,NULL,NULL,NULL,NULL
"2026-05-01","12:00","2-liga","slovakia",461815,"OFK Banik Lehota Pod Vtacnikom",2399,"FK Inter Bratislava","id1000022461677880",NULL,NULL,NULL,NULL,NULL,NULL,NULL,NULL
"2026-05-01","12:00","u19-allsvenskan","sweden-amateur",249895,"Mjallby AIF",249899,"BK Hacken","id1000253968309454",NULL,NULL,NULL,NULL,NULL,NULL,NULL,NULL
"2026-05-01","12:00","vorarlberg-eliteliga","austria-amateur",159396,"Admira Dornbirn",464091,"FC Egg","id1002968461927854",NULL,NULL,NULL,NULL,NULL,NULL,NULL,NULL
"2026-05-01","12:00","oberliga-nofv-south","germany-amateur",917205,"SC Freital",36363,"VfL Halle 1896","id1000015061706142",NULL,NULL,NULL,NULL,NULL,NULL,NULL,NULL
"2026-05-01","12:00","division-2-promotion-playoffs","sweden",157254,"Vanersborgs FK",102047,"Vanersborgs IF","id1002078268320144",NULL,NULL,NULL,NULL,NULL,NULL,NULL,NULL
"2026-05-01","12:00","super-league","kenya",346094,"Vihiga United",1175569,"3K FC","id1004893571166144",NULL,NULL,NULL,NULL,NULL,NULL,NULL,NULL
"2026-05-01","12:00","divize-c","czechia",1008869,"Horni Redice",902417,"FK Slovan Hradek Nad Nisou 1910","id1004073166606514",NULL,NULL,NULL,NULL,NULL,NULL,NULL,NULL
"2026-05-01","12:00","iii-liga-group-1","poland",611366,"Zabkovia Zabki",609932,"KS Wasilkow","id1002583562038070",NULL,NULL,NULL,NULL,NULL,NULL,NULL,NULL
"2026-05-01","12:00","premier-league","ethiopia",94787,"Saint George SC",559182,"Sidama Bunna SC","id1003365670926562",NULL,NULL,NULL,NULL,NULL,NULL,NULL,NULL
"2026-05-01","12:00","iii-liga-group-3","poland",399497,"Miedz Legnica II",461195,"Warta Gorzow Wielkopolski","id1002583962036838",NULL,NULL,NULL,NULL,NULL,NULL,NULL,NULL
"2026-05-01","12:00","persha-liga","ukraine",575661,"FSK Mariupol",273665,"Agrobiznes Volochisk","id1000069161840762",NULL,NULL,NULL,NULL,NULL,NULL,NULL,NULL
"2026-05-01","12:00","division-2-promotion-playoffs","sweden",87692,"FK Karlskrona",7098,"Solvesborgs GIF","id1002078268344620",NULL,NULL,NULL,NULL,NULL,NULL,NULL,NULL
"2026-05-01","12:00","cup","uganda",424753,"Kitara FC",218704,"Vipers SC","id1002374770995252",NULL,NULL,NULL,NULL,NULL,NULL,NULL,NULL
"2026-05-01","12:00","3rd-division-group-4","norway",671,"FK Mandalskameratene",805,"Akra","id1002464867920324",NULL,NULL,NULL,NULL,NULL,NULL,NULL,NULL
"2026-05-01","12:00","thai-league-1","thailand",39946,"Muang Thong United",35607,"BG Pathum United","id1000103266707766",NULL,NULL,NULL,NULL,NULL,NULL,NULL,NULL
"2026-05-01","12:00","division-2-promotion-playoffs","sweden",22341,"Skara FC",135668,"Grebbestads IF","id1002078268320142",NULL,NULL,NULL,NULL,NULL,NULL,NULL,NULL
"2026-05-01","12:00","a-lyga","lithuania",547277,"FK Riteriai",885005,"FK Transinvest","id1000019868954802",NULL,NULL,NULL,NULL,NULL,NULL,NULL,NULL
"2026-05-01","12:00","schleswig-holstein-liga","germany-amateur",603728,"SV Preussen 09 Reinfeld",1031353,"TSV Nordmark Satrup","id1000051269683840",NULL,NULL,NULL,NULL,NULL,NULL,NULL,NULL
"2026-05-01","12:00","division-2-promotion-playoffs","sweden",22316,"Nosaby IF",22320,"Oskarshamns AIK","id1002078268344626",NULL,NULL,NULL,NULL,NULL,NULL,NULL,NULL
"2026-05-01","12:00","iii-liga-group-3","poland",671105,"Slowianin Woliborz",340526,"Zaglebie Lubin II","id1002583962036842",NULL,NULL,NULL,NULL,NULL,NULL,NULL,NULL
"2026-05-01","12:15","v-league-1","vietnam",33130,"Hanoi FC",33121,"SHB Da Nang","id1000062668663388",NULL,NULL,NULL,NULL,NULL,NULL,NULL,NULL
"2026-05-01","12:15","super-league","malaysia",413705,"Kuching City FC",3333,"Terengganu FC","id1000100061974238",NULL,NULL,NULL,NULL,NULL,NULL,NULL,NULL
"2026-05-01","12:30","premier-league","ukraine",586811,"SC Poltava",3320,"FC Kryvbas Kriviy Rih","id1000021861651632",NULL,NULL,NULL,NULL,NULL,NULL,NULL,NULL
"2026-05-01","12:30","3rd-division-group-3","norway",847,"Varegg",7327,"Austevoll","id1002464667919846",NULL,NULL,NULL,NULL,NULL,NULL,NULL,NULL
"2026-05-01","12:30","oberliga-bw","germany-amateur",43380,"FSV Hollenbach",1269586,"Turkischer SV Singen","id1000014261857024",NULL,NULL,NULL,NULL,NULL,NULL,NULL,NULL
"2026-05-01","12:30","3-liga","slovakia",219120,"FC Slovan Galanta",37112,"Spartak Myjava","id1004753661940230",NULL,NULL,NULL,NULL,NULL,NULL,NULL,NULL
"2026-05-01","12:30","super-league","malawi",463143,"Silver Strikers",397012,"Moyale Barracks","id1001949470381452",NULL,NULL,NULL,NULL,NULL,NULL,NULL,NULL
"2026-05-01","13:00","youth-league","russia",872023,"FC Rodina Youth",1232185,"Almaz Antey Youth","id1000087968849512",NULL,NULL,NULL,NULL,NULL,NULL,NULL,NULL
"2026-05-01","13:00","u19","ukraine",216770,"FC Oleksandria",376304,"Kolos Kovalivka","id1000130761941470",NULL,NULL,NULL,NULL,NULL,NULL,NULL,NULL
"2026-05-01","13:00","serie-b","italy",2706,"Modena FC",24516,"Reggiana 1919","id1000005362484366",NULL,NULL,NULL,NULL,NULL,NULL,NULL,NULL
"2026-05-01","13:00","i-league","india",820934,"Rajasthan United",34217,"Dempo SC","id1000084870962946",NULL,NULL,NULL,NULL,NULL,NULL,NULL,NULL
"2026-05-01","13:00","premier-league","kenya",346122,"Kenya Police FC",315363,"Kariobangi Sharks","id1000164463097491",NULL,NULL,NULL,NULL,NULL,NULL,NULL,NULL
"2026-05-01","13:00","u19","ukraine",288413,"NK Veres Rivne",1269802,"Epicentre Kamianets-Podilskyi U19","id1000130761941466",NULL,NULL,NULL,NULL,NULL,NULL,NULL,NULL
"2026-05-01","13:00","3-liga","slovakia",1269952,"KFC Komarno B",219160,"FC Banik Prievidza","id1004753661940234",NULL,NULL,NULL,NULL,NULL,NULL,NULL,NULL
"2026-05-01","13:00","division-2-promotion-playoffs","sweden",7066,"Ahlafors IF",191150,"IFK Skovde FK","id1002078268320148",NULL,NULL,NULL,NULL,NULL,NULL,NULL,NULL
"2026-05-01","13:00","premier-league","ethiopia",558872,"Bahir Dar Kenema FC",524392,"Shire Endaselassie FC","id1003365670926564",NULL,NULL,NULL,NULL,NULL,NULL,NULL,NULL
"2026-05-01","13:00","elitettan-women","sweden-amateur",600086,"Orebro SK Soder",682503,"Sandvikens IF","id1003894167473238",NULL,NULL,NULL,NULL,NULL,NULL,NULL,NULL
"2026-05-01","13:00","iii-liga-group-3","poland",215500,"Gornik Zabrze II",37920,"KS Lechia Zielona Gora","id1002583962036830",NULL,NULL,NULL,NULL,NULL,NULL,NULL,NULL
"2026-05-01","13:00","u21-pro-league","belgium",76457,"KV RS Waasland Beveren",1043083,"Jeugd Royal Francs Borains ","id1000111762759121",NULL,NULL,NULL,NULL,NULL,NULL,NULL,NULL
"2026-05-01","13:00","serie-b","italy",2741,"Calcio Padova",2728,"Delfino Pescara","id1000005362484368",NULL,NULL,NULL,NULL,NULL,NULL,NULL,NULL
"2026-05-01","13:00","division-2-promotion-playoffs","sweden",1823,"Lidkopings FK",1784,"Motala AIF FK","id1002078268320146",NULL,NULL,NULL,NULL,NULL,NULL,NULL,NULL
"2026-05-01","13:00","serie-b","italy",2715,"Palermo FC",2796,"US Catanzaro","id1000005362484370",NULL,NULL,NULL,NULL,NULL,NULL,NULL,NULL
"2026-05-01","13:00","national-league","israel",239124,"MS Football Hapoel Kiryat Yam",7385,"Hapoel Ramat Gan Givatayim FC","id1000072770929692",NULL,NULL,NULL,NULL,NULL,NULL,NULL,NULL
"2026-05-01","13:00","national-league","israel",5203,"Bnei Yehuda Tel Aviv FC",5394,"Hapoel Rishon Lezion FC","id1000072770929696",NULL,NULL,NULL,NULL,NULL,NULL,NULL,NULL
"2026-05-01","13:00","national-league","israel",388096,"Ironi Modiin",238982,"FC Kafr Qasim","id1000072770929752",NULL,NULL,NULL,NULL,NULL,NULL,NULL,NULL
"2026-05-01","13:00","premier-league","syria",40652,"Al Ittihad Ahli of Aleppo",388276,"Homs Al-Fidaa SC","id1002692271201440",NULL,NULL,NULL,NULL,NULL,NULL,NULL,NULL
"2026-05-01","13:00","premier-league","syria",362456,"Al-Shorta SC",40651,"Al-Jaish SC (Syr)","id1002692271201446",NULL,NULL,NULL,NULL,NULL,NULL,NULL,NULL
"2026-05-01","13:00","premier-league","syria",23479,"Al-Karamah SC",35891,"Damascus Al-Ahli","id1002692271201438",NULL,NULL,NULL,NULL,NULL,NULL,NULL,NULL
"2026-05-01","13:00","premier-league","syria",157792,"Teshreen SC",328079,"Al Futuwa","id1002692271201444",NULL,NULL,NULL,NULL,NULL,NULL,NULL,NULL
"2026-05-01","13:00","premier-league","syria",1311226,"Omaya SC",288953,"Jableh SC","id1002692271201450",NULL,NULL,NULL,NULL,NULL,NULL,NULL,NULL
"2026-05-01","13:00","premier-league","syria",186006,"Taliya SC",1311228,"Khan Shaykhun SC","id1002692271201442",NULL,NULL,NULL,NULL,NULL,NULL,NULL,NULL
"2026-05-01","13:00","segunda-division","paraguay",1336072,"Paraguari AC",1110171,"12 de Junio de Villa Hayes","id1000125471146910",NULL,NULL,NULL,NULL,NULL,NULL,NULL,NULL
"2026-05-01","13:00","oberliga-hamburg","germany-amateur",51908,"Eimsbutteler TV",108711,"TUS Dassendorf 1948","id1000050967805530",NULL,NULL,NULL,NULL,NULL,NULL,NULL,NULL
"2026-05-01","13:00","serie-b","italy",2745,"Carrarese Calcio",2742,"Cesena FC","id1000005362484358",NULL,NULL,NULL,NULL,NULL,NULL,NULL,NULL
"2026-05-01","13:00","serie-b","italy",2705,"Empoli FC",2730,"US Avellino","id1000005362484360",NULL,NULL,NULL,NULL,NULL,NULL,NULL,NULL
"2026-05-01","13:00","primavera-1","italy",1175375,"US Cremonese",1175347,"AS Roma","id1000234061537630",NULL,NULL,NULL,NULL,NULL,NULL,NULL,NULL
"2026-05-01","13:00","2-liga-division-b-group-3","russia",42768,"FK Ryazan",51978,"FK Orel","id1000109570228210",NULL,NULL,NULL,NULL,NULL,NULL,NULL,NULL
"2026-05-01","13:00","national-league","israel",5333,"Maccabi Petah Tikva FC",7478,"Maccabi Herzliya","id1000072770929694",NULL,NULL,NULL,NULL,NULL,NULL,NULL,NULL
"2026-05-01","13:00","women-bundesliga","germany-amateur",5548,"Hamburger SV",36618,"FC Union Berlin","id1000023261970248",NULL,NULL,NULL,NULL,NULL,NULL,NULL,NULL
"2026-05-01","13:00","serie-b","italy",2735,"Spezia Calcio",2688,"Venezia FC","id1000005362484374",NULL,NULL,NULL,NULL,NULL,NULL,NULL,NULL
"2026-05-01","13:00","oberliga-niederrhein","germany-amateur",540015,"Holzheimer SG",344738,"1. FC Monheim","id1000110362200834",NULL,NULL,NULL,NULL,NULL,NULL,NULL,NULL
"2026-05-01","13:00","oberliga-westfalen","germany-amateur",2594,"SG Wattenscheid 09",43688,"SV Westfalia Rhynern","id1000014662118002",NULL,NULL,NULL,NULL,NULL,NULL,NULL,NULL
"2026-05-01","13:00","divize-e","czechia",35249,"CSK Uhersky Brod",413745,"Tj Sokol Lanzhot","id1004073566054202",NULL,NULL,NULL,NULL,NULL,NULL,NULL,NULL
"2026-05-01","13:00","premier-league","tanzania",238674,"Tanzania Prisons",788884,"TRA United","id1000243669448254",NULL,NULL,NULL,NULL,NULL,NULL,NULL,NULL
"2026-05-01","13:00","championship","south-africa",1175511,"Highbury FC",1208033,"Midlands Wanderers FC","id1000190663157229",NULL,NULL,NULL,NULL,NULL,NULL,NULL,NULL
"2026-05-01","13:00","premier-league","rwanda",262687,"Marines FC Gisenyi",528591,"Gasogi United","id1002016267782862",NULL,NULL,NULL,NULL,NULL,NULL,NULL,NULL
"2026-05-01","13:00","iii-liga-group-2","poland",457299,"MKS Viktoria Wrzesnia",35609,"Elana Torun","id1002583762037452",NULL,NULL,NULL,NULL,NULL,NULL,NULL,NULL
"2026-05-01","13:00","serie-b","italy",5324,"Juve Stabia",2801,"Frosinone Calcio","id1000005362484362",NULL,NULL,NULL,NULL,NULL,NULL,NULL,NULL
"2026-05-01","13:00","virsliga","latvia",36080,"FK Tukums 2000/TSS",36081,"FS Jelgava","id1000019768492490",NULL,NULL,NULL,NULL,NULL,NULL,NULL,NULL
"2026-05-01","13:00","segunda-division","paraguay",322375,"Guairena FC",87470,"Deportivo Capiata","id1000125471146908",NULL,NULL,NULL,NULL,NULL,NULL,NULL,NULL
"2026-05-01","13:00","serie-b","italy",2770,"Mantova 1911",2729,"AC Monza","id1000005362484364",NULL,NULL,NULL,NULL,NULL,NULL,NULL,NULL
"2026-05-01","13:00","serie-b","italy",2711,"Sampdoria Genoa",2760,"FC Sudtirol Bolzano","id1000005362484372",NULL,NULL,NULL,NULL,NULL,NULL,NULL,NULL
"2026-05-01","13:00","championship","south-africa",934389,"Casric Stars FC",174896,"Baroka FC","id1000190663157227",NULL,NULL,NULL,NULL,NULL,NULL,NULL,NULL
"2026-05-01","13:00","pervaya-liga","kazakhstan",555228,"FK Turan",888261,"Khan Tengri FC","id1000078569854616",NULL,NULL,NULL,NULL,NULL,NULL,NULL,NULL
"2026-05-01","13:00","oberliga-niederrhein","germany-amateur",6175,"Schwarz-Weiss Essen",75747,"Ratingen SV Germania 04/19","id1000110362200826",NULL,NULL,NULL,NULL,NULL,NULL,NULL,NULL
"2026-05-01","13:00","divize-a","czechia",76759,"FK Tachov",53101,"FA Povltavska","id1004072766605598",NULL,NULL,NULL,NULL,NULL,NULL,NULL,NULL
"2026-05-01","13:00","serie-b","italy",2712,"SSC Bari",43680,"Virtus Entella","id1000005362484356",NULL,NULL,NULL,NULL,NULL,NULL,NULL,NULL
"2026-05-01","13:30","super-league","malawi",334743,"Chitipa United",301812,"Blue Eagles Malawi","id1001949470381450",NULL,NULL,NULL,NULL,NULL,NULL,NULL,NULL
"2026-05-01","13:30","vysshaya-liga","belarus",7304,"FC Minsk",5234,"Naftan Novopolotsk","id1000016970986742",NULL,NULL,NULL,NULL,NULL,NULL,NULL,NULL
"2026-05-01","13:30","u19-ligaen","denmark",615500,"Vejle",615488,"AGF Aarhus","id1004818162640971",NULL,NULL,NULL,NULL,NULL,NULL,NULL,NULL
"2026-05-01","14:00","ofb-cup","austria",4856,"SCR Altach",2058,"LASK Linz","id1000044570038416",NULL,NULL,NULL,NULL,NULL,NULL,NULL,NULL
"2026-05-01","14:00","youth-league","russia",49725,"FK Rostov",49728,"Lokomotiv Moscow","id1000087968849508",NULL,NULL,NULL,NULL,NULL,NULL,NULL,NULL
"2026-05-01","14:00","youth-league","russia",49724,"FC Krasnodar",49731,"FK Spartak Moscow","id1000087968849510",NULL,NULL,NULL,NULL,NULL,NULL,NULL,NULL
"2026-05-01","14:00","super-lig","turkiye",3064,"Caykur Rizespor",3085,"Konyaspor","id1000005261730204",NULL,NULL,NULL,NULL,NULL,NULL,NULL,NULL
"2026-05-01","14:00","liga-1","moldova",81139,"CSF Spartanii Selemet",829636,"FC Stauceni","id1000071069948664",NULL,NULL,NULL,NULL,NULL,NULL,NULL,NULL
"2026-05-01","14:00","niederosterreich-1-landesliga","austria-amateur",1269662,"SG Ardagger/Neustadtl",260755,"Scheiblingkirchen-Warth Usv","id1004377161909612",NULL,NULL,NULL,NULL,NULL,NULL,NULL,NULL
"2026-05-01","14:00","eliteserien","norway",957,"Kristiansund BK",666,"HamKam","id1000002067015152",NULL,NULL,NULL,NULL,NULL,NULL,NULL,NULL
"2026-05-01","14:00","divize-a","czechia",1153517,"TJ Prestice",926565,"SK Petrin Plzen B","id1004072766605588",NULL,NULL,NULL,NULL,NULL,NULL,NULL,NULL
"2026-05-01","14:00","meistriliiga-women","estonia",916443,"Viimsi JK",260875,"Tallinna FC Flora","id1001829468959594",NULL,NULL,NULL,NULL,NULL,NULL,NULL,NULL
"2026-05-01","14:00","indian-super-league","india",379404,"Jamshedpur FC",174594,"FC Goa","id1000190068746472",NULL,NULL,NULL,NULL,NULL,NULL,NULL,NULL
"2026-05-01","14:00","premier-league","russia",2322,"PFK Krylia Sovetov Samara",2323,"FK Spartak Moscow","id1000020361376737",NULL,NULL,NULL,NULL,NULL,NULL,NULL,NULL
"2026-05-01","14:00","u19-ligaen","denmark",615492,"Lyngby",356594,"Broendby IF","id1004818162640979",NULL,NULL,NULL,NULL,NULL,NULL,NULL,NULL
"2026-05-01","14:00","1st-division","norway",673,"FK Haugesund",929,"Sandnes Ulf","id1000002267017892",NULL,NULL,NULL,NULL,NULL,NULL,NULL,NULL
"2026-05-01","14:00","2-deild","iceland",42355,"Throttur Vogum",1909,"Haukar Hafnarfjordur","id1001528370687962",NULL,NULL,NULL,NULL,NULL,NULL,NULL,NULL
"2026-05-01","14:00","liga-1","moldova",1037669,"FC Iskra Ribnita",5177,"FC Politehnica Chisinau","id1000071069948666",NULL,NULL,NULL,NULL,NULL,NULL,NULL,NULL
"2026-05-01","14:00","1st-division","norway",659,"Odds BK",668,"Raufoss IL","id1000002267017900",NULL,NULL,NULL,NULL,NULL,NULL,NULL,NULL
"2026-05-01","14:00","pervaya-liga","belarus",414943,"FC Gomel 2",1163813,"FC Bate Borisov 2","id1000077670986694",NULL,NULL,NULL,NULL,NULL,NULL,NULL,NULL
"2026-05-01","14:00","premier-league","egypt",175002,"Pyramids FC",43564,"Enppi Club","id1000080869879940",NULL,NULL,NULL,NULL,NULL,NULL,NULL,NULL
"2026-05-01","14:00","uefa-europa-cup-women","international-clubs",1889,"Hacken Gothenburg",1884,"Hammarby IF","id1004860370552760",NULL,NULL,NULL,NULL,NULL,NULL,NULL,NULL
"2026-05-01","14:00","iii-liga-group-4","poland",1031179,"Swidniczanka Swidnik",38713,"MKS Czarni Polaniec","id1002584162036230",NULL,NULL,NULL,NULL,NULL,NULL,NULL,NULL
"2026-05-01","14:00","1st-division","norway",663,"Bryne FK",665,"Sogndal Fotball","id1000002267017890",NULL,NULL,NULL,NULL,NULL,NULL,NULL,NULL
"2026-05-01","14:00","slovensky-pohar","slovakia",2402,"MSK Zilina",168476,"FK Kosice","id1000030370861044",NULL,NULL,NULL,NULL,NULL,NULL,NULL,NULL
"2026-05-01","14:00","1st-division","norway",680,"Hoedd IL",682,"Aasane Fotball","id1000002267017894",NULL,NULL,NULL,NULL,NULL,NULL,NULL,NULL
"2026-05-01","14:00","1st-division","norway",1163,"Stroemsgodset IF",885,"Stroemmen IF","id1000002267017902",NULL,NULL,NULL,NULL,NULL,NULL,NULL,NULL
"2026-05-01","14:00","3-liga","slovakia",79035,"TJ Banik Kalinovo",172058,"Tatran Oravske Vesele","id1004753661940912",NULL,NULL,NULL,NULL,NULL,NULL,NULL,NULL
"2026-05-01","14:00","iraqi-league","iraq",189818,"Zakho FC",508994,"AL Naft Maysan","id1002697470905958",NULL,NULL,NULL,NULL,NULL,NULL,NULL,NULL
"2026-05-01","14:00","1st-division","norway",672,"Kongsvinger IL Toppfotball",920,"Egersunds IK","id1000002267017896",NULL,NULL,NULL,NULL,NULL,NULL,NULL,NULL
"2026-05-01","14:00","1-mfl","north-macedonia",136548,"Shkupi Cair",53841,"FK Makedonija Gjorce Petrov","id1000019970231264",NULL,NULL,NULL,NULL,NULL,NULL,NULL,NULL
"2026-05-01","14:00","premium-liiga","estonia",32476,"Paide Linnameeskond",138566,"Tartu JK Tammeka","id1000017868214632",NULL,NULL,NULL,NULL,NULL,NULL,NULL,NULL
"2026-05-01","14:00","ii-liga","poland",432661,"OKS Swit Szczecin",7919,"Podbeskidzie Bielsko-Biała","id1000051561467247",NULL,NULL,NULL,NULL,NULL,NULL,NULL,NULL
"2026-05-01","14:00","iraqi-league","iraq",861429,"Diyala FC",47485,"AL Talaba","id1002697470905956",NULL,NULL,NULL,NULL,NULL,NULL,NULL,NULL
"2026-05-01","14:00","iraqi-league","iraq",61532,"Al Shorta SC",508988,"AL Naft","id1002697470905960",NULL,NULL,NULL,NULL,NULL,NULL,NULL,NULL
"2026-05-01","14:00","iii-liga-group-3","poland",612782,"KS Polonia Nysa",216970,"SKRA Czestochowa","id1002583962036846",NULL,NULL,NULL,NULL,NULL,NULL,NULL,NULL
"2026-05-01","14:00","iii-liga-group-4","poland",307588,"Wislanie Skawina",253593,"Chelmianka Chelm","id1002584162036234",NULL,NULL,NULL,NULL,NULL,NULL,NULL,NULL
"2026-05-01","14:00","premier-league","egypt",758264,"Ceramica Cleopatra",43560,"Al Masry Club","id1000080869879942",NULL,NULL,NULL,NULL,NULL,NULL,NULL,NULL
"2026-05-01","14:00","2-deild","iceland",36055,"Vikingur Olafsvik",256095,"Hviti Riddarinn","id1001528370687960",NULL,NULL,NULL,NULL,NULL,NULL,NULL,NULL
"2026-05-01","14:00","steiermark-landesliga","austria-amateur",377136,"Ilzer SV",36905,"SC Furstenfeld","id1004380361901992",NULL,NULL,NULL,NULL,NULL,NULL,NULL,NULL
"2026-05-01","14:00","1st-division","norway",657,"Lyn 1896 FK",1162,"Stabaek IF","id1000002267017898",NULL,NULL,NULL,NULL,NULL,NULL,NULL,NULL
"2026-05-01","14:00","ii-lyga","lithuania",784446,"Klaipedos Fsm",36061,"Kedainiai Nevezis","id1003406670161986",NULL,NULL,NULL,NULL,NULL,NULL,NULL,NULL
"2026-05-01","14:00","ii-liga","poland",54323,"Sokol Kleczew",216014,"Slask II Wroclaw","id1000051561467259",NULL,NULL,NULL,NULL,NULL,NULL,NULL,NULL
"2026-05-01","14:00","1-deild","iceland",1897,"UMF Grindavik",431251,"UMF Njardvik","id1000067568306788",NULL,NULL,NULL,NULL,NULL,NULL,NULL,NULL
"2026-05-01","14:00","3rd-division-group-2","norway",7397,"SK Herd",675,"Byaasen","id1002464467919548",NULL,NULL,NULL,NULL,NULL,NULL,NULL,NULL
"2026-05-01","14:00","1-mfl","north-macedonia",5407,"FK Sileks Kratovo",5413,"Shkendija Tetovo","id1000019970023834",NULL,NULL,NULL,NULL,NULL,NULL,NULL,NULL
"2026-05-01","14:00","a-lyga","lithuania",35388,"FK Banga Gargzdai",80741,"FK Kauno Zalgiris","id1000019868954804",NULL,NULL,NULL,NULL,NULL,NULL,NULL,NULL
"2026-05-01","14:15","laliga-2","spain",610334,"FC Andorra",2848,"Albacete Balompie","id1000005461623856",NULL,NULL,NULL,NULL,NULL,NULL,NULL,NULL
"2026-05-01","14:15","primera-federacion","spain",24322,"AD Alcorcon",135672,"CE Europa","id1003483461687570",NULL,NULL,NULL,NULL,NULL,NULL,NULL,NULL
"2026-05-01","14:15","primera-federacion","spain",24336,"RC Celta Fortuna",24328,"CA Osasuna B","id1003483461685672",NULL,NULL,NULL,NULL,NULL,NULL,NULL,NULL
"2026-05-01","14:15","amir-cup","qatar",40660,"Al Rayyan SC",44440,"AL Wakrah SC","id1002565970870106",NULL,NULL,NULL,NULL,NULL,NULL,NULL,NULL
"2026-05-01","14:15","amir-cup","qatar",44441,"Al Duhail SC",44444,"Al Arabi Doha SC","id1002565970870094",NULL,NULL,NULL,NULL,NULL,NULL,NULL,NULL
"2026-05-01","14:30","super-league","malawi",1243275,"Ekhaya FC",452703,"Red Lions","id1001949470381446",NULL,NULL,NULL,NULL,NULL,NULL,NULL,NULL
"2026-05-01","14:30","srpska-liga","serbia",43979,"FK Bask",473105,"FK Zvezdara","id1004821366053426",NULL,NULL,NULL,NULL,NULL,NULL,NULL,NULL
"2026-05-01","14:30","liga-portugal-2","portugal",3007,"Maritimo Madeira",3018,"Leixoes SC","id1000023961732268",NULL,NULL,NULL,NULL,NULL,NULL,NULL,NULL
"2026-05-01","14:30","divize-f","czechia",53139,"FK Novy Jicin",43194,"MFK Havirov","id1004073766054450",NULL,NULL,NULL,NULL,NULL,NULL,NULL,NULL
"2026-05-01","14:30","liga-2","romania",56127,"AFC Chindia Targoviste",610880,"Csa Steaua Bucuresti","id1000056269910264",NULL,NULL,NULL,NULL,NULL,NULL,NULL,NULL
"2026-05-01","14:30","parva-liga","bulgaria",214054,"FK Septemvri Sofia",32642,"PFC Montana 1921","id1000024770906758",NULL,NULL,NULL,NULL,NULL,NULL,NULL,NULL
"2026-05-01","14:30","top-league","kyrgyzstan",795820,"FC Talant",1302776,"FC Toktogu","id1002662271193594",NULL,NULL,NULL,NULL,NULL,NULL,NULL,NULL
"2026-05-01","14:30","divize-f","czechia",37116,"Tj Valasske Mezirici",36736,"FK Sumperk","id1004073766054452",NULL,NULL,NULL,NULL,NULL,NULL,NULL,NULL
"2026-05-01","14:30","super-league","malawi",1256357,"Mitundu Baptist",452707,"Kamuzu Barracks FC","id1001949470381448",NULL,NULL,NULL,NULL,NULL,NULL,NULL,NULL
"2026-05-01","15:00","iii-liga-group-4","poland",38731,"FKS Stal Krasnik",38737,"KS Wisloka Debica","id1002584162036226",NULL,NULL,NULL,NULL,NULL,NULL,NULL,NULL
"2026-05-01","15:00","ligue-2","tunisia",239028,"CS Chebba",191830,"US Bousalem","id1002057871097200",NULL,NULL,NULL,NULL,NULL,NULL,NULL,NULL
"2026-05-01","15:00","ligue-2","algeria",133484,"ASM Oran",238172,"RC Kouba","id1001432171084604",NULL,NULL,NULL,NULL,NULL,NULL,NULL,NULL
"2026-05-01","15:00","vtoraya-liga","belarus",1248185,"FC Spartak Minsk",892203,"Bfso Dinamo","id1003231171194346",NULL,NULL,NULL,NULL,NULL,NULL,NULL,NULL
"2026-05-01","15:00","erovnuli-liga","georgia",531999,"FC Spaeri",5419,"FC Torpedo Kutaisi","id1000070470224406",NULL,NULL,NULL,NULL,NULL,NULL,NULL,NULL
"2026-05-01","15:00","primavera-1","italy",1175369,"Sassuolo Calcio",466279,"Torino FC","id1000234061537620",NULL,NULL,NULL,NULL,NULL,NULL,NULL,NULL
"2026-05-01","15:00","cfl","czechia",24775,"Tj Jiskra Domazlice",1268096,"SK Slavia Prague C","id1001415166613706",NULL,NULL,NULL,NULL,NULL,NULL,NULL,NULL
"2026-05-01","15:00","hessenliga","germany-amateur",505982,"Hanauer FC 1893",2545,"Eintracht Frankfurt II","id1000018461556586",NULL,NULL,NULL,NULL,NULL,NULL,NULL,NULL
"2026-05-01","15:00","jordan-league","jordan",321509,"AL Salt",40650,"Al Wehdat","id1000092970270654",NULL,NULL,NULL,NULL,NULL,NULL,NULL,NULL
"2026-05-01","15:00","premier-league","ghana",403427,"Eleven Wonders FC",115787,"Bechem United","id1000119163078697",NULL,NULL,NULL,NULL,NULL,NULL,NULL,NULL
"2026-05-01","15:00","prva-nl","croatia",54297,"NK Sesvete",25528,"NK Karlovac 1919","id1000072469972702",NULL,NULL,NULL,NULL,NULL,NULL,NULL,NULL
"2026-05-01","15:00","primera-division-women","chile",1158591,"Deportes Recoleta",684099,"Santiago Wanderers","id1004228569254618",NULL,NULL,NULL,NULL,NULL,NULL,NULL,NULL
"2026-05-01","15:00","jordan-league","jordan",54587,"AL Jazeera Club Amman",40646,"Shabab AL Ordun","id1000092970270650",NULL,NULL,NULL,NULL,NULL,NULL,NULL,NULL
"2026-05-01","15:00","primera-division-women","spain",114819,"Granada CF",218002,"CD Tenerife","id1000112761688372",NULL,NULL,NULL,NULL,NULL,NULL,NULL,NULL
"2026-05-01","15:00","liga-3","romania",983393,"Scm Dunarea Giurgiu",916491,"ACS Oltul Curtisoara","id1003953370385242",NULL,NULL,NULL,NULL,NULL,NULL,NULL,NULL
"2026-05-01","15:00","iii-liga-group-1","poland",818648,"MKS Mlawianka Mlawa",307570,"Bron Radom","id1002583562038062",NULL,NULL,NULL,NULL,NULL,NULL,NULL,NULL
"2026-05-01","15:00","liga-3","romania",1190781,"ACS Progresul Mogosoaia",37405,"CS Electrosid Titu","id1003953370385182",NULL,NULL,NULL,NULL,NULL,NULL,NULL,NULL
"2026-05-01","15:00","jordan-league","jordan",167130,"Al-Ahly Amman",54583,"Al Baqaa","id1000092970270658",NULL,NULL,NULL,NULL,NULL,NULL,NULL,NULL
"2026-05-01","15:00","jordan-league","jordan",47482,"AL Faisaly (Jor)",54595,"Ramtha SC","id1000092970270656",NULL,NULL,NULL,NULL,NULL,NULL,NULL,NULL
"2026-05-01","15:00","virsliga","latvia",425115,"SK Super Nova",5346,"FK Auda Riga","id1000019768492492",NULL,NULL,NULL,NULL,NULL,NULL,NULL,NULL
"2026-05-01","15:00","fnl","czechia",2213,"FK Pribram",2221,"SK Dynamo Ceske Budejovice","id1000020562091686",NULL,NULL,NULL,NULL,NULL,NULL,NULL,NULL
"2026-05-01","15:00","1-lyga","lithuania",263587,"FK Babrungas Plunge",435708,"Baltijos Futbolo Akademija","id1000067669670670",NULL,NULL,NULL,NULL,NULL,NULL,NULL,NULL
"2026-05-01","15:00","ligue-2","tunisia",59626,"ES Hammam Sousse",148862,"Sfax Railways","id1002057871097198",NULL,NULL,NULL,NULL,NULL,NULL,NULL,NULL
"2026-05-01","15:00","segunda-federacion","spain",2881,"Real Union de Irun",25313,"CD Alfaro","id1000054461694526",NULL,NULL,NULL,NULL,NULL,NULL,NULL,NULL
"2026-05-01","15:00","liga-3","romania",1114621,"ACS Axi Arena",80157,"CSM Alexandria","id1003953370385240",NULL,NULL,NULL,NULL,NULL,NULL,NULL,NULL
"2026-05-01","15:00","druga-nl","croatia",35238,"NK Mladost Zdralovi",35239,"NK Radnik Krizevci","id1003861370949924",NULL,NULL,NULL,NULL,NULL,NULL,NULL,NULL
"2026-05-01","15:00","divize-b","czechia",43837,"FC Predni Kopanina",342616,"SK Slany","id1004072966606266",NULL,NULL,NULL,NULL,NULL,NULL,NULL,NULL
"2026-05-01","15:00","druga-nl","croatia",35240,"NK Grobnican",118516,"NK Kustosija Zagreb","id1003861370949936",NULL,NULL,NULL,NULL,NULL,NULL,NULL,NULL
"2026-05-01","15:00","fnl","czechia",76775,"1.SK Prostejov",35264,"SK Artis Brno","id1000020561326603",NULL,NULL,NULL,NULL,NULL,NULL,NULL,NULL
"2026-05-01","15:00","cfl","czechia",307736,"Sokol Hostoun",2223,"SK Kladno","id1001415166613710",NULL,NULL,NULL,NULL,NULL,NULL,NULL,NULL
"2026-05-01","15:00","ligue-2","tunisia",669741,"AS Agareb",44464,"CS Msaken","id1002057871097202",NULL,NULL,NULL,NULL,NULL,NULL,NULL,NULL
"2026-05-01","15:00","ligue-2","algeria",964241,"Wa Mostaganem",45000,"MC Saida","id1001432171084602",NULL,NULL,NULL,NULL,NULL,NULL,NULL,NULL
"2026-05-01","15:00","ligue-2","algeria",133486,"JSM Tiaret",402031,"CR Temouchent","id1001432171084598",NULL,NULL,NULL,NULL,NULL,NULL,NULL,NULL
"2026-05-01","15:00","ligue-2","algeria",1279407,"JS Tixeraine",667721,"Crb Adrar","id1001432171084596",NULL,NULL,NULL,NULL,NULL,NULL,NULL,NULL
"2026-05-01","15:00","ligue-2","algeria",112465,"RC Arbaa",186815,"Bechar Djedid","id1001432171084608",NULL,NULL,NULL,NULL,NULL,NULL,NULL,NULL
"2026-05-01","15:00","ligue-2","algeria",284549,"GC Mascara",45002,"USM EL Harrach","id1001432171084606",NULL,NULL,NULL,NULL,NULL,NULL,NULL,NULL
"2026-05-01","15:00","ligue-2","algeria",42208,"NA Hussein Dey",967255,"Js El Biar","id1001432171084594",NULL,NULL,NULL,NULL,NULL,NULL,NULL,NULL
"2026-05-01","15:00","ligue-2","algeria",42205,"WA Tlemcen",186086,"ESM Kolea","id1001432171084600",NULL,NULL,NULL,NULL,NULL,NULL,NULL,NULL
"2026-05-01","15:00","ligue-2","tunisia",505010,"OC Kerkennah",59620,"Club S Hammam-Lif","id1002057871097206",NULL,NULL,NULL,NULL,NULL,NULL,NULL,NULL
"2026-05-01","15:00","ligue-2","tunisia",283347,"US Tataouine",302320,"Sporting Ben Arous","id1002057871097182",NULL,NULL,NULL,NULL,NULL,NULL,NULL,NULL
"2026-05-01","15:00","ligue-2","tunisia",296028,"SA Menzel Bourguiba",516812,"Em Mahdia","id1002057871097196",NULL,NULL,NULL,NULL,NULL,NULL,NULL,NULL
"2026-05-01","15:00","ligue-2","tunisia",986765,"AS Megrine",669745,"BS Bouhajla","id1002057871097186",NULL,NULL,NULL,NULL,NULL,NULL,NULL,NULL
"2026-05-01","15:00","divize-b","czechia",106311,"FK Ostrov",6067,"FK Banik Sokolov","id1004072966606268",NULL,NULL,NULL,NULL,NULL,NULL,NULL,NULL
"2026-05-01","15:00","girabola","angola",1286559,"Guelson FC",148072,"Atletico Petroleos de Luanda","id1000217167012950",NULL,NULL,NULL,NULL,NULL,NULL,NULL,NULL
"2026-05-01","15:00","3-liga","slovakia",1269950,"AS Trencin B",37104,"Raca Bratislava","id1004753661940236",NULL,NULL,NULL,NULL,NULL,NULL,NULL,NULL
"2026-05-01","15:00","druga-nl","croatia",2028,"NK Hrvatski Dragovoljac",258743,"NK Jadran LP","id1003861370949922",NULL,NULL,NULL,NULL,NULL,NULL,NULL,NULL
"2026-05-01","15:00","niederosterreich-1-landesliga","austria-amateur",23642,"1. Wiener Neustadter SC",622502,"ASV Schrems","id1004377161909608",NULL,NULL,NULL,NULL,NULL,NULL,NULL,NULL
"2026-05-01","15:00","jordan-league","jordan",544603,"Sama AL Sarhan SC",117204,"Al Hussein Irbid","id1000092970270652",NULL,NULL,NULL,NULL,NULL,NULL,NULL,NULL
"2026-05-01","15:00","liga-3","romania",1031169,"CS Vulturii Farcasesti",1176927,"ACS Academica Bals","id1003953370384634",NULL,NULL,NULL,NULL,NULL,NULL,NULL,NULL
"2026-05-01","15:00","iii-liga-group-4","poland",327285,"Sokol Kolbuszowa Dolna",354984,"Avia Swidnik","id1002584162036222",NULL,NULL,NULL,NULL,NULL,NULL,NULL,NULL
"2026-05-01","15:00","liga-3","romania",274041,"CS Timisul Sag",1264179,"ACS Unirea Dmo","id1003953370385774",NULL,NULL,NULL,NULL,NULL,NULL,NULL,NULL
"2026-05-01","15:30","ekstraklasa","poland",5065,"Korona Kielce",7918,"GKS Piast Gliwice","id1000020261062295",NULL,NULL,NULL,NULL,NULL,NULL,NULL,NULL
"2026-05-01","15:30","premier-league","tanzania",689393,"Dodoma FC",624442,"Namungo FC","id1000243669448154",NULL,NULL,NULL,NULL,NULL,NULL,NULL,NULL
"2026-05-01","16:00","niederosterreich-1-landesliga","austria-amateur",585723,"UFC Sankt Peter Au",2087,"SV Langenrohr","id1004377161909614",NULL,NULL,NULL,NULL,NULL,NULL,NULL,NULL
"2026-05-01","16:00","1-deild","iceland",1914,"Afturelding",5372,"Volsungur","id1000067568306790",NULL,NULL,NULL,NULL,NULL,NULL,NULL,NULL
"2026-05-01","16:00","regionalliga-centre","austria-amateur",162364,"Union Gurten",460243,"SV Ried II","id1000016861466341",NULL,NULL,NULL,NULL,NULL,NULL,NULL,NULL
"2026-05-01","16:00","eliteserien","norway",1164,"Viking FK",1161,"Rosenborg BK","id1000002067015146",NULL,NULL,NULL,NULL,NULL,NULL,NULL,NULL
"2026-05-01","16:00","bundesliga-women","austria-amateur",118936,"SKN St. Polten",278361,"SK Sturm Graz","id1001419770633064",NULL,NULL,NULL,NULL,NULL,NULL,NULL,NULL
"2026-05-01","16:00","esiliiga","estonia",36074,"Tallinna FC Flora",37528,"Maardu Linnameeskond","id1000067868774128",NULL,NULL,NULL,NULL,NULL,NULL,NULL,NULL
"2026-05-01","16:00","wien-wiener-stadtliga","austria-amateur",2094,"FC Stadlau",166546,"FC 1980 Wien","id1004383161911512",NULL,NULL,NULL,NULL,NULL,NULL,NULL,NULL
"2026-05-01","16:00","2nd-division","bahrain",307102,"Isa Town",937189,"Um Alhassam","id1001972471114380",NULL,NULL,NULL,NULL,NULL,NULL,NULL,NULL
"2026-05-01","16:00","1st-division","cyprus",3401,"Olympiakos Nicosia",25542,"Omonia Aradippou","id1000017171056626",NULL,NULL,NULL,NULL,NULL,NULL,NULL,NULL
"2026-05-01","16:00","1st-division","cyprus",36398,"Akritas Chlorakas",3396,"Ethnikos Achnas FC","id1000017171056628",NULL,NULL,NULL,NULL,NULL,NULL,NULL,NULL
"2026-05-01","16:00","i-liga","poland",38729,"Puszcza Niepolomice",7923,"MKS Znicz Pruszkow","id1000022961399029",NULL,NULL,NULL,NULL,NULL,NULL,NULL,NULL
"2026-05-01","16:00","2-deild","iceland",5374,"Fjolnir",70088,"IF Magni Grenivik","id1001528370687970",NULL,NULL,NULL,NULL,NULL,NULL,NULL,NULL
"2026-05-01","16:00","esiliiga-b","estonia",815456,"FC Phoenix Johvi",794998,"FA Tartu Kalev","id1003579768852046",NULL,NULL,NULL,NULL,NULL,NULL,NULL,NULL
"2026-05-01","16:00","ii-liga","poland",37204,"CWKS Resovia",273491,"KKS 1925 Kalisz","id1000051561467243",NULL,NULL,NULL,NULL,NULL,NULL,NULL,NULL
"2026-05-01","16:00","regionalliga-ost","austria-amateur",388974,"Union Mauer",2139,"SV Oberwart","id1000016662274190",NULL,NULL,NULL,NULL,NULL,NULL,NULL,NULL
"2026-05-01","16:00","liga-2","peru",203583,"Sport Huancayo Reserve",1199175,"Bentin Tacna Heroica","id1001523570806856",NULL,NULL,NULL,NULL,NULL,NULL,NULL,NULL
"2026-05-01","16:00","2nd-division","bahrain",35890,"Busaiteen",150900,"AL Tadamun Buri","id1001972471114378",NULL,NULL,NULL,NULL,NULL,NULL,NULL,NULL
"2026-05-01","16:00","burgenland-burgenlandliga","austria-amateur",541351,"SPG Edelserpentin",2192,"ASK Horitschon/U","id1004377361894030",NULL,NULL,NULL,NULL,NULL,NULL,NULL,NULL
"2026-05-01","16:00","fnl","czechia",4863,"FC Vysocina Jihlava",36024,"FC Vlasim","id1000020561326595",NULL,NULL,NULL,NULL,NULL,NULL,NULL,NULL
"2026-05-01","16:00","2nd-division","bahrain",937187,"Bouri",937185,"Etehad Alreef","id1001972471114382",NULL,NULL,NULL,NULL,NULL,NULL,NULL,NULL
"2026-05-01","16:00","burgenland-burgenlandliga","austria-amateur",1159145,"SK Pama",2200,"SV Leithaprodersdorf","id1004377361894026",NULL,NULL,NULL,NULL,NULL,NULL,NULL,NULL
"2026-05-01","16:10","division-1","saudi-arabia",544845,"Al-Arabi SC (SA)",529647,"Al Jubail","id1000229867953240",NULL,NULL,NULL,NULL,NULL,NULL,NULL,NULL
"2026-05-01","16:30","oberliga-bw","germany-amateur",276255,"1. Goppinger SV",1269584,"Turkspor Neckarsulm","id1000014261857008",NULL,NULL,NULL,NULL,NULL,NULL,NULL,NULL
"2026-05-01","16:30","danmarksserien","denmark-amateur",1386,"Skovshoved IF",1369,"Herlev IF","id1003719570663512",NULL,NULL,NULL,NULL,NULL,NULL,NULL,NULL
"2026-05-01","16:30","danmarksserien","denmark-amateur",167142,"FC Gladsaxe",22213,"Ledoje-Smorum Fodbold","id1003719570663514",NULL,NULL,NULL,NULL,NULL,NULL,NULL,NULL
"2026-05-01","16:30","danmarksserien","denmark-amateur",37211,"Taarnby FF",22216,"Goerslev IF","id1003719570663720",NULL,NULL,NULL,NULL,NULL,NULL,NULL,NULL
"2026-05-01","16:30","laliga-2","spain",2832,"RC Deportivo De La Coruna",2845,"CD Leganes","id1000005461623848",NULL,NULL,NULL,NULL,NULL,NULL,NULL,NULL
"2026-05-01","16:30","premier-league","russia",2320,"Lokomotiv Moscow",2315,"FK Dinamo Moscow","id1000020361376741",NULL,NULL,NULL,NULL,NULL,NULL,NULL,NULL
"2026-05-01","16:30","premier-league","rwanda",667125,"Gorilla FC",210420,"Police FC Rwanda","id1002016267782864",NULL,NULL,NULL,NULL,NULL,NULL,NULL,NULL
"2026-05-01","16:30","division-one","gambia",543651,"Fortune",317567,"Gambia Ports Authority","id1005117471017870",NULL,NULL,NULL,NULL,NULL,NULL,NULL,NULL
"2026-05-01","16:30","division-one","gambia",134302,"Steve Biko FC",290832,"Hawks FC","id1005117471017874",NULL,NULL,NULL,NULL,NULL,NULL,NULL,NULL
"2026-05-01","16:30","iraqi-league","iraq",35888,"Al Zawraa",47479,"Duhok FC","id1002697470905964",NULL,NULL,NULL,NULL,NULL,NULL,NULL,NULL
"2026-05-01","16:30","division-one","gambia",978747,"Tmt",194904,"Real de Banjul","id1005117471017876",NULL,NULL,NULL,NULL,NULL,NULL,NULL,NULL
"2026-05-01","16:30","division-one","gambia",1081698,"Medina United FC",664813,"Falcons FC","id1005117471017872",NULL,NULL,NULL,NULL,NULL,NULL,NULL,NULL
"2026-05-01","16:30","a-lyga","lithuania",168446,"Dziugas",171484,"FC Hegelmann Kaunas","id1000019868954806",NULL,NULL,NULL,NULL,NULL,NULL,NULL,NULL
"2026-05-01","16:30","iraqi-league","iraq",1098325,"AL Karma",845058,"Newroz SC","id1002697470905962",NULL,NULL,NULL,NULL,NULL,NULL,NULL,NULL
"2026-05-01","16:30","danmarksserien","denmark-amateur",1379,"BK Avarta",1757,"BK Skjold","id1003719570663722",NULL,NULL,NULL,NULL,NULL,NULL,NULL,NULL
"2026-05-01","16:45","pro-league-cup","united-arab-emirates",37082,"Al Ain FC",342882,"Al Wahda FC (UAE)","id1000136970852112",NULL,NULL,NULL,NULL,NULL,NULL,NULL,NULL
"2026-05-01","16:45","pro-league-cup","united-arab-emirates",342882,"Al Wahda FC (UAE)",37082,"Al Ain FC","id1000136970764604",NULL,NULL,NULL,NULL,NULL,NULL,NULL,NULL
"2026-05-01","16:45","super-d2","mauritania",412655,"ASAC Concorde",669247,"AS Armee","id1004842571076650",NULL,NULL,NULL,NULL,NULL,NULL,NULL,NULL
"2026-05-01","17:00","2nd-division","denmark",1308,"HIK Hellerup",1320,"Naestved BK","id1000006570730302",NULL,NULL,NULL,NULL,NULL,NULL,NULL,NULL
"2026-05-01","17:00","2nd-division","denmark",1314,"Vendsyssel FF",1403,"Thisted FC","id1000006570730300",NULL,NULL,NULL,NULL,NULL,NULL,NULL,NULL
"2026-05-01","17:00","parva-liga","bulgaria",5242,"PFC Dobrudzha Dobrich",3277,"FC Lokomotiv 1929 Sofia","id1000024770906756",NULL,NULL,NULL,NULL,NULL,NULL,NULL,NULL
"2026-05-01","17:00","erovnuli-liga","georgia",7703,"FC Rustavi",33819,"FC Dila Gori","id1000070470224402",NULL,NULL,NULL,NULL,NULL,NULL,NULL,NULL
"2026-05-01","17:00","regionalliga-bavaria","germany-amateur",23947,"FC Wurzburger Kickers",2559,"Wacker Burghausen","id1000108561854714",NULL,NULL,NULL,NULL,NULL,NULL,NULL,NULL
"2026-05-01","17:00","regionalliga-bavaria","germany-amateur",23537,"DJK Vilzing",342944,"Schwaben Augsburg","id1000108561854716",NULL,NULL,NULL,NULL,NULL,NULL,NULL,NULL
"2026-05-01","17:00","amir-cup","qatar",170366,"Al-Shamal",39733,"Al Sadd SC","id1002565970870098",NULL,NULL,NULL,NULL,NULL,NULL,NULL,NULL
"2026-05-01","17:00","super-league-women","switzerland",522366,"Servette FC Chenois Feminin",684329,"FC Aarau","id1002991870642344",NULL,NULL,NULL,NULL,NULL,NULL,NULL,NULL
"2026-05-01","17:00","2nd-division","denmark",4873,"FC Roskilde",218750,"AB Gladsaxe","id1000006570730298",NULL,NULL,NULL,NULL,NULL,NULL,NULL,NULL
"2026-05-01","17:00","super-lig","turkiye",5138,"Gaziantep FK",3050,"Besiktas Istanbul","id1000005261730206",NULL,NULL,NULL,NULL,NULL,NULL,NULL,NULL
"2026-05-01","17:00","premier-league","egypt",42368,"Zamalek SC",6910,"AL Ahly SC (EGY)","id1000080869879944",NULL,NULL,NULL,NULL,NULL,NULL,NULL,NULL
"2026-05-01","17:00","ettan-relegation/promotion","sweden",327273,"IFK Stocksund",5950,"Vasalunds IF","id1002741268310844",NULL,NULL,NULL,NULL,NULL,NULL,NULL,NULL
"2026-05-01","17:00","karnten-karntner-liga","austria-amateur",460297,"Tsu Matrei",211904,"ASKO Kottmannsdorf","id1004378161898554",NULL,NULL,NULL,NULL,NULL,NULL,NULL,NULL
"2026-05-01","17:00","regionalliga-ost","austria-amateur",459943,"FC Marchfeld Donauauen",5040,"SV Donau","id1000016661472535",NULL,NULL,NULL,NULL,NULL,NULL,NULL,NULL
"2026-05-01","17:00","superliga","denmark",1281,"Broendby IF",1292,"FC Nordsjaelland","id1000003969653752",NULL,NULL,NULL,NULL,NULL,NULL,NULL,NULL
"2026-05-01","17:00","iii-liga-group-2","poland",35329,"Zawisza Bydgoszcz",24158,"MKS Flota Swinoujscie","id1002583762037458",NULL,NULL,NULL,NULL,NULL,NULL,NULL,NULL
"2026-05-01","17:00","danmarksserien","denmark-amateur",53877,"Hobro IK 2",1408,"OKS","id1003719570663724",NULL,NULL,NULL,NULL,NULL,NULL,NULL,NULL
"2026-05-01","17:00","danmarksserien","denmark-amateur",729867,"Horsens FS",218998,"Fuglebakken KFUM","id1003719570663516",NULL,NULL,NULL,NULL,NULL,NULL,NULL,NULL
"2026-05-01","17:00","amir-cup","qatar",34312,"Al Gharafa SC",32490,"Umm-Salal SC","id1002565970870096",NULL,NULL,NULL,NULL,NULL,NULL,NULL,NULL
"2026-05-01","17:00","regionalliga-ost","austria-amateur",2090,"SC/ESV Parndorf 1919",214588,"FCM Traiskirchen","id1000016661472537",NULL,NULL,NULL,NULL,NULL,NULL,NULL,NULL
"2026-05-01","17:00","steiermark-landesliga","austria-amateur",414387,"SC Stadtwerke Bruck/Mur",2153,"USV Gnas","id1004380361901994",NULL,NULL,NULL,NULL,NULL,NULL,NULL,NULL
"2026-05-01","17:00","superliga-women","ecuador",796208,"CS Emelec",798628,"Deportivo Ibarra","id1004676071129922",NULL,NULL,NULL,NULL,NULL,NULL,NULL,NULL
"2026-05-01","17:00","regionalliga-centre","austria-amateur",105969,"SV Lafnitz",732991,"Wohnbau Dietach","id1000016861466329",NULL,NULL,NULL,NULL,NULL,NULL,NULL,NULL
"2026-05-01","17:10","regionalliga-ost","austria-amateur",43848,"Favoritner AC",5040,"SV Donau","id1000016662274182",NULL,NULL,NULL,NULL,NULL,NULL,NULL,NULL
"2026-05-01","17:15","tirol-regionalliga-tirol","austria-amateur",2059,"SV Worgl",210680,"Kematen","id1002968261915038",NULL,NULL,NULL,NULL,NULL,NULL,NULL,NULL
"2026-05-01","17:30","national","france",1686,"Dijon FCO",1666,"LB Chateauroux","id1000018362117330",NULL,NULL,NULL,NULL,NULL,NULL,NULL,NULL
"2026-05-01","17:30","national","france",35056,"Football Bourg-En-Bresse Peronnas 01",32934,"FC Villefranche Beaujolais","id1000018362117332",NULL,NULL,NULL,NULL,NULL,NULL,NULL,NULL
"2026-05-01","17:30","regionalliga-ost","austria-amateur",43848,"Favoritner AC",162360,"SV Leobendorf","id1000016661472539",NULL,NULL,NULL,NULL,NULL,NULL,NULL,NULL
"2026-05-01","17:30","national","france",39126,"FC Versailles 78",6921,"US Orleans","id1000018362117340",NULL,NULL,NULL,NULL,NULL,NULL,NULL,NULL
"2026-05-01","17:30","national","france",1660,"AC Ajaccio",1667,"SM Caen","id1000018362117326",NULL,NULL,NULL,NULL,NULL,NULL,NULL,NULL
"2026-05-01","17:30","regionalliga-ost","austria-amateur",2066,"Wiener Sport-Club",459943,"FC Marchfeld Donauauen","id1000016662274188",NULL,NULL,NULL,NULL,NULL,NULL,NULL,NULL
"2026-05-01","17:30","national","france",1657,"Sochaux-Montbeliard",5061,"Valenciennes FC","id1000018362117336",NULL,NULL,NULL,NULL,NULL,NULL,NULL,NULL
"2026-05-01","17:30","regionalliga-ost","austria-amateur",2066,"Wiener Sport-Club",2111,"SV Horn","id1000016661472543",NULL,NULL,NULL,NULL,NULL,NULL,NULL,NULL
"2026-05-01","17:30","regionalliga-ost","austria-amateur",2139,"SV Oberwart",2100,"SR Donaufeld","id1000016661472541",NULL,NULL,NULL,NULL,NULL,NULL,NULL,NULL
"2026-05-01","17:30","national","france",233162,"Quevilly-Rouen Metropole",4493,"FC Rouen","id1000018362117338",NULL,NULL,NULL,NULL,NULL,NULL,NULL,NULL
"2026-05-01","17:30","regionalliga-ost","austria-amateur",2106,"Kremser SC",2100,"SR Donaufeld","id1000016662274184",NULL,NULL,NULL,NULL,NULL,NULL,NULL,NULL
"2026-05-01","17:30","national","france",59792,"SC Aubagne Air Bel",236320,"Stade Briochin","id1000018362117324",NULL,NULL,NULL,NULL,NULL,NULL,NULL,NULL
"2026-05-01","17:30","superliga","romania",391688,"AFK Csikszereda Miercurea Ciuc",3301,"Fotbal Club FCSB","id1000015269744626",NULL,NULL,NULL,NULL,NULL,NULL,NULL,NULL
"2026-05-01","17:30","burgenland-burgenlandliga","austria-amateur",2191,"FC Deutschkreutz",47334,"SC Oberpullendorf","id1004377361894020",NULL,NULL,NULL,NULL,NULL,NULL,NULL,NULL
"2026-05-01","17:30","national","france",83361,"FC Fleury 91",181754,"Le Puy Foot 43 Auvergne","id1000018362117334",NULL,NULL,NULL,NULL,NULL,NULL,NULL,NULL
"2026-05-01","17:30","challenge-league","switzerland",2490,"FC Stade Nyonnais",2455,"FC Wil 1900","id1000021666627080",NULL,NULL,NULL,NULL,NULL,NULL,NULL,NULL
"2026-05-01","17:50","division-1","saudi-arabia",168082,"AL Draih",168090,"Abha Club","id1000229867953242",NULL,NULL,NULL,NULL,NULL,NULL,NULL,NULL
"2026-05-01","18:00","primera-division-reserves-clausura","el-salvador",1273006,"CD Hercules U20",778014,"AD Isidro Metapan","id1003616771211520",NULL,NULL,NULL,NULL,NULL,NULL,NULL,NULL
"2026-05-01","18:00","campeonato-nacional-women","portugal",475052,"SL Benfica Lisbon",366562,"Sporting Cp","id1001927463442531",NULL,NULL,NULL,NULL,NULL,NULL,NULL,NULL
"2026-05-01","18:00","primera-division-reserves-clausura","el-salvador",777406,"Municipal Limeno",1168769,"CD Cacahuatique","id1003616771211518",NULL,NULL,NULL,NULL,NULL,NULL,NULL,NULL
"2026-05-01","18:00","u20-mineiro-1-divisao","brazil",591549,"Boston City FC MG",1327706,"Sao Joao Del Rei EC MG","id1004665168902010",NULL,NULL,NULL,NULL,NULL,NULL,NULL,NULL
"2026-05-01","18:00","primera-division-reserves-clausura","el-salvador",1273004,"Zacatecoluca FC U20",1273002,"Inter Formando Un Atleta U20","id1003616771211522",NULL,NULL,NULL,NULL,NULL,NULL,NULL,NULL
"2026-05-01","18:00","primera-federacion","spain",2822,"Tenerife CD",2879,"Barakaldo CF","id1003483461685686",NULL,NULL,NULL,NULL,NULL,NULL,NULL,NULL
"2026-05-01","18:00","1st-division","norway",708,"Ranheim",662,"Moss FK","id1000002267017904",NULL,NULL,NULL,NULL,NULL,NULL,NULL,NULL
"2026-05-01","18:00","oberliga-hamburg","germany-amateur",163450,"FC Suderelbe 1949",458565,"HEBC Hamburg","id1000050967805522",NULL,NULL,NULL,NULL,NULL,NULL,NULL,NULL
"2026-05-01","18:00","primera-division-reserves-clausura","el-salvador",1043821,"CD Fuerte San Francisco",780488,"Alianza FC","id1003616771211526",NULL,NULL,NULL,NULL,NULL,NULL,NULL,NULL
"2026-05-01","18:00","nb-i","hungary",1922,"Zalaegerszeg TE",25596,"Puskas Akademia FC Felcsut","id1000018761272915",NULL,NULL,NULL,NULL,NULL,NULL,NULL,NULL
"2026-05-01","18:00","catarinense-serie-b","brazil",1988,"CA Tubarao SC",21868,"GE Juventus Jaragua do Sul SC","id1003934369796160",NULL,NULL,NULL,NULL,NULL,NULL,NULL,NULL
"2026-05-01","18:00","u20-mineiro-1-divisao","brazil",903811,"Athletic Club MG",796774,"Betim Futebol MG","id1004665168902008",NULL,NULL,NULL,NULL,NULL,NULL,NULL,NULL
"2026-05-01","18:00","eredivisie","netherlands",2956,"RKC Waalwijk",2954,"Roda JC Kerkrade","id1000003771080884",NULL,NULL,NULL,NULL,NULL,NULL,NULL,NULL
"2026-05-01","18:00","super-league-women","belgium",218146,"KRC Genk",929949,"KVC Westerlo","id1000226870221634",NULL,NULL,NULL,NULL,NULL,NULL,NULL,NULL
"2026-05-01","18:00","primera-division-reserves-clausura","el-salvador",781486,"CD Aguila",781566,"CD Luis Angel Firpo","id1003616771211516",NULL,NULL,NULL,NULL,NULL,NULL,NULL,NULL
"2026-05-01","18:00","u21-premier-league-2","england-amateur",36541,"Aston Villa FC",36544,"Manchester City FC","id1000112971186360",NULL,NULL,NULL,NULL,NULL,NULL,NULL,NULL
"2026-05-01","18:00","u21-premier-league-2","england-amateur",36539,"Chelsea FC",77865,"Tottenham Hotspur FC","id1000112971186362",NULL,NULL,NULL,NULL,NULL,NULL,NULL,NULL
"2026-05-01","18:00","u21-professional-development-league","england-amateur",36553,"FC Everton",959123,"Brentford","id1002984271201014",NULL,NULL,NULL,NULL,NULL,NULL,NULL,NULL
"2026-05-01","18:00","primera-division-reserves-clausura","el-salvador",776944,"CD Fas",822802,"CD Platense","id1003616771211524",NULL,NULL,NULL,NULL,NULL,NULL,NULL,NULL
"2026-05-01","18:15","challenge-league","switzerland",2451,"Neuchatel Xamax",2447,"FC Aarau","id1000021666627082",NULL,NULL,NULL,NULL,NULL,NULL,NULL,NULL
"2026-05-01","18:30","ekstraklasa","poland",3106,"Legia Warszawa",3115,"Widzew Lodz","id1000020261062285",NULL,NULL,NULL,NULL,NULL,NULL,NULL,NULL
"2026-05-01","18:30","schleswig-holstein-liga","germany-amateur",1154889,"TuS Rotenhof",217016,"Oldenburger SV","id1000051262127480",NULL,NULL,NULL,NULL,NULL,NULL,NULL,NULL
"2026-05-01","18:30","erste-liga","switzerland",458175,"FC Portalban/Gletterens",2481,"FC Echallens Region","id1003705162216438",NULL,NULL,NULL,NULL,NULL,NULL,NULL,NULL
"2026-05-01","18:30","i-liga","poland",3125,"Gornik Leczna",3108,"WKS Slask Wroclaw","id1000022961399031",NULL,NULL,NULL,NULL,NULL,NULL,NULL,NULL
"2026-05-01","18:45","first-division","ireland",3168,"University College Dublin",3175,"Longford Town FC","id1000019366854732",NULL,NULL,NULL,NULL,NULL,NULL,NULL,NULL
"2026-05-01","18:45","premier-division","ireland",3180,"Drogheda United FC",3190,"Sligo Rovers FC","id1000019266854018",NULL,NULL,NULL,NULL,NULL,NULL,NULL,NULL
"2026-05-01","18:45","pro-league","belgium",2929,"Cercle Brugge",2933,"SV Zulte Waregem","id1000003870207540",NULL,NULL,NULL,NULL,NULL,NULL,NULL,NULL
"2026-05-01","18:45","premier-division","ireland",3179,"Dundalk FC",3174,"Shelbourne FC","id1000019266854020",NULL,NULL,NULL,NULL,NULL,NULL,NULL,NULL
"2026-05-01","18:45","championship","scotland",2350,"Dunfermline Athletic FC",2366,"Arbroath FC","id1000020661353195",NULL,NULL,NULL,NULL,NULL,NULL,NULL,NULL
"2026-05-01","18:45","premiership","northern-ireland",5180,"Crusaders FC",39224,"Annagh United FC","id1000020071151482",NULL,NULL,NULL,NULL,NULL,NULL,NULL,NULL
"2026-05-01","18:45","first-division","ireland",7128,"Wexford FC",3181,"Finn Harps FC","id1000019366854734",NULL,NULL,NULL,NULL,NULL,NULL,NULL,NULL
"2026-05-01","18:45","premier-league-women","northern-ireland",399507,"Cliftonville LFC",342178,"Lisburn LFC","id1001948670271330",NULL,NULL,NULL,NULL,NULL,NULL,NULL,NULL
"2026-05-01","18:45","premier-league-women","northern-ireland",805858,"Larne Ladies",38355,"Crusaders Strikers FC","id1001948670271334",NULL,NULL,NULL,NULL,NULL,NULL,NULL,NULL
"2026-05-01","18:45","first-division","ireland",3171,"Bray Wanderers AFC",779084,"Treaty United","id1000019366854728",NULL,NULL,NULL,NULL,NULL,NULL,NULL,NULL
"2026-05-01","18:45","first-division","ireland",40896,"Cork City FC",3185,"Cobh Ramblers","id1000019366854730",NULL,NULL,NULL,NULL,NULL,NULL,NULL,NULL
"2026-05-01","18:45","premiership","scotland",2356,"Livingston FC",2355,"Aberdeen FC","id1000003670674916",NULL,NULL,NULL,NULL,NULL,NULL,NULL,NULL
"2026-05-01","18:45","first-division","ireland",3198,"Athlone Town AFC",972503,"Kerry FC","id1000019366854726",NULL,NULL,NULL,NULL,NULL,NULL,NULL,NULL
"2026-05-01","18:45","championship","scotland",2374,"Greenock Morton FC",2367,"Airdrieonians FC","id1000020661353197",NULL,NULL,NULL,NULL,NULL,NULL,NULL,NULL
"2026-05-01","18:45","premier-division","ireland",3172,"Galway United FC",3169,"Saint Patrick´s Athletic FC","id1000019266854022",NULL,NULL,NULL,NULL,NULL,NULL,NULL,NULL
"2026-05-01","18:45","serie-a","italy",2737,"Pisa SC",2689,"US Lecce","id1000002361061637",NULL,NULL,NULL,NULL,NULL,NULL,NULL,NULL
"2026-05-01","18:45","premier-league-women","northern-ireland",337981,"Linfield Ladies",342180,"Derry City Ladies","id1001948670271332",NULL,NULL,NULL,NULL,NULL,NULL,NULL,NULL
"2026-05-01","18:45","championship","scotland",2361,"Raith Rovers FC",2365,"Ross County FC","id1000020661353201",NULL,NULL,NULL,NULL,NULL,NULL,NULL,NULL
"2026-05-01","18:45","championship","scotland",2358,"Partick Thistle FC",2379,"Queens Park FC","id1000020661353199",NULL,NULL,NULL,NULL,NULL,NULL,NULL,NULL
"2026-05-01","18:45","championship","scotland",2364,"Ayr United FC",2348,"St. Johnstone FC","id1000020661353193",NULL,NULL,NULL,NULL,NULL,NULL,NULL,NULL
"2026-05-01","18:45","premier-league-women","northern-ireland",36706,"Glentoran Belfast",805844,"Lisburn Rangers","id1001948670271328",NULL,NULL,NULL,NULL,NULL,NULL,NULL,NULL
"2026-05-01","19:00","laliga-2","spain",2815,"Real Zaragoza",33779,"Granada CF","id1000005461623864",NULL,NULL,NULL,NULL,NULL,NULL,NULL,NULL
"2026-05-01","19:00","campeonato-brasileiro-women","brazil",263077,"Santos FC SP",425633,"SC Internacional RS","id1001509168215812",NULL,NULL,NULL,NULL,NULL,NULL,NULL,NULL
"2026-05-01","19:00","primera-division-women","chile",1067148,"Huachipato",1031431,"Coquimbo Unido","id1004228569254616",NULL,NULL,NULL,NULL,NULL,NULL,NULL,NULL
"2026-05-01","19:00","paulista-serie-a4","brazil",328167,"AA Internacional Bebedouro SP",413995,"Gremio Desportivo SC SP","id1003579570979582",NULL,NULL,NULL,NULL,NULL,NULL,NULL,NULL
"2026-05-01","19:00","premier-division","ireland",3177,"Shamrock Rovers",3194,"Waterford FC","id1000019266854024",NULL,NULL,NULL,NULL,NULL,NULL,NULL,NULL
"2026-05-01","19:00","division-profesional","bolivia",846036,"San Antonio Bulo Bulo",498412,"Independiente Petrolero","id1003398070379122",NULL,NULL,NULL,NULL,NULL,NULL,NULL,NULL
"2026-05-01","19:00","laliga","spain",24264,"Girona FC",2826,"RCD Mallorca","id1000000861624608",NULL,NULL,NULL,NULL,NULL,NULL,NULL,NULL
"2026-05-01","19:00","campeonato-brasileiro-women","brazil",552277,"Atletico Mineiro MG",552281,"Fluminense FC RJ","id1001509168215808",NULL,NULL,NULL,NULL,NULL,NULL,NULL,NULL
"2026-05-01","19:00","premier-division","ireland",3173,"Bohemians Dublin FC",3170,"Derry City FC","id1000019266854016",NULL,NULL,NULL,NULL,NULL,NULL,NULL,NULL
"2026-05-01","19:00","premier-league","england",34,"Leeds United",6,"Burnley FC","id1000001761301213",NULL,NULL,NULL,NULL,NULL,NULL,NULL,NULL
"2026-05-01","19:15","primera-federacion","spain",4489,"CF Algeciras",24329,"FC Cartagena","id1003483461687578",NULL,NULL,NULL,NULL,NULL,NULL,NULL,NULL
"2026-05-01","19:15","1-deild","iceland",7121,"HK Kopavogur",70092,"KF Aegir","id1000067568306794",NULL,NULL,NULL,NULL,NULL,NULL,NULL,NULL
"2026-05-01","19:15","1-deild","iceland",1910,"Throttur Reykjavik",1907,"IR Reykjavik","id1000067568306796",NULL,NULL,NULL,NULL,NULL,NULL,NULL,NULL
"2026-05-01","19:15","1-deild","iceland",41099,"Grotta",36057,"Leiknir Reykjavik","id1000067568306792",NULL,NULL,NULL,NULL,NULL,NULL,NULL,NULL
"2026-05-01","19:30","liga-portugal-2","portugal",74467,"Sporting Lisbon B",74465,"SL Benfica B","id1000023961732274",NULL,NULL,NULL,NULL,NULL,NULL,NULL,NULL
"2026-05-01","20:00","campeonato-brasileiro-women","brazil",263071,"Ferroviaria SP",782104,"Mixto EC MT","id1001509168215802",NULL,NULL,NULL,NULL,NULL,NULL,NULL,NULL
"2026-05-01","20:30","segunda-division","el-salvador",832436,"CD Inca",109319,"CD Dragon","id1003917371166812",NULL,NULL,NULL,NULL,NULL,NULL,NULL,NULL
"2026-05-01","20:30","liga-femenina","colombia",754633,"Llaneros FC",614000,"CDP Junior FC","id1003628170263280",NULL,NULL,NULL,NULL,NULL,NULL,NULL,NULL
"2026-05-01","20:45","division-de-honor-apertura","paraguay",39722,"Sportivo Trinidense",5992,"CS 2 de Mayo","id1002709868042458",NULL,NULL,NULL,NULL,NULL,NULL,NULL,NULL
"2026-05-01","21:00","camopeonato-femenino-women","paraguay",585621,"Sportivo Luqueno",585607,"Club Guarani","id1004675871188220",NULL,NULL,NULL,NULL,NULL,NULL,NULL,NULL
"2026-05-01","21:15","division-profesional","bolivia",7060,"Real Potosi",922485,"Cdt Real Oruro","id1003398070379124",NULL,NULL,NULL,NULL,NULL,NULL,NULL,NULL
"2026-05-01","22:00","premier-league","malta",5332,"Valletta FC",33583,"Hamrun Spartans FC","id1000062969998238",NULL,NULL,NULL,NULL,NULL,NULL,NULL,NULL
"2026-05-01","22:00","kvindeligaen-women","denmark",327199,"AGF Aarhus",278019,"Kolding IF","id1001419367149472",NULL,NULL,NULL,NULL,NULL,NULL,NULL,NULL
"2026-05-01","22:00","kvindeligaen-women","denmark",460433,"FC Nordsjaelland",634878,"HB Koege","id1001419367149470",NULL,NULL,NULL,NULL,NULL,NULL,NULL,NULL
"2026-05-01","22:00","campeonato-brasileiro-women","brazil",838430,"EC Juventude RS",552283,"Cruzeiro EC MG","id1001509168215800",NULL,NULL,NULL,NULL,NULL,NULL,NULL,NULL
"2026-05-01","22:00","premier-league","malta",7704,"Marsaxlokk FC",53755,"Naxxar Lions FC","id1000062969998160",NULL,NULL,NULL,NULL,NULL,NULL,NULL,NULL
"2026-05-01","22:00","kvindeligaen-women","denmark",1368,"Broendby IF",1367,"Dbk Fortuna Hjoerring","id1001419367149468",NULL,NULL,NULL,NULL,NULL,NULL,NULL,NULL
"2026-05-01","23:00","division-de-honor-apertura","paraguay",5996,"Libertad Asuncion",90972,"Sportivo San Lorenzo","id1002709868042456",NULL,NULL,NULL,NULL,NULL,NULL,NULL,NULL
"2026-05-01","23:00","1st-deild","faroe-islands",90976,"B36 Torshavn II",5188,"IF Fuglafjordur","id1000067467993550",NULL,NULL,NULL,NULL,NULL,NULL,NULL,NULL
"2026-05-01","23:00","1st-deild","faroe-islands",41017,"EB/Streymur II",36137,"HB Torshavn II","id1000067467993558",NULL,NULL,NULL,NULL,NULL,NULL,NULL,NULL
"2026-05-01","23:00","camopeonato-femenino-women","paraguay",585605,"Club Libertad",1334198,"Rubio Nu","id1004675871188222",NULL,NULL,NULL,NULL,NULL,NULL,NULL,NULL
"2026-05-01","23:00","1st-deild","faroe-islands",36140,"Vikingur Gota II",36139,"NSI Runavik II","id1000067467993556",NULL,NULL,NULL,NULL,NULL,NULL,NULL,NULL
"2026-05-01","23:00","primera-division-reserve-apertura","paraguay",311010,"Sportivo Trinidense",1098853,"Sportivo 2 de Mayo","id1002721471204436",NULL,NULL,NULL,NULL,NULL,NULL,NULL,NULL
"2026-05-01","23:00","usl-super-league-women","usa",1166963,"DC Power FC",1166961,"Dallas Trinity FC","id1004343962509046",NULL,NULL,NULL,NULL,NULL,NULL,NULL,NULL
"2026-05-01","23:00","usl-league-one","usa",23841,"Richmond Kickers",1218563,"Westchester SC","id1002816567171884",NULL,NULL,NULL,NULL,NULL,NULL,NULL,NULL
"2026-05-01","23:00","1st-deild","faroe-islands",36135,"B71 Sandoy",5191,"TB Tvoeroyri","id1000067467993552",NULL,NULL,NULL,NULL,NULL,NULL,NULL,NULL
"2026-05-01","23:30","canadian-premier-league","canada",543891,"Inter Toronto FC",684069,"Atletico Ottawa","id1002843268685972",NULL,NULL,NULL,NULL,NULL,NULL,NULL,NULL
"2026-05-02","00:00","national-league","new-zealand",732773,"Northern AFC",599896,"Coastal Spirit FC","id1000059469463258",NULL,NULL,NULL,NULL,NULL,NULL,NULL,NULL
"2026-05-02","00:00","campeonato-brasileiro-women","brazil",321491,"Gremio FB Porto Alegrense RS",260739,"SC Corinthians SP","id1001509168215798",NULL,NULL,NULL,NULL,NULL,NULL,NULL,NULL
"2026-05-02","00:00","ligapro-primera-a","ecuador",838486,"Libertad Loja",5249,"SD Aucas","id1000024068687614",NULL,NULL,NULL,NULL,NULL,NULL,NULL,NULL
"2026-05-02","00:00","liga-femenina","colombia",613972,"Atletico Nacional SA",621204,"Independiente Medellin","id1003628170263282",NULL,NULL,NULL,NULL,NULL,NULL,NULL,NULL
"2026-05-02","00:00","national-womens-soccer-league","usa",151006,"Houston Dash",151010,"Seattle Reign FC","id1000169067912020",NULL,NULL,NULL,NULL,NULL,NULL,NULL,NULL
"2026-05-02","00:30","national-league","new-zealand",887143,"Western Suburbs FC",182819,"Wellington Phoenix FC Reserve","id1000059469463088",NULL,NULL,NULL,NULL,NULL,NULL,NULL,NULL
"2026-05-02","00:30","division-honor","aruba",530431,"Dakota Aruba",221162,"SV Racing Club Aruba","id1005104670949508",NULL,NULL,NULL,NULL,NULL,NULL,NULL,NULL
"2026-05-02","01:00","u23-victoria-premier-league-1","australia",1097039,"Melbourne Knights FC",1097033,"Port Melbourne Sharks SC","id1004567568160906",NULL,NULL,NULL,NULL,NULL,NULL,NULL,NULL
"2026-05-02","01:15","national-league","new-zealand",726577,"Petone FC",42581,"Napier City Rovers AFC","id1000059469462588",NULL,NULL,NULL,NULL,NULL,NULL,NULL,NULL
"2026-05-02","01:15","u23-victoria-premier-league-1","australia",1097081,"North Sunshine Eagles FC",1097065,"FC Bulleen Lions","id1004567568160896",NULL,NULL,NULL,NULL,NULL,NULL,NULL,NULL
"2026-05-02","02:00","northern-nsw-npl-reserves","australia",740569,"Maitland FC Reserve",740595,"Charlestown Azzurri FC Reserve","id1004577167808434",NULL,NULL,NULL,NULL,NULL,NULL,NULL,NULL
"2026-05-02","02:00","mls-next-pro","usa",153490,"Ventura County FC",885975,"San Jose Earthquakes II","id1003647968156546",NULL,NULL,NULL,NULL,NULL,NULL,NULL,NULL
"2026-05-02","02:00","national-league","new-zealand",792254,"Wanaka AFC",792240,"Dunedin City Royals FC","id1000059469463254",NULL,NULL,NULL,NULL,NULL,NULL,NULL,NULL
"2026-05-02","02:00","victoria-npl-women","australia",795828,"Avondale FC",342698,"Box Hill United","id1001690468162344",NULL,NULL,NULL,NULL,NULL,NULL,NULL,NULL
"2026-05-02","02:00","northern-nsw-npl-reserves","australia",730343,"Lambton Jaffas FC Reserve",776846,"Belmont Swansea United FC Reserves","id1004577167808432",NULL,NULL,NULL,NULL,NULL,NULL,NULL,NULL
"2026-05-02","02:15","tasmania-northern-championship","australia",135960,"Northern Rangers",782290,"Ulverstone SC 2","id1004671670395772",NULL,NULL,NULL,NULL,NULL,NULL,NULL,NULL
"2026-05-02","02:15","south-australia-npl-reserves","australia",547979,"Playford City Reserve",550717,"Para Hills Knights SC Reserve","id1004564968049996",NULL,NULL,NULL,NULL,NULL,NULL,NULL,NULL
"2026-05-02","02:15","tasmania-northern-championship","australia",135960,"Northern Rangers",369284,"Ulverstone SC","id1004671668683180",NULL,NULL,NULL,NULL,NULL,NULL,NULL,NULL
"2026-05-02","02:15","south-australia-npl-reserves-women","australia",872855,"Modbury Vista Reserves",732167,"Adelaide University FC Reserve","id1004566368050972",NULL,NULL,NULL,NULL,NULL,NULL,NULL,NULL
"2026-05-02","02:15","tasmania-northern-championship","australia",782280,"Launceston United SC 2",443482,"Devonport City SC 2","id1004671668683182",NULL,NULL,NULL,NULL,NULL,NULL,NULL,NULL
"2026-05-02","02:30","national-league","new-zealand",728295,"Waterside Karori",42580,"Miramar Rangers","id1000059469462596",NULL,NULL,NULL,NULL,NULL,NULL,NULL,NULL
"2026-05-02","02:30","u20-victoria-npl-women","australia",1097109,"Alamein FC U20",1320600,"Spring Hills FC U20","id1004568168159776",NULL,NULL,NULL,NULL,NULL,NULL,NULL,NULL
"2026-05-02","02:30","u23-victoria-npl","australia",1097021,"Green Gully SC",1097013,"Oakleigh Cannons FC","id1004567368161286",NULL,NULL,NULL,NULL,NULL,NULL,NULL,NULL
"2026-05-02","02:30","u20-victoria-npl-women","australia",1320608,"Melbourne City U20",1097107,"Heidelberg United FC U20","id1004568168159780",NULL,NULL,NULL,NULL,NULL,NULL,NULL,NULL
"2026-05-02","02:30","u20-victoria-npl-women","australia",1097113,"Essendon Royals SC U20",1097101,"Preston Lions FC U20","id1004568168159778",NULL,NULL,NULL,NULL,NULL,NULL,NULL,NULL
"2026-05-02","02:30","k-league-1-srl","simulated-reality-league",777742,"Jeju United FC (Srl)",714195,"Jeonbuk Hyundai Motors SRL","id1003622571077456",NULL,NULL,NULL,NULL,NULL,NULL,NULL,NULL
"2026-05-02","02:30","k-league-1-srl","simulated-reality-league",1228969,"FC Anyang Srl",1327828,"Bucheon FC Srl","id1003622571077458",NULL,NULL,NULL,NULL,NULL,NULL,NULL,NULL
"2026-05-02","02:30","u23-victoria-premier-league-1","australia",1097057,"Langwarrin SC",1097061,"Western United FC","id1004567568160898",NULL,NULL,NULL,NULL,NULL,NULL,NULL,NULL
"2026-05-02","02:30","u23-capital-npl","australia",770190,"O'Connor Knights SC",730357,"Belconnen United FC","id1004990869195786",NULL,NULL,NULL,NULL,NULL,NULL,NULL,NULL
"2026-05-02","02:30","u23-nsw-npl-women","australia",1223327,"NWS Spirit FC",1223331,"Sydney University SFC","id1003331367694214",NULL,NULL,NULL,NULL,NULL,NULL,NULL,NULL
"2026-05-02","02:45","u23-capital-npl","australia",770196,"Queanbeyan City FC",730355,"Canberra Olympic FC","id1004990869195790",NULL,NULL,NULL,NULL,NULL,NULL,NULL,NULL
"2026-05-02","02:45","u20-victoria-npl-women","australia",1320604,"Keilor Park SC U20",1097093,"South Melbourne FC U20","id1004568168159782",NULL,NULL,NULL,NULL,NULL,NULL,NULL,NULL
"2026-05-02","02:45","u23-capital-npl","australia",770192,"Canberra White Eagles FC",770194,"Brindabella Blues FC","id1004990869195788",NULL,NULL,NULL,NULL,NULL,NULL,NULL,NULL
"2026-05-02","02:45","south-australia-state-league-1-reserves","australia",1319582,"Adelaide Atletico Victory Reserves",559070,"Modbury Jets SC Reserve","id1004565368050268",NULL,NULL,NULL,NULL,NULL,NULL,NULL,NULL
"2026-05-02","02:45","u23-capital-npl","australia",730353,"Tuggeranong United FC",730351,"Tigers FC","id1004990869195792",NULL,NULL,NULL,NULL,NULL,NULL,NULL,NULL
"2026-05-02","02:45","national-league","new-zealand",601346,"Ferrymead Bays",687377,"Selwyn United FC","id1000059469463256",NULL,NULL,NULL,NULL,NULL,NULL,NULL,NULL
"2026-05-02","03:00","national-league","new-zealand",792168,"Tauranga City AFC",786778,"Auckland United FC","id1000059469460566",NULL,NULL,NULL,NULL,NULL,NULL,NULL,NULL
"2026-05-02","03:00","national-league","new-zealand",388944,"East Coast Bays",1236583,"Auckland FC Reserves","id1000059469460570",NULL,NULL,NULL,NULL,NULL,NULL,NULL,NULL
"2026-05-02","03:00","national-league","new-zealand",792248,"Upper Hutt City FC",329249,"Wellington Olympic","id1000059469462598",NULL,NULL,NULL,NULL,NULL,NULL,NULL,NULL
"2026-05-02","03:00","u23-victoria-premier-league-1","australia",1097015,"Manningham United Blues FC",1261771,"Eltham Redbacks FC","id1004567568160900",NULL,NULL,NULL,NULL,NULL,NULL,NULL,NULL
"2026-05-02","03:00","u23-victoria-npl","australia",1097059,"Bentleigh Greens SC",1097035,"ST Albans Saints Dinamo SC","id1004567368161288",NULL,NULL,NULL,NULL,NULL,NULL,NULL,NULL
"2026-05-02","03:00","south-australia-state-league-2-reserves","australia",441428,"Western Strikers Reserve",1319598,"Adelaide Titans FC Reserve","id1004565568050680",NULL,NULL,NULL,NULL,NULL,NULL,NULL,NULL
"2026-05-02","03:00","u23-victoria-npl","australia",1097029,"Dandenong Thunder FC",1097067,"Preston Lions FC","id1004567368161290",NULL,NULL,NULL,NULL,NULL,NULL,NULL,NULL
"2026-05-02","03:00","national-league","new-zealand",215676,"Bay Olympic",6909,"Auckland City FC","id1000059469460568",NULL,NULL,NULL,NULL,NULL,NULL,NULL,NULL
"2026-05-02","03:00","south-australia-npl-reserves","australia",547977,"Sturt Lions Reserve",547103,"Adelaide United FC Reserves","id1004564968050000",NULL,NULL,NULL,NULL,NULL,NULL,NULL,NULL
"2026-05-02","03:00","national-league","new-zealand",182819,"Wellington Phoenix FC Reserve",887143,"Western Suburbs FC","id1000059469462600",NULL,NULL,NULL,NULL,NULL,NULL,NULL,NULL
"2026-05-02","03:15","south-australia-state-league-1-reserves","australia",610548,"South Adelaide Reserve",551841,"Adelaide Olympic FC Reserve","id1004565368050270",NULL,NULL,NULL,NULL,NULL,NULL,NULL,NULL
"2026-05-02","03:15","south-australia-state-league-2-reserves","australia",781176,"Port Adelaide Reserve",781170,"Gawler Easgles SC","id1004565568050498",NULL,NULL,NULL,NULL,NULL,NULL,NULL,NULL
"2026-05-02","03:15","south-australia-state-league-1-reserves","australia",678883,"Adelaide Cobras Reserves",1233319,"The Cove FC Reserves","id1004565368050272",NULL,NULL,NULL,NULL,NULL,NULL,NULL,NULL
"2026-05-02","03:15","south-australia-state-league-2-reserves","australia",735123,"Adelaide Hills Reserves",781172,"Mount Barker United SC Reserve","id1004565568050682",NULL,NULL,NULL,NULL,NULL,NULL,NULL,NULL
"2026-05-02","03:15","south-australia-state-league-1-reserves","australia",781180,"Salisbury United Reserve",797004,"Eastern United Reserve","id1004565368050276",NULL,NULL,NULL,NULL,NULL,NULL,NULL,NULL
"2026-05-02","03:15","south-australia-npl-reserves","australia",547105,"Campbelltown City SC Reserve",551807,"Croydon Kings FC Reserve","id1004564968050002",NULL,NULL,NULL,NULL,NULL,NULL,NULL,NULL
"2026-05-02","03:15","south-australia-npl-reserves-women","australia",739731,"Adelaide Comets FC Reserves",895465,"Campbelltown City SC Reserves","id1004566368050974",NULL,NULL,NULL,NULL,NULL,NULL,NULL,NULL
"2026-05-02","03:15","south-australia-state-league-1-reserves","australia",550713,"Adelaide Blue Eagles Reserves",686223,"Cumberland United Reserve","id1004565368050278",NULL,NULL,NULL,NULL,NULL,NULL,NULL,NULL
"2026-05-02","03:15","south-australia-state-league-2-reserves","australia",559076,"Noarlunga United Reserve",731691,"Vipers FC Reserves","id1004565568050684",NULL,NULL,NULL,NULL,NULL,NULL,NULL,NULL
"2026-05-02","03:15","south-australia-state-league-1-reserves","australia",433740,"Fulham United FC Reserve",551811,"Adelaide Croatia Raiders SC Reserve","id1004565368050274",NULL,NULL,NULL,NULL,NULL,NULL,NULL,NULL
"2026-05-02","03:45","south-australia-state-league-2-reserves","australia",781174,"Modbury Vista Reserve",1319586,"Barossa United Reserve","id1004565568050500",NULL,NULL,NULL,NULL,NULL,NULL,NULL,NULL
"2026-05-02","03:45","south-australia-state-league-2-reserves","australia",781178,"Northern Demons Reserve",1319594,"Elizabeth Grove Reserve","id1004565568050502",NULL,NULL,NULL,NULL,NULL,NULL,NULL,NULL
"2026-05-02","03:55","jleague","japan",34034,"Fagiano Okayama",3135,"Sanfrecce Hiroshima","id1000019667645036",NULL,NULL,NULL,NULL,NULL,NULL,NULL,NULL
"2026-05-02","04:00","tasmania-super-league-women","australia",330025,"Taroona",441436,"Riverside Olympic","id1003236568686914",NULL,NULL,NULL,NULL,NULL,NULL,NULL,NULL
"2026-05-02","04:00","northern-nsw-npl","australia",191636,"Maitland FC",136220,"Charlestown Azzurri FC","id1000163867807358",NULL,NULL,NULL,NULL,NULL,NULL,NULL,NULL
"2026-05-02","04:00","nadeshiko-league-div-1-women","japan",371242,"Ehime FC Ladies",371240,"AS Harima Albion","id1000252968728614",NULL,NULL,NULL,NULL,NULL,NULL,NULL,NULL
"2026-05-02","04:00","victoria-npl","australia",92927,"Hume City",142724,"Heidelberg United FC","id1000127568160094",NULL,NULL,NULL,NULL,NULL,NULL,NULL,NULL
"2026-05-02","04:00","nadeshiko-league-div-1-women","japan",522242,"NGU Loveledge Nagoya",340522,"Orca Kamogawa FC","id1000252968728612",NULL,NULL,NULL,NULL,NULL,NULL,NULL,NULL
"2026-05-02","04:00","2-liga-division-b-group-3","russia",610544,"Ska-Khabarovsk-2",107215,"FC Strogino Moscow","id1000109570228216",NULL,NULL,NULL,NULL,NULL,NULL,NULL,NULL
"2026-05-02","04:00","northern-nsw-npl","australia",136228,"Lambton Jaffas FC",265509,"Belmont Swansea United FC","id1000163867807356",NULL,NULL,NULL,NULL,NULL,NULL,NULL,NULL
"2026-05-02","04:00","northern-nsw-npl-reserves","australia",776854,"Cooks Hill United FC Reserve",740561,"Adamstown Rosebud FC Reserve","id1004577167808436",NULL,NULL,NULL,NULL,NULL,NULL,NULL,NULL
"2026-05-02","04:00","nsw-npl-1","australia",319451,"University of Nsw",92204,"Blacktown City FC","id1000127467690826",NULL,NULL,NULL,NULL,NULL,NULL,NULL,NULL
"2026-05-02","04:00","we-league-women","japan",249395,"Albirex Niigata",597684,"RB Omiya Ardija","id1003459067266602",NULL,NULL,NULL,NULL,NULL,NULL,NULL,NULL
"2026-05-02","04:00","2-liga-division-a","russia",817864,"Dynamo Vladivostok",460129,"PFC Kuban Krasnodar","id1004030569280758",NULL,NULL,NULL,NULL,NULL,NULL,NULL,NULL
"2026-05-02","04:00","tasmania-npl","australia",124524,"South Hobart FC",135952,"Devonport City SC","id1000162668680044",NULL,NULL,NULL,NULL,NULL,NULL,NULL,NULL
"2026-05-02","04:15","south-australia-state-league-2-reserves","australia",872859,"Adelaide University SC Reserves",735121,"Seaford Rangers FC Reserves","id1004565568050686",NULL,NULL,NULL,NULL,NULL,NULL,NULL,NULL
"2026-05-02","04:30","tasmania-npl","australia",135956,"Kingborough Lions United FC",135958,"Launceston City FC","id1000162668680050",NULL,NULL,NULL,NULL,NULL,NULL,NULL,NULL
"2026-05-02","04:30","tasmania-northern-championship","australia",415407,"Burnie United",782268,"Riverside Olympic FC 2","id1004671668683186",NULL,NULL,NULL,NULL,NULL,NULL,NULL,NULL
"2026-05-02","04:30","northern-nsw-npl-reserves","australia",730349,"Valentine FC Reserve",730347,"Newcastle Olympic FC Reserve","id1004577167808438",NULL,NULL,NULL,NULL,NULL,NULL,NULL,NULL
"2026-05-02","04:30","tasmania-npl","australia",135964,"Clarence Zebras FC",424559,"Riverside Olympic FC","id1000162668680046",NULL,NULL,NULL,NULL,NULL,NULL,NULL,NULL
"2026-05-02","04:30","tasmania-southern-championship","australia",424557,"University of Tasmania",782270,"South Hobart FC 2","id1004671868686516",NULL,NULL,NULL,NULL,NULL,NULL,NULL,NULL
"2026-05-02","04:30","tasmania-northern-championship","australia",384630,"Somerset",443484,"Launceston City FC 2","id1004671668683184",NULL,NULL,NULL,NULL,NULL,NULL,NULL,NULL
"2026-05-02","05:00","we-league-women","japan",322491,"Kanagawa Sagamihara",297312,"Chifure AS Elfen Saitama","id1003459067266600",NULL,NULL,NULL,NULL,NULL,NULL,NULL,NULL
"2026-05-02","05:00","western-australia-state-league-1-reserves","australia",431587,"Uwa Nedlands FC Reserves",789002,"Inglewood United Reserves","id1004992869768144",NULL,NULL,NULL,NULL,NULL,NULL,NULL,NULL
"2026-05-02","05:00","victoria-premier-league-2","australia",415431,"Bayside Argonauts FC",310464,"Nunawading City","id1000176068161674",NULL,NULL,NULL,NULL,NULL,NULL,NULL,NULL
"2026-05-02","05:00","victoria-npl","australia",189013,"Avondale FC",610642,"Caroline Springs George Cross FC","id1000127568160096",NULL,NULL,NULL,NULL,NULL,NULL,NULL,NULL
"2026-05-02","05:00","u23-victoria-premier-league-1","australia",1097071,"FC Melbourne Srbija",1097069,"Brunswick Juventus FC","id1004567568160902",NULL,NULL,NULL,NULL,NULL,NULL,NULL,NULL
"2026-05-02","05:00","western-australia-state-league-2-reserves","australia",789006,"Canning City FC Reserves",788994,"Carramar Shamrock Rovers Reserves","id1004993070869436",NULL,NULL,NULL,NULL,NULL,NULL,NULL,NULL
"2026-05-02","05:00","k-league-1","republic-of-korea",7653,"Ulsan HD FC",7650,"FC Pohang Steelers","id1000041067817656",NULL,NULL,NULL,NULL,NULL,NULL,NULL,NULL
"2026-05-02","05:00","victoria-premier-league-2","australia",142728,"Werribee City FC",142726,"Goulburn Valley Suns","id1000176068161676",NULL,NULL,NULL,NULL,NULL,NULL,NULL,NULL
"2026-05-02","05:00","western-australia-state-league-1-reserves","australia",894633,"Murdoch University Melville FC Reserves",452385,"Joondalop City FC Reserve","id1004992869768150",NULL,NULL,NULL,NULL,NULL,NULL,NULL,NULL
"2026-05-02","05:00","jleague","japan",3147,"FC Tokyo",5127,"Kawasaki Frontale","id1000019667645524",NULL,NULL,NULL,NULL,NULL,NULL,NULL,NULL
"2026-05-02","05:00","victoria-npl-women","australia",327453,"Keilor Park SC",311842,"South Melbourne FC","id1001690468162350",NULL,NULL,NULL,NULL,NULL,NULL,NULL,NULL
"2026-05-02","05:00","k-league-1","republic-of-korea",7646,"FC Seoul",7647,"Gimcheon Sangmu FC","id1000041067817654",NULL,NULL,NULL,NULL,NULL,NULL,NULL,NULL
"2026-05-02","05:00","western-australia-state-league-1-reserves","australia",371260,"Gwelup Croatia SC Reserves",1115005,"Cockburn City SC Reserves","id1004992869768146",NULL,NULL,NULL,NULL,NULL,NULL,NULL,NULL
"2026-05-02","05:00","capital-npl-1","australia",550721,"Canberra White Eagles FC",430675,"Brindabella Blues FC","id1000126069194890",NULL,NULL,NULL,NULL,NULL,NULL,NULL,NULL
"2026-05-02","05:00","nsw-premier-league-women","australia",562616,"NWS Spirit FC",462875,"Sydney University SFC","id1003235167692570",NULL,NULL,NULL,NULL,NULL,NULL,NULL,NULL
"2026-05-02","05:00","capital-npl-1","australia",91576,"Tuggeranong Utd",91572,"Tigers FC","id1000126069194896",NULL,NULL,NULL,NULL,NULL,NULL,NULL,NULL
"2026-05-02","05:00","u23-queensland-premier-league-1","australia",775774,"Logan Lightning",888487,"Broadbeach United","id1004553571098590",NULL,NULL,NULL,NULL,NULL,NULL,NULL,NULL
"2026-05-02","05:00","china-super-league-srl","simulated-reality-league",1004809,"Qingdao Hainiu FC Srl",733141,"Shanghai Port SRL","id1003622771077442",NULL,NULL,NULL,NULL,NULL,NULL,NULL,NULL
"2026-05-02","05:00","china-super-league-srl","simulated-reality-league",1228967,"Yunnan Yukun Srl",733101,"Beijing Guoan FC SRL","id1003622771077446",NULL,NULL,NULL,NULL,NULL,NULL,NULL,NULL
"2026-05-02","05:00","china-super-league-srl","simulated-reality-league",905627,"Zhejiang Professional Srl",1110169,"Shenzhen Peng City Srl","id1003622771077444",NULL,NULL,NULL,NULL,NULL,NULL,NULL,NULL
"2026-05-02","05:00","a-league","australia",1156423,"Auckland FC",42210,"Melbourne City FC","id1000013671094072",NULL,NULL,NULL,NULL,NULL,NULL,NULL,NULL
"2026-05-02","05:00","jleague-2","japan",281405,"Kochi United SC",223228,"FC Osaka","id1000040267648274",NULL,NULL,NULL,NULL,NULL,NULL,NULL,NULL
"2026-05-02","05:00","victoria-premier-league-1","australia",364602,"North Sunshine Eagles FC",181418,"FC Bulleen Lions","id1003236768160526",NULL,NULL,NULL,NULL,NULL,NULL,NULL,NULL
"2026-05-02","05:00","victoria-premier-league-women","australia",327457,"Bundoora United FC",1320594,"Ballarat City FC","id1004567168161976",NULL,NULL,NULL,NULL,NULL,NULL,NULL,NULL
"2026-05-02","05:00","k3-league","republic-of-korea",50935,"Pocheon Citizen FC",326141,"Yangpyeong FC","id1001512368916274",NULL,NULL,NULL,NULL,NULL,NULL,NULL,NULL
"2026-05-02","05:00","jleague-2","japan",3132,"Jubilo Iwata",345090,"Iwaki FC","id1000040267648112",NULL,NULL,NULL,NULL,NULL,NULL,NULL,NULL
"2026-05-02","05:00","jleague-2","japan",21905,"Shonan Bellmare",245541,"Tochigi City FC","id1000040267647954",NULL,NULL,NULL,NULL,NULL,NULL,NULL,NULL
"2026-05-02","05:00","jleague-2","japan",3148,"Vegalta Sendai",44523,"Blaublitz Akita","id1000040267647950",NULL,NULL,NULL,NULL,NULL,NULL,NULL,NULL
"2026-05-02","05:00","victoria-npl-women","australia",342702,"Alamein FC",569847,"Spring Hills FC","id1001690468162346",NULL,NULL,NULL,NULL,NULL,NULL,NULL,NULL
"2026-05-02","05:00","jleague","japan",3149,"Kyoto Sanga FC",3133,"Shimizu S-Pulse","id1000019667645038",NULL,NULL,NULL,NULL,NULL,NULL,NULL,NULL
"2026-05-02","05:00","wk-league","republic-of-korea",195550,"Mungyeong Sangmu Wfc",195552,"Seoul City WFC","id1000177269976246",NULL,NULL,NULL,NULL,NULL,NULL,NULL,NULL
"2026-05-02","05:00","jleague-2","japan",21907,"Tokushima Vortis",8060,"Ehime FC","id1000040267648272",NULL,NULL,NULL,NULL,NULL,NULL,NULL,NULL
"2026-05-02","05:00","k3-league","republic-of-korea",41262,"Changwon FC",418095,"Siheung Citizen FC","id1001512368916270",NULL,NULL,NULL,NULL,NULL,NULL,NULL,NULL
"2026-05-02","05:00","jleague-2","japan",7061,"Yokohama FC",190658,"SC Sagamihara","id1000040267647952",NULL,NULL,NULL,NULL,NULL,NULL,NULL,NULL
"2026-05-02","05:00","victoria-npl-women","australia",327455,"Essendon Royals SC",349654,"Preston Lions","id1001690468162348",NULL,NULL,NULL,NULL,NULL,NULL,NULL,NULL
"2026-05-02","05:00","k3-league","republic-of-korea",41255,"Busan Transportation Corporation FC",848759,"Dangjin Citizen","id1001512368916268",NULL,NULL,NULL,NULL,NULL,NULL,NULL,NULL
"2026-05-02","05:00","wk-league","republic-of-korea",195558,"Hwacheon KSPO FC",327287,"Gyeongju FC","id1000177269976244",NULL,NULL,NULL,NULL,NULL,NULL,NULL,NULL
"2026-05-02","05:00","jleague","japan",3137,"Yokohama F Marinos",21901,"Mito Hollyhock","id1000019667645526",NULL,NULL,NULL,NULL,NULL,NULL,NULL,NULL
"2026-05-02","05:00","k3-league","republic-of-korea",41259,"FC Mokpo",1233321,"Jeonbuk FC II","id1001512368916272",NULL,NULL,NULL,NULL,NULL,NULL,NULL,NULL
"2026-05-02","05:00","u23-victoria-npl","australia",1097037,"South Melbourne FC",1097043,"Melbourne City FC","id1004567368161292",NULL,NULL,NULL,NULL,NULL,NULL,NULL,NULL
"2026-05-02","05:00","capital-npl-1","australia",607414,"O'Connor Knights FC",91564,"Belconnen United","id1000126069194892",NULL,NULL,NULL,NULL,NULL,NULL,NULL,NULL
"2026-05-02","05:00","western-australia-state-league-1-reserves","australia",1115003,"Kingsley Westside FC",371276,"Subiaco AFC Reserve","id1004992869768148",NULL,NULL,NULL,NULL,NULL,NULL,NULL,NULL
"2026-05-02","05:00","jleague-2","japan",21904,"Sagan Tosu",441260,"Tegevajaro Miyazaki","id1000040267648430",NULL,NULL,NULL,NULL,NULL,NULL,NULL,NULL
"2026-05-02","05:00","capital-npl-1","australia",555286,"Queanbeyan City FC",91570,"Canberra Olympic","id1000126069194894",NULL,NULL,NULL,NULL,NULL,NULL,NULL,NULL
"2026-05-02","05:00","victoria-premier-league-1","australia",364592,"Langwarrin SC",791422,"Western United FC Youth","id1003236768160524",NULL,NULL,NULL,NULL,NULL,NULL,NULL,NULL
"2026-05-02","05:00","jleague-2","japan",21900,"FC Gifu",3142,"Hokkaido Consadole Sapporo","id1000040267648114",NULL,NULL,NULL,NULL,NULL,NULL,NULL,NULL
"2026-05-02","05:00","victoria-npl-women","australia",1320592,"Melbourne City Youth",342690,"Heidelberg United FC","id1001690468162352",NULL,NULL,NULL,NULL,NULL,NULL,NULL,NULL
"2026-05-02","05:15","south-australia-state-league-2-reserves","australia",1319648,"Ghan United Reserves",1319600,"Plympton FC Reserve","id1004565570753740",NULL,NULL,NULL,NULL,NULL,NULL,NULL,NULL
"2026-05-02","05:15","nsw-league-two","australia",429513,"South Coast Flame FC",336057,"Granville Rage","id1003235767692208",NULL,NULL,NULL,NULL,NULL,NULL,NULL,NULL
"2026-05-02","05:15","victoria-npl","australia",92923,"Dandenong Thunder",364598,"Preston Lions FC","id1000127568160100",NULL,NULL,NULL,NULL,NULL,NULL,NULL,NULL
"2026-05-02","05:15","victoria-premier-league-1","australia",364580,"Manningham United Blues",315369,"Eltham Redbacks FC","id1003236768160528",NULL,NULL,NULL,NULL,NULL,NULL,NULL,NULL
"2026-05-02","05:15","south-australia-npl-reserves","australia",877589,"FK Beograd Reserve",613488,"Adelaide Comets Reserves","id1004564968050004",NULL,NULL,NULL,NULL,NULL,NULL,NULL,NULL
"2026-05-02","05:15","south-australia-state-league-2","australia",90892,"Western Strikers",561356,"Adelaide Titans FC","id1004564168049390",NULL,NULL,NULL,NULL,NULL,NULL,NULL,NULL
"2026-05-02","05:30","south-australia-npl-women","australia",538647,"Adelaide Comets FC",399513,"Campbelltown City SC","id1001834068049792",NULL,NULL,NULL,NULL,NULL,NULL,NULL,NULL
"2026-05-02","05:30","tasmania-npl","australia",135954,"Glenorchy Knights FC",369284,"Ulverstone SC","id1000162668680048",NULL,NULL,NULL,NULL,NULL,NULL,NULL,NULL
"2026-05-02","05:30","u23-capital-npl","australia",730359,"Monaro Panthers FC",1244768,"Canberra Juventus FC","id1004990869195794",NULL,NULL,NULL,NULL,NULL,NULL,NULL,NULL
"2026-05-02","05:30","south-australia-state-league-2","australia",188105,"Port Adelaide Pirates",424579,"Gawler Eagles SC","id1004564168049162",NULL,NULL,NULL,NULL,NULL,NULL,NULL,NULL
"2026-05-02","05:30","south-australia-state-league-1","australia",424581,"Salisbury United",424585,"Eastern United","id1003395468051574",NULL,NULL,NULL,NULL,NULL,NULL,NULL,NULL
"2026-05-02","05:30","south-australia-state-league-1","australia",90872,"Adelaide Blue Eagles",90880,"Cumberland United","id1003395468051584",NULL,NULL,NULL,NULL,NULL,NULL,NULL,NULL
"2026-05-02","05:30","south-australia-state-league-2","australia",391580,"Adelaide Hills",424589,"Mount Barker United SC","id1004564168049394",NULL,NULL,NULL,NULL,NULL,NULL,NULL,NULL
"2026-05-02","05:30","south-australia-state-league-1","australia",137692,"South Adelaide FC",222968,"Adelaide Olympic FC","id1003395468051578",NULL,NULL,NULL,NULL,NULL,NULL,NULL,NULL
"2026-05-02","05:30","south-australia-npl","australia",222542,"Sturt Lions",240776,"Adelaide United FC","id1000125868048838",NULL,NULL,NULL,NULL,NULL,NULL,NULL,NULL
"2026-05-02","05:30","south-australia-state-league-1","australia",555270,"Fulham United FC",90888,"Adelaide Croatia Raiders SC","id1003395468051582",NULL,NULL,NULL,NULL,NULL,NULL,NULL,NULL
"2026-05-02","05:30","u20-victoria-npl-women","australia",1097111,"FC Bulleen Lions U20",1097099,"Boroondara-Carey Eagles U20","id1004568168159784",NULL,NULL,NULL,NULL,NULL,NULL,NULL,NULL
"2026-05-02","05:30","south-australia-state-league-1","australia",90876,"Adelaide Cobras",163604,"The Cove FC","id1003395468051580",NULL,NULL,NULL,NULL,NULL,NULL,NULL,NULL
"2026-05-02","05:30","south-australia-state-league-2","australia",424587,"Pontian Eagles SC",1319314,"Angle Vale","id1004564168049168",NULL,NULL,NULL,NULL,NULL,NULL,NULL,NULL
"2026-05-02","05:30","south-australia-state-league-1","australia",424625,"Adelaide Atletico VSC",188103,"Modbury Jets SC","id1003395468051576",NULL,NULL,NULL,NULL,NULL,NULL,NULL,NULL
"2026-05-02","05:30","australia-cup-preliminary","australia",391734,"Gold Coast Knights",434044,"Sunshine Coast Wanderers","id1004994870943906",NULL,NULL,NULL,NULL,NULL,NULL,NULL,NULL
"2026-05-02","05:45","south-australia-npl-women","australia",872853,"Modbury Vista",270761,"Adelaide University","id1001834068049794",NULL,NULL,NULL,NULL,NULL,NULL,NULL,NULL
"2026-05-02","06:00","u23-victoria-npl","australia",1097025,"Altona Magic SC",1097019,"Dandenong City SC","id1004567368161294",NULL,NULL,NULL,NULL,NULL,NULL,NULL,NULL
"2026-05-02","06:00","jleague","japan",3138,"Gamba Osaka",3146,"Vissel Kobe","id1000019667645040",NULL,NULL,NULL,NULL,NULL,NULL,NULL,NULL
"2026-05-02","06:00","queensland-npl-women","australia",406875,"Gold Coast United FC",682231,"Football Queensland QAS","id1001827067904722",NULL,NULL,NULL,NULL,NULL,NULL,NULL,NULL
"2026-05-02","06:00","u20-nsw-npl","australia",315509,"University of NSW",364622,"Blacktown City FC","id1003235367693022",NULL,NULL,NULL,NULL,NULL,NULL,NULL,NULL
"2026-05-02","06:00","south-australia-state-league-2","australia",424603,"Northern Demons",1319316,"Elizabeth Grove","id1004564168049164",NULL,NULL,NULL,NULL,NULL,NULL,NULL,NULL
"2026-05-02","06:00","jleague-2","japan",38141,"Gainare Tottori",38146,"Renofa Yamaguchi","id1000040267648432",NULL,NULL,NULL,NULL,NULL,NULL,NULL,NULL
"2026-05-02","06:00","nsw-npl-1","australia",92214,"Sutherland Sharks",2941,"Marconi Stallions","id1000127467690822",NULL,NULL,NULL,NULL,NULL,NULL,NULL,NULL
"2026-05-02","06:00","superleague-women","russia",328359,"Zhfk Yenisey Krasnoyarsk",255461,"CSKA Moscow","id1001363569592472",NULL,NULL,NULL,NULL,NULL,NULL,NULL,NULL
"2026-05-02","06:15","south-australia-npl-reserves","australia",551815,"West Adelaide SC Reserve",396504,"North Eastern Metrostars SC Reserves","id1004564968050006",NULL,NULL,NULL,NULL,NULL,NULL,NULL,NULL
"2026-05-02","06:15","u23-victoria-npl","australia",1097031,"Hume City FC",1097027,"Heidelberg United FC","id1004567368161296",NULL,NULL,NULL,NULL,NULL,NULL,NULL,NULL
"2026-05-02","06:30","national-league","new-zealand",792194,"Fencibles United FC",291970,"Eastern Suburbs AFC","id1000059469460574",NULL,NULL,NULL,NULL,NULL,NULL,NULL,NULL
"2026-05-02","06:30","u20-nsw-npl","australia",264425,"St George FC",733965,"Western Sydney Wanderers","id1003235367693014",NULL,NULL,NULL,NULL,NULL,NULL,NULL,NULL
"2026-05-02","06:30","nsw-league-one","australia",163424,"Hakoah",355216,"Canterbury Bankstown FC","id1003235567691566",NULL,NULL,NULL,NULL,NULL,NULL,NULL,NULL
"2026-05-02","06:30","northern-nsw-npl","australia",431879,"Cooks Hill United",136216,"Adamstown Rosebud FC","id1000163867807362",NULL,NULL,NULL,NULL,NULL,NULL,NULL,NULL
"2026-05-02","06:30","northern-nsw-npl","australia",244767,"Valentine FC",136224,"Newcastle Olympic FC","id1000163867807360",NULL,NULL,NULL,NULL,NULL,NULL,NULL,NULL
"2026-05-02","06:30","northern-territory-premier-league-women","australia",1333098,"Darwin Olympic SC",1336102,"Palmerston Rovers","id1004994670930056",NULL,NULL,NULL,NULL,NULL,NULL,NULL,NULL
"2026-05-02","06:30","national-league","new-zealand",597270,"Manukau United FC",390338,"Birkenhead United AFC","id1000059469460578",NULL,NULL,NULL,NULL,NULL,NULL,NULL,NULL
"2026-05-02","06:30","northern-territory-premier-league-women","australia",1336104,"Port Darwin FC",732739,"Casuarina FC","id1004994670930058",NULL,NULL,NULL,NULL,NULL,NULL,NULL,NULL
"2026-05-02","06:30","south-australia-npl","australia",424591,"Playford City",90886,"Para Hills Knights SC","id1000125868048840",NULL,NULL,NULL,NULL,NULL,NULL,NULL,NULL
"2026-05-02","06:30","nsw-league-one","australia",390314,"Northern Tigers",559102,"Bull FC Academy","id1003235567691568",NULL,NULL,NULL,NULL,NULL,NULL,NULL,NULL
"2026-05-02","06:45","tasmania-southern-championship","australia",782276,"Clarence Zebras FC 2",336313,"Hobart City FC","id1004671868686518",NULL,NULL,NULL,NULL,NULL,NULL,NULL,NULL
"2026-05-02","06:45","tasmania-npl","australia",440148,"Launceston United SC",547123,"South East United FC","id1000162668680052",NULL,NULL,NULL,NULL,NULL,NULL,NULL,NULL
"2026-05-02","07:00","nsw-npl-1","australia",316737,"SD Raiders FC",92202,"APIA Leichhardt","id1000127467690824",NULL,NULL,NULL,NULL,NULL,NULL,NULL,NULL
"2026-05-02","07:00","western-australia-state-league-1","australia",426859,"Kingsley Westside FC",141536,"Subiaco AFC","id1004672069767578",NULL,NULL,NULL,NULL,NULL,NULL,NULL,NULL
"2026-05-02","07:00","nsw-league-two","australia",429677,"Bankstown United FC",312454,"Gladesville Ryde Magic","id1003235767692212",NULL,NULL,NULL,NULL,NULL,NULL,NULL,NULL
"2026-05-02","07:00","western-australia-state-league-1","australia",254841,"UWA Nedlands FC",92028,"Inglewood United","id1004672069767574",NULL,NULL,NULL,NULL,NULL,NULL,NULL,NULL
"2026-05-02","07:00","china-league-1","china",1110197,"Dalian Kun City",1110241,"Foshan Nanshi FC","id1000078269455832",NULL,NULL,NULL,NULL,NULL,NULL,NULL,NULL
"2026-05-02","07:00","queensland-premier-league-1-women","australia",344384,"Logan Lightning",344386,"Mitchelton FC","id1004554767904934",NULL,NULL,NULL,NULL,NULL,NULL,NULL,NULL
"2026-05-02","07:00","nsw-league-one","australia",171998,"Bankstown City FC",312452,"Inter Lions FC","id1003235567691570",NULL,NULL,NULL,NULL,NULL,NULL,NULL,NULL
"2026-05-02","07:00","nsw-league-one","australia",332307,"Dulwich Hill",136234,"Newcastle Jets Youth","id1003235567691574",NULL,NULL,NULL,NULL,NULL,NULL,NULL,NULL
"2026-05-02","07:00","queensland-premier-league-1-women","australia",342728,"The Gap FC",275257,"Peninsula Power FC","id1004554767904936",NULL,NULL,NULL,NULL,NULL,NULL,NULL,NULL
"2026-05-02","07:00","nsw-league-one","australia",340452,"Hills United FC Brumbies",264397,"Western City Rangers FC","id1003235567691572",NULL,NULL,NULL,NULL,NULL,NULL,NULL,NULL
"2026-05-02","07:00","jleague","japan",3145,"Urawa Red Diamonds",3144,"JEF United Chiba","id1000019667645528",NULL,NULL,NULL,NULL,NULL,NULL,NULL,NULL
"2026-05-02","07:00","western-australia-state-league-1-reserves","australia",431597,"Mandurah City FC Reserves",1242317,"Curtin University SC Reserves","id1004992869768152",NULL,NULL,NULL,NULL,NULL,NULL,NULL,NULL
"2026-05-02","07:00","premier-league","mongolia",331539,"Khangarid",219294,"Khoromkhon FC","id1002862370993618",NULL,NULL,NULL,NULL,NULL,NULL,NULL,NULL
"2026-05-02","07:00","nsw-league-two","australia",429673,"Central Coast United FC",242396,"Fraser Park FC","id1003235767692214",NULL,NULL,NULL,NULL,NULL,NULL,NULL,NULL
"2026-05-02","07:00","turkey-super-lig-srl","simulated-reality-league",1039255,"Samsunspor Srl",697163,"Galatasaray SK SRL","id1003222571113820",NULL,NULL,NULL,NULL,NULL,NULL,NULL,NULL
"2026-05-02","07:00","western-australia-state-league-1-reserves","australia",576321,"Quinns FC Reserve",789012,"Floreat Athena FC Reserves","id1004992869768154",NULL,NULL,NULL,NULL,NULL,NULL,NULL,NULL
"2026-05-02","07:00","national-league","new-zealand",786770,"Melville United AFC",597272,"Western Springs AFC","id1000059469460572",NULL,NULL,NULL,NULL,NULL,NULL,NULL,NULL
"2026-05-02","07:00","nsw-league-two","australia",317839,"Hawkesbury City SC",429651,"Nepean FC","id1003235767692210",NULL,NULL,NULL,NULL,NULL,NULL,NULL,NULL
"2026-05-02","07:00","victoria-premier-league-1","australia",180870,"North Geelong Warriors FC",243492,"Brunswick City SC","id1003236768160530",NULL,NULL,NULL,NULL,NULL,NULL,NULL,NULL
"2026-05-02","07:00","western-australia-state-league-1","australia",319267,"Gwelup Croatia SC",92022,"Cockburn City","id1004672069767576",NULL,NULL,NULL,NULL,NULL,NULL,NULL,NULL
"2026-05-02","07:00","u20-nsw-npl","australia",316663,"St George City FA",264415,"Sydney FC","id1003235367693016",NULL,NULL,NULL,NULL,NULL,NULL,NULL,NULL
"2026-05-02","07:00","premier-league","hong-kong-china",475194,"Tai Po FC",42199,"Kitchee","id1000094770813612",NULL,NULL,NULL,NULL,NULL,NULL,NULL,NULL
"2026-05-02","07:00","victoria-premier-league-2","australia",364590,"Malvern City FC",310918,"Springvale White Eagles","id1000176068161678",NULL,NULL,NULL,NULL,NULL,NULL,NULL,NULL
"2026-05-02","07:00","china-league-1","china",793018,"Yanbian Longding",793008,"Wuxi Wugou","id1000078269455836",NULL,NULL,NULL,NULL,NULL,NULL,NULL,NULL
"2026-05-02","07:00","western-australia-state-league-2","australia",254839,"Canning City",806790,"Carramar Shamrock Rovers FC","id1004992470870080",NULL,NULL,NULL,NULL,NULL,NULL,NULL,NULL
"2026-05-02","07:00","western-australia-state-league-1","australia",431887,"Murdoch University Melville FC",544767,"Joondalup City","id1004672069767580",NULL,NULL,NULL,NULL,NULL,NULL,NULL,NULL
"2026-05-02","07:00","eredivisie-srl","simulated-reality-league",1039257,"NEC Nijmegen Srl",1272214,"SC Telstar Srl","id1003237771077416",NULL,NULL,NULL,NULL,NULL,NULL,NULL,NULL
"2026-05-02","07:15","south-australia-state-league-2-reserves","australia",781168,"Pontian Eagles SC Reserve",1319584,"Angle Vale Reserve","id1004565568050504",NULL,NULL,NULL,NULL,NULL,NULL,NULL,NULL
"2026-05-02","07:15","nsw-league-one","australia",1223357,"South Coast Flame FC",1223353,"Nepean FC","id1003331567694574",NULL,NULL,NULL,NULL,NULL,NULL,NULL,NULL
"2026-05-02","07:30","mulan-football-league-women","chinese-taipei",1258245,"Valkyrie",702865,"New Taipei Hang Yuen","id1004263167012506",NULL,NULL,NULL,NULL,NULL,NULL,NULL,NULL
"2026-05-02","07:30","mulan-football-league-women","chinese-taipei",698247,"Taichung Blue Whale",698249,"Kaohsiung Attackers","id1004263167012504",NULL,NULL,NULL,NULL,NULL,NULL,NULL,NULL
"2026-05-02","07:30","u17-afc-asian-cup-women","international-youth",36913,"Japan",1296087,"Lebanon U17","id1003369268938836",NULL,NULL,NULL,NULL,NULL,NULL,NULL,NULL
"2026-05-02","07:30","nsw-npl-1","australia",2943,"NWS Spirit",92208,"Manly United FC","id1000127467690828",NULL,NULL,NULL,NULL,NULL,NULL,NULL,NULL
"2026-05-02","07:30","k-league-1","republic-of-korea",7649,"Jeju SK FC",6908,"Jeonbuk FC","id1000041067817660",NULL,NULL,NULL,NULL,NULL,NULL,NULL,NULL
"2026-05-02","07:30","k-league-1","republic-of-korea",7648,"Incheon United FC",34220,"Gangwon FC","id1000041067817658",NULL,NULL,NULL,NULL,NULL,NULL,NULL,NULL
"2026-05-02","07:30","south-australia-state-league-2","australia",424629,"Ghan Kilburn SC",1319324,"Plympton FC","id1004564168049396",NULL,NULL,NULL,NULL,NULL,NULL,NULL,NULL
"2026-05-02","07:30","south-australia-state-league-women","australia",1276610,"Western Strikes",982929,"Elizabeth Grove","id1004564768049586",NULL,NULL,NULL,NULL,NULL,NULL,NULL,NULL
"2026-05-02","07:30","u17-afc-asian-cup-women","international-youth",36914,"Republic of Korea",1112409,"Philippines","id1003369268938848",NULL,NULL,NULL,NULL,NULL,NULL,NULL,NULL
"2026-05-02","07:30","south-australia-npl","australia",90894,"FK Beograd",90870,"Adelaide Comets FC","id1000125868048842",NULL,NULL,NULL,NULL,NULL,NULL,NULL,NULL
"2026-05-02","07:45","south-australia-state-league-2","australia",424611,"Modbury Vista",1319312,"Barossa United","id1004564168049166",NULL,NULL,NULL,NULL,NULL,NULL,NULL,NULL
"2026-05-02","07:45","capital-npl-1","australia",91574,"Monaro Panthers FC",1244770,"Canberra Juventus FC","id1000126069194898",NULL,NULL,NULL,NULL,NULL,NULL,NULL,NULL
"2026-05-02","07:45","victoria-npl-women","australia",342694,"FC Bulleen Lions",349638,"Boroondara Eagles","id1001690468162354",NULL,NULL,NULL,NULL,NULL,NULL,NULL,NULL
"2026-05-02","07:45","tasmania-super-league-women","australia",777306,"Glenorchy Knights",330359,"Kingborough Lions United FC","id1003236568686916",NULL,NULL,NULL,NULL,NULL,NULL,NULL,NULL
"2026-05-02","08:00","diski-challenge-reserves","south-africa",509994,"Siwelele FC",834576,"Sekhukhune United","id1004866363514625",NULL,NULL,NULL,NULL,NULL,NULL,NULL,NULL
"2026-05-02","08:00","diski-challenge-reserves","south-africa",511870,"Durban City",764068,"AmaZulu","id1004866363514623",NULL,NULL,NULL,NULL,NULL,NULL,NULL,NULL
"2026-05-02","08:00","queensland-premier-league-3-metro","australia",871907,"Yeronga Eagles FC",91138,"Ipswich Knights","id1004552567904408",NULL,NULL,NULL,NULL,NULL,NULL,NULL,NULL
"2026-05-02","08:00","liga-2","romania",24804,"Asa Targu Mures",3303,"CSM Ceahlaul Piatra Neamt","id1000056269910374",NULL,NULL,NULL,NULL,NULL,NULL,NULL,NULL
"2026-05-02","08:00","u19-prva-nl-juniori","croatia",687265,"NK Mladost Zdralovi",265685,"NK Varazdin","id1004806062415622",NULL,NULL,NULL,NULL,NULL,NULL,NULL,NULL
"2026-05-02","08:00","u19-league","serbia",609998,"TSC Backa Topola",904567,"OFK Vrsac","id1004829162876703",NULL,NULL,NULL,NULL,NULL,NULL,NULL,NULL
"2026-05-02","08:00","u19-prva-nl-juniori","croatia",372482,"Lokomotiva Zagreb",155470,"HNK Rijeka","id1004806062415618",NULL,NULL,NULL,NULL,NULL,NULL,NULL,NULL
"2026-05-02","08:00","queensland-premier-league-1-women","australia",1098165,"Moreton City Excelsior",344390,"Virginia United","id1004554767904940",NULL,NULL,NULL,NULL,NULL,NULL,NULL,NULL
"2026-05-02","08:00","liga-2","romania",1173057,"ACS FC Bacau",344214,"CSC Dumbravita","id1000056269910430",NULL,NULL,NULL,NULL,NULL,NULL,NULL,NULL
"2026-05-02","08:00","diski-challenge-reserves","south-africa",546743,"Chippa United FC",509996,"Orlando Pirates","id1004866363514621",NULL,NULL,NULL,NULL,NULL,NULL,NULL,NULL
"2026-05-02","08:00","liga-2","romania",55371,"ACSM Resita",594700,"CSC 1599 Selimbar","id1000056269910432",NULL,NULL,NULL,NULL,NULL,NULL,NULL,NULL
"2026-05-02","08:00","queensland-premier-league-2","australia",187263,"Mitchelton FC",326201,"Brisbane Knights","id1003395067904132",NULL,NULL,NULL,NULL,NULL,NULL,NULL,NULL
"2026-05-02","08:00","u19-league","serbia",1276092,"Usce Novi Beograd U19",369760,"FK Novi Pazar","id1004829162876709",NULL,NULL,NULL,NULL,NULL,NULL,NULL,NULL
"2026-05-02","08:00","u19-league","serbia",285103,"FC Cukaricki",369772,"Partizan Belgrad","id1004829162876711",NULL,NULL,NULL,NULL,NULL,NULL,NULL,NULL
"2026-05-02","08:00","liga-2","romania",936539,"AFC Campulung Muscel 2022",912413,"CS Dinamo Bucuresti","id1000056269910376",NULL,NULL,NULL,NULL,NULL,NULL,NULL,NULL
"2026-05-02","08:00","u19-league","serbia",610002,"FK Graficar",369748,"Borac 1926 Cacak","id1004829162876701",NULL,NULL,NULL,NULL,NULL,NULL,NULL,NULL
"2026-05-02","08:00","queensland-npl-women","australia",989667,"Gold Coast Knights",272447,"Olympic FC Brisbane","id1001827067904724",NULL,NULL,NULL,NULL,NULL,NULL,NULL,NULL
"2026-05-02","08:00","queensland-premier-league-3-metro","australia",244574,"North Pine",408617,"Logan Roos FC","id1004552567904410",NULL,NULL,NULL,NULL,NULL,NULL,NULL,NULL
"2026-05-02","08:00","liga-2","romania",79091,"CS Afumati",24790,"CS Concordia Chiajna","id1000056269910428",NULL,NULL,NULL,NULL,NULL,NULL,NULL,NULL
"2026-05-02","08:00","cfl","czechia",602162,"FK Pribram B",25417,"FC Pisek","id1001415166613702",NULL,NULL,NULL,NULL,NULL,NULL,NULL,NULL
"2026-05-02","08:00","victoria-premier-league-women","australia",342686,"Southern United",349644,"Eltham Redbacks","id1004567168161978",NULL,NULL,NULL,NULL,NULL,NULL,NULL,NULL
"2026-05-02","08:00","queensland-premier-league-3-metro","australia",346774,"Moggill FC",313119,"North Brisbane FC","id1004552567904406",NULL,NULL,NULL,NULL,NULL,NULL,NULL,NULL
"2026-05-02","08:00","u19-prva-nl-juniori","croatia",155476,"GNK Dinamo Zagreb",591387,"HNK Gorica","id1004806062415612",NULL,NULL,NULL,NULL,NULL,NULL,NULL,NULL
"2026-05-02","08:00","u19-league","serbia",369766,"FK Vojvodina Novi Sad",610000,"Mladost Lucani","id1004829162876713",NULL,NULL,NULL,NULL,NULL,NULL,NULL,NULL
"2026-05-02","08:00","tercera-federacion-group-13","spain-amateur",1216999,"Atletico Santa Cruz",24359,"Real Murcia Imperial FC","id1002604263146725",NULL,NULL,NULL,NULL,NULL,NULL,NULL,NULL
"2026-05-02","08:00","k3-league","republic-of-korea",708353,"Yeoju FC",326145,"Chuncheon FC","id1001512368916276",NULL,NULL,NULL,NULL,NULL,NULL,NULL,NULL
"2026-05-02","08:00","liga-2","romania",276385,"ACS Sepsi OSK Sfantu Gheorghe",35293,"FC Corvinul Hunedoara 1921","id1000056269910268",NULL,NULL,NULL,NULL,NULL,NULL,NULL,NULL
"2026-05-02","08:00","u19-league","serbia",369758,"FK Napredak Krusevac",206249,"FK Crvena Zvezda","id1004829162876715",NULL,NULL,NULL,NULL,NULL,NULL,NULL,NULL
"2026-05-02","08:00","queensland-premier-league-1-women","australia",352006,"Caboolture FC",585509,"Grange Thistle","id1004554767904938",NULL,NULL,NULL,NULL,NULL,NULL,NULL,NULL
"2026-05-02","08:00","u19-league","serbia",369768,"FK Vozdovac",725013,"FK IMT","id1004829162876707",NULL,NULL,NULL,NULL,NULL,NULL,NULL,NULL
"2026-05-02","08:00","liga-2","romania",594740,"Csm Olimpia Satu Mare",55387,"CS Tunari","id1000056269910434",NULL,NULL,NULL,NULL,NULL,NULL,NULL,NULL
"2026-05-02","08:00","diski-challenge-reserves","south-africa",629372,"Stellenbosch FC",834572,"Marumo Gallants","id1004866363514627",NULL,NULL,NULL,NULL,NULL,NULL,NULL,NULL
"2026-05-02","08:00","queensland-premier-league-3-metro","australia",346776,"MT Gravatt Hawks",408619,"Springfield United","id1004552567904412",NULL,NULL,NULL,NULL,NULL,NULL,NULL,NULL
"2026-05-02","08:00","chinese-super-league-women","china",380882,"Beijing WFC",380902,"Liaoning Shenbei Hefeng","id1001926471000950",NULL,NULL,NULL,NULL,NULL,NULL,NULL,NULL
"2026-05-02","08:00","chinese-super-league-women","china",739537,"Shanghai Shengli",380912,"Guangxi Pingguo","id1001926471000952",NULL,NULL,NULL,NULL,NULL,NULL,NULL,NULL
"2026-05-02","08:00","u19-premier-league","israel",307296,"Hapoel Nir Ramat Hasharon",307312,"Bnei Yehuda Tel Aviv","id1003619571143254",NULL,NULL,NULL,NULL,NULL,NULL,NULL,NULL
"2026-05-02","08:00","serie-a-srl","simulated-reality-league",1173105,"Como 1907 Srl",696853,"SSC Napoli SRL","id1003222171077374",NULL,NULL,NULL,NULL,NULL,NULL,NULL,NULL
"2026-05-02","08:00","liga-2","romania",5334,"CSM Politehnica Iasi",489628,"CS Gloria 2018 Bistrita-Nasaud","id1000056269910370",NULL,NULL,NULL,NULL,NULL,NULL,NULL,NULL
"2026-05-02","08:00","u19-league","serbia",369746,"OFK Belgrade",391830,"FK Spartak Subotica","id1004829162876705",NULL,NULL,NULL,NULL,NULL,NULL,NULL,NULL
"2026-05-02","08:00","queensland-premier-league-2","australia",187261,"Taringa Rovers SFC",313135,"Caloundra FC","id1003395067904130",NULL,NULL,NULL,NULL,NULL,NULL,NULL,NULL
"2026-05-02","08:00","liga-2","romania",371176,"AFC Metalul Buzau",54689,"CSM Slatina","id1000056269910372",NULL,NULL,NULL,NULL,NULL,NULL,NULL,NULL
"2026-05-02","08:15","cfl","czechia",607062,"FK Mlada Boleslav B",607060,"FC Hradec Kralove B","id1001415166614034",NULL,NULL,NULL,NULL,NULL,NULL,NULL,NULL
"2026-05-02","08:15","divize-b","czechia",924331,"Tj Spoje Praha",564850,"SK Ujezd Praha 4","id1004072966606280",NULL,NULL,NULL,NULL,NULL,NULL,NULL,NULL
"2026-05-02","08:15","divize-d","czechia",556460,"FC Kurim",618700,"SK Artis B","id1004073366053976",NULL,NULL,NULL,NULL,NULL,NULL,NULL,NULL
"2026-05-02","08:15","divize-b","czechia",1154883,"SK Rapid Psary",106319,"SK Steti","id1004072966606278",NULL,NULL,NULL,NULL,NULL,NULL,NULL,NULL
"2026-05-02","08:15","fnl","czechia",36741,"MFK Chrudim",4866,"Sparta Prague B","id1000020561326599",NULL,NULL,NULL,NULL,NULL,NULL,NULL,NULL
"2026-05-02","08:15","queensland-premier-league-3-metro","australia",214572,"Newmarket SFC",981883,"North Lakes United","id1004552567904414",NULL,NULL,NULL,NULL,NULL,NULL,NULL,NULL
"2026-05-02","08:15","victoria-npl","australia",151492,"Altona Magic SC",243494,"Dandenong City SC","id1000127568160104",NULL,NULL,NULL,NULL,NULL,NULL,NULL,NULL
"2026-05-02","08:15","victoria-premier-league-1","australia",396548,"FC Melbourne Srbija",388184,"Brunswick Juventus FC","id1003236768160532",NULL,NULL,NULL,NULL,NULL,NULL,NULL,NULL
"2026-05-02","08:15","u20-nsw-npl","australia",364626,"Sutherland Sharks FC",264413,"Marconi Stallions FC","id1003235367693018",NULL,NULL,NULL,NULL,NULL,NULL,NULL,NULL
"2026-05-02","08:30","superleague-women","russia",26242,"Zvezda-2005 Perm",431249,"Lokomotiv Moscow","id1001363569592468",NULL,NULL,NULL,NULL,NULL,NULL,NULL,NULL
"2026-05-02","08:30","australia-cup-preliminary","australia",427287,"Darwin Hearts FC",427289,"Azzurri United FC","id1004994871051726",NULL,NULL,NULL,NULL,NULL,NULL,NULL,NULL
"2026-05-02","08:30","northern-territory-premier-league","australia",427291,"Port Darwin FC",427289,"Azzurri United FC","id1004994071127886",NULL,NULL,NULL,NULL,NULL,NULL,NULL,NULL
"2026-05-02","08:30","u20-nsw-premier-league-2","australia",364616,"Hakoah Sydney City East FC",395540,"Canterbury Bankstown Berries","id1003330767693508",NULL,NULL,NULL,NULL,NULL,NULL,NULL,NULL
"2026-05-02","08:30","liga-2","indonesia",881555,"Adhyaksa Farmel FC",34319,"Sriwijaya FC","id1002056068646378",NULL,NULL,NULL,NULL,NULL,NULL,NULL,NULL
"2026-05-02","08:30","divize-b","czechia",1056905,"FK Usti Nad Labem II",2233,"FC Chomutov","id1004072966606276",NULL,NULL,NULL,NULL,NULL,NULL,NULL,NULL
"2026-05-02","08:30","divize-d","czechia",43192,"FC Sparta Brno",338869,"FC Slovan Havlickuv Brod","id1004073366053972",NULL,NULL,NULL,NULL,NULL,NULL,NULL,NULL
"2026-05-02","08:30","northern-territory-premier-league-reserves","australia",1339870,"Palmerston Rovers FC Reserves",1339864,"Garuda FC Reserves","id1004994470934626",NULL,NULL,NULL,NULL,NULL,NULL,NULL,NULL
"2026-05-02","08:30","u19-1st-division","czechia",72470,"FC Slovan Liberec",44162,"Sigma Olomouc","id1000082266601844",NULL,NULL,NULL,NULL,NULL,NULL,NULL,NULL
"2026-05-02","08:30","liga-2","indonesia",1288501,"Sumsel United",623604,"Persekat Kabupaten Tegal","id1002056068646380",NULL,NULL,NULL,NULL,NULL,NULL,NULL,NULL
"2026-05-02","08:30","u20-nsw-premier-league-2","australia",264411,"Northern Tigers FC",771190,"Bulls FC Academy","id1003330767693512",NULL,NULL,NULL,NULL,NULL,NULL,NULL,NULL
"2026-05-02","08:30","south-australia-npl","australia",137694,"West Adelaide SC",90884,"North Eastern Metrostars SC","id1000125868048844",NULL,NULL,NULL,NULL,NULL,NULL,NULL,NULL
"2026-05-02","08:30","cfl","czechia",624248,"SK Dynamo Ceske Budejovice B",603560,"FC Viktoria Plzen B","id1001415166613712",NULL,NULL,NULL,NULL,NULL,NULL,NULL,NULL
"2026-05-02","08:30","cfl","czechia",424793,"FK Velke Hamry",34789,"FK Varnsdorf","id1001415166614040",NULL,NULL,NULL,NULL,NULL,NULL,NULL,NULL
"2026-05-02","08:30","liga-1","indonesia",76319,"Persebaya Surabaya",331325,"PSBS Biak","id1000101562083136",NULL,NULL,NULL,NULL,NULL,NULL,NULL,NULL
"2026-05-02","08:30","liga-2","indonesia",857165,"Garuda Yaksa",1089137,"Persikad Depok","id1002056068646376",NULL,NULL,NULL,NULL,NULL,NULL,NULL,NULL
"2026-05-02","08:30","divize-a","czechia",1114069,"Tj Ligmet Milin",53088,"SK Benesov","id1004072766605590",NULL,NULL,NULL,NULL,NULL,NULL,NULL,NULL
"2026-05-02","08:30","divize-a","czechia",355236,"FK Komarov",24777,"SK Horovice","id1004072766605586",NULL,NULL,NULL,NULL,NULL,NULL,NULL,NULL
"2026-05-02","08:30","liga-2","indonesia",935811,"FC Bekasi City",64307,"PSPS Pekanbaru","id1002056068646382",NULL,NULL,NULL,NULL,NULL,NULL,NULL,NULL
"2026-05-02","08:30","nsw-npl-1","australia",138216,"St George Saints FC",264399,"Western Sydney Youth","id1000127467690830",NULL,NULL,NULL,NULL,NULL,NULL,NULL,NULL
"2026-05-02","08:45","liga-a1","malaysia",1273668,"Immigration FC II",61990,"Perak FC","id1004312562204926",NULL,NULL,NULL,NULL,NULL,NULL,NULL,NULL
"2026-05-02","08:45","liga-a1","malaysia",3339,"Kedah Darul Aman",1273674,"Kelantan Red Warrior FC","id1004312562204924",NULL,NULL,NULL,NULL,NULL,NULL,NULL,NULL
"2026-05-02","08:45","liga-a1","malaysia",1273678,"Seoul Phoenix FC",1273680,"Um Damansara United","id1004312562204922",NULL,NULL,NULL,NULL,NULL,NULL,NULL,NULL
"2026-05-02","08:45","liga-a1","malaysia",1273668,"Immigration FC II",1317516,"Perak FA","id1004312567731410",NULL,NULL,NULL,NULL,NULL,NULL,NULL,NULL
"2026-05-02","09:00","u19-dfb-nachwuchsliga","germany-amateur",43723,"1. FC Kaiserslautern",43697,"Energie Cottbus","id1002470271168922",NULL,NULL,NULL,NULL,NULL,NULL,NULL,NULL
"2026-05-02","09:00","u19-1-liga","slovakia",110757,"Slovan Bratislava",110747,"FC Kosice","id1000132761684010",NULL,NULL,NULL,NULL,NULL,NULL,NULL,NULL
"2026-05-02","09:00","srpska-liga","serbia",294328,"FK Gsp Polet Dorcol",369134,"FK Jedinstvo Surcin","id1004821366053428",NULL,NULL,NULL,NULL,NULL,NULL,NULL,NULL
"2026-05-02","09:00","u19-1-liga","slovakia",110749,"MFK Ruzomberok",110737,"AS Trencin","id1000132761684006",NULL,NULL,NULL,NULL,NULL,NULL,NULL,NULL
"2026-05-02","09:00","western-australia-state-league-1","australia",424635,"Quinns FC",92026,"Floreat Athena","id1004672069767584",NULL,NULL,NULL,NULL,NULL,NULL,NULL,NULL
"2026-05-02","09:00","u19-dfb-nachwuchsliga","germany-amateur",74429,"Stuttgarter Kickers",1166599,"FC Erzgebirge Aue","id1002470267207618",NULL,NULL,NULL,NULL,NULL,NULL,NULL,NULL
"2026-05-02","09:00","u19-dfb-nachwuchsliga","germany-amateur",43725,"Greuther Furth",43727,"SV Wehen Wiesbaden","id1002470267207808",NULL,NULL,NULL,NULL,NULL,NULL,NULL,NULL
"2026-05-02","09:00","queensland-premier-league-1","australia",91140,"Logan Lightning",266321,"Broadbeach United","id1003234171098588",NULL,NULL,NULL,NULL,NULL,NULL,NULL,NULL
"2026-05-02","09:00","premier-league-srl","simulated-reality-league",825976,"Brentford FC",694857,"West Ham United SRL","id1003221571077332",NULL,NULL,NULL,NULL,NULL,NULL,NULL,NULL
"2026-05-02","09:00","u19-dfb-nachwuchsliga","germany-amateur",43720,"1. FC Cologne",43728,"Bayern Munich","id1002470271168924",NULL,NULL,NULL,NULL,NULL,NULL,NULL,NULL
"2026-05-02","09:00","chinese-super-league-women","china",380910,"Zhejiang Hangzhou",380892,"Wuhan Jiangda","id1001926471000956",NULL,NULL,NULL,NULL,NULL,NULL,NULL,NULL
"2026-05-02","09:00","u19-1-liga","slovakia",817690,"FC Petrzalka",1268056,"MSK Fomat Martin U19","id1000132761684004",NULL,NULL,NULL,NULL,NULL,NULL,NULL,NULL
"2026-05-02","09:00","v-league-2","vietnam",33122,"Long An FC",1245358,"Quang Ninh FC","id1000077168664022",NULL,NULL,NULL,NULL,NULL,NULL,NULL,NULL
"2026-05-02","09:00","primavera-1","italy",1175361,"Hellas Verona",1177127,"SSC Napoli","id1000234061537618",NULL,NULL,NULL,NULL,NULL,NULL,NULL,NULL
"2026-05-02","09:00","u19-1-liga","slovakia",110759,"ZP Sport Podbrezova",923955,"FK Pohronie Ziar Nad Hronom Dolna Zdana","id1000132761684012",NULL,NULL,NULL,NULL,NULL,NULL,NULL,NULL
"2026-05-02","09:00","western-australia-state-league-1","australia",194376,"Mandurah City",254837,"Curtin University SC","id1004672069767582",NULL,NULL,NULL,NULL,NULL,NULL,NULL,NULL
"2026-05-02","09:00","u19-1st-division","czechia",466769,"Dukla Prague",44165,"FC Viktoria Plzen","id1000082266601850",NULL,NULL,NULL,NULL,NULL,NULL,NULL,NULL
"2026-05-02","09:00","u19-dfb-nachwuchsliga","germany-amateur",43733,"Eintracht Frankfurt",43729,"TSV 1860 Munich","id1002470267207720",NULL,NULL,NULL,NULL,NULL,NULL,NULL,NULL
"2026-05-02","09:00","nsw-league-two","australia",314905,"Dunbar Rovers FC",321519,"Sydney University SFC","id1003235767692216",NULL,NULL,NULL,NULL,NULL,NULL,NULL,NULL
"2026-05-02","09:00","u20-nsw-premier-league-2","australia",264421,"Bankstown City FC",771290,"Inter Lions FC","id1003330767693514",NULL,NULL,NULL,NULL,NULL,NULL,NULL,NULL
"2026-05-02","09:00","primavera-1","italy",1175371,"SS Lazio",1177109,"Parma Calcio 1913 U20","id1000234061537624",NULL,NULL,NULL,NULL,NULL,NULL,NULL,NULL
"2026-05-02","09:00","u19-1-liga","slovakia",216762,"FC DAC 1904 Dunajska Streda",76561,"Spartak Trnava","id1000132761684008",NULL,NULL,NULL,NULL,NULL,NULL,NULL,NULL
"2026-05-02","09:00","cambodian-premier-league","cambodia",322819,"Tiffy Army FC",1026405,"Life FC","id1001925069752610",NULL,NULL,NULL,NULL,NULL,NULL,NULL,NULL
"2026-05-02","09:00","u20-nsw-npl","australia",687675,"SD Raiders FC",64145,"APIA Leichhardt Tigers","id1003235367693020",NULL,NULL,NULL,NULL,NULL,NULL,NULL,NULL
"2026-05-02","09:00","1-league-women","slovakia",375366,"MSK Zilina",1154045,"KFC Komarno","id1001924670142036",NULL,NULL,NULL,NULL,NULL,NULL,NULL,NULL
"2026-05-02","09:00","u20-nsw-premier-league-2","australia",325603,"Hills United FC",734571,"Western City Rangers FC","id1003330767693510",NULL,NULL,NULL,NULL,NULL,NULL,NULL,NULL
"2026-05-02","09:00","3rd-division-group-5","norway",719,"Skjervoey",7544,"Skjetten","id1002465067920518",NULL,NULL,NULL,NULL,NULL,NULL,NULL,NULL
"2026-05-02","09:00","u19-1-liga","slovakia",110741,"MFK Dukla Banska Bystrica",110739,"Tatran Presov","id1000132761684002",NULL,NULL,NULL,NULL,NULL,NULL,NULL,NULL
"2026-05-02","09:00","u19-dfb-nachwuchsliga","germany-amateur",1314562,"SC Borea Dresden U19",108717,"Dynamo Dresden","id1002470267207514",NULL,NULL,NULL,NULL,NULL,NULL,NULL,NULL
"2026-05-02","09:00","jleague-2","japan",79883,"AC Nagano Parceiro",118500,"Fujieda MYFC","id1000040267648116",NULL,NULL,NULL,NULL,NULL,NULL,NULL,NULL
"2026-05-02","09:00","nb-iii","hungary",1031465,"Szeged-Csanad Grosics Akademia II",940363,"Vasas SC II","id1004795262180488",NULL,NULL,NULL,NULL,NULL,NULL,NULL,NULL
"2026-05-02","09:00","u19-1st-division","czechia",44160,"FC Hradec Kralove",44168,"FK Mlada Boleslav","id1000082266601852",NULL,NULL,NULL,NULL,NULL,NULL,NULL,NULL
"2026-05-02","09:00","u20-nsw-premier-league-2","australia",317289,"Dulwich Hill",733453,"Newcastle Jets FC","id1003330767693516",NULL,NULL,NULL,NULL,NULL,NULL,NULL,NULL
"2026-05-02","09:00","nsw-league-two","australia",73712,"Bonnyrigg W. E.",163426,"Parramatta FC Eagles","id1003235767692218",NULL,NULL,NULL,NULL,NULL,NULL,NULL,NULL
"2026-05-02","09:00","u19-dfb-nachwuchsliga","germany-amateur",43699,"Hansa Rostock",43698,"1 FC Magdeburg","id1002470267150186",NULL,NULL,NULL,NULL,NULL,NULL,NULL,NULL
"2026-05-02","09:00","vtoraya-liga","belarus",338975,"Energetik Minsk",157324,"FC Krumkachy Minsk","id1003231171062362",NULL,NULL,NULL,NULL,NULL,NULL,NULL,NULL
"2026-05-02","09:00","u19-super-league","greece",308310,"Panserraikos",962645,"AE Kifisia","id1002638471166772",NULL,NULL,NULL,NULL,NULL,NULL,NULL,NULL
"2026-05-02","09:00","chinese-super-league-women","china",380894,"Sichuan WFC",739541,"Shandong Ticai","id1001926471000954",NULL,NULL,NULL,NULL,NULL,NULL,NULL,NULL
"2026-05-02","09:15","nsw-npl-1","australia",323705,"St George City FA",321633,"Sydney FC Youth","id1000127467690832",NULL,NULL,NULL,NULL,NULL,NULL,NULL,NULL
"2026-05-02","09:15","u23-victoria-premier-league-1","australia",1097047,"North Geelong Warriors FC",1097051,"Brunswick City SC","id1004567568160904",NULL,NULL,NULL,NULL,NULL,NULL,NULL,NULL
"2026-05-02","09:15","queensland-premier-league-3-metro","australia",91148,"UQ FC",870691,"Redcliffe Dolphins","id1004552567904416",NULL,NULL,NULL,NULL,NULL,NULL,NULL,NULL
"2026-05-02","09:15","nsw-league-one-women","australia",978879,"South Coast Flame FC",771192,"Nepean FC","id1003248367693898",NULL,NULL,NULL,NULL,NULL,NULL,NULL,NULL
"2026-05-02","09:30","i-league-2","india",46147,"United Sports Club",1181083,"Karbi Anglong Morning Star FC","id1004209370090068",NULL,NULL,NULL,NULL,NULL,NULL,NULL,NULL
"2026-05-02","09:30","premier-league","bangladesh",774578,"Fortis FC",280243,"Rahmatganj MFS","id1002782170821576",NULL,NULL,NULL,NULL,NULL,NULL,NULL,NULL
"2026-05-02","09:30","premier-league","bangladesh",296000,"Bangladesh Police FC",1112873,"Pwd SC","id1002782170821578",NULL,NULL,NULL,NULL,NULL,NULL,NULL,NULL
"2026-05-02","09:30","esiliiga-b","estonia",592890,"FCI Levadia Tallinn",74497,"Viljandi JK Tulevik","id1003579768852052",NULL,NULL,NULL,NULL,NULL,NULL,NULL,NULL
"2026-05-02","09:30","esiliiga-b","estonia",413909,"JK Narva Trans",36076,"Tallinna JK Legion","id1003579768852050",NULL,NULL,NULL,NULL,NULL,NULL,NULL,NULL
"2026-05-02","09:30","premier-league","bangladesh",317511,"Abahani Limited Dhaka",295994,"Fakirapool Young Men","id1002782170821580",NULL,NULL,NULL,NULL,NULL,NULL,NULL,NULL
"2026-05-02","09:30","npl-western-australia-women","australia",684595,"Perth Azzurri",728805,"Perth Redstar FC","id1003236969767352",NULL,NULL,NULL,NULL,NULL,NULL,NULL,NULL
"2026-05-02","09:30","esiliiga-b","estonia",262017,"JK Tallinna Kalev",159832,"JK Tabasalu","id1003579768852048",NULL,NULL,NULL,NULL,NULL,NULL,NULL,NULL
"2026-05-02","09:30","esiliiga","estonia",37534,"FC Elva",37570,"Nomme Kalju FC","id1000067868774130",NULL,NULL,NULL,NULL,NULL,NULL,NULL,NULL
"2026-05-02","09:40","a-league","australia",5970,"Melbourne Victory",5971,"Sydney FC","id1000013671094074",NULL,NULL,NULL,NULL,NULL,NULL,NULL,NULL
"2026-05-02","09:45","u20-nsw-npl","australia",264417,"NWS Spirit FC",364620,"Manly United FC","id1003235367693024",NULL,NULL,NULL,NULL,NULL,NULL,NULL,NULL
"2026-05-02","10:00","premier-league","kazakhstan",5367,"FC Kyzylzhar SK",5359,"FC Okzhetpes","id1000068269342824",NULL,NULL,NULL,NULL,NULL,NULL,NULL,NULL
"2026-05-02","10:00","premier-league","kenya",138498,"Ulinzi Stars FC",138496,"Tusker Football Club","id1000164463097493",NULL,NULL,NULL,NULL,NULL,NULL,NULL,NULL
"2026-05-02","10:00","u19-dfb-nachwuchsliga","germany-amateur",136294,"RB Leipzig",43695,"Hamburger SV","id1002470271168926",NULL,NULL,NULL,NULL,NULL,NULL,NULL,NULL
"2026-05-02","10:00","super-league","kenya",988697,"Mofa",544765,"FC Talanta","id1004893571166146",NULL,NULL,NULL,NULL,NULL,NULL,NULL,NULL
"2026-05-02","10:00","u19","ukraine",107713,"FC Karpaty LVIV",1031463,"LNZ Cherkasy","id1000130761941468",NULL,NULL,NULL,NULL,NULL,NULL,NULL,NULL
"2026-05-02","10:00","u19","ukraine",107707,"FC Dynamo Kyiv",107723,"FC Shakhtar Donetsk","id1000130761941464",NULL,NULL,NULL,NULL,NULL,NULL,NULL,NULL
"2026-05-02","10:00","ekstraliga-women","poland",919575,"Pogon Szczecin",278881,"Czarni Sosnowiec","id1001818867790418",NULL,NULL,NULL,NULL,NULL,NULL,NULL,NULL
"2026-05-02","10:00","iii-liga-group-1","poland",109831,"Lechia Tomaszow Mazowiecki",37805,"Wigry Suwalki","id1002583562038058",NULL,NULL,NULL,NULL,NULL,NULL,NULL,NULL
"2026-05-02","10:00","oberliga-hamburg","germany-amateur",352796,"FC Teutonia Ottensen 1905",1021597,"Ssd Nikola Tesla Hamburg","id1000050967805556",NULL,NULL,NULL,NULL,NULL,NULL,NULL,NULL
"2026-05-02","10:00","nb-i-women","hungary",299218,"ETO FC Gyor",373700,"Ujpesti TE","id1001926667921388",NULL,NULL,NULL,NULL,NULL,NULL,NULL,NULL
"2026-05-02","10:00","danmarksserien","denmark-amateur",1311,"Glostrup FK",24946,"Ringsted IF","id1003719570663726",NULL,NULL,NULL,NULL,NULL,NULL,NULL,NULL
"2026-05-02","10:00","campeonato-nacional-women","portugal",637872,"Vitoria SC",522392,"SCU Torreense","id1001927463442533",NULL,NULL,NULL,NULL,NULL,NULL,NULL,NULL
"2026-05-02","10:00","campeonato-nacional-women","portugal",374802,"Valadares Gaia FC",751451,"Rio Ave FC","id1001927463442535",NULL,NULL,NULL,NULL,NULL,NULL,NULL,NULL
"2026-05-02","10:00","k-league-1","republic-of-korea",32675,"FC Anyang",92539,"Bucheon FC 1995","id1000041067817662",NULL,NULL,NULL,NULL,NULL,NULL,NULL,NULL
"2026-05-02","10:00","u19-campeonato-nacional","portugal",78151,"Sporting CP",1105373,"Santa Clara SAD","id1000113367802906",NULL,NULL,NULL,NULL,NULL,NULL,NULL,NULL
"2026-05-02","10:00","u19-division-de-honor-juvenil","spain",333015,"CA Osasuna",445827,"Antiguoko Ke","id1004834362939829",NULL,NULL,NULL,NULL,NULL,NULL,NULL,NULL
"2026-05-02","10:00","premier-league","mongolia",1135151,"Ulaangom City",755093,"Hunters FC","id1002862370993830",NULL,NULL,NULL,NULL,NULL,NULL,NULL,NULL
"2026-05-02","10:00","2-liga-division-b-group-3","russia",1128871,"Shumbrat Saransk",163324,"Arsenal-2 Tula","id1000109570228214",NULL,NULL,NULL,NULL,NULL,NULL,NULL,NULL
"2026-05-02","10:00","u19-division-de-honor-juvenil","spain",623948,"UCAM Murcia",515654,"Albacete Balompie","id1004834362941817",NULL,NULL,NULL,NULL,NULL,NULL,NULL,NULL
"2026-05-02","10:00","ii-lyga","lithuania",5342,"FK Silute",716167,"FK Panevezys B","id1003406670161988",NULL,NULL,NULL,NULL,NULL,NULL,NULL,NULL
"2026-05-02","10:00","danmarksserien","denmark-amateur",1385,"GVI",916617,"Saaby Fodbold","id1003719570663518",NULL,NULL,NULL,NULL,NULL,NULL,NULL,NULL
"2026-05-02","10:00","u19","ukraine",817918,"FC Metalist 1925 Kharkiv U19",376310,"Polissya Zhytomyr","id1000130761941460",NULL,NULL,NULL,NULL,NULL,NULL,NULL,NULL
"2026-05-02","10:00","ii-liiga","estonia",213222,"Laanemaa JK Haapsalu",54721,"Keila JK","id1004664570964604",NULL,NULL,NULL,NULL,NULL,NULL,NULL,NULL
"2026-05-02","10:00","k-league-1","republic-of-korea",48912,"Gwangju FC",7645,"Daejeon Citizen FC","id1000041067817664",NULL,NULL,NULL,NULL,NULL,NULL,NULL,NULL
"2026-05-02","10:00","liga-portugal-3","portugal",824802,"CF Os Belenenses",605666,"UD Santarem","id1003490068351362",NULL,NULL,NULL,NULL,NULL,NULL,NULL,NULL
"2026-05-02","10:00","diski-challenge-reserves","south-africa",1286331,"Orbit College",761580,"TS Galaxy FC","id1004866363514631",NULL,NULL,NULL,NULL,NULL,NULL,NULL,NULL
"2026-05-02","10:00","primera-division-women","spain",77893,"FC Badalona Women",77877,"Athletic Bilbao","id1000112761688374",NULL,NULL,NULL,NULL,NULL,NULL,NULL,NULL
"2026-05-02","10:00","premier-league","ukraine",25479,"FC Oleksandriya",213176,"Kolos Kovalivka","id1000021861651618",NULL,NULL,NULL,NULL,NULL,NULL,NULL,NULL
"2026-05-02","10:00","liga-portugal-2","portugal",21831,"UD Oliveirense",35174,"Lusitania FC Lourosa","id1000023961732270",NULL,NULL,NULL,NULL,NULL,NULL,NULL,NULL
"2026-05-02","10:00","south-australia-npl-reserves","australia",731693,"West Torrens Birkalla Reserve",558798,"Adelaide City FC Reserve","id1004564968049998",NULL,NULL,NULL,NULL,NULL,NULL,NULL,NULL
"2026-05-02","10:00","diski-challenge-reserves","south-africa",512064,"Golden Arrows",1180849,"Magesi FC","id1004866363514629",NULL,NULL,NULL,NULL,NULL,NULL,NULL,NULL
"2026-05-02","10:00","2-liga-division-b-group-3","russia",7516,"FC Avangard Kursk",2345,"FC Metallurg Lipetsk","id1000109570228222",NULL,NULL,NULL,NULL,NULL,NULL,NULL,NULL
"2026-05-02","10:00","u19-premier-league","israel",307304,"Hapoel Haifa",425723,"Hapoel Kfar Saba","id1003619571143322",NULL,NULL,NULL,NULL,NULL,NULL,NULL,NULL
"2026-05-02","10:00","pervaya-liga","belarus",25848,"FC Volna Pinsk",697613,"FC Ostrovets","id1000077670986696",NULL,NULL,NULL,NULL,NULL,NULL,NULL,NULL
"2026-05-02","10:15","u21-divisie-1","netherlands",802538,"Amsterdamsche FC",740213,"NAC Breda","id1003499066960950",NULL,NULL,NULL,NULL,NULL,NULL,NULL,NULL
"2026-05-02","10:30","mulan-football-league-women","chinese-taipei",1258251,"AC Taipei",1258249,"Taichung Cherry Blossoms","id1004263167012508",NULL,NULL,NULL,NULL,NULL,NULL,NULL,NULL
"2026-05-02","10:30","serie-a-women","italy",659283,"SSD Napoli",377716,"Juventus Turin","id1002080862352446",NULL,NULL,NULL,NULL,NULL,NULL,NULL,NULL
"2026-05-02","10:30","mulan-football-league-women","chinese-taipei",698491,"Hualian WFT",698489,"Taipei Xiongzan","id1004263167012510",NULL,NULL,NULL,NULL,NULL,NULL,NULL,NULL
"2026-05-02","10:30","northern-territory-premier-league-reserves","australia",1339872,"Port Darwin FC Reserves",1339866,"Hellenic AC Reserves","id1004994470934628",NULL,NULL,NULL,NULL,NULL,NULL,NULL,NULL
"2026-05-02","10:30","northern-territory-premier-league","australia",452853,"Hellenic Athletic Club",427287,"Darwin Hearts FC","id1004994071127888",NULL,NULL,NULL,NULL,NULL,NULL,NULL,NULL
"2026-05-02","10:30","australia-cup-preliminary","australia",427291,"Port Darwin FC",429387,"Stormbirds SC","id1004994871051728",NULL,NULL,NULL,NULL,NULL,NULL,NULL,NULL
"2026-05-02","10:30","u19-ligaen","denmark",615494,"Odense Boldklub",251039,"Aalborg BK","id1004818162640969",NULL,NULL,NULL,NULL,NULL,NULL,NULL,NULL
"2026-05-02","10:30","2-liga-women","czechia",1274224,"FC Prague Raptors",44174,"FC Hradec Kralove","id1004799470966254",NULL,NULL,NULL,NULL,NULL,NULL,NULL,NULL
"2026-05-02","10:30","u19-ligaen","denmark",746453,"AC Horsens",120852,"FC Copenhagen","id1004818162640973",NULL,NULL,NULL,NULL,NULL,NULL,NULL,NULL
"2026-05-02","10:45","super-league-women","greece",37187,"PAOK Thessaloniki",1054043,"Panathinaikos","id1002022663575607",NULL,NULL,NULL,NULL,NULL,NULL,NULL,NULL
"2026-05-02","11:00","3rd-division","denmark",1378,"Holbaek B&I",1339,"Sundby BK","id1003482270730766",NULL,NULL,NULL,NULL,NULL,NULL,NULL,NULL
"2026-05-02","11:00","2-bundesliga","germany",2595,"Dynamo Dresden",2675,"1 FC Kaiserslautern","id1000004461515222",NULL,NULL,NULL,NULL,NULL,NULL,NULL,NULL
"2026-05-02","11:00","1st-division-women","norway",250585,"Tromsoe IL",810932,"Viking FK","id1001927267018362",NULL,NULL,NULL,NULL,NULL,NULL,NULL,NULL
"2026-05-02","11:00","2nd-division-group-1","norway",700,"Kvik Halden FK",954,"Brattvaag","id1002463867915766",NULL,NULL,NULL,NULL,NULL,NULL,NULL,NULL
"2026-05-02","11:00","i-league-2","india",58739,"SC de Goa",1181069,"Myj-Gmsc","id1004209370090070",NULL,NULL,NULL,NULL,NULL,NULL,NULL,NULL
"2026-05-02","11:00","division-2-promotion-playoffs","sweden",557502,"Umeaa FC Akademi",325375,"Taftea IK","id1002078269539670",NULL,NULL,NULL,NULL,NULL,NULL,NULL,NULL
"2026-05-02","11:00","2-liga-division-a","russia",47864,"FC Zenit-2 St Petersburg",606854,"FC Alania Vladikavkaz","id1004030569280766",NULL,NULL,NULL,NULL,NULL,NULL,NULL,NULL
"2026-05-02","11:00","danmarksserien","denmark-amateur",1265385,"FC Sydkysten",1348,"AB Taarnby","id1003719570663524",NULL,NULL,NULL,NULL,NULL,NULL,NULL,NULL
"2026-05-02","11:00","parva-liga","bulgaria",3281,"PFK Beroe Stara Zagora",3274,"PFC Slavia Sofia","id1000024770906752",NULL,NULL,NULL,NULL,NULL,NULL,NULL,NULL
"2026-05-02","11:00","danmarksserien","denmark-amateur",24945,"Frederikssund",22148,"Alleroed FK","id1003719570663730",NULL,NULL,NULL,NULL,NULL,NULL,NULL,NULL
"2026-05-02","11:00","premier-league","kenya",872787,"Mara Sugar FC",556940,"Shabana FC","id1000164471015656",NULL,NULL,NULL,NULL,NULL,NULL,NULL,NULL
"2026-05-02","11:00","u19-allsvenskan","sweden-amateur",366628,"IFK Norrkoping FK",249953,"Halmstads BK","id1000253968309450",NULL,NULL,NULL,NULL,NULL,NULL,NULL,NULL
"2026-05-02","11:00","3rd-division-group-1","norway",706,"Ullern",282659,"Ready Fotball","id1002464267919234",NULL,NULL,NULL,NULL,NULL,NULL,NULL,NULL
"2026-05-02","11:00","1-lyga","lithuania",35389,"FK Tauras Taurage",558504,"FK Atmosfera","id1000067669670674",NULL,NULL,NULL,NULL,NULL,NULL,NULL,NULL
"2026-05-02","11:00","division-2-promotion-playoffs","sweden",415249,"IFK Umea",1833,"Skellefteaa FF","id1002078269539668",NULL,NULL,NULL,NULL,NULL,NULL,NULL,NULL
"2026-05-02","11:00","thai-league-1","thailand",189992,"Nakhon Ratchasima FC",202485,"Sukhothai FC","id1000103266707770",NULL,NULL,NULL,NULL,NULL,NULL,NULL,NULL
"2026-05-02","11:00","srpska-liga","serbia",25731,"FK Metalac Gornji Milanovac",274039,"FK Josanica","id1004821362700159",NULL,NULL,NULL,NULL,NULL,NULL,NULL,NULL
"2026-05-02","11:00","women-bundesliga","germany-amateur",278255,"1 FC Cologne",36656,"Werder Bremen","id1000023261970252",NULL,NULL,NULL,NULL,NULL,NULL,NULL,NULL
"2026-05-02","11:00","3rd-division-group-1","norway",879977,"Gamle Oslo FK",6095,"Valerenga IF 2","id1002464267919230",NULL,NULL,NULL,NULL,NULL,NULL,NULL,NULL
"2026-05-02","11:00","1liga","latvia",1114609,"Leevon Ppk",889591,"FK Tukums 2000/Tss II","id1000067769501832",NULL,NULL,NULL,NULL,NULL,NULL,NULL,NULL
"2026-05-02","11:00","2-bundesliga","germany",2573,"Holstein Kiel",2557,"Eintracht Braunschweig","id1000004461515206",NULL,NULL,NULL,NULL,NULL,NULL,NULL,NULL
"2026-05-02","11:00","3rd-division-group-1","norway",7365,"Heming",766,"SF Grei","id1002464267919238",NULL,NULL,NULL,NULL,NULL,NULL,NULL,NULL
"2026-05-02","11:00","u19-dfb-nachwuchsliga","germany-amateur",213956,"FC Viktoria 1889 Berlin",52880,"FC Rot-Weiss Erfurt","id1002470269405994",NULL,NULL,NULL,NULL,NULL,NULL,NULL,NULL
"2026-05-02","11:00","v-league-1","vietnam",340516,"PVF Cong An Nhan Dan FC",541735,"Ha Tinh FC","id1000062668663394",NULL,NULL,NULL,NULL,NULL,NULL,NULL,NULL
"2026-05-02","11:00","pervaya-liga","belarus",7305,"FC Smorgon",348474,"Dinamo Minsk 2","id1000077670986698",NULL,NULL,NULL,NULL,NULL,NULL,NULL,NULL
"2026-05-02","11:00","cambodian-premier-league","cambodia",914071,"Isi Dangkor Senchey FC",409111,"Visakha FC","id1001925069221230",NULL,NULL,NULL,NULL,NULL,NULL,NULL,NULL
"2026-05-02","11:00","super-league-women","england-amateur",494374,"Manchester United WFC",372788,"Brighton and Hove Albion WFC","id1000104462322486",NULL,NULL,NULL,NULL,NULL,NULL,NULL,NULL
"2026-05-02","11:00","nb-i-women","hungary",778126,"Puskas Akademia Felcsut",37192,"Viktoria FC Szombathely","id1001926662301620",NULL,NULL,NULL,NULL,NULL,NULL,NULL,NULL
"2026-05-02","11:00","1-lyga","lithuania",1121733,"FK Transinvest B",557320,"FK Minija 2017","id1000067669670678",NULL,NULL,NULL,NULL,NULL,NULL,NULL,NULL
"2026-05-02","11:00","2-liga-division-b-group-3","russia",2324,"Saturn Ramenskoye",281629,"FC Kvant Obninsk","id1000109570228224",NULL,NULL,NULL,NULL,NULL,NULL,NULL,NULL
"2026-05-02","11:00","1liga","latvia",50402,"Rezeknes Fa/Bjss",1127201,"Riga Mariners","id1000067769501840",NULL,NULL,NULL,NULL,NULL,NULL,NULL,NULL
"2026-05-02","11:00","3rd-division-group-1","norway",807,"Nordstrand",1120413,"FK Union Carl Berner","id1002464267919232",NULL,NULL,NULL,NULL,NULL,NULL,NULL,NULL
"2026-05-02","11:00","division-2-promotion-playoffs","sweden",230570,"IK Franke",22371,"Angby IF","id1002078268320756",NULL,NULL,NULL,NULL,NULL,NULL,NULL,NULL
"2026-05-02","11:00","u19-allsvenskan","sweden-amateur",249937,"Hammarby IF",249869,"Kalmar FF","id1000253968309446",NULL,NULL,NULL,NULL,NULL,NULL,NULL,NULL
"2026-05-02","11:00","danmarksserien","denmark-amateur",44034,"Oestre Boldklub",112613,"Vri","id1003719570663522",NULL,NULL,NULL,NULL,NULL,NULL,NULL,NULL
"2026-05-02","11:00","u19-ligaen","denmark",224776,"FC Midtjylland",615498,"Soenderjyske","id1004818162640975",NULL,NULL,NULL,NULL,NULL,NULL,NULL,NULL
"2026-05-02","11:00","v-league-1","vietnam",33124,"Haiphong FC",196371,"Cong An Ha Noi FC","id1000062668663392",NULL,NULL,NULL,NULL,NULL,NULL,NULL,NULL
"2026-05-02","11:00","2-liga-division-a","russia",36394,"Dinamo Kirov",7296,"FC Dynamo Bryansk","id1004030569280760",NULL,NULL,NULL,NULL,NULL,NULL,NULL,NULL
"2026-05-02","11:00","v-league-1","vietnam",33119,"Becamex Ho Chi Minh City",33030,"Dong A Thanh Hoa","id1000062668663390",NULL,NULL,NULL,NULL,NULL,NULL,NULL,NULL
"2026-05-02","11:00","division-2-promotion-playoffs","sweden",274873,"Taby FK",5290,"Enskede IK","id1002078268320764",NULL,NULL,NULL,NULL,NULL,NULL,NULL,NULL
"2026-05-02","11:00","3rd-division","denmark",22212,"Hoersholm-Usseroed IK",1374,"Vanloese IF","id1003482270730712",NULL,NULL,NULL,NULL,NULL,NULL,NULL,NULL
"2026-05-02","11:00","2nd-division","denmark",473205,"Ishoej IF",1304,"Skive IK","id1000006570730352",NULL,NULL,NULL,NULL,NULL,NULL,NULL,NULL
"2026-05-02","11:00","kansallinen-liiga-women","finland",543737,"Kuopion Palloseura",38132,"HJK Helsinki","id1000166267845738",NULL,NULL,NULL,NULL,NULL,NULL,NULL,NULL
"2026-05-02","11:00","kakkonen-playoffs","finland",200267,"JS Hercules",22383,"Huima/Urho","id1002691069108976",NULL,NULL,NULL,NULL,NULL,NULL,NULL,NULL
"2026-05-02","11:00","nb-i","hungary",1915,"MTK Budapest",5124,"Nyiregyhaza Spartacus FC","id1000018761272913",NULL,NULL,NULL,NULL,NULL,NULL,NULL,NULL
"2026-05-02","11:00","1-lyga","lithuania",331435,"FK Garliava",5338,"FK Ekranas","id1000067669670676",NULL,NULL,NULL,NULL,NULL,NULL,NULL,NULL
"2026-05-02","11:00","ettan-relegation/promotion","sweden",1771,"Trelleborgs FF",47812,"BK Olympic","id1002741268311554",NULL,NULL,NULL,NULL,NULL,NULL,NULL,NULL
"2026-05-02","11:00","u19","ukraine",376308,"Obolon Kyiv",1269804,"FK Kudrivka U19","id1000130761941458",NULL,NULL,NULL,NULL,NULL,NULL,NULL,NULL
"2026-05-02","11:00","danmarksserien","denmark-amateur",22181,"Hedensted IF",1361,"Viby IF","id1003719570663520",NULL,NULL,NULL,NULL,NULL,NULL,NULL,NULL
"2026-05-02","11:00","superettan","sweden",1824,"Ljungskile SK",781030,"Nordic United FC","id1000004667126056",NULL,NULL,NULL,NULL,NULL,NULL,NULL,NULL
"2026-05-02","11:00","primavera-1","italy",1175343,"AC Monza",460707,"AC Milan","id1000234061537622",NULL,NULL,NULL,NULL,NULL,NULL,NULL,NULL
"2026-05-02","11:00","ettan-relegation/promotion","sweden",1841,"Jonkopings Sodra IF",1830,"Kristianstad FC","id1002741268311552",NULL,NULL,NULL,NULL,NULL,NULL,NULL,NULL
"2026-05-02","11:00","b-liga-women","denmark",495762,"Aalborg BK",377430,"B93 Copenhagen","id1004799667239130",NULL,NULL,NULL,NULL,NULL,NULL,NULL,NULL
"2026-05-02","11:00","u19-dfb-nachwuchsliga","germany-amateur",43718,"Arminia Bielefeld",43703,"Hallescher FC","id1002470267150132",NULL,NULL,NULL,NULL,NULL,NULL,NULL,NULL
"2026-05-02","11:00","premier-league","russia",737435,"FC Dynamo-Makhachkala",2326,"FK Rostov","id1000020361376747",NULL,NULL,NULL,NULL,NULL,NULL,NULL,NULL
"2026-05-02","11:00","1-lyga","lithuania",682063,"FC Neptunas Klaipeda",93557,"Vilnius FK Zalgiris B","id1000067669670672",NULL,NULL,NULL,NULL,NULL,NULL,NULL,NULL
"2026-05-02","11:00","danmarksserien","denmark-amateur",22156,"Aarhus Fremad 2",106275,"SfB-Oure FA","id1003719570663728",NULL,NULL,NULL,NULL,NULL,NULL,NULL,NULL
"2026-05-02","11:00","3rd-division-group-4","norway",871,"Viking FK 2",35613,"Hinna","id1002464867920326",NULL,NULL,NULL,NULL,NULL,NULL,NULL,NULL
"2026-05-02","11:00","bremen-liga","germany-amateur",226704,"BTS Neustadt",24044,"KSV Vatan Sport","id1000050862280152",NULL,NULL,NULL,NULL,NULL,NULL,NULL,NULL
"2026-05-02","11:00","u19-dfb-nachwuchsliga","germany-amateur",1223513,"Blumenthaler SV",1314560,"Jfv Lubeck U19","id1002470267150190",NULL,NULL,NULL,NULL,NULL,NULL,NULL,NULL
"2026-05-02","11:00","pervaya-liga","kazakhstan",1334656,"FC Jaiyq Uralsk",352044,"FC Kairat Almaty Reserve","id1000078569854618",NULL,NULL,NULL,NULL,NULL,NULL,NULL,NULL
"2026-05-02","11:00","regionalliga-north","germany-amateur",5801,"Hannover 96 II",2577,"SV Werder Bremen II","id1000004262284558",NULL,NULL,NULL,NULL,NULL,NULL,NULL,NULL
"2026-05-02","11:00","2-bundesliga","germany",2540,"Arminia Bielefeld",2542,"VfL Bochum","id1000004461515220",NULL,NULL,NULL,NULL,NULL,NULL,NULL,NULL
"2026-05-02","11:00","chinese-super-league","china",34695,"Qingdao Hainiu FC",41537,"Shanghai Port FC","id1000064968995102",NULL,NULL,NULL,NULL,NULL,NULL,NULL,NULL
"2026-05-02","11:00","ykkonen","finland",22393,"PK Keski-Uusimaa",22394,"SalPa","id1004229168538222",NULL,NULL,NULL,NULL,NULL,NULL,NULL,NULL
"2026-05-02","11:00","u19-dfb-nachwuchsliga","germany-amateur",675719,"TSV Schott Mainz",52884,"1. FC Saarbrucken","id1002470267207804",NULL,NULL,NULL,NULL,NULL,NULL,NULL,NULL
"2026-05-02","11:00","elitettan-women","sweden-amateur",112691,"Enskede IK",7800,"Umea IK","id1003894170365236",NULL,NULL,NULL,NULL,NULL,NULL,NULL,NULL
"2026-05-02","11:00","ekstraliga-women","poland",734443,"AP ORLEN Gdansk",453513,"KKP Stomilanki Olsztyn","id1001818867790426",NULL,NULL,NULL,NULL,NULL,NULL,NULL,NULL
"2026-05-02","11:00","damallsvenskan","sweden",61572,"Vittsjo GIK",7388,"AIK DFF","id1000021466918104",NULL,NULL,NULL,NULL,NULL,NULL,NULL,NULL
"2026-05-02","11:00","3rd-division-group-1","norway",856,"Frigg Oslo FK",686,"Asker Fotball","id1002464267919236",NULL,NULL,NULL,NULL,NULL,NULL,NULL,NULL
"2026-05-02","11:00","3rd-division-group-5","norway",1100061,"IL Ulfstind",7542,"Kongsvinger IL Toppfotball 2","id1002465067920522",NULL,NULL,NULL,NULL,NULL,NULL,NULL,NULL
"2026-05-02","11:00","elitettan-women","sweden-amateur",694207,"IFK Goteborg",291458,"Gamla Upsala SK","id1003894167473230",NULL,NULL,NULL,NULL,NULL,NULL,NULL,NULL
"2026-05-02","11:00","u19-ligaen","denmark",167090,"Randers Freja",379376,"Esbjerg","id1004818162640977",NULL,NULL,NULL,NULL,NULL,NULL,NULL,NULL
"2026-05-02","11:00","division-2-promotion-playoffs","sweden",1809,"BK Forward",22276,"IF Eker Orebro","id1002078268377478",NULL,NULL,NULL,NULL,NULL,NULL,NULL,NULL
"2026-05-02","11:00","v-league-2","vietnam",200173,"Truong Tuoi Dong Nai FC",596842,"Cong An Tp Ho Chi Minh City FC","id1000077168664024",NULL,NULL,NULL,NULL,NULL,NULL,NULL,NULL
"2026-05-02","11:00","damallsvenskan","sweden",1886,"FC Rosengaard Malmo",675109,"Malmo FF","id1000021466918096",NULL,NULL,NULL,NULL,NULL,NULL,NULL,NULL
"2026-05-02","11:00","ettan-relegation/promotion","sweden",22356,"Tvaakers IF",1816,"Laholms FK","id1002741268311556",NULL,NULL,NULL,NULL,NULL,NULL,NULL,NULL
"2026-05-02","11:00","kansallinen-liiga-women","finland",474730,"IF Gnistan",192552,"VIFK","id1000166267845736",NULL,NULL,NULL,NULL,NULL,NULL,NULL,NULL
"2026-05-02","11:00","2-liga-division-a","russia",75207,"FC Tyumen",213940,"Dinamo Moscow Res.","id1004030569280764",NULL,NULL,NULL,NULL,NULL,NULL,NULL,NULL
"2026-05-02","11:00","u19-dfb-nachwuchsliga","germany-amateur",163292,"SV Meppen",43694,"Werder Bremen","id1002470267208092",NULL,NULL,NULL,NULL,NULL,NULL,NULL,NULL
"2026-05-02","11:00","ykkonen-women","finland",613730,"FC KTP",143856,"Ons Oulu","id1001831870851480",NULL,NULL,NULL,NULL,NULL,NULL,NULL,NULL
"2026-05-02","11:00","thai-league-2","thailand",66564,"Chainat Hornbill FC",371342,"Pattani FC","id1001923271128848",NULL,NULL,NULL,NULL,NULL,NULL,NULL,NULL
"2026-05-02","11:15","a-lyga","lithuania",557322,"FA Siauliai",5343,"FK Suduva Marijampole","id1000019868954808",NULL,NULL,NULL,NULL,NULL,NULL,NULL,NULL
"2026-05-02","11:15","kolmonen","finland",1114065,"MK United",283509,"IF Sibbo Vargarna","id1004667169921736",NULL,NULL,NULL,NULL,NULL,NULL,NULL,NULL
"2026-05-02","11:30","championship","england",27,"Derby County",15,"Sheffield United","id1000001861491403",NULL,NULL,NULL,NULL,NULL,NULL,NULL,NULL
"2026-05-02","11:30","indian-super-league","india",1061008,"Inter Kashi FC",174602,"Northeast United FC","id1000190068746474",NULL,NULL,NULL,NULL,NULL,NULL,NULL,NULL
"2026-05-02","11:30","championship","england",24,"Watford FC",11,"Coventry City","id1000001861491387",NULL,NULL,NULL,NULL,NULL,NULL,NULL,NULL
"2026-05-02","11:30","championship","england",74,"Swansea City",47,"Charlton Athletic","id1000001861491389",NULL,NULL,NULL,NULL,NULL,NULL,NULL,NULL
"2026-05-02","11:30","china-league-1","china",1110267,"Guandong GZ-Power FC",327153,"Nantong Zhiyun","id1000078269455840",NULL,NULL,NULL,NULL,NULL,NULL,NULL,NULL
"2026-05-02","11:30","championship","england",12,"Sheffield Wednesday",8,"West Bromwich Albion","id1000001861491391",NULL,NULL,NULL,NULL,NULL,NULL,NULL,NULL
"2026-05-02","11:30","championship","england",32,"Ipswich Town",1,"Queens Park Rangers","id1000001861491399",NULL,NULL,NULL,NULL,NULL,NULL,NULL,NULL
"2026-05-02","11:30","u17-afc-asian-cup-women","international-youth",44558,"Korea DPR",36912,"Chinese Taipei U17","id1003369268938850",NULL,NULL,NULL,NULL,NULL,NULL,NULL,NULL
"2026-05-02","11:30","clj","poland",114695,"Polonia Warszawa",114725,"Miedz Legnica","id1000136565310888",NULL,NULL,NULL,NULL,NULL,NULL,NULL,NULL
"2026-05-02","11:30","championship","england",21,"Preston North End",45,"Southampton FC","id1000001861491393",NULL,NULL,NULL,NULL,NULL,NULL,NULL,NULL
"2026-05-02","11:30","championship","england",64,"Wrexham AFC",36,"Middlesbrough FC","id1000001861491385",NULL,NULL,NULL,NULL,NULL,NULL,NULL,NULL
"2026-05-02","11:30","national-league-south","england-amateur",104,"Torquay United",173464,"Dorking Wanderers","id1000017471193108",NULL,NULL,NULL,NULL,NULL,NULL,NULL,NULL
"2026-05-02","11:30","national-league-north","england-amateur",90,"Kidderminster Harriers FC",935861,"Macclesfield FC","id1000017671193112",NULL,NULL,NULL,NULL,NULL,NULL,NULL,NULL
"2026-05-02","11:30","u19-elite","switzerland",338585,"FC Aarau",1036825,"FC Winterthur","id1004828962877345",NULL,NULL,NULL,NULL,NULL,NULL,NULL,NULL
"2026-05-02","11:30","u17-afc-asian-cup-women","international-youth",36910,"Australia",913643,"India","id1003369268938838",NULL,NULL,NULL,NULL,NULL,NULL,NULL,NULL
"2026-05-02","11:30","3rd-division","denmark",22185,"IF Lyseng",22173,"Vejgaard BK","id1003482270730768",NULL,NULL,NULL,NULL,NULL,NULL,NULL,NULL
"2026-05-02","11:30","thai-league-1","thailand",85741,"Bangkok United FC",314323,"Ayutthaya United FC","id1000103266707772",NULL,NULL,NULL,NULL,NULL,NULL,NULL,NULL
"2026-05-02","11:30","china-league-1","china",204595,"Jiangxi Dingnan United",1110233,"Shaanxi Union FC","id1000078269455838",NULL,NULL,NULL,NULL,NULL,NULL,NULL,NULL
"2026-05-02","11:30","premier-league","singapore",3044,"Geylang International FC",3039,"Balestier Khalsa FC","id1000063462040878",NULL,NULL,NULL,NULL,NULL,NULL,NULL,NULL
"2026-05-02","11:30","kolmonen","finland",1007057,"Ylojarvi United FC",50019,"NOPS","id1004667169923654",NULL,NULL,NULL,NULL,NULL,NULL,NULL,NULL
"2026-05-02","11:30","u19-ligaen","denmark",615490,"FC Nordsjaelland",615496,"Silkeborg IF","id1004818162640981",NULL,NULL,NULL,NULL,NULL,NULL,NULL,NULL
"2026-05-02","11:30","china-league-1","china",793002,"Shijiazhuang Gongfu FC",1110227,"Guangxi Hengchen FC","id1000078269455844",NULL,NULL,NULL,NULL,NULL,NULL,NULL,NULL
"2026-05-02","11:30","super-league","malaysia",3329,"Sabah FC",138874,"PDRM FA","id1000100061974240",NULL,NULL,NULL,NULL,NULL,NULL,NULL,NULL
"2026-05-02","11:30","championship","england",58,"Bristol City",29,"Stoke City","id1000001861491405",NULL,NULL,NULL,NULL,NULL,NULL,NULL,NULL
"2026-05-02","11:30","championship","england",46,"Blackburn Rovers",31,"Leicester City","id1000001861491407",NULL,NULL,NULL,NULL,NULL,NULL,NULL,NULL
"2026-05-02","11:30","championship","england",96,"Hull City",263,"Norwich City","id1000001861491401",NULL,NULL,NULL,NULL,NULL,NULL,NULL,NULL
"2026-05-02","11:30","championship","england",25,"Millwall FC",95,"Oxford United","id1000001861491397",NULL,NULL,NULL,NULL,NULL,NULL,NULL,NULL
"2026-05-02","11:30","championship","england",2,"Portsmouth FC",9,"Birmingham City","id1000001861491395",NULL,NULL,NULL,NULL,NULL,NULL,NULL,NULL
"2026-05-02","11:30","premium-liiga","estonia",7106,"FC Kuressaare",3342,"FCI Levadia Tallinn","id1000017868214634",NULL,NULL,NULL,NULL,NULL,NULL,NULL,NULL
"2026-05-02","11:35","chinese-super-league","china",34697,"Zhejiang FC",422227,"Shenzhen Peng City","id1000064968995104",NULL,NULL,NULL,NULL,NULL,NULL,NULL,NULL
"2026-05-02","11:45","prva-nl","croatia",35226,"NK Rudes Zagreb",393756,"NK Dubrava Zagreb","id1000072469972698",NULL,NULL,NULL,NULL,NULL,NULL,NULL,NULL
"2026-05-02","12:00","oberliga-rheinland-pfalz","germany-amateur",274073,"FC Rot-Weiss Koblenz",5827,"FV Engers 07","id1000110962118928",NULL,NULL,NULL,NULL,NULL,NULL,NULL,NULL
"2026-05-02","12:00","liga-2","indonesia",39732,"Persipura Jayapura",623598,"Persiku Kudus","id1002056068646788",NULL,NULL,NULL,NULL,NULL,NULL,NULL,NULL
"2026-05-02","12:00","u19-elite","switzerland",120858,"FC Basel",1036821,"FC Lausanne Sport","id1004828962877351",NULL,NULL,NULL,NULL,NULL,NULL,NULL,NULL
"2026-05-02","12:00","toppserien-women","norway",745,"Roea",731,"Rosenborg BK Kvinner","id1000020167017044",NULL,NULL,NULL,NULL,NULL,NULL,NULL,NULL
"2026-05-02","12:00","u19-division-de-honor-juvenil","spain",1248109,"Atletico Barranco Hondo",1275818,"UD Villa Santa Brigida U19","id1004834362941333",NULL,NULL,NULL,NULL,NULL,NULL,NULL,NULL
"2026-05-02","12:00","2nd-division-group-2","norway",679,"Skeid Fotball",694,"Eidsvold TF","id1002463667915542",NULL,NULL,NULL,NULL,NULL,NULL,NULL,NULL
"2026-05-02","12:00","regionalliga-west","germany-amateur",4505,"Wuppertaler SV",5842,"FC Gutersloh 2000","id1000049361853418",NULL,NULL,NULL,NULL,NULL,NULL,NULL,NULL
"2026-05-02","12:00","regionalliga-west","germany-amateur",2587,"Sportfreunde Siegen 1899",6188,"Bonner SC","id1000049361853414",NULL,NULL,NULL,NULL,NULL,NULL,NULL,NULL
"2026-05-02","12:00","regionalliga-bavaria","germany-amateur",75115,"TSV Aubstadt",75131,"SpVgg Hankofen-Hailing","id1000108561854724",NULL,NULL,NULL,NULL,NULL,NULL,NULL,NULL
"2026-05-02","12:00","ii-liga","poland",240366,"Rekord Bielsko Biala",681381,"LKS Lodz II","id1000051561467257",NULL,NULL,NULL,NULL,NULL,NULL,NULL,NULL
"2026-05-02","12:00","msfl","czechia",312398,"FC Vsetin",53137,"FK Hodonin","id1001414766053676",NULL,NULL,NULL,NULL,NULL,NULL,NULL,NULL
"2026-05-02","12:00","bayernliga-south","germany-amateur",36287,"Schalding-Heining Passau",338295,"Turkspor Augsburg","id1000109161556016",NULL,NULL,NULL,NULL,NULL,NULL,NULL,NULL
"2026-05-02","12:00","3-liga","germany",2593,"SC Verl",7827,"TSV Havelse","id1000049161709676",NULL,NULL,NULL,NULL,NULL,NULL,NULL,NULL
"2026-05-02","12:00","toppserien-women","norway",250579,"Molde FK",7312,"Aalesunds FK","id1000020167017042",NULL,NULL,NULL,NULL,NULL,NULL,NULL,NULL
"2026-05-02","12:00","ekstraliga-women","poland",260747,"Gornik Leczna",368678,"GKS Katowice","id1001818867790420",NULL,NULL,NULL,NULL,NULL,NULL,NULL,NULL
"2026-05-02","12:00","u19-dfb-nachwuchsliga","germany-amateur",74437,"FC Carl Zeiss Jena",52886,"SpVgg Unterhaching","id1002470267207620",NULL,NULL,NULL,NULL,NULL,NULL,NULL,NULL
"2026-05-02","12:00","thai-league-1","thailand",766834,"Kanchanaburi Power FC",35886,"Chonburi FC","id1000103266707774",NULL,NULL,NULL,NULL,NULL,NULL,NULL,NULL
"2026-05-02","12:00","premier-soccer-league","zimbabwe",421531,"Chicken Inn FC",332407,"Dynamos Harare FC","id1002347967563228",NULL,NULL,NULL,NULL,NULL,NULL,NULL,NULL
"2026-05-02","12:00","regionalliga-southwest","germany-amateur",24272,"TSG Balingen 1848",2584,"Bahlinger SC","id1000107961859512",NULL,NULL,NULL,NULL,NULL,NULL,NULL,NULL
"2026-05-02","12:00","2-liga-division-b-group-1","russia",528137,"Psk Dinskaya",1335602,"Shakhtar Donetsk Taganrog","id1000109370249484",NULL,NULL,NULL,NULL,NULL,NULL,NULL,NULL
"2026-05-02","12:00","oberliga-nofv-north","germany-amateur",53027,"FC Viktoria 1889 Berlin",1267438,"SV Siedenbollentin","id1000014561705352",NULL,NULL,NULL,NULL,NULL,NULL,NULL,NULL
"2026-05-02","12:00","3rd-division-group-6","norway",1043,"Oppsal IF",1127,"Bjoerkelangen","id1002465267921000",NULL,NULL,NULL,NULL,NULL,NULL,NULL,NULL
"2026-05-02","12:00","u19-national","hungary",345378,"Ferencvarosi TC",76559,"Vasas Kubala Academy","id1004818367343086",NULL,NULL,NULL,NULL,NULL,NULL,NULL,NULL
"2026-05-02","12:00","premier-league","kenya",242066,"Kakamega Homeboyz",76433,"Leopards SC","id1000164463097497",NULL,NULL,NULL,NULL,NULL,NULL,NULL,NULL
"2026-05-02","12:00","3-snl","slovenia",4903,"Drava Ptuj",198234,"NK Ljutomer","id1004799862252512",NULL,NULL,NULL,NULL,NULL,NULL,NULL,NULL
"2026-05-02","12:00","regionalliga-southwest","germany-amateur",165922,"TSV Steinbach Haiger",5889,"SC Freiburg II","id1000107961859500",NULL,NULL,NULL,NULL,NULL,NULL,NULL,NULL
"2026-05-02","12:00","u19-national","hungary",546957,"UTE Labdarugo Akademia",369162,"Fehervar FC","id1004818367343082",NULL,NULL,NULL,NULL,NULL,NULL,NULL,NULL
"2026-05-02","12:00","regionalliga-north","germany-amateur",5804,"SV Meppen 1912",24039,"Bremer SV 1906","id1000004262284556",NULL,NULL,NULL,NULL,NULL,NULL,NULL,NULL
"2026-05-02","12:00","regionalliga-southwest","germany-amateur",2571,"FSV Mainz II",5894,"SG Sonnenhof Grossaspach","id1000107961859506",NULL,NULL,NULL,NULL,NULL,NULL,NULL,NULL
"2026-05-02","12:00","bayernliga-north","germany-amateur",583919,"ASV Cham",452511,"SC Grosschwarzenlohe","id1000108961555472",NULL,NULL,NULL,NULL,NULL,NULL,NULL,NULL
"2026-05-02","12:00","premier-league","kenya",872787,"Mara Sugar FC",138482,"Mathare United FC","id1000164463097495",NULL,NULL,NULL,NULL,NULL,NULL,NULL,NULL
"2026-05-02","12:00","laliga","spain",2819,"Villarreal CF",2849,"Levante UD","id1000000861624614",NULL,NULL,NULL,NULL,NULL,NULL,NULL,NULL
"2026-05-02","12:00","u19-elite","switzerland",1036831,"FC Sion",224750,"Servette FC","id1004828962877353",NULL,NULL,NULL,NULL,NULL,NULL,NULL,NULL
"2026-05-02","12:00","3rd-division-group-4","norway",7485,"Staal Joerpeland IL",22243,"Brodd","id1002464867920328",NULL,NULL,NULL,NULL,NULL,NULL,NULL,NULL
"2026-05-02","12:00","persha-liga","ukraine",3309,"FC Vorskla Poltava",822006,"FC Livyi Bereh Kyiv","id1000069161840748",NULL,NULL,NULL,NULL,NULL,NULL,NULL,NULL
"2026-05-02","12:00","nb-i-women","hungary",153382,"Ferencvarosi Budapest",38338,"MTK Hungaria Budapest","id1001926662301624",NULL,NULL,NULL,NULL,NULL,NULL,NULL,NULL
"2026-05-02","12:00","premier-soccer-league","zimbabwe",1316450,"Agama FC",412665,"FC Platinum","id1002347967563222",NULL,NULL,NULL,NULL,NULL,NULL,NULL,NULL
"2026-05-02","12:00","superliga","romania",3291,"ASC Otelul Galati",79081,"Metaloglobus Bucuresti","id1000015269744632",NULL,NULL,NULL,NULL,NULL,NULL,NULL,NULL
"2026-05-02","12:00","bayernliga-north","germany-amateur",52769,"SC Eltersdorf",75123,"ASV Neumarkt","id1000108961555470",NULL,NULL,NULL,NULL,NULL,NULL,NULL,NULL
"2026-05-02","12:00","divize-e","czechia",301374,"Tj Slovan Bzenec",6669,"MSK Breclav","id1004073566054198",NULL,NULL,NULL,NULL,NULL,NULL,NULL,NULL
"2026-05-02","12:00","kolmonen","finland",889967,"Kjp Kouvola",283541,"Ips","id1004667169924642",NULL,NULL,NULL,NULL,NULL,NULL,NULL,NULL
"2026-05-02","12:00","erovnuli-liga-2","georgia",178634,"Odishi",321741,"FC Gareji Sagarejo","id1000072671053594",NULL,NULL,NULL,NULL,NULL,NULL,NULL,NULL
"2026-05-02","12:00","kvindeligaen-women","denmark",1159917,"FC Koebenhavn",279651,"Odense Q","id1001419367149562",NULL,NULL,NULL,NULL,NULL,NULL,NULL,NULL
"2026-05-02","12:00","regionalliga-southwest","germany-amateur",5776,"FC Bayern Alzenau",5777,"FSV Frankfurt 1899","id1000107961859510",NULL,NULL,NULL,NULL,NULL,NULL,NULL,NULL
"2026-05-02","12:00","u19-national","hungary",345376,"Budapest Honved",345382,"Illes Akademia","id1004818367343090",NULL,NULL,NULL,NULL,NULL,NULL,NULL,NULL
"2026-05-02","12:00","premier-soccer-league","zimbabwe",317869,"Ngezi Platinum",551821,"Manica Diamonds FC","id1002347967563238",NULL,NULL,NULL,NULL,NULL,NULL,NULL,NULL
"2026-05-02","12:00","bremen-liga","germany-amateur",24049,"SG Aumund-Vegesack",53331,"FC Union 60 Bremen","id1000050862280158",NULL,NULL,NULL,NULL,NULL,NULL,NULL,NULL
"2026-05-02","12:00","premier-league","armenia",618770,"FC BKMA Yerevan",67966,"FC Alashkert Yerevan","id1000067170906464",NULL,NULL,NULL,NULL,NULL,NULL,NULL,NULL
"2026-05-02","12:00","bayernliga-south","germany-amateur",5877,"FC Ismaning",45228,"TSV 1861 Nordlingen","id1000109161556018",NULL,NULL,NULL,NULL,NULL,NULL,NULL,NULL
"2026-05-02","12:00","virsliga","latvia",52220,"Grobinas SC/LFS",41498,"BFC Daugavpils","id1000019768492494",NULL,NULL,NULL,NULL,NULL,NULL,NULL,NULL
"2026-05-02","12:00","liga-2","indonesia",181638,"PSS Sleman",181636,"PSIS Semarang","id1002056068646792",NULL,NULL,NULL,NULL,NULL,NULL,NULL,NULL
"2026-05-02","12:00","division-2-promotion-playoffs","sweden",1300016,"Staffanstorp United",327037,"Rappe GOIF","id1002078268344624",NULL,NULL,NULL,NULL,NULL,NULL,NULL,NULL
"2026-05-02","12:00","u19-elite","switzerland",618590,"Grasshopper Club Zurich",499310,"BSC Young Boys","id1004828962877347",NULL,NULL,NULL,NULL,NULL,NULL,NULL,NULL
"2026-05-02","12:00","regionalliga-northeast","germany-amateur",24093,"1. FC Lokomotive Leipzig",5895,"BFC Preussen Berlin","id1000108361712340",NULL,NULL,NULL,NULL,NULL,NULL,NULL,NULL
"2026-05-02","12:00","premier-league","azerbaijan",37750,"FK Kapaz",44497,"Sumqayit FK","id1000070963185747",NULL,NULL,NULL,NULL,NULL,NULL,NULL,NULL
"2026-05-02","12:00","2-liga-division-b-group-3","russia",560588,"FC Volna Nizhny Novgorod Oblast",1335610,"Rodina-3 Moscow","id1000109570228220",NULL,NULL,NULL,NULL,NULL,NULL,NULL,NULL
"2026-05-02","12:00","3rd-division","denmark",1300,"BK Frem",22208,"Odder IGF","id1003482270730770",NULL,NULL,NULL,NULL,NULL,NULL,NULL,NULL
"2026-05-02","12:00","regionalliga-west","germany-amateur",7875,"SC Wiedenbruck",5817,"SSVg Velbert","id1000049361853410",NULL,NULL,NULL,NULL,NULL,NULL,NULL,NULL
"2026-05-02","12:00","kolmonen","finland",1131349,"Yllatys",2285,"SC Zulimanit","id1004667169924470",NULL,NULL,NULL,NULL,NULL,NULL,NULL,NULL
"2026-05-02","12:00","regionalliga-west","germany-amateur",5811,"Borussia Monchengladbach II",6156,"1. FC Bocholt","id1000049361853404",NULL,NULL,NULL,NULL,NULL,NULL,NULL,NULL
"2026-05-02","12:00","erovnuli-liga","georgia",37305,"FC Meshakhte Tkibuli",116312,"FC Iberia 1999","id1000070470224400",NULL,NULL,NULL,NULL,NULL,NULL,NULL,NULL
"2026-05-02","12:00","u19-prva-nl-juniori","croatia",783452,"NK Kustosija Zagreb",372484,"HNK Sibenik","id1004806062415610",NULL,NULL,NULL,NULL,NULL,NULL,NULL,NULL
"2026-05-02","12:00","kings-league-spain","soccerspecials",1011063,"Pio FC",1011057,"Jijantes FC","id1004724169420174",NULL,NULL,NULL,NULL,NULL,NULL,NULL,NULL
"2026-05-02","12:00","regionalliga-southwest","germany-amateur",2586,"Offenbacher FC Kickers 1901",7872,"FC Astoria Walldorf","id1000107961859498",NULL,NULL,NULL,NULL,NULL,NULL,NULL,NULL
"2026-05-02","12:00","1-league-women","slovakia",43364,"Slovan Bratislava",533985,"FC Petrzalka 1898","id1001924670141994",NULL,NULL,NULL,NULL,NULL,NULL,NULL,NULL
"2026-05-02","12:00","premier-soccer-league","zimbabwe",317569,"Caps United FC",421527,"Bulawayo Chiefs FC","id1002347967563230",NULL,NULL,NULL,NULL,NULL,NULL,NULL,NULL
"2026-05-02","12:00","2nd-division-group-1","norway",35610,"Bjarg",199925,"Lysekloster","id1002463867915768",NULL,NULL,NULL,NULL,NULL,NULL,NULL,NULL
"2026-05-02","12:00","danmarksserien","denmark-amateur",740743,"ASA Aarhus",1350,"BK Marienlyst","id1003719570663734",NULL,NULL,NULL,NULL,NULL,NULL,NULL,NULL
"2026-05-02","12:00","3rd-division-group-3","norway",818,"Gneist",60968,"FK Fyllingsdalen","id1002464667919834",NULL,NULL,NULL,NULL,NULL,NULL,NULL,NULL
"2026-05-02","12:00","kings-league-spain","soccerspecials",1011073,"Xbuyer Team",1011069,"Saiyans FC","id1004724169420166",NULL,NULL,NULL,NULL,NULL,NULL,NULL,NULL
"2026-05-02","12:00","3rd-division","denmark",44017,"FA 2000",1319,"Naesby BK","id1003482270730714",NULL,NULL,NULL,NULL,NULL,NULL,NULL,NULL
"2026-05-02","12:00","liga-2","indonesia",86542,"Barito Putera",541965,"Persipal FC","id1002056068646790",NULL,NULL,NULL,NULL,NULL,NULL,NULL,NULL
"2026-05-02","12:00","regionalliga-bavaria","germany-amateur",70944,"FC Augsburg II",5050,"SpVgg Bayreuth","id1000108561854726",NULL,NULL,NULL,NULL,NULL,NULL,NULL,NULL
"2026-05-02","12:00","kings-league-spain","soccerspecials",1011065,"Porcinos FC",1011061,"Los Troncos FC","id1004724169420176",NULL,NULL,NULL,NULL,NULL,NULL,NULL,NULL
"2026-05-02","12:00","nb-i-women","hungary",832932,"Szekszardi Ufc",368004,"Diosgyori VTK Miskolc","id1001926665098868",NULL,NULL,NULL,NULL,NULL,NULL,NULL,NULL
"2026-05-02","12:00","u19-dfb-nachwuchsliga","germany-amateur",163290,"FC Viktoria Cologne",74427,"FSV Frankfurt","id1002470267207986",NULL,NULL,NULL,NULL,NULL,NULL,NULL,NULL
"2026-05-02","12:00","regionalliga-west","germany-amateur",5839,"VfL Bochum II",2552,"RW Oberhausen","id1000049361853420",NULL,NULL,NULL,NULL,NULL,NULL,NULL,NULL
"2026-05-02","12:00","liga-2","indonesia",618640,"Kendal Tornado FC",64287,"Persela Lamongan","id1002056068646796",NULL,NULL,NULL,NULL,NULL,NULL,NULL,NULL
"2026-05-02","12:00","3rd-division-group-6","norway",883,"Raelingen",142764,"FK Gjoevik-Lyn","id1002465267920996",NULL,NULL,NULL,NULL,NULL,NULL,NULL,NULL
"2026-05-02","12:00","erovnuli-liga-2","georgia",36866,"FC Samtredia",5959,"Sioni Bolnisi","id1000072671052760",NULL,NULL,NULL,NULL,NULL,NULL,NULL,NULL
"2026-05-02","12:00","chinese-super-league","china",1009011,"Yunnan Yukun",3376,"Beijing Guoan","id1000064968995106",NULL,NULL,NULL,NULL,NULL,NULL,NULL,NULL
"2026-05-02","12:00","premier-league","kenya",138474,"Bandari FC",633002,"Aps Bomet FC","id1000164463097499",NULL,NULL,NULL,NULL,NULL,NULL,NULL,NULL
"2026-05-02","12:00","veikkausliiga","finland",22395,"Seinajoen JK",22386,"Tampereen Ilves","id1000004167091280",NULL,NULL,NULL,NULL,NULL,NULL,NULL,NULL
"2026-05-02","12:00","premier-league","kazakhstan",5365,"FC Irtysh Pavlodar",5172,"FC Kairat Almaty","id1000068269342816",NULL,NULL,NULL,NULL,NULL,NULL,NULL,NULL
"2026-05-02","12:00","regionalliga-bavaria","germany-amateur",2555,"SpVgg Unterhaching",5871,"FC Memmingen","id1000108561854710",NULL,NULL,NULL,NULL,NULL,NULL,NULL,NULL
"2026-05-02","12:00","3-liga","germany",2567,"Jahn Regensburg",5887,"TSG Hoffenheim II","id1000049161709670",NULL,NULL,NULL,NULL,NULL,NULL,NULL,NULL
"2026-05-02","12:00","oberliga-rheinland-pfalz","germany-amateur",5836,"VfR Wormatia 08 Worms",36357,"Sportfreunde Eisbachtal","id1000110962118926",NULL,NULL,NULL,NULL,NULL,NULL,NULL,NULL
"2026-05-02","12:00","oberliga-nofv-south","germany-amateur",593822,"FC Einheit Wernigerode",214174,"Bischofswerdaer FV 1908","id1000015061706130",NULL,NULL,NULL,NULL,NULL,NULL,NULL,NULL
"2026-05-02","12:00","premier-soccer-league","zimbabwe",421545,"Triangle United",551819,"Telone FC","id1002347967563234",NULL,NULL,NULL,NULL,NULL,NULL,NULL,NULL
"2026-05-02","12:00","damallsvenskan","sweden",112697,"IF Brommapojkarna",8086,"Kristianstads DFF","id1000021466918100",NULL,NULL,NULL,NULL,NULL,NULL,NULL,NULL
"2026-05-02","12:00","3rd-division-group-2","norway",7459,"Ranheim 2",707,"Strindheim TF","id1002464467919552",NULL,NULL,NULL,NULL,NULL,NULL,NULL,NULL
"2026-05-02","12:00","regionalliga-northeast","germany-amateur",2614,"FC Carl Zeiss Jena",5861,"BFC Dynamo","id1000108361712342",NULL,NULL,NULL,NULL,NULL,NULL,NULL,NULL
"2026-05-02","12:00","hessenliga","germany-amateur",24057,"Eintracht Stadtallendorf",625780,"Hanauer SC 1960","id1000018461556588",NULL,NULL,NULL,NULL,NULL,NULL,NULL,NULL
"2026-05-02","12:00","premier-soccer-league","zimbabwe",421547,"ZPC Kariba",1234211,"Mwos FC","id1002347967563226",NULL,NULL,NULL,NULL,NULL,NULL,NULL,NULL
"2026-05-02","12:00","elitettan-women","sweden-amateur",992625,"BK Hacken Academy",668391,"Alingsas FC United","id1003894167473226",NULL,NULL,NULL,NULL,NULL,NULL,NULL,NULL
"2026-05-02","12:00","regionalliga-bavaria","germany-amateur",2599,"SpVgg Ansbach",5883,"Greuther Furth II","id1000108561854720",NULL,NULL,NULL,NULL,NULL,NULL,NULL,NULL
"2026-05-02","12:00","regionalliga-southwest","germany-amateur",6157,"SV Sandhausen",162354,"TSV Schott Mainz","id1000107961859496",NULL,NULL,NULL,NULL,NULL,NULL,NULL,NULL
"2026-05-02","12:00","kvindeligaen-women","denmark",1154719,"FC Midtjylland",686141,"Asa Aarhus","id1001419367149564",NULL,NULL,NULL,NULL,NULL,NULL,NULL,NULL
"2026-05-02","12:00","regionalliga-southwest","germany-amateur",459543,"SG Barockstadt Fulda-Lehnerz",2640,"SGV Freiberg","id1000107961859504",NULL,NULL,NULL,NULL,NULL,NULL,NULL,NULL
"2026-05-02","12:00","premier-league","kenya",138474,"Bandari FC",242064,"Posta Rangers FC","id1000164470378350",NULL,NULL,NULL,NULL,NULL,NULL,NULL,NULL
"2026-05-02","12:00","regionalliga-north","germany-amateur",915975,"FSV Schoningen 2011",276285,"HSC Hannover","id1000004262284560",NULL,NULL,NULL,NULL,NULL,NULL,NULL,NULL
"2026-05-02","12:00","kings-league-spain","soccerspecials",1011067,"Rayo de Barcelona",1298846,"Skull FC","id1004724169420168",NULL,NULL,NULL,NULL,NULL,NULL,NULL,NULL
"2026-05-02","12:00","u19-dfb-nachwuchsliga","germany-amateur",1222643,"SV Rot-Weiss Walldorf",534103,"Jahn Regensburg","id1002470267207716",NULL,NULL,NULL,NULL,NULL,NULL,NULL,NULL
"2026-05-02","12:00","3-liga","germany",2546,"Alemannia Aachen",2533,"Hansa Rostock","id1000049161709674",NULL,NULL,NULL,NULL,NULL,NULL,NULL,NULL
"2026-05-02","12:00","regionalliga-northeast","germany-amateur",5561,"FC Eilenburg",7864,"Greifswalder FC","id1000108361712356",NULL,NULL,NULL,NULL,NULL,NULL,NULL,NULL
"2026-05-02","12:00","premier-soccer-league","zimbabwe",421535,"Herentals FC",380444,"Highlanders FC","id1002347967563232",NULL,NULL,NULL,NULL,NULL,NULL,NULL,NULL
"2026-05-02","12:00","3rd-division-group-4","norway",804,"Vaag IK",7345,"FK Haugesund 2","id1002464867920330",NULL,NULL,NULL,NULL,NULL,NULL,NULL,NULL
"2026-05-02","12:00","3rd-division-group-2","norway",799,"Nardo FK",7455,"Orkla","id1002464467919556",NULL,NULL,NULL,NULL,NULL,NULL,NULL,NULL
"2026-05-02","12:00","2nd-division-group-2","norway",670,"Kjelsaas",684,"Loerenskog IF","id1002463667915544",NULL,NULL,NULL,NULL,NULL,NULL,NULL,NULL
"2026-05-02","12:00","division-2-promotion-playoffs","sweden",102061,"Sunnersta AIF",1856,"Skiljebo SK","id1002078268320758",NULL,NULL,NULL,NULL,NULL,NULL,NULL,NULL
"2026-05-02","12:00","bayernliga-north","germany-amateur",260735,"TSV Kornburg",911839,"SpVgg SV Weiden","id1000108961555474",NULL,NULL,NULL,NULL,NULL,NULL,NULL,NULL
"2026-05-02","12:00","u19-national","hungary",754867,"Szeged-Csanad Grosics Akademia",268321,"Gyori ETO FC","id1004818367343088",NULL,NULL,NULL,NULL,NULL,NULL,NULL,NULL
"2026-05-02","12:00","3rd-division-group-1","norway",693,"Baerum SK",149882,"Lokomotiv Oslo","id1002464267919240",NULL,NULL,NULL,NULL,NULL,NULL,NULL,NULL
"2026-05-02","12:00","1-liga","russia",36276,"FC Chelyabinsk",73172,"FC Neftekhimik Nizhnekamsk","id1000020471048114",NULL,NULL,NULL,NULL,NULL,NULL,NULL,NULL
"2026-05-02","12:00","oberliga-nofv-south","germany-amateur",2619,"VFC Plauen",5566,"VfB Auerbach 1906","id1000015061706138",NULL,NULL,NULL,NULL,NULL,NULL,NULL,NULL
"2026-05-02","12:00","danmarksserien","denmark-amateur",1268634,"Espergaerde IF",1338,"Fredensborg BI","id1003719570663732",NULL,NULL,NULL,NULL,NULL,NULL,NULL,NULL
"2026-05-02","12:00","3-liga","germany",2554,"1. FC Saarbrucken",2680,"SV Waldhof Mannheim 07","id1000049161709660",NULL,NULL,NULL,NULL,NULL,NULL,NULL,NULL
"2026-05-02","12:00","kings-league-spain","soccerspecials",1298830,"La Capital CF",1011055,"El Barrio","id1004724169420172",NULL,NULL,NULL,NULL,NULL,NULL,NULL,NULL
"2026-05-02","12:00","persha-liga","ukraine",1036073,"FC Ucsa Tarasivka",460079,"FC Chernigiv","id1000069161840750",NULL,NULL,NULL,NULL,NULL,NULL,NULL,NULL
"2026-05-02","12:00","regionalliga-bavaria","germany-amateur",42589,"VfB Eichstatt",5791,"Viktoria Aschaffenburg","id1000108561854722",NULL,NULL,NULL,NULL,NULL,NULL,NULL,NULL
"2026-05-02","12:00","regionalliga-west","germany-amateur",5844,"VfL Sportfreunde Lotte 1929",7931,"Fortuna Dusseldorf II","id1000049361853416",NULL,NULL,NULL,NULL,NULL,NULL,NULL,NULL
"2026-05-02","12:00","3rd-division-group-5","norway",7475,"Skedsmo",658,"Stroemsgodset 2","id1002465067920526",NULL,NULL,NULL,NULL,NULL,NULL,NULL,NULL
"2026-05-02","12:00","persha-liga","ukraine",43877,"FC Podillya Khmelnytskyi",43336,"FSC Bukovyna Chernivtsi","id1000069161840760",NULL,NULL,NULL,NULL,NULL,NULL,NULL,NULL
"2026-05-02","12:00","regionalliga-bavaria","germany-amateur",5872,"1 FC Nuremberg II",23949,"TSV Buchbach","id1000108561854718",NULL,NULL,NULL,NULL,NULL,NULL,NULL,NULL
"2026-05-02","12:00","danmarksserien","denmark-amateur",106277,"Young Boys FD Silkeborg",1312,"Noerresundby FB","id1003719570663526",NULL,NULL,NULL,NULL,NULL,NULL,NULL,NULL
"2026-05-02","12:00","1-league-women","slovakia",375368,"MFK Ruzomberok",499138,"FC Spartak Trnava","id1001924670142034",NULL,NULL,NULL,NULL,NULL,NULL,NULL,NULL
"2026-05-02","12:00","2nd-division","denmark",1398,"Brabrand IF",6392,"FC Helsingoer","id1000006570730354",NULL,NULL,NULL,NULL,NULL,NULL,NULL,NULL
"2026-05-02","12:00","1st-division-women","norway",993047,"IK Start",855663,"Odds BK","id1001927267018360",NULL,NULL,NULL,NULL,NULL,NULL,NULL,NULL
"2026-05-02","12:00","pervaya-liga","belarus",42969,"FC Osipovichi",791414,"Niva Dolbizno","id1000077670986700",NULL,NULL,NULL,NULL,NULL,NULL,NULL,NULL
"2026-05-02","12:00","bayernliga-south","germany-amateur",6169,"SV Heimstetten",212032,"SV Kirchanschoring","id1000109161556028",NULL,NULL,NULL,NULL,NULL,NULL,NULL,NULL
"2026-05-02","12:00","u19-national","hungary",467831,"Diosgyori VTK",345384,"MTK Budapest","id1004818367343092",NULL,NULL,NULL,NULL,NULL,NULL,NULL,NULL
"2026-05-02","12:00","u19-national","hungary",76563,"Debreceni VSC",224766,"Puskas Akademia","id1004818367343084",NULL,NULL,NULL,NULL,NULL,NULL,NULL,NULL
"2026-05-02","12:00","3-liga","germany",2544,"1. FC Schweinfurt 05",2536,"TSV 1860 Munich","id1000049161709678",NULL,NULL,NULL,NULL,NULL,NULL,NULL,NULL
"2026-05-02","12:00","eredivisie","netherlands",2954,"Roda JC Kerkrade",2956,"RKC Waalwijk","id1000003771080910",NULL,NULL,NULL,NULL,NULL,NULL,NULL,NULL
"2026-05-02","12:00","super-league","kenya",554434,"Fortune Sacco",346142,"Mwatate United","id1004893571166154",NULL,NULL,NULL,NULL,NULL,NULL,NULL,NULL
"2026-05-02","12:00","super-league","kenya",346088,"Naivas",554436,"Kisumu All Stars FC","id1004893571166148",NULL,NULL,NULL,NULL,NULL,NULL,NULL,NULL
"2026-05-02","12:00","super-league","kenya",407337,"Kibera Black Stars",1298343,"Gucha Stars FC","id1004893571166150",NULL,NULL,NULL,NULL,NULL,NULL,NULL,NULL
"2026-05-02","12:00","eredivisie","netherlands",2990,"Almere City FC",2963,"FC Den Bosch","id1000003771094444",NULL,NULL,NULL,NULL,NULL,NULL,NULL,NULL
"2026-05-02","12:00","ii-liiga","estonia",896921,"FC Tallinn",728551,"FC Hiiumaa","id1004664570964606",NULL,NULL,NULL,NULL,NULL,NULL,NULL,NULL
"2026-05-02","12:00","u19-super-league","greece",497144,"Panaitolikos",497180,"FC Levadiakos","id1002638471166780",NULL,NULL,NULL,NULL,NULL,NULL,NULL,NULL
"2026-05-02","12:00","u19-super-league","greece",497166,"AEK Athens",497176,"Panathinaikos","id1002638471166778",NULL,NULL,NULL,NULL,NULL,NULL,NULL,NULL
"2026-05-02","12:00","premier-soccer-league","zimbabwe",1316452,"Hardrock FC",1316454,"FC Hunters","id1002347967563236",NULL,NULL,NULL,NULL,NULL,NULL,NULL,NULL
"2026-05-02","12:00","liga-2","indonesia",854421,"Deltras FC",64291,"Persiba Balikpapan","id1002056068646794",NULL,NULL,NULL,NULL,NULL,NULL,NULL,NULL
"2026-05-02","12:00","division-2-promotion-playoffs","sweden",342164,"IFK Karlshamn",688525,"Linero IF","id1002078268344622",NULL,NULL,NULL,NULL,NULL,NULL,NULL,NULL
"2026-05-02","12:00","erovnuli-liga-2","georgia",37314,"Aragvi Dusheti",337647,"FC Telavi","id1000072670906740",NULL,NULL,NULL,NULL,NULL,NULL,NULL,NULL
"2026-05-02","12:00","regionalliga-ost","austria-amateur",388974,"Union Mauer",589687,"SV Gloggnitz","id1000016661472545",NULL,NULL,NULL,NULL,NULL,NULL,NULL,NULL
"2026-05-02","12:00","regionalliga-west","germany-amateur",2525,"1. FC Cologne II",108351,"SV Rodinghausen","id1000049361853408",NULL,NULL,NULL,NULL,NULL,NULL,NULL,NULL
"2026-05-02","12:00","toppserien-women","norway",889657,"Haugesund",99229,"Lyn","id1000020167017040",NULL,NULL,NULL,NULL,NULL,NULL,NULL,NULL
"2026-05-02","12:00","liga-1","indonesia",1055373,"Malut United",211852,"Persis Solo","id1000101562083138",NULL,NULL,NULL,NULL,NULL,NULL,NULL,NULL
"2026-05-02","12:00","kings-league-spain","soccerspecials",1011071,"Ultimate Mostoles",1011051,"1K FC","id1004724169420170",NULL,NULL,NULL,NULL,NULL,NULL,NULL,NULL
"2026-05-02","12:00","kvindeligaen-women","denmark",452845,"FC Thy - Thistedq",384424,"Oesterbro IF","id1001419367149560",NULL,NULL,NULL,NULL,NULL,NULL,NULL,NULL
"2026-05-02","12:00","u19-elite","switzerland",1036823,"FC St. Gallen 1879",206259,"FC Zurich","id1004828962877341",NULL,NULL,NULL,NULL,NULL,NULL,NULL,NULL
"2026-05-02","12:00","oberliga-rheinland-pfalz","germany-amateur",5825,"FK 03 Pirmasens",310718,"FV Dudenhofen","id1000110962118938",NULL,NULL,NULL,NULL,NULL,NULL,NULL,NULL
"2026-05-02","12:00","premier-soccer-league","zimbabwe",1234215,"Scottland FC",993217,"Simba Bhora FC","id1002347967563224",NULL,NULL,NULL,NULL,NULL,NULL,NULL,NULL
"2026-05-02","12:15","super-league","malaysia",3327,"Johor Darul Ta'zim",3324,"Kuala Lumpur City FC","id1000100061974242",NULL,NULL,NULL,NULL,NULL,NULL,NULL,NULL
"2026-05-02","12:15","kolmonen","finland",1124271,"Ppj/Lauttasaari",245399,"Toukolan Teras","id1004667170684158",NULL,NULL,NULL,NULL,NULL,NULL,NULL,NULL
"2026-05-02","12:15","kolmonen","finland",1335286,"Vjs/Akatemia",1124271,"Ppj/Lauttasaari","id1004667169921092",NULL,NULL,NULL,NULL,NULL,NULL,NULL,NULL
"2026-05-02","12:30","2-liga","austria",2067,"Kapfenberger SV",7790,"FC Liefering","id1000013561591336",NULL,NULL,NULL,NULL,NULL,NULL,NULL,NULL
"2026-05-02","12:30","2-liga","austria",2108,"Young Violets Wien",7785,"FAC Wien","id1000013561591334",NULL,NULL,NULL,NULL,NULL,NULL,NULL,NULL
"2026-05-02","12:30","philippines-footb-league","philippines",142204,"Stallion Laguna FC",1026991,"Manila Digger FC","id1000165471136184",NULL,NULL,NULL,NULL,NULL,NULL,NULL,NULL
"2026-05-02","12:30","top-league","kyrgyzstan",458257,"Ilbirs Bishkek FC",1003565,"Muras United FC","id1002662271193596",NULL,NULL,NULL,NULL,NULL,NULL,NULL,NULL
"2026-05-02","12:30","2-liga","austria",2103,"SK Sturm Graz II",43074,"Austria Salzburg","id1000013561591340",NULL,NULL,NULL,NULL,NULL,NULL,NULL,NULL
"2026-05-02","12:30","u19-elite","switzerland",1036827,"FC Thun Berner Oberland",1036829,"FC Luzern","id1004828962877349",NULL,NULL,NULL,NULL,NULL,NULL,NULL,NULL
"2026-05-02","12:30","hessenliga","germany-amateur",5782,"KSV Baunatal",459507,"FC Giessen","id1000018461556592",NULL,NULL,NULL,NULL,NULL,NULL,NULL,NULL
"2026-05-02","12:30","u20-goiano-1-divisao","brazil",566539,"Inhumas EC GO",555628,"Goiania EC GO","id1004664769279770",NULL,NULL,NULL,NULL,NULL,NULL,NULL,NULL
"2026-05-02","12:30","u20-goiano-1-divisao","brazil",895413,"Guanabara City FC GO",777292,"Cerrado EC GO","id1004664769279766",NULL,NULL,NULL,NULL,NULL,NULL,NULL,NULL
"2026-05-02","12:30","2nd-division-group-2","norway",692,"Ullensaker/Kisa",727,"Stjordals-Blink","id1002463667915546",NULL,NULL,NULL,NULL,NULL,NULL,NULL,NULL
"2026-05-02","12:30","premier-league","ukraine",213180,"Veres Rivne",602316,"FC Epitsentr Kamianets-Podilskyi","id1000021861651622",NULL,NULL,NULL,NULL,NULL,NULL,NULL,NULL
"2026-05-02","12:30","super-league","malawi",293942,"Karonga United FC",1338810,"Masters FC","id1001949470381458",NULL,NULL,NULL,NULL,NULL,NULL,NULL,NULL
"2026-05-02","12:30","u20-goiano-1-divisao","brazil",555616,"AA Aparecidense GO",1240437,"Anapolis FC GO","id1004664769279762",NULL,NULL,NULL,NULL,NULL,NULL,NULL,NULL
"2026-05-02","12:30","thai-league-1","thailand",40661,"Port FC",34218,"Buriram United","id1000103266707768",NULL,NULL,NULL,NULL,NULL,NULL,NULL,NULL
"2026-05-02","12:30","u20-goiano-1-divisao","brazil",397768,"Trindade AC GO",237888,"Goias EC GO","id1004664769279764",NULL,NULL,NULL,NULL,NULL,NULL,NULL,NULL
"2026-05-02","12:30","u19-elite","switzerland",1036833,"Neuchatel Xamax",1036835,"FC Ticino","id1004828962877343",NULL,NULL,NULL,NULL,NULL,NULL,NULL,NULL
"2026-05-02","12:30","2-liga","austria",2054,"First Vienna FC 1894",459941,"FC Hertha Wels","id1000013561591330",NULL,NULL,NULL,NULL,NULL,NULL,NULL,NULL
"2026-05-02","12:30","kolmonen","finland",245399,"Toukolan Teras",194962,"MPS/Atletico Malmi","id1004667169921094",NULL,NULL,NULL,NULL,NULL,NULL,NULL,NULL
"2026-05-02","12:30","super-league","malawi",801006,"Dedza Dynamos FC",399337,"Civil Service United FC","id1001949470381460",NULL,NULL,NULL,NULL,NULL,NULL,NULL,NULL
"2026-05-02","12:30","regionalliga-west","austria-amateur",115109,"SK Bischofshofen",2088,"Wacker Innsbruck","id1000016761541378",NULL,NULL,NULL,NULL,NULL,NULL,NULL,NULL
"2026-05-02","12:45","u21-divisie-1","netherlands",802518,"NEC Nijmegen",802534,"Vitesse","id1003499066960952",NULL,NULL,NULL,NULL,NULL,NULL,NULL,NULL
"2026-05-02","12:45","liga-a1","malaysia",1273682,"Wan Tendong Stable",3332,"Perlis Northern Lions FC","id1004312562204928",NULL,NULL,NULL,NULL,NULL,NULL,NULL,NULL
"2026-05-02","12:45","liga-a1","malaysia",1273682,"Wan Tendong Stable",1282285,"Perlis Gsa FC","id1004312563150625",NULL,NULL,NULL,NULL,NULL,NULL,NULL,NULL
"2026-05-02","12:45","u19-allsvenskan","sweden-amateur",174564,"Malmo FF",347926,"Västeras SK FK","id1000253968309452",NULL,NULL,NULL,NULL,NULL,NULL,NULL,NULL
"2026-05-02","12:45","u21-divisie-1","netherlands",802528,"PEC Zwolle",802532,"Sbv Excelsior","id1003499066960954",NULL,NULL,NULL,NULL,NULL,NULL,NULL,NULL
"2026-05-02","13:00","u21-divisie-1","netherlands",736087,"SC Cambuur",802542,"Fortuna Sittard","id1003499068197616",NULL,NULL,NULL,NULL,NULL,NULL,NULL,NULL
"2026-05-02","13:00","2-liga-division-b-group-1","russia",36395,"FK Angusht Nazran",982007,"FC Dynamo-2 Makhachkala","id1000109370249474",NULL,NULL,NULL,NULL,NULL,NULL,NULL,NULL
"2026-05-02","13:00","premier-league","malta",33578,"Zabbar Saint Patrick FC",5206,"Sliema Wanderers","id1000062969998072",NULL,NULL,NULL,NULL,NULL,NULL,NULL,NULL
"2026-05-02","13:00","superliga","kosovo",1039703,"KF Prishtina E Re",617264,"KF Malisheva","id1001418971041416",NULL,NULL,NULL,NULL,NULL,NULL,NULL,NULL
"2026-05-02","13:00","1liga","latvia",1000685,"JFK Ventspils",886891,"FK Rfs II","id1000067769501836",NULL,NULL,NULL,NULL,NULL,NULL,NULL,NULL
"2026-05-02","13:00","erovnuli-liga","georgia",36865,"FC Gagra",37297,"FC Dinamo Batumi","id1000070467912662",NULL,NULL,NULL,NULL,NULL,NULL,NULL,NULL
"2026-05-02","13:00","bayernliga-north","germany-amateur",260733,"SV Fortuna Regensburg",162344,"TSV Neudrossenfeld","id1000108961555478",NULL,NULL,NULL,NULL,NULL,NULL,NULL,NULL
"2026-05-02","13:00","wien-wiener-stadtliga","austria-amateur",2140,"Simmeringer SC",53743,"Hellas Kagran","id1004383161911508",NULL,NULL,NULL,NULL,NULL,NULL,NULL,NULL
"2026-05-02","13:00","liga-portugal-3","portugal",3037,"SC Covilha",174984,"Amora FC","id1003490068351598",NULL,NULL,NULL,NULL,NULL,NULL,NULL,NULL
"2026-05-02","13:00","oberliga-rheinland-pfalz","germany-amateur",7877,"SC Idar-Oberstein",417743,"TSV Gau-Odernheim","id1000110962118940",NULL,NULL,NULL,NULL,NULL,NULL,NULL,NULL
"2026-05-02","13:00","ykkosliiga","finland",5918,"HJK Klubi 04",89908,"SJK Akatemia","id1000005567604790",NULL,NULL,NULL,NULL,NULL,NULL,NULL,NULL
"2026-05-02","13:00","vysshaya-liga","belarus",5231,"FC Dnepr Mogilev",36875,"FC Baranovichi","id1000016970986744",NULL,NULL,NULL,NULL,NULL,NULL,NULL,NULL
"2026-05-02","13:00","liga-portugal-2","portugal",3022,"Academico de Viseu FC",5136,"FC Vizela","id1000023961732276",NULL,NULL,NULL,NULL,NULL,NULL,NULL,NULL
"2026-05-02","13:00","erovnuli-liga-2","georgia",36866,"FC Samtredia",37314,"Aragvi Dusheti","id1000072667843268",NULL,NULL,NULL,NULL,NULL,NULL,NULL,NULL
"2026-05-02","13:00","bayernliga-north","germany-amateur",735539,"FC Coburg",23946,"FC Ingolstadt II","id1000108961555480",NULL,NULL,NULL,NULL,NULL,NULL,NULL,NULL
"2026-05-02","13:00","u21-divisie-1","netherlands",802524,"de Graafschap",802514,"FC Groningen","id1003499068197614",NULL,NULL,NULL,NULL,NULL,NULL,NULL,NULL
"2026-05-02","13:00","3rd-division-group-2","norway",327363,"Fk Kvik Trondheim",725,"Spjelkavik IL","id1002464467919568",NULL,NULL,NULL,NULL,NULL,NULL,NULL,NULL
"2026-05-02","13:00","erovnuli-liga-2","georgia",37303,"FC Merani Martvili",784502,"SFC Shturmi Sartichala","id1000072667843266",NULL,NULL,NULL,NULL,NULL,NULL,NULL,NULL
"2026-05-02","13:00","division-2-promotion-playoffs","sweden",539791,"Kungsangens IF",35636,"Korsnas IF FK","id1002078268320760",NULL,NULL,NULL,NULL,NULL,NULL,NULL,NULL
"2026-05-02","13:00","super-league","zambia",195264,"Green Eagles",195258,"Power Dynamos","id1000214261171391",NULL,NULL,NULL,NULL,NULL,NULL,NULL,NULL
"2026-05-02","13:00","super-league","zambia",195260,"Zanaco FC",195274,"Nchanga Rangers","id1000214261171407",NULL,NULL,NULL,NULL,NULL,NULL,NULL,NULL
"2026-05-02","13:00","premier-league","tanzania",238664,"Mtibwa Sugar FC",238650,"Azam FC","id1000243663353531",NULL,NULL,NULL,NULL,NULL,NULL,NULL,NULL
"2026-05-02","13:00","erovnuli-liga","georgia",5171,"FC Dinamo Tbilisi",531999,"FC Spaeri","id1000070467912656",NULL,NULL,NULL,NULL,NULL,NULL,NULL,NULL
"2026-05-02","13:00","2-liga-division-b-group-3","russia",356256,"Rotor II Volgograd",7523,"FK Salyut Belgorod","id1000109570228218",NULL,NULL,NULL,NULL,NULL,NULL,NULL,NULL
"2026-05-02","13:00","uefa-champions-league-women","international-clubs",26245,"Olympique Lyon",26243,"Arsenal WFC","id1000069668532994",NULL,NULL,NULL,NULL,NULL,NULL,NULL,NULL
"2026-05-02","13:00","championship-league","tanzania",238672,"Stand United FC",689379,"Transit Camp FC","id1004893370120592",NULL,NULL,NULL,NULL,NULL,NULL,NULL,NULL
"2026-05-02","13:00","ykkonen","finland",283675,"FC Inter Turku 2",2241,"Tampere United","id1004229168538228",NULL,NULL,NULL,NULL,NULL,NULL,NULL,NULL
"2026-05-02","13:00","3rd-division-group-6","norway",854,"Elverum",874,"Raade IL","id1002465267921008",NULL,NULL,NULL,NULL,NULL,NULL,NULL,NULL
"2026-05-02","13:00","super-league","zambia",195278,"Konkola Blades",195270,"Napsa Stars","id1000214261171395",NULL,NULL,NULL,NULL,NULL,NULL,NULL,NULL
"2026-05-02","13:00","championship-league","tanzania",624454,"Polisi Tanzania FC",1184919,"Songea United","id1004893370120594",NULL,NULL,NULL,NULL,NULL,NULL,NULL,NULL
"2026-05-02","13:00","b-liga-women","denmark",820950,"Naestved HG",327197,"Sundby BK","id1004799667239132",NULL,NULL,NULL,NULL,NULL,NULL,NULL,NULL
"2026-05-02","13:00","ekstraliga-women","poland",269635,"UKS SMS Lodz",279119,"AZS UJ Krakow","id1001818867790424",NULL,NULL,NULL,NULL,NULL,NULL,NULL,NULL
"2026-05-02","13:00","3rd-division-group-3","norway",845,"Os",703,"Vard Haugesund","id1002464667919838",NULL,NULL,NULL,NULL,NULL,NULL,NULL,NULL
"2026-05-02","13:00","kakkonen-playoffs","finland",2282,"Grankulla IFK",192684,"Musan Salama","id1002691069108792",NULL,NULL,NULL,NULL,NULL,NULL,NULL,NULL
"2026-05-02","13:00","super-league","zambia",1036027,"Mutondo Stars",1261903,"Mines United","id1000214261171399",NULL,NULL,NULL,NULL,NULL,NULL,NULL,NULL
"2026-05-02","13:00","superettan","sweden",1844,"Sandvikens IF",1849,"Norrby IF","id1000004667126062",NULL,NULL,NULL,NULL,NULL,NULL,NULL,NULL
"2026-05-02","13:00","super-league","zambia",247353,"Kabwe Warriors",194302,"Zesco United","id1000214261171393",NULL,NULL,NULL,NULL,NULL,NULL,NULL,NULL
"2026-05-02","13:00","serie-a","italy",2695,"Udinese Calcio",2696,"Torino FC","id1000002361061643",NULL,NULL,NULL,NULL,NULL,NULL,NULL,NULL
"2026-05-02","13:00","3rd-division-group-6","norway",1166,"FK Oern-Horten",894,"Brumunddal Fotball","id1002465267921004",NULL,NULL,NULL,NULL,NULL,NULL,NULL,NULL
"2026-05-02","13:00","u21-divisie-1","netherlands",802510,"ADO Den Haag",802536,"Willem II Tilburg","id1003499068197610",NULL,NULL,NULL,NULL,NULL,NULL,NULL,NULL
"2026-05-02","13:00","1-liga","russia",2316,"FC Chernomorets Novorossiysk",602380,"Rodina Moscow","id1000020471048116",NULL,NULL,NULL,NULL,NULL,NULL,NULL,NULL
"2026-05-02","13:00","premier-league","kenya",346130,"Bidco United",556940,"Shabana FC","id1000164463097501",NULL,NULL,NULL,NULL,NULL,NULL,NULL,NULL
"2026-05-02","13:00","oberliga-niedersachsen","germany-amateur",1274620,"TSV Wetschen",736107,"FC Verden 04","id1000081362279596",NULL,NULL,NULL,NULL,NULL,NULL,NULL,NULL
"2026-05-02","13:00","super-league","zambia",195268,"Nkwazi",607490,"Kansanshi Dynamos","id1000214261171403",NULL,NULL,NULL,NULL,NULL,NULL,NULL,NULL
"2026-05-02","13:00","ykkonen","finland",7298,"JJK Jyvaskyla",2250,"Rovaniemen Palloseura","id1004229168538226",NULL,NULL,NULL,NULL,NULL,NULL,NULL,NULL
"2026-05-02","13:00","super-league","zambia",195282,"Mufulira Wanderers",195280,"Red Arrows","id1000214261171397",NULL,NULL,NULL,NULL,NULL,NULL,NULL,NULL
"2026-05-02","13:00","hessenliga","germany-amateur",36570,"VfB Marburg",603052,"SV Rot-Weiss Walldorf","id1000018461556594",NULL,NULL,NULL,NULL,NULL,NULL,NULL,NULL
"2026-05-02","13:00","2-liga-division-b-group-1","russia",75101,"FC Druzhba Maykop",75095,"FC Astrakhan","id1000109370249478",NULL,NULL,NULL,NULL,NULL,NULL,NULL,NULL
"2026-05-02","13:00","ykkonen","finland",2256,"KPV Kokkola",5116,"Oulun Luistinseura","id1004229168538224",NULL,NULL,NULL,NULL,NULL,NULL,NULL,NULL
"2026-05-02","13:00","liga-portugal-3","portugal",45144,"1 Dezembro",44881,"Caldas SC","id1003490068351592",NULL,NULL,NULL,NULL,NULL,NULL,NULL,NULL
"2026-05-02","13:00","2nd-division-group-1","norway",797,"FK Eik Toensberg 871",862,"FK Jerv","id1002463867915772",NULL,NULL,NULL,NULL,NULL,NULL,NULL,NULL
"2026-05-02","13:00","2-liga-division-b-group-1","russia",296212,"PFC Kiziltash Bakhchisaray",525389,"FK Rostov 2","id1000109370249482",NULL,NULL,NULL,NULL,NULL,NULL,NULL,NULL
"2026-05-02","13:00","2nd-division","denmark",35412,"BK Fremad Amager",272767,"Vsk Aarhus","id1000006570730356",NULL,NULL,NULL,NULL,NULL,NULL,NULL,NULL
"2026-05-02","13:00","championship","south-africa",243972,"Milford FC",1223767,"The Bees FC","id1000190663157235",NULL,NULL,NULL,NULL,NULL,NULL,NULL,NULL
"2026-05-02","13:00","premier-league","ukraine",277645,"FC Rukh Lviv",5987,"FC Zorya Luhansk","id1000021861651626",NULL,NULL,NULL,NULL,NULL,NULL,NULL,NULL
"2026-05-02","13:00","premier-league","botswana",406217,"Jwaneng Galaxy",851259,"Sua Flamingoes","id1002057462945433",NULL,NULL,NULL,NULL,NULL,NULL,NULL,NULL
"2026-05-02","13:00","bayernliga-north","germany-amateur",5874,"Wurzburger FV",155454,"FSV Stadeln","id1000108961555482",NULL,NULL,NULL,NULL,NULL,NULL,NULL,NULL
"2026-05-02","13:00","pervaya-liga","belarus",36930,"FC Lida",1336060,"Soligorsk","id1000077670986702",NULL,NULL,NULL,NULL,NULL,NULL,NULL,NULL
"2026-05-02","13:00","hessenliga","germany-amateur",917183,"SV Adler Weidenhausen",5785,"SC 1929 Waldgirmes","id1000018461556598",NULL,NULL,NULL,NULL,NULL,NULL,NULL,NULL
"2026-05-02","13:00","premier-league","botswana",317857,"Orapa United",134296,"Mochudi Centre Chiefs","id1002057462945427",NULL,NULL,NULL,NULL,NULL,NULL,NULL,NULL
"2026-05-02","13:00","kakkonen-playoffs","finland",728541,"Union Plaani",2243,"Myllykosken Pallo -47","id1002691069108612",NULL,NULL,NULL,NULL,NULL,NULL,NULL,NULL
"2026-05-02","13:00","erovnuli-liga","georgia",44217,"FC Samgurali Tskaltubo",37305,"FC Meshakhte Tkibuli","id1000070467912658",NULL,NULL,NULL,NULL,NULL,NULL,NULL,NULL
"2026-05-02","13:00","division-2-promotion-playoffs","sweden",956875,"Viggbyholms IK FF",1795,"FC Gute","id1002078268320762",NULL,NULL,NULL,NULL,NULL,NULL,NULL,NULL
"2026-05-02","13:00","2-liga-division-b-group-1","russia",296216,"FC Rubin Yalta",1238427,"Zarya Lugansk","id1000109370249480",NULL,NULL,NULL,NULL,NULL,NULL,NULL,NULL
"2026-05-02","13:00","primavera-1","italy",1175359,"Genoa CFC",1175355,"Cesena FC","id1000234061537628",NULL,NULL,NULL,NULL,NULL,NULL,NULL,NULL
"2026-05-02","13:00","championship","south-africa",672777,"Hungry Lion",1021747,"Upington City FC","id1000190663157231",NULL,NULL,NULL,NULL,NULL,NULL,NULL,NULL
"2026-05-02","13:00","championship","south-africa",1175513,"Kruger United",7658,"Black Leopards","id1000190663157233",NULL,NULL,NULL,NULL,NULL,NULL,NULL,NULL
"2026-05-02","13:00","allsvenskan","sweden",1807,"Degerfors IF",1760,"BK Hacken","id1000004067126528",NULL,NULL,NULL,NULL,NULL,NULL,NULL,NULL
"2026-05-02","13:00","superleague-women","russia",171120,"Ryazan VDV",795816,"Zhfk Krylya Sovetov Samara","id1001363569592464",NULL,NULL,NULL,NULL,NULL,NULL,NULL,NULL
"2026-05-02","13:00","super-league","zambia",536685,"Prison Leopards",195256,"Green Buffaloes","id1000214261171405",NULL,NULL,NULL,NULL,NULL,NULL,NULL,NULL
"2026-05-02","13:00","premier-league","botswana",406247,"Tafic FC",406215,"Gaborone United","id1002057462945425",NULL,NULL,NULL,NULL,NULL,NULL,NULL,NULL
"2026-05-02","13:00","wien-wiener-stadtliga","austria-amateur",240358,"FC Mauerwerk",211906,"SC Red Star Penzing","id1004383161911506",NULL,NULL,NULL,NULL,NULL,NULL,NULL,NULL
"2026-05-02","13:00","2-liga-division-b-group-1","russia",592393,"FC Nart Cherkessk",890445,"FC Pobeda Khasavyurt","id1000109370249476",NULL,NULL,NULL,NULL,NULL,NULL,NULL,NULL
"2026-05-02","13:00","women-bundesliga","germany-amateur",5556,"VfL Wolfsburg",599780,"RB Leipzig","id1000023261970256",NULL,NULL,NULL,NULL,NULL,NULL,NULL,NULL
"2026-05-02","13:00","ligue-1","france",1647,"FC Nantes",1641,"Olympique Marseille","id1000003461526554",NULL,NULL,NULL,NULL,NULL,NULL,NULL,NULL
"2026-05-02","13:00","erovnuli-liga","georgia",33819,"FC Dila Gori",116312,"FC Iberia 1999","id1000070467912654",NULL,NULL,NULL,NULL,NULL,NULL,NULL,NULL
"2026-05-02","13:00","ii-lyga","lithuania",540007,"FK Banga B",556754,"FK Riteriai B","id1003406670161990",NULL,NULL,NULL,NULL,NULL,NULL,NULL,NULL
"2026-05-02","13:00","u21-divisie-1","netherlands",802516,"SC Heerenveen",802544,"GO Ahead Eagles","id1003499066960956",NULL,NULL,NULL,NULL,NULL,NULL,NULL,NULL
"2026-05-02","13:00","oberliga-rheinland-pfalz","germany-amateur",2537,"1. FC Kaiserslautern II",53439,"Arminia Ludwigshafen","id1000110962118936",NULL,NULL,NULL,NULL,NULL,NULL,NULL,NULL
"2026-05-02","13:00","u20-mineiro-1-divisao","brazil",576345,"Minas Boca Futebol MG",796772,"Inter de Minas MG","id1004665168902018",NULL,NULL,NULL,NULL,NULL,NULL,NULL,NULL
"2026-05-02","13:00","2-deild","iceland",48115,"Dalvik Reynir",330095,"Kormakur/Hvot","id1001528370687964",NULL,NULL,NULL,NULL,NULL,NULL,NULL,NULL
"2026-05-02","13:00","superleague-women","russia",781824,"FK Rostov",732843,"FC Zenit Saint Petersburg","id1001363569592470",NULL,NULL,NULL,NULL,NULL,NULL,NULL,NULL
"2026-05-02","13:00","2-liga","slovenia",162238,"Tabor Sezana",215822,"ND Beltinci","id1000053261454641",NULL,NULL,NULL,NULL,NULL,NULL,NULL,NULL
"2026-05-02","13:00","3rd-division-group-4","norway",6092,"Odds BK 2",803,"Vindbjart FK","id1002464867920332",NULL,NULL,NULL,NULL,NULL,NULL,NULL,NULL
"2026-05-02","13:00","serie-a-women","italy",377720,"Sassuolo Calcio",512870,"Genoa CFC Women","id1002080862383332",NULL,NULL,NULL,NULL,NULL,NULL,NULL,NULL
"2026-05-02","13:00","i-league","india",58741,"Shillong Lajong FC",633526,"Chanmari FC","id1000084870962948",NULL,NULL,NULL,NULL,NULL,NULL,NULL,NULL
"2026-05-02","13:00","premier-league","kenya",138498,"Ulinzi Stars FC",76433,"Leopards SC","id1000164470898356",NULL,NULL,NULL,NULL,NULL,NULL,NULL,NULL
"2026-05-02","13:00","2-liga-division-b-group-1","russia",2344,"FC Spartak Nalchik",1241233,"Neftyanik Izberbash","id1000109370249472",NULL,NULL,NULL,NULL,NULL,NULL,NULL,NULL
"2026-05-02","13:00","3rd-division-group-5","norway",757,"IF Floeya",716,"Harstad","id1002465067920530",NULL,NULL,NULL,NULL,NULL,NULL,NULL,NULL
"2026-05-02","13:00","erste-liga","switzerland",44240,"FC Black Stars",2483,"FC Munsingen","id1003705162216026",NULL,NULL,NULL,NULL,NULL,NULL,NULL,NULL
"2026-05-02","13:00","erovnuli-liga-2","georgia",37302,"FC Kolkheti-1913 Poti",178634,"Odishi","id1000072667843270",NULL,NULL,NULL,NULL,NULL,NULL,NULL,NULL
"2026-05-02","13:00","superleague-women","russia",781826,"FK Rubin Kazan",255335,"ZFK Krasnodar","id1001363569592466",NULL,NULL,NULL,NULL,NULL,NULL,NULL,NULL
"2026-05-02","13:00","championship-league","tanzania",689399,"Mbeya Kwanza FC",1090563,"Hausang FC","id1004893370120590",NULL,NULL,NULL,NULL,NULL,NULL,NULL,NULL
"2026-05-02","13:00","premier-league","botswana",406211,"Extension Gunners",406201,"Bdf Xi","id1002057462945423",NULL,NULL,NULL,NULL,NULL,NULL,NULL,NULL
"2026-05-02","13:00","championship-league","tanzania",587903,"Geita Gold FC",776282,"Mbuni FC","id1004893370120588",NULL,NULL,NULL,NULL,NULL,NULL,NULL,NULL
"2026-05-02","13:00","3rd-division-group-6","norway",685,"Lillehammer FK",7759,"Fram IF","id1002465267921012",NULL,NULL,NULL,NULL,NULL,NULL,NULL,NULL
"2026-05-02","13:00","oberliga-bw","germany-amateur",5893,"1. FC Normannia Gmund",6187,"1. CfR Pforzheim","id1000014261857012",NULL,NULL,NULL,NULL,NULL,NULL,NULL,NULL
"2026-05-02","13:00","superliga","kosovo",277829,"FC Prishtina",277835,"FC Drita","id1001418971041414",NULL,NULL,NULL,NULL,NULL,NULL,NULL,NULL
"2026-05-02","13:00","bayernliga-south","germany-amateur",316869,"Turkgucu Munich",75135,"TSV 1874 Kottern","id1000109161556026",NULL,NULL,NULL,NULL,NULL,NULL,NULL,NULL
"2026-05-02","13:00","segunda-division","paraguay",1110173,"Encarnacion FC",61950,"Carapegua","id1000125471146918",NULL,NULL,NULL,NULL,NULL,NULL,NULL,NULL
"2026-05-02","13:00","segunda-division","paraguay",1006113,"Club 3 De Noviembre",5999,"Tacuary Asuncion","id1000125471146912",NULL,NULL,NULL,NULL,NULL,NULL,NULL,NULL
"2026-05-02","13:00","championship-league","tanzania",952393,"Tma FC",238656,"Kagera Sugar","id1004893370120586",NULL,NULL,NULL,NULL,NULL,NULL,NULL,NULL
"2026-05-02","13:00","3rd-division-group-2","norway",789,"Ntnui",873,"Rosenborg BK 2","id1002464467919564",NULL,NULL,NULL,NULL,NULL,NULL,NULL,NULL
"2026-05-02","13:00","iii-liga-group-4","poland",1268526,"Sparta Kazimierza Wielka",215818,"Cracovia Krakow II","id1002584162036224",NULL,NULL,NULL,NULL,NULL,NULL,NULL,NULL
"2026-05-02","13:00","premier-league","rwanda",327929,"Etincelles FC",380062,"Amagaju","id1002016267782866",NULL,NULL,NULL,NULL,NULL,NULL,NULL,NULL
"2026-05-02","13:00","3rd-division-group-3","norway",7479,"Sogndal 2",943,"Askoey FK","id1002464667919842",NULL,NULL,NULL,NULL,NULL,NULL,NULL,NULL
"2026-05-02","13:00","erovnuli-liga-2","georgia",5959,"Sioni Bolnisi",322369,"FC Gori","id1000072667843272",NULL,NULL,NULL,NULL,NULL,NULL,NULL,NULL
"2026-05-02","13:00","super-league","zambia",134316,"Nkana FC",536689,"FC Muza","id1000214261171401",NULL,NULL,NULL,NULL,NULL,NULL,NULL,NULL
"2026-05-02","13:00","1-liga","czechia",6064,"Bohemians Prague 1905",2207,"SK Sigma Olomouc","id1000017271085622",NULL,NULL,NULL,NULL,NULL,NULL,NULL,NULL
"2026-05-02","13:00","1-liga","czechia",2220,"FC Zlin",7739,"Dukla Prague","id1000017271085568",NULL,NULL,NULL,NULL,NULL,NULL,NULL,NULL
"2026-05-02","13:00","1-liga","czechia",23951,"MFK Karvina",2230,"FK Pardubice","id1000017271085618",NULL,NULL,NULL,NULL,NULL,NULL,NULL,NULL
"2026-05-02","13:00","1-liga","czechia",2204,"FC Banik Ostrava",2224,"FK Mlada Boleslav","id1000017271085566",NULL,NULL,NULL,NULL,NULL,NULL,NULL,NULL
"2026-05-02","13:00","super-league","zambia",195268,"Nkwazi",194302,"Zesco United","id1000214271183676",NULL,NULL,NULL,NULL,NULL,NULL,NULL,NULL
"2026-05-02","13:00","super-league","zambia",536685,"Prison Leopards",536689,"FC Muza","id1000214271183678",NULL,NULL,NULL,NULL,NULL,NULL,NULL,NULL
"2026-05-02","13:00","super-league","zambia",195260,"Zanaco FC",1261903,"Mines United","id1000214271183680",NULL,NULL,NULL,NULL,NULL,NULL,NULL,NULL
"2026-05-02","13:00","mocambola","mozambique",463175,"AD Vilankulo",770952,"Ferroviario de Lichinga","id1002057671031736",NULL,NULL,NULL,NULL,NULL,NULL,NULL,NULL
"2026-05-02","13:00","u19-dfb-nachwuchsliga","germany-amateur",43715,"VfL Bochum",43700,"Hannover 96","id1002470271168928",NULL,NULL,NULL,NULL,NULL,NULL,NULL,NULL
"2026-05-02","13:00","superettan","sweden",7101,"Varbergs BoIS",1768,"Orebro SK","id1000004667126064",NULL,NULL,NULL,NULL,NULL,NULL,NULL,NULL
"2026-05-02","13:00","allsvenskan","sweden",1793,"IK Sirius",1891,"Kalmar FF","id1000004067126530",NULL,NULL,NULL,NULL,NULL,NULL,NULL,NULL
"2026-05-02","13:00","primavera-1","italy",1175363,"Inter Milano",1175351,"Bologna FC","id1000234061537626",NULL,NULL,NULL,NULL,NULL,NULL,NULL,NULL
"2026-05-02","13:00","super-league","zambia",1036027,"Mutondo Stars",195280,"Red Arrows","id1000214271183674",NULL,NULL,NULL,NULL,NULL,NULL,NULL,NULL
"2026-05-02","13:00","super-league","zambia",195278,"Konkola Blades",195258,"Power Dynamos","id1000214271183630",NULL,NULL,NULL,NULL,NULL,NULL,NULL,NULL
"2026-05-02","13:00","super-league","zambia",607490,"Kansanshi Dynamos",195256,"Green Buffaloes","id1000214271183616",NULL,NULL,NULL,NULL,NULL,NULL,NULL,NULL
"2026-05-02","13:00","super-league","zambia",195264,"Green Eagles",195282,"Mufulira Wanderers","id1000214271183614",NULL,NULL,NULL,NULL,NULL,NULL,NULL,NULL
"2026-05-02","13:00","u20-mineiro-1-divisao","brazil",210336,"Cruzeiro EC MG",210354,"Atletico Mineiro MG","id1004665168902012",NULL,NULL,NULL,NULL,NULL,NULL,NULL,NULL
"2026-05-02","13:00","liga-e-pare","kosovo",1208015,"KF Tefik Canga",279977,"KF Vellaznimi","id1001423171134050",NULL,NULL,NULL,NULL,NULL,NULL,NULL,NULL
"2026-05-02","13:00","liga-e-pare","kosovo",279995,"KF Kek-U",278073,"KF Trepca Mitrovice","id1001423171134048",NULL,NULL,NULL,NULL,NULL,NULL,NULL,NULL
"2026-05-02","13:00","liga-e-pare","kosovo",279985,"KF 2 Korriku",277849,"KF Trepca 89","id1001423171134046",NULL,NULL,NULL,NULL,NULL,NULL,NULL,NULL
"2026-05-02","13:00","campionato-sammarinese","san-marino",33818,"FC Domagnano",37863,"SS Folgore Falciano Calcio","id1000073871098128",NULL,NULL,NULL,NULL,NULL,NULL,NULL,NULL
"2026-05-02","13:00","primera-federacion-women","spain",384694,"CD Tenerife B",384684,"Atletico Madrid B","id1004754861837656",NULL,NULL,NULL,NULL,NULL,NULL,NULL,NULL
"2026-05-02","13:00","championnat-national-u19","france",495640,"Stade Brestois 29",820338,"FC Lorient","id1002627662276434",NULL,NULL,NULL,NULL,NULL,NULL,NULL,NULL
"2026-05-02","13:00","elitettan-women","sweden-amateur",799844,"IF Elfsborg",7391,"Linkopings FC","id1003894167473228",NULL,NULL,NULL,NULL,NULL,NULL,NULL,NULL
"2026-05-02","13:00","u19-dfb-nachwuchsliga","germany-amateur",213958,"TSV Havelse",163288,"Eintracht Braunschweig","id1002470267207516",NULL,NULL,NULL,NULL,NULL,NULL,NULL,NULL
"2026-05-02","13:00","championship","south-africa",65630,"Pretoria University FC",1223765,"Lerumo Lions FC","id1000190663157237",NULL,NULL,NULL,NULL,NULL,NULL,NULL,NULL
"2026-05-02","13:00","niederosterreich-1-landesliga","austria-amateur",5042,"FC Admira Wacker Modling",242962,"SC Ortmann","id1004377161909606",NULL,NULL,NULL,NULL,NULL,NULL,NULL,NULL
"2026-05-02","13:00","damallsvenskan","sweden",1884,"Hammarby IF",352792,"IK Uppsala Fotboll","id1000021466918098",NULL,NULL,NULL,NULL,NULL,NULL,NULL,NULL
"2026-05-02","13:00","erovnuli-liga-2","georgia",321741,"FC Gareji Sagarejo",337647,"FC Telavi","id1000072667843264",NULL,NULL,NULL,NULL,NULL,NULL,NULL,NULL
"2026-05-02","13:00","erovnuli-liga","georgia",5419,"FC Torpedo Kutaisi",7703,"FC Rustavi","id1000070467912660",NULL,NULL,NULL,NULL,NULL,NULL,NULL,NULL
"2026-05-02","13:00","ykkosliiga","finland",5115,"Mikkelin Palloilijat",2240,"FC Haka Valkeakoski","id1000005567604788",NULL,NULL,NULL,NULL,NULL,NULL,NULL,NULL
"2026-05-02","13:00","1liga","latvia",1332276,"SK Super Nova II",817576,"Marupes SC","id1000067769501834",NULL,NULL,NULL,NULL,NULL,NULL,NULL,NULL
"2026-05-02","13:00","super-league","malaysia",3323,"Selangor FC",3330,"Penang FA","id1000100061974244",NULL,NULL,NULL,NULL,NULL,NULL,NULL,NULL
"2026-05-02","13:00","hessenliga","germany-amateur",5778,"FSV Fernwald",459935,"Turk Gucu Friedberg","id1000018461556596",NULL,NULL,NULL,NULL,NULL,NULL,NULL,NULL
"2026-05-02","13:00","premier-league","rwanda",380054,"Gicumbi FC",69320,"Al-Merrikh SC (SDN)","id1002016267782868",NULL,NULL,NULL,NULL,NULL,NULL,NULL,NULL
"2026-05-02","13:00","superliga","kosovo",277829,"FC Prishtina",617264,"KF Malisheva","id1001418971053160",NULL,NULL,NULL,NULL,NULL,NULL,NULL,NULL
"2026-05-02","13:00","ykkosliiga","finland",23422,"JaPS",50525,"PK-35 Helsinki","id1000005567604792",NULL,NULL,NULL,NULL,NULL,NULL,NULL,NULL
"2026-05-02","13:00","superliga","kosovo",1039703,"KF Prishtina E Re",277835,"FC Drita","id1001418971053158",NULL,NULL,NULL,NULL,NULL,NULL,NULL,NULL
"2026-05-02","13:00","hessenliga","germany-amateur",24043,"Hunfelder SV 1919",1151091,"SV Darmstadt 98 2","id1000018461556590",NULL,NULL,NULL,NULL,NULL,NULL,NULL,NULL
"2026-05-02","13:15","premier-league","tanzania",495508,"Kmc FC",788884,"TRA United","id1000243663353599",NULL,NULL,NULL,NULL,NULL,NULL,NULL,NULL
"2026-05-02","13:15","kolmonen","finland",548633,"Atlantis FC/Akatemia",193684,"Tups","id1004667169921738",NULL,NULL,NULL,NULL,NULL,NULL,NULL,NULL
"2026-05-02","13:30","oberliga-bw","germany-amateur",2679,"VfR Mannheim",2548,"SSV Reutlingen 1905","id1000014261857016",NULL,NULL,NULL,NULL,NULL,NULL,NULL,NULL
"2026-05-02","13:30","bundesliga","germany",2674,"Eintracht Frankfurt",2676,"Hamburger SV","id1000003561514170",NULL,NULL,NULL,NULL,NULL,NULL,NULL,NULL
"2026-05-02","13:30","bundesliga","germany",2547,"Union Berlin",2671,"1. FC Cologne","id1000003561514178",NULL,NULL,NULL,NULL,NULL,NULL,NULL,NULL
"2026-05-02","13:30","bundesliga","germany",2569,"TSG Hoffenheim",2677,"VfB Stuttgart","id1000003561514182",NULL,NULL,NULL,NULL,NULL,NULL,NULL,NULL
"2026-05-02","13:30","oberliga-bw","germany-amateur",2550,"VfR Aalen",6184,"FC 08 Villingen","id1000014261857014",NULL,NULL,NULL,NULL,NULL,NULL,NULL,NULL
"2026-05-02","13:30","promotion-league","switzerland",2461,"FC Schaffhausen",25196,"FC Bavois","id1000110161711776",NULL,NULL,NULL,NULL,NULL,NULL,NULL,NULL
"2026-05-02","13:30","premier-league","russia",7517,"FC Baltika Kaliningrad",2333,"FK Rubin Kazan","id1000020361376745",NULL,NULL,NULL,NULL,NULL,NULL,NULL,NULL
"2026-05-02","13:30","bundesliga","germany",2534,"Werder Bremen",2600,"FC Augsburg","id1000003561514174",NULL,NULL,NULL,NULL,NULL,NULL,NULL,NULL
"2026-05-02","13:30","regionalliga-north","germany-amateur",6183,"Altona 93",5800,"FC St. Pauli II","id1000004262284562",NULL,NULL,NULL,NULL,NULL,NULL,NULL,NULL
"2026-05-02","13:30","oberliga-bw","germany-amateur",5049,"Karlsruher SC II",250575,"TSV Essingen","id1000014261857022",NULL,NULL,NULL,NULL,NULL,NULL,NULL,NULL
"2026-05-02","13:30","2-liga-division-a","russia",2332,"FC Amkar Perm",168566,"Dinamo Stavropol","id1004030569280762",NULL,NULL,NULL,NULL,NULL,NULL,NULL,NULL
"2026-05-02","13:30","parva-liga","bulgaria",36938,"POFC Botev Vratsa",3278,"FK Spartak 1918 Varna","id1000024770906754",NULL,NULL,NULL,NULL,NULL,NULL,NULL,NULL
"2026-05-02","13:30","bremen-liga","germany-amateur",24038,"Blumenthaler SV",53333,"TS Woltmershausen","id1000050862280154",NULL,NULL,NULL,NULL,NULL,NULL,NULL,NULL
"2026-05-02","13:30","u19-premier-league","israel",307290,"Maccabi Haifa",307298,"Maccabi Netanya","id1003619568090800",NULL,NULL,NULL,NULL,NULL,NULL,NULL,NULL
"2026-05-02","13:30","oberliga-bw","germany-amateur",109797,"FV Ravensburg",36577,"FC Denzlingen","id1000014261857010",NULL,NULL,NULL,NULL,NULL,NULL,NULL,NULL
"2026-05-02","13:30","persha-liga","ukraine",35315,"FC Niva Ternopil",3314,"FC Metalist Kharkiv","id1000069161840758",NULL,NULL,NULL,NULL,NULL,NULL,NULL,NULL
"2026-05-02","13:30","liga-2","indonesia",157816,"Persiraja Banda",34225,"PSMS Medan","id1002056068646384",NULL,NULL,NULL,NULL,NULL,NULL,NULL,NULL
"2026-05-02","13:30","regionalliga-west","austria-amateur",2107,"FC Kufstein",43081,"SVG Reichenau","id1000016761541380",NULL,NULL,NULL,NULL,NULL,NULL,NULL,NULL
"2026-05-02","13:30","u19-premier-league","israel",222408,"Maccabi Tel Aviv",240834,"Maccabi Petah Tikva","id1003619568090802",NULL,NULL,NULL,NULL,NULL,NULL,NULL,NULL
"2026-05-02","13:30","oberliga-bw","germany-amateur",75777,"FSV 08 Bietigheim-Bissingen",109803,"SV Oberachern","id1000014261857018",NULL,NULL,NULL,NULL,NULL,NULL,NULL,NULL
"2026-05-02","13:30","u19-premier-league","israel",307300,"Hapoel Tel Aviv",401245,"Hapoel Petah Tikva Nahum","id1003619568090806",NULL,NULL,NULL,NULL,NULL,NULL,NULL,NULL
"2026-05-02","13:30","irish-cup","northern-ireland",5270,"Coleraine FC",5271,"Dungannon Swifts","id1000076770631458",NULL,NULL,NULL,NULL,NULL,NULL,NULL,NULL
"2026-05-02","13:30","bundesliga","germany",2672,"Bayern Munich",5885,"1. FC Heidenheim","id1000003561514166",NULL,NULL,NULL,NULL,NULL,NULL,NULL,NULL
"2026-05-02","13:30","u19-premier-league","israel",377486,"Beitar Jerusalem",307294,"Hapoel Beer Sheva","id1003619568090798",NULL,NULL,NULL,NULL,NULL,NULL,NULL,NULL
"2026-05-02","14:00","oberliga-niederrhein","germany-amateur",75725,"Sportfreunde Baumberg",612244,"VfL Juchen Garzweiler","id1000110362200828",NULL,NULL,NULL,NULL,NULL,NULL,NULL,NULL
"2026-05-02","14:00","erste-liga","switzerland",2484,"FC Meyrin",815228,"FC Coffrane","id1003705162216436",NULL,NULL,NULL,NULL,NULL,NULL,NULL,NULL
"2026-05-02","14:00","oberosterreich-oo-liga","austria-amateur",456959,"Union Gschwandt",2083,"DSG Union Perg","id1004378961910826",NULL,NULL,NULL,NULL,NULL,NULL,NULL,NULL
"2026-05-02","14:00","3-deild","iceland",47965,"Augnablik Kopavogur",23827,"UMF Vidir","id1002887970698868",NULL,NULL,NULL,NULL,NULL,NULL,NULL,NULL
"2026-05-02","14:00","erste-liga","switzerland",35120,"FC Tuggen",25214,"FC Widnau","id1003705162215474",NULL,NULL,NULL,NULL,NULL,NULL,NULL,NULL
"2026-05-02","14:00","league-two","england",69,"Cheltenham Town",66,"Colchester United","id1000002561495057",NULL,NULL,NULL,NULL,NULL,NULL,NULL,NULL
"2026-05-02","14:00","league-one","england",28,"Reading FC",67,"Blackpool FC","id1000002461493935",NULL,NULL,NULL,NULL,NULL,NULL,NULL,NULL
"2026-05-02","14:00","wien-wiener-stadtliga","austria-amateur",142216,"A-Xiii Auhof Center",598076,"FAC Wien Amateure","id1004383161911510",NULL,NULL,NULL,NULL,NULL,NULL,NULL,NULL
"2026-05-02","14:00","league-two","england",53,"Swindon Town",68,"Chesterfield FC","id1000002561495041",NULL,NULL,NULL,NULL,NULL,NULL,NULL,NULL
"2026-05-02","14:00","ettan-relegation/promotion","sweden",7063,"Skovde AIK",1789,"Aatvidabergs FF","id1002741268311558",NULL,NULL,NULL,NULL,NULL,NULL,NULL,NULL
"2026-05-02","14:00","league-one","england",23957,"AFC Wimbledon",59,"Huddersfield Town","id1000002461493953",NULL,NULL,NULL,NULL,NULL,NULL,NULL,NULL
"2026-05-02","14:00","premium-liiga","estonia",318005,"Parnu JK Vaprus",37572,"FC Nomme United","id1000017868214636",NULL,NULL,NULL,NULL,NULL,NULL,NULL,NULL
"2026-05-02","14:00","league-1","scotland",2369,"Alloa Athletic FC",2368,"Queen of the South FC","id1000020761357135",NULL,NULL,NULL,NULL,NULL,NULL,NULL,NULL
"2026-05-02","14:00","treta-liga","bulgaria",928135,"PFC Cherno More Varna II",36945,"FC Chernomorets Balchik","id1004765668899834",NULL,NULL,NULL,NULL,NULL,NULL,NULL,NULL
"2026-05-02","14:00","league-one","england",133,"Stevenage FC",49,"Wigan Athletic","id1000002461493933",NULL,NULL,NULL,NULL,NULL,NULL,NULL,NULL
"2026-05-02","14:00","iraqi-league","iraq",1199409,"AL Mosul SC",1099265,"Al-Gharraf SC","id1002697470905970",NULL,NULL,NULL,NULL,NULL,NULL,NULL,NULL
"2026-05-02","14:00","bayernliga-north","germany-amateur",2656,"Bayern Hof",35089,"Jahn Regensburg II","id1000108961555476",NULL,NULL,NULL,NULL,NULL,NULL,NULL,NULL
"2026-05-02","14:00","2-mfl","north-macedonia",619394,"FK Sloga Vinica 1934",37146,"FK Novaci 2005","id1000071870480832",NULL,NULL,NULL,NULL,NULL,NULL,NULL,NULL
"2026-05-02","14:00","u19-campeonato-nacional","portugal",78139,"Uniao de Leiria",78117,"FC Porto","id1000113367802908",NULL,NULL,NULL,NULL,NULL,NULL,NULL,NULL
"2026-05-02","14:00","girabola","angola",839874,"CD Lunda Sul",203443,"CD Huila","id1000217167012952",NULL,NULL,NULL,NULL,NULL,NULL,NULL,NULL
"2026-05-02","14:00","primera-federacion-women","spain",835128,"Real Madrid B",384698,"Villarreal CF","id1004754861837650",NULL,NULL,NULL,NULL,NULL,NULL,NULL,NULL
"2026-05-02","14:00","premier-league","england",3,"Wolverhampton Wanderers",41,"Sunderland AFC","id1000001761301223",NULL,NULL,NULL,NULL,NULL,NULL,NULL,NULL
"2026-05-02","14:00","2-mfl","north-macedonia",44679,"GFK Osogovo Kocani",344636,"FK Kozuf Gevgelija","id1000071870480836",NULL,NULL,NULL,NULL,NULL,NULL,NULL,NULL
"2026-05-02","14:00","premier-division-women","ireland",290050,"Cork City Wfc",105949,"Shelbourne LFC","id1002868166855350",NULL,NULL,NULL,NULL,NULL,NULL,NULL,NULL
"2026-05-02","14:00","league-1","scotland",2386,"Montrose FC",2370,"Stenhousemuir FC","id1000020761357141",NULL,NULL,NULL,NULL,NULL,NULL,NULL,NULL
"2026-05-02","14:00","kategoria-superiore","albania",5217,"FC Dinamo City",372056,"KF Egnatia Rrogozhine","id1000072062155430",NULL,NULL,NULL,NULL,NULL,NULL,NULL,NULL
"2026-05-02","14:00","erste-liga","switzerland",2493,"FC Martigny Sports",2494,"FC Naters Oberwallis","id1003705162216434",NULL,NULL,NULL,NULL,NULL,NULL,NULL,NULL
"2026-05-02","14:00","league-1","scotland",8062,"Cove Rangers FC",2382,"East Fife FC","id1000020761357137",NULL,NULL,NULL,NULL,NULL,NULL,NULL,NULL
"2026-05-02","14:00","superliga","uzbekistan",40259,"PFK Dinamo Samarqand",40264,"PFK Mash AL Mubarek","id1000077268380380",NULL,NULL,NULL,NULL,NULL,NULL,NULL,NULL
"2026-05-02","14:00","league-2","scotland",170622,"East Kilbride FC",2360,"Clyde FC","id1000020961357705",NULL,NULL,NULL,NULL,NULL,NULL,NULL,NULL
"2026-05-02","14:00","league-two","england",56,"Notts County",76,"Bristol Rovers","id1000002561495045",NULL,NULL,NULL,NULL,NULL,NULL,NULL,NULL
"2026-05-02","14:00","league-two","england",4875,"Crawley Town",37998,"Salford City","id1000002561495055",NULL,NULL,NULL,NULL,NULL,NULL,NULL,NULL
"2026-05-02","14:00","regionalliga-ost","austria-amateur",73885,"SC Wiener Viktoria",2106,"Kremser SC","id1000016661472547",NULL,NULL,NULL,NULL,NULL,NULL,NULL,NULL
"2026-05-02","14:00","ettan-relegation/promotion","sweden",1778,"Gefle IF",1780,"Enkopings SK","id1002741268310848",NULL,NULL,NULL,NULL,NULL,NULL,NULL,NULL
"2026-05-02","14:00","wien-wiener-stadtliga","austria-amateur",47340,"LAC Inter",47341,"SK Slovan HAC","id1004383161911514",NULL,NULL,NULL,NULL,NULL,NULL,NULL,NULL
"2026-05-02","14:00","first-division","united-arab-emirates",312226,"Masfoot Sports Club",779068,"Dubai United FC","id1001923862067420",NULL,NULL,NULL,NULL,NULL,NULL,NULL,NULL
"2026-05-02","14:00","erste-liga","switzerland",354148,"FC Kosova Zurich",34775,"SV Schaffhausen","id1003705162215472",NULL,NULL,NULL,NULL,NULL,NULL,NULL,NULL
"2026-05-02","14:00","kategoria-superiore","albania",5418,"Vllaznia Shkoder",37123,"Bylis Ballsh","id1000072062155424",NULL,NULL,NULL,NULL,NULL,NULL,NULL,NULL
"2026-05-02","14:00","primera-federacion-women","spain",77909,"Valencia CF",493016,"SE Aem","id1004754861837654",NULL,NULL,NULL,NULL,NULL,NULL,NULL,NULL
"2026-05-02","14:00","fnl","czechia",2215,"SFC Opava",4865,"SK Hanacka Slavia Kromeriz","id1000020561326597",NULL,NULL,NULL,NULL,NULL,NULL,NULL,NULL
"2026-05-02","14:00","regionalliga-west","austria-amateur",23832,"SC Schwaz",74451,"SV Wals-Grunau","id1000016761541382",NULL,NULL,NULL,NULL,NULL,NULL,NULL,NULL
"2026-05-02","14:00","premier-division-women","ireland",682551,"Treaty United",993177,"Shamrock Rovers FC","id1002868166855352",NULL,NULL,NULL,NULL,NULL,NULL,NULL,NULL
"2026-05-02","14:00","league-one","england",83,"Leyton Orient London",134,"Burton Albion","id1000002461493945",NULL,NULL,NULL,NULL,NULL,NULL,NULL,NULL
"2026-05-02","14:00","2-mfl","north-macedonia",1178417,"KF Shkendija Haracine",155650,"FK Vardar Negotino","id1000071870480834",NULL,NULL,NULL,NULL,NULL,NULL,NULL,NULL
"2026-05-02","14:00","division-2-promotion-playoffs","sweden",35643,"Raagsveds IF",1867,"Karlslunds IF HFK","id1002078268377490",NULL,NULL,NULL,NULL,NULL,NULL,NULL,NULL
"2026-05-02","14:00","veikkausliiga","finland",5058,"IFK Mariehamn",2246,"Vaasan Palloseura","id1000004167091284",NULL,NULL,NULL,NULL,NULL,NULL,NULL,NULL
"2026-05-02","14:00","promotion-league","switzerland",34762,"FC Breitenrain",2482,"FC Zurich","id1000110161711772",NULL,NULL,NULL,NULL,NULL,NULL,NULL,NULL
"2026-05-02","14:00","2-mfl","north-macedonia",23566,"FK Belasica Strumica",5969,"FC Bregalnica 2008 AD","id1000071870480840",NULL,NULL,NULL,NULL,NULL,NULL,NULL,NULL
"2026-05-02","14:00","premiership","scotland",2363,"Falkirk FC",2346,"Motherwell FC","id1000003670674814",NULL,NULL,NULL,NULL,NULL,NULL,NULL,NULL
"2026-05-02","14:00","league-2","scotland",23955,"Annan Athletic FC",2375,"Forfar Athletic FC","id1000020961357703",NULL,NULL,NULL,NULL,NULL,NULL,NULL,NULL
"2026-05-02","14:00","league-one","england",23,"Barnsley FC",10,"Stockport County FC","id1000002461493951",NULL,NULL,NULL,NULL,NULL,NULL,NULL,NULL
"2026-05-02","14:00","kategoria-superiore","albania",173810,"FK Vora",1021051,"Af Elbasani","id1000072062155422",NULL,NULL,NULL,NULL,NULL,NULL,NULL,NULL
"2026-05-02","14:00","3-deild","iceland",152568,"KH Hlidarendi",42483,"Sindri","id1002887970698870",NULL,NULL,NULL,NULL,NULL,NULL,NULL,NULL
"2026-05-02","14:00","2-liga","austria",218138,"SV Stripfing",6281,"SKU Amstetten","id1000013561591338",NULL,NULL,NULL,NULL,NULL,NULL,NULL,NULL
"2026-05-02","14:00","division-2-promotion-playoffs","sweden",21874,"Lindo FF",1800,"IK Sleipner","id1002078270344936",NULL,NULL,NULL,NULL,NULL,NULL,NULL,NULL
"2026-05-02","14:00","league-one","england",5,"Bolton Wanderers",72,"Luton Town","id1000002461493949",NULL,NULL,NULL,NULL,NULL,NULL,NULL,NULL
"2026-05-02","14:00","first-division","united-arab-emirates",312228,"AL Arabi (UAE)",47466,"Emirates Club","id1001923862067422",NULL,NULL,NULL,NULL,NULL,NULL,NULL,NULL
"2026-05-02","14:00","treta-liga","bulgaria",477282,"Ustrem Donchevo",43552,"OFK Dorostol 2003 Silistra","id1004765668899832",NULL,NULL,NULL,NULL,NULL,NULL,NULL,NULL
"2026-05-02","14:00","kakkonen-playoffs","finland",5117,"P-Iirot",245397,"Espoon Palloseura","id1002691069108794",NULL,NULL,NULL,NULL,NULL,NULL,NULL,NULL
"2026-05-02","14:00","oberosterreich-oo-liga","austria-amateur",732193,"Su Vortuna Bad Leonfelden",460247,"SU Sankt Martin","id1004378961910820",NULL,NULL,NULL,NULL,NULL,NULL,NULL,NULL
"2026-05-02","14:00","league-one","england",70,"Mansfield Town",61,"Cardiff City","id1000002461493943",NULL,NULL,NULL,NULL,NULL,NULL,NULL,NULL
"2026-05-02","14:00","u19-allsvenskan","sweden-amateur",249925,"AIK",427853,"Helsingborgs IF","id1000253968309442",NULL,NULL,NULL,NULL,NULL,NULL,NULL,NULL
"2026-05-02","14:00","league-two","england",23959,"Fleetwood Town",4,"Milton Keynes Dons","id1000002561495051",NULL,NULL,NULL,NULL,NULL,NULL,NULL,NULL
"2026-05-02","14:00","kakkonen-playoffs","finland",330431,"HJS",2260,"FC Honka","id1002691069108796",NULL,NULL,NULL,NULL,NULL,NULL,NULL,NULL
"2026-05-02","14:00","oberliga-rheinland-pfalz","germany-amateur",162350,"FV Diefflen",109759,"Hertha Wiesbach","id1000110962118934",NULL,NULL,NULL,NULL,NULL,NULL,NULL,NULL
"2026-05-02","14:00","division-2-promotion-playoffs","sweden",1776,"IF Sylvia",1800,"IK Sleipner","id1002078268377482",NULL,NULL,NULL,NULL,NULL,NULL,NULL,NULL
"2026-05-02","14:00","1st-division","cyprus",617260,"Krasava ENY Ypsonas FC",3407,"AEL Limassol","id1000017171056630",NULL,NULL,NULL,NULL,NULL,NULL,NULL,NULL
"2026-05-02","14:00","hnl","croatia",43917,"HNK Gorica",2032,"GNK Dinamo Zagreb","id1000017061286571",NULL,NULL,NULL,NULL,NULL,NULL,NULL,NULL
"2026-05-02","14:00","3-deild","iceland",42340,"KV Vesturbaer",560550,"KA Asvellir","id1002887970698866",NULL,NULL,NULL,NULL,NULL,NULL,NULL,NULL
"2026-05-02","14:00","first-division","united-arab-emirates",290574,"Al Urooba UAE",312224,"Dibba Al-Hisn SC","id1001923862067418",NULL,NULL,NULL,NULL,NULL,NULL,NULL,NULL
"2026-05-02","14:00","league-two","england",20,"Gillingham FC",82,"Shrewsbury Town","id1000002561495049",NULL,NULL,NULL,NULL,NULL,NULL,NULL,NULL
"2026-05-02","14:00","iraqi-league","iraq",35889,"Erbil SC",544137,"AL Karkh","id1002697470905968",NULL,NULL,NULL,NULL,NULL,NULL,NULL,NULL
"2026-05-02","14:00","league-one","england",55,"Port Vale",92,"Lincoln City","id1000002461493937",NULL,NULL,NULL,NULL,NULL,NULL,NULL,NULL
"2026-05-02","14:00","erste-liga","switzerland",38620,"USV Eschen-Mauren",25222,"SV Hongg","id1003705162215484",NULL,NULL,NULL,NULL,NULL,NULL,NULL,NULL
"2026-05-02","14:00","promotion-league","switzerland",213074,"FC Grand-Saconnex",25220,"SC Bruhl St Gallen","id1000110161711784",NULL,NULL,NULL,NULL,NULL,NULL,NULL,NULL
"2026-05-02","14:00","league-2","scotland",26252,"Edinburgh City FC",2377,"Dumbarton FC","id1000020961357707",NULL,NULL,NULL,NULL,NULL,NULL,NULL,NULL
"2026-05-02","14:00","2-mfl","north-macedonia",476426,"FK Detonit Plackovica",43874,"FK Kamenica Sasa","id1000071870480830",NULL,NULL,NULL,NULL,NULL,NULL,NULL,NULL
"2026-05-02","14:00","2-deild","iceland",152570,"Kari",42344,"KFG Gardabaer","id1001528370687966",NULL,NULL,NULL,NULL,NULL,NULL,NULL,NULL
"2026-05-02","14:00","league-two","england",19,"Crewe Alexandra",63,"Cambridge United","id1000002561495053",NULL,NULL,NULL,NULL,NULL,NULL,NULL,NULL
"2026-05-02","14:00","ettan-relegation/promotion","sweden",732797,"IF Karlstad Fotbol",785288,"Hammarby Talang FF","id1002741268310850",NULL,NULL,NULL,NULL,NULL,NULL,NULL,NULL
"2026-05-02","14:00","league-one","england",86,"Exeter City",22,"Bradford City FC","id1000002461493947",NULL,NULL,NULL,NULL,NULL,NULL,NULL,NULL
"2026-05-02","14:00","1-deild","iceland",1896,"Fylkir Reykjavik",256267,"IF Vestri","id1000067568306798",NULL,NULL,NULL,NULL,NULL,NULL,NULL,NULL
"2026-05-02","14:00","premier-league","england",50,"Brentford FC",37,"West Ham United","id1000001761301207",NULL,NULL,NULL,NULL,NULL,NULL,NULL,NULL
"2026-05-02","14:00","promotion-league","switzerland",25201,"FC Kreuzlingen",273553,"FC Paradiso","id1000110161711756",NULL,NULL,NULL,NULL,NULL,NULL,NULL,NULL
"2026-05-02","14:00","promotion-league","switzerland",2476,"SC Cham",2487,"FC Basel","id1000110161711758",NULL,NULL,NULL,NULL,NULL,NULL,NULL,NULL
"2026-05-02","14:00","virsliga","latvia",1015457,"Ogre United",68718,"FC RFS","id1000019768492496",NULL,NULL,NULL,NULL,NULL,NULL,NULL,NULL
"2026-05-02","14:00","primera-federacion-women","spain",384670,"CE Europa",280203,"Real Betis Seville","id1004754861837652",NULL,NULL,NULL,NULL,NULL,NULL,NULL,NULL
"2026-05-02","14:00","division-2-promotion-playoffs","sweden",22292,"IFK Ostersund",1332282,"Fransta IK","id1002078269539856",NULL,NULL,NULL,NULL,NULL,NULL,NULL,NULL
"2026-05-02","14:00","tercera-federacion-group-4","spain-amateur",493174,"CD San Ignacio",1044709,"Deportivo Alaves C","id1002602463137643",NULL,NULL,NULL,NULL,NULL,NULL,NULL,NULL
"2026-05-02","14:00","erste-liga","switzerland",44251,"FC Courtetelle",34757,"Zug 94","id1003705162216038",NULL,NULL,NULL,NULL,NULL,NULL,NULL,NULL
"2026-05-02","14:00","league-2","scotland",2380,"Elgin City FC",2371,"Stranraer FC","id1000020961357709",NULL,NULL,NULL,NULL,NULL,NULL,NULL,NULL
"2026-05-02","14:00","bayernliga-north","germany-amateur",351528,"DJK Gebenbach",52767,"Eintracht Bamberg","id1000108961555468",NULL,NULL,NULL,NULL,NULL,NULL,NULL,NULL
"2026-05-02","14:00","puchar-polski","poland",3110,"Gornik Zabrze",35268,"RKS Rakow Czestochowa","id1000028170696700",NULL,NULL,NULL,NULL,NULL,NULL,NULL,NULL
"2026-05-02","14:00","premier-division-women","ireland",1217791,"Waterford FC",682547,"Athlone Town FC","id1002868166855354",NULL,NULL,NULL,NULL,NULL,NULL,NULL,NULL
"2026-05-02","14:00","primera-federacion-women","spain",77891,"CD Alba Fundacion",396558,"FC Barcelona B","id1004754861837646",NULL,NULL,NULL,NULL,NULL,NULL,NULL,NULL
"2026-05-02","14:00","1-deild-women","iceland",305512,"Grotta",48025,"Haukar Hafnarfjordur","id1001820468307842",NULL,NULL,NULL,NULL,NULL,NULL,NULL,NULL
"2026-05-02","14:00","league-2","scotland",2384,"Stirling Albion FC",2393,"Spartans FC","id1000020961357711",NULL,NULL,NULL,NULL,NULL,NULL,NULL,NULL
"2026-05-02","14:00","super-league","greece",7004,"Panaitolikos Agrinio",120224,"AE Kifisia FC","id1000018570232082",NULL,NULL,NULL,NULL,NULL,NULL,NULL,NULL
"2026-05-02","14:00","league-two","england",180,"Bromley FC",26,"Walsall FC","id1000002561495059",NULL,NULL,NULL,NULL,NULL,NULL,NULL,NULL
"2026-05-02","14:00","league-two","england",51,"Tranmere Rovers FC",18,"Grimsby Town","id1000002561495039",NULL,NULL,NULL,NULL,NULL,NULL,NULL,NULL
"2026-05-02","14:00","championship-women","england-amateur",383740,"Sheffield United LFC",55503,"Bristol City WFC","id1001835062324246",NULL,NULL,NULL,NULL,NULL,NULL,NULL,NULL
"2026-05-02","14:00","ykkonen","finland",283741,"VJS",879079,"KuPS Akatemia","id1004229168538230",NULL,NULL,NULL,NULL,NULL,NULL,NULL,NULL
"2026-05-02","14:00","league-one","england",57,"Northampton Town",71,"Plymouth Argyle","id1000002461493941",NULL,NULL,NULL,NULL,NULL,NULL,NULL,NULL
"2026-05-02","14:00","regionalliga-west","austria-amateur",2182,"FC Lauterach",2063,"FC Lustenau","id1000016761541392",NULL,NULL,NULL,NULL,NULL,NULL,NULL,NULL
"2026-05-02","14:00","regionalliga-ost","austria-amateur",43850,"SC Retz",5043,"SC Neusiedl am See 1919","id1000016661472549",NULL,NULL,NULL,NULL,NULL,NULL,NULL,NULL
"2026-05-02","14:00","liga-1","moldova",1191143,"FC Real Sireti",404269,"FC Floresti","id1000071069948668",NULL,NULL,NULL,NULL,NULL,NULL,NULL,NULL
"2026-05-02","14:00","championship-women","england-amateur",500676,"Ipswich Town Lfc",196456,"Sunderland AFC","id1001835062324242",NULL,NULL,NULL,NULL,NULL,NULL,NULL,NULL
"2026-05-02","14:00","league-two","england",97,"Barrow AFC",79,"Newport County","id1000002561495061",NULL,NULL,NULL,NULL,NULL,NULL,NULL,NULL
"2026-05-02","14:00","erste-liga","switzerland",35111,"FC Dietikon",2462,"FC Baden","id1003705162215470",NULL,NULL,NULL,NULL,NULL,NULL,NULL,NULL
"2026-05-02","14:00","premiership","scotland",2347,"Kilmarnock FC",2349,"Dundee United","id1000003670674920",NULL,NULL,NULL,NULL,NULL,NULL,NULL,NULL
"2026-05-02","14:00","treta-liga","bulgaria",393382,"FK Septemvri Tervel",827702,"FC Riltsi","id1004765668899838",NULL,NULL,NULL,NULL,NULL,NULL,NULL,NULL
"2026-05-02","14:00","2-deild","iceland",5371,"UMF Selfoss",892571,"KF Austfjardja","id1001528370687968",NULL,NULL,NULL,NULL,NULL,NULL,NULL,NULL
"2026-05-02","14:00","championship-women","england-amateur",500618,"Newcastle United WFC",372790,"Durham LFC","id1001835062324244",NULL,NULL,NULL,NULL,NULL,NULL,NULL,NULL
"2026-05-02","14:00","league-1","scotland",2362,"Inverness Caledonian Thistle FC",2376,"Hamilton Academical FC","id1000020761357139",NULL,NULL,NULL,NULL,NULL,NULL,NULL,NULL
"2026-05-02","14:00","treta-liga","bulgaria",383368,"FK Botev Novi Pazar",618284,"Chernolomets Popovo","id1004765668899844",NULL,NULL,NULL,NULL,NULL,NULL,NULL,NULL
"2026-05-02","14:00","nb-i","hungary",8059,"Kazincbarcikai SC",25397,"Kisvarda FC","id1000018761272911",NULL,NULL,NULL,NULL,NULL,NULL,NULL,NULL
"2026-05-02","14:00","league-two","england",159,"Harrogate Town",77,"Barnet FC","id1000002561495047",NULL,NULL,NULL,NULL,NULL,NULL,NULL,NULL
"2026-05-02","14:00","1-deild-women","iceland",671243,"HK Kopavogur",267573,"IA Akranes","id1001820468307838",NULL,NULL,NULL,NULL,NULL,NULL,NULL,NULL
"2026-05-02","14:00","championship-women","england-amateur",290396,"Crystal Palace",520172,"Portsmouth FC","id1001835062324240",NULL,NULL,NULL,NULL,NULL,NULL,NULL,NULL
"2026-05-02","14:00","3-deild","iceland",65866,"UMF Tindastoll",99179,"Ymir Kopavogur","id1002887970698872",NULL,NULL,NULL,NULL,NULL,NULL,NULL,NULL
"2026-05-02","14:00","girabola","angola",94785,"Recreativo Do Libolo",1075766,"CD Sao Salvador","id1000217167012966",NULL,NULL,NULL,NULL,NULL,NULL,NULL,NULL
"2026-05-02","14:00","premiership","scotland",2357,"Dundee FC",2359,"St Mirren FC","id1000003670674918",NULL,NULL,NULL,NULL,NULL,NULL,NULL,NULL
"2026-05-02","14:00","ettan-relegation/promotion","sweden",1791,"FC Trollhattan",7095,"FC Rosengaard 1917","id1002741268311560",NULL,NULL,NULL,NULL,NULL,NULL,NULL,NULL
"2026-05-02","14:00","2-mfl","north-macedonia",8067,"FK Skopje",25916,"GFK Ohrid Lihnidos","id1000071870480828",NULL,NULL,NULL,NULL,NULL,NULL,NULL,NULL
"2026-05-02","14:00","1-mfl","north-macedonia",5400,"KF Bashkimi Kumanovo 1947",5403,"FK Vardar Skopje","id1000019970023832",NULL,NULL,NULL,NULL,NULL,NULL,NULL,NULL
"2026-05-02","14:00","1-mfl","north-macedonia",5212,"FK Rabotnicki Skopje",6079,"Pelister Bitola","id1000019970023826",NULL,NULL,NULL,NULL,NULL,NULL,NULL,NULL
"2026-05-02","14:00","kolmonen","finland",35320,"Masku",889595,"Jyrkkalan Tykit","id1004667169923132",NULL,NULL,NULL,NULL,NULL,NULL,NULL,NULL
"2026-05-02","14:00","wien-wiener-stadtliga","austria-amateur",278075,"SV Dinamo Helfort 15",626140,"Vienna Amateure","id1004383161911516",NULL,NULL,NULL,NULL,NULL,NULL,NULL,NULL
"2026-05-02","14:00","toppserien-women","norway",62202,"Vaalerenga Oslo",733,"LSK Kvinner FK","id1000020167017046",NULL,NULL,NULL,NULL,NULL,NULL,NULL,NULL
"2026-05-02","14:00","league-two","england",65,"Oldham Athletic",187,"Accrington Stanley","id1000002561495043",NULL,NULL,NULL,NULL,NULL,NULL,NULL,NULL
"2026-05-02","14:00","3rd-division-group-4","norway",869,"Stabaek Fotball 2",1022,"Madla","id1002464867920334",NULL,NULL,NULL,NULL,NULL,NULL,NULL,NULL
"2026-05-02","14:00","league-1","scotland",2385,"Peterhead FC",225156,"Kelty Hearts FC","id1000020761357143",NULL,NULL,NULL,NULL,NULL,NULL,NULL,NULL
"2026-05-02","14:00","regionalliga-north","germany-amateur",75853,"SSV Jeddeloh II",5047,"Kickers Emden","id1000004262284552",NULL,NULL,NULL,NULL,NULL,NULL,NULL,NULL
"2026-05-02","14:00","2-liga-division-b-group-1","russia",168558,"FC Sevastopol",431309,"Chayka M Peschanokopskoe","id1000109370249486",NULL,NULL,NULL,NULL,NULL,NULL,NULL,NULL
"2026-05-02","14:00","2-mfl","north-macedonia",54307,"FK Pobeda AD Prilep",7580,"FK Teteks 1953","id1000071870480838",NULL,NULL,NULL,NULL,NULL,NULL,NULL,NULL
"2026-05-02","14:00","iii-liga-group-3","poland",1268340,"MKS Stal Jasien",36768,"MKS Kluczbork","id1002583962036844",NULL,NULL,NULL,NULL,NULL,NULL,NULL,NULL
"2026-05-02","14:00","erste-liga","switzerland",2480,"FC Solothurn",550769,"Grasshopper Club Zurich II","id1003705162216034",NULL,NULL,NULL,NULL,NULL,NULL,NULL,NULL
"2026-05-02","14:00","league-one","england",62,"Wycombe Wanderers",13,"Rotherham United","id1000002461493931",NULL,NULL,NULL,NULL,NULL,NULL,NULL,NULL
"2026-05-02","14:00","u19-division-de-honor-juvenil","spain",445835,"Racing de Santander",431219,"Real Sporting de Gijon","id1004834362939335",NULL,NULL,NULL,NULL,NULL,NULL,NULL,NULL
"2026-05-02","14:00","kategoria-superiore","albania",5222,"Partizani Tirana",36387,"Flamurtari Vlore","id1000072062155428",NULL,NULL,NULL,NULL,NULL,NULL,NULL,NULL
"2026-05-02","14:00","ykkonen","finland",2269,"TPV Tampere",35395,"FC Jazz","id1004229168538232",NULL,NULL,NULL,NULL,NULL,NULL,NULL,NULL
"2026-05-02","14:00","superleague-women","russia",255333,"Chertanovo Moscow",995357,"FC Dinamo Moscow","id1001363569592462",NULL,NULL,NULL,NULL,NULL,NULL,NULL,NULL
"2026-05-02","14:00","superliga","uzbekistan",48613,"FK Buxoro",48614,"PFC Sogdiana","id1000077268380384",NULL,NULL,NULL,NULL,NULL,NULL,NULL,NULL
"2026-05-02","14:00","wien-wiener-stadtliga","austria-amateur",7789,"SV Wienerberg 1921",167774,"WAF Vorwarts Brigittenau","id1004383161911520",NULL,NULL,NULL,NULL,NULL,NULL,NULL,NULL
"2026-05-02","14:00","division-2-promotion-playoffs","sweden",5951,"Syrianska FC",82443,"IFK Haninge","id1002078268377486",NULL,NULL,NULL,NULL,NULL,NULL,NULL,NULL
"2026-05-02","14:00","iraqi-league","iraq",508990,"Amanat Baghdad SC",631308,"Al-Qasim SC","id1002697470905966",NULL,NULL,NULL,NULL,NULL,NULL,NULL,NULL
"2026-05-02","14:00","treta-liga","bulgaria",1173905,"FC Aksakovo",36944,"SFK Svetkavitsa Targovishte","id1004765668899840",NULL,NULL,NULL,NULL,NULL,NULL,NULL,NULL
"2026-05-02","14:00","pervaya-liga","belarus",207835,"FC Molodechno",690231,"Uni Iks Labs","id1000077670986704",NULL,NULL,NULL,NULL,NULL,NULL,NULL,NULL
"2026-05-02","14:00","vorarlberg-eliteliga","austria-amateur",2127,"FC Hard",106983,"Dornbirner SV","id1002968461927850",NULL,NULL,NULL,NULL,NULL,NULL,NULL,NULL
"2026-05-02","14:00","primera-federacion-women","spain",384678,"Cacereno Femenino",114821,"Oviedo Moderno","id1004754861837648",NULL,NULL,NULL,NULL,NULL,NULL,NULL,NULL
"2026-05-02","14:00","veikkausliiga","finland",2252,"FF Jaro",2254,"Turun Palloseura","id1000004167091282",NULL,NULL,NULL,NULL,NULL,NULL,NULL,NULL
"2026-05-02","14:00","treta-liga","bulgaria",827700,"FC Volov Shumen",1272526,"Olympic Varna","id1004765668899842",NULL,NULL,NULL,NULL,NULL,NULL,NULL,NULL
"2026-05-02","14:00","pro-league","belgium",2893,"KVC Westerlo",2918,"Oud-Heverlee Leuven","id1000003870207486",NULL,NULL,NULL,NULL,NULL,NULL,NULL,NULL
"2026-05-02","14:00","premier-league","kazakhstan",36142,"Kaisar Kyzylorda",5364,"Zhetysu Taldykorgan","id1000068269342818",NULL,NULL,NULL,NULL,NULL,NULL,NULL,NULL
"2026-05-02","14:00","erste-liga","switzerland",2478,"SC Buochs",34777,"BSC Old Boys","id1003705162216030",NULL,NULL,NULL,NULL,NULL,NULL,NULL,NULL
"2026-05-02","14:00","ettan-relegation/promotion","sweden",7536,"Utsiktens BK",870811,"Ariana FC","id1002741268311562",NULL,NULL,NULL,NULL,NULL,NULL,NULL,NULL
"2026-05-02","14:00","league-one","england",54,"Peterborough United",84,"Doncaster Rovers","id1000002461493939",NULL,NULL,NULL,NULL,NULL,NULL,NULL,NULL
"2026-05-02","14:00","premier-league","england",39,"Newcastle United",30,"Brighton & Hove Albion","id1000001761301221",NULL,NULL,NULL,NULL,NULL,NULL,NULL,NULL
"2026-05-02","14:00","2-liga","slovakia",44590,"FC STK 1914 Samorin",35209,"Slovan Bratislava B","id1000022461677878",NULL,NULL,NULL,NULL,NULL,NULL,NULL,NULL
"2026-05-02","14:00","kolmonen","finland",35320,"Masku",2286,"Vg-62","id1004667170872786",NULL,NULL,NULL,NULL,NULL,NULL,NULL,NULL
"2026-05-02","14:00","ettan-relegation/promotion","sweden",5954,"AFC Eskilstuna",22236,"FBK Karlstad","id1002741268310846",NULL,NULL,NULL,NULL,NULL,NULL,NULL,NULL
"2026-05-02","14:00","primera-federacion-women","spain",501506,"CA Osasuna",475488,"Deportivo Alaves","id1004754861837658",NULL,NULL,NULL,NULL,NULL,NULL,NULL,NULL
"2026-05-02","14:00","indian-super-league","india",643680,"Sporting Club Delhi",275171,"Punjab FC","id1000190068746476",NULL,NULL,NULL,NULL,NULL,NULL,NULL,NULL
"2026-05-02","14:00","treta-liga","bulgaria",827704,"FC Spartak 1918 Varna II",1173907,"FC Fratria II","id1004765668899836",NULL,NULL,NULL,NULL,NULL,NULL,NULL,NULL
"2026-05-02","14:00","3-deild","iceland",23826,"Reynir Sandgerdi",876575,"Arbaer","id1002887970698864",NULL,NULL,NULL,NULL,NULL,NULL,NULL,NULL
"2026-05-02","14:00","championship-women","england-amateur",529769,"Nottingham Forest Lfc",502706,"Southampton FC","id1001835062324236",NULL,NULL,NULL,NULL,NULL,NULL,NULL,NULL
"2026-05-02","14:00","championship-women","england-amateur",290394,"Charlton Athletic",66766,"Birmingham City WFC","id1001835062324238",NULL,NULL,NULL,NULL,NULL,NULL,NULL,NULL
"2026-05-02","14:00","1-lyga","lithuania",196936,"Dfk Dainava Alytus",36065,"FK Jonava","id1000067669670680",NULL,NULL,NULL,NULL,NULL,NULL,NULL,NULL
"2026-05-02","14:00","kategoria-superiore","albania",5417,"KF Teuta",5195,"KF Tirana","id1000072062155426",NULL,NULL,NULL,NULL,NULL,NULL,NULL,NULL
"2026-05-02","14:00","regionalliga-centre","austria-amateur",35671,"ASKO Oedt",600490,"Atus Velden","id1000016861466331",NULL,NULL,NULL,NULL,NULL,NULL,NULL,NULL
"2026-05-02","14:00","3rd-division-group-2","norway",7311,"Volda TI Football",1160,"Molde FK 2","id1002464467919572",NULL,NULL,NULL,NULL,NULL,NULL,NULL,NULL
"2026-05-02","14:00","u19-super-league","greece",285845,"PAOK Thessaloniki",308322,"OFI","id1002638471166782",NULL,NULL,NULL,NULL,NULL,NULL,NULL,NULL
"2026-05-02","14:00","liga-prom","panama",781966,"CA Independiente B",780124,"Udelas FC","id1001949071183170",NULL,NULL,NULL,NULL,NULL,NULL,NULL,NULL
"2026-05-02","14:00","liga-prom","panama",784644,"Aguilas de la Universidad de Panama",181086,"SD Atletico Nacional","id1001949071183172",NULL,NULL,NULL,NULL,NULL,NULL,NULL,NULL
"2026-05-02","14:00","girabola","angola",76431,"GD Interclube",203453,"FC Bravos do Maquis","id1000217171165968",NULL,NULL,NULL,NULL,NULL,NULL,NULL,NULL
"2026-05-02","14:00","omani-league","oman",99993,"Sohar",185578,"Bahla Club","id1000096571166662",NULL,NULL,NULL,NULL,NULL,NULL,NULL,NULL
"2026-05-02","14:10","u19-premier-league","israel",401245,"Hapoel Petah Tikva Nahum",222408,"Maccabi Tel Aviv","id1003619571143160",NULL,NULL,NULL,NULL,NULL,NULL,NULL,NULL
"2026-05-02","14:15","u19-premier-league","israel",307298,"Maccabi Netanya",307294,"Hapoel Beer Sheva","id1003619571143162",NULL,NULL,NULL,NULL,NULL,NULL,NULL,NULL
"2026-05-02","14:15","laliga-2","spain",2868,"Cultural Leonesa",4488,"Cadiz CF","id1000005461623860",NULL,NULL,NULL,NULL,NULL,NULL,NULL,NULL
"2026-05-02","14:15","primera-federacion","spain",2843,"Racing Club de Ferrol",4941,"Pontevedra CF","id1003483461685674",NULL,NULL,NULL,NULL,NULL,NULL,NULL,NULL
"2026-05-02","14:15","kolmonen","finland",22376,"FC Kontu",1114181,"Hps/2","id1004667169921096",NULL,NULL,NULL,NULL,NULL,NULL,NULL,NULL
"2026-05-02","14:15","primera-federacion","spain",2840,"Gimnastic de Tarragona",7762,"Sevilla Atletico","id1003483461687576",NULL,NULL,NULL,NULL,NULL,NULL,NULL,NULL
"2026-05-02","14:15","laliga","spain",2828,"Valencia CF",2836,"Atletico Madrid","id1000000861624610",NULL,NULL,NULL,NULL,NULL,NULL,NULL,NULL
"2026-05-02","14:15","kolmonen","finland",1114181,"Hps/2",1122245,"Atlantis FC/2","id1004667170684162",NULL,NULL,NULL,NULL,NULL,NULL,NULL,NULL
"2026-05-02","14:20","u19-premier-league","israel",307302,"Hapoel Rishon Letzion",561480,"Hapoel Ako","id1003619571143570",NULL,NULL,NULL,NULL,NULL,NULL,NULL,NULL
"2026-05-02","14:30","3-liga","germany",2522,"VfB Stuttgart II",2562,"Rot-Weiss Essen","id1000049161709664",NULL,NULL,NULL,NULL,NULL,NULL,NULL,NULL
"2026-05-02","14:30","eredivisie","netherlands",2948,"FC Utrecht",2947,"NAC Breda","id1000003761320239",NULL,NULL,NULL,NULL,NULL,NULL,NULL,NULL
"2026-05-02","14:30","eredivisie-women","netherlands",55511,"FC Twente Enschede",178256,"PEC Zwolle","id1000227061895606",NULL,NULL,NULL,NULL,NULL,NULL,NULL,NULL
"2026-05-02","14:30","srpska-liga","serbia",989275,"OFK Vrbas",409905,"FK Sloboda Donji Tovarnik","id1004821368998824",NULL,NULL,NULL,NULL,NULL,NULL,NULL,NULL
"2026-05-02","14:30","srpska-liga","serbia",1277282,"FK Mladi Radnik 1940 Radinac",609724,"FK Takovo","id1004821362700147",NULL,NULL,NULL,NULL,NULL,NULL,NULL,NULL
"2026-05-02","14:30","girabola","angola",94785,"Recreativo Do Libolo",134310,"Kabuscorp SCP","id1000217163733637",NULL,NULL,NULL,NULL,NULL,NULL,NULL,NULL
"2026-05-02","14:30","eredivisie-women","netherlands",178254,"SC Telstar VVNH",178262,"PSV Eindhoven","id1000227061895610",NULL,NULL,NULL,NULL,NULL,NULL,NULL,NULL
"2026-05-02","14:30","girabola","angola",134318,"Primeiro de Agosto",1286557,"Redonda FC","id1000217163733633",NULL,NULL,NULL,NULL,NULL,NULL,NULL,NULL
"2026-05-02","14:30","liga-portugal","portugal",25777,"FC Arouca",3011,"Santa Clara Azores","id1000023861731516",NULL,NULL,NULL,NULL,NULL,NULL,NULL,NULL
"2026-05-02","14:30","primera-division-women","spain",441022,"Cdef Logrono",335007,"Madrid CFF","id1000112761688368",NULL,NULL,NULL,NULL,NULL,NULL,NULL,NULL
"2026-05-02","14:30","girabola","angola",203453,"FC Bravos do Maquis",1286559,"Guelson FC","id1000217163733629",NULL,NULL,NULL,NULL,NULL,NULL,NULL,NULL
"2026-05-02","14:30","srpska-liga","serbia",1037795,"Gfk Sloven Ruma",317079,"FK Dinamo 1945 Pancevo","id1004821368998826",NULL,NULL,NULL,NULL,NULL,NULL,NULL,NULL
"2026-05-02","14:30","super-league","greece",6347,"Panserraikos FC",3265,"AE Larissa FC","id1000018570232084",NULL,NULL,NULL,NULL,NULL,NULL,NULL,NULL
"2026-05-02","14:30","superliga","romania",3294,"FC Farul Constanta",24798,"FC Botosani","id1000015269744630",NULL,NULL,NULL,NULL,NULL,NULL,NULL,NULL
"2026-05-02","14:30","srpska-liga","serbia",917391,"FK Djerdap Kladovo",273739,"FK Radnicki Pirot","id1004821369039180",NULL,NULL,NULL,NULL,NULL,NULL,NULL,NULL
"2026-05-02","14:30","srpska-liga","serbia",285769,"FK Mladost Backi Jarak",538663,"FK Zeleznicar Indjija","id1004821368998828",NULL,NULL,NULL,NULL,NULL,NULL,NULL,NULL
"2026-05-02","14:30","divize-e","czechia",573565,"TJ Skastice",433802,"Tatran Vsechovice","id1004073566054200",NULL,NULL,NULL,NULL,NULL,NULL,NULL,NULL
"2026-05-02","14:30","srpska-liga","serbia",279487,"Dunav Prahovo",222212,"FK Jedinstvo Paracin","id1004821369039182",NULL,NULL,NULL,NULL,NULL,NULL,NULL,NULL
"2026-05-02","14:30","srpska-liga","serbia",1032857,"FK Jedinstvo 1936 Krusevac",823172,"FK Morava Cuprija","id1004821369039174",NULL,NULL,NULL,NULL,NULL,NULL,NULL,NULL
"2026-05-02","14:30","srpska-liga","serbia",279419,"Gfk Jagodina",617206,"FK Rembas Resavica","id1004821369039178",NULL,NULL,NULL,NULL,NULL,NULL,NULL,NULL
"2026-05-02","14:30","super-league","malawi",1120761,"Creck SC",412653,"Mighty Wanderers FC","id1001949470381454",NULL,NULL,NULL,NULL,NULL,NULL,NULL,NULL
"2026-05-02","14:30","girabola","angola",203445,"Petroleos Do Lobito",76431,"GD Interclube","id1000217163733639",NULL,NULL,NULL,NULL,NULL,NULL,NULL,NULL
"2026-05-02","14:30","3-liga","germany",2580,"SSV Ulm 1846",53365,"FC Viktoria Cologne","id1000049161709666",NULL,NULL,NULL,NULL,NULL,NULL,NULL,NULL
"2026-05-02","14:30","liga-portugal","portugal",3014,"Moreirense FC",744135,"Estrela Amadora","id1000023861731504",NULL,NULL,NULL,NULL,NULL,NULL,NULL,NULL
"2026-05-02","14:30","girabola","angola",1286557,"Redonda FC",203457,"Sagrada Esperanca","id1000217167012954",NULL,NULL,NULL,NULL,NULL,NULL,NULL,NULL
"2026-05-02","14:30","srpska-liga","serbia",676711,"FK Veternik",822814,"OFK Kikinda","id1004821368998830",NULL,NULL,NULL,NULL,NULL,NULL,NULL,NULL
"2026-05-02","14:30","liga-portugal","portugal",3013,"Nacional da Madeira",1031053,"AVS Futebol SAD","id1000023861731502",NULL,NULL,NULL,NULL,NULL,NULL,NULL,NULL
"2026-05-02","14:30","super-league","malawi",194306,"Big Bullets",445459,"Malawi Armed Forces College FC","id1001949470381456",NULL,NULL,NULL,NULL,NULL,NULL,NULL,NULL
"2026-05-02","14:30","srpska-liga","serbia",460359,"FK Jedinstvo Stara Pazova",592225,"FK Sloga Conoplja","id1004821368998820",NULL,NULL,NULL,NULL,NULL,NULL,NULL,NULL
"2026-05-02","14:30","srpska-liga","serbia",26224,"FK Sindelic Nis",117498,"Trstenik PPT","id1004821369039176",NULL,NULL,NULL,NULL,NULL,NULL,NULL,NULL
"2026-05-02","14:30","srpska-liga","serbia",615328,"FK Napredak Markovac",387642,"FK Buducnost Krusik","id1004821362700153",NULL,NULL,NULL,NULL,NULL,NULL,NULL,NULL
"2026-05-02","14:30","u19-division-de-honor-juvenil","spain",525283,"CD San Francisco",757254,"CE Sabadell FC","id1004834362940457",NULL,NULL,NULL,NULL,NULL,NULL,NULL,NULL
"2026-05-02","14:30","premier-league","azerbaijan",119066,"Araz Nakhchivan PFK",951655,"Imisli FK","id1000070963185749",NULL,NULL,NULL,NULL,NULL,NULL,NULL,NULL
"2026-05-02","14:30","msfl","czechia",43193,"SFK Vrchovina",6068,"FK Fotbal Trinec","id1001414766053674",NULL,NULL,NULL,NULL,NULL,NULL,NULL,NULL
"2026-05-02","14:30","srpska-liga","serbia",821066,"FK Bor 1919",1163701,"FK Rudar 2016","id1004821369039172",NULL,NULL,NULL,NULL,NULL,NULL,NULL,NULL
"2026-05-02","14:30","srpska-liga","serbia",1228471,"FK Radnicki Valjevo",25733,"FK Sloboda Uzice","id1004821362700151",NULL,NULL,NULL,NULL,NULL,NULL,NULL,NULL
"2026-05-02","14:30","srpska-liga","serbia",35326,"FK Indjija",373244,"Omladinac Novi Banovci","id1004821368998822",NULL,NULL,NULL,NULL,NULL,NULL,NULL,NULL
"2026-05-02","14:30","girabola","angola",1075766,"CD Sao Salvador",1183715,"Luanda City FC","id1000217163733635",NULL,NULL,NULL,NULL,NULL,NULL,NULL,NULL
"2026-05-02","14:30","eredivisie-women","netherlands",1286969,"Hera United",178262,"PSV Eindhoven","id1000227063575047",NULL,NULL,NULL,NULL,NULL,NULL,NULL,NULL
"2026-05-02","14:30","girabola","angola",621314,"Wiliete SC",839874,"CD Lunda Sul","id1000217163733631",NULL,NULL,NULL,NULL,NULL,NULL,NULL,NULL
"2026-05-02","14:30","girabola","angola",203443,"CD Huila",148072,"Atletico Petroleos de Luanda","id1000217163733625",NULL,NULL,NULL,NULL,NULL,NULL,NULL,NULL
"2026-05-02","14:30","girabola","angola",203457,"Sagrada Esperanca",597052,"1º de Maio de Benguela","id1000217163733627",NULL,NULL,NULL,NULL,NULL,NULL,NULL,NULL
"2026-05-02","14:30","srpska-liga","serbia",364822,"FK Sloga Pozega",74319,"FK Jedinstvo Putevi","id1004821362700149",NULL,NULL,NULL,NULL,NULL,NULL,NULL,NULL
"2026-05-02","14:30","tercera-federacion-group-8","spain-amateur",1039997,"CD Villaralbo",749455,"CD Colegios Diocesanos","id1002603263142513",NULL,NULL,NULL,NULL,NULL,NULL,NULL,NULL
"2026-05-02","14:30","divize-f","czechia",35262,"SK Jiskra Rymarov",552647,"TJ Bridlicna","id1004073766054446",NULL,NULL,NULL,NULL,NULL,NULL,NULL,NULL
"2026-05-02","14:45","u19-allsvenskan","sweden-amateur",347918,"IK Sirius",249955,"IFK Goteborg","id1000253968309456",NULL,NULL,NULL,NULL,NULL,NULL,NULL,NULL
"2026-05-02","15:00","liga-3","romania",388964,"Csm Bucovina Radauti",1282315,"ACS FC Bacau II","id1003953370384916",NULL,NULL,NULL,NULL,NULL,NULL,NULL,NULL
"2026-05-02","15:00","u21-liga-mx","mexico",1269038,"Club America",1269260,"Universidad Nacional","id1004805671168892",NULL,NULL,NULL,NULL,NULL,NULL,NULL,NULL
"2026-05-02","15:00","super-d2","mauritania",885815,"FC Ways",978751,"Widad Arafat","id1004842571077246",NULL,NULL,NULL,NULL,NULL,NULL,NULL,NULL
"2026-05-02","15:00","national-league-south","england-amateur",25940,"Hornchurch FC",6341,"Weston-super-Mare","id1000017471173988",NULL,NULL,NULL,NULL,NULL,NULL,NULL,NULL
"2026-05-02","15:00","national-league-north","england-amateur",47207,"South Shields",36381,"Buxton FC","id1000017671173610",NULL,NULL,NULL,NULL,NULL,NULL,NULL,NULL
"2026-05-02","15:00","ligue-2","algeria",962127,"NR Beni Oulbene",133488,"NC Magra","id1001432171084588",NULL,NULL,NULL,NULL,NULL,NULL,NULL,NULL
"2026-05-02","15:00","ligue-2","algeria",44997,"AS Khroub",55391,"CA Batna","id1001432171084586",NULL,NULL,NULL,NULL,NULL,NULL,NULL,NULL
"2026-05-02","15:00","ligue-2","algeria",667719,"Js Bordj Menaiel",402055,"Nrb Teleghma","id1001432171084578",NULL,NULL,NULL,NULL,NULL,NULL,NULL,NULL
"2026-05-02","15:00","ligue-2","tunisia",239038,"US Ksour Essaf",191832,"Kalaa Sport","id1002057871097214",NULL,NULL,NULL,NULL,NULL,NULL,NULL,NULL
"2026-05-02","15:00","ligue-2","tunisia",296026,"AS Ariana",59622,"EGS Gafsa","id1002057871097208",NULL,NULL,NULL,NULL,NULL,NULL,NULL,NULL
"2026-05-02","15:00","ligue-2","tunisia",402381,"CS Redeyef",148872,"AS Kasserine","id1002057871097222",NULL,NULL,NULL,NULL,NULL,NULL,NULL,NULL
"2026-05-02","15:00","ligue-2","algeria",42203,"USM Annaba",112469,"MO Bejaia","id1001432171084590",NULL,NULL,NULL,NULL,NULL,NULL,NULL,NULL
"2026-05-02","15:00","ligue-2","algeria",133462,"US Chaouia",238160,"JS Djidjel","id1001432171084584",NULL,NULL,NULL,NULL,NULL,NULL,NULL,NULL
"2026-05-02","15:00","ligue-2","algeria",238154,"CR Beni Thour",238168,"US Biskra","id1001432171084582",NULL,NULL,NULL,NULL,NULL,NULL,NULL,NULL
"2026-05-02","15:00","ligue-2","algeria",41754,"MSP Batna",41753,"MO Constantine","id1001432171084592",NULL,NULL,NULL,NULL,NULL,NULL,NULL,NULL
"2026-05-02","15:00","ligue-2","algeria",186134,"HB Chelghoum Laid",659835,"Ib Khemis El Khechna","id1001432171084580",NULL,NULL,NULL,NULL,NULL,NULL,NULL,NULL
"2026-05-02","15:00","ligue-2","tunisia",296036,"CS Korba",302312,"AS Djelma","id1002057871097210",NULL,NULL,NULL,NULL,NULL,NULL,NULL,NULL
"2026-05-02","15:00","ligue-2","tunisia",223600,"EO Sidi Bouzid",516810,"ES Bouchamma","id1002057871097216",NULL,NULL,NULL,NULL,NULL,NULL,NULL,NULL
"2026-05-02","15:00","ligue-2","tunisia",148864,"Jendouba Sport",302318,"SC Moknine","id1002057871097212",NULL,NULL,NULL,NULL,NULL,NULL,NULL,NULL
"2026-05-02","15:00","premijer-liga","bosnia-&-herzegovina",36537,"FK Rudar Prijedor",6147,"HSK Posusje","id1000022261737316",NULL,NULL,NULL,NULL,NULL,NULL,NULL,NULL
"2026-05-02","15:00","premier-league","ghana",684007,"Vision FC (GHA)",781830,"Swedru All Blacks","id1000119163078709",NULL,NULL,NULL,NULL,NULL,NULL,NULL,NULL
"2026-05-02","15:00","u19-campeonato-nacional","portugal",78135,"SL Benfica",169138,"Gil Vicente","id1000113367802904",NULL,NULL,NULL,NULL,NULL,NULL,NULL,NULL
"2026-05-02","15:00","treta-liga","bulgaria",36940,"Kom-Minyor Berkovitsa",1272530,"FC Troyan","id1004765669036252",NULL,NULL,NULL,NULL,NULL,NULL,NULL,NULL
"2026-05-02","15:00","liga-3","romania",24805,"CS Minerul Lupeni",55373,"CSM Cetatea Turnu Magurele","id1003953370384636",NULL,NULL,NULL,NULL,NULL,NULL,NULL,NULL
"2026-05-02","15:00","3-liga","slovakia",172070,"Ok Castkovce",219114,"FC Zolik Malacky","id1004753661940232",NULL,NULL,NULL,NULL,NULL,NULL,NULL,NULL
"2026-05-02","15:00","treta-liga","bulgaria",601966,"FK Kyustendil",812380,"Septemvri Sofia II","id1004765666479604",NULL,NULL,NULL,NULL,NULL,NULL,NULL,NULL
"2026-05-02","15:00","3-snl","slovenia",737887,"NK Skofja Loka",2436,"NK Tolmin","id1004799862252138",NULL,NULL,NULL,NULL,NULL,NULL,NULL,NULL
"2026-05-02","15:00","treta-liga","bulgaria",3282,"FC Lovech",495464,"Partizan Cherven Briag","id1004765669036246",NULL,NULL,NULL,NULL,NULL,NULL,NULL,NULL
"2026-05-02","15:00","3-liga","slovakia",25490,"MFK Dolny Kubin",25468,"TJ Jednota Banova","id1004753661940900",NULL,NULL,NULL,NULL,NULL,NULL,NULL,NULL
"2026-05-02","15:00","liga-3","romania",947425,"AS Usv Iasi",396500,"AFC Odorheiu Secuiesc","id1003953370384914",NULL,NULL,NULL,NULL,NULL,NULL,NULL,NULL
"2026-05-02","15:00","premijer-liga","bosnia-&-herzegovina",5237,"FK Sarajevo",5235,"FK Borac Banja Luka","id1000022261737308",NULL,NULL,NULL,NULL,NULL,NULL,NULL,NULL
"2026-05-02","15:00","liga-3","romania",733519,"ACS Sepsi Osk Sfantu Gheorghe 2",1168357,"AFC Viitorul Onesti","id1003953370384478",NULL,NULL,NULL,NULL,NULL,NULL,NULL,NULL
"2026-05-02","15:00","1-lig","turkiye",77629,"Corum FK",55603,"Erzurumspor FK","id1000009861834318",NULL,NULL,NULL,NULL,NULL,NULL,NULL,NULL
"2026-05-02","15:00","premier-league","armenia",36059,"Gandzasar Kapan FC",609308,"FC Van Charentsavan","id1000067170906466",NULL,NULL,NULL,NULL,NULL,NULL,NULL,NULL
"2026-05-02","15:00","super-league-women","switzerland",53371,"BSC YB Frauen",684333,"FC Rapperswil-Jona","id1002991870642346",NULL,NULL,NULL,NULL,NULL,NULL,NULL,NULL
"2026-05-02","15:00","3-snl","slovenia",922717,"NK Vrhnika",476956,"NK Svoboda Ljubljana","id1004799862252144",NULL,NULL,NULL,NULL,NULL,NULL,NULL,NULL
"2026-05-02","15:00","treta-liga","bulgaria",214652,"FK Botev 1937 Ihtiman",372686,"FK Germaneya Sapareva Banya","id1004765666479592",NULL,NULL,NULL,NULL,NULL,NULL,NULL,NULL
"2026-05-02","15:00","liga-3","romania",55377,"CSO Plopeni",288581,"CS Paulesti","id1003953370384976",NULL,NULL,NULL,NULL,NULL,NULL,NULL,NULL
"2026-05-02","15:00","prva-liga","serbia",273511,"FK Trayal Krusevac",477280,"Gfk Dubocica","id1000072170681932",NULL,NULL,NULL,NULL,NULL,NULL,NULL,NULL
"2026-05-02","15:00","fnl","czechia",2210,"FC Zbrojovka Brno",4868,"FK Usti nad Labem","id1000020561326593",NULL,NULL,NULL,NULL,NULL,NULL,NULL,NULL
"2026-05-02","15:00","liga-3","romania",116257,"CS Sporting Liesti",1177419,"FC Soimii Gura Humorului","id1003953370384474",NULL,NULL,NULL,NULL,NULL,NULL,NULL,NULL
"2026-05-02","15:00","liga-3","romania",912419,"AFC Inter Stars Sibiu",594738,"CS Gilortul Targu Carbunesti","id1003953370385582",NULL,NULL,NULL,NULL,NULL,NULL,NULL,NULL
"2026-05-02","15:00","ii-divisao-women","portugal",374792,"Clube de Albergaria",637878,"FC Famalicao","id1004871166674250",NULL,NULL,NULL,NULL,NULL,NULL,NULL,NULL
"2026-05-02","15:00","prva-nl","croatia",25539,"Orijent 1919 Rijeka",249455,"NK Croatia Zmijavci","id1000072469972704",NULL,NULL,NULL,NULL,NULL,NULL,NULL,NULL
"2026-05-02","15:00","druga-nl","croatia",89936,"NK Dugo Selo",443452,"NK Uskok","id1003861370949934",NULL,NULL,NULL,NULL,NULL,NULL,NULL,NULL
"2026-05-02","15:00","3-liga","slovakia",270853,"FK Humenne",270931,"MSK Spisske Podhradie","id1004753661940958",NULL,NULL,NULL,NULL,NULL,NULL,NULL,NULL
"2026-05-02","15:00","bayernliga-south","germany-amateur",108177,"FC Pipinsried",260729,"FC Deisenhofen","id1000109161556022",NULL,NULL,NULL,NULL,NULL,NULL,NULL,NULL
"2026-05-02","15:00","erste-liga","switzerland",815220,"FC Amical Saint-Prex",1030641,"Lancy FC","id1003705162216446",NULL,NULL,NULL,NULL,NULL,NULL,NULL,NULL
"2026-05-02","15:00","bundesliga","austria",2052,"Grazer AK 1902",5405,"WSG Tirol","id1000004569751684",NULL,NULL,NULL,NULL,NULL,NULL,NULL,NULL
"2026-05-02","15:00","treta-liga","bulgaria",24444,"FC Lokomotiv Mezdra",233038,"FK Levski 2007","id1004765669036250",NULL,NULL,NULL,NULL,NULL,NULL,NULL,NULL
"2026-05-02","15:00","vtora-liga","bulgaria",3284,"PFC Belasitsa Petrich",8074,"PFK Sportist Svoge","id1000113563465165",NULL,NULL,NULL,NULL,NULL,NULL,NULL,NULL
"2026-05-02","15:00","liga-3","romania",1032081,"Csl Stefanestii de Jos",220910,"SC Popesti Leordeni","id1003953370384564",NULL,NULL,NULL,NULL,NULL,NULL,NULL,NULL
"2026-05-02","15:00","liga-portugal-3","portugal",285827,"Lusitano GC",35177,"Atletico Clube de Portugal","id1003490068351594",NULL,NULL,NULL,NULL,NULL,NULL,NULL,NULL
"2026-05-02","15:00","druga-nl","croatia",659215,"NK Uljanik",6671,"NK Segesta","id1003861370949930",NULL,NULL,NULL,NULL,NULL,NULL,NULL,NULL
"2026-05-02","15:00","treta-liga","bulgaria",32644,"OFC Nesebar",267513,"FK Rozova Dolina Kazanlak","id1004765666988552",NULL,NULL,NULL,NULL,NULL,NULL,NULL,NULL
"2026-05-02","15:00","ligue-1","france",1644,"Paris Saint-Germain",1656,"FC Lorient","id1000003461526552",NULL,NULL,NULL,NULL,NULL,NULL,NULL,NULL
"2026-05-02","15:00","girabola","angola",203445,"Petroleos Do Lobito",597052,"1º de Maio de Benguela","id1000217167012948",NULL,NULL,NULL,NULL,NULL,NULL,NULL,NULL
"2026-05-02","15:00","3-liga","slovakia",79033,"MSK Namestovo",172056,"MSK Fomat Martin","id1004753661940896",NULL,NULL,NULL,NULL,NULL,NULL,NULL,NULL
"2026-05-02","15:00","1-lig","turkiye",3091,"Hatayspor Antakya",24750,"Van Spor FK","id1000009861834314",NULL,NULL,NULL,NULL,NULL,NULL,NULL,NULL
"2026-05-02","15:00","3-liga","slovakia",276293,"MFk Slovan Sabinov",7928,"FC Kosice II","id1004753661940946",NULL,NULL,NULL,NULL,NULL,NULL,NULL,NULL
"2026-05-02","15:00","nb-iii","hungary",37269,"Erdi VSE",25583,"Balatonlelle","id1004795262181512",NULL,NULL,NULL,NULL,NULL,NULL,NULL,NULL
"2026-05-02","15:00","liga-3","romania",371204,"AFC Unirea Tasnad",1031165,"ACS Viitorul Arad","id1003953370384712",NULL,NULL,NULL,NULL,NULL,NULL,NULL,NULL
"2026-05-02","15:00","prva-nl","croatia",44476,"NK BSK Bijelo Brdo",44480,"NK Opatija","id1000072469972696",NULL,NULL,NULL,NULL,NULL,NULL,NULL,NULL
"2026-05-02","15:00","tercera-federacion-group-15","spain-amateur",493696,"CD Avance Ezcabarte",1281959,"Club Deportivo Aoiz","id1002604663148141",NULL,NULL,NULL,NULL,NULL,NULL,NULL,NULL
"2026-05-02","15:00","1-lig","turkiye",3088,"Igdir FK",225940,"Amed Sportif Faaliyetler","id1000009861834320",NULL,NULL,NULL,NULL,NULL,NULL,NULL,NULL
"2026-05-02","15:00","tercera-federacion-group-15","spain-amateur",6588,"Pena Sport FC",369342,"CD Subiza","id1002604663148147",NULL,NULL,NULL,NULL,NULL,NULL,NULL,NULL
"2026-05-02","15:00","premier-league","ukraine",3316,"Karpaty Lviv",312744,"LNZ Cherkasy","id1000021861651620",NULL,NULL,NULL,NULL,NULL,NULL,NULL,NULL
"2026-05-02","15:00","prva-liga","serbia",5151,"FK Smederevo 1924",1182955,"FK Dinamo Jug","id1000072170681938",NULL,NULL,NULL,NULL,NULL,NULL,NULL,NULL
"2026-05-02","15:00","1-lig","turkiye",216878,"Manisa Futbol Kulubu",3080,"Sakaryaspor","id1000009861834328",NULL,NULL,NULL,NULL,NULL,NULL,NULL,NULL
"2026-05-02","15:00","ii-divisao-women","portugal",840586,"Sporting Cp B",620214,"Amora FC","id1004871166674468",NULL,NULL,NULL,NULL,NULL,NULL,NULL,NULL
"2026-05-02","15:00","treta-liga","bulgaria",1175191,"PFC CSKA Sofia III",83185,"FC Strumska Slava Radomir","id1004765666479594",NULL,NULL,NULL,NULL,NULL,NULL,NULL,NULL
"2026-05-02","15:00","premier-league","malta",58327,"Gzira United FC",33584,"Floriana FC","id1000062969998156",NULL,NULL,NULL,NULL,NULL,NULL,NULL,NULL
"2026-05-02","15:00","2-cfl","montenegro",6217,"FK Berane",6223,"FK Rudar Pljevlja","id1000071767148318",NULL,NULL,NULL,NULL,NULL,NULL,NULL,NULL
"2026-05-02","15:00","superettan","sweden",1763,"GIF Sundsvall",1860,"IK Oddevold","id1000004667126060",NULL,NULL,NULL,NULL,NULL,NULL,NULL,NULL
"2026-05-02","15:00","2-cfl","montenegro",224978,"FK Podgorica",6218,"OFK Grbalj","id1000071767148322",NULL,NULL,NULL,NULL,NULL,NULL,NULL,NULL
"2026-05-02","15:00","cfl","czechia",34794,"SK Sparta Kolin",37113,"FK Arsenal Ceska Lipa","id1001415166614032",NULL,NULL,NULL,NULL,NULL,NULL,NULL,NULL
"2026-05-02","15:00","2-liga","slovenia",2409,"ND Gorica",2412,"NK Rudar Velenje","id1000053261454649",NULL,NULL,NULL,NULL,NULL,NULL,NULL,NULL
"2026-05-02","15:00","druga-nl","croatia",25531,"NK Lucko",340544,"NK Varteks","id1003861370949926",NULL,NULL,NULL,NULL,NULL,NULL,NULL,NULL
"2026-05-02","15:00","3-liga","slovakia",276295,"Ofk-Sim Raslavice",220424,"MSK Tesla Stropkov","id1004753661940938",NULL,NULL,NULL,NULL,NULL,NULL,NULL,NULL
"2026-05-02","15:00","oberosterreich-oo-liga","austria-amateur",34978,"Vorwarts Steyr",460245,"SPG Pregarten","id1004378961910812",NULL,NULL,NULL,NULL,NULL,NULL,NULL,NULL
"2026-05-02","15:00","treta-liga","bulgaria",199344,"Juventus Malchika",37398,"OFK Bdin Vidin","id1004765669036254",NULL,NULL,NULL,NULL,NULL,NULL,NULL,NULL
"2026-05-02","15:00","liga-3","romania",55381,"FC Unirea Dej",918013,"CS Crisul Santandrei","id1003953370386114",NULL,NULL,NULL,NULL,NULL,NULL,NULL,NULL
"2026-05-02","15:00","2-cfl","montenegro",6220,"FK Kom Podgorica",37958,"FK Iskra Danilovgrad","id1000071767148324",NULL,NULL,NULL,NULL,NULL,NULL,NULL,NULL
"2026-05-02","15:00","ii-divisao-women","portugal",958983,"SC Braga B",751447,"FC Tirsense","id1004871166674466",NULL,NULL,NULL,NULL,NULL,NULL,NULL,NULL
"2026-05-02","15:00","1-lig","turkiye",6414,"Boluspor",498470,"Serik Belediyespor","id1000009861834316",NULL,NULL,NULL,NULL,NULL,NULL,NULL,NULL
"2026-05-02","15:00","liga-3","romania",371170,"Acs Kse Targu Secuiesc",24788,"FC Cetate Suceava","id1003953370384480",NULL,NULL,NULL,NULL,NULL,NULL,NULL,NULL
"2026-05-02","15:00","vtora-liga","bulgaria",5245,"FC Pirin Blagoevgrad",5244,"Marek Dupnica","id1000113563465163",NULL,NULL,NULL,NULL,NULL,NULL,NULL,NULL
"2026-05-02","15:00","ii-divisao-women","portugal",514148,"Gil Vicente FC",840590,"Sl Benfica B","id1004871166674248",NULL,NULL,NULL,NULL,NULL,NULL,NULL,NULL
"2026-05-02","15:00","liga-3","romania",309554,"Csm Flacara Moreni",370072,"AS FC Agricola Borcea","id1003953370384558",NULL,NULL,NULL,NULL,NULL,NULL,NULL,NULL
"2026-05-02","15:00","treta-liga","bulgaria",216870,"Asenovets Asenovgrad",275867,"Levski Karlovo","id1004765666988544",NULL,NULL,NULL,NULL,NULL,NULL,NULL,NULL
"2026-05-02","15:00","liga-3","romania",5285,"CSM Jiul Petrosani",1023811,"ACS LPS HD Clinceni","id1003953370384632",NULL,NULL,NULL,NULL,NULL,NULL,NULL,NULL
"2026-05-02","15:00","1-lig","turkiye",44320,"Bandirmaspor",3076,"Sivasspor","id1000009861834322",NULL,NULL,NULL,NULL,NULL,NULL,NULL,NULL
"2026-05-02","15:00","vtora-liga","bulgaria",45657,"PFC Spartak Pleven",8073,"PFC Minyor Pernik","id1000113563465173",NULL,NULL,NULL,NULL,NULL,NULL,NULL,NULL
"2026-05-02","15:00","erste-liga","switzerland",2444,"FC Concordia Basel",2465,"FC Schotz","id1003705162216042",NULL,NULL,NULL,NULL,NULL,NULL,NULL,NULL
"2026-05-02","15:00","bundesliga","austria",2049,"SV Ried",2113,"Blau-Weiss Linz","id1000004569751682",NULL,NULL,NULL,NULL,NULL,NULL,NULL,NULL
"2026-05-02","15:00","liga-3","romania",594704,"CS Gheorgheni",1168423,"Csm Adjud 1946","id1003953370384910",NULL,NULL,NULL,NULL,NULL,NULL,NULL,NULL
"2026-05-02","15:00","prva-liga","serbia",552141,"OFK Vrsac",401285,"FK Jedinstvo UB","id1000072170681888",NULL,NULL,NULL,NULL,NULL,NULL,NULL,NULL
"2026-05-02","15:00","ykkosliiga","finland",2273,"KaPa Kapylan Pallo",2263,"JIPPO","id1000005567604794",NULL,NULL,NULL,NULL,NULL,NULL,NULL,NULL
"2026-05-02","15:00","prva-nl","croatia",476940,"NK Jarun Zagreb",6670,"NK Hrvace","id1000072469972694",NULL,NULL,NULL,NULL,NULL,NULL,NULL,NULL
"2026-05-02","15:00","iii-liga-group-3","poland",216966,"GKS Pniowek Pawlowice",401775,"BKS Sparta Katowice","id1002583962036840",NULL,NULL,NULL,NULL,NULL,NULL,NULL,NULL
"2026-05-02","15:00","treta-liga","bulgaria",45650,"Dimitrovgrad 1947",45661,"Sozopol","id1004765666988542",NULL,NULL,NULL,NULL,NULL,NULL,NULL,NULL
"2026-05-02","15:00","liga-3","romania",1023781,"ACS Aro Muscelul C-Lung Muscel",1069854,"Asfc Pausesti Otasau","id1003953370385580",NULL,NULL,NULL,NULL,NULL,NULL,NULL,NULL
"2026-05-02","15:00","cfl","czechia",274753,"SK Benatky Nad Jizerou",607054,"FK Teplice B","id1001415166614042",NULL,NULL,NULL,NULL,NULL,NULL,NULL,NULL
"2026-05-02","15:00","liga-3","romania",594724,"Asc Olimpic Zarnesti",227114,"ACS Inainte Modelu","id1003953370384562",NULL,NULL,NULL,NULL,NULL,NULL,NULL,NULL
"2026-05-02","15:00","treta-liga","bulgaria",32645,"Spartak Plovdiv",388948,"FK Gigant Saedinenie","id1004765666988548",NULL,NULL,NULL,NULL,NULL,NULL,NULL,NULL
"2026-05-02","15:00","tercera-federacion-group-8","spain-amateur",218152,"UD Santa Marta",934275,"Palencia CF","id1002603263142511",NULL,NULL,NULL,NULL,NULL,NULL,NULL,NULL
"2026-05-02","15:00","prva-liga","serbia",544925,"FK Fap",5160,"FK Borac Cacak","id1000072170681934",NULL,NULL,NULL,NULL,NULL,NULL,NULL,NULL
"2026-05-02","15:00","tercera-federacion-group-6","spain-amateur",493216,"Atzeneta UE",24353,"Ontinyent CF","id1002602863139377",NULL,NULL,NULL,NULL,NULL,NULL,NULL,NULL
"2026-05-02","15:00","treta-liga","bulgaria",36939,"FK Septemvri Simitli",3287,"PFC Rilski Sportist Samokov","id1004765666479598",NULL,NULL,NULL,NULL,NULL,NULL,NULL,NULL
"2026-05-02","15:00","prva-liga","serbia",382284,"RFK Graficar Beograd",274015,"FK Tekstilac Odzaci","id1000072170681936",NULL,NULL,NULL,NULL,NULL,NULL,NULL,NULL
"2026-05-02","15:00","erste-liga","switzerland",2496,"FC St. Gallen",44244,"FC Freienbach","id1003705162215480",NULL,NULL,NULL,NULL,NULL,NULL,NULL,NULL
"2026-05-02","15:00","treta-liga","bulgaria",26249,"FC Balkan Botevgrad",812380,"Septemvri Sofia II","id1004765670312252",NULL,NULL,NULL,NULL,NULL,NULL,NULL,NULL
"2026-05-02","15:00","druga-nl","croatia",35223,"NK Trnje",35221,"NK Bjelovar","id1003861370949932",NULL,NULL,NULL,NULL,NULL,NULL,NULL,NULL
"2026-05-02","15:00","liga-3","romania",370074,"Acs Victoria Traian",55365,"ASC Otelul Galati II","id1003953370384978",NULL,NULL,NULL,NULL,NULL,NULL,NULL,NULL
"2026-05-02","15:00","2-liga","slovakia",7884,"MFK Stara Lubovna",55575,"MSK Povazska Bystrica","id1000022461677886",NULL,NULL,NULL,NULL,NULL,NULL,NULL,NULL
"2026-05-02","15:00","3-liga","slovakia",4902,"MSK Rimavska Sobota",25491,"MFK Dukla Banska Bystrica B","id1004753661940904",NULL,NULL,NULL,NULL,NULL,NULL,NULL,NULL
"2026-05-02","15:00","ligue-2","tunisia",83995,"Stade Gabesien",302328,"A Sakiet Edayer","id1002057871097218",NULL,NULL,NULL,NULL,NULL,NULL,NULL,NULL
"2026-05-02","15:00","u21-liga-mx","mexico",1269046,"FC Juarez",1269256,"Deportivo Toluca FC","id1004805671168896",NULL,NULL,NULL,NULL,NULL,NULL,NULL,NULL
"2026-05-02","15:00","u21-liga-mx","mexico",1269050,"Guadalajara",1268758,"Atlas FC","id1004805671168894",NULL,NULL,NULL,NULL,NULL,NULL,NULL,NULL
"2026-05-02","15:00","super-league-women","switzerland",260037,"Grasshopper Zurich",37197,"FC Zurich","id1002991870642336",NULL,NULL,NULL,NULL,NULL,NULL,NULL,NULL
"2026-05-02","15:00","treta-liga","bulgaria",923681,"PFC Levski Sofia II",26249,"FC Balkan Botevgrad","id1004765670313158",NULL,NULL,NULL,NULL,NULL,NULL,NULL,NULL
"2026-05-02","15:00","3-liga","slovakia",35210,"Spisska Nova Ves",44591,"FK Poprad","id1004753661940954",NULL,NULL,NULL,NULL,NULL,NULL,NULL,NULL
"2026-05-02","15:00","druga-nl","croatia",36282,"NK Solin",35242,"HNK Croatia Dakovo","id1003861370949928",NULL,NULL,NULL,NULL,NULL,NULL,NULL,NULL
"2026-05-02","15:00","divize-a","czechia",43656,"SK Senco Doubravka",589357,"Tj Jiskra Domazlice II","id1004072766605594",NULL,NULL,NULL,NULL,NULL,NULL,NULL,NULL
"2026-05-02","15:00","treta-liga","bulgaria",142218,"Zagorets Nova Zagora",644074,"FC Marica Milevo","id1004765666988546",NULL,NULL,NULL,NULL,NULL,NULL,NULL,NULL
"2026-05-02","15:00","erste-liga","switzerland",35116,"FC Mendrisio",2468,"Juventus Zurich","id1003705162215476",NULL,NULL,NULL,NULL,NULL,NULL,NULL,NULL
"2026-05-02","15:00","liga-3","romania",25858,"CS Tricolorul Breaza",37423,"AFC Dunarea 2005 Calarasi","id1003953370384560",NULL,NULL,NULL,NULL,NULL,NULL,NULL,NULL
"2026-05-02","15:00","premier-league","ghana",1065478,"Hohoe United FC",42611,"Berekum Chelsea","id1000119163078699",NULL,NULL,NULL,NULL,NULL,NULL,NULL,NULL
"2026-05-02","15:00","liga-3","romania",344236,"CS Bihorul Beius",79083,"Sc Olimpia Mcmxxi Satu Mare","id1003953370386112",NULL,NULL,NULL,NULL,NULL,NULL,NULL,NULL
"2026-05-02","15:00","vysshaya-liga","belarus",3356,"FC Neman Grodno",3352,"FC Belshina Bobruisk","id1000016970986746",NULL,NULL,NULL,NULL,NULL,NULL,NULL,NULL
"2026-05-02","15:00","treta-liga","bulgaria",541843,"FK Pavlikeni",369096,"Yantra Polski Trambesh","id1004765669036244",NULL,NULL,NULL,NULL,NULL,NULL,NULL,NULL
"2026-05-02","15:00","2-liga-division-b-group-3","russia",75193,"Spartak Tambov",75179,"Zenit Penza","id1000109570228212",NULL,NULL,NULL,NULL,NULL,NULL,NULL,NULL
"2026-05-02","15:00","pervaya-liga","belarus",100887,"FC Minsk 2",3348,"FC SKA-1938","id1000077670986706",NULL,NULL,NULL,NULL,NULL,NULL,NULL,NULL
"2026-05-02","15:00","premijer-liga","bosnia-&-herzegovina",6151,"FK Velez Mostar",6149,"FK Radnik Bijeljina","id1000022261737314",NULL,NULL,NULL,NULL,NULL,NULL,NULL,NULL
"2026-05-02","15:00","treta-liga","bulgaria",26250,"PFC Pirin Gotse Delchev",45658,"FC Pirin Razlog","id1004765666479590",NULL,NULL,NULL,NULL,NULL,NULL,NULL,NULL
"2026-05-02","15:00","treta-liga","bulgaria",53451,"PFC Neftochimic 1962 Burgas",58947,"Rakovski 2011","id1004765666988540",NULL,NULL,NULL,NULL,NULL,NULL,NULL,NULL
"2026-05-02","15:00","liga-3","romania",1185485,"Csm Targu Jiu",1026765,"ACS Medias 2022","id1003953370385578",NULL,NULL,NULL,NULL,NULL,NULL,NULL,NULL
"2026-05-02","15:00","3-liga","slovakia",25723,"MFK Vranov Nad Toplou",25722,"SK Odeva Lipany","id1004753661940950",NULL,NULL,NULL,NULL,NULL,NULL,NULL,NULL
"2026-05-02","15:00","tirol-regionalliga-tirol","austria-amateur",6062,"Innsbrucker AC",399505,"FC Raika Volders","id1002968261915026",NULL,NULL,NULL,NULL,NULL,NULL,NULL,NULL
"2026-05-02","15:00","erovnuli-liga","georgia",37297,"FC Dinamo Batumi",5171,"FC Dinamo Tbilisi","id1000070470224408",NULL,NULL,NULL,NULL,NULL,NULL,NULL,NULL
"2026-05-02","15:00","liga-3","romania",344284,"Unirea Bascov",594698,"CS Viitorul Daesti","id1003953370385576",NULL,NULL,NULL,NULL,NULL,NULL,NULL,NULL
"2026-05-02","15:00","ii-divisao-women","portugal",951073,"Juveforce Adc Ponte Vagos",211930,"CF Benfica","id1004871166674252",NULL,NULL,NULL,NULL,NULL,NULL,NULL,NULL
"2026-05-02","15:00","liga-3","romania",742997,"ACS Kids Tampa Brasov",1195113,"ACS Vointa 2024 Crevedia","id1003953370385180",NULL,NULL,NULL,NULL,NULL,NULL,NULL,NULL
"2026-05-02","15:00","ii-divisao-women","portugal",330253,"Guia FC",1088023,"Leixoes SC","id1004871166674470",NULL,NULL,NULL,NULL,NULL,NULL,NULL,NULL
"2026-05-02","15:00","prva-liga","serbia",397462,"FK Usce Novi Beograd",466627,"FK Kabel Novi Sad","id1000072170681930",NULL,NULL,NULL,NULL,NULL,NULL,NULL,NULL
"2026-05-02","15:00","erste-liga","switzerland",34776,"AC Taverne",1030637,"FC Collina D Oro","id1003705162215482",NULL,NULL,NULL,NULL,NULL,NULL,NULL,NULL
"2026-05-02","15:00","girabola","angola",76431,"GD Interclube",134318,"Primeiro de Agosto","id1000217167012964",NULL,NULL,NULL,NULL,NULL,NULL,NULL,NULL
"2026-05-02","15:00","liga-3","romania",395762,"CS Blejoi",288579,"CS Stiinta Miroslava","id1003953370384476",NULL,NULL,NULL,NULL,NULL,NULL,NULL,NULL
"2026-05-02","15:00","liga-3","romania",169140,"FCM Baia Mare",24802,"CSM Unirea Alba Iulia","id1003953370384708",NULL,NULL,NULL,NULL,NULL,NULL,NULL,NULL
"2026-05-02","15:00","premijer-liga","bosnia-&-herzegovina",37064,"FK Sloga Doboj",5239,"NK Siroki Brijeg","id1000022261737310",NULL,NULL,NULL,NULL,NULL,NULL,NULL,NULL
"2026-05-02","15:00","tercera-federacion-group-8","spain-amateur",273589,"CA Bembibre",369266,"CD Becerril","id1002603263142501",NULL,NULL,NULL,NULL,NULL,NULL,NULL,NULL
"2026-05-02","15:00","regionalliga-west","austria-amateur",290466,"SC Imst 1933",53058,"FC Kitzbuhel","id1000016761541384",NULL,NULL,NULL,NULL,NULL,NULL,NULL,NULL
"2026-05-02","15:00","vorarlberg-eliteliga","austria-amateur",653567,"SV Ludesch",742207,"SC Gofis","id1002968461927860",NULL,NULL,NULL,NULL,NULL,NULL,NULL,NULL
"2026-05-02","15:00","prva-liga","serbia",5157,"FK Zemun",207943,"FK Loznica","id1000072170681890",NULL,NULL,NULL,NULL,NULL,NULL,NULL,NULL
"2026-05-02","15:00","1-lig","turkiye",216876,"Bodrum FK",4952,"Sariyer SK","id1000009861834326",NULL,NULL,NULL,NULL,NULL,NULL,NULL,NULL
"2026-05-02","15:00","liga-3","romania",24813,"CS Aerostar Bacau",610870,"Csm FC Vaslui","id1003953370384912",NULL,NULL,NULL,NULL,NULL,NULL,NULL,NULL
"2026-05-02","15:00","treta-liga","bulgaria",731925,"Etar Veliko Tarnovo II",82267,"Academik Svishtov","id1004765669036248",NULL,NULL,NULL,NULL,NULL,NULL,NULL,NULL
"2026-05-02","15:00","2-liga-division-b-group-2","russia",414145,"Iskra Smolensk",822280,"Yenisey 2 Krasnoyarsk","id1000109970250608",NULL,NULL,NULL,NULL,NULL,NULL,NULL,NULL
"2026-05-02","15:00","tercera-federacion-group-15","spain-amateur",369348,"CD Huarte",273931,"CA Cirbonero","id1002604663148143",NULL,NULL,NULL,NULL,NULL,NULL,NULL,NULL
"2026-05-02","15:00","3-snl","slovenia",25473,"Mnk Izola",1164879,"ND Bistrc","id1004799862252142",NULL,NULL,NULL,NULL,NULL,NULL,NULL,NULL
"2026-05-02","15:00","ii-divisao-women","portugal",374798,"Estoril Praia",951043,"S.C. Rio Tinto","id1004871166674464",NULL,NULL,NULL,NULL,NULL,NULL,NULL,NULL
"2026-05-02","15:00","liga-3","romania",1183231,"Csm Sacele",1021965,"Cso Teleajenul Valeni de Munte","id1003953370385184",NULL,NULL,NULL,NULL,NULL,NULL,NULL,NULL
"2026-05-02","15:00","3-snl","slovenia",43228,"NK Dob",198240,"NK Sobec Lesce","id1004799862252146",NULL,NULL,NULL,NULL,NULL,NULL,NULL,NULL
"2026-05-02","15:00","iii-liga-group-1","poland",3128,"GKS Belchatow",36769,"ZKS Olimpia Elblag","id1002583562038054",NULL,NULL,NULL,NULL,NULL,NULL,NULL,NULL
"2026-05-02","15:00","liga-3","romania",371178,"CSA Axiopolis Sport Cernavoda",36963,"Fotbal Club FCSB 2","id1003953370385032",NULL,NULL,NULL,NULL,NULL,NULL,NULL,NULL
"2026-05-02","15:00","treta-liga","bulgaria",128264,"Oborishte Panagyurishte",8071,"FC Bansko","id1004765666479588",NULL,NULL,NULL,NULL,NULL,NULL,NULL,NULL
"2026-05-02","15:00","u19-division-de-honor-juvenil","spain",427517,"AD Union Adarve",627204,"CD Diocesano","id1004834362940869",NULL,NULL,NULL,NULL,NULL,NULL,NULL,NULL
"2026-05-02","15:00","3-snl","slovenia",37369,"NK Idrija",510712,"NK Vipava","id1004799862252136",NULL,NULL,NULL,NULL,NULL,NULL,NULL,NULL
"2026-05-02","15:00","kakkonen-playoffs","finland",35393,"FC Kiffen",5119,"Atlantis FC","id1002691069108614",NULL,NULL,NULL,NULL,NULL,NULL,NULL,NULL
"2026-05-02","15:00","ii-divisao-women","portugal",105951,"CA Ouriense",1180621,"FC Porto","id1004871166674246",NULL,NULL,NULL,NULL,NULL,NULL,NULL,NULL
"2026-05-02","15:00","erste-liga","switzerland",2499,"FC La Chaux De Fonds",75231,"FC Sion","id1003705162216444",NULL,NULL,NULL,NULL,NULL,NULL,NULL,NULL
"2026-05-02","15:00","super-league-women","switzerland",260035,"FC Basel",619842,"FC St. Gallen 1879","id1002991870642334",NULL,NULL,NULL,NULL,NULL,NULL,NULL,NULL
"2026-05-02","15:00","treta-liga","bulgaria",476472,"OFK Haskovo",58949,"FK Yambol 1915","id1004765666988538",NULL,NULL,NULL,NULL,NULL,NULL,NULL,NULL
"2026-05-02","15:00","iii-liga-group-4","poland",109827,"Siarka Tarnobrzeg",3118,"KSZO Ostrowiec Swietokrzyski","id1002584162036220",NULL,NULL,NULL,NULL,NULL,NULL,NULL,NULL
"2026-05-02","15:00","treta-liga","bulgaria",32643,"FC Maritsa Plovdiv",175120,"FK Atletik Kuklen","id1004765666988550",NULL,NULL,NULL,NULL,NULL,NULL,NULL,NULL
"2026-05-02","15:00","premijer-liga","bosnia-&-herzegovina",5178,"HSK Zrinjski Mostar",5240,"FK Zeljeznicar Sarajevo","id1000022261737312",NULL,NULL,NULL,NULL,NULL,NULL,NULL,NULL
"2026-05-02","15:00","liga-3","romania",936527,"CS Gloria Baneasa",220342,"SC FC Voluntari II","id1003953370385036",NULL,NULL,NULL,NULL,NULL,NULL,NULL,NULL
"2026-05-02","15:00","liga-3","romania",1148681,"ACS Cil Blaj",344212,"CSC Ghiroda SI Giarmata Vii","id1003953370385778",NULL,NULL,NULL,NULL,NULL,NULL,NULL,NULL
"2026-05-02","15:00","prva-liga","serbia",56019,"FK Macva Sabac",5159,"FK Vozdovac Belgrade","id1000072170681892",NULL,NULL,NULL,NULL,NULL,NULL,NULL,NULL
"2026-05-02","15:00","liga-3","romania",680113,"Scm Zalau",258467,"CS Metalurgistul Cugir","id1003953370384710",NULL,NULL,NULL,NULL,NULL,NULL,NULL,NULL
"2026-05-02","15:00","cfl","czechia",276321,"FK Mas Taborsko II",25418,"FK Kraluv Dvur","id1001415166613716",NULL,NULL,NULL,NULL,NULL,NULL,NULL,NULL
"2026-05-02","15:00","salzburg-salzburger-liga","austria-amateur",96427,"SV Strasswalchen",111053,"USC Eugendorf","id1000127961906320",NULL,NULL,NULL,NULL,NULL,NULL,NULL,NULL
"2026-05-02","15:00","treta-liga","bulgaria",45660,"Slivnishki Geroi",113703,"FC Vitosha Bistrica","id1004765666479600",NULL,NULL,NULL,NULL,NULL,NULL,NULL,NULL
"2026-05-02","15:00","2-cfl","montenegro",7727,"FK Lovcen",1027153,"FK Internacional Podgorica","id1000071767148320",NULL,NULL,NULL,NULL,NULL,NULL,NULL,NULL
"2026-05-02","15:00","3-liga","slovakia",461881,"MFK Kezmarok",172036,"MFK Spartak Medzev","id1004753661940942",NULL,NULL,NULL,NULL,NULL,NULL,NULL,NULL
"2026-05-02","15:00","regionalliga-west","austria-amateur",2132,"VfB Hohenems",2178,"FC Dornbirn","id1000016761541390",NULL,NULL,NULL,NULL,NULL,NULL,NULL,NULL
"2026-05-02","15:00","3-snl","slovenia",211590,"NK Rogaska",1037705,"NK Hajdina","id1004799862252510",NULL,NULL,NULL,NULL,NULL,NULL,NULL,NULL
"2026-05-02","15:00","2-cfl","montenegro",53449,"FK Igalo 1929",37153,"FK Otrant-Olympic Ulcinj","id1000071767148326",NULL,NULL,NULL,NULL,NULL,NULL,NULL,NULL
"2026-05-02","15:00","3-snl","slovenia",198238,"Fuzinar Ravne",265153,"NK Brezice 1919","id1004799862252504",NULL,NULL,NULL,NULL,NULL,NULL,NULL,NULL
"2026-05-02","15:00","2-liga","slovakia",55573,"MFK Zvolen",270783,"Slavia Tu Kosice","id1000022461677884",NULL,NULL,NULL,NULL,NULL,NULL,NULL,NULL
"2026-05-02","15:00","1-lig","turkiye",55625,"Umraniyespor",6366,"Ankara Keciorengucu","id1000009861864004",NULL,NULL,NULL,NULL,NULL,NULL,NULL,NULL
"2026-05-02","15:00","treta-liga","bulgaria",925589,"Slavia Sofia II",812382,"OFK Kostinbrod","id1004765666479602",NULL,NULL,NULL,NULL,NULL,NULL,NULL,NULL
"2026-05-02","15:00","2-liga-division-b-group-2","russia",174328,"Zvezda St Petersburg",798280,"FC Irkutsk","id1000109970250606",NULL,NULL,NULL,NULL,NULL,NULL,NULL,NULL
"2026-05-02","15:00","u19-division-de-honor-juvenil","spain",767584,"UD La Cluz Villanovense",937235,"ADS Hortaleza","id1004834362940897",NULL,NULL,NULL,NULL,NULL,NULL,NULL,NULL
"2026-05-02","15:00","liga-3","romania",793870,"Acad Viitorul Cluj",747493,"Csm Sighetu Marmatiei","id1003953370386116",NULL,NULL,NULL,NULL,NULL,NULL,NULL,NULL
"2026-05-02","15:00","liga-3","romania",43880,"AFC 1919 Dacia Unirea Braila",36957,"Csm Ramnicu Sarat","id1003953370384972",NULL,NULL,NULL,NULL,NULL,NULL,NULL,NULL
"2026-05-02","15:00","3-liga","slovakia",270877,"MFk Bytca",7408,"MFK Ruzomberok B","id1004753661940908",NULL,NULL,NULL,NULL,NULL,NULL,NULL,NULL
"2026-05-02","15:00","1-lig","turkiye",365676,"Esenler Erokspor",7032,"Pendikspor","id1000009861834324",NULL,NULL,NULL,NULL,NULL,NULL,NULL,NULL
"2026-05-02","15:00","3-liga","slovakia",270939,"MSK Kysucke Nove Mesto",276291,"FTC Filakovo","id1004753661940892",NULL,NULL,NULL,NULL,NULL,NULL,NULL,NULL
"2026-05-02","15:00","prvaliga","slovenia",2424,"Aluminij Kidricevo",2418,"NK Domzale","id1000021261454169",NULL,NULL,NULL,NULL,NULL,NULL,NULL,NULL
"2026-05-02","15:00","liga-3","romania",35300,"Sanatatea Cluj",276395,"Stinta Poli Timisoara","id1003953370384714",NULL,NULL,NULL,NULL,NULL,NULL,NULL,NULL
"2026-05-02","15:00","liga-3","romania",1177423,"ACS Petrolul 52 2",912431,"ASC Unirea Branistea","id1003953370384974",NULL,NULL,NULL,NULL,NULL,NULL,NULL,NULL
"2026-05-02","15:00","liga-3","romania",1168417,"CS Agigea",24794,"FC Dinamo Bucuresti 1948 2","id1003953370385030",NULL,NULL,NULL,NULL,NULL,NULL,NULL,NULL
"2026-05-02","15:00","liga-3","romania",744413,"Universitatea Alba Iulia",344226,"ACS Unirea Santana","id1003953370893338",NULL,NULL,NULL,NULL,NULL,NULL,NULL,NULL
"2026-05-02","15:00","liga-3","romania",1023785,"Scm Ramnicu Valcea",371200,"CS Universitatea Craiova II","id1003953370384630",NULL,NULL,NULL,NULL,NULL,NULL,NULL,NULL
"2026-05-02","15:00","1liga","latvia",36082,"FK Metta / Lu",5353,"Valmiera FC","id1000067769501838",NULL,NULL,NULL,NULL,NULL,NULL,NULL,NULL
"2026-05-02","15:00","liga-3","romania",594744,"ACS Recolta Gheorghe Doja",917713,"ACS Progresul Fundulea","id1003953370385034",NULL,NULL,NULL,NULL,NULL,NULL,NULL,NULL
"2026-05-02","15:00","erovnuli-liga-2","georgia",322369,"FC Gori",37303,"FC Merani Martvili","id1000072670906742",NULL,NULL,NULL,NULL,NULL,NULL,NULL,NULL
"2026-05-02","15:00","1-lig","turkiye",3066,"Istanbulspor AS",3101,"Adana Demirspor","id1000009861834330",NULL,NULL,NULL,NULL,NULL,NULL,NULL,NULL
"2026-05-02","15:00","regionalliga-ost","austria-amateur",73885,"SC Wiener Viktoria",2111,"SV Horn","id1000016662274192",NULL,NULL,NULL,NULL,NULL,NULL,NULL,NULL
"2026-05-02","15:00","2-liga","slovakia",77981,"FK Pohronie Ziar Nad Hronom Dolna Zdana",25488,"MFK Tatran Liptovsky Mikulas","id1000022461677876",NULL,NULL,NULL,NULL,NULL,NULL,NULL,NULL
"2026-05-02","15:00","liga-3","romania",1021963,"Cso Baicoi",494232,"FC Pucioasa","id1003953370385186",NULL,NULL,NULL,NULL,NULL,NULL,NULL,NULL
"2026-05-02","15:00","liga-3","romania",288949,"Acso Filiasi",1051295,"Csl Nanov","id1003953370385238",NULL,NULL,NULL,NULL,NULL,NULL,NULL,NULL
"2026-05-02","15:00","liga-3","romania",24802,"CSM Unirea Alba Iulia",344226,"ACS Unirea Santana","id1003953370385776",NULL,NULL,NULL,NULL,NULL,NULL,NULL,NULL
"2026-05-02","15:00","super-liga","moldova",5265,"FC Zimbru Chisinau",732813,"FC Balti","id1000068568871046",NULL,NULL,NULL,NULL,NULL,NULL,NULL,NULL
"2026-05-02","15:30","promotion-league","switzerland",2466,"Vevey-Sports",211836,"FC Luzern","id1000110161711780",NULL,NULL,NULL,NULL,NULL,NULL,NULL,NULL
"2026-05-02","15:30","tercera-federacion-group-8","spain-amateur",369268,"CD Numancia B",24346,"CD Guijuelo","id1002603263142507",NULL,NULL,NULL,NULL,NULL,NULL,NULL,NULL
"2026-05-02","15:30","supercoppa-di-lega-pro","italy",2731,"SS Arezzo",2722,"L.R. Vicenza","id1000088471132152",NULL,NULL,NULL,NULL,NULL,NULL,NULL,NULL
"2026-05-02","15:30","burgenland-burgenlandliga","austria-amateur",1159159,"SPG Neudorf / Parndorf Juniors",2068,"ASK Royal Sped Klingenbach","id1004377361894018",NULL,NULL,NULL,NULL,NULL,NULL,NULL,NULL
"2026-05-02","15:30","2-liga","slovakia",2401,"MSK Puchov",7084,"FC Vion Zlate Moravce - Vrable","id1000022461677882",NULL,NULL,NULL,NULL,NULL,NULL,NULL,NULL
"2026-05-02","15:30","primera-division","uruguay",3224,"CA Juventud de Las Piedras",3240,"Montevideo Wanderers","id1000027870893164",NULL,NULL,NULL,NULL,NULL,NULL,NULL,NULL
"2026-05-02","15:30","promotion-league","switzerland",2464,"SC Kriens",4497,"FC Bulle","id1000110161711770",NULL,NULL,NULL,NULL,NULL,NULL,NULL,NULL
"2026-05-02","15:30","prvaliga","slovenia",2416,"Olimpija Ljubljana",2414,"Primorje Ajdovscina","id1000021261454173",NULL,NULL,NULL,NULL,NULL,NULL,NULL,NULL
"2026-05-02","15:30","tercera-federacion-group-8","spain-amateur",355890,"SDA Tordesillas",494222,"Cultural Deportiva Leonesa B","id1002603263142499",NULL,NULL,NULL,NULL,NULL,NULL,NULL,NULL
"2026-05-02","15:30","promotion-league","switzerland",2472,"FC Biel-Bienne",916477,"FC Lugano","id1000110164899566",NULL,NULL,NULL,NULL,NULL,NULL,NULL,NULL
"2026-05-02","15:30","tercera-federacion-group-8","spain-amateur",1180029,"CD Atletico Mansilles",1180031,"CD Mojados","id1002603263142505",NULL,NULL,NULL,NULL,NULL,NULL,NULL,NULL
"2026-05-02","15:30","nb-i-women","hungary",414177,"Szent Mihaly SE",832930,"BSC 1924 KFT","id1001926662301618",NULL,NULL,NULL,NULL,NULL,NULL,NULL,NULL
"2026-05-02","15:30","kakkonen-playoffs","finland",49530,"HPS",2275,"PEPO Lappeenranta","id1002691069108616",NULL,NULL,NULL,NULL,NULL,NULL,NULL,NULL
"2026-05-02","15:30","premier-league","tanzania",238652,"Coastal Union FC",689389,"Singida Black Stars SC","id1000243670478978",NULL,NULL,NULL,NULL,NULL,NULL,NULL,NULL
"2026-05-02","15:50","division-1","saudi-arabia",276757,"Al-Adalah",655033,"AL Anwar","id1000229867953244",NULL,NULL,NULL,NULL,NULL,NULL,NULL,NULL
"2026-05-02","15:50","saudi-pro-league","saudi-arabia",56023,"Al-Fateh SC",529781,"Neom SC","id1000095564055835",NULL,NULL,NULL,NULL,NULL,NULL,NULL,NULL
"2026-05-02","16:00","1st-division","cyprus",3395,"AC Omonia Nicosia",3397,"Aris Limassol FC","id1000017171056598",NULL,NULL,NULL,NULL,NULL,NULL,NULL,NULL
"2026-05-02","16:00","national-2","france",61610,"US Chantilly",34746,"Saint-Pryve Saint-Hilaire FC","id1004798662214252",NULL,NULL,NULL,NULL,NULL,NULL,NULL,NULL
"2026-05-02","16:00","national-2","france",125958,"AS Furiani Agliani",35069,"Blois Foot","id1004798662214248",NULL,NULL,NULL,NULL,NULL,NULL,NULL,NULL
"2026-05-02","16:00","1-cfl","montenegro",7581,"FK Bokelj Kotor",6224,"FK Sutjeska Niksic","id1000015467148496",NULL,NULL,NULL,NULL,NULL,NULL,NULL,NULL
"2026-05-02","16:00","national-2","france",852373,"Thionville US Lusitanos",1691,"Bourges FC","id1004798662214238",NULL,NULL,NULL,NULL,NULL,NULL,NULL,NULL
"2026-05-02","16:00","ligue-1","mali",265431,"US Bougouni",463807,"Union Sportive Bougouba","id1004081771004156",NULL,NULL,NULL,NULL,NULL,NULL,NULL,NULL
"2026-05-02","16:00","u23-olympic-league","qatar",1280755,"AL Shamal",1280765,"AL Duhail","id1004850970848190",NULL,NULL,NULL,NULL,NULL,NULL,NULL,NULL
"2026-05-02","16:00","kolmonen","finland",1127075,"IFK Mariehamn Akademi",2286,"Vg-62","id1004667169923134",NULL,NULL,NULL,NULL,NULL,NULL,NULL,NULL
"2026-05-02","16:00","u23-olympic-league","qatar",1280741,"AL Arabi Doha",1280751,"AL Sadd","id1004850970848188",NULL,NULL,NULL,NULL,NULL,NULL,NULL,NULL
"2026-05-02","16:00","1-cfl","montenegro",5143,"FK Buducnost",624080,"OFK Mladost DG","id1000015467148492",NULL,NULL,NULL,NULL,NULL,NULL,NULL,NULL
"2026-05-02","16:00","1-cfl","montenegro",6216,"OFK Petrovac",6226,"FK Decic Tuzi","id1000015467148498",NULL,NULL,NULL,NULL,NULL,NULL,NULL,NULL
"2026-05-02","16:00","primavera-2","italy",395750,"Cosenza Calcio",79073,"FC Crotone","id1001920262901839",NULL,NULL,NULL,NULL,NULL,NULL,NULL,NULL
"2026-05-02","16:00","national-2","france",32870,"Andrezieux-Boutheon FC",1663,"Nimes Olympique","id1004798662214724",NULL,NULL,NULL,NULL,NULL,NULL,NULL,NULL
"2026-05-02","16:00","1-cfl","montenegro",24312,"FK Jezero Plav",37956,"FK Arsenal Tivat","id1000015467148494",NULL,NULL,NULL,NULL,NULL,NULL,NULL,NULL
"2026-05-02","16:00","primavera-2","italy",42733,"AS Cittadella",90166,"Virtus Entella","id1001920262901351",NULL,NULL,NULL,NULL,NULL,NULL,NULL,NULL
"2026-05-02","16:00","tercera-federacion-group-8","spain-amateur",54117,"Arandina CF",621976,"CD Mirandes B","id1002603263142497",NULL,NULL,NULL,NULL,NULL,NULL,NULL,NULL
"2026-05-02","16:00","superliga","slovakia",2397,"MFK Ruzomberok",2403,"1. FC Tatran Presov","id1000021169463398",NULL,NULL,NULL,NULL,NULL,NULL,NULL,NULL
"2026-05-02","16:00","2nd-division-group-2","norway",558170,"Rana FK",7320,"Grorud IL","id1002463667915548",NULL,NULL,NULL,NULL,NULL,NULL,NULL,NULL
"2026-05-02","16:00","premier-division-women","ireland",290048,"Galway United Wfc",53425,"Peamount United Dublin","id1002868166855356",NULL,NULL,NULL,NULL,NULL,NULL,NULL,NULL
"2026-05-02","16:00","national-2","france",621940,"FC De Montlouis",6929,"Voltigeurs de Chateaubriant","id1004798662213966",NULL,NULL,NULL,NULL,NULL,NULL,NULL,NULL
"2026-05-02","16:00","u23-olympic-league","qatar",1280743,"AL Gharafa",1280739,"AL Ahli Doha","id1004850970848186",NULL,NULL,NULL,NULL,NULL,NULL,NULL,NULL
"2026-05-02","16:00","primavera-2","italy",79057,"Udinese Calcio",395598,"Union Brescia U19","id1001920262901363",NULL,NULL,NULL,NULL,NULL,NULL,NULL,NULL
"2026-05-02","16:00","national-2","france",85311,"FC Limonest Dardilly Saint-Didier",476702,"RC Pays De Grasse","id1004798662214722",NULL,NULL,NULL,NULL,NULL,NULL,NULL,NULL
"2026-05-02","16:00","national-2","france",34743,"Hyeres FC",1057569,"FC Rousset Svo","id1004798662214728",NULL,NULL,NULL,NULL,NULL,NULL,NULL,NULL
"2026-05-02","16:00","tercera-federacion-group-13","spain-amateur",362650,"CD Cieza",366888,"CD Bala Azul","id1002604263146715",NULL,NULL,NULL,NULL,NULL,NULL,NULL,NULL
"2026-05-02","16:00","national-2","france",1674,"Istres FC",1677,"US Creteil-Lusitanos","id1004798662214732",NULL,NULL,NULL,NULL,NULL,NULL,NULL,NULL
"2026-05-02","16:00","challenge-league","switzerland",2463,"FC Vaduz",35162,"Stade Lausanne Ouchy","id1000021666627162",NULL,NULL,NULL,NULL,NULL,NULL,NULL,NULL
"2026-05-02","16:00","primavera-2","italy",79065,"SSC Bari",224586,"US Salernitana","id1001920262901835",NULL,NULL,NULL,NULL,NULL,NULL,NULL,NULL
"2026-05-02","16:00","kolmonen","finland",1127075,"IFK Mariehamn Akademi",1127073,"Salon Palloilijat 2","id1004667171027474",NULL,NULL,NULL,NULL,NULL,NULL,NULL,NULL
"2026-05-02","16:00","national-2","france",6919,"Entente Feignies Aulnoye",61612,"FC Chambly Oise","id1004798662214242",NULL,NULL,NULL,NULL,NULL,NULL,NULL,NULL
"2026-05-02","16:00","national-2","france",46044,"EFC Frejus Saint-Raphael",6100,"SC Toulon","id1004798662214718",NULL,NULL,NULL,NULL,NULL,NULL,NULL,NULL
"2026-05-02","16:00","national-2","france",1755,"AS Cannes",921159,"FC Goal","id1004798662214726",NULL,NULL,NULL,NULL,NULL,NULL,NULL,NULL
"2026-05-02","16:00","msfl","czechia",5109,"FC Hlucin",214070,"FC Zlin B","id1001414766053684",NULL,NULL,NULL,NULL,NULL,NULL,NULL,NULL
"2026-05-02","16:00","primavera-2","italy",395606,"FC Sudtirol Bolzano",375676,"Venezia FC","id1001920262901361",NULL,NULL,NULL,NULL,NULL,NULL,NULL,NULL
"2026-05-02","16:00","national-2","france",1669,"AS Beauvais Oise",32493,"FCSR Haguenau","id1004798662214246",NULL,NULL,NULL,NULL,NULL,NULL,NULL,NULL
"2026-05-02","16:00","national-2","france",45938,"US Granville",1714,"La Roche Vendee Football","id1004798662213960",NULL,NULL,NULL,NULL,NULL,NULL,NULL,NULL
"2026-05-02","16:00","primavera-2","italy",224570,"Como 1907",79053,"Modena","id1001920262901353",NULL,NULL,NULL,NULL,NULL,NULL,NULL,NULL
"2026-05-02","16:00","3-snl","slovenia",111963,"Rojko Dobrovce",2419,"NK Korotan","id1004799862252508",NULL,NULL,NULL,NULL,NULL,NULL,NULL,NULL
"2026-05-02","16:00","oberosterreich-oo-liga","austria-amateur",6282,"Sedda Bad Schallerbach",1270160,"Asko Oedt II","id1004378961946052",NULL,NULL,NULL,NULL,NULL,NULL,NULL,NULL
"2026-05-02","16:00","superliga","slovakia",2404,"SK Slovan Bratislava",23833,"DAC 1904 Dunajska Streda","id1000021169463458",NULL,NULL,NULL,NULL,NULL,NULL,NULL,NULL
"2026-05-02","16:00","national-2","france",38762,"GFA Rumilly-Vallieres",184695,"FC 93 Bobigny BG","id1004798662214720",NULL,NULL,NULL,NULL,NULL,NULL,NULL,NULL
"2026-05-02","16:00","1st-division","cyprus",3403,"Anorthosis Famagusta",3405,"Enosis Neon Paralimni FC","id1000017171056632",NULL,NULL,NULL,NULL,NULL,NULL,NULL,NULL
"2026-05-02","16:00","national-2","france",39404,"FC Chauray",47508,"Stade Poitevin FC","id1004798662213956",NULL,NULL,NULL,NULL,NULL,NULL,NULL,NULL
"2026-05-02","16:00","superliga","slovakia",2402,"MSK Zilina",7885,"MFK Zemplin Michalovce","id1000021169463456",NULL,NULL,NULL,NULL,NULL,NULL,NULL,NULL
"2026-05-02","16:00","primavera-2","italy",64157,"Spezia Calcio",79067,"Ternana Calcio","id1001920262901847",NULL,NULL,NULL,NULL,NULL,NULL,NULL,NULL
"2026-05-02","16:00","premier-division-women","ireland",869181,"Sligo Rovers",682549,"Bohemian FC","id1002868166855358",NULL,NULL,NULL,NULL,NULL,NULL,NULL,NULL
"2026-05-02","16:00","tercera-federacion-group-8","spain-amateur",336785,"CD Palencia Cristo Atletico",1281723,"Unionistas de Salamanca CF B","id1002603263142509",NULL,NULL,NULL,NULL,NULL,NULL,NULL,NULL
"2026-05-02","16:00","1-cfl","montenegro",36019,"FK Mornar Bar",6219,"FK Jedinstvo Bijelo Polje","id1000015467148490",NULL,NULL,NULL,NULL,NULL,NULL,NULL,NULL
"2026-05-02","16:00","1-liga","czechia",2219,"FC Slovan Liberec",2216,"Slavia Prague","id1000017271085516",NULL,NULL,NULL,NULL,NULL,NULL,NULL,NULL
"2026-05-02","16:00","superliga-women","ecuador",793394,"Dragonas IDV",824874,"Barcelona SC","id1004676071129944",NULL,NULL,NULL,NULL,NULL,NULL,NULL,NULL
"2026-05-02","16:00","erovnuli-liga-2","georgia",784502,"SFC Shturmi Sartichala",37302,"FC Kolkheti-1913 Poti","id1000072670906738",NULL,NULL,NULL,NULL,NULL,NULL,NULL,NULL
"2026-05-02","16:00","tercera-federacion-group-6","spain-amateur",365992,"CD Roda",931661,"CD Soneja","id1002602863139381",NULL,NULL,NULL,NULL,NULL,NULL,NULL,NULL
"2026-05-02","16:00","national-2","france",459953,"FC Lorient B",1708,"US Saint-Malo","id1004798662213948",NULL,NULL,NULL,NULL,NULL,NULL,NULL,NULL
"2026-05-02","16:00","seconde-ligue-women","france",78501,"EA Guingamp",542021,"Grenoble Foot 38","id1004799262245468",NULL,NULL,NULL,NULL,NULL,NULL,NULL,NULL
"2026-05-02","16:00","primavera-2","italy",167854,"Perugia",79069,"Ascoli Calcio 1898 FC","id1001920262901843",NULL,NULL,NULL,NULL,NULL,NULL,NULL,NULL
"2026-05-02","16:00","premier-league","russia",2325,"CSKA Moscow",2321,"FK Zenit Saint Petersburg","id1000020361376739",NULL,NULL,NULL,NULL,NULL,NULL,NULL,NULL
"2026-05-02","16:00","vtora-liga","bulgaria",3286,"FC Dunav Ruse",373902,"FK Sevlievo","id1000113563465167",NULL,NULL,NULL,NULL,NULL,NULL,NULL,NULL
"2026-05-02","16:00","2nd-division","bahrain",183543,"Al Ittihad",241318,"Qalali Club","id1001972471114384",NULL,NULL,NULL,NULL,NULL,NULL,NULL,NULL
"2026-05-02","16:00","2nd-division","bahrain",60430,"East Riffa",45478,"Manama Club","id1001972471114388",NULL,NULL,NULL,NULL,NULL,NULL,NULL,NULL
"2026-05-02","16:00","2nd-division","bahrain",45473,"AL Hala",225858,"Al Ittifaq BHR","id1001972471114386",NULL,NULL,NULL,NULL,NULL,NULL,NULL,NULL
"2026-05-02","16:00","campionato-sammarinese","san-marino",37860,"SP La Fiorita",37857,"FC Fiorentino","id1000073871098126",NULL,NULL,NULL,NULL,NULL,NULL,NULL,NULL
"2026-05-02","16:00","national-2","france",184707,"Dinan-Lehon FC",32494,"Olympique Saumur FC","id1004798662213944",NULL,NULL,NULL,NULL,NULL,NULL,NULL,NULL
"2026-05-02","16:00","veikkausliiga","finland",5114,"AC Oulu",2244,"Kuopion Palloseura","id1000004167091286",NULL,NULL,NULL,NULL,NULL,NULL,NULL,NULL
"2026-05-02","16:00","national-2","france",1744,"AS Saint Priest",1750,"Lusitanos Saint-Maur","id1004798662214730",NULL,NULL,NULL,NULL,NULL,NULL,NULL,NULL
"2026-05-02","16:00","primavera-2","italy",395756,"Catanzaro Calcio 2011 U19",395722,"SS Monopoli","id1001920262901837",NULL,NULL,NULL,NULL,NULL,NULL,NULL,NULL
"2026-05-02","16:00","super-league","switzerland",2446,"Lausanne-Sport",2453,"FC Luzern","id1000021570448526",NULL,NULL,NULL,NULL,NULL,NULL,NULL,NULL
"2026-05-02","16:00","3-deild","iceland",577979,"Hottur/Huginn",70086,"KF Fjallabyggd","id1002887970698874",NULL,NULL,NULL,NULL,NULL,NULL,NULL,NULL
"2026-05-02","16:00","nb-i-women","hungary",299218,"ETO FC Gyor",460991,"Pecsi MFC","id1001926662301646",NULL,NULL,NULL,NULL,NULL,NULL,NULL,NULL
"2026-05-02","16:00","burgenland-burgenlandliga","austria-amateur",351774,"Bad Sauerbrunn",1154515,"Mattersburger Sportverein 2020","id1004377361894024",NULL,NULL,NULL,NULL,NULL,NULL,NULL,NULL
"2026-05-02","16:00","oberliga-niederrhein","germany-amateur",2575,"Krefelder FC Uerdingen 05",609336,"BW Dingden","id1000110362200820",NULL,NULL,NULL,NULL,NULL,NULL,NULL,NULL
"2026-05-02","16:00","burgenland-burgenlandliga","austria-amateur",2193,"ASKO Kohfidisch",2198,"St. Margarethen/Burgenland","id1004377361894022",NULL,NULL,NULL,NULL,NULL,NULL,NULL,NULL
"2026-05-02","16:00","primera-division-women","chile",684121,"Deportes Temuco",1175453,"Club Deportivo Magallanes","id1004228569254622",NULL,NULL,NULL,NULL,NULL,NULL,NULL,NULL
"2026-05-02","16:00","parva-liga","bulgaria",3273,"PFC Levski Sofia",288687,"FC CSKA 1948","id1000024770905766",NULL,NULL,NULL,NULL,NULL,NULL,NULL,NULL
"2026-05-02","16:00","primavera-2","italy",395588,"US Albinoleffe",660631,"Calcio Lecco 1912 U19","id1001920262901349",NULL,NULL,NULL,NULL,NULL,NULL,NULL,NULL
"2026-05-02","16:00","national-2","france",35064,"Epinal",38757,"Biesheim ASC","id1004798662214250",NULL,NULL,NULL,NULL,NULL,NULL,NULL,NULL
"2026-05-02","16:00","serie-a","italy",2704,"Como 1907",2714,"SSC Napoli","id1000002361061629",NULL,NULL,NULL,NULL,NULL,NULL,NULL,NULL
"2026-05-02","16:00","seconde-ligue-women","france",407587,"Stade de Reims",666937,"Thonon Evian GG FC","id1004799262245462",NULL,NULL,NULL,NULL,NULL,NULL,NULL,NULL
"2026-05-02","16:00","superliga","slovakia",2398,"AS Trencin",191850,"KFC Komarno","id1000021169463396",NULL,NULL,NULL,NULL,NULL,NULL,NULL,NULL
"2026-05-02","16:00","meistriliiga-women","estonia",475544,"Paide Linnameeskond",473597,"FC Elva","id1001829468959592",NULL,NULL,NULL,NULL,NULL,NULL,NULL,NULL
"2026-05-02","16:00","msfl","czechia",2236,"SK Hranice",565847,"TJ Unie Hlubina","id1001414766053680",NULL,NULL,NULL,NULL,NULL,NULL,NULL,NULL
"2026-05-02","16:00","primavera-2","italy",79045,"Empoli FC",277567,"Pisa Calcio","id1001920262901841",NULL,NULL,NULL,NULL,NULL,NULL,NULL,NULL
"2026-05-02","16:00","national-2","france",33766,"Dieppe FC",1668,"Wasquehal Football","id1004798662214244",NULL,NULL,NULL,NULL,NULL,NULL,NULL,NULL
"2026-05-02","16:00","primavera-2","italy",395630,"AC Reggiana 1919",79055,"Calcio Padova","id1001920262901355",NULL,NULL,NULL,NULL,NULL,NULL,NULL,NULL
"2026-05-02","16:00","super-league","switzerland",2458,"FC Winterthur",2450,"FC Zurich","id1000021570448528",NULL,NULL,NULL,NULL,NULL,NULL,NULL,NULL
"2026-05-02","16:00","besta-deild","iceland",1903,"Thor Akureyri",1904,"KA Akureyri","id1000018868194614",NULL,NULL,NULL,NULL,NULL,NULL,NULL,NULL
"2026-05-02","16:00","primavera-2","italy",395584,"AC Renate",64125,"LR Vicenza","id1001920262901357",NULL,NULL,NULL,NULL,NULL,NULL,NULL,NULL
"2026-05-02","16:00","superliga","slovakia",111061,"MFK Skalica",168476,"FK Kosice","id1000021169463394",NULL,NULL,NULL,NULL,NULL,NULL,NULL,NULL
"2026-05-02","16:00","eliteserien","norway",1159,"SK Brann",687,"Fredrikstad FK","id1000002067015148",NULL,NULL,NULL,NULL,NULL,NULL,NULL,NULL
"2026-05-02","16:00","premier-league","rwanda",134272,"Rayon Sports FC",194312,"Apr FC","id1002016267782870",NULL,NULL,NULL,NULL,NULL,NULL,NULL,NULL
"2026-05-02","16:00","primavera-2","italy",90170,"US Avellino",64119,"Palermo FC","id1001920262901833",NULL,NULL,NULL,NULL,NULL,NULL,NULL,NULL
"2026-05-02","16:00","national-2","france",35059,"Saint-Colomban Locmine",6913,"Angouleme Charente FC","id1004798662213952",NULL,NULL,NULL,NULL,NULL,NULL,NULL,NULL
"2026-05-02","16:00","erste-liga","switzerland",2456,"SR Delemont",2457,"FC Wohlen","id1003705162216052",NULL,NULL,NULL,NULL,NULL,NULL,NULL,NULL
"2026-05-02","16:00","superliga","slovakia",7887,"FK Zeleziarne Podbrezova",2406,"FC Spartak Trnava","id1000021169463460",NULL,NULL,NULL,NULL,NULL,NULL,NULL,NULL
"2026-05-02","16:00","fa-cup","south-africa",1176555,"Durban City",475016,"TS Galaxy FC","id1000102070711570",NULL,NULL,NULL,NULL,NULL,NULL,NULL,NULL
"2026-05-02","16:00","tercera-federacion-group-5","spain-amateur",167162,"UE Cornella",610330,"CE Manresa","id1002602663138753",NULL,NULL,NULL,NULL,NULL,NULL,NULL,NULL
"2026-05-02","16:00","national-2","france",39407,"Les Herbiers",35066,"US Avranches","id1004798662213940",NULL,NULL,NULL,NULL,NULL,NULL,NULL,NULL
"2026-05-02","16:00","national-2","france",34740,"Colmar",476746,"FC Borgo","id1004798662214240",NULL,NULL,NULL,NULL,NULL,NULL,NULL,NULL
"2026-05-02","16:00","primavera-2","italy",79043,"Sampdoria Genoa",79037,"Pro Vercelli 1892","id1001920262901359",NULL,NULL,NULL,NULL,NULL,NULL,NULL,NULL
"2026-05-02","16:00","national-2","france",6914,"Aviron Bayonnais FC",1645,"Girondins Bordeaux","id1004798662213964",NULL,NULL,NULL,NULL,NULL,NULL,NULL,NULL
"2026-05-02","16:00","1-lyga","lithuania",687515,"FK Kauno Zalgiris B",784448,"Be1 Nfa","id1000067669670682",NULL,NULL,NULL,NULL,NULL,NULL,NULL,NULL
"2026-05-02","16:00","primavera-2","italy",79063,"Pescara Calcio",277569,"Benevento Calcio","id1001920262901845",NULL,NULL,NULL,NULL,NULL,NULL,NULL,NULL
"2026-05-02","16:00","regionalliga-north","germany-amateur",7870,"VfB Oldenburg",36572,"SC Weiche Flensburg 08","id1000004262284548",NULL,NULL,NULL,NULL,NULL,NULL,NULL,NULL
"2026-05-02","16:10","saudi-pro-league","saudi-arabia",220298,"Damac FC",167228,"Al-Khaleej Club","id1000095564055847",NULL,NULL,NULL,NULL,NULL,NULL,NULL,NULL
"2026-05-02","16:10","division-1","saudi-arabia",56035,"Al-Faisaly FC",240150,"Al-Jabalain","id1000229867953246",NULL,NULL,NULL,NULL,NULL,NULL,NULL,NULL
"2026-05-02","16:15","pro-league","belgium",2898,"Royal Charleroi SC",2890,"KRC Genk","id1000003870207488",NULL,NULL,NULL,NULL,NULL,NULL,NULL,NULL
"2026-05-02","16:20","omani-league","oman",71044,"Al-Seeb",57455,"Dhofar SCSC","id1000096571166664",NULL,NULL,NULL,NULL,NULL,NULL,NULL,NULL
"2026-05-02","16:25","cymru-premier","wales",115185,"Pen-y-Bont FC",4915,"Haverfordwest County AFC","id1000025471097172",NULL,NULL,NULL,NULL,NULL,NULL,NULL,NULL
"2026-05-02","16:30","ligue-1","mali",655835,"AS Bakaridjan",668499,"AS Korofina","id1004081771003984",NULL,NULL,NULL,NULL,NULL,NULL,NULL,NULL
"2026-05-02","16:30","premier-league","england",42,"Arsenal FC",43,"Fulham FC","id1000001761301203",NULL,NULL,NULL,NULL,NULL,NULL,NULL,NULL
"2026-05-02","16:30","copa-de-la-liga","chile",3162,"Audax Italiano",48242,"Deportes Union La Calera","id1005074070758682",NULL,NULL,NULL,NULL,NULL,NULL,NULL,NULL
"2026-05-02","16:30","primera-federacion","spain",47567,"CF Talavera de La Reina",216196,"Arenas Club Getxo","id1003483461685688",NULL,NULL,NULL,NULL,NULL,NULL,NULL,NULL
"2026-05-02","16:30","laliga-2","spain",5067,"CD Castellon",2850,"Cordoba CF","id1000005461623846",NULL,NULL,NULL,NULL,NULL,NULL,NULL,NULL
"2026-05-02","16:30","primera-division-women","spain",77903,"Sevilla FC",522312,"Real Madrid","id1000112761688376",NULL,NULL,NULL,NULL,NULL,NULL,NULL,NULL
"2026-05-02","16:30","primera-federacion","spain",77397,"Real Aviles CF",24330,"CD Guadalajara","id1003483461685678",NULL,NULL,NULL,NULL,NULL,NULL,NULL,NULL
"2026-05-02","16:30","tercera-federacion-group-6","spain-amateur",277557,"Recambios Colon CF",359526,"Crevillente Deportivo","id1002602863139383",NULL,NULL,NULL,NULL,NULL,NULL,NULL,NULL
"2026-05-02","16:30","serie-a-women","italy",509432,"AS Roma",943869,"Ternana","id1002080862352452",NULL,NULL,NULL,NULL,NULL,NULL,NULL,NULL
"2026-05-02","16:30","primera-federacion","spain",24358,"Betis Deportivo Balompie",24323,"Antequera CF","id1003483461687588",NULL,NULL,NULL,NULL,NULL,NULL,NULL,NULL
"2026-05-02","16:30","tercera-federacion-group-6","spain-amateur",602568,"AC Torrellano",369248,"CF La Nucia","id1002602863139387",NULL,NULL,NULL,NULL,NULL,NULL,NULL,NULL
"2026-05-02","16:30","super-league","greece",6342,"Asteras Tripolis",5062,"Atromitos Athinon","id1000018570232080",NULL,NULL,NULL,NULL,NULL,NULL,NULL,NULL
"2026-05-02","16:30","iraqi-league","iraq",405349,"Al Kahrabaa SC",508998,"AL Najaf","id1002697470905972",NULL,NULL,NULL,NULL,NULL,NULL,NULL,NULL
"2026-05-02","16:30","ligue-1","mali",791858,"Binga FC",134298,"AS Real Bamako","id1004081771003926",NULL,NULL,NULL,NULL,NULL,NULL,NULL,NULL
"2026-05-02","16:30","serie-a-women","italy",618606,"Inter Milano",502832,"AC Milan","id1002080862352450",NULL,NULL,NULL,NULL,NULL,NULL,NULL,NULL
"2026-05-02","16:30","vtoraya-liga","belarus",690225,"Urozhaynaya",1341538,"Ggs United","id1003231171194384",NULL,NULL,NULL,NULL,NULL,NULL,NULL,NULL
"2026-05-02","16:30","tercera-federacion-group-6","spain-amateur",621726,"Hercules CF B",623396,"UD Castellonense","id1002602863139375",NULL,NULL,NULL,NULL,NULL,NULL,NULL,NULL
"2026-05-02","16:30","tercera-federacion-group-6","spain-amateur",276651,"FC Jove Espanol San Vicente",369168,"CD Bunol","id1002602863139379",NULL,NULL,NULL,NULL,NULL,NULL,NULL,NULL
"2026-05-02","16:30","primera-federacion","spain",24379,"Zamora CF",6195,"SD Ponferradina","id1003483461685684",NULL,NULL,NULL,NULL,NULL,NULL,NULL,NULL
"2026-05-02","16:30","laliga","spain",2885,"Deportivo Alaves",2825,"Athletic Bilbao","id1000000861624598",NULL,NULL,NULL,NULL,NULL,NULL,NULL,NULL
"2026-05-02","16:30","tercera-federacion-group-6","spain-amateur",806270,"UD Vall de Uxo",273937,"Atletico Saguntino","id1002602863139391",NULL,NULL,NULL,NULL,NULL,NULL,NULL,NULL
"2026-05-02","16:30","iraqi-league","iraq",405353,"AL Minaa",239026,"Al Quwa Al Jawiya","id1002697470905974",NULL,NULL,NULL,NULL,NULL,NULL,NULL,NULL
"2026-05-02","16:30","bundesliga","germany",2681,"Bayer Leverkusen",36360,"RB Leipzig","id1000003561514168",NULL,NULL,NULL,NULL,NULL,NULL,NULL,NULL
"2026-05-02","16:35","division-1","saudi-arabia",114259,"Al-Orobah",32994,"Al-Wehda FC","id1000229867953248",NULL,NULL,NULL,NULL,NULL,NULL,NULL,NULL
"2026-05-02","16:45","hnl","croatia",6672,"HNK Vukovar 1991",2040,"NK Osijek","id1000017061286575",NULL,NULL,NULL,NULL,NULL,NULL,NULL,NULL
"2026-05-02","16:45","eredivisie","netherlands",2951,"FC Groningen",2967,"Excelsior Rotterdam","id1000003761320231",NULL,NULL,NULL,NULL,NULL,NULL,NULL,NULL
"2026-05-02","17:00","primera-division-women","argentina",616784,"Social Atletico Television",348518,"CA Independiente","id1001846471135814",NULL,NULL,NULL,NULL,NULL,NULL,NULL,NULL
"2026-05-02","17:00","super-liga","moldova",53475,"FC Milsami",167232,"Petrocub Hincesti","id1000068568871050",NULL,NULL,NULL,NULL,NULL,NULL,NULL,NULL
"2026-05-02","17:00","super-league-women","switzerland",967029,"FC Sion",571761,"Yverdon Sport FC","id1002991870650922",NULL,NULL,NULL,NULL,NULL,NULL,NULL,NULL
"2026-05-02","17:00","super-league-women","belgium",37201,"Standard Liege",178250,"Club Brugge YLA","id1000226870221526",NULL,NULL,NULL,NULL,NULL,NULL,NULL,NULL
"2026-05-02","17:00","super-lig","turkiye",3051,"Trabzonspor",3054,"Goztepe Izmir","id1000005261730212",NULL,NULL,NULL,NULL,NULL,NULL,NULL,NULL
"2026-05-02","17:00","ligue-1","france",1651,"FC Metz",1653,"AS Monaco","id1000003461526556",NULL,NULL,NULL,NULL,NULL,NULL,NULL,NULL
"2026-05-02","17:00","super-lig","turkiye",3052,"Fenerbahce Istanbul",3086,"Istanbul Basaksehir","id1000005261730210",NULL,NULL,NULL,NULL,NULL,NULL,NULL,NULL
"2026-05-02","17:00","erovnuli-liga","georgia",44217,"FC Samgurali Tskaltubo",36865,"FC Gagra","id1000070470224404",NULL,NULL,NULL,NULL,NULL,NULL,NULL,NULL
"2026-05-02","17:00","super-league-women","switzerland",260033,"FC Luzern",684327,"Frauenteam Thun Berner Oberland","id1002991870650920",NULL,NULL,NULL,NULL,NULL,NULL,NULL,NULL
"2026-05-02","17:00","liga-portugal","portugal",49531,"FC Famalicao",3006,"SL Benfica","id1000023861731510",NULL,NULL,NULL,NULL,NULL,NULL,NULL,NULL
"2026-05-02","17:00","erste-liga","switzerland",1153435,"FC Prishtina Bern",2489,"CS Chenois","id1003705162216442",NULL,NULL,NULL,NULL,NULL,NULL,NULL,NULL
"2026-05-02","17:00","premier-division-women","ireland",211932,"Wexford Youths AFC",290044,"DLR Waves","id1002868166855360",NULL,NULL,NULL,NULL,NULL,NULL,NULL,NULL
"2026-05-02","17:00","super-lig","turkiye",3053,"Samsunspor",3061,"Galatasaray Istanbul","id1000005261730214",NULL,NULL,NULL,NULL,NULL,NULL,NULL,NULL
"2026-05-02","17:00","1-deild-women","iceland",370496,"UMF Tindastoll",48029,"Keflavik IF","id1001820468307840",NULL,NULL,NULL,NULL,NULL,NULL,NULL,NULL
"2026-05-02","17:00","super-d2","mauritania",978925,"Star Arafat",669111,"FC Dar El Barka","id1004842571077248",NULL,NULL,NULL,NULL,NULL,NULL,NULL,NULL
"2026-05-02","17:00","mls","usa",7080,"Toronto FC",21825,"San Jose Earthquakes","id1000024266299090",NULL,NULL,NULL,NULL,NULL,NULL,NULL,NULL
"2026-05-02","17:15","nb-i","hungary",1923,"WKW ETO FC Gyor",5121,"Diosgyori VTK","id1000018761272921",NULL,NULL,NULL,NULL,NULL,NULL,NULL,NULL
"2026-05-02","17:15","premier-league","israel",5199,"Hapoel Petah Tikva FC",5197,"Maccabi Haifa FC","id1000026670812382",NULL,NULL,NULL,NULL,NULL,NULL,NULL,NULL
"2026-05-02","17:30","kolmonen","finland",1335222,"Atlantis FC/2",548657,"Valtti","id1004667169921098",NULL,NULL,NULL,NULL,NULL,NULL,NULL,NULL
"2026-05-02","17:30","i-liga","poland",35330,"Miedz Legnica",38732,"FKS Stal Mielec","id1000022961399023",NULL,NULL,NULL,NULL,NULL,NULL,NULL,NULL
"2026-05-02","17:30","super-league-women","belgium",178244,"KAA Gent",376100,"SV Zulte Waregem","id1000226870221636",NULL,NULL,NULL,NULL,NULL,NULL,NULL,NULL
"2026-05-02","17:30","niederosterreich-1-landesliga","austria-amateur",2074,"SC Zwettl",260757,"SK Sparkasse Korneuburg","id1004377161909620",NULL,NULL,NULL,NULL,NULL,NULL,NULL,NULL
"2026-05-02","17:30","i-liga","poland",3123,"LKS Lodz",162252,"Pogon Siedlce","id1000022961399019",NULL,NULL,NULL,NULL,NULL,NULL,NULL,NULL
"2026-05-02","17:30","i-liga","poland",216968,"Pogon Grodzisk Mazowiecki",406863,"Wieczysta Krakow","id1000022961399025",NULL,NULL,NULL,NULL,NULL,NULL,NULL,NULL
"2026-05-02","17:30","superliga","romania",7734,"FC Universitatea Cluj",116221,"ACS Champions FC Arges","id1000015269785240",NULL,NULL,NULL,NULL,NULL,NULL,NULL,NULL
"2026-05-02","17:30","kolmonen","finland",548657,"Valtti",194966,"Toolon Taisto","id1004667170684164",NULL,NULL,NULL,NULL,NULL,NULL,NULL,NULL
"2026-05-02","17:30","premier-league","israel",5202,"Hapoel Be`er Sheva FC",5396,"Hapoel Tel Aviv FC","id1000026670812384",NULL,NULL,NULL,NULL,NULL,NULL,NULL,NULL
"2026-05-02","17:30","premier-league","israel",5204,"Beitar Jerusalem FC",5198,"Maccabi Tel Aviv FC","id1000026670812386",NULL,NULL,NULL,NULL,NULL,NULL,NULL,NULL
"2026-05-02","17:30","tirol-regionalliga-tirol","austria-amateur",2070,"SC Kundl",212840,"SK St. Johann","id1002968261915028",NULL,NULL,NULL,NULL,NULL,NULL,NULL,NULL
"2026-05-02","17:50","division-1","saudi-arabia",1181289,"AL Ula",56031,"Al-Raed Club","id1000229867953250",NULL,NULL,NULL,NULL,NULL,NULL,NULL,NULL
"2026-05-02","17:55","vysshaya-liga","belarus",3349,"FC Gomel",3359,"FC Torpedo Belaz Zhodino","id1000016970986748",NULL,NULL,NULL,NULL,NULL,NULL,NULL,NULL
"2026-05-02","18:00","brasileiro-a3-women","brazil",749353,"AE Realidade Jovem SP",1286921,"Heips RJ","id1004694569855684",NULL,NULL,NULL,NULL,NULL,NULL,NULL,NULL
"2026-05-02","18:00","ligue-2","france",1642,"Montpellier HSC",1680,"Clermont Foot 63","id1000018261528012",NULL,NULL,NULL,NULL,NULL,NULL,NULL,NULL
"2026-05-02","18:00","primera-c","argentina",184969,"Sacachispas FC",299336,"Centro Espanol","id1002617467122862",NULL,NULL,NULL,NULL,NULL,NULL,NULL,NULL
"2026-05-02","18:00","brasileiro-a3-women","brazil",263079,"Sao Jose EC",947069,"Araguari MG","id1004694569855682",NULL,NULL,NULL,NULL,NULL,NULL,NULL,NULL
"2026-05-02","18:00","u20-mineiro-1-divisao","brazil",1243393,"EC Villa Real MG",1243391,"Itabirito FC MG","id1004665168902016",NULL,NULL,NULL,NULL,NULL,NULL,NULL,NULL
"2026-05-02","18:00","carioca-serie-a2","brazil",61722,"Bonsucesso FC RJ",342218,"Araruama FC RJ","id1003648570884952",NULL,NULL,NULL,NULL,NULL,NULL,NULL,NULL
"2026-05-02","18:00","primera-c","argentina",306574,"Club Lujan",329911,"Canuelas FC","id1002617467125768",NULL,NULL,NULL,NULL,NULL,NULL,NULL,NULL
"2026-05-02","18:00","carioca-serie-a2","brazil",32878,"Resende FC RJ",6978,"AD Cabofriense RJ","id1003648569587626",NULL,NULL,NULL,NULL,NULL,NULL,NULL,NULL
"2026-05-02","18:00","mato-grossense-2-divisao","brazil",21843,"Cacerense EC MT",1334554,"Paulistano FC MT","id1004753469834778",NULL,NULL,NULL,NULL,NULL,NULL,NULL,NULL
"2026-05-02","18:00","u20-catarinense-serie-a","brazil",234514,"Joinville EC SC",383540,"Brusque SC","id1004688169688500",NULL,NULL,NULL,NULL,NULL,NULL,NULL,NULL
"2026-05-02","18:00","ligue-2","france",6925,"Rodez Aveyron Football",1678,"AS Saint-Etienne","id1000018261528016",NULL,NULL,NULL,NULL,NULL,NULL,NULL,NULL
"2026-05-02","18:00","ligue-2","france",1676,"Amiens SC",52874,"Red Star FC","id1000018261528006",NULL,NULL,NULL,NULL,NULL,NULL,NULL,NULL
"2026-05-02","18:00","u20-cearense","brazil",210332,"Ceara SC CE",397658,"Alianca FC CE","id1003978171053398",NULL,NULL,NULL,NULL,NULL,NULL,NULL,NULL
"2026-05-02","18:00","carioca-serie-a2","brazil",438984,"Perolas Negras RJ",6976,"America FC RJ","id1003648569587630",NULL,NULL,NULL,NULL,NULL,NULL,NULL,NULL
"2026-05-02","18:00","saudi-pro-league","saudi-arabia",168086,"Al-Hazm",21895,"Al Hilal SFC","id1000095564055839",NULL,NULL,NULL,NULL,NULL,NULL,NULL,NULL
"2026-05-02","18:00","primera-c","argentina",377574,"Juventud Unida San Miguel",211856,"ASD Justo Jose de Urquiza","id1002617467122860",NULL,NULL,NULL,NULL,NULL,NULL,NULL,NULL
"2026-05-02","18:00","mato-grossense-2-divisao","brazil",255235,"Sinop MT",751819,"Sorriso FC MT","id1004753469834756",NULL,NULL,NULL,NULL,NULL,NULL,NULL,NULL
"2026-05-02","18:00","brasileiro-a3-women","brazil",777412,"Paraiso EC TO",1080036,"Liga Sao Jao PI","id1004694569855756",NULL,NULL,NULL,NULL,NULL,NULL,NULL,NULL
"2026-05-02","18:00","ligue-2","france",1711,"US Boulogne",234888,"FC Annecy","id1000018262716791",NULL,NULL,NULL,NULL,NULL,NULL,NULL,NULL
"2026-05-02","18:00","brasileiro-serie-d","brazil",510178,"Santa Catarina SC",21966,"Guarany de Bage FC","id1001533570323230",NULL,NULL,NULL,NULL,NULL,NULL,NULL,NULL
"2026-05-02","18:00","primera-c","argentina",377568,"Argentino de Rosario",377564,"CA Victoriano Arenas","id1002617467122864",NULL,NULL,NULL,NULL,NULL,NULL,NULL,NULL
"2026-05-02","18:00","brasileiro-a3-women","brazil",552269,"Sao Raimundo EC RR",854843,"Tiradentes PA","id1004694569855732",NULL,NULL,NULL,NULL,NULL,NULL,NULL,NULL
"2026-05-02","18:00","alagoano-serie-b-u23","brazil",1334252,"Sporting FC Teotonio AL",1167065,"AS Sao Domingos AL","id1004005369796694",NULL,NULL,NULL,NULL,NULL,NULL,NULL,NULL
"2026-05-02","18:00","mato-grossense-2-divisao","brazil",1334552,"Sorriso EC MT",1265635,"Campo Novo MT","id1004753469834754",NULL,NULL,NULL,NULL,NULL,NULL,NULL,NULL
"2026-05-02","18:00","brasileiro-a3-women","brazil",552287,"Cresspom DF",1334658,"FC Pantanal Saf MS","id1004694569855658",NULL,NULL,NULL,NULL,NULL,NULL,NULL,NULL
"2026-05-02","18:00","brasileiro-a3-women","brazil",906169,"Coritiba FC PR",1294323,"Mauaense GE SP","id1004694569855706",NULL,NULL,NULL,NULL,NULL,NULL,NULL,NULL
"2026-05-02","18:00","ligue-2","france",1672,"Le Mans FC",1682,"Stade Reims","id1000018261528014",NULL,NULL,NULL,NULL,NULL,NULL,NULL,NULL
"2026-05-02","18:00","u20-gaucho-serie-a1","brazil",421093,"Ivoti RS",354028,"EC Sao Luiz RS","id1003976170871242",NULL,NULL,NULL,NULL,NULL,NULL,NULL,NULL
"2026-05-02","18:00","liga-femenina","peru",998733,"FC Melgar",381960,"Universitario de Deportes","id1001399570692638",NULL,NULL,NULL,NULL,NULL,NULL,NULL,NULL
"2026-05-02","18:00","brasileiro-a3-women","brazil",1211313,"CE Juventude de Estancia SE",1059688,"Guarani de Paripueira Al","id1004694569855870",NULL,NULL,NULL,NULL,NULL,NULL,NULL,NULL
"2026-05-02","18:00","2-liga","austria",2119,"SKN St Polten",2050,"FC Admira Wacker Modling","id1000013561591332",NULL,NULL,NULL,NULL,NULL,NULL,NULL,NULL
"2026-05-02","18:00","superliga-women","ecuador",778158,"El Nacional (Ecu)",825086,"Carneras Ups","id1004676071129908",NULL,NULL,NULL,NULL,NULL,NULL,NULL,NULL
"2026-05-02","18:00","primera-division-women","argentina",616782,"Gimnasia Y Esgrima La Plata",767004,"Ferro Carril Oeste","id1001846471135816",NULL,NULL,NULL,NULL,NULL,NULL,NULL,NULL
"2026-05-02","18:00","brasileiro-a3-women","brazil",464605,"Ypiranga Clube AP",1334662,"Portuguesa AP","id1004694569855730",NULL,NULL,NULL,NULL,NULL,NULL,NULL,NULL
"2026-05-02","18:00","u20-catarinense-serie-a","brazil",287749,"Criciuma EC SC",227056,"Avai FC SC","id1004688169688504",NULL,NULL,NULL,NULL,NULL,NULL,NULL,NULL
"2026-05-02","18:00","u20-gaucho-serie-a1","brazil",1020245,"Real SC RS",1277386,"Inter de Santa Maria RS U20","id1003976170871238",NULL,NULL,NULL,NULL,NULL,NULL,NULL,NULL
"2026-05-02","18:00","primera-c","argentina",182126,"CA Lugano",377562,"CA Puerto Nuevo","id1002617467122854",NULL,NULL,NULL,NULL,NULL,NULL,NULL,NULL
"2026-05-02","18:00","primera-c","argentina",306572,"Defensores de Cambaceres",354964,"Club Mercedes","id1002617467122858",NULL,NULL,NULL,NULL,NULL,NULL,NULL,NULL
"2026-05-02","18:00","mato-grossense-2-divisao","brazil",1265485,"Uirapuru MT",751817,"Acao Futebol MT","id1004753469834776",NULL,NULL,NULL,NULL,NULL,NULL,NULL,NULL
"2026-05-02","18:00","brasileiro-a3-women","brazil",774580,"SE Uniao De Natal RN",1063720,"R4 CE","id1004694569855778",NULL,NULL,NULL,NULL,NULL,NULL,NULL,NULL
"2026-05-02","18:00","u20-catarinense-serie-a","brazil",889059,"Carlos Renaux SC",927011,"Barra FC SC","id1004688169688502",NULL,NULL,NULL,NULL,NULL,NULL,NULL,NULL
"2026-05-02","18:00","primera-c","argentina",377556,"CA General Lamadrid",182701,"CA Atlas","id1002617467125766",NULL,NULL,NULL,NULL,NULL,NULL,NULL,NULL
"2026-05-02","18:00","alagoano-serie-b-u23","brazil",868423,"Miguelense FC AL",865069,"Zumbi EC AL","id1004005369796692",NULL,NULL,NULL,NULL,NULL,NULL,NULL,NULL
"2026-05-02","18:00","ligue-2","france",1654,"EA Guingamp",1655,"SC Bastia","id1000018261528004",NULL,NULL,NULL,NULL,NULL,NULL,NULL,NULL
"2026-05-02","18:00","paulista-serie-a4","brazil",1964,"Sao Caetano FC SP",85337,"CA Penapolense SP","id1003579570979584",NULL,NULL,NULL,NULL,NULL,NULL,NULL,NULL
"2026-05-02","18:00","copa-espirito-santo","brazil",572499,"SC Brasil Capixaba ES",929177,"Capixaba SC ES","id1004681169232898",NULL,NULL,NULL,NULL,NULL,NULL,NULL,NULL
"2026-05-02","18:00","u20-mineiro-1-divisao","brazil",72012,"America FC MG",431209,"Coimbra Sports MG","id1004665168902014",NULL,NULL,NULL,NULL,NULL,NULL,NULL,NULL
"2026-05-02","18:00","primera-c","argentina",337371,"CDM Leandro N. Alem",377554,"Deportivo Paraguayo","id1002617467122856",NULL,NULL,NULL,NULL,NULL,NULL,NULL,NULL
"2026-05-02","18:00","u20-catarinense-serie-a","brazil",330121,"Concordia SC",895991,"Nacao","id1004688169688496",NULL,NULL,NULL,NULL,NULL,NULL,NULL,NULL
"2026-05-02","18:00","primera-c","argentina",377552,"Central Ballester",377570,"CA Claypole","id1002617467125776",NULL,NULL,NULL,NULL,NULL,NULL,NULL,NULL
"2026-05-02","18:00","liga-1","peru",1065398,"FC Cajamarca",2312,"Sport Boys Association","id1000040670483722",NULL,NULL,NULL,NULL,NULL,NULL,NULL,NULL
"2026-05-02","18:00","primera-c","argentina",1314460,"Leones de Rosario FC",377558,"Yupanqui","id1002617467125764",NULL,NULL,NULL,NULL,NULL,NULL,NULL,NULL
"2026-05-02","18:00","primera-c","argentina",1074128,"Club Estrella Del Sur (Alejandro Korn)",388236,"AD Berazategui","id1002617467122866",NULL,NULL,NULL,NULL,NULL,NULL,NULL,NULL
"2026-05-02","18:00","carioca-serie-a2","brazil",327299,"Serrano FC RJ",61722,"Bonsucesso FC RJ","id1003648569587628",NULL,NULL,NULL,NULL,NULL,NULL,NULL,NULL
"2026-05-02","18:00","liga-2","peru",5281,"CD Universidad Cesar Vallejo",330527,"Carlos Mannucci","id1001523570806848",NULL,NULL,NULL,NULL,NULL,NULL,NULL,NULL
"2026-05-02","18:00","primera-c","argentina",388934,"Club El Porvenir",224836,"CA Central Cordoba Rosario","id1002617467125774",NULL,NULL,NULL,NULL,NULL,NULL,NULL,NULL
"2026-05-02","18:00","ligue-2","france",1652,"ESTAC Troyes",1673,"Stade Lavallois MFC","id1000018261528000",NULL,NULL,NULL,NULL,NULL,NULL,NULL,NULL
"2026-05-02","18:00","ligue-2","france",1685,"Pau FC",1675,"Nancy-Lorraine","id1000018261528002",NULL,NULL,NULL,NULL,NULL,NULL,NULL,NULL
"2026-05-02","18:00","carioca-serie-a2","brazil",85341,"Audax Rio EC RJ",342218,"Araruama FC RJ","id1003648569587634",NULL,NULL,NULL,NULL,NULL,NULL,NULL,NULL
"2026-05-02","18:00","brasileiro-a3-women","brazil",655739,"Clube Do Remo PA",425427,"Sampaio Correa FC MA","id1004694569855754",NULL,NULL,NULL,NULL,NULL,NULL,NULL,NULL
"2026-05-02","18:00","brasileiro-serie-d","brazil",6976,"America FC RJ",673707,"Pouso Alegre MG","id1001533570323108",NULL,NULL,NULL,NULL,NULL,NULL,NULL,NULL
"2026-05-02","18:00","brasileiro-a3-women","brazil",762776,"Mixto EC PB",1175179,"Ipojuca Atletico Clube PE","id1004694569855780",NULL,NULL,NULL,NULL,NULL,NULL,NULL,NULL
"2026-05-02","18:00","carioca-serie-a2","brazil",438984,"Perolas Negras RJ",32878,"Resende FC RJ","id1003648570884958",NULL,NULL,NULL,NULL,NULL,NULL,NULL,NULL
"2026-05-02","18:00","pro-league","belgium",5046,"Lommel SK",169260,"K Beerschot VA","id1000003871140554",NULL,NULL,NULL,NULL,NULL,NULL,NULL,NULL
"2026-05-02","18:00","carioca-serie-a2","brazil",1992,"Americano FC RJ",39616,"Olaria RJ","id1003648569587632",NULL,NULL,NULL,NULL,NULL,NULL,NULL,NULL
"2026-05-02","18:00","carioca-serie-a2","brazil",1992,"Americano FC RJ",327307,"Sao Goncalo EC RJ","id1003648570884956",NULL,NULL,NULL,NULL,NULL,NULL,NULL,NULL
"2026-05-02","18:00","brasileiro-a3-women","brazil",466859,"Brasil de Farroupilha RS",513694,"Criciuma EC SC","id1004694569855708",NULL,NULL,NULL,NULL,NULL,NULL,NULL,NULL
"2026-05-02","18:00","brasileiro-serie-a2-women","brazil",260745,"AD Taubate SP",655737,"Paysandu SC PA","id1003203968971716",NULL,NULL,NULL,NULL,NULL,NULL,NULL,NULL
"2026-05-02","18:00","canadian-premier-league","canada",543881,"HFX Wanderers FC",543879,"Forge FC Hamilton","id1002843268685974",NULL,NULL,NULL,NULL,NULL,NULL,NULL,NULL
"2026-05-02","18:00","primera-c","argentina",165916,"CS Barracas",340928,"Deportivo Muniz","id1002617467125770",NULL,NULL,NULL,NULL,NULL,NULL,NULL,NULL
"2026-05-02","18:00","brasileiro-a3-women","brazil",850663,"Prosperidade FC ES",1035593,"Atletico de Alagoinhas BA","id1004694569855872",NULL,NULL,NULL,NULL,NULL,NULL,NULL,NULL
"2026-05-02","18:00","carioca-serie-a2","brazil",327299,"Serrano FC RJ",39616,"Olaria RJ","id1003648570884954",NULL,NULL,NULL,NULL,NULL,NULL,NULL,NULL
"2026-05-02","18:00","campeonato-brasileiro-women","brazil",440896,"America FC MG",321493,"EC Vitoria BA","id1001509168215806",NULL,NULL,NULL,NULL,NULL,NULL,NULL,NULL
"2026-05-02","18:00","ligue-2","france",6918,"USL Dunkerque",1671,"Grenoble Foot","id1000018261528008",NULL,NULL,NULL,NULL,NULL,NULL,NULL,NULL
"2026-05-02","18:00","primera-c","argentina",112495,"CA Fenix Pilar",165914,"CSDC Espanol","id1002617467125772",NULL,NULL,NULL,NULL,NULL,NULL,NULL,NULL
"2026-05-02","18:00","eredivisie","netherlands",2953,"Ajax Amsterdam",2952,"PSV Eindhoven","id1000003761320235",NULL,NULL,NULL,NULL,NULL,NULL,NULL,NULL
"2026-05-02","18:00","brasileiro-a3-women","brazil",552267,"Varzea Grande EC MT",1286325,"Planalto EC GO","id1004694569855660",NULL,NULL,NULL,NULL,NULL,NULL,NULL,NULL
"2026-05-02","18:00","alagoano-serie-b-u23","brazil",767384,"Desportivo Alianca AL",529967,"Jacioba AC AL","id1004005369796696",NULL,NULL,NULL,NULL,NULL,NULL,NULL,NULL
"2026-05-02","18:15","prvaliga","slovenia",2413,"NK Celje",362744,"Bravo Ljubljana","id1000021261454167",NULL,NULL,NULL,NULL,NULL,NULL,NULL,NULL
"2026-05-02","18:15","liga-2","peru",33894,"Ayacucho FC",2309,"Union Minas","id1001523570806858",NULL,NULL,NULL,NULL,NULL,NULL,NULL,NULL
"2026-05-02","18:15","ekstraklasa","poland",7915,"LKP Motor Lublin",3121,"KKS Lech Poznan","id1000020261062287",NULL,NULL,NULL,NULL,NULL,NULL,NULL,NULL
"2026-05-02","18:30","primera-c","argentina",377554,"Deportivo Paraguayo",306572,"Defensores de Cambaceres","id1002617470990020",NULL,NULL,NULL,NULL,NULL,NULL,NULL,NULL
"2026-05-02","18:30","u20-paranaense-1-divisao","brazil",1091003,"Patriotas FC PR",1324672,"Cianorte FC PR U20","id1004688368643370",NULL,NULL,NULL,NULL,NULL,NULL,NULL,NULL
"2026-05-02","18:30","u20-paranaense-1-divisao","brazil",910277,"FC Cascavel PR",1324670,"CE Uniao PR U20","id1004688368643374",NULL,NULL,NULL,NULL,NULL,NULL,NULL,NULL
"2026-05-02","18:30","u20-goiano-1-divisao","brazil",894827,"Royal GO",300616,"AC Goianiense GO","id1004664769279772",NULL,NULL,NULL,NULL,NULL,NULL,NULL,NULL
"2026-05-02","18:30","u20-paranaense-1-divisao","brazil",1244804,"Hope Internacional FC PR",665385,"Operario Ferroviario EC PR","id1004688368643366",NULL,NULL,NULL,NULL,NULL,NULL,NULL,NULL
"2026-05-02","18:30","brasileiro-serie-a2-women","brazil",840334,"Vila Nova FC GO",830444,"Doce Mel EC BA","id1003203968971712",NULL,NULL,NULL,NULL,NULL,NULL,NULL,NULL
"2026-05-02","18:30","primera-b","argentina",374918,"Real Pilar FC",210370,"Argentino de Merlo","id1000134767119282",NULL,NULL,NULL,NULL,NULL,NULL,NULL,NULL
"2026-05-02","18:30","ligue-1","mali",668533,"FC Diarra",1307902,"Derby Academie","id1004081771004042",NULL,NULL,NULL,NULL,NULL,NULL,NULL,NULL
"2026-05-02","18:30","primera-b","argentina",336147,"Deportivo Camioneros",112505,"CSD Flandria","id1000134771017242",NULL,NULL,NULL,NULL,NULL,NULL,NULL,NULL
"2026-05-02","18:30","paranaense-2-divisao","brazil",21861,"Paranavai PR",889667,"EC Laranja Mecanica PR","id1003943971169084",NULL,NULL,NULL,NULL,NULL,NULL,NULL,NULL
"2026-05-02","18:30","u20-paranaense-1-divisao","brazil",210334,"Coritiba FC PR",1261425,"City London FC PR U20","id1004688368643368",NULL,NULL,NULL,NULL,NULL,NULL,NULL,NULL
"2026-05-02","18:30","primera-division","uruguay",22011,"CA Cerro",3234,"Deportivo Maldonado","id1000027870893166",NULL,NULL,NULL,NULL,NULL,NULL,NULL,NULL
"2026-05-02","18:30","2-bundesliga","germany",2530,"Schalke 04",2588,"Fortuna Dusseldorf","id1000004461515218",NULL,NULL,NULL,NULL,NULL,NULL,NULL,NULL
"2026-05-02","18:30","primera-nacional","argentina",93107,"CA Estudiantes",241512,"CA San Telmo","id1000070367117642",NULL,NULL,NULL,NULL,NULL,NULL,NULL,NULL
"2026-05-02","18:30","primera-b","argentina",112509,"Villa Dalmine",65672,"CA Excursionistas","id1000134767119286",NULL,NULL,NULL,NULL,NULL,NULL,NULL,NULL
"2026-05-02","18:30","u20-paranaense-1-divisao","brazil",1324674,"Galo Maringa PR U20",177962,"CA Paranaense PR","id1004688368643376",NULL,NULL,NULL,NULL,NULL,NULL,NULL,NULL
"2026-05-02","18:30","primera-b","argentina",112507,"CD UAI Urquiza",3221,"Arsenal de Sarandi","id1000134767119284",NULL,NULL,NULL,NULL,NULL,NULL,NULL,NULL
"2026-05-02","18:30","primera-c","argentina",299336,"Centro Espanol",377568,"Argentino de Rosario","id1002617467122844",NULL,NULL,NULL,NULL,NULL,NULL,NULL,NULL
"2026-05-02","18:30","u20-paranaense-1-divisao","brazil",227058,"Parana Clube PR",1244687,"Araucaria ECR PR","id1004688368643372",NULL,NULL,NULL,NULL,NULL,NULL,NULL,NULL
"2026-05-02","18:30","primera-nacional","argentina",52215,"CA Defensores de Belgrano",341070,"CA Central Norte Salta","id1000070367117634",NULL,NULL,NULL,NULL,NULL,NULL,NULL,NULL
"2026-05-02","18:30","super-league","switzerland",2501,"FC Basel 1893",2454,"FC Thun","id1000021570448364",NULL,NULL,NULL,NULL,NULL,NULL,NULL,NULL
"2026-05-02","18:30","u20-goiano-1-divisao","brazil",325159,"Vila Nova FC GO",1239059,"CA Pontalinense GO","id1004664769279768",NULL,NULL,NULL,NULL,NULL,NULL,NULL,NULL
"2026-05-02","18:30","mls","usa",2509,"Sporting Kansas City",22009,"Seattle Sounders","id1000024266299088",NULL,NULL,NULL,NULL,NULL,NULL,NULL,NULL
"2026-05-02","18:30","primera-b","argentina",36843,"CS Italiano",93105,"CD Armenio","id1000134767119274",NULL,NULL,NULL,NULL,NULL,NULL,NULL,NULL
"2026-05-02","18:30","primera-b","argentina",107199,"CA Villa San Carlos",273669,"CSCD Laferrere","id1000134770891400",NULL,NULL,NULL,NULL,NULL,NULL,NULL,NULL
"2026-05-02","18:45","pro-league","belgium",2895,"St. Truidense VV",4860,"Union Saint-Gilloise","id1000003870207418",NULL,NULL,NULL,NULL,NULL,NULL,NULL,NULL
"2026-05-02","18:45","serie-a","italy",2686,"Atalanta BC",2713,"Genoa CFC","id1000002361061625",NULL,NULL,NULL,NULL,NULL,NULL,NULL,NULL
"2026-05-02","19:00","copa-de-la-liga","chile",5032,"CD Everton Vina del Mar",3157,"CD Palestino","id1005074070758756",NULL,NULL,NULL,NULL,NULL,NULL,NULL,NULL
"2026-05-02","19:00","laliga-2","spain",2839,"SD Eibar",2830,"Malaga CF","id1000005461623850",NULL,NULL,NULL,NULL,NULL,NULL,NULL,NULL
"2026-05-02","19:00","brasileiro-serie-d","brazil",1052105,"Abecat Ouvidorense GO",34000,"Ivinhema MS","id1001533570322842",NULL,NULL,NULL,NULL,NULL,NULL,NULL,NULL
"2026-05-02","19:00","brasileiro-a3-women","brazil",1245068,"Rolim de Moura RO",1334654,"AD Itapuense RO","id1004694569855634",NULL,NULL,NULL,NULL,NULL,NULL,NULL,NULL
"2026-05-02","19:00","brasileiro-serie-d","brazil",1987,"Joinville EC SC",21891,"Cascavel PR","id1001533570323232",NULL,NULL,NULL,NULL,NULL,NULL,NULL,NULL
"2026-05-02","19:00","brasileiro-serie-a","brazil",1958,"Botafogo FR RJ",2012,"Clube do Remo PA","id1000032566886740",NULL,NULL,NULL,NULL,NULL,NULL,NULL,NULL
"2026-05-02","19:00","brasileiro-serie-a2-women","brazil",782102,"Acao Futebol MT",1242897,"Rio Negro RR","id1003203968971714",NULL,NULL,NULL,NULL,NULL,NULL,NULL,NULL
"2026-05-02","19:00","elite-one","cameroon",62232,"Unisport Du Haut Nkam",412579,"AS Fortuna","id1000100670774962",NULL,NULL,NULL,NULL,NULL,NULL,NULL,NULL
"2026-05-02","19:00","cearense-serie-b","brazil",427859,"Caucaia",32668,"Guarany SC CE","id1003666767925430",NULL,NULL,NULL,NULL,NULL,NULL,NULL,NULL
"2026-05-02","19:00","brasileiro-serie-b","brazil",1979,"Botafogo FC SP",2011,"Nautico PE","id1000039068822846",NULL,NULL,NULL,NULL,NULL,NULL,NULL,NULL
"2026-05-02","19:00","ligapro-primera-a","ecuador",5251,"CD Cuenca",21941,"CD Tecnico Universitario","id1000024068687618",NULL,NULL,NULL,NULL,NULL,NULL,NULL,NULL
"2026-05-02","19:00","brasileiro-serie-d","brazil",33775,"FC Atletico CE",773398,"Fluminense EC PI","id1001533570321078",NULL,NULL,NULL,NULL,NULL,NULL,NULL,NULL
"2026-05-02","19:00","primera-federacion","spain",5069,"Real Madrid Castilla",286017,"Unionistas de Salamanca CF","id1003483461685680",NULL,NULL,NULL,NULL,NULL,NULL,NULL,NULL
"2026-05-02","19:00","brasileiro-a3-women","brazil",1245066,"Galvez EC AC",857279,"Penarol AM","id1004694569855636",NULL,NULL,NULL,NULL,NULL,NULL,NULL,NULL
"2026-05-02","19:00","brasileiro-serie-d","brazil",273503,"AA Altos PI",845622,"CF Atletas do Tirol CE","id1001533570321076",NULL,NULL,NULL,NULL,NULL,NULL,NULL,NULL
"2026-05-02","19:00","copa-de-la-liga","chile",5031,"Deportes La Serena",3161,"Universidad de Chile","id1005074070758684",NULL,NULL,NULL,NULL,NULL,NULL,NULL,NULL
"2026-05-02","19:00","primera-division-women","chile",684115,"Universidad Catolica",381958,"Colo Colo","id1004228569254620",NULL,NULL,NULL,NULL,NULL,NULL,NULL,NULL
"2026-05-02","19:00","brasileiro-serie-d","brazil",2010,"CS Alagoano AL",61724,"SD Juazeirense BA","id1001533570322778",NULL,NULL,NULL,NULL,NULL,NULL,NULL,NULL
"2026-05-02","19:00","campeonato-brasileiro-women","brazil",682327,"EC Bahia BA",552275,"SE Palmeiras SP","id1001509168215804",NULL,NULL,NULL,NULL,NULL,NULL,NULL,NULL
"2026-05-02","19:00","division-profesional","bolivia",378096,"Always Ready",47700,"CA Nacional Potosi","id1003398070379126",NULL,NULL,NULL,NULL,NULL,NULL,NULL,NULL
"2026-05-02","19:00","eredivisie","netherlands",2962,"NEC Nijmegen",2972,"SC Telstar","id1000003761320241",NULL,NULL,NULL,NULL,NULL,NULL,NULL,NULL
"2026-05-02","19:00","botola-pro-d1","morocco",55025,"CODM Meknes",55035,"Maghreb AS de Fes","id1000093771169540",NULL,NULL,NULL,NULL,NULL,NULL,NULL,NULL
"2026-05-02","19:00","brasileiro-serie-d","brazil",135510,"EC Agua Santa SP",225938,"AA Portuguesa RJ","id1001533570323112",NULL,NULL,NULL,NULL,NULL,NULL,NULL,NULL
"2026-05-02","19:00","laliga","spain",2820,"CA Osasuna",2817,"FC Barcelona","id1000000861624612",NULL,NULL,NULL,NULL,NULL,NULL,NULL,NULL
"2026-05-02","19:05","ligue-1","france",1661,"OGC Nice",1648,"Racing Club De Lens","id1000003461526568",NULL,NULL,NULL,NULL,NULL,NULL,NULL,NULL
"2026-05-02","19:15","besta-deild","iceland",1899,"Valur Reykjavik",1902,"KR Reykjavik","id1000018868194616",NULL,NULL,NULL,NULL,NULL,NULL,NULL,NULL
"2026-05-02","19:30","segunda-division","chile",555192,"Deportes Colina",434008,"CD Provincial Ovalle FC","id1004228369612812",NULL,NULL,NULL,NULL,NULL,NULL,NULL,NULL
"2026-05-02","19:30","tercera-division","chile",1002181,"Chimbarongo",1261649,"CD Aguara de la Reina","id1004842771175044",NULL,NULL,NULL,NULL,NULL,NULL,NULL,NULL
"2026-05-02","19:30","liga-portugal","portugal",3002,"FC Porto",3012,"FC Alverca SAD","id1000023861731506",NULL,NULL,NULL,NULL,NULL,NULL,NULL,NULL
"2026-05-02","19:30","brasileiro-serie-a2-women","brazil",435218,"3B Sport AM",1206351,"CA Piauiense PI","id1003203968971706",NULL,NULL,NULL,NULL,NULL,NULL,NULL,NULL
"2026-05-02","19:30","segunda-division","venezuela",36435,"Yaracuyanos FC",7746,"Deportivo Lara","id1001730271005436",NULL,NULL,NULL,NULL,NULL,NULL,NULL,NULL
"2026-05-02","20:00","primera-a-apertura","colombia",6115,"Independiente Medellin",48244,"Aguilas Doradas Rionegro","id1002707067698128",NULL,NULL,NULL,NULL,NULL,NULL,NULL,NULL
"2026-05-02","20:00","primera-a-apertura","colombia",6118,"CD Once Caldas",6106,"Atletico Nacional Medellin","id1002707067698134",NULL,NULL,NULL,NULL,NULL,NULL,NULL,NULL
"2026-05-02","20:00","brasileiro-serie-d","brazil",2009,"Moto Club MA",401927,"Iguatu CE","id1001533570320664",NULL,NULL,NULL,NULL,NULL,NULL,NULL,NULL
"2026-05-02","20:00","national-womens-soccer-league","usa",245093,"Orlando Pride",151012,"Washington Spirit","id1000169067912024",NULL,NULL,NULL,NULL,NULL,NULL,NULL,NULL
"2026-05-02","20:00","primera-nacional","argentina",112493,"CA Colegiales",7772,"San Martin de San Juan","id1000070367118356",NULL,NULL,NULL,NULL,NULL,NULL,NULL,NULL
"2026-05-02","20:00","brasileiro-serie-d","brazil",565594,"IF Sao Joseense PR",434706,"Blumenau EC SC","id1001533570323298",NULL,NULL,NULL,NULL,NULL,NULL,NULL,NULL
"2026-05-02","20:00","primera-a-apertura","colombia",6105,"CD Junior FC",6113,"AD Pasto","id1002707067698132",NULL,NULL,NULL,NULL,NULL,NULL,NULL,NULL
"2026-05-02","20:00","segunda-division","chile",7028,"Lota Schwager",308858,"Colchagua CD","id1004228370242028",NULL,NULL,NULL,NULL,NULL,NULL,NULL,NULL
"2026-05-02","20:00","primera-division-clausura","el-salvador",24385,"CD Aguila San Miguel",24388,"CD Luis Angel Firpo Usulutan","id1002709067603986",NULL,NULL,NULL,NULL,NULL,NULL,NULL,NULL
"2026-05-02","20:00","primera-c","argentina",388236,"AD Berazategui",182126,"CA Lugano","id1002617467122840",NULL,NULL,NULL,NULL,NULL,NULL,NULL,NULL
"2026-05-02","20:00","primera-division","venezuela",7745,"Estudiantes de Merida",6231,"Deportivo Tachira","id1000023171172376",NULL,NULL,NULL,NULL,NULL,NULL,NULL,NULL
"2026-05-02","20:00","liga-de-ascenso","honduras",1225885,"CD Hondupino",1225883,"CD Arsenal Sao Cantarranas","id1004585771200534",NULL,NULL,NULL,NULL,NULL,NULL,NULL,NULL
"2026-05-02","20:00","superliga-women","ecuador",791870,"Quito FC",802058,"Csd Macara","id1004676071129810",NULL,NULL,NULL,NULL,NULL,NULL,NULL,NULL
"2026-05-02","20:00","primera-division-clausura","el-salvador",1179385,"Zacatecoluca FC",619716,"Inter Formando UN Atleta","id1002709067603990",NULL,NULL,NULL,NULL,NULL,NULL,NULL,NULL
"2026-05-02","20:00","primera-division-clausura","el-salvador",275241,"Municipal Limeno",502828,"CD. Cacahuatique","id1002709067603988",NULL,NULL,NULL,NULL,NULL,NULL,NULL,NULL
"2026-05-02","20:00","primera-c","argentina",377558,"Yupanqui",377552,"Central Ballester","id1002617467125750",NULL,NULL,NULL,NULL,NULL,NULL,NULL,NULL
"2026-05-02","20:00","primera-b","argentina",388100,"CS Dock Sud",93515,"CA Defensores Unidos","id1000134770996322",NULL,NULL,NULL,NULL,NULL,NULL,NULL,NULL
"2026-05-02","20:00","brasileiro-serie-c","brazil",1972,"Guarani FC SP",1976,"Santa Cruz FC PE","id1000128169254980",NULL,NULL,NULL,NULL,NULL,NULL,NULL,NULL
"2026-05-02","20:00","primera-a-apertura","colombia",6102,"America de Cali",6109,"Deportivo Pereira FC SA","id1002707067698120",NULL,NULL,NULL,NULL,NULL,NULL,NULL,NULL
"2026-05-02","20:00","primera-a-apertura","colombia",6107,"Boyaca Chico FC",89374,"Llaneros FC","id1002707067698122",NULL,NULL,NULL,NULL,NULL,NULL,NULL,NULL
"2026-05-02","20:00","brasileiro-serie-d","brazil",32873,"Uberlandia EC MG",317965,"Operario FC MS","id1001533570322844",NULL,NULL,NULL,NULL,NULL,NULL,NULL,NULL
"2026-05-02","20:00","primera-division-clausura","el-salvador",534017,"CD Fuerte San Francisco Morazan",24383,"Alianza FC San Salvador","id1002709067603992",NULL,NULL,NULL,NULL,NULL,NULL,NULL,NULL
"2026-05-02","20:00","brasileiro-serie-d","brazil",65494,"Real Noroeste ES",1126777,"Porto SC BA","id1001533570322910",NULL,NULL,NULL,NULL,NULL,NULL,NULL,NULL
"2026-05-02","20:00","primera-a-apertura","colombia",6116,"Independiente Santa Fe",1317886,"Internacional de Bogota.","id1002707067772634",NULL,NULL,NULL,NULL,NULL,NULL,NULL,NULL
"2026-05-02","20:00","primera-nacional","argentina",112497,"Club Atletico Los Andes",3207,"Colon de Santa Fe","id1000070367117646",NULL,NULL,NULL,NULL,NULL,NULL,NULL,NULL
"2026-05-02","20:00","primera-c","argentina",182701,"CA Atlas",1314460,"Leones de Rosario FC","id1002617467125762",NULL,NULL,NULL,NULL,NULL,NULL,NULL,NULL
"2026-05-02","20:00","primera-c","argentina",329911,"Canuelas FC",377556,"CA General Lamadrid","id1002617467125760",NULL,NULL,NULL,NULL,NULL,NULL,NULL,NULL
"2026-05-02","20:00","cearense-serie-b","brazil",806652,"Cariri FC CE",39613,"Crato EC CE","id1003666767925350",NULL,NULL,NULL,NULL,NULL,NULL,NULL,NULL
"2026-05-02","20:00","primera-c","argentina",211856,"ASD Justo Jose de Urquiza",184969,"Sacachispas FC","id1002617470990574",NULL,NULL,NULL,NULL,NULL,NULL,NULL,NULL
"2026-05-02","20:00","primera-c","argentina",377570,"CA Claypole",388934,"Club El Porvenir","id1002617467125752",NULL,NULL,NULL,NULL,NULL,NULL,NULL,NULL
"2026-05-02","20:00","primera-division-clausura","el-salvador",1262357,"CD Hercules",24382,"AD Isidro Metapan","id1002709067603982",NULL,NULL,NULL,NULL,NULL,NULL,NULL,NULL
"2026-05-02","20:00","primera-c","argentina",224836,"CA Central Cordoba Rosario",112495,"CA Fenix Pilar","id1002617467125754",NULL,NULL,NULL,NULL,NULL,NULL,NULL,NULL
"2026-05-02","20:00","primera-c","argentina",165914,"CSDC Espanol",165916,"CS Barracas","id1002617467125756",NULL,NULL,NULL,NULL,NULL,NULL,NULL,NULL
"2026-05-02","20:00","primera-a-apertura","colombia",6116,"Independiente Santa Fe",6975,"CD LA Equidad","id1002707067698136",NULL,NULL,NULL,NULL,NULL,NULL,NULL,NULL
"2026-05-02","20:00","primera-division-clausura","el-salvador",24386,"CD FAS Santa Ana",526689,"CD Platense Municipal Zacatecoluca","id1002709067603984",NULL,NULL,NULL,NULL,NULL,NULL,NULL,NULL
"2026-05-02","20:00","primera-c","argentina",354964,"Club Mercedes",377574,"Juventud Unida San Miguel","id1002617470970478",NULL,NULL,NULL,NULL,NULL,NULL,NULL,NULL
"2026-05-02","20:00","lpr-pro","puerto-rico",1290273,"Ds Edusoccer",802932,"Metropolitan FA San Juan","id1004876969289802",NULL,NULL,NULL,NULL,NULL,NULL,NULL,NULL
"2026-05-02","20:00","primera-nacional","argentina",313625,"Mitre Santiago del Estero",112491,"CA Acassuso","id1000070367117640",NULL,NULL,NULL,NULL,NULL,NULL,NULL,NULL
"2026-05-02","20:00","primera-c","argentina",377562,"CA Puerto Nuevo",337371,"CDM Leandro N. Alem","id1002617467122852",NULL,NULL,NULL,NULL,NULL,NULL,NULL,NULL
"2026-05-02","20:00","primera-a-apertura","colombia",89368,"Fortaleza FC",6103,"CA Bucaramanga","id1002707067698126",NULL,NULL,NULL,NULL,NULL,NULL,NULL,NULL
"2026-05-02","20:00","primera-c","argentina",377564,"CA Victoriano Arenas",1074128,"Club Estrella Del Sur (Alejandro Korn)","id1002617467122842",NULL,NULL,NULL,NULL,NULL,NULL,NULL,NULL
"2026-05-02","20:00","primera-b","argentina",112501,"Club Comunicaciones",374916,"CA Ituzaingo","id1000134771017240",NULL,NULL,NULL,NULL,NULL,NULL,NULL,NULL
"2026-05-02","20:00","primera-a-apertura","colombia",6111,"CD Tolima",6112,"Deportivo Cali","id1002707067698124",NULL,NULL,NULL,NULL,NULL,NULL,NULL,NULL
"2026-05-02","20:00","primera-nacional","argentina",5292,"Gimnasia y Esgrima de Jujuy",240854,"CD Maipu","id1000070367118350",NULL,NULL,NULL,NULL,NULL,NULL,NULL,NULL
"2026-05-02","20:15","liga-2","peru",1068816,"FC San Marcos",655769,"CSC Deportivo Llacuabamba","id1001523570806850",NULL,NULL,NULL,NULL,NULL,NULL,NULL,NULL
"2026-05-02","20:15","liga-1","peru",655781,"Asociacion Deportiva Tarma",428219,"Atletico Grau","id1000040670483724",NULL,NULL,NULL,NULL,NULL,NULL,NULL,NULL
"2026-05-02","20:30","mls","usa",5133,"Real Salt Lake",22007,"Portland Timbers","id1000024266299092",NULL,NULL,NULL,NULL,NULL,NULL,NULL,NULL
"2026-05-02","20:30","lpr-pro","puerto-rico",1290271,"San Juan FC",1331262,"Guaynabo","id1004876969289804",NULL,NULL,NULL,NULL,NULL,NULL,NULL,NULL
"2026-05-02","20:30","liga-femenina","colombia",613998,"CA Bucaramanga Sa",613966,"CD Real Santander","id1003628170263284",NULL,NULL,NULL,NULL,NULL,NULL,NULL,NULL
"2026-05-02","20:30","brasileiro-serie-d","brazil",21838,"ABC FC RN",21844,"Central SC PE","id1001533570321590",NULL,NULL,NULL,NULL,NULL,NULL,NULL,NULL
"2026-05-02","20:45","division-de-honor-apertura","paraguay",463345,"Recoleta FC",5991,"Cerro Porteno","id1002709868042462",NULL,NULL,NULL,NULL,NULL,NULL,NULL,NULL
"2026-05-02","21:00","brasileiro-serie-d","brazil",245545,"Tocantinopolis EC TO",21866,"Tuna Luso PA","id1001533570320576",NULL,NULL,NULL,NULL,NULL,NULL,NULL,NULL
"2026-05-02","21:00","brasileiro-serie-d","brazil",34005,"Mixto EC MT",529973,"Capital CF DF","id1001533570320258",NULL,NULL,NULL,NULL,NULL,NULL,NULL,NULL
"2026-05-02","21:00","primera-b","argentina",388242,"CSD San Martin",107201,"CA Brown de Adrogue","id1000134767119276",NULL,NULL,NULL,NULL,NULL,NULL,NULL,NULL
"2026-05-02","21:00","usl-league-one","usa",1218559,"Portland Hearts of Pine",53903,"New York Cosmos","id1002816567171888",NULL,NULL,NULL,NULL,NULL,NULL,NULL,NULL
"2026-05-02","21:00","brasileiro-serie-a2-women","brazil",518550,"CR Vasco da Gama RJ",791034,"Itacoatiara FC AM","id1003203968971718",NULL,NULL,NULL,NULL,NULL,NULL,NULL,NULL
"2026-05-02","21:00","brasileiro-serie-d","brazil",1986,"Gremio Esportivo Brasil",21978,"CN Marcilio Dias SC","id1001533570323300",NULL,NULL,NULL,NULL,NULL,NULL,NULL,NULL
"2026-05-02","21:00","liga-nacional-clausura","guatemala",489698,"Deportivo Mixco",7603,"CSD Coban Imperial","id1002739871148630",NULL,NULL,NULL,NULL,NULL,NULL,NULL,NULL
"2026-05-02","21:00","segunda-division","venezuela",996465,"CS Maritimo de la Guaira",566609,"Monagas SC B","id1001730271005442",NULL,NULL,NULL,NULL,NULL,NULL,NULL,NULL
"2026-05-02","21:00","segunda-division","chile",555206,"CD Trasandino de Los Andes",573181,"Real San Joaquin","id1004228369612816",NULL,NULL,NULL,NULL,NULL,NULL,NULL,NULL
"2026-05-02","21:00","liga-prom","panama",855619,"Herrera FC",784644,"Aguilas de la Universidad de Panama","id1001949071183186",NULL,NULL,NULL,NULL,NULL,NULL,NULL,NULL
"2026-05-02","21:00","liga-panamena-de-futbol-clausura","panama",312014,"Veraguas United FC",168802,"CA Independiente de La Chorrera","id1002710471135246",NULL,NULL,NULL,NULL,NULL,NULL,NULL,NULL
"2026-05-02","21:00","liga-panamena-de-futbol-clausura","panama",781968,"Cocle FC",312000,"Herrera FC","id1002710471135204",NULL,NULL,NULL,NULL,NULL,NULL,NULL,NULL
"2026-05-02","21:00","brasileiro-serie-d","brazil",6962,"EC Noroeste SP",342210,"Marica FC RJ","id1001533570323170",NULL,NULL,NULL,NULL,NULL,NULL,NULL,NULL
"2026-05-02","21:00","u19-premier-league","israel",240836,"Hapoel Ironi Kiryat Shmona",307292,"Hapoel Raanana","id1003619571143324",NULL,NULL,NULL,NULL,NULL,NULL,NULL,NULL
"2026-05-02","21:00","liga-de-ascenso","honduras",792270,"CD Brasilia",792278,"CD Estrella Roja","id1004585771200556",NULL,NULL,NULL,NULL,NULL,NULL,NULL,NULL
"2026-05-02","21:00","usl-championship","usa",538329,"Loudoun United FC",598758,"Oakland Roots SC","id1002816367172524",NULL,NULL,NULL,NULL,NULL,NULL,NULL,NULL
"2026-05-02","21:00","brasileiro-serie-d","brazil",144856,"Lagarto FC SE",931665,"Serra Branca EC PB","id1001533570322092",NULL,NULL,NULL,NULL,NULL,NULL,NULL,NULL
"2026-05-02","21:00","liga-panamena-de-futbol-clausura","panama",25354,"San Francisco FC",73716,"CD Universitario Penonome","id1002710471135244",NULL,NULL,NULL,NULL,NULL,NULL,NULL,NULL
"2026-05-02","21:00","camopeonato-femenino-women","paraguay",791010,"Sportivo San Lorenzo",996203,"Sportivo Trinidense","id1004675871188224",NULL,NULL,NULL,NULL,NULL,NULL,NULL,NULL
"2026-05-02","21:15","division-profesional","bolivia",33714,"Club Aurora",47701,"Guabira Montero","id1003398070379128",NULL,NULL,NULL,NULL,NULL,NULL,NULL,NULL
"2026-05-02","21:30","brasileiro-serie-a","brazil",1963,"SE Palmeiras SP",1968,"Santos FC SP","id1000032566886744",NULL,NULL,NULL,NULL,NULL,NULL,NULL,NULL
"2026-05-02","21:30","brasileiro-serie-b","brazil",49202,"Cuiaba EC MT",1984,"Criciuma EC SC","id1000039068822862",NULL,NULL,NULL,NULL,NULL,NULL,NULL,NULL
"2026-05-02","21:30","primera-division","uruguay",6879,"Liverpool Montevideo",3228,"Danubio FC","id1000027870893168",NULL,NULL,NULL,NULL,NULL,NULL,NULL,NULL
"2026-05-02","21:30","primera-b","chile",308860,"CD Santa Cruz",33596,"Deportes Iquique","id1000124068097864",NULL,NULL,NULL,NULL,NULL,NULL,NULL,NULL
"2026-05-02","21:30","brasileiro-serie-d","brazil",646902,"Goiatuba EC GO",336163,"Uniao EC MT","id1001533570320256",NULL,NULL,NULL,NULL,NULL,NULL,NULL,NULL
"2026-05-02","21:30","brasileiro-serie-a","brazil",1962,"EC Vitoria BA",1982,"Coritiba FC PR","id1000032566886754",NULL,NULL,NULL,NULL,NULL,NULL,NULL,NULL
"2026-05-02","21:55","liga-mx-women-clausura","mexico",340986,"Club America",600136,"FC Juarez","id1002895571168958",NULL,NULL,NULL,NULL,NULL,NULL,NULL,NULL
"2026-05-02","22:00","primera-division","venezuela",6234,"Portuguesa FC",324069,"UCV FC","id1000023171172352",NULL,NULL,NULL,NULL,NULL,NULL,NULL,NULL
"2026-05-02","22:00","paranaense-2-divisao","brazil",32782,"Nacional AC PR",846906,"Patriotas FC PR","id1003943971169090",NULL,NULL,NULL,NULL,NULL,NULL,NULL,NULL
"2026-05-02","22:00","brasileiro-serie-d","brazil",342192,"Sampaio Correa FE RJ",61692,"EC XV de Novembro Piracicaba SP","id1001533570323172",NULL,NULL,NULL,NULL,NULL,NULL,NULL,NULL
"2026-05-02","22:00","brasileiro-serie-d","brazil",21896,"Associacao Portuguesa de Desportos SP",6980,"Madureira RJ","id1001533570323110",NULL,NULL,NULL,NULL,NULL,NULL,NULL,NULL
"2026-05-02","22:00","premier-league","malta",5330,"Birkirkara FC",33572,"Mosta FC","id1000062969998076",NULL,NULL,NULL,NULL,NULL,NULL,NULL,NULL
"2026-05-02","22:00","primera-division-women","chile",684111,"Universidad de Chile",684125,"Universidad de Concepcion","id1004228569254624",NULL,NULL,NULL,NULL,NULL,NULL,NULL,NULL
"2026-05-02","22:00","brasileiro-serie-d","brazil",683979,"Azuriz FC PR",32767,"EC Sao Jose RS","id1001533570323302",NULL,NULL,NULL,NULL,NULL,NULL,NULL,NULL
"2026-05-02","22:00","premier-league","malta",33578,"Zabbar Saint Patrick FC",5331,"Hibernians FC Paola","id1000062969998070",NULL,NULL,NULL,NULL,NULL,NULL,NULL,NULL
"2026-05-02","22:00","brasileiro-serie-d","brazil",538749,"Independencia FC AC",675171,"Porto Velho EC/RO","id1001533570318480",NULL,NULL,NULL,NULL,NULL,NULL,NULL,NULL
"2026-05-02","22:00","usl-championship","usa",437402,"Detroit City FC",206011,"Louisville City FC","id1002816367172520",NULL,NULL,NULL,NULL,NULL,NULL,NULL,NULL
"2026-05-02","22:00","copa-espirito-santo","brazil",34013,"Serra FC ES",572499,"SC Brasil Capixaba ES","id1004681170703474",NULL,NULL,NULL,NULL,NULL,NULL,NULL,NULL
"2026-05-02","22:00","mls-next-pro","usa",1105885,"Carolina Core FC",414325,"Atlanta United 2","id1003647968156550",NULL,NULL,NULL,NULL,NULL,NULL,NULL,NULL
"2026-05-02","22:30","brasileiro-serie-d","brazil",1978,"SE Gama DF",40161,"Luverdense EC MT","id1001533570319958",NULL,NULL,NULL,NULL,NULL,NULL,NULL,NULL
"2026-05-02","22:30","division-honor","aruba",597398,"Sporting Aruba",414843,"SV Britannia","id1005104670949510",NULL,NULL,NULL,NULL,NULL,NULL,NULL,NULL
"2026-05-02","22:30","national-womens-soccer-league","usa",49787,"North Carolina Courage",781494,"Kansas City NWSL","id1000169067912026",NULL,NULL,NULL,NULL,NULL,NULL,NULL,NULL
"2026-05-02","22:30","brasileiro-serie-c","brazil",2017,"AD Confianca SE",135526,"AA Internacional Limeira SP","id1000128169254984",NULL,NULL,NULL,NULL,NULL,NULL,NULL,NULL
"2026-05-02","22:30","liga-1","peru",2301,"CS Cienciano",241860,"Comerciantes Unidos","id1000040670483726",NULL,NULL,NULL,NULL,NULL,NULL,NULL,NULL
"2026-05-02","23:00","division-de-honor-apertura","paraguay",36438,"Rubio Nu",5998,"Sportivo Luqueno","id1002709868042466",NULL,NULL,NULL,NULL,NULL,NULL,NULL,NULL
"2026-05-02","23:00","usl-championship","usa",22004,"Charleston Battery",1232493,"Sporting Jax","id1002816367172518",NULL,NULL,NULL,NULL,NULL,NULL,NULL,NULL
"2026-05-02","23:00","usl-championship","usa",23635,"Pittsburgh Riverhounds",154018,"Phoenix Rising FC","id1002816367172528",NULL,NULL,NULL,NULL,NULL,NULL,NULL,NULL
"2026-05-02","23:00","mls","usa",659691,"Inter Miami CF",52237,"Orlando City SC","id1000024266299094",NULL,NULL,NULL,NULL,NULL,NULL,NULL,NULL
"2026-05-02","23:00","usl-league-one","usa",1218557,"FC Naples",874807,"One Knoxville SC","id1002816567171892",NULL,NULL,NULL,NULL,NULL,NULL,NULL,NULL
"2026-05-02","23:00","camopeonato-femenino-women","paraguay",381954,"Cerro Porteno",585603,"Club Olimpia","id1004675871188246",NULL,NULL,NULL,NULL,NULL,NULL,NULL,NULL
"2026-05-02","23:00","mls-next-pro","usa",153486,"Chattanooga FC",999247,"Huntsville City FC","id1003647968156552",NULL,NULL,NULL,NULL,NULL,NULL,NULL,NULL
"2026-05-02","23:00","primera-b","colombia",6119,"Real Cartagena FC",89352,"Bogota FC","id1000123870989782",NULL,NULL,NULL,NULL,NULL,NULL,NULL,NULL
"2026-05-02","23:00","usl-championship","usa",253137,"Miami FC",1312976,"Brooklyn FC","id1002816367172526",NULL,NULL,NULL,NULL,NULL,NULL,NULL,NULL
"2026-05-02","23:00","primera-b","argentina",36840,"Deportivo Merlo",93525,"Argentino de Quilmes","id1000134770943768",NULL,NULL,NULL,NULL,NULL,NULL,NULL,NULL
"2026-05-02","23:00","primera-nacional","argentina",23950,"San Martin de Tucuman",34976,"Atletico de Rafaela","id1000070367118366",NULL,NULL,NULL,NULL,NULL,NULL,NULL,NULL
"2026-05-02","23:30","mls","usa",39833,"Philadelphia Union",668063,"Nashville SC","id1000024266299104",NULL,NULL,NULL,NULL,NULL,NULL,NULL,NULL
"2026-05-02","23:30","usl-championship","usa",41617,"Tampa Bay Rowdies",148992,"Indy Eleven","id1002816367172536",NULL,NULL,NULL,NULL,NULL,NULL,NULL,NULL
"2026-05-02","23:30","brasileiro-serie-a","brazil",1967,"CA Paranaense PR",5926,"Gremio FB Porto Alegrense RS","id1000032566886752",NULL,NULL,NULL,NULL,NULL,NULL,NULL,NULL
"2026-05-02","23:30","segunda-division","uruguay",3223,"CA Fenix Montevideo",227294,"Club Oriental de Football","id1000190871180658",NULL,NULL,NULL,NULL,NULL,NULL,NULL,NULL
"2026-05-02","23:30","division-profesional","bolivia",33820,"Oriente Petrolero",613958,"CD Real Tomayapo","id1003398070379130",NULL,NULL,NULL,NULL,NULL,NULL,NULL,NULL
"2026-05-02","23:30","mls","usa",2504,"Columbus Crew",41618,"Minnesota United FC","id1000024266299098",NULL,NULL,NULL,NULL,NULL,NULL,NULL,NULL
"2026-05-02","23:30","usl-league-one","usa",991617,"Sarasota Paradise",538317,"Forward Madison FC","id1002816567171894",NULL,NULL,NULL,NULL,NULL,NULL,NULL,NULL
"2026-05-02","23:30","usl-league-one","usa",677609,"Fort Wayne FC",206009,"Charlotte Independence","id1002816566802048",NULL,NULL,NULL,NULL,NULL,NULL,NULL,NULL
"2026-05-02","23:30","usl-super-league-women","usa",1166965,"Fort Lauderdale United FC",1166969,"Tampa Bay Sun FC","id1004343962509048",NULL,NULL,NULL,NULL,NULL,NULL,NULL,NULL
"2026-05-02","23:30","mls","usa",305920,"Atlanta United FC",22006,"CF Montreal","id1000024266299096",NULL,NULL,NULL,NULL,NULL,NULL,NULL,NULL
"2026-05-02","23:30","mls","usa",2511,"New England Revolution",863473,"Charlotte FC","id1000024266299100",NULL,NULL,NULL,NULL,NULL,NULL,NULL,NULL
"2026-05-02","23:30","brasileiro-serie-b","brazil",2020,"Fortaleza EC CE",1960,"Goias EC GO","id1000039068822854",NULL,NULL,NULL,NULL,NULL,NULL,NULL,NULL
"2026-05-02","23:30","usl-championship","usa",1092285,"Rhode Island FC",538325,"Birmingham Legion FC","id1002816367172530",NULL,NULL,NULL,NULL,NULL,NULL,NULL,NULL
"2026-05-02","23:30","mls","usa",2506,"New York Red Bulls",2512,"FC Dallas","id1000024266299102",NULL,NULL,NULL,NULL,NULL,NULL,NULL,NULL
"2026-05-03","00:00","brasileiro-serie-a","brazil",1954,"Cruzeiro EC MG",1977,"Atletico Mineiro MG","id1000032566886748",NULL,NULL,NULL,NULL,NULL,NULL,NULL,NULL
"2026-05-03","00:00","liga-nacional-clausura","guatemala",7024,"Comunicaciones FC ",163296,"Antigua GFC","id1002739871148632",NULL,NULL,NULL,NULL,NULL,NULL,NULL,NULL
"2026-05-03","00:00","copa-de-la-liga","chile",7029,"Nublense",3167,"Cobresal","id1005074070758856",NULL,NULL,NULL,NULL,NULL,NULL,NULL,NULL
"2026-05-03","00:00","usl-league-one","usa",668761,"Union Omaha SC",538319,"Greenville Triumph SC","id1002816567171890",NULL,NULL,NULL,NULL,NULL,NULL,NULL,NULL
"2026-05-03","00:00","primera-division","venezuela",266595,"Academia Puerto Cabello",36437,"Deportivo La Guaira","id1000023171172354",NULL,NULL,NULL,NULL,NULL,NULL,NULL,NULL
"2026-05-03","00:00","primera-b","chile",3154,"CSD Rangers",3158,"Puerto Montt","id1000124068097870",NULL,NULL,NULL,NULL,NULL,NULL,NULL,NULL
"2026-05-03","00:00","mls-next-pro","usa",885973,"Minnesota United FC 2",885971,"Saint Louis City SC 2","id1003647968156548",NULL,NULL,NULL,NULL,NULL,NULL,NULL,NULL
"2026-05-03","00:15","liga-mx-women-clausura","mexico",334061,"CF Monterrey",334055,"Cruz Azul","id1002895571168960",NULL,NULL,NULL,NULL,NULL,NULL,NULL,NULL
"2026-05-03","00:15","u23-victoria-npl","australia",1097017,"Avondale FC",1097041,"Caroline Springs George Cross FC","id1004567368161298",NULL,NULL,NULL,NULL,NULL,NULL,NULL,NULL
"2026-05-03","00:15","liga-profesional","argentina",3211,"CA River Plate (ARG)",36833,"Atletico Tucuman","id1000015569857844",NULL,NULL,NULL,NULL,NULL,NULL,NULL,NULL
"2026-05-03","00:30","mls","usa",2508,"Houston Dynamo",2510,"Colorado Rapids","id1000024266299108",NULL,NULL,NULL,NULL,NULL,NULL,NULL,NULL
"2026-05-03","00:30","usl-league-one","usa",434122,"Corpus Christi FC",1092287,"Spokane Velocity FC","id1002816566801898",NULL,NULL,NULL,NULL,NULL,NULL,NULL,NULL
"2026-05-03","00:30","liga-profesional","argentina",3215,"Racing Club Avellaneda",7629,"CA Huracan","id1000015569857836",NULL,NULL,NULL,NULL,NULL,NULL,NULL,NULL
"2026-05-03","00:30","usl-championship","usa",250005,"San Antonio FC",206017,"Colorado Springs Switchbacks FC","id1002816367172534",NULL,NULL,NULL,NULL,NULL,NULL,NULL,NULL
"2026-05-03","00:30","mls-next-pro","usa",538323,"North Texas SC",999245,"Austin FC II","id1003647968156554",NULL,NULL,NULL,NULL,NULL,NULL,NULL,NULL
"2026-05-03","00:30","liga-profesional","argentina",3203,"CA Belgrano de Cordoba",42338,"CA Sarmiento Junin","id1000015569857842",NULL,NULL,NULL,NULL,NULL,NULL,NULL,NULL
"2026-05-03","00:30","mls","usa",2505,"Chicago Fire",245305,"FC Cincinnati","id1000024266299106",NULL,NULL,NULL,NULL,NULL,NULL,NULL,NULL
"2026-05-03","00:30","national-league","new-zealand",792196,"FC Western",792420,"Island Bay United","id1000059469462602",NULL,NULL,NULL,NULL,NULL,NULL,NULL,NULL
"2026-05-03","00:30","lpr-pro","puerto-rico",1290263,"Puerto Rico Surf SC",1290261,"Caguas Sporting FC","id1004876969289806",NULL,NULL,NULL,NULL,NULL,NULL,NULL,NULL
"2026-05-03","00:45","national-womens-soccer-league","usa",874721,"Angel City FC",417001,"Utah Royals FC","id1000169067912028",NULL,NULL,NULL,NULL,NULL,NULL,NULL,NULL
"2026-05-03","01:00","liga-mx-women-clausura","mexico",334075,"CF Tigres UANL",334057,"Deportivo Toluca FC","id1002895571168962",NULL,NULL,NULL,NULL,NULL,NULL,NULL,NULL
"2026-05-03","01:00","liga-profesional","argentina",3204,"Union de Santa Fe",3210,"CA Talleres de Cordoba","id1000015569857824",NULL,NULL,NULL,NULL,NULL,NULL,NULL,NULL
"2026-05-03","01:00","usl-league-one","usa",1312978,"AC Boise",538315,"Chattanooga Red Wolves SC","id1002816567171896",NULL,NULL,NULL,NULL,NULL,NULL,NULL,NULL
"2026-05-03","01:00","northern-nsw-npl-reserves","australia",776862,"Kahibah FC Reserve",740563,"Broadmeadow Magic FC Reserve","id1004577167808440",NULL,NULL,NULL,NULL,NULL,NULL,NULL,NULL
"2026-05-03","01:00","usl-super-league-women","usa",1166967,"Spokane Zephyr FC",991815,"Lexington SC","id1004343962509050",NULL,NULL,NULL,NULL,NULL,NULL,NULL,NULL
"2026-05-03","01:00","liga-1","peru",2311,"Alianza Lima",1084092,"CD Moquegua","id1000040670483728",NULL,NULL,NULL,NULL,NULL,NULL,NULL,NULL
"2026-05-03","01:00","liga-profesional","argentina",3217,"CA Rosario Central",7628,"CA Tigre","id1000015569857826",NULL,NULL,NULL,NULL,NULL,NULL,NULL,NULL
"2026-05-03","01:00","liga-prom","panama",1222727,"La Familia FC",781964,"Rayados De Chiriqui","id1001949071183190",NULL,NULL,NULL,NULL,NULL,NULL,NULL,NULL
"2026-05-03","01:00","liga-mx-clausura","mexico",1940,"Tigres UANL",1938,"CD Guadalajara","id1002746671134630",NULL,NULL,NULL,NULL,NULL,NULL,NULL,NULL
"2026-05-03","01:30","liga-panamena-de-futbol-clausura","panama",36406,"CD Arabe Unido",168806,"CD Plaza Amador Panama City","id1002710471135248",NULL,NULL,NULL,NULL,NULL,NULL,NULL,NULL
"2026-05-03","01:30","liga-panamena-de-futbol-clausura","panama",784754,"Umecit",24064,"Tauro FC","id1002710471135250",NULL,NULL,NULL,NULL,NULL,NULL,NULL,NULL
"2026-05-03","01:30","liga-panamena-de-futbol-clausura","panama",168798,"Alianza FC Panama",108211,"AF Sporting San Miguelito","id1002710471135252",NULL,NULL,NULL,NULL,NULL,NULL,NULL,NULL
"2026-05-03","01:30","mls","usa",1217911,"San Diego FC",402227,"Los Angeles FC","id1000024266299110",NULL,NULL,NULL,NULL,NULL,NULL,NULL,NULL
"2026-05-03","02:00","national-league","new-zealand",687381,"Cashmere Technical",592980,"Christchurch United FC","id1000059469463260",NULL,NULL,NULL,NULL,NULL,NULL,NULL,NULL
"2026-05-03","02:00","liga-premier-serie-a","mexico",36522,"Alacranes de Durango",835668,"Halcones FC","id1004053371170524",NULL,NULL,NULL,NULL,NULL,NULL,NULL,NULL
"2026-05-03","02:00","primera-division-clausura","costa-rica",7044,"CS Cartagines",7045,"CS Herediano","id1002709471135050",NULL,NULL,NULL,NULL,NULL,NULL,NULL,NULL
"2026-05-03","02:00","primera-division","guatemala",1037819,"Nueva Santa Rosa Cdf",473343,"Deportivo San Pedro","id1004800071130480",NULL,NULL,NULL,NULL,NULL,NULL,NULL,NULL
"2026-05-03","02:00","u20-victoria-npl-women","australia",1320602,"Melbourne Victory FC U20",1097097,"Bentleigh Greens SC U20","id1004568168159786",NULL,NULL,NULL,NULL,NULL,NULL,NULL,NULL
"2026-05-03","02:00","usl-championship","usa",153498,"Sacramento Republic FC",235850,"Orange County SC","id1002816367172532",NULL,NULL,NULL,NULL,NULL,NULL,NULL,NULL
"2026-05-03","02:00","national-league","new-zealand",687379,"Nelson Suburbs FC",599902,"Nomads United AFC","id1000059469463262",NULL,NULL,NULL,NULL,NULL,NULL,NULL,NULL
"2026-05-03","02:30","mls","usa",2513,"Los Angeles Galaxy",22010,"Vancouver Whitecaps FC","id1000024266299112",NULL,NULL,NULL,NULL,NULL,NULL,NULL,NULL
"2026-05-03","02:30","usl-league-one","usa",1218555,"Av Alta FC",334459,"South Georgia Tormenta FC","id1002816567171886",NULL,NULL,NULL,NULL,NULL,NULL,NULL,NULL
"2026-05-03","02:30","usl-championship","usa",412157,"Las Vegas Lights",980885,"Lexington SC","id1002816367172522",NULL,NULL,NULL,NULL,NULL,NULL,NULL,NULL
"2026-05-03","02:30","ligapro-primera-a","ecuador",5257,"LDU Quito",171976,"Guayaquil City FC","id1000024068687612",NULL,NULL,NULL,NULL,NULL,NULL,NULL,NULL
"2026-05-03","03:00","northern-nsw-npl","australia",431883,"Kahibah FC",136218,"Broadmeadow Magic FC","id1000163867807364",NULL,NULL,NULL,NULL,NULL,NULL,NULL,NULL
"2026-05-03","03:00","northern-nsw-npl-reserves","australia",730345,"Weston Bears FC",740565,"Edgeworth FC Reserve","id1004577167808442",NULL,NULL,NULL,NULL,NULL,NULL,NULL,NULL
"2026-05-03","03:00","u20-nsw-npl","australia",364628,"Wollongong Wolves FC",736397,"Rockdale Ilinden FC","id1003235367693026",NULL,NULL,NULL,NULL,NULL,NULL,NULL,NULL
"2026-05-03","03:15","liga-mx-clausura","mexico",1949,"Atlas FC",1947,"CF Cruz Azul","id1002746671134638",NULL,NULL,NULL,NULL,NULL,NULL,NULL,NULL
"2026-05-03","03:15","south-australia-state-league-2-reserves","australia",1319596,"Elizabeth Downs SC Reserve",1320742,"Salisbury United Reserve 2","id1004565568050506",NULL,NULL,NULL,NULL,NULL,NULL,NULL,NULL
"2026-05-03","04:00","jleague-2","japan",118478,"Vanraure Hachinohe FC",21906,"Thespakusatsu","id1000040267647956",NULL,NULL,NULL,NULL,NULL,NULL,NULL,NULL
"2026-05-03","04:00","we-league-women","japan",249391,"JEF United Ichihara Chiba",364278,"Cerezo Osaka Sakai Ladies","id1003459067266598",NULL,NULL,NULL,NULL,NULL,NULL,NULL,NULL
"2026-05-03","04:00","jleague-2","japan",26011,"Matsumoto Yamaga FC",5762,"Ventforet Kofu","id1000040267648118",NULL,NULL,NULL,NULL,NULL,NULL,NULL,NULL
"2026-05-03","04:00","nadeshiko-league-div-1-women","japan",249399,"Iga FC Kunoichi",249405,"Okayama Yunogo Belle","id1000252968728620",NULL,NULL,NULL,NULL,NULL,NULL,NULL,NULL
"2026-05-03","04:00","nadeshiko-league-div-1-women","japan",414543,"Shizuoka SSU Bonita",858229,"Viamaterasu Miyazaki","id1000252968728618",NULL,NULL,NULL,NULL,NULL,NULL,NULL,NULL
"2026-05-03","04:00","tasmania-super-league-women","australia",422875,"South Hobart FC",431543,"Launceston City","id1003236568686918",NULL,NULL,NULL,NULL,NULL,NULL,NULL,NULL
"2026-05-03","04:00","nadeshiko-league-div-2-women","japan",249401,"Speranza Osaka",858231,"Diosa Izumo FC","id1002423571175098",NULL,NULL,NULL,NULL,NULL,NULL,NULL,NULL
"2026-05-03","04:00","nadeshiko-league-div-1-women","japan",371250,"NHK Spring Yokohama FC Seagulls",371256,"Nittaidai FC","id1000252968728616",NULL,NULL,NULL,NULL,NULL,NULL,NULL,NULL
"2026-05-03","04:05","we-league-women","japan",806076,"Sanfrecce Hiroshima Regina",249393,"Tokyo Verdy Beleza","id1003459067266606",NULL,NULL,NULL,NULL,NULL,NULL,NULL,NULL
"2026-05-03","04:30","u23-queensland-npl","australia",781756,"Olympic Football Club",781806,"Magic United TFA","id1004553371112050",NULL,NULL,NULL,NULL,NULL,NULL,NULL,NULL
"2026-05-03","04:30","tasmania-southern-championship","australia",547123,"South East United FC",424555,"Hobart United FC","id1004671868686520",NULL,NULL,NULL,NULL,NULL,NULL,NULL,NULL
"2026-05-03","04:30","capital-npl-women","australia",431795,"Canberra Olympic",431791,"West Canberra Wanderers FC","id1003234969195308",NULL,NULL,NULL,NULL,NULL,NULL,NULL,NULL
"2026-05-03","04:30","tasmania-southern-championship","australia",782336,"South East United 2",424555,"Hobart United FC","id1004671870068064",NULL,NULL,NULL,NULL,NULL,NULL,NULL,NULL
"2026-05-03","04:30","nsw-npl-1","australia",2939,"Sydney United 58 FC",2938,"Sydney Olympic FC","id1000127467690836",NULL,NULL,NULL,NULL,NULL,NULL,NULL,NULL
"2026-05-03","04:30","nsw-league-one","australia",1223361,"St George FC",1223349,"Inter Lions FC","id1003331567694576",NULL,NULL,NULL,NULL,NULL,NULL,NULL,NULL
"2026-05-03","04:40","nsw-premier-league-women","australia",771204,"Bulls FC Academy",730449,"Apia Leichhardt FC","id1003235167692572",NULL,NULL,NULL,NULL,NULL,NULL,NULL,NULL
"2026-05-03","05:00","jleague-2","japan",38140,"Fukushima United FC",5130,"RB Omiya Ardija","id1000040267648120",NULL,NULL,NULL,NULL,NULL,NULL,NULL,NULL
"2026-05-03","05:00","k-league-2","republic-of-korea",7644,"Daegu FC",22020,"Gyeongnam FC","id1000077768046476",NULL,NULL,NULL,NULL,NULL,NULL,NULL,NULL
"2026-05-03","05:00","we-league-women","japan",249389,"Urawa Red Diamonds",249387,"Mynavi Sendai Ladies","id1003459067266596",NULL,NULL,NULL,NULL,NULL,NULL,NULL,NULL
"2026-05-03","05:00","nsw-league-one","australia",1223341,"Blacktown Spartans FC",1223345,"Central Coast Mariners","id1003331567694580",NULL,NULL,NULL,NULL,NULL,NULL,NULL,NULL
"2026-05-03","05:00","nsw-league-one","australia",1264935,"Newcastle Jet U23",1223351,"Marconi Stallions","id1003331567694582",NULL,NULL,NULL,NULL,NULL,NULL,NULL,NULL
"2026-05-03","05:00","jleague-2","japan",21903,"Roasso Kumamoto",439336,"Reilac Shiga FC","id1000040267648436",NULL,NULL,NULL,NULL,NULL,NULL,NULL,NULL
"2026-05-03","05:00","victoria-premier-league-women","australia",569849,"Melbourne University SC",784596,"Bayside Argonauts FC","id1004567168161984",NULL,NULL,NULL,NULL,NULL,NULL,NULL,NULL
"2026-05-03","05:00","queensland-premier-league-1-women","australia",877539,"Palm Beach SC",982191,"North Lakes United","id1004554767904942",NULL,NULL,NULL,NULL,NULL,NULL,NULL,NULL
"2026-05-03","05:00","jleague-2","japan",40029,"Giravanz Kitakyushu",5129,"Oita Trinita","id1000040267648434",NULL,NULL,NULL,NULL,NULL,NULL,NULL,NULL
"2026-05-03","05:00","jleague-2","japan",5128,"Albirex Niigata",38157,"Kamatamare Sanuki","id1000040267648278",NULL,NULL,NULL,NULL,NULL,NULL,NULL,NULL
"2026-05-03","05:00","k-league-2","republic-of-korea",202343,"Hwaseong FC",319507,"Ansan Greeners FC","id1000077768046478",NULL,NULL,NULL,NULL,NULL,NULL,NULL,NULL
"2026-05-03","05:00","we-league-women","japan",249403,"INAC Kobe Leonessa",249397,"AC Nagano Parceiro","id1003459067266604",NULL,NULL,NULL,NULL,NULL,NULL,NULL,NULL
"2026-05-03","05:00","northern-nsw-npl","australia",136232,"Weston Bears FC",136222,"Edgeworth FC","id1000163867807366",NULL,NULL,NULL,NULL,NULL,NULL,NULL,NULL
"2026-05-03","05:00","jleague-2","japan",79907,"FC Imabari",38148,"Nara Club","id1000040267648276",NULL,NULL,NULL,NULL,NULL,NULL,NULL,NULL
"2026-05-03","05:00","jleague-2","japan",21902,"Montedio Yamagata",26009,"Tochigi SC","id1000040267647958",NULL,NULL,NULL,NULL,NULL,NULL,NULL,NULL
"2026-05-03","05:00","victoria-premier-league-women","australia",1242953,"Banyule City SC",1242973,"FC Clifton Hill","id1004567168161980",NULL,NULL,NULL,NULL,NULL,NULL,NULL,NULL
"2026-05-03","05:00","nsw-premier-league-women","australia",551809,"Macarthur Rams",771206,"Gladesville Ravens","id1003235167692574",NULL,NULL,NULL,NULL,NULL,NULL,NULL,NULL
"2026-05-03","05:00","k-league-2","republic-of-korea",191070,"Seoul E-Land FC",202341,"Gimpo FC","id1000077768046480",NULL,NULL,NULL,NULL,NULL,NULL,NULL,NULL
"2026-05-03","05:00","victoria-premier-league-women","australia",342692,"Geelong Galaxy United FC",1242957,"Manningham United Blues FC","id1004567168161982",NULL,NULL,NULL,NULL,NULL,NULL,NULL,NULL
"2026-05-03","05:00","nsw-league-one-women","australia",771210,"SD Raiders FC",680237,"Sutherland Strikers","id1003248367693900",NULL,NULL,NULL,NULL,NULL,NULL,NULL,NULL
"2026-05-03","05:00","nsw-npl-1","australia",2940,"Wollongong Wolves FC",92210,"Rockdale Ilinden FC","id1000127467690834",NULL,NULL,NULL,NULL,NULL,NULL,NULL,NULL
"2026-05-03","05:00","capital-npl-women","australia",431787,"Belconnen United",431785,"Canberra Croatia FC","id1003234969195310",NULL,NULL,NULL,NULL,NULL,NULL,NULL,NULL
"2026-05-03","05:00","victoria-npl-women","australia",1320590,"Melbourne Victory FC Youth",1096647,"Bentleigh Greens SC","id1001690468162356",NULL,NULL,NULL,NULL,NULL,NULL,NULL,NULL
"2026-05-03","05:00","jleague-2","japan",38138,"Zweigen Kanazawa",34035,"Kataller Toyama","id1000040268664142",NULL,NULL,NULL,NULL,NULL,NULL,NULL,NULL
"2026-05-03","05:00","nadeshiko-league-div-1-women","japan",371254,"Sfida Setagaya FC",1254683,"Vonds Ichihara FC","id1000252968728622",NULL,NULL,NULL,NULL,NULL,NULL,NULL,NULL
"2026-05-03","05:00","nsw-league-one","australia",1223339,"Blacktown City FC",1223343,"Camden Tigers FC","id1003331567694578",NULL,NULL,NULL,NULL,NULL,NULL,NULL,NULL
"2026-05-03","05:00","u23-nsw-npl-women","australia",1223317,"Manly United FC",1223333,"UNSW FC","id1003331367694216",NULL,NULL,NULL,NULL,NULL,NULL,NULL,NULL
"2026-05-03","05:00","jleague","japan",3139,"Tokyo Verdy",3140,"Kashiwa Reysol","id1000019667645530",NULL,NULL,NULL,NULL,NULL,NULL,NULL,NULL
"2026-05-03","05:00","ligapro-primera-a","ecuador",5250,"Barcelona SC",33561,"Manta FC","id1000024068687622",NULL,NULL,NULL,NULL,NULL,NULL,NULL,NULL
"2026-05-03","05:15","u20-victoria-npl-women","australia",1320606,"Avondale FC U20",1097103,"Box Hill United FC U20","id1004568168159788",NULL,NULL,NULL,NULL,NULL,NULL,NULL,NULL
"2026-05-03","05:30","south-australia-state-league-2","australia",424621,"Elizabeth Downs SC",424615,"Salisbury International SC","id1004564168049170",NULL,NULL,NULL,NULL,NULL,NULL,NULL,NULL
"2026-05-03","05:30","u23-nsw-npl-women","australia",1223347,"Hills United FC",1223325,"Northern Tigers","id1003331367694220",NULL,NULL,NULL,NULL,NULL,NULL,NULL,NULL
"2026-05-03","06:00","queensland-npl-women","australia",334581,"Souths Strikers",344382,"Capalaba FC","id1001827067904726",NULL,NULL,NULL,NULL,NULL,NULL,NULL,NULL
"2026-05-03","06:00","queensland-npl-women","australia",342730,"Sunshine Coast Wanderers FC",686279,"Brisbane City FC","id1001827067904728",NULL,NULL,NULL,NULL,NULL,NULL,NULL,NULL
"2026-05-03","06:00","queensland-premier-league-2","australia",313167,"Samford Rangers",137386,"SWQ Thunder FC","id1003395067904134",NULL,NULL,NULL,NULL,NULL,NULL,NULL,NULL
"2026-05-03","06:00","capital-npl-women","australia",425587,"Tuggeranong United FC",1247755,"Majura FC","id1003234969195312",NULL,NULL,NULL,NULL,NULL,NULL,NULL,NULL
"2026-05-03","06:00","jleague","japan",3141,"Cerezo Osaka",3143,"Avispa Fukuoka","id1000019667645042",NULL,NULL,NULL,NULL,NULL,NULL,NULL,NULL
"2026-05-03","06:30","u20-nsw-npl","australia",339023,"Sydney United 58 FC",364614,"Sydney Olympic FC","id1003235367693028",NULL,NULL,NULL,NULL,NULL,NULL,NULL,NULL
"2026-05-03","06:30","u23-northern-territory-premier-league-women","australia",1339878,"Hellenic AC U23",1339876,"Darwin Olympic SC U23","id1005106270954336",NULL,NULL,NULL,NULL,NULL,NULL,NULL,NULL
"2026-05-03","06:30","nsw-league-one-women","australia",771194,"St George FC",771212,"Inter Lions FC","id1003248367693902",NULL,NULL,NULL,NULL,NULL,NULL,NULL,NULL
"2026-05-03","06:30","northern-territory-division-3","australia",1344650,"Azzurri United FC B Div 3",1339850,"Mindil Aces FC Div 3","id1004994271006248",NULL,NULL,NULL,NULL,NULL,NULL,NULL,NULL
"2026-05-03","06:30","northern-territory-premier-league","australia",427283,"Mindil Aces",427281,"Casuarina FC","id1004994071127890",NULL,NULL,NULL,NULL,NULL,NULL,NULL,NULL
"2026-05-03","07:00","queensland-premier-league-2","australia",309548,"Grange Thistle",313129,"Pine Hills","id1003395067904136",NULL,NULL,NULL,NULL,NULL,NULL,NULL,NULL
"2026-05-03","07:00","premier-league","mongolia",725959,"Khovd FC",725953,"Central Stallions FC","id1002862370993834",NULL,NULL,NULL,NULL,NULL,NULL,NULL,NULL
"2026-05-03","07:00","nsw-league-one-women","australia",1223303,"Newcastle Jets Youth",751299,"Marconi Stallions","id1003248367693908",NULL,NULL,NULL,NULL,NULL,NULL,NULL,NULL
"2026-05-03","07:00","u23-nsw-npl-women","australia",1252107,"Bulls FC Academy U23",1223307,"APIA Leichhardt FC","id1003331367694222",NULL,NULL,NULL,NULL,NULL,NULL,NULL,NULL
"2026-05-03","07:00","u23-nsw-npl-women","australia",1223315,"Macarthur Rams",1223311,"Gladesville Ravens","id1003331367694224",NULL,NULL,NULL,NULL,NULL,NULL,NULL,NULL
"2026-05-03","07:00","npl-western-australia-women","australia",434266,"Fremantle City FC",344824,"Hyundai NTC","id1003236969767356",NULL,NULL,NULL,NULL,NULL,NULL,NULL,NULL
"2026-05-03","07:00","premier-league","hong-kong-china",180864,"Hong Kong FC",78449,"Southern District Football Club","id1000094770813632",NULL,NULL,NULL,NULL,NULL,NULL,NULL,NULL
"2026-05-03","07:00","nsw-league-one-women","australia",568241,"Blacktown Spartans FC",1319624,"Central Coast Mariners Academy","id1003248367693906",NULL,NULL,NULL,NULL,NULL,NULL,NULL,NULL
"2026-05-03","07:00","nsw-premier-league-women","australia",468643,"Manly United FC",771202,"Unsw FC","id1003235167692576",NULL,NULL,NULL,NULL,NULL,NULL,NULL,NULL
"2026-05-03","07:00","nsw-league-one","australia",1223355,"SD Raiders FC",1223363,"Sutherland Strikers","id1003331567694584",NULL,NULL,NULL,NULL,NULL,NULL,NULL,NULL
"2026-05-03","07:00","1-liga","russia",2340,"FC Ska-Khabarovsk",74241,"FK Ufa","id1000020471048118",NULL,NULL,NULL,NULL,NULL,NULL,NULL,NULL
"2026-05-03","07:00","nsw-league-one-women","australia",978871,"Blacktown City FC",978873,"Camden Tigers FC","id1003248367693904",NULL,NULL,NULL,NULL,NULL,NULL,NULL,NULL
"2026-05-03","07:00","jleague","japan",3134,"Kashima Antlers",44409,"Machida Zelvia","id1000019667645532",NULL,NULL,NULL,NULL,NULL,NULL,NULL,NULL
"2026-05-03","07:00","nsw-premier-league-women","australia",978877,"Western City Rangers FC",1223305,"Western Sydney Wanderers Youth","id1003235167692578",NULL,NULL,NULL,NULL,NULL,NULL,NULL,NULL
"2026-05-03","07:00","queensland-npl-women","australia",406873,"Queenland Lions FC",342742,"Eastern Suburbs FC","id1001827067904720",NULL,NULL,NULL,NULL,NULL,NULL,NULL,NULL
"2026-05-03","07:00","npl-western-australia-women","australia",731941,"Sorrento FC",339345,"Balcatta FC","id1003236969767354",NULL,NULL,NULL,NULL,NULL,NULL,NULL,NULL
"2026-05-03","07:00","u23-nsw-npl-women","australia",1223321,"Western City Rangers FC",1223335,"Western Sydney Wanderers","id1003331367694218",NULL,NULL,NULL,NULL,NULL,NULL,NULL,NULL
"2026-05-03","07:00","turkey-super-lig-srl","simulated-reality-league",743993,"Fatih Karagumruk SK Srl",697181,"Genclerbirligi SK SRL","id1003222571113826",NULL,NULL,NULL,NULL,NULL,NULL,NULL,NULL
"2026-05-03","07:00","eredivisie-srl","simulated-reality-league",1044109,"FC Volendam Srl",702155,"SC Heerenveen SRL","id1003237771077418",NULL,NULL,NULL,NULL,NULL,NULL,NULL,NULL
"2026-05-03","07:00","premier-league","mongolia",725951,"Khovd Western",331541,"Deren","id1002862370993836",NULL,NULL,NULL,NULL,NULL,NULL,NULL,NULL
"2026-05-03","07:30","1-division","hong-kong-china",56041,"Citizen AA",193604,"Shatin","id1001922469806770",NULL,NULL,NULL,NULL,NULL,NULL,NULL,NULL
"2026-05-03","07:30","k-league-2","republic-of-korea",41263,"Cheonan City FC",676363,"Chungnam Asan FC","id1000077768046482",NULL,NULL,NULL,NULL,NULL,NULL,NULL,NULL
"2026-05-03","07:30","nsw-premier-league-women","australia",978875,"Hills United FC",739729,"Northern Tigers","id1003235167692580",NULL,NULL,NULL,NULL,NULL,NULL,NULL,NULL
"2026-05-03","07:30","k-league-2","republic-of-korea",418115,"Paju Citizen FC",567083,"Chungbuk Cheongju FC","id1000077768046484",NULL,NULL,NULL,NULL,NULL,NULL,NULL,NULL
"2026-05-03","07:30","k-league-2","republic-of-korea",41266,"Yongin City FC",7651,"Seongnam Ilhwa","id1000077768046488",NULL,NULL,NULL,NULL,NULL,NULL,NULL,NULL
"2026-05-03","07:30","k-league-2","republic-of-korea",41260,"Gimhae FC",7642,"Busan I Park","id1000077768046486",NULL,NULL,NULL,NULL,NULL,NULL,NULL,NULL
"2026-05-03","07:40","nsw-premier-league-women","australia",560966,"Sydney Olympic FC",568243,"Illawarra Stingrays","id1003235167692582",NULL,NULL,NULL,NULL,NULL,NULL,NULL,NULL
"2026-05-03","07:45","npl-western-australia-women","australia",371230,"Subiaco AFC",547983,"Uwa Nedlands FC","id1003236969767358",NULL,NULL,NULL,NULL,NULL,NULL,NULL,NULL
"2026-05-03","08:00","premier-league","chinese-taipei",1190797,"Taichung Rock FC",435186,"Tatung FC","id1002691262778597",NULL,NULL,NULL,NULL,NULL,NULL,NULL,NULL
"2026-05-03","08:00","premier-league","chinese-taipei",910669,"AC Taipei",435188,"Tainan City","id1002691262778595",NULL,NULL,NULL,NULL,NULL,NULL,NULL,NULL
"2026-05-03","08:00","nb-iii","hungary",55109,"Paksi FC II",1928,"BFC Siofok","id1004795262181510",NULL,NULL,NULL,NULL,NULL,NULL,NULL,NULL
"2026-05-03","08:00","queensland-premier-league-2","australia",415245,"Virginia United",1098133,"Moreton City Excelsior FC 2","id1003395067904138",NULL,NULL,NULL,NULL,NULL,NULL,NULL,NULL
"2026-05-03","08:00","diski-challenge-reserves","south-africa",619728,"Mamelodi Sundowns",764074,"Kaizer Chiefs","id1004866363514633",NULL,NULL,NULL,NULL,NULL,NULL,NULL,NULL
"2026-05-03","08:00","superliga-women","romania",640672,"FCS Feminin Politehnica Timisoara",758384,"Afk Csikszereda Miercurea Ciuc","id1004823566636090",NULL,NULL,NULL,NULL,NULL,NULL,NULL,NULL
"2026-05-03","08:00","superliga-women","romania",293954,"VASAS FEMINA FC",511938,"Atletic Olimpia Gherla","id1004823566636936",NULL,NULL,NULL,NULL,NULL,NULL,NULL,NULL
"2026-05-03","08:00","diski-challenge-reserves","south-africa",947141,"Richards Bay FC",510000,"Polokwane City","id1004866363514635",NULL,NULL,NULL,NULL,NULL,NULL,NULL,NULL
"2026-05-03","08:00","chinese-super-league-women","china",380384,"Jiangsu LFC",380886,"Changchun Jiuyin Loans","id1001926471000958",NULL,NULL,NULL,NULL,NULL,NULL,NULL,NULL
"2026-05-03","08:00","superliga-women","romania",934311,"CS Gloria 2018 Bistrita-Nasaud",1049457,"Csm Unirea Alba Iulia","id1004823566636938",NULL,NULL,NULL,NULL,NULL,NULL,NULL,NULL
"2026-05-03","08:00","jleague","japan",38154,"V-Varen Nagasaki",3136,"Nagoya Grampus","id1000019667645044",NULL,NULL,NULL,NULL,NULL,NULL,NULL,NULL
"2026-05-03","08:15","fnl","czechia",2211,"FK Viktoria Zizkov",24782,"FC Silon Taborsko","id1000020561326601",NULL,NULL,NULL,NULL,NULL,NULL,NULL,NULL
"2026-05-03","08:15","msfl","czechia",616140,"FC Zbrojovka Brno B",276211,"1. FC Slovacko B","id1001414766053678",NULL,NULL,NULL,NULL,NULL,NULL,NULL,NULL
"2026-05-03","08:15","msfl","czechia",662715,"MFk Karvina B",475010,"TJ Start Brno","id1001414766053682",NULL,NULL,NULL,NULL,NULL,NULL,NULL,NULL
"2026-05-03","08:15","msfl","czechia",4867,"SK Sigma Olomouc B",24779,"FK Frydek-Mistek","id1001414766053668",NULL,NULL,NULL,NULL,NULL,NULL,NULL,NULL
"2026-05-03","08:15","divize-b","czechia",35256,"FK Meteor Prague VIII",106305,"Tempo Prague","id1004072966606274",NULL,NULL,NULL,NULL,NULL,NULL,NULL,NULL
"2026-05-03","08:15","fnl","czechia",602164,"SK Slavia Prague B",610536,"FC Banik Ostrava B","id1000020561326591",NULL,NULL,NULL,NULL,NULL,NULL,NULL,NULL
"2026-05-03","08:15","cfl","czechia",600296,"FK Jablonec B",53089,"FK Banik Most-Sous","id1001415166614036",NULL,NULL,NULL,NULL,NULL,NULL,NULL,NULL
"2026-05-03","08:15","cfl","czechia",105803,"FC Slovan Liberec B",274759,"Tj Slovan Velvary","id1001415166614038",NULL,NULL,NULL,NULL,NULL,NULL,NULL,NULL
"2026-05-03","08:15","msfl","czechia",25463,"SK Unicov",2235,"MFK Vitkovice","id1001414766053670",NULL,NULL,NULL,NULL,NULL,NULL,NULL,NULL
"2026-05-03","08:30","3-liga","slovakia",23834,"FK Dac 1904 Dunajska Streda B",358954,"MSK Senec","id1004753661940238",NULL,NULL,NULL,NULL,NULL,NULL,NULL,NULL
"2026-05-03","08:30","queensland-premier-league-2","australia",313149,"Southside Eagles",150064,"Souths United FC","id1003395067904140",NULL,NULL,NULL,NULL,NULL,NULL,NULL,NULL
"2026-05-03","08:30","northern-territory-premier-league-reserves","australia",1339858,"Casuarina FC Reserves",1339856,"Azzurri United FC Reserves","id1004994470934630",NULL,NULL,NULL,NULL,NULL,NULL,NULL,NULL
"2026-05-03","08:30","2-liga","slovakia",2400,"FC Petrzalka",4503,"MFk Dukla Banska Bystrica","id1000022461677888",NULL,NULL,NULL,NULL,NULL,NULL,NULL,NULL
"2026-05-03","08:30","northern-territory-premier-league-women","australia",1333100,"Darwin Hearts FC",731235,"Hellenic Athletic","id1004994670930060",NULL,NULL,NULL,NULL,NULL,NULL,NULL,NULL
"2026-05-03","08:30","2-liga","austria",2062,"Austria Lustenau",7786,"Schwarz-Weiss Bregenz","id1000013561591326",NULL,NULL,NULL,NULL,NULL,NULL,NULL,NULL
"2026-05-03","08:30","karnten-karntner-liga","austria-amateur",2079,"SV Spittal/Drau",273595,"SK Austria Klagenfurt Amateure","id1004378161898582",NULL,NULL,NULL,NULL,NULL,NULL,NULL,NULL
"2026-05-03","08:30","northern-territory-division-3","australia",1339842,"Azzurri United FC Div 3",556934,"Litchfield FC","id1004994271006250",NULL,NULL,NULL,NULL,NULL,NULL,NULL,NULL
"2026-05-03","08:30","liga-1","indonesia",135866,"Persik Kediri",47465,"Arema FC","id1000101562083140",NULL,NULL,NULL,NULL,NULL,NULL,NULL,NULL
"2026-05-03","08:30","3-snl","slovenia",267761,"SD Videm",2411,"NK Smartno 1928","id1004799862252506",NULL,NULL,NULL,NULL,NULL,NULL,NULL,NULL
"2026-05-03","08:30","2-liga","austria",43254,"SK Austria Klagenfurt",2092,"Rapid Wien II","id1000013561591328",NULL,NULL,NULL,NULL,NULL,NULL,NULL,NULL
"2026-05-03","08:30","2-liga","slovakia",166150,"MSK Zilina B",219176,"OFK Dynamo Malzenice","id1000022461677890",NULL,NULL,NULL,NULL,NULL,NULL,NULL,NULL
"2026-05-03","08:45","liga-a1","malaysia",1140551,"Bunga Raya FC",165772,"Johor Darul Takzim FC II","id1004312562204930",NULL,NULL,NULL,NULL,NULL,NULL,NULL,NULL
"2026-05-03","08:45","oberliga-hamburg","germany-amateur",2583,"USC Paloma Hamburg",52801,"TSV Sasel 1925","id1000050967805558",NULL,NULL,NULL,NULL,NULL,NULL,NULL,NULL
"2026-05-03","08:45","liga-a1","malaysia",86410,"Armed Forces FC",1012977,"Malaysia University","id1004312562204932",NULL,NULL,NULL,NULL,NULL,NULL,NULL,NULL
"2026-05-03","09:00","niederosterreich-1-landesliga","austria-amateur",272125,"SCU Kilb",320165,"ASK Ybbs","id1004377161909610",NULL,NULL,NULL,NULL,NULL,NULL,NULL,NULL
"2026-05-03","09:00","srpska-liga","serbia",164508,"FK Sumadija Kragujevac",726461,"FK Real Podunavci","id1004821362700157",NULL,NULL,NULL,NULL,NULL,NULL,NULL,NULL
"2026-05-03","09:00","u19-dfb-nachwuchsliga","germany-amateur",613940,"SG Unterrath",74431,"Rot-Weiss Essen","id1002470267208090",NULL,NULL,NULL,NULL,NULL,NULL,NULL,NULL
"2026-05-03","09:00","v-league-2","vietnam",33123,"CS. Dong Thap",1244708,"PVF Cand B","id1000077168664026",NULL,NULL,NULL,NULL,NULL,NULL,NULL,NULL
"2026-05-03","09:00","jleague-2","japan",44528,"FC Ryukyu",162632,"Kagoshima United","id1000040267648438",NULL,NULL,NULL,NULL,NULL,NULL,NULL,NULL
"2026-05-03","09:00","srpska-liga","serbia",214140,"Radnicki Obrenovac",1279635,"FK T6 Nika","id1004821366053432",NULL,NULL,NULL,NULL,NULL,NULL,NULL,NULL
"2026-05-03","09:00","nb-iii","hungary",737003,"Kisvarda FC II",44143,"Diosgyori Vtk II","id1004795262160222",NULL,NULL,NULL,NULL,NULL,NULL,NULL,NULL
"2026-05-03","09:00","bremen-liga","germany-amateur",226702,"ESC Geestemunde",24041,"Habenhauser FV","id1000050862280160",NULL,NULL,NULL,NULL,NULL,NULL,NULL,NULL
"2026-05-03","09:00","u19-1-liga","slovakia",110751,"MFK Zemplin Michalovce",110753,"MSK Zilina","id1000132761684014",NULL,NULL,NULL,NULL,NULL,NULL,NULL,NULL
"2026-05-03","09:00","u19-dfb-nachwuchsliga","germany-amateur",74435,"Chemnitzer FC",52878,"FC St. Pauli","id1002470267207520",NULL,NULL,NULL,NULL,NULL,NULL,NULL,NULL
"2026-05-03","09:00","ekstraliga-women","poland",370106,"Rekord Bielsko-Biala",755451,"Pogon Tczew","id1001818867790416",NULL,NULL,NULL,NULL,NULL,NULL,NULL,NULL
"2026-05-03","09:00","nb-iii","hungary",1166629,"Nyiregyhaza Spartacus FC II",79721,"Tiszaujvaros","id1004795262160220",NULL,NULL,NULL,NULL,NULL,NULL,NULL,NULL
"2026-05-03","09:00","nb-iii","hungary",43738,"Ujpest FC II",77545,"Szombathelyi Mav Haladas VSE","id1004795262161224",NULL,NULL,NULL,NULL,NULL,NULL,NULL,NULL
"2026-05-03","09:00","v-league-2","vietnam",557448,"Ho Chi Minh City FC",40025,"Quy Nhon Binh Dinh","id1000077168664028",NULL,NULL,NULL,NULL,NULL,NULL,NULL,NULL
"2026-05-03","09:00","primavera-1","italy",1175365,"Juventus Turin",1177101,"Frosinone Calcio U20","id1000234061537616",NULL,NULL,NULL,NULL,NULL,NULL,NULL,NULL
"2026-05-03","09:00","kolmonen","finland",144986,"IF Gnistan/Ogeli",67176,"Riihimaen Palloseura","id1004667169921740",NULL,NULL,NULL,NULL,NULL,NULL,NULL,NULL
"2026-05-03","09:00","super-league","malaysia",682715,"Immigration FC",34085,"Brunei DPMM FC","id1000100061974246",NULL,NULL,NULL,NULL,NULL,NULL,NULL,NULL
"2026-05-03","09:00","u19-dfb-nachwuchsliga","germany-amateur",43693,"Hertha BSC",919601,"SV Babelsberg 03","id1002470267150192",NULL,NULL,NULL,NULL,NULL,NULL,NULL,NULL
"2026-05-03","09:00","u19-dfb-nachwuchsliga","germany-amateur",1314564,"SGV Freiberg Fussball U19",43726,"Karlsruher SC","id1002470267207718",NULL,NULL,NULL,NULL,NULL,NULL,NULL,NULL
"2026-05-03","09:00","2-bundesliga-women","germany-amateur",53337,"SV Meppen",597042,"FC Ingolstadt 04","id1000232262063600",NULL,NULL,NULL,NULL,NULL,NULL,NULL,NULL
"2026-05-03","09:00","u19-dfb-nachwuchsliga","germany-amateur",447271,"SV Elversberg",606106,"FK Pirmasens","id1002470267207806",NULL,NULL,NULL,NULL,NULL,NULL,NULL,NULL
"2026-05-03","09:00","u19-dfb-nachwuchsliga","germany-amateur",43722,"FSV Mainz",43724,"FC Augsburg","id1002470271168934",NULL,NULL,NULL,NULL,NULL,NULL,NULL,NULL
"2026-05-03","09:00","u19-dfb-nachwuchsliga","germany-amateur",213962,"1. FC Heidenheim",43716,"Bayer 04 Leverkusen","id1002470271168936",NULL,NULL,NULL,NULL,NULL,NULL,NULL,NULL
"2026-05-03","09:00","chinese-super-league-women","china",890257,"Shaanxi Chang An Athletic FC",380914,"Guangdong Meizhou Hakka FC","id1001926471000960",NULL,NULL,NULL,NULL,NULL,NULL,NULL,NULL
"2026-05-03","09:00","nb-iii","hungary",43739,"Ferencvarosi TC II",725233,"Majosi SE","id1004795262181502",NULL,NULL,NULL,NULL,NULL,NULL,NULL,NULL
"2026-05-03","09:00","u19-super-league","greece",458525,"Volos NPS",497146,"Atromitos Athinon","id1002638471166768",NULL,NULL,NULL,NULL,NULL,NULL,NULL,NULL
"2026-05-03","09:00","first-league-women","croatia",36722,"Znk Osijek",554398,"Znk Split","id1003720570929814",NULL,NULL,NULL,NULL,NULL,NULL,NULL,NULL
"2026-05-03","09:00","u19-dfb-nachwuchsliga","germany-amateur",43730,"TSG Hoffenheim",43708,"FC Schalke 04","id1002470271168930",NULL,NULL,NULL,NULL,NULL,NULL,NULL,NULL
"2026-05-03","09:30","esiliiga-b","estonia",367654,"Parnu JK Vaprus II",44314,"Tartu JK Tammeka","id1003579768852054",NULL,NULL,NULL,NULL,NULL,NULL,NULL,NULL
"2026-05-03","09:30","championship","bangladesh",962207,"Little Friends Club",777700,"Dhaka Wanderers Club","id1002887771077870",NULL,NULL,NULL,NULL,NULL,NULL,NULL,NULL
"2026-05-03","09:30","higher-league","ethiopia",1114777,"Yeka",1114757,"Dessie Ketema","id1005117271193176",NULL,NULL,NULL,NULL,NULL,NULL,NULL,NULL
"2026-05-03","09:30","championship","bangladesh",1236641,"Dhaka Rangers FC",1236639,"Brtc Sports Club","id1002887771077894",NULL,NULL,NULL,NULL,NULL,NULL,NULL,NULL
"2026-05-03","09:40","u23-nsw-npl-women","australia",1223329,"Sydney Olympic FC",1223313,"Illawarra Stingrays","id1003331367694226",NULL,NULL,NULL,NULL,NULL,NULL,NULL,NULL
"2026-05-03","10:00","tercera-federacion-group-11","spain-amateur",336777,"UD Alcudia",77405,"CD Binissalem","id1002603863145307",NULL,NULL,NULL,NULL,NULL,NULL,NULL,NULL
"2026-05-03","10:00","segunda-federacion","spain",77859,"Real Avila CF",24342,"RC Deportivo Fabril","id1000054461692006",NULL,NULL,NULL,NULL,NULL,NULL,NULL,NULL
"2026-05-03","10:00","segunda-federacion","spain",1180035,"UE Porreres",6585,"CD Alcoyano","id1000054461698012",NULL,NULL,NULL,NULL,NULL,NULL,NULL,NULL
"2026-05-03","10:00","ii-lyga","lithuania",726451,"FK Suduva Marijampole B",171982,"FK Viltis Vilnius","id1003406670161992",NULL,NULL,NULL,NULL,NULL,NULL,NULL,NULL
"2026-05-03","10:00","3rd-division-group-5","norway",724,"Alta IF",723,"Fauske/Sprint","id1002465067920536",NULL,NULL,NULL,NULL,NULL,NULL,NULL,NULL
"2026-05-03","10:00","2-liga-division-b-group-4","russia",357486,"FC Krylia Sovetov Samara-2",75201,"Rubin-2 Kazan","id1000109770252072",NULL,NULL,NULL,NULL,NULL,NULL,NULL,NULL
"2026-05-03","10:00","segunda-federacion","spain",275287,"UD Mutilvera",54103,"SD Amorebieta","id1000054461694524",NULL,NULL,NULL,NULL,NULL,NULL,NULL,NULL
"2026-05-03","10:00","segunda-federacion","spain",193668,"Aguilas FC",44321,"UD Almeria B","id1000054461702728",NULL,NULL,NULL,NULL,NULL,NULL,NULL,NULL
"2026-05-03","10:00","super-lig-women","turkiye",340488,"Besiktas",1288265,"Yuksekova SK","id1004874163666435",NULL,NULL,NULL,NULL,NULL,NULL,NULL,NULL
"2026-05-03","10:00","super-league-women","greece",1113455,"AO Acharnaikos",966965,"Rea","id1002022663575631",NULL,NULL,NULL,NULL,NULL,NULL,NULL,NULL
"2026-05-03","10:00","liga-portugal-3","portugal",74475,"Vitoria Guimaraes B",38744,"CD Mafra","id1003490068351366",NULL,NULL,NULL,NULL,NULL,NULL,NULL,NULL
"2026-05-03","10:00","segunda-federacion","spain",55121,"FC LA Union Atletico",366880,"Puente Genil FC","id1000054461702734",NULL,NULL,NULL,NULL,NULL,NULL,NULL,NULL
"2026-05-03","10:00","2nd-division-group-2","norway",866,"Levanger FK",669,"Tromsdalen UIL","id1002463667915550",NULL,NULL,NULL,NULL,NULL,NULL,NULL,NULL
"2026-05-03","10:00","segunda-federacion","spain",24363,"UE Sant Andreu",35096,"UD Barbastro","id1000054461698004",NULL,NULL,NULL,NULL,NULL,NULL,NULL,NULL
"2026-05-03","10:00","premier-league","ukraine",3312,"FC Obolon Kyiv",543813,"FK Kudrivka","id1000021861651630",NULL,NULL,NULL,NULL,NULL,NULL,NULL,NULL
"2026-05-03","10:00","segunda-federacion","spain",24361,"Real Valladolid Promesas",369260,"Burgos CF Promesas","id1000054461692020",NULL,NULL,NULL,NULL,NULL,NULL,NULL,NULL
"2026-05-03","10:00","primera-federacion","spain",366802,"CD Arenteiro",2878,"CP Cacereno SAD","id1003483461685670",NULL,NULL,NULL,NULL,NULL,NULL,NULL,NULL
"2026-05-03","10:00","tercera-federacion-group-10","spain-amateur",369298,"CD Utrera",369292,"Sevilla FC C","id1002603663144021",NULL,NULL,NULL,NULL,NULL,NULL,NULL,NULL
"2026-05-03","10:00","tercera-federacion-group-16","spain-amateur",369378,"CD Villegas",369406,"CA Vianes","id1002604863148837",NULL,NULL,NULL,NULL,NULL,NULL,NULL,NULL
"2026-05-03","10:00","tercera-federacion-group-5","spain-amateur",1044715,"FC L'Escala",4942,"Lleida CF","id1002602663138759",NULL,NULL,NULL,NULL,NULL,NULL,NULL,NULL
"2026-05-03","10:00","premier-league","kenya",138488,"Sofapaka FC",138478,"Kenya Commercial Bank","id1000164463097503",NULL,NULL,NULL,NULL,NULL,NULL,NULL,NULL
"2026-05-03","10:00","tercera-federacion-group-9","spain-amateur",1063444,"CP Mijas-Las Lagunas",369290,"CD Huetor Vega","id1002603463143409",NULL,NULL,NULL,NULL,NULL,NULL,NULL,NULL
"2026-05-03","10:00","tercera-federacion-group-11","spain-amateur",369302,"CD Son Cladera",369308,"CE Felanitx","id1002603863145321",NULL,NULL,NULL,NULL,NULL,NULL,NULL,NULL
"2026-05-03","10:00","tercera-federacion-group-11","spain-amateur",828286,"UD Rotlet Molinar",77403,"CD Constancia","id1002603863145317",NULL,NULL,NULL,NULL,NULL,NULL,NULL,NULL
"2026-05-03","10:00","tercera-federacion-group-16","spain-amateur",624828,"UD Logrones B",493706,"CD Autol","id1002604863148835",NULL,NULL,NULL,NULL,NULL,NULL,NULL,NULL
"2026-05-03","10:00","tercera-federacion-group-11","spain-amateur",216774,"SD Formentera",749439,"CD Cardassar","id1002603863145311",NULL,NULL,NULL,NULL,NULL,NULL,NULL,NULL
"2026-05-03","10:00","superliga-women","romania",934305,"FC Farul Constanta",53381,"AFC Universitatea Olimpia Cluj","id1004823566636092",NULL,NULL,NULL,NULL,NULL,NULL,NULL,NULL
"2026-05-03","10:00","primera-federacion","spain",24338,"Villarreal CF B",2877,"Hercules de Alicante CF","id1003483461687582",NULL,NULL,NULL,NULL,NULL,NULL,NULL,NULL
"2026-05-03","10:00","segunda-federacion","spain",493536,"CD Ibiza Islas Pitiusas",308746,"UD Poblense","id1000054461698000",NULL,NULL,NULL,NULL,NULL,NULL,NULL,NULL
"2026-05-03","10:00","segunda-federacion","spain",216184,"SD Gernika Club",336759,"Deportivo Alaves B","id1000054461694522",NULL,NULL,NULL,NULL,NULL,NULL,NULL,NULL
"2026-05-03","10:00","segunda-federacion","spain",216190,"CF Rayo Majadahonda",43756,"Rayo Vallecano B","id1000054461704276",NULL,NULL,NULL,NULL,NULL,NULL,NULL,NULL
"2026-05-03","10:00","segunda-federacion","spain",24354,"Orihuela CF",43753,"Getafe CF B","id1000054461704284",NULL,NULL,NULL,NULL,NULL,NULL,NULL,NULL
"2026-05-03","10:00","segunda-federacion","spain",2857,"Terrassa FC",1033891,"Reus FC Reddis","id1000054461698006",NULL,NULL,NULL,NULL,NULL,NULL,NULL,NULL
"2026-05-03","10:00","u19-division-de-honor-juvenil","spain",511994,"Girona FC",439736,"Real Zaragoza","id1004834362940441",NULL,NULL,NULL,NULL,NULL,NULL,NULL,NULL
"2026-05-03","10:00","segunda-federacion","spain",2838,"CD Xerez",55785,"UCAM Murcia","id1000054461702736",NULL,NULL,NULL,NULL,NULL,NULL,NULL,NULL
"2026-05-03","10:00","segunda-federacion","spain",37053,"RSD Alcala SAD",361464,"CD Coria","id1000054461704278",NULL,NULL,NULL,NULL,NULL,NULL,NULL,NULL
"2026-05-03","10:00","segunda-federacion","spain",473994,"UD Ourense",167154,"Atletico Astorga FC","id1000054461692018",NULL,NULL,NULL,NULL,NULL,NULL,NULL,NULL
"2026-05-03","10:00","segunda-federacion","spain",369152,"Real Oviedo Vetusta",167168,"UP Langreo","id1000054461692012",NULL,NULL,NULL,NULL,NULL,NULL,NULL,NULL
"2026-05-03","10:00","tercera-federacion-group-10","spain-amateur",115061,"Cordoba CF B",37061,"CD San Roque de Lepe","id1002603663144029",NULL,NULL,NULL,NULL,NULL,NULL,NULL,NULL
"2026-05-03","10:00","tercera-federacion-group-11","spain-amateur",369312,"UD Collerense",622148,"SD Portmany","id1002603863145309",NULL,NULL,NULL,NULL,NULL,NULL,NULL,NULL
"2026-05-03","10:00","segunda-federacion","spain",2841,"Real Jaen CF",462413,"CA Antoniano","id1000054461702730",NULL,NULL,NULL,NULL,NULL,NULL,NULL,NULL
"2026-05-03","10:00","tercera-federacion-group-11","spain-amateur",828288,"Inter Ibiza CD",216194,"CD Llosetense","id1002603863145305",NULL,NULL,NULL,NULL,NULL,NULL,NULL,NULL
"2026-05-03","10:00","segunda-federacion","spain",749377,"Torrent CF",24343,"FC Barcelona Atletic","id1000054461698008",NULL,NULL,NULL,NULL,NULL,NULL,NULL,NULL
"2026-05-03","10:00","v-league-2","vietnam",33126,"K. Khanh Hoa",574499,"Xuan Thien Phu Tho FC","id1000077168664030",NULL,NULL,NULL,NULL,NULL,NULL,NULL,NULL
"2026-05-03","10:00","segunda-federacion","spain",115059,"UE Olot",24337,"Valencia CF Mestalla","id1000054461697998",NULL,NULL,NULL,NULL,NULL,NULL,NULL,NULL
"2026-05-03","10:00","primera-division-women","spain",77879,"Atletico Madrid",562732,"SD Eibar","id1000112761688364",NULL,NULL,NULL,NULL,NULL,NULL,NULL,NULL
"2026-05-03","10:00","segunda-federacion","spain",43759,"Yeclano Deportivo",611094,"CD Estepona","id1000054461702732",NULL,NULL,NULL,NULL,NULL,NULL,NULL,NULL
"2026-05-03","10:00","super-lig-women","turkiye",861209,"Fenerbahce Istanbul",643062,"Fomget Genclik Ve Spor","id1004874163666437",NULL,NULL,NULL,NULL,NULL,NULL,NULL,NULL
"2026-05-03","10:00","segunda-federacion","spain",1036059,"Real Madrid C",24366,"UB Conquense","id1000054461704292",NULL,NULL,NULL,NULL,NULL,NULL,NULL,NULL
"2026-05-03","10:00","segunda-federacion","spain",24352,"CDA Navalcarnero",35097,"CF Fuenlabrada","id1000054461704288",NULL,NULL,NULL,NULL,NULL,NULL,NULL,NULL
"2026-05-03","10:00","tercera-federacion-group-5","spain-amateur",1274680,"CF Vilanova I LA Geltru",745199,"CF Can Vidalet","id1002602663138757",NULL,NULL,NULL,NULL,NULL,NULL,NULL,NULL
"2026-05-03","10:00","tercera-federacion-group-11","spain-amateur",369304,"CF Platges de Calvia",54119,"CD Manacor","id1002603863145315",NULL,NULL,NULL,NULL,NULL,NULL,NULL,NULL
"2026-05-03","10:00","super-lig-women","turkiye",400759,"Amed Sportif Faaliyetler",398556,"1207 Antalyaspor Kadin FK","id1004874163666443",NULL,NULL,NULL,NULL,NULL,NULL,NULL,NULL
"2026-05-03","10:00","segunda-federacion","spain",4490,"Atletico Malagueno",24350,"UD Melilla","id1000054461702724",NULL,NULL,NULL,NULL,NULL,NULL,NULL,NULL
"2026-05-03","10:00","segunda-federacion","spain",216186,"RC Recreativo de Huelva",278257,"Xerez Deportivo FC","id1000054461702726",NULL,NULL,NULL,NULL,NULL,NULL,NULL,NULL
"2026-05-03","10:00","campeonato-nacional-women","portugal",840588,"Rp FC",330901,"SC Braga","id1001927463442537",NULL,NULL,NULL,NULL,NULL,NULL,NULL,NULL
"2026-05-03","10:00","ligue-1-srl","simulated-reality-league",911603,"AJ Auxerre Srl",697139,"Angers SCO SRL","id1003222371077360",NULL,NULL,NULL,NULL,NULL,NULL,NULL,NULL
"2026-05-03","10:00","ligue-1-srl","simulated-reality-league",1272212,"FC Paris Srl",697147,"Stade Brestois 29 SRL","id1003222371077358",NULL,NULL,NULL,NULL,NULL,NULL,NULL,NULL
"2026-05-03","10:00","u19-dfb-nachwuchsliga","germany-amateur",43706,"VfL Wolfsburg",352788,"SC Paderborn 07","id1002470271168938",NULL,NULL,NULL,NULL,NULL,NULL,NULL,NULL
"2026-05-03","10:00","ii-liiga","estonia",367652,"FC Kuressaare",1335926,"Tallinna FC Placet","id1004664570964608",NULL,NULL,NULL,NULL,NULL,NULL,NULL,NULL
"2026-05-03","10:00","ii-liiga","estonia",36078,"Rakvere JK Tarvas",142998,"Tallinna FC Flora","id1004664570964610",NULL,NULL,NULL,NULL,NULL,NULL,NULL,NULL
"2026-05-03","10:00","k-league-2","republic-of-korea",41261,"Suwon FC",7652,"Suwon Bluewings","id1000077768046490",NULL,NULL,NULL,NULL,NULL,NULL,NULL,NULL
"2026-05-03","10:00","primera-federacion","spain",43751,"CD Teruel",336771,"SD Tarazona","id1003483461687586",NULL,NULL,NULL,NULL,NULL,NULL,NULL,NULL
"2026-05-03","10:00","tercera-federacion-group-5","spain-amateur",366826,"Cerdanyola del Valles",76805,"CF Peralada","id1002602663138755",NULL,NULL,NULL,NULL,NULL,NULL,NULL,NULL
"2026-05-03","10:00","segunda-federacion","spain",458599,"CF Intercity",350760,"Colonia Moscardo","id1000054461704282",NULL,NULL,NULL,NULL,NULL,NULL,NULL,NULL
"2026-05-03","10:00","segunda-federacion","spain",1168911,"SD Eibar B",55779,"Naxara CD","id1000054461694510",NULL,NULL,NULL,NULL,NULL,NULL,NULL,NULL
"2026-05-03","10:00","segunda-federacion","spain",43755,"Coruxo FC",6578,"Gimnastica Segoviana CF","id1000054461692004",NULL,NULL,NULL,NULL,NULL,NULL,NULL,NULL
"2026-05-03","10:00","segunda-federacion","spain",167164,"UD Socuellamos CF",24369,"UD Las Palmas Atletico","id1000054461704290",NULL,NULL,NULL,NULL,NULL,NULL,NULL,NULL
"2026-05-03","10:00","u19-super-league","greece",497170,"AE Larissa FC",308306,"Aris","id1002638471166786",NULL,NULL,NULL,NULL,NULL,NULL,NULL,NULL
"2026-05-03","10:00","elitettan-women","sweden-amateur",291460,"Team Tg FF",7800,"Umea IK","id1003894167473236",NULL,NULL,NULL,NULL,NULL,NULL,NULL,NULL
"2026-05-03","10:00","tercera-federacion-group-5","spain-amateur",460351,"CP San Cristobal",1173815,"CE Europa B","id1002602663138765",NULL,NULL,NULL,NULL,NULL,NULL,NULL,NULL
"2026-05-03","10:00","segunda-federacion","spain",369172,"UD Samano",336781,"Bergantinos FC","id1000054461692010",NULL,NULL,NULL,NULL,NULL,NULL,NULL,NULL
"2026-05-03","10:00","segunda-federacion","spain",1044649,"SD Sarriana",24356,"Rayo Cantabria","id1000054461692016",NULL,NULL,NULL,NULL,NULL,NULL,NULL,NULL
"2026-05-03","10:00","segunda-federacion","spain",369272,"Salamanca CF UDS",167156,"CD Lealtad de Villaviciosa","id1000054461692008",NULL,NULL,NULL,NULL,NULL,NULL,NULL,NULL
"2026-05-03","10:00","premier-league","hong-kong-china",78447,"Hong Kong Rangers",397128,"Kowloon City","id1000094770813634",NULL,NULL,NULL,NULL,NULL,NULL,NULL,NULL
"2026-05-03","10:00","segunda-federacion","spain",2880,"CD Linares",1173295,"CD Extremadura","id1000054461702740",NULL,NULL,NULL,NULL,NULL,NULL,NULL,NULL
"2026-05-03","10:00","segunda-federacion","spain",622146,"CE Andratx",1174847,"Atletic Lleida CE","id1000054463098109",NULL,NULL,NULL,NULL,NULL,NULL,NULL,NULL
"2026-05-03","10:00","segunda-federacion","spain",24364,"Sestao River Club",48224,"Utebo FC","id1000054461694514",NULL,NULL,NULL,NULL,NULL,NULL,NULL,NULL
"2026-05-03","10:00","super-lig-women","turkiye",36703,"Trabzonspor AS",391992,"Fatih Vatan Spor","id1004874163666429",NULL,NULL,NULL,NULL,NULL,NULL,NULL,NULL
"2026-05-03","10:00","tercera-federacion-group-11","spain-amateur",34997,"RCD Mallorca B",369318,"CE Mercadal","id1002603863145313",NULL,NULL,NULL,NULL,NULL,NULL,NULL,NULL
"2026-05-03","10:00","primera-division-women","spain",355084,"RC Deportivo De La Coruna",77897,"Real Sociedad San Sebastian","id1000112761688366",NULL,NULL,NULL,NULL,NULL,NULL,NULL,NULL
"2026-05-03","10:00","segunda-federacion","spain",2855,"CD Numancia",24349,"Club Marino de Luanco","id1000054461692014",NULL,NULL,NULL,NULL,NULL,NULL,NULL,NULL
"2026-05-03","10:00","segunda-federacion","spain",215218,"CD Ebro",37057,"UD Logrones","id1000054461694520",NULL,NULL,NULL,NULL,NULL,NULL,NULL,NULL
"2026-05-03","10:00","tercera-federacion-group-11","spain-amateur",370024,"CE Santanyi",116243,"SCR Pena Deportiva","id1002603863145319",NULL,NULL,NULL,NULL,NULL,NULL,NULL,NULL
"2026-05-03","10:00","segunda-federacion","spain",222544,"CD Basconia",47328,"SD Ejea","id1000054461694512",NULL,NULL,NULL,NULL,NULL,NULL,NULL,NULL
"2026-05-03","10:00","segunda-federacion","spain",336783,"SD Beasain",54125,"Real Zaragoza Deportivo Aragon","id1000054461694516",NULL,NULL,NULL,NULL,NULL,NULL,NULL,NULL
"2026-05-03","10:00","premier-league","kazakhstan",991599,"Ulytau FC",991567,"FC Yelimai","id1000068269342820",NULL,NULL,NULL,NULL,NULL,NULL,NULL,NULL
"2026-05-03","10:00","segunda-federacion","spain",806274,"CD Castellon B",749373,"Girona FC B","id1000054461698002",NULL,NULL,NULL,NULL,NULL,NULL,NULL,NULL
"2026-05-03","10:00","2-liga-division-b-group-4","russia",75195,"FK Izhevsk",792490,"FK Akron-2 Tolyatti","id1000109770252062",NULL,NULL,NULL,NULL,NULL,NULL,NULL,NULL
"2026-05-03","10:00","tercera-federacion-group-6","spain-amateur",77407,"Atletico Levante UD",369244,"CF Villarreal C","id1002602863139385",NULL,NULL,NULL,NULL,NULL,NULL,NULL,NULL
"2026-05-03","10:00","segunda-federacion","spain",77267,"SD Logrones",44230,"CD Tudelano","id1000054461694518",NULL,NULL,NULL,NULL,NULL,NULL,NULL,NULL
"2026-05-03","10:00","tercera-federacion-group-5","spain-amateur",851135,"CFJ Mollerussa",460341,"FE Grama","id1002602663138761",NULL,NULL,NULL,NULL,NULL,NULL,NULL,NULL
"2026-05-03","10:00","tercera-federacion-group-5","spain-amateur",6586,"CF Badalona",2863,"CE L'Hospitalet","id1002602663138769",NULL,NULL,NULL,NULL,NULL,NULL,NULL,NULL
"2026-05-03","10:00","ii-liga","poland",36766,"Sandecja Nowy Sacz",350248,"Podhale Nowy Targ","id1000051561467249",NULL,NULL,NULL,NULL,NULL,NULL,NULL,NULL
"2026-05-03","10:00","segunda-federacion","spain",37054,"CD Tenerife B",2883,"UD San Sebastian Reyes","id1000054461704286",NULL,NULL,NULL,NULL,NULL,NULL,NULL,NULL
"2026-05-03","10:00","super-lig-women","turkiye",509834,"Hakkarigucu Spor",861207,"Galatasaray Istanbul","id1004874163666433",NULL,NULL,NULL,NULL,NULL,NULL,NULL,NULL
"2026-05-03","10:00","tercera-federacion-group-5","spain-amateur",274083,"CF Montanesa",1046343,"Unio Esportiva Vic","id1002602663138763",NULL,NULL,NULL,NULL,NULL,NULL,NULL,NULL
"2026-05-03","10:00","segunda-federacion","spain",115057,"Elche Ilicitano CF",369458,"CD Quintanar del Rey","id1000054461704280",NULL,NULL,NULL,NULL,NULL,NULL,NULL,NULL
"2026-05-03","10:00","u19-division-de-honor-juvenil","spain",627170,"SD Leioa",120850,"Real Sociedad","id1004834362939821",NULL,NULL,NULL,NULL,NULL,NULL,NULL,NULL
"2026-05-03","10:00","liga-portugal-2","portugal",3026,"Portimonense SAD",3025,"GD Chaves","id1000023961732266",NULL,NULL,NULL,NULL,NULL,NULL,NULL,NULL
"2026-05-03","10:00","primera-federacion","spain",369282,"Juventud Torremolinos CF",24326,"Atletico Madrid B","id1003483461687580",NULL,NULL,NULL,NULL,NULL,NULL,NULL,NULL
"2026-05-03","10:00","segunda-federacion","spain",37055,"Espanyol Barcelona B",24325,"CD Atletico Baleares","id1000054461698010",NULL,NULL,NULL,NULL,NULL,NULL,NULL,NULL
"2026-05-03","10:00","segunda-federacion","spain",76317,"Club Deportiva Minera",5068,"CF Lorca Deportiva","id1000054461702738",NULL,NULL,NULL,NULL,NULL,NULL,NULL,NULL
"2026-05-03","10:15","eredivisie","netherlands",2968,"FC Volendam",2964,"SC Heerenveen","id1000003761320247",NULL,NULL,NULL,NULL,NULL,NULL,NULL,NULL
"2026-05-03","10:15","ekstraklasa","poland",3112,"GKS Katowice",36851,"Bruk-Bet Termalica Nieciecza","id1000020261062297",NULL,NULL,NULL,NULL,NULL,NULL,NULL,NULL
"2026-05-03","10:15","eredivisie-women","netherlands",37185,"AZ Alkmaar",178258,"SC Heerenveen","id1000227061895602",NULL,NULL,NULL,NULL,NULL,NULL,NULL,NULL
"2026-05-03","10:30","serie-a","italy",2685,"Bologna FC",2719,"Cagliari Calcio","id1000002361061627",NULL,NULL,NULL,NULL,NULL,NULL,NULL,NULL
"2026-05-03","10:30","serie-a-women","italy",924573,"Parma Calcio",826672,"Lazio Rome","id1002080862352448",NULL,NULL,NULL,NULL,NULL,NULL,NULL,NULL
"2026-05-03","10:30","parva-liga","bulgaria",364786,"FC Arda Kardzhali",3280,"PFC Cherno More Varna","id1000024770906718",NULL,NULL,NULL,NULL,NULL,NULL,NULL,NULL
"2026-05-03","10:30","i-league-2","india",307602,"Sudeva Delhi FC",1057631,"SC Bengaluru","id1004209370090072",NULL,NULL,NULL,NULL,NULL,NULL,NULL,NULL
"2026-05-03","10:30","bundesliga-srl","simulated-reality-league",1173109,"FC St Pauli Srl",694865,"FSV Mainz SRL","id1003221771077318",NULL,NULL,NULL,NULL,NULL,NULL,NULL,NULL
"2026-05-03","10:30","oberliga-hamburg","germany-amateur",1268628,"Ht 16 Hamburg",24081,"SV Curslack-Neuengamme 1919","id1000050967805560",NULL,NULL,NULL,NULL,NULL,NULL,NULL,NULL
"2026-05-03","10:45","bundesliga-women","austria-amateur",1268072,"FC Salzburg Frauen",278365,"FK Austria Wien","id1001419770633066",NULL,NULL,NULL,NULL,NULL,NULL,NULL,NULL
"2026-05-03","11:00","tercera-federacion-group-12","spain-amateur",336769,"UD San Fernando",1068234,"CD Tenerife C","id1002604063145981",NULL,NULL,NULL,NULL,NULL,NULL,NULL,NULL
"2026-05-03","11:00","tercera-federacion-group-12","spain-amateur",34755,"SD Tenisca",828292,"CD Herbania","id1002604063145985",NULL,NULL,NULL,NULL,NULL,NULL,NULL,NULL
"2026-05-03","11:00","cambodian-premier-league","cambodia",95619,"Boeung Ket Angkor FC",35605,"Phnom Penh Crown FC","id1001925069221018",NULL,NULL,NULL,NULL,NULL,NULL,NULL,NULL
"2026-05-03","11:00","tercera-federacion-group-12","spain-amateur",291068,"CD Union Sur Yaiza",113743,"UD Telde","id1002604063145989",NULL,NULL,NULL,NULL,NULL,NULL,NULL,NULL
"2026-05-03","11:00","2-liga-division-a","russia",347438,"FK Veles Moscow",728119,"Rodina-2","id1004030569280582",NULL,NULL,NULL,NULL,NULL,NULL,NULL,NULL
"2026-05-03","11:00","seconde-ligue-women","france",561528,"Saint Malo",78487,"R. Aveyron","id1004799262245464",NULL,NULL,NULL,NULL,NULL,NULL,NULL,NULL
"2026-05-03","11:00","damallsvenskan","sweden",224596,"Vaxjo DFF",32871,"Piteaa IF DFF","id1000021466918106",NULL,NULL,NULL,NULL,NULL,NULL,NULL,NULL
"2026-05-03","11:00","premier-league","chinese-taipei",505278,"Taiwan Power Company",411387,"New Taipei Hang Yuan","id1002691262778601",NULL,NULL,NULL,NULL,NULL,NULL,NULL,NULL
"2026-05-03","11:00","thai-league-1","thailand",321791,"Prachuap FC",672413,"Uthai Thani FC","id1000103266707776",NULL,NULL,NULL,NULL,NULL,NULL,NULL,NULL
"2026-05-03","11:00","srpska-liga","serbia",965225,"Pkb Padinska Skela",37125,"FK Teleoptik","id1004821366053434",NULL,NULL,NULL,NULL,NULL,NULL,NULL,NULL
"2026-05-03","11:00","premiership","scotland",2354,"Hibernian FC",2352,"Celtic Glasgow","id1000003670674816",NULL,NULL,NULL,NULL,NULL,NULL,NULL,NULL
"2026-05-03","11:00","thai-league-2","thailand",66562,"Police Tero FC",328105,"Nongbua Pitchaya FC","id1001923271128852",NULL,NULL,NULL,NULL,NULL,NULL,NULL,NULL
"2026-05-03","11:00","u19-super-league","greece",497148,"Asteras Tripolis",90136,"Olympiacos Piraeus","id1002638471166790",NULL,NULL,NULL,NULL,NULL,NULL,NULL,NULL
"2026-05-03","11:00","1-liga","czechia",2208,"FK Teplice",4871,"1. FC Slovacko Uherske Hradiste","id1000017271085570",NULL,NULL,NULL,NULL,NULL,NULL,NULL,NULL
"2026-05-03","11:00","i-league-2","india",750669,"FC Bengaluru United",372710,"Delhi FC","id1004209370090074",NULL,NULL,NULL,NULL,NULL,NULL,NULL,NULL
"2026-05-03","11:00","elitettan-women","sweden-amateur",7390,"KIF Orebro DFF",591701,"Trelleborgs FF","id1003894167473234",NULL,NULL,NULL,NULL,NULL,NULL,NULL,NULL
"2026-05-03","11:00","premier-league","chinese-taipei",567325,"Taichung Futuro FC",569347,"Ming Chuan University","id1002691262778599",NULL,NULL,NULL,NULL,NULL,NULL,NULL,NULL
"2026-05-03","11:00","nb-iii","hungary",25601,"III Keruleti Tve",36870,"Budapest Honved MFA","id1004795262180478",NULL,NULL,NULL,NULL,NULL,NULL,NULL,NULL
"2026-05-03","11:00","u19-dfb-nachwuchsliga","germany-amateur",43705,"VfL Osnabruck",74433,"Fortuna Cologne","id1002470267207982",NULL,NULL,NULL,NULL,NULL,NULL,NULL,NULL
"2026-05-03","11:00","kansallinen-liiga-women","finland",330865,"HPS",53385,"PK-35 Vantaa","id1000166267845740",NULL,NULL,NULL,NULL,NULL,NULL,NULL,NULL
"2026-05-03","11:00","srpska-liga","serbia",273783,"FK Buducnost Dobanovci",294330,"FK Brodarac","id1004821366053438",NULL,NULL,NULL,NULL,NULL,NULL,NULL,NULL
"2026-05-03","11:00","1liga","latvia",146784,"FK Smiltene/Bjss",106289,"JDFS Alberts","id1000067769501842",NULL,NULL,NULL,NULL,NULL,NULL,NULL,NULL
"2026-05-03","11:00","ettan-relegation/promotion","sweden",258613,"FC Stockholm Internazionale",21882,"Sollentuna FK","id1002741268310852",NULL,NULL,NULL,NULL,NULL,NULL,NULL,NULL
"2026-05-03","11:00","ii-lyga","lithuania",1007019,"FK Sirijus",147566,"FK Utenos Utenis","id1003406670161994",NULL,NULL,NULL,NULL,NULL,NULL,NULL,NULL
"2026-05-03","11:00","2-liga-division-b-group-4","russia",1238691,"Kdv Tomsk",21940,"FC Dynamo Barnaul","id1000109770252070",NULL,NULL,NULL,NULL,NULL,NULL,NULL,NULL
"2026-05-03","11:00","kolmonen","finland",1007667,"SJK-J",1243519,"Larsmo Bollklubb","id1004667169924082",NULL,NULL,NULL,NULL,NULL,NULL,NULL,NULL
"2026-05-03","11:00","cambodian-premier-league","cambodia",153476,"Nagaworld FC",513370,"MOI Kompong Dewa FC","id1001925069221016",NULL,NULL,NULL,NULL,NULL,NULL,NULL,NULL
"2026-05-03","11:00","tercera-federacion-group-12","spain-amateur",24370,"UD Villa Santa Brigida",77395,"CD Marino","id1002604063145987",NULL,NULL,NULL,NULL,NULL,NULL,NULL,NULL
"2026-05-03","11:00","tercera-federacion-group-12","spain-amateur",1044761,"San Bartolome CF",2866,"UD Lanzarote","id1002604063145979",NULL,NULL,NULL,NULL,NULL,NULL,NULL,NULL
"2026-05-03","11:00","tercera-federacion-group-12","spain-amateur",615604,"CD Atletico Paso",361494,"UD Las Palmas C","id1002604063145975",NULL,NULL,NULL,NULL,NULL,NULL,NULL,NULL
"2026-05-03","11:00","tercera-federacion-group-12","spain-amateur",233518,"Real Union de Tenerife Santa Cruz",493560,"UD Tamaraceite","id1002604063145977",NULL,NULL,NULL,NULL,NULL,NULL,NULL,NULL
"2026-05-03","11:00","srpska-liga","serbia",37129,"FK Kolubara Lazarevac",466295,"FK Torlak","id1004821366053430",NULL,NULL,NULL,NULL,NULL,NULL,NULL,NULL
"2026-05-03","11:00","china-league-1","china",252173,"Ningbo Professional FC",34694,"Changchun Yatai","id1000078269455846",NULL,NULL,NULL,NULL,NULL,NULL,NULL,NULL
"2026-05-03","11:00","cambodian-premier-league","cambodia",347986,"Angkor Tiger FC",153474,"Preah Khan Reach Svay Rieng FC","id1001925069221020",NULL,NULL,NULL,NULL,NULL,NULL,NULL,NULL
"2026-05-03","11:00","super-league-women","england-amateur",142658,"Manchester City WFC",66774,"Liverpool LFC","id1000104462322484",NULL,NULL,NULL,NULL,NULL,NULL,NULL,NULL
"2026-05-03","11:00","primavera-1","italy",1175349,"Atalanta BC",1175345,"ACF Fiorentina","id1000234061537634",NULL,NULL,NULL,NULL,NULL,NULL,NULL,NULL
"2026-05-03","11:00","oberliga-nofv-north","germany-amateur",6208,"TuS Makkabi Berlin",6202,"BSV Eintracht Mahlsdorf","id1000014561705350",NULL,NULL,NULL,NULL,NULL,NULL,NULL,NULL
"2026-05-03","11:00","tercera-federacion-group-12","spain-amateur",613902,"Arucas CF",216192,"CD Mensajero","id1002604063145973",NULL,NULL,NULL,NULL,NULL,NULL,NULL,NULL
"2026-05-03","11:00","tercera-federacion-group-12","spain-amateur",747703,"CD San Miguel",369324,"CF Panaderia Pulido","id1002604063145983",NULL,NULL,NULL,NULL,NULL,NULL,NULL,NULL
"2026-05-03","11:00","3rd-division-group-3","norway",872,"SK Brann 2",317991,"Aasane Fotball 2","id1002464667919850",NULL,NULL,NULL,NULL,NULL,NULL,NULL,NULL
"2026-05-03","11:00","v-league-1","vietnam",33129,"Song Lam Nghe An",33125,"Hoang Anh Gia Lai","id1000062668663396",NULL,NULL,NULL,NULL,NULL,NULL,NULL,NULL
"2026-05-03","11:00","super-league-women","england-amateur",301890,"Tottenham Hotspur FC",606004,"London City Lionesses","id1000104462322492",NULL,NULL,NULL,NULL,NULL,NULL,NULL,NULL
"2026-05-03","11:00","premier-league","kazakhstan",36688,"FC Kaspiy Aktau",36155,"FC Astana","id1000068269342814",NULL,NULL,NULL,NULL,NULL,NULL,NULL,NULL
"2026-05-03","11:00","camopeonato-femenino-women","paraguay",1122233,"Sportivo 2 de Mayo",1229795,"Recoleta FC","id1004675871188248",NULL,NULL,NULL,NULL,NULL,NULL,NULL,NULL
"2026-05-03","11:00","srpska-liga","serbia",522244,"FK Radnicki Beograd",458197,"FK Prva Iskra Baric","id1004821366053436",NULL,NULL,NULL,NULL,NULL,NULL,NULL,NULL
"2026-05-03","11:00","nb-iii","hungary",275249,"Debreceni VSC II",25614,"Putnok VSE","id1004795262160224",NULL,NULL,NULL,NULL,NULL,NULL,NULL,NULL
"2026-05-03","11:00","superettan","sweden",1836,"Ostersunds FK",1842,"IFK Varnamo","id1000004667126058",NULL,NULL,NULL,NULL,NULL,NULL,NULL,NULL
"2026-05-03","11:00","nb-iii","hungary",275275,"Bekescsaba 1912 Elore II",25595,"Esmtk Budapest","id1004795262180474",NULL,NULL,NULL,NULL,NULL,NULL,NULL,NULL
"2026-05-03","11:00","premier-league","kenya",242066,"Kakamega Homeboyz",134306,"Gor Mahia FC","id1000164471015660",NULL,NULL,NULL,NULL,NULL,NULL,NULL,NULL
"2026-05-03","11:00","2nd-division-group-2","norway",678,"Hoenefoss BK",250563,"Trygg/Lade","id1002463667915552",NULL,NULL,NULL,NULL,NULL,NULL,NULL,NULL
"2026-05-03","11:00","super-league","kenya",857347,"Mombasa United FC",552043,"Migori Youth FC","id1004893571166160",NULL,NULL,NULL,NULL,NULL,NULL,NULL,NULL
"2026-05-03","11:00","division-2-promotion-playoffs","sweden",210372,"BK Astrio",1815,"Qviding FIF","id1002078268377620",NULL,NULL,NULL,NULL,NULL,NULL,NULL,NULL
"2026-05-03","11:00","iii-liga-group-4","poland",720917,"Pogon Sokol Lubaczow",38728,"MKS Podlasie Biala Podlaska","id1002584162036218",NULL,NULL,NULL,NULL,NULL,NULL,NULL,NULL
"2026-05-03","11:15","a-lyga","lithuania",197434,"FK Panevezys",5345,"Vilnius FK Zalgiris","id1000019868954810",NULL,NULL,NULL,NULL,NULL,NULL,NULL,NULL
"2026-05-03","11:15","u19-allsvenskan","sweden-amateur",249951,"GAIS",249931,"Djurgardens IF","id1000253968309444",NULL,NULL,NULL,NULL,NULL,NULL,NULL,NULL
"2026-05-03","11:15","u19-allsvenskan","sweden-amateur",249939,"IF Brommapojkarna",227870,"Orebro SK","id1000253968309448",NULL,NULL,NULL,NULL,NULL,NULL,NULL,NULL
"2026-05-03","11:30","pro-league","belgium",5044,"Yellow-Red KV Mechelen",2903,"KAA Gent","id1000003870207420",NULL,NULL,NULL,NULL,NULL,NULL,NULL,NULL
"2026-05-03","11:30","national-league","england",78,"Carlisle United",36467,"Boreham Wood FC","id1000017371193110",NULL,NULL,NULL,NULL,NULL,NULL,NULL,NULL
"2026-05-03","11:30","3-liga","germany",2543,"MSV Duisburg",2532,"Energie Cottbus","id1000049161709672",NULL,NULL,NULL,NULL,NULL,NULL,NULL,NULL
"2026-05-03","11:30","2-bundesliga","germany",2553,"Karlsruher SC",2576,"SV Darmstadt 98","id1000004461515212",NULL,NULL,NULL,NULL,NULL,NULL,NULL,NULL
"2026-05-03","11:30","danmarksserien","denmark-amateur",1393,"Vorup FB",5111,"Esbjerg FB 2","id1003719570663736",NULL,NULL,NULL,NULL,NULL,NULL,NULL,NULL
"2026-05-03","11:30","2-bundesliga","germany",2551,"Greuther Furth",2523,"1 FC Nuremberg","id1000004461515216",NULL,NULL,NULL,NULL,NULL,NULL,NULL,NULL
"2026-05-03","11:30","2-bundesliga","germany",2591,"1. FC Magdeburg",2528,"Hertha BSC","id1000004461515210",NULL,NULL,NULL,NULL,NULL,NULL,NULL,NULL
"2026-05-03","11:30","china-league-1","china",245357,"Meizhou Hakka",1110231,"Shenzhen Juniors FC","id1000078269455850",NULL,NULL,NULL,NULL,NULL,NULL,NULL,NULL
"2026-05-03","11:30","thai-league-1","thailand",85743,"Ratchaburi FC",337511,"Rayong FC","id1000103266707778",NULL,NULL,NULL,NULL,NULL,NULL,NULL,NULL
"2026-05-03","11:30","3-snl","slovenia",2422,"NK IB Ljubljana",267763,"NK Ziri","id1004799862252140",NULL,NULL,NULL,NULL,NULL,NULL,NULL,NULL
"2026-05-03","11:30","premier-league","singapore",3043,"BG Tampines Rovers",3041,"Lion City Sailors FC","id1000063462040876",NULL,NULL,NULL,NULL,NULL,NULL,NULL,NULL
"2026-05-03","11:30","2-bundesliga","germany",2598,"SV 07 Elversberg",2561,"SC Paderborn 07","id1000004461515208",NULL,NULL,NULL,NULL,NULL,NULL,NULL,NULL
"2026-05-03","11:30","indian-super-league","india",118660,"Mohammedan SC",174600,"Mumbai City","id1000190068746478",NULL,NULL,NULL,NULL,NULL,NULL,NULL,NULL
"2026-05-03","11:30","oberliga-nofv-south","germany-amateur",1146943,"VfB Empor Glauchau",352090,"1. FC Lok Stendal","id1000015061706132",NULL,NULL,NULL,NULL,NULL,NULL,NULL,NULL
"2026-05-03","11:30","premier-league","russia",2334,"FK Sochi",24118,"FC Orenburg","id1000020361952216",NULL,NULL,NULL,NULL,NULL,NULL,NULL,NULL
"2026-05-03","11:30","2-bundesliga","germany",2541,"Hannover 96",2590,"SC Preussen 06 Munster","id1000004461515214",NULL,NULL,NULL,NULL,NULL,NULL,NULL,NULL
"2026-05-03","11:30","nb-i","hungary",6059,"Paksi FC",1921,"Debreceni VSC","id1000018761272919",NULL,NULL,NULL,NULL,NULL,NULL,NULL,NULL
"2026-05-03","11:30","china-league-1","china",754361,"Nanjing City",164044,"Suzhou Dongwu","id1000078269455848",NULL,NULL,NULL,NULL,NULL,NULL,NULL,NULL
"2026-05-03","11:30","1st-division-women","norway",429007,"Bryne FK",429019,"Frigg Oslo FK","id1001927267018356",NULL,NULL,NULL,NULL,NULL,NULL,NULL,NULL
"2026-05-03","11:45","1st-division-women","norway",738,"Klepp IL",7350,"Grei Kvinner Elite FK","id1001927267018358",NULL,NULL,NULL,NULL,NULL,NULL,NULL,NULL
"2026-05-03","12:00","super-league","kenya",988711,"Luanda Villa",981389,"Darajani Gogo FC","id1004893571166162",NULL,NULL,NULL,NULL,NULL,NULL,NULL,NULL
"2026-05-03","12:00","ii-liiga","estonia",328347,"Tartu JK Welco II",884953,"Tabasalu Ulasabat CF","id1004664570964614",NULL,NULL,NULL,NULL,NULL,NULL,NULL,NULL
"2026-05-03","12:00","thai-league-1","thailand",544779,"Lamphun Warriors FC",66566,"Chiangrai United","id1000103266707780",NULL,NULL,NULL,NULL,NULL,NULL,NULL,NULL
"2026-05-03","12:00","oberliga-niedersachsen","germany-amateur",5797,"Eintracht Braunschweig II",24095,"BSV SW Rehden","id1000081362279608",NULL,NULL,NULL,NULL,NULL,NULL,NULL,NULL
"2026-05-03","12:00","persha-liga","ukraine",435158,"MFC Metalurh Zaporizhya",407669,"FC Viktoriya Sumy","id1000069162493428",NULL,NULL,NULL,NULL,NULL,NULL,NULL,NULL
"2026-05-03","12:00","vysshaya-liga","belarus",3351,"FC Vitebsk",3358,"FC Slavia Mozyr","id1000016970986750",NULL,NULL,NULL,NULL,NULL,NULL,NULL,NULL
"2026-05-03","12:00","karnten-karntner-liga","austria-amateur",2168,"Nussdorf",364796,"KAC 1909","id1004378161898580",NULL,NULL,NULL,NULL,NULL,NULL,NULL,NULL
"2026-05-03","12:00","cup","uganda",366558,"URA FC",375412,"SC Villa","id1002374770928250",NULL,NULL,NULL,NULL,NULL,NULL,NULL,NULL
"2026-05-03","12:00","u20-catarinense-serie-a","brazil",237968,"Figueirense FC SC",287761,"Chapecoense SC","id1004688169688498",NULL,NULL,NULL,NULL,NULL,NULL,NULL,NULL
"2026-05-03","12:00","kolmonen","finland",1237283,"GrIFK/Akatemia",35323,"Mps","id1004667170654940",NULL,NULL,NULL,NULL,NULL,NULL,NULL,NULL
"2026-05-03","12:00","challenge-league","switzerland",2459,"AC Bellinzona",37390,"FC Rapperswil-Jona","id1000021666627084",NULL,NULL,NULL,NULL,NULL,NULL,NULL,NULL
"2026-05-03","12:00","1-division","denmark",22162,"Kolding IF",1305,"Hvidovre IF","id1000004770317880",NULL,NULL,NULL,NULL,NULL,NULL,NULL,NULL
"2026-05-03","12:00","danmarksserien","denmark-amateur",24944,"Hvidovre IF 2",25413,"Naestved IF","id1003719570663530",NULL,NULL,NULL,NULL,NULL,NULL,NULL,NULL
"2026-05-03","12:00","persha-liga","ukraine",211970,"FC Ingulets Petrove",621822,"Probiy Gorodenka","id1000069161840756",NULL,NULL,NULL,NULL,NULL,NULL,NULL,NULL
"2026-05-03","12:00","erste-liga","switzerland",25202,"FC La Sarraz-Eclepens",34764,"Stade Payerne","id1003705162216448",NULL,NULL,NULL,NULL,NULL,NULL,NULL,NULL
"2026-05-03","12:00","nb-iii","hungary",275255,"Monori SE",44149,"Szegedi Vasutas SE","id1004795262180482",NULL,NULL,NULL,NULL,NULL,NULL,NULL,NULL
"2026-05-03","12:00","regionalliga-northeast","germany-amateur",164518,"FC Hertha 03 Zehlendorf",24094,"FC Magdeburg II","id1000108361712354",NULL,NULL,NULL,NULL,NULL,NULL,NULL,NULL
"2026-05-03","12:00","oberliga-nofv-north","germany-amateur",5862,"FC Anker Wismar 1997",308032,"SV Sparta Lichtenberg","id1000014561705360",NULL,NULL,NULL,NULL,NULL,NULL,NULL,NULL
"2026-05-03","12:00","2-bundesliga-women","germany-amateur",43099,"VfL Bochum",1151795,"VfB Stuttgart","id1000232262063596",NULL,NULL,NULL,NULL,NULL,NULL,NULL,NULL
"2026-05-03","12:00","u19-prva-nl-juniori","croatia",155468,"NK Osijek",372472,"NK Sesvete","id1004806062415614",NULL,NULL,NULL,NULL,NULL,NULL,NULL,NULL
"2026-05-03","12:00","division-2-promotion-playoffs","sweden",1850,"Friska Viljor FC",417673,"Gottne IF","id1002078269539858",NULL,NULL,NULL,NULL,NULL,NULL,NULL,NULL
"2026-05-03","12:00","premier-league","kenya",1080282,"Nairobi United FC",242064,"Posta Rangers FC","id1000164463097505",NULL,NULL,NULL,NULL,NULL,NULL,NULL,NULL
"2026-05-03","12:00","schleswig-holstein-liga","germany-amateur",36573,"PSV Union Neumunster",1272466,"Kaltenkirchener Turnerschaft","id1000051262127476",NULL,NULL,NULL,NULL,NULL,NULL,NULL,NULL
"2026-05-03","12:00","division-2-promotion-playoffs","sweden",35625,"Bollstanas SK",1870,"IFK Lidingo FK","id1002078268320766",NULL,NULL,NULL,NULL,NULL,NULL,NULL,NULL
"2026-05-03","12:00","regionalliga-southwest","germany-amateur",2682,"Stuttgarter Kickers",5824,"FC 08 Homburg-Saar","id1000107961859502",NULL,NULL,NULL,NULL,NULL,NULL,NULL,NULL
"2026-05-03","12:00","1-division","denmark",1287,"Esbjerg FB",1297,"AC Horsens","id1000004770317940",NULL,NULL,NULL,NULL,NULL,NULL,NULL,NULL
"2026-05-03","12:00","1-division","denmark",22163,"Middelfart BK",4874,"Aarhus Fremad","id1000004770318220",NULL,NULL,NULL,NULL,NULL,NULL,NULL,NULL
"2026-05-03","12:00","schleswig-holstein-liga","germany-amateur",24102,"Heider SV",36574,"SV Eichede","id1000051262127478",NULL,NULL,NULL,NULL,NULL,NULL,NULL,NULL
"2026-05-03","12:00","2-bundesliga-women","germany-amateur",222382,"VfL Wolfsburg II",1034633,"1. FSV Mainz 05","id1000232262063608",NULL,NULL,NULL,NULL,NULL,NULL,NULL,NULL
"2026-05-03","12:00","regionalliga-northeast","germany-amateur",74483,"VSG Altglienicke",2592,"Chemnitzer FC","id1000108361712348",NULL,NULL,NULL,NULL,NULL,NULL,NULL,NULL
"2026-05-03","12:00","oberliga-hamburg","germany-amateur",214400,"FC Turkiye Wilhelmsburg",7828,"SC Victoria Hamburg 1895","id1000050967805520",NULL,NULL,NULL,NULL,NULL,NULL,NULL,NULL
"2026-05-03","12:00","2-liga-women","czechia",44170,"FC Teplice",739533,"SK Dynamo Ceske Budejovice","id1004799470966364",NULL,NULL,NULL,NULL,NULL,NULL,NULL,NULL
"2026-05-03","12:00","super-league","switzerland",2442,"FC St. Gallen 1879",2452,"FC Sion","id1000021570448366",NULL,NULL,NULL,NULL,NULL,NULL,NULL,NULL
"2026-05-03","12:00","allsvenskan","sweden",1758,"Hammarby IF",1775,"Vasteraas SK","id1000004067126520",NULL,NULL,NULL,NULL,NULL,NULL,NULL,NULL
"2026-05-03","12:00","laliga-2","spain",2835,"Racing Santander",24265,"SD Huesca","id1000005461623866",NULL,NULL,NULL,NULL,NULL,NULL,NULL,NULL
"2026-05-03","12:00","regionalliga-north","germany-amateur",24072,"Eintracht Norderstedt",738679,"Blau-Weiss Lohne","id1000004262284554",NULL,NULL,NULL,NULL,NULL,NULL,NULL,NULL
"2026-05-03","12:00","challenge-league","switzerland",2460,"Yverdon-Sport",2497,"Etoile Carouge FC","id1000021666627078",NULL,NULL,NULL,NULL,NULL,NULL,NULL,NULL
"2026-05-03","12:00","schleswig-holstein-liga","germany-amateur",4504,"VfR Neumunster",6178,"Holstein Kiel II","id1000051262127482",NULL,NULL,NULL,NULL,NULL,NULL,NULL,NULL
"2026-05-03","12:00","kolmonen","finland",41739,"Nups",41827,"Etela-Espoon Pallo","id1004667169920610",NULL,NULL,NULL,NULL,NULL,NULL,NULL,NULL
"2026-05-03","12:00","regionalliga-southwest","germany-amateur",2558,"Eintracht Trier",5781,"KSV Hessen Kassel","id1000107961859508",NULL,NULL,NULL,NULL,NULL,NULL,NULL,NULL
"2026-05-03","12:00","oberliga-nofv-south","germany-amateur",352088,"VfB 1921 Krieschow",732609,"RSV Eintracht Stahnsdorf 1949","id1000015061706134",NULL,NULL,NULL,NULL,NULL,NULL,NULL,NULL
"2026-05-03","12:00","liga-1","indonesia",800032,"Dewa United",86066,"Semen Padang FC","id1000101562083142",NULL,NULL,NULL,NULL,NULL,NULL,NULL,NULL
"2026-05-03","12:00","1-division","denmark",1290,"Aalborg BK",1392,"Hobro IK","id1000004770318224",NULL,NULL,NULL,NULL,NULL,NULL,NULL,NULL
"2026-05-03","12:00","regionalliga-north","germany-amateur",2531,"Hamburger SV II",447507,"1. FC Phonix Lubeck","id1000004262284564",NULL,NULL,NULL,NULL,NULL,NULL,NULL,NULL
"2026-05-03","12:00","2-liga-division-b-group-2","russia",71090,"FC Spartak-2 Moscow",916767,"Kosmos Dolgoprudny","id1000109970250612",NULL,NULL,NULL,NULL,NULL,NULL,NULL,NULL
"2026-05-03","12:00","pervaya-liga","belarus",451105,"FK Bumprom",36881,"FC Slutsk","id1000077670986708",NULL,NULL,NULL,NULL,NULL,NULL,NULL,NULL
"2026-05-03","12:00","u19-dfb-nachwuchsliga","germany-amateur",52883,"Rot-Weiss Oberhausen",213966,"SV Darmstadt 98","id1002470267207984",NULL,NULL,NULL,NULL,NULL,NULL,NULL,NULL
"2026-05-03","12:00","premier-league","kazakhstan",5356,"FK Atyrau",998457,"FC Altai Oskemen","id1000068269342812",NULL,NULL,NULL,NULL,NULL,NULL,NULL,NULL
"2026-05-03","12:00","danmarksserien","denmark-amateur",24994,"Ringkoebing IF",1349,"Aalborg Freja","id1003719570663528",NULL,NULL,NULL,NULL,NULL,NULL,NULL,NULL
"2026-05-03","12:00","kolmonen","finland",2267,"Pargas Idrottsforening",1127073,"Salon Palloilijat 2","id1004667169923136",NULL,NULL,NULL,NULL,NULL,NULL,NULL,NULL
"2026-05-03","12:00","bundesliga-women","austria-amateur",278355,"FC Sudburgenland",37190,"USV Neulengbach","id1001419770633260",NULL,NULL,NULL,NULL,NULL,NULL,NULL,NULL
"2026-05-03","12:00","regionalliga-west","germany-amateur",217116,"SC Paderborn 07 II",2683,"Fortuna Cologne","id1000049361853412",NULL,NULL,NULL,NULL,NULL,NULL,NULL,NULL
"2026-05-03","12:00","erste-liga","switzerland",916513,"Servette FC ",34766,"FC Monthey","id1003705162216440",NULL,NULL,NULL,NULL,NULL,NULL,NULL,NULL
"2026-05-03","12:00","2nd-division-group-1","norway",689,"SK Traeff",903,"Mjoendalen IF","id1002463867915784",NULL,NULL,NULL,NULL,NULL,NULL,NULL,NULL
"2026-05-03","12:00","oberliga-nofv-north","germany-amateur",2636,"Berliner AK 07",660297,"SD Croatia Berlin","id1000014561705358",NULL,NULL,NULL,NULL,NULL,NULL,NULL,NULL
"2026-05-03","12:00","b-liga-women","denmark",1274218,"Esbjerg FB",928003,"Viborg FF","id1004799667239134",NULL,NULL,NULL,NULL,NULL,NULL,NULL,NULL
"2026-05-03","12:00","2-bundesliga-women","germany-amateur",916853,"VfR Warbeyen",164544,"SG 99 Andernach","id1000232262063606",NULL,NULL,NULL,NULL,NULL,NULL,NULL,NULL
"2026-05-03","12:00","women-bundesliga","germany-amateur",5551,"SGS Essen-Schonebeck 19/68",36623,"Bayer Leverkusen","id1000023261970244",NULL,NULL,NULL,NULL,NULL,NULL,NULL,NULL
"2026-05-03","12:00","2-bundesliga-women","germany-amateur",222384,"Eintracht Frankfurt II",36639,"SC Sand","id1000232262063598",NULL,NULL,NULL,NULL,NULL,NULL,NULL,NULL
"2026-05-03","12:00","1-division","denmark",36095,"HB Koege",1298,"B93 Copenhagen","id1000004770318222",NULL,NULL,NULL,NULL,NULL,NULL,NULL,NULL
"2026-05-03","12:00","danmarksserien","denmark-amateur",1313,"Holstebro BK",1413,"Tarup-Paarup IF","id1003719570663738",NULL,NULL,NULL,NULL,NULL,NULL,NULL,NULL
"2026-05-03","12:00","oberliga-nofv-south","germany-amateur",108319,"SG Union Sandersdorf",2615,"FC Grimma","id1000015061706144",NULL,NULL,NULL,NULL,NULL,NULL,NULL,NULL
"2026-05-03","12:00","2-liga-division-b-group-4","russia",1238693,"FC Chelyabinsk 2",357474,"FC Ural-2 Yekaterinburg","id1000109770252066",NULL,NULL,NULL,NULL,NULL,NULL,NULL,NULL
"2026-05-03","12:00","allsvenskan","sweden",1892,"Malmo FF",1783,"Mjallby AIF","id1000004067126524",NULL,NULL,NULL,NULL,NULL,NULL,NULL,NULL
"2026-05-03","12:00","premier-league","kenya",633002,"Aps Bomet FC",138478,"Kenya Commercial Bank","id1000164471015658",NULL,NULL,NULL,NULL,NULL,NULL,NULL,NULL
"2026-05-03","12:00","laliga","spain",2821,"RC Celta de Vigo",2846,"Elche CF","id1000000861624602",NULL,NULL,NULL,NULL,NULL,NULL,NULL,NULL
"2026-05-03","12:00","superliga","denmark",1301,"Randers FC",4872,"Vejle BK","id1000003969653814",NULL,NULL,NULL,NULL,NULL,NULL,NULL,NULL
"2026-05-03","12:00","1-division","denmark",1756,"Lyngby BK",1371,"Hillerod Fodbold","id1000004770317938",NULL,NULL,NULL,NULL,NULL,NULL,NULL,NULL
"2026-05-03","12:00","2nd-division-group-1","norway",709,"FK Vidar",833,"Notodden FK","id1002463867915776",NULL,NULL,NULL,NULL,NULL,NULL,NULL,NULL
"2026-05-03","12:00","regionalliga-northeast","germany-amateur",2620,"FSV Zwickau",2578,"FC Rot-Weiss Erfurt","id1000108361712344",NULL,NULL,NULL,NULL,NULL,NULL,NULL,NULL
"2026-05-03","12:00","persha-liga","ukraine",3310,"FC Chernomorets Odessa",36382,"FC Prykarpattya Ivano-Frankivsk","id1000069161840752",NULL,NULL,NULL,NULL,NULL,NULL,NULL,NULL
"2026-05-03","12:00","kolmonen","finland",2267,"Pargas Idrottsforening",283687,"Peimari Utd","id1004667170683952",NULL,NULL,NULL,NULL,NULL,NULL,NULL,NULL
"2026-05-03","12:00","3rd-division","denmark",1323,"Nykoebing FC",1299,"Bronshoj BK","id1003482270730716",NULL,NULL,NULL,NULL,NULL,NULL,NULL,NULL
"2026-05-03","12:00","superliga","denmark",1286,"Odense Boldklub",1285,"Silkeborg IF","id1000003969653812",NULL,NULL,NULL,NULL,NULL,NULL,NULL,NULL
"2026-05-03","12:00","2-liga-division-a","russia",458707,"Leningradets",36498,"FC Irtysh Omsk","id1004030569280574",NULL,NULL,NULL,NULL,NULL,NULL,NULL,NULL
"2026-05-03","12:00","2-bundesliga-women","germany-amateur",36624,"Borussia Monchengladbach",108687,"Viktoria 89 Berlin","id1000232262063602",NULL,NULL,NULL,NULL,NULL,NULL,NULL,NULL
"2026-05-03","12:00","oberliga-nofv-south","germany-amateur",1267440,"1. SC 1911 Heiligenstadt",5563,"FSV Budissa Bautzen","id1000015061706136",NULL,NULL,NULL,NULL,NULL,NULL,NULL,NULL
"2026-05-03","12:00","oberliga-nofv-north","germany-amateur",2623,"TSG Neustrelitz",331639,"SV Tasmania Berlin","id1000014561705356",NULL,NULL,NULL,NULL,NULL,NULL,NULL,NULL
"2026-05-03","12:00","oberliga-hamburg","germany-amateur",24083,"TSV Buchholz 08",24080,"SC Vorwarts-Wacker Billstedt","id1000050967805562",NULL,NULL,NULL,NULL,NULL,NULL,NULL,NULL
"2026-05-03","12:00","ii-lyga","lithuania",726453,"Dfk Dainava B",1243827,"Vilnius Football Academy","id1003406670161996",NULL,NULL,NULL,NULL,NULL,NULL,NULL,NULL
"2026-05-03","12:00","bundesliga-women","austria-amateur",364228,"SCR Altach",741687,"First Vienna FC 1894","id1001419770633258",NULL,NULL,NULL,NULL,NULL,NULL,NULL,NULL
"2026-05-03","12:00","higher-league","ethiopia",1114759,"Gamo Chencha",1113277,"Halaba Ketema","id1005117271193174",NULL,NULL,NULL,NULL,NULL,NULL,NULL,NULL
"2026-05-03","12:00","superliga","uzbekistan",40268,"AGMK FC",36256,"FK Neftchi Fargona","id1000077268380386",NULL,NULL,NULL,NULL,NULL,NULL,NULL,NULL
"2026-05-03","12:00","kolmonen","finland",1237283,"GrIFK/Akatemia",283507,"Tikka","id1004667169920608",NULL,NULL,NULL,NULL,NULL,NULL,NULL,NULL
"2026-05-03","12:00","2-liga-division-a","russia",75181,"FC Kaluga",34421,"FC Volgar Astrakhan","id1004030569280576",NULL,NULL,NULL,NULL,NULL,NULL,NULL,NULL
"2026-05-03","12:00","oberliga-nofv-south","germany-amateur",74487,"Einheit Rudolstadt",5564,"VfB Germania Halberstadt","id1000015061706140",NULL,NULL,NULL,NULL,NULL,NULL,NULL,NULL
"2026-05-03","12:00","salzburg-salzburger-liga","austria-amateur",212206,"UFV Thalgau",6002,"SV Grodig","id1000127961906328",NULL,NULL,NULL,NULL,NULL,NULL,NULL,NULL
"2026-05-03","12:00","premier-league","armenia",364474,"FC Noah Yerevan",5214,"FC Pyunik Yerevan","id1000067170906468",NULL,NULL,NULL,NULL,NULL,NULL,NULL,NULL
"2026-05-03","12:00","2-bundesliga-women","germany-amateur",5542,"1. FFC Turbine Potsdam 71",222386,"Bayern Munich II","id1000232266123564",NULL,NULL,NULL,NULL,NULL,NULL,NULL,NULL
"2026-05-03","12:00","regionalliga-northeast","germany-amateur",5567,"ZFC Meuselwitz",270785,"BSG Chemie Leipzig","id1000108361712352",NULL,NULL,NULL,NULL,NULL,NULL,NULL,NULL
"2026-05-03","12:00","kakkonen-playoffs","finland",142654,"HIFK",66870,"Lahden Reipas","id1002691069108618",NULL,NULL,NULL,NULL,NULL,NULL,NULL,NULL
"2026-05-03","12:00","u20-mineiro-1-divisao","brazil",1327712,"AE Uberabinha MG",796778,"Nacional AC Muriae MG","id1004665168902020",NULL,NULL,NULL,NULL,NULL,NULL,NULL,NULL
"2026-05-03","12:00","premier-league","azerbaijan",24036,"Shamakhi FK",382568,"Sabah Masazir","id1000070963185757",NULL,NULL,NULL,NULL,NULL,NULL,NULL,NULL
"2026-05-03","12:00","oberliga-hamburg","germany-amateur",24082,"SV Halstenbek-Rellingen",509492,"Tura Harksheide","id1000050967805564",NULL,NULL,NULL,NULL,NULL,NULL,NULL,NULL
"2026-05-03","12:00","super-league","kenya",765582,"Mully Children Family FC",764522,"Soy United FC","id1004893571166152",NULL,NULL,NULL,NULL,NULL,NULL,NULL,NULL
"2026-05-03","12:00","super-league","kenya",555508,"Equity",138486,"Nairobi City Stars FC","id1004893571166158",NULL,NULL,NULL,NULL,NULL,NULL,NULL,NULL
"2026-05-03","12:00","super-league","kenya",1288783,"Kabati Youth FC",315365,"Nzoia Sugar FC","id1004893571166156",NULL,NULL,NULL,NULL,NULL,NULL,NULL,NULL
"2026-05-03","12:15","v-league-1","vietnam",40019,"The Cong - Viettel FC",330079,"Ninh Binh FC","id1000062668663398",NULL,NULL,NULL,NULL,NULL,NULL,NULL,NULL
"2026-05-03","12:30","primera-division","uruguay",3238,"CA Progreso",25009,"Cerro Largo FC","id1000027870893170",NULL,NULL,NULL,NULL,NULL,NULL,NULL,NULL
"2026-05-03","12:30","premier-league","ukraine",373230,"FC Metalist 1925 Kharkiv",350828,"FC Polissya Zhytomyr","id1000021861651628",NULL,NULL,NULL,NULL,NULL,NULL,NULL,NULL
"2026-05-03","12:30","bundesliga","austria",2203,"FK Austria Wien",2075,"TSV Hartberg","id1000004569751536",NULL,NULL,NULL,NULL,NULL,NULL,NULL,NULL
"2026-05-03","12:30","3-liga","slovakia",595590,"FK Podkonice",270859,"MSK Novohrad Lucenec","id1004753661940916",NULL,NULL,NULL,NULL,NULL,NULL,NULL,NULL
"2026-05-03","12:30","3-snl","slovenia",332145,"Rudar Trbovlje",25475,"NK Sencur","id1004799862252148",NULL,NULL,NULL,NULL,NULL,NULL,NULL,NULL
"2026-05-03","12:30","bremen-liga","germany-amateur",611282,"SV Hemelingen",742479,"TV Eiche Horn","id1000050862280162",NULL,NULL,NULL,NULL,NULL,NULL,NULL,NULL
"2026-05-03","12:30","hessenliga","germany-amateur",599008,"FC Tuba Pohlheim",1267004,"SV 1960 Hummetroth","id1000018461556600",NULL,NULL,NULL,NULL,NULL,NULL,NULL,NULL
"2026-05-03","12:30","ii-liga","poland",38719,"KS Hutnik Krakow SSA",7922,"Warta Poznan","id1000051561467255",NULL,NULL,NULL,NULL,NULL,NULL,NULL,NULL
"2026-05-03","12:30","2-liga-women","czechia",1001835,"SK Artis Brno",1001841,"SK Olomouc Sigma","id1004799470966366",NULL,NULL,NULL,NULL,NULL,NULL,NULL,NULL
"2026-05-03","12:30","u19-dfb-nachwuchsliga","germany-amateur",534097,"Hombrucher SV",52882,"TSV Alemannia Aachen","id1002470267208088",NULL,NULL,NULL,NULL,NULL,NULL,NULL,NULL
"2026-05-03","12:30","schleswig-holstein-liga","germany-amateur",603728,"SV Preussen 09 Reinfeld",43901,"SV Todesfelde","id1000051262127484",NULL,NULL,NULL,NULL,NULL,NULL,NULL,NULL
"2026-05-03","12:30","eredivisie","netherlands",2957,"Fortuna Sittard",2959,"Feyenoord Rotterdam","id1000003761320233",NULL,NULL,NULL,NULL,NULL,NULL,NULL,NULL
"2026-05-03","12:30","erste-liga","switzerland",211838,"FC Winterthur II",44249,"FC Wettswil-Bonstetten","id1003705162215478",NULL,NULL,NULL,NULL,NULL,NULL,NULL,NULL
"2026-05-03","12:30","regionalliga-west","austria-amateur",396574,"SV Kuchl",52803,"FC Pinzgau Saalfelden","id1000016761541386",NULL,NULL,NULL,NULL,NULL,NULL,NULL,NULL
"2026-05-03","12:30","eredivisie","netherlands",2971,"PEC Zwolle",2977,"Heracles Almelo","id1000003761320243",NULL,NULL,NULL,NULL,NULL,NULL,NULL,NULL
"2026-05-03","12:30","i-liga","poland",3105,"Ruch Chorzow",7916,"Odra Opole","id1000022961399017",NULL,NULL,NULL,NULL,NULL,NULL,NULL,NULL
"2026-05-03","12:30","toppserien-women","norway",743,"SK Brann",429005,"Hoenefoss BK","id1000020167017048",NULL,NULL,NULL,NULL,NULL,NULL,NULL,NULL
"2026-05-03","12:30","eliteserien","norway",664,"Lillestroem SK",822,"Sarpsborg 08","id1000002067015150",NULL,NULL,NULL,NULL,NULL,NULL,NULL,NULL
"2026-05-03","12:45","ekstraklasa","poland",3113,"Zaglebie Lubin",4901,"MKS Cracovia Krakow","id1000020261062289",NULL,NULL,NULL,NULL,NULL,NULL,NULL,NULL
"2026-05-03","13:00","liga-e-pare","kosovo",1039699,"KF Dinamo Ferizaj",1039701,"FC Suhareka","id1001423171134052",NULL,NULL,NULL,NULL,NULL,NULL,NULL,NULL
"2026-05-03","13:00","oberliga-hamburg","germany-amateur",1029279,"ETSV Hamburg",24076,"Niendorfer TSV 1919","id1000050967805526",NULL,NULL,NULL,NULL,NULL,NULL,NULL,NULL
"2026-05-03","13:00","serie-d-group-d","italy",834504,"Sangiuliano City FC",499914,"Calcio Desenzano","id1000138062740413",NULL,NULL,NULL,NULL,NULL,NULL,NULL,NULL
"2026-05-03","13:00","championship","south-africa",826604,"Venda FC",1281987,"Leicesterford City","id1000190663157241",NULL,NULL,NULL,NULL,NULL,NULL,NULL,NULL
"2026-05-03","13:00","liga-portugal-2","portugal",3003,"FC Pacos Ferreira",4501,"CD Feirense","id1000023961732260",NULL,NULL,NULL,NULL,NULL,NULL,NULL,NULL
"2026-05-03","13:00","serie-d-group-h","italy",43846,"AC Nardo",25154,"Barletta Calcio","id1000138862753891",NULL,NULL,NULL,NULL,NULL,NULL,NULL,NULL
"2026-05-03","13:00","elite-one","cameroon",471167,"Fauve Azur de Yaounde",471189,"Gazelle FA de Garoua","id1000100667724932",NULL,NULL,NULL,NULL,NULL,NULL,NULL,NULL
"2026-05-03","13:00","elite-one","cameroon",317961,"Stade Renard",317957,"Colombe Sportive Du Dja Et Lobo","id1000100670774964",NULL,NULL,NULL,NULL,NULL,NULL,NULL,NULL
"2026-05-03","13:00","mittelrheinliga","germany-amateur",6173,"SV Bergisch Gladbach 09",73170,"Hennef 05","id1000110562604602",NULL,NULL,NULL,NULL,NULL,NULL,NULL,NULL
"2026-05-03","13:00","2-liga-division-b-group-4","russia",357472,"FC Orenburg-2",7522,"FC Nosta Novotroitsk","id1000109770252068",NULL,NULL,NULL,NULL,NULL,NULL,NULL,NULL
"2026-05-03","13:00","serie-a","italy",2793,"Sassuolo Calcio",2692,"AC Milan","id1000002361061641",NULL,NULL,NULL,NULL,NULL,NULL,NULL,NULL
"2026-05-03","13:00","serie-d-group-a","italy",117238,"USD Lavagnese 1919",746587,"Varese FC","id1000137462734067",NULL,NULL,NULL,NULL,NULL,NULL,NULL,NULL
"2026-05-03","13:00","seconde-ligue-women","france",78499,"Toulouse FC",312206,"LOSC Lille","id1004799262245466",NULL,NULL,NULL,NULL,NULL,NULL,NULL,NULL
"2026-05-03","13:00","championnat-national-u19","france",494940,"USL Dunkerque",1274600,"AFC Creil","id1002627662274832",NULL,NULL,NULL,NULL,NULL,NULL,NULL,NULL
"2026-05-03","13:00","championnat-national-u19","france",734627,"US Avranches MSM",1167697,"SC Beaucouze","id1002627662276438",NULL,NULL,NULL,NULL,NULL,NULL,NULL,NULL
"2026-05-03","13:00","seconde-ligue-women","france",406491,"OGC Nice",659773,"Le Mans FC","id1004799262245470",NULL,NULL,NULL,NULL,NULL,NULL,NULL,NULL
"2026-05-03","13:00","serie-d-group-a","italy",117252,"Vado FC",2762,"Biellese","id1000137462734053",NULL,NULL,NULL,NULL,NULL,NULL,NULL,NULL
"2026-05-03","13:00","serie-d-group-f","italy",2721,"US Ancona 1905",170668,"Notaresco Calcio","id1000138462751971",NULL,NULL,NULL,NULL,NULL,NULL,NULL,NULL
"2026-05-03","13:00","premier-league","rwanda",380048,"AS Kigali",69322,"AL Hilal (SDN)","id1002016267782874",NULL,NULL,NULL,NULL,NULL,NULL,NULL,NULL
"2026-05-03","13:00","division-2-promotion-playoffs","sweden",22347,"Stenungsunds IF",802592,"IF Karlstad Fotbollutveckling","id1002078268320150",NULL,NULL,NULL,NULL,NULL,NULL,NULL,NULL
"2026-05-03","13:00","kolmonen","finland",2279,"Pallo Kerho 37",22389,"Kings SC Kuopio","id1004667169924472",NULL,NULL,NULL,NULL,NULL,NULL,NULL,NULL
"2026-05-03","13:00","damallsvenskan","sweden",1889,"Hacken Gothenburg",1878,"Djurgardens IF DFF","id1000021466918094",NULL,NULL,NULL,NULL,NULL,NULL,NULL,NULL
"2026-05-03","13:00","serie-d-group-b","italy",1154099,"Milan Futuro",1048261,"AVC Vogherese 1919","id1000137662735175",NULL,NULL,NULL,NULL,NULL,NULL,NULL,NULL
"2026-05-03","13:00","1-liga","russia",21946,"FC Volga Ulyanovsk",2314,"FC Sokol Saratov","id1000020471048120",NULL,NULL,NULL,NULL,NULL,NULL,NULL,NULL
"2026-05-03","13:00","serie-b-women","italy",659285,"San Marino Academy Calcio",1110947,"Freedom FC","id1004821562705691",NULL,NULL,NULL,NULL,NULL,NULL,NULL,NULL
"2026-05-03","13:00","oberliga-rheinland-pfalz","germany-amateur",1032601,"FC Cosmos Koblenz",43378,"SV Gonsenheim","id1000110962118942",NULL,NULL,NULL,NULL,NULL,NULL,NULL,NULL
"2026-05-03","13:00","serie-d-group-g","italy",619392,"Montespaccato Calcio",170660,"ASD Flaminia Civita Castellana","id1000138662752697",NULL,NULL,NULL,NULL,NULL,NULL,NULL,NULL
"2026-05-03","13:00","superliga","uzbekistan",194398,"FK Kokand 1912",23481,"FC Bunyodkor","id1000077268380382",NULL,NULL,NULL,NULL,NULL,NULL,NULL,NULL
"2026-05-03","13:00","oberliga-rheinland-pfalz","germany-amateur",268339,"FV Eppelborn",4899,"TUS Koblenz 1911","id1000110962118932",NULL,NULL,NULL,NULL,NULL,NULL,NULL,NULL
"2026-05-03","13:00","serie-b-women","italy",502838,"Hellas Verona",1055371,"Bologna FC","id1004821562705689",NULL,NULL,NULL,NULL,NULL,NULL,NULL,NULL
"2026-05-03","13:00","premier-league-2-women","scotland",575593,"Boroughmuir Thistle FC",190572,"Spartans WFC","id1004442569279910",NULL,NULL,NULL,NULL,NULL,NULL,NULL,NULL
"2026-05-03","13:00","serie-d-group-f","italy",2778,"AC San Marino Calcio",223502,"Sammaurese Calcio","id1000138462751983",NULL,NULL,NULL,NULL,NULL,NULL,NULL,NULL
"2026-05-03","13:00","serie-d-group-b","italy",746593,"USD Casatese Merate",834512,"AC Leon","id1000137662735181",NULL,NULL,NULL,NULL,NULL,NULL,NULL,NULL
"2026-05-03","13:00","serie-d-group-g","italy",933657,"Sarrabus Ogliastra",5314,"Olbia Calcio","id1000138662752703",NULL,NULL,NULL,NULL,NULL,NULL,NULL,NULL
"2026-05-03","13:00","serie-d-group-g","italy",935381,"US Palmese 1914",1278107,"Monastir","id1000138662752705",NULL,NULL,NULL,NULL,NULL,NULL,NULL,NULL
"2026-05-03","13:00","kategoria-e-pare","albania",1132293,"Af Luftetari",37141,"KS Pogradeci","id1000072269014384",NULL,NULL,NULL,NULL,NULL,NULL,NULL,NULL
"2026-05-03","13:00","serie-d-group-d","italy",1055809,"Pro Palazzolo",1273936,"Tropical Coriano","id1000138062740429",NULL,NULL,NULL,NULL,NULL,NULL,NULL,NULL
"2026-05-03","13:00","virsliga","latvia",162368,"Riga FC",146336,"FK Liepaja","id1000019768492498",NULL,NULL,NULL,NULL,NULL,NULL,NULL,NULL
"2026-05-03","13:00","serie-d-group-g","italy",2808,"ASD Nocerina 1910",113763,"SSD Ischia Calcio","id1000138662752699",NULL,NULL,NULL,NULL,NULL,NULL,NULL,NULL
"2026-05-03","13:00","schleswig-holstein-liga","germany-amateur",164662,"SV Eutin 08",1272468,"1 FC Phonix Lubeck II","id1000051262127488",NULL,NULL,NULL,NULL,NULL,NULL,NULL,NULL
"2026-05-03","13:00","ii-lyga","lithuania",570387,"FKS Ukmerge",331441,"FK Sirvena Birzai","id1003406670161998",NULL,NULL,NULL,NULL,NULL,NULL,NULL,NULL
"2026-05-03","13:00","serie-d-group-b","italy",117230,"US Folgore Caratese",175686,"Sondrio Calcio","id1000137662735183",NULL,NULL,NULL,NULL,NULL,NULL,NULL,NULL
"2026-05-03","13:00","serie-d-group-i","italy",117412,"ASD Gelbison",2800,"Gela","id1000139062754615",NULL,NULL,NULL,NULL,NULL,NULL,NULL,NULL
"2026-05-03","13:00","championship-league","tanzania",776282,"Mbuni FC",624454,"Polisi Tanzania FC","id1004893364067925",NULL,NULL,NULL,NULL,NULL,NULL,NULL,NULL
"2026-05-03","13:00","2-liga-division-b-group-2","russia",726617,"FC Tver",163326,"FC Chertanovo Moscow","id1000109970250610",NULL,NULL,NULL,NULL,NULL,NULL,NULL,NULL
"2026-05-03","13:00","serie-d-group-g","italy",117404,"ASD Anzio Calcio 1924",218154,"ASD Trastevere Calcio","id1000138662752691",NULL,NULL,NULL,NULL,NULL,NULL,NULL,NULL
"2026-05-03","13:00","superettan","sweden",1890,"Helsingborgs IF",1777,"IK Brage","id1000004667126054",NULL,NULL,NULL,NULL,NULL,NULL,NULL,NULL
"2026-05-03","13:00","premier-league","kazakhstan",5363,"FC Zhenis",5362,"Tobol Kostanay","id1000068269342826",NULL,NULL,NULL,NULL,NULL,NULL,NULL,NULL
"2026-05-03","13:00","serie-d-group-b","italy",621774,"USD Breno",493040,"Villa d'Alme Valle Brembana","id1000137662735191",NULL,NULL,NULL,NULL,NULL,NULL,NULL,NULL
"2026-05-03","13:00","championnat-national-u19","france",495602,"Valenciennes FC",495606,"Le Havre AC","id1002627662274844",NULL,NULL,NULL,NULL,NULL,NULL,NULL,NULL
"2026-05-03","13:00","elite-one","cameroon",470913,"Victoria United Limbe",802996,"Aigle Royal Du Moungo","id1000100667724938",NULL,NULL,NULL,NULL,NULL,NULL,NULL,NULL
"2026-05-03","13:00","championnat-national-u19","france",495598,"Amiens SC",90138,"Paris Saint-Germain FC","id1002627662274842",NULL,NULL,NULL,NULL,NULL,NULL,NULL,NULL
"2026-05-03","13:00","premier-league","kenya",1080282,"Nairobi United FC",138496,"Tusker Football Club","id1000164470823104",NULL,NULL,NULL,NULL,NULL,NULL,NULL,NULL
"2026-05-03","13:00","championnat-national-u19","france",495666,"EA Guingamp",1274610,"Stade Poitevin FC U19","id1002627662276430",NULL,NULL,NULL,NULL,NULL,NULL,NULL,NULL
"2026-05-03","13:00","serie-d-group-h","italy",117422,"FC Francavilla 1931",618312,"AC Afragolese","id1000138862753899",NULL,NULL,NULL,NULL,NULL,NULL,NULL,NULL
"2026-05-03","13:00","oberliga-westfalen","germany-amateur",609342,"Turkspor Dortmund 2000",609330,"TUS Hiltrup","id1000014662117998",NULL,NULL,NULL,NULL,NULL,NULL,NULL,NULL
"2026-05-03","13:00","serie-d-group-d","italy",621776,"SCD Progresso",368714,"ASD Sasso Marconi 1924","id1000138062740425",NULL,NULL,NULL,NULL,NULL,NULL,NULL,NULL
"2026-05-03","13:00","kolmonen","finland",1335300,"Kumu",283561,"Stps","id1004667169924644",NULL,NULL,NULL,NULL,NULL,NULL,NULL,NULL
"2026-05-03","13:00","championnat-national-u19","france",1274612,"Cavigal Nice SF U19",923119,"SC Air Bel","id1002627662276806",NULL,NULL,NULL,NULL,NULL,NULL,NULL,NULL
"2026-05-03","13:00","championnat-national-u19","france",120862,"Olympique Marseille",1274618,"Balma SC U19","id1002627662276810",NULL,NULL,NULL,NULL,NULL,NULL,NULL,NULL
"2026-05-03","13:00","serie-d-group-e","italy",170654,"ASD San Donato Tavarnelle",357042,"ASD Seravezza Pozzi Calcio","id1000138262751221",NULL,NULL,NULL,NULL,NULL,NULL,NULL,NULL
"2026-05-03","13:00","2-liga-division-b-group-2","russia",328327,"Luki-Energiya V.luki",784984,"Dinamo Vologda","id1000109970250616",NULL,NULL,NULL,NULL,NULL,NULL,NULL,NULL
"2026-05-03","13:00","championnat-national-u19","france",865803,"FC 93 Bobigny BG",734619,"Clermont Foot","id1002627662275242",NULL,NULL,NULL,NULL,NULL,NULL,NULL,NULL
"2026-05-03","13:00","serie-a-women","italy",373090,"ACF Fiorentina",865429,"SSD FC Como","id1002080862352442",NULL,NULL,NULL,NULL,NULL,NULL,NULL,NULL
"2026-05-03","13:00","nationale-1-acff","belgium",621878,"RSC Habay",2906,"R AEC Mons","id1004337369096454",NULL,NULL,NULL,NULL,NULL,NULL,NULL,NULL
"2026-05-03","13:00","serie-d-group-c","italy",43682,"AC Este",621772,"Luparense FC","id1000137862735805",NULL,NULL,NULL,NULL,NULL,NULL,NULL,NULL
"2026-05-03","13:00","premier-league-2-women","scotland",445395,"Queen's Park LFC",869993,"Gartcairn Wfc","id1004442569279914",NULL,NULL,NULL,NULL,NULL,NULL,NULL,NULL
"2026-05-03","13:00","serie-d-group-c","italy",281285,"USD Adriese 1906",1173873,"Brian Lignano Calcio","id1000137862735797",NULL,NULL,NULL,NULL,NULL,NULL,NULL,NULL
"2026-05-03","13:00","championnat-national-u19","france",613856,"C Chartres Football",391910,"Paris FC","id1002627662274840",NULL,NULL,NULL,NULL,NULL,NULL,NULL,NULL
"2026-05-03","13:00","serie-d-group-f","italy",466253,"Atletico Ascoli",2752,"Teramo Calcio","id1000138462751973",NULL,NULL,NULL,NULL,NULL,NULL,NULL,NULL
"2026-05-03","13:00","gamma-ethniki","greece",431243,"Ethnikos Keramidiou",617582,"Po Elassonas","id1004605370717222",NULL,NULL,NULL,NULL,NULL,NULL,NULL,NULL
"2026-05-03","13:00","kakkonen-playoffs","finland",283591,"FF Jaro Akademia",23531,"FC Vaajakoski","id1002691069108980",NULL,NULL,NULL,NULL,NULL,NULL,NULL,NULL
"2026-05-03","13:00","gamma-ethniki","greece",1278177,"Pas Pyrgos",561320,"Aris Petroupolis","id1004605370717246",NULL,NULL,NULL,NULL,NULL,NULL,NULL,NULL
"2026-05-03","13:00","serie-d-group-h","italy",223534,"Virtus Francavilla Calcio",76755,"ASD Sarnese 1926","id1000138862753907",NULL,NULL,NULL,NULL,NULL,NULL,NULL,NULL
"2026-05-03","13:00","superliga","kosovo",280003,"FC Ballkani",277847,"KF Llapi","id1001418971041422",NULL,NULL,NULL,NULL,NULL,NULL,NULL,NULL
"2026-05-03","13:00","kolmonen","finland",1243517,"Japs 47",1243515,"FC Lahti 69","id1004667169921742",NULL,NULL,NULL,NULL,NULL,NULL,NULL,NULL
"2026-05-03","13:00","prvaliga","slovenia",2410,"Mura Murska Sobota",2417,"FC Koper","id1000021261454171",NULL,NULL,NULL,NULL,NULL,NULL,NULL,NULL
"2026-05-03","13:00","2-liga-division-a","russia",7528,"FC Tekstilshchik Ivanovo",7520,"FC Mashuk-KMV Pyatigorsk","id1004030569280578",NULL,NULL,NULL,NULL,NULL,NULL,NULL,NULL
"2026-05-03","13:00","championship-league","tanzania",1184917,"Bigman FC",1293003,"B19 FC","id1004893370120600",NULL,NULL,NULL,NULL,NULL,NULL,NULL,NULL
"2026-05-03","13:00","serie-d-group-e","italy",2784,"USD Poggibonsi",117352,"Scandicci","id1000138262751217",NULL,NULL,NULL,NULL,NULL,NULL,NULL,NULL
"2026-05-03","13:00","premier-league-2-women","scotland",445409,"Dundee United WFC",445397,"Kilmarnock Lfc","id1004442569279912",NULL,NULL,NULL,NULL,NULL,NULL,NULL,NULL
"2026-05-03","13:00","2nd-division-group-1","norway",755,"Arendal FK",7472,"IL Sandviken","id1002463867915780",NULL,NULL,NULL,NULL,NULL,NULL,NULL,NULL
"2026-05-03","13:00","oberliga-niedersachsen","germany-amateur",24090,"VfV 06 Hildesheim",36516,"USI Lupo Martini Wolfsburg","id1000081362279606",NULL,NULL,NULL,NULL,NULL,NULL,NULL,NULL
"2026-05-03","13:00","kategoria-e-pare","albania",220340,"KF Korabi Peshkopi",53062,"KF Iliria Fushe-Kruje","id1000072269014374",NULL,NULL,NULL,NULL,NULL,NULL,NULL,NULL
"2026-05-03","13:00","championship-league","tanzania",238648,"African Sports Club",776284,"Kengold FC","id1004893370120598",NULL,NULL,NULL,NULL,NULL,NULL,NULL,NULL
"2026-05-03","13:00","serie-d-group-c","italy",620096,"Asd San Luigi Calcio",1278203,"Obermais","id1000137862735807",NULL,NULL,NULL,NULL,NULL,NULL,NULL,NULL
"2026-05-03","13:00","serie-d-group-e","italy",927029,"ASD Terranuova Traiana",933643,"Orvietana Calcio","id1000138262751225",NULL,NULL,NULL,NULL,NULL,NULL,NULL,NULL
"2026-05-03","13:00","serie-d-group-d","italy",113765,"AC Tuttocuoio 1957",1278211,"Trevigliese","id1000138062740427",NULL,NULL,NULL,NULL,NULL,NULL,NULL,NULL
"2026-05-03","13:00","serie-d-group-f","italy",117364,"US Recanatese",1044789,"Forsempronese 1949 SD ARL","id1000138462751981",NULL,NULL,NULL,NULL,NULL,NULL,NULL,NULL
"2026-05-03","13:00","serie-d-group-h","italy",1173915,"ASD Real Acerrana 1926",5325,"SS Manfredonia Calcio","id1000138862753893",NULL,NULL,NULL,NULL,NULL,NULL,NULL,NULL
"2026-05-03","13:00","oberliga-niederrhein","germany-amateur",5820,"VfB Homberg",108355,"VfB 03 Hilden","id1000110362200822",NULL,NULL,NULL,NULL,NULL,NULL,NULL,NULL
"2026-05-03","13:00","serie-d-group-b","italy",2744,"S.S.D. Virtus Ciseranobergamo 1909",618454,"USD Castellanzese 1921","id1000137662735179",NULL,NULL,NULL,NULL,NULL,NULL,NULL,NULL
"2026-05-03","13:00","nationale-1-acff","belgium",78645,"Crossing Schaerbeek",1179989,"Union Saint-Gilloise B","id1004337369096518",NULL,NULL,NULL,NULL,NULL,NULL,NULL,NULL
"2026-05-03","13:00","serie-d-group-e","italy",2709,"Siena 1904",283185,"SC Trestina","id1000138262751223",NULL,NULL,NULL,NULL,NULL,NULL,NULL,NULL
"2026-05-03","13:00","serie-d-group-i","italy",2720,"ACR Messina",44071,"SS Milazzo","id1000139062754611",NULL,NULL,NULL,NULL,NULL,NULL,NULL,NULL
"2026-05-03","13:00","serie-d-group-f","italy",834522,"Unipomezia 1938",921117,"FC Vigor Senigallia","id1000138462751987",NULL,NULL,NULL,NULL,NULL,NULL,NULL,NULL
"2026-05-03","13:00","serie-d-group-f","italy",2758,"Giulianova Calcio",117334,"AS Ostia Mare Lido Calcio","id1000138462751979",NULL,NULL,NULL,NULL,NULL,NULL,NULL,NULL
"2026-05-03","13:00","championnat-national-u19","france",495678,"AS Saint-Etienne",495686,"GFC Ajaccio","id1002627662276814",NULL,NULL,NULL,NULL,NULL,NULL,NULL,NULL
"2026-05-03","13:00","serie-d-group-d","italy",2700,"Piacenza Calcio 1919",368702,"AC Crema 1908","id1000138062740417",NULL,NULL,NULL,NULL,NULL,NULL,NULL,NULL
"2026-05-03","13:00","championship-league","tanzania",587903,"Geita Gold FC",1184919,"Songea United","id1004893364067915",NULL,NULL,NULL,NULL,NULL,NULL,NULL,NULL
"2026-05-03","13:00","mittelrheinliga","germany-amateur",1277908,"Sportfreunde Duren",652870,"TuS BW Konigsdorf","id1000110562604606",NULL,NULL,NULL,NULL,NULL,NULL,NULL,NULL
"2026-05-03","13:00","elite-one","cameroon",317961,"Stade Renard",62214,"Aigle Royal","id1000100667724936",NULL,NULL,NULL,NULL,NULL,NULL,NULL,NULL
"2026-05-03","13:00","damallsvenskan","sweden",102033,"IFK Norrkoping DFK",112689,"Eskilstuna United DFF","id1000021466918102",NULL,NULL,NULL,NULL,NULL,NULL,NULL,NULL
"2026-05-03","13:00","schleswig-holstein-liga","germany-amateur",24099,"FC Kilia Kiel",1031355,"MTSV Hohenwestedt","id1000051262127490",NULL,NULL,NULL,NULL,NULL,NULL,NULL,NULL
"2026-05-03","13:00","serie-d-group-g","italy",117390,"SSD Albalonga",25153,"Scafatese Calcio 1922","id1000138662752689",NULL,NULL,NULL,NULL,NULL,NULL,NULL,NULL
"2026-05-03","13:00","nationale-1-acff","belgium",739069,"Union Rochefortoise",2931,"Royal Excelsior Virton","id1004337369096450",NULL,NULL,NULL,NULL,NULL,NULL,NULL,NULL
"2026-05-03","13:00","championnat-national-u19","france",174568,"AS Monaco",425649,"Montpellier HSC","id1002627662276808",NULL,NULL,NULL,NULL,NULL,NULL,NULL,NULL
"2026-05-03","13:00","serie-d-group-a","italy",828586,"Club Milano SSD",117244,"ACD Asti Calcio","id1000137462734051",NULL,NULL,NULL,NULL,NULL,NULL,NULL,NULL
"2026-05-03","13:00","serie-d-group-c","italy",1271610,"Fcd Conegliano 1907",1271584,"Unione La Rocca Altavilla","id1000137862735813",NULL,NULL,NULL,NULL,NULL,NULL,NULL,NULL
"2026-05-03","13:00","serie-d-group-g","italy",25144,"ASD Cassino Calcio 1924",1182769,"Atletico Lodigiani","id1000138662752695",NULL,NULL,NULL,NULL,NULL,NULL,NULL,NULL
"2026-05-03","13:00","kategoria-e-pare","albania",37120,"Apolonia Fier",37137,"KS Burreli","id1000072269014382",NULL,NULL,NULL,NULL,NULL,NULL,NULL,NULL
"2026-05-03","13:00","elite-one","cameroon",412579,"AS Fortuna",42575,"Coton Sport de Garoua","id1000100667724926",NULL,NULL,NULL,NULL,NULL,NULL,NULL,NULL
"2026-05-03","13:00","championnat-national-u19","france",495636,"FC Metz",222416,"Olympique Lyon","id1002627662275236",NULL,NULL,NULL,NULL,NULL,NULL,NULL,NULL
"2026-05-03","13:00","karnten-karntner-liga","austria-amateur",460289,"SV Donau Klagenfurt",460297,"Tsu Matrei","id1004378161898574",NULL,NULL,NULL,NULL,NULL,NULL,NULL,NULL
"2026-05-03","13:00","oberliga-niedersachsen","germany-amateur",217112,"Heeslinger SC",42600,"MTV Wolfenbuttel","id1000081362279602",NULL,NULL,NULL,NULL,NULL,NULL,NULL,NULL
"2026-05-03","13:00","serie-d-group-d","italy",117328,"Correggese Calcio 1948",2772,"Pro Sesto","id1000138062740419",NULL,NULL,NULL,NULL,NULL,NULL,NULL,NULL
"2026-05-03","13:00","serie-d-group-h","italy",476270,"US Citta Di Fasano",7934,"Paganese Calcio","id1000138862753895",NULL,NULL,NULL,NULL,NULL,NULL,NULL,NULL
"2026-05-03","13:00","kategoria-e-pare","albania",5221,"KF Lushnja",37124,"Kastrioti Kruje","id1000072269014380",NULL,NULL,NULL,NULL,NULL,NULL,NULL,NULL
"2026-05-03","13:00","serie-d-group-i","italy",5327,"Vigor Lamezia",2807,"Igea Virtus Barcellona","id1000139062754627",NULL,NULL,NULL,NULL,NULL,NULL,NULL,NULL
"2026-05-03","13:00","oberliga-niedersachsen","germany-amateur",6008,"SV Wilhelmshaven",164596,"SC Spelle-Venhaus","id1000081362279604",NULL,NULL,NULL,NULL,NULL,NULL,NULL,NULL
"2026-05-03","13:00","serie-d-group-b","italy",621770,"Caldiero Terme",219094,"ASD Varesina Calcio","id1000137662735189",NULL,NULL,NULL,NULL,NULL,NULL,NULL,NULL
"2026-05-03","13:00","serie-d-group-d","italy",117318,"Imolese Calcio",1278209,"Rovato Vertovese","id1000138062740421",NULL,NULL,NULL,NULL,NULL,NULL,NULL,NULL
"2026-05-03","13:00","championship-league","tanzania",1067456,"Barberian FC",1090545,"Gunners FC","id1004893370120602",NULL,NULL,NULL,NULL,NULL,NULL,NULL,NULL
"2026-05-03","13:00","serie-d-group-f","italy",170664,"G.S.D. Castelfidardo Calcio",1053645,"ASD Sora Calcio 1907","id1000138462751977",NULL,NULL,NULL,NULL,NULL,NULL,NULL,NULL
"2026-05-03","13:00","championnat-national-u19","france",373868,"AC Ajaccio",495672,"Bastia SC","id1002627662276816",NULL,NULL,NULL,NULL,NULL,NULL,NULL,NULL
"2026-05-03","13:00","i-league","india",923063,"Diamond Harbour FC",862153,"Sreenidi Deccan FC","id1000084870962950",NULL,NULL,NULL,NULL,NULL,NULL,NULL,NULL
"2026-05-03","13:00","kategoria-e-pare","albania",53064,"FK Kukesi",5216,"Besa Kavaje","id1000072269014376",NULL,NULL,NULL,NULL,NULL,NULL,NULL,NULL
"2026-05-03","13:00","super-league-women","england-amateur",26243,"Arsenal WFC",36704,"Everton FC","id1000104462322488",NULL,NULL,NULL,NULL,NULL,NULL,NULL,NULL
"2026-05-03","13:00","serie-d-group-i","italy",223522,"Reggina 1914",1173953,"AS Sambiase","id1000139062754619",NULL,NULL,NULL,NULL,NULL,NULL,NULL,NULL
"2026-05-03","13:00","serie-d-group-i","italy",25157,"US Vibonese Calcio",2809,"ASD Citta di Acireale 1946","id1000139062754625",NULL,NULL,NULL,NULL,NULL,NULL,NULL,NULL
"2026-05-03","13:00","championnat-national-u19","france",1274602,"SC Schiltigheim U19",495626,"Dijon FCO","id1002627662275232",NULL,NULL,NULL,NULL,NULL,NULL,NULL,NULL
"2026-05-03","13:00","mittelrheinliga","germany-amateur",5813,"FC Wegberg-Beeck",299162,"VfL Vichttal","id1000110562604608",NULL,NULL,NULL,NULL,NULL,NULL,NULL,NULL
"2026-05-03","13:00","u19","ukraine",739751,"FC Rukh LVIV",107731,"FC Zorya Lugansk","id1000130761941462",NULL,NULL,NULL,NULL,NULL,NULL,NULL,NULL
"2026-05-03","13:00","serie-d-group-a","italy",746589,"ASD Imperia 1923",1278201,"Celle Varazze","id1000137462734057",NULL,NULL,NULL,NULL,NULL,NULL,NULL,NULL
"2026-05-03","13:00","oberliga-westfalen","germany-amateur",6013,"Rot Weiss Ahlen",6213,"TSG 1881 Sprockhovel","id1000014662118004",NULL,NULL,NULL,NULL,NULL,NULL,NULL,NULL
"2026-05-03","13:00","serie-d-group-b","italy",746597,"SSD Real Calepina FC",281267,"Usd Scanzorosciate Calcio","id1000137662735187",NULL,NULL,NULL,NULL,NULL,NULL,NULL,NULL
"2026-05-03","13:00","oberliga-niedersachsen","germany-amateur",1031155,"SV Meppen II",276283,"TuS Bersenbruck","id1000081362279594",NULL,NULL,NULL,NULL,NULL,NULL,NULL,NULL
"2026-05-03","13:00","championnat-national-u19","france",224744,"Stade Reims",734611,"Montfermeil FC","id1002627662275240",NULL,NULL,NULL,NULL,NULL,NULL,NULL,NULL
"2026-05-03","13:00","serie-b-women","italy",1278117,"Como 1907",944085,"SS Arezzo","id1004821562705687",NULL,NULL,NULL,NULL,NULL,NULL,NULL,NULL
"2026-05-03","13:00","serie-d-group-i","italy",1173939,"SSD Nissa FC",746705,"ASD Paterno Calcio","id1000139062754617",NULL,NULL,NULL,NULL,NULL,NULL,NULL,NULL
"2026-05-03","13:00","oberliga-niederrhein","germany-amateur",608446,"DJK Adler Union Frintrop",917185,"SC St. Tonis 11/20","id1000110362200824",NULL,NULL,NULL,NULL,NULL,NULL,NULL,NULL
"2026-05-03","13:00","serie-d-group-f","italy",2748,"Chieti FC 1922",117378,"Maceratese","id1000138462751975",NULL,NULL,NULL,NULL,NULL,NULL,NULL,NULL
"2026-05-03","13:00","championship-league","tanzania",238656,"Kagera Sugar",776284,"Kengold FC","id1004893364067913",NULL,NULL,NULL,NULL,NULL,NULL,NULL,NULL
"2026-05-03","13:00","serie-d-group-e","italy",223506,"GSD Ghiviborgo VDS",2785,"US Grosseto","id1000138262751215",NULL,NULL,NULL,NULL,NULL,NULL,NULL,NULL
"2026-05-03","13:00","championnat-national-u19","france",495604,"SM Caen",495600,"LOSC Lille","id1002627662274838",NULL,NULL,NULL,NULL,NULL,NULL,NULL,NULL
"2026-05-03","13:00","serie-b-women","italy",171122,"ACF Brescia",743337,"Asd Vicenza Calcio","id1004821562705699",NULL,NULL,NULL,NULL,NULL,NULL,NULL,NULL
"2026-05-03","13:00","premier-league","rwanda",513672,"AS Muhanga",380060,"Bugesera FC","id1002016267782876",NULL,NULL,NULL,NULL,NULL,NULL,NULL,NULL
"2026-05-03","13:00","elite-one","cameroon",317957,"Colombe Sportive Du Dja Et Lobo",62220,"Panthere Sportive","id1000100667724930",NULL,NULL,NULL,NULL,NULL,NULL,NULL,NULL
"2026-05-03","13:00","serie-d-group-e","italy",170662,"Vivi Altotevere Sansepolcro",117312,"Camaiore","id1000138262751227",NULL,NULL,NULL,NULL,NULL,NULL,NULL,NULL
"2026-05-03","13:00","super-league","malaysia",3331,"Negeri Sembilan",991029,"Melaka FC","id1000100061974248",NULL,NULL,NULL,NULL,NULL,NULL,NULL,NULL
"2026-05-03","13:00","serie-b-women","italy",1278119,"Venezia",1278121,"Frosinone","id1004821562705693",NULL,NULL,NULL,NULL,NULL,NULL,NULL,NULL
"2026-05-03","13:00","karnten-karntner-liga","austria-amateur",548487,"SC St. Veit",2142,"SAK Celovec/Klagenfurt","id1004378161898584",NULL,NULL,NULL,NULL,NULL,NULL,NULL,NULL
"2026-05-03","13:00","seconde-ligue-women","france",168810,"Metz FC",1271688,"AJ Auxerre","id1004799262245472",NULL,NULL,NULL,NULL,NULL,NULL,NULL,NULL
"2026-05-03","13:00","serie-d-group-h","italy",281379,"FBC Gravina",25140,"ASD Real Normanna","id1000138862753901",NULL,NULL,NULL,NULL,NULL,NULL,NULL,NULL
"2026-05-03","13:00","schleswig-holstein-liga","germany-amateur",1031353,"TSV Nordmark Satrup",363632,"Inter Turkspor Kiel","id1000051262127486",NULL,NULL,NULL,NULL,NULL,NULL,NULL,NULL
"2026-05-03","13:00","bundesliga-women","austria-amateur",278363,"Linz AG Blau-Weiss / Kleinmunchen",1081222,"LASK","id1001419770633262",NULL,NULL,NULL,NULL,NULL,NULL,NULL,NULL
"2026-05-03","13:00","serie-d-group-a","italy",734591,"AC Saluzzo Calcio",117226,"Derthona FBC 1908 ASD","id1000137462734061",NULL,NULL,NULL,NULL,NULL,NULL,NULL,NULL
"2026-05-03","13:00","kategoria-e-pare","albania",5224,"Skenderbeu Korce",37121,"KF Laci","id1000072269014378",NULL,NULL,NULL,NULL,NULL,NULL,NULL,NULL
"2026-05-03","13:00","championship","south-africa",276679,"Cape Town City FC",1198829,"Gomora United","id1000190663157239",NULL,NULL,NULL,NULL,NULL,NULL,NULL,NULL
"2026-05-03","13:00","championship-league","tanzania",1067456,"Barberian FC",1293003,"B19 FC","id1004893364067921",NULL,NULL,NULL,NULL,NULL,NULL,NULL,NULL
"2026-05-03","13:00","championship-league","tanzania",689399,"Mbeya Kwanza FC",238672,"Stand United FC","id1004893364067919",NULL,NULL,NULL,NULL,NULL,NULL,NULL,NULL
"2026-05-03","13:00","serie-d-group-i","italy",34990,"AC Savoia 1908",281389,"ASD Sancataldese Calcio","id1000139062754621",NULL,NULL,NULL,NULL,NULL,NULL,NULL,NULL
"2026-05-03","13:00","championnat-national-u19","france",453075,"Angers SCO",532511,"Vertou Ussa","id1002627662276432",NULL,NULL,NULL,NULL,NULL,NULL,NULL,NULL
"2026-05-03","13:00","championnat-national-u19","france",1167687,"Racing Club de France 92",494936,"US Quevilly-Rouen Metropole","id1002627662274836",NULL,NULL,NULL,NULL,NULL,NULL,NULL,NULL
"2026-05-03","13:00","serie-d-group-g","italy",834276,"Real Monterotondo Scalo",1278105,"Valmontone","id1000138662752701",NULL,NULL,NULL,NULL,NULL,NULL,NULL,NULL
"2026-05-03","13:00","championnat-national-u19","france",453073,"FC Nantes",1167745,"EA Saint-Renan","id1002627662276440",NULL,NULL,NULL,NULL,NULL,NULL,NULL,NULL
"2026-05-03","13:00","oberliga-westfalen","germany-amateur",422921,"SpVgg Vreden 1921",5837,"FC Eintracht Rheine","id1000014662118000",NULL,NULL,NULL,NULL,NULL,NULL,NULL,NULL
"2026-05-03","13:00","hessenliga","germany-amateur",36020,"FC 1931 Eddersheim",678713,"Csc 03 Kassel","id1000018461556602",NULL,NULL,NULL,NULL,NULL,NULL,NULL,NULL
"2026-05-03","13:00","championship-league","tanzania",1090563,"Hausang FC",689379,"Transit Camp FC","id1004893364067923",NULL,NULL,NULL,NULL,NULL,NULL,NULL,NULL
"2026-05-03","13:00","serie-d-group-g","italy",117396,"Budoni Calcio",117382,"Sassari Calcio Latte Dolce","id1000138662752693",NULL,NULL,NULL,NULL,NULL,NULL,NULL,NULL
"2026-05-03","13:00","serie-d-group-d","italy",2723,"Pistoiese FC",1115485,"Cittadella Vis Modena","id1000138062740415",NULL,NULL,NULL,NULL,NULL,NULL,NULL,NULL
"2026-05-03","13:00","championship-league","tanzania",1184917,"Bigman FC",1090545,"Gunners FC","id1004893364067917",NULL,NULL,NULL,NULL,NULL,NULL,NULL,NULL
"2026-05-03","13:00","mocambola","mozambique",317565,"Ferroviario Da Beira",1296919,"Liga Desportiva De Sofala","id1002057671031726",NULL,NULL,NULL,NULL,NULL,NULL,NULL,NULL
"2026-05-03","13:00","mocambola","mozambique",1264337,"Chingale De TeTe",317855,"UD Do Songo","id1002057671031724",NULL,NULL,NULL,NULL,NULL,NULL,NULL,NULL
"2026-05-03","13:00","ii-liiga","estonia",266119,"Viimsi JK II",384648,"Paide Linnameeskond","id1004664570964616",NULL,NULL,NULL,NULL,NULL,NULL,NULL,NULL
"2026-05-03","13:00","liga-e-pare","kosovo",277843,"KF Liria Prizren",277831,"KF Besa Peje","id1001423171134060",NULL,NULL,NULL,NULL,NULL,NULL,NULL,NULL
"2026-05-03","13:00","liga-e-pare","kosovo",275019,"KF Feronikeli",279975,"KF Istogu","id1001423171134058",NULL,NULL,NULL,NULL,NULL,NULL,NULL,NULL
"2026-05-03","13:00","liga-e-pare","kosovo",279997,"KF Vushtrria",763168,"FC Prizreni","id1001423171134056",NULL,NULL,NULL,NULL,NULL,NULL,NULL,NULL
"2026-05-03","13:00","segunda-division","paraguay",90968,"Resistencia SC",36439,"Sol de America Villa Elisa","id1000125471146920",NULL,NULL,NULL,NULL,NULL,NULL,NULL,NULL
"2026-05-03","13:00","gamma-ethniki","greece",284535,"Ethnikos OFPF",7015,"APS Zakynthos","id1004605370717244",NULL,NULL,NULL,NULL,NULL,NULL,NULL,NULL
"2026-05-03","13:00","liga-e-pare","kosovo",923253,"KF Vjosa",280005,"KF Ramiz Sadiku","id1001423171134054",NULL,NULL,NULL,NULL,NULL,NULL,NULL,NULL
"2026-05-03","13:00","segunda-division","paraguay",818704,"Club General Caballero JLM",47974,"Independiente Campo Grande","id1000125471146922",NULL,NULL,NULL,NULL,NULL,NULL,NULL,NULL
"2026-05-03","13:00","mocambola","mozambique",463215,"Ferroviario de Nampula",463213,"Ferroviario de Nacala","id1002057671031732",NULL,NULL,NULL,NULL,NULL,NULL,NULL,NULL
"2026-05-03","13:00","mocambola","mozambique",554140,"Baia de Pemba FC",1250637,"Desportivo de Pemba","id1002057671031730",NULL,NULL,NULL,NULL,NULL,NULL,NULL,NULL
"2026-05-03","13:00","mocambola","mozambique",246137,"Ferroviario de Maputo",457559,"Black Bulls FC","id1002057671031734",NULL,NULL,NULL,NULL,NULL,NULL,NULL,NULL
"2026-05-03","13:00","super-league","zambia",134316,"Nkana FC",195274,"Nchanga Rangers","id1000214271183686",NULL,NULL,NULL,NULL,NULL,NULL,NULL,NULL
"2026-05-03","13:00","super-league","zambia",247353,"Kabwe Warriors",195270,"Napsa Stars","id1000214271183682",NULL,NULL,NULL,NULL,NULL,NULL,NULL,NULL
"2026-05-03","13:00","camopeonato-femenino-women","paraguay",585615,"Nacional - Humaita",879053,"Sportivo Ameliano","id1004675871188250",NULL,NULL,NULL,NULL,NULL,NULL,NULL,NULL
"2026-05-03","13:00","liga-e-pare","kosovo",923249,"KF Rilindja 1974",370826,"KF Kika","id1001423171134062",NULL,NULL,NULL,NULL,NULL,NULL,NULL,NULL
"2026-05-03","13:00","oberliga-niedersachsen","germany-amateur",53030,"SV Holthausen-Biene",24084,"Luneburger SK Hansa","id1000081362279600",NULL,NULL,NULL,NULL,NULL,NULL,NULL,NULL
"2026-05-03","13:00","serie-d-group-e","italy",2740,"AC Prato 1908",2780,"Aquila Montevarchi","id1000138262751219",NULL,NULL,NULL,NULL,NULL,NULL,NULL,NULL
"2026-05-03","13:00","championnat-national-u19","france",495616,"AJ Auxerre",495624,"Estac Troyes","id1002627662275230",NULL,NULL,NULL,NULL,NULL,NULL,NULL,NULL
"2026-05-03","13:00","serie-d-group-c","italy",223490,"A.C. Mestre",4485,"Treviso FBC 1993","id1000137862735809",NULL,NULL,NULL,NULL,NULL,NULL,NULL,NULL
"2026-05-03","13:00","erste-liga","switzerland",35153,"FC Langenthal",2475,"SV Muttenz","id1003705162216046",NULL,NULL,NULL,NULL,NULL,NULL,NULL,NULL
"2026-05-03","13:00","serie-d-group-c","italy",281275,"AC Vigasio",117262,"Legnago Salus","id1000137862735803",NULL,NULL,NULL,NULL,NULL,NULL,NULL,NULL
"2026-05-03","13:00","tirol-regionalliga-tirol","austria-amateur",569281,"SC Mils",753721,"SK Ebbs","id1002968271023126",NULL,NULL,NULL,NULL,NULL,NULL,NULL,NULL
"2026-05-03","13:00","serie-d-group-c","italy",5295,"FC Bassano 1903 ASD",223494,"FC Calvi Noale","id1000137862735799",NULL,NULL,NULL,NULL,NULL,NULL,NULL,NULL
"2026-05-03","13:00","premier-league","rwanda",380068,"Musanze FC",380066,"SC Kiyovu ","id1002016267782878",NULL,NULL,NULL,NULL,NULL,NULL,NULL,NULL
"2026-05-03","13:00","championnat-national-u19","france",1167749,"Olympique Rovenain",495690,"OGC Nice","id1002627662276812",NULL,NULL,NULL,NULL,NULL,NULL,NULL,NULL
"2026-05-03","13:00","mittelrheinliga","germany-amateur",612256,"SpVg Porz",364498,"FC Pesch","id1000110562604604",NULL,NULL,NULL,NULL,NULL,NULL,NULL,NULL
"2026-05-03","13:00","serie-d-group-d","italy",223500,"Lentigione Calcio",926919,"ASD Sant'Angelo","id1000138062740423",NULL,NULL,NULL,NULL,NULL,NULL,NULL,NULL
"2026-05-03","13:00","nationale-1-acff","belgium",44021,"RFC Meux",2909,"Royale Union Tubize-Braine","id1004337369096452",NULL,NULL,NULL,NULL,NULL,NULL,NULL,NULL
"2026-05-03","13:00","ykkosliiga","finland",22372,"Ekenas Idrottsforening",2255,"FC KTP Kotka","id1000005567604796",NULL,NULL,NULL,NULL,NULL,NULL,NULL,NULL
"2026-05-03","13:00","serie-d-group-a","italy",117250,"USD Sestri Levante 1919",5322,"SSD Sanremese Calcio","id1000137462734065",NULL,NULL,NULL,NULL,NULL,NULL,NULL,NULL
"2026-05-03","13:00","nationale-1-acff","belgium",626946,"RRC Stockay-Warfusee",7977,"UR Namur","id1004337369096516",NULL,NULL,NULL,NULL,NULL,NULL,NULL,NULL
"2026-05-03","13:00","championnat-national-u19","france",975723,"Aas Sarcelles",495608,"US Orleans","id1002627662274834",NULL,NULL,NULL,NULL,NULL,NULL,NULL,NULL
"2026-05-03","13:00","oberliga-niedersachsen","germany-amateur",75855,"1. FC Germania Egestorf/Langreder",352802,"SV Atlas Delmenhorst","id1000081362279598",NULL,NULL,NULL,NULL,NULL,NULL,NULL,NULL
"2026-05-03","13:00","serie-d-group-a","italy",117272,"AC Gozzano",1173857,"ASD Cairese 1919","id1000137462734055",NULL,NULL,NULL,NULL,NULL,NULL,NULL,NULL
"2026-05-03","13:00","oberliga-westfalen","germany-amateur",5838,"SV Lippstadt 08",5846,"SpVgg Erkenschwick","id1000014662487630",NULL,NULL,NULL,NULL,NULL,NULL,NULL,NULL
"2026-05-03","13:00","superliga","kosovo",279991,"KF Dukagjini",277833,"KF Drenica Skenderaj","id1001418971041420",NULL,NULL,NULL,NULL,NULL,NULL,NULL,NULL
"2026-05-03","13:00","ettan-relegation/promotion","sweden",1774,"Umea FC",22238,"Karlbergs BK","id1002741268310856",NULL,NULL,NULL,NULL,NULL,NULL,NULL,NULL
"2026-05-03","13:00","premier-league","england",60,"AFC Bournemouth",7,"Crystal Palace","id1000001761301201",NULL,NULL,NULL,NULL,NULL,NULL,NULL,NULL
"2026-05-03","13:00","ligue-1","france",1643,"Lille OSC",1662,"Le Havre AC","id1000003461526558",NULL,NULL,NULL,NULL,NULL,NULL,NULL,NULL
"2026-05-03","13:00","serie-b-women","italy",388808,"Res Roma",1276640,"Asd Trastevere Calcio","id1004821562705697",NULL,NULL,NULL,NULL,NULL,NULL,NULL,NULL
"2026-05-03","13:00","ettan-relegation/promotion","sweden",1873,"Piteaa IF",342150,"FC Arlanda","id1002741268310854",NULL,NULL,NULL,NULL,NULL,NULL,NULL,NULL
"2026-05-03","13:00","serie-d-group-b","italy",1173861,"Oltrepo FBC",621736,"ASD Calcio Brusaporto","id1000137662735177",NULL,NULL,NULL,NULL,NULL,NULL,NULL,NULL
"2026-05-03","13:00","erste-liga","switzerland",353924,"FC Besa Biel/Bienne",354088,"FC Bassecourt","id1003705162216056",NULL,NULL,NULL,NULL,NULL,NULL,NULL,NULL
"2026-05-03","13:00","championnat-national-u19","france",1274608,"FC Saint Lo Manche U19",495638,"Stade Lavallois Mayenne","id1002627662276442",NULL,NULL,NULL,NULL,NULL,NULL,NULL,NULL
"2026-05-03","13:00","serie-d-group-e","italy",5304,"ASD Citta di Foligno 1928",499922,"ASD Cannara","id1000138262751211",NULL,NULL,NULL,NULL,NULL,NULL,NULL,NULL
"2026-05-03","13:00","serie-d-group-b","italy",2694,"AC Chievo Verona",2766,"FC Pavia 1911","id1000137662735185",NULL,NULL,NULL,NULL,NULL,NULL,NULL,NULL
"2026-05-03","13:00","serie-d-group-i","italy",117428,"ASD Ragusa Calcio",1278839,"Ssd Athletic Club Palermo","id1000139062754623",NULL,NULL,NULL,NULL,NULL,NULL,NULL,NULL
"2026-05-03","13:00","championnat-national-u19","france",422905,"Stade Rennais FC",1274606,"Stade Briochin U19","id1002627662276436",NULL,NULL,NULL,NULL,NULL,NULL,NULL,NULL
"2026-05-03","13:00","serie-d-group-h","italy",1278103,"Heraclea",1272346,"Asd Ferrandina 17890","id1000138862753903",NULL,NULL,NULL,NULL,NULL,NULL,NULL,NULL
"2026-05-03","13:00","serie-d-group-c","italy",5316,"Portogruaro Calcio",24744,"Union Clodiense","id1000137862735811",NULL,NULL,NULL,NULL,NULL,NULL,NULL,NULL
"2026-05-03","13:00","championnat-national-u19","france",495634,"Sochaux-Montbeliard",1274604,"AS Saint-Priest U19","id1002627662275234",NULL,NULL,NULL,NULL,NULL,NULL,NULL,NULL
"2026-05-03","13:00","championship-league","tanzania",952393,"Tma FC",238648,"African Sports Club","id1004893364067927",NULL,NULL,NULL,NULL,NULL,NULL,NULL,NULL
"2026-05-03","13:00","elite-one","cameroon",42577,"Canon Sportif Yaounde",471169,"Dynamo de Douala","id1000100667724928",NULL,NULL,NULL,NULL,NULL,NULL,NULL,NULL
"2026-05-03","13:00","serie-d-group-i","italy",1173933,"ASD Castrumfavara",1173937,"Enna Calcio SCSD","id1000139062754613",NULL,NULL,NULL,NULL,NULL,NULL,NULL,NULL
"2026-05-03","13:00","oberliga-westfalen","germany-amateur",561594,"SC Preussen Munster II",5848,"SV Schermbeck","id1000014662118008",NULL,NULL,NULL,NULL,NULL,NULL,NULL,NULL
"2026-05-03","13:00","superliga","kosovo",277839,"SC Gjilani",277837,"KF Ferizaj","id1001418971041418",NULL,NULL,NULL,NULL,NULL,NULL,NULL,NULL
"2026-05-03","13:00","oberliga-westfalen","germany-amateur",671115,"TSV Victoria Clarholz",166162,"ASC 09 Dortmund","id1000014662118006",NULL,NULL,NULL,NULL,NULL,NULL,NULL,NULL
"2026-05-03","13:00","serie-d-group-a","italy",223340,"SCD Ligorna 1922",823400,"SSD Novaromentin","id1000137462734063",NULL,NULL,NULL,NULL,NULL,NULL,NULL,NULL
"2026-05-03","13:00","championnat-national-u19","france",441708,"Toulouse FC",399451,"US Colomiers","id1002627662276818",NULL,NULL,NULL,NULL,NULL,NULL,NULL,NULL
"2026-05-03","13:00","oberliga-niederrhein","germany-amateur",75729,"SV Sonsbeck",75745,"TSV Meerbusch","id1000110362200830",NULL,NULL,NULL,NULL,NULL,NULL,NULL,NULL
"2026-05-03","13:00","serie-d-group-c","italy",223496,"ACD Campodarsego Calcio",345762,"ASD Cjarlins Muzane","id1000137862735801",NULL,NULL,NULL,NULL,NULL,NULL,NULL,NULL
"2026-05-03","13:00","serie-d-group-f","italy",111201,"Termoli",2747,"L’Aquila Calcio 1927","id1000138462751985",NULL,NULL,NULL,NULL,NULL,NULL,NULL,NULL
"2026-05-03","13:00","serie-b-women","italy",659287,"Cesena FC",1278115,"Lumezzane","id1004821562705695",NULL,NULL,NULL,NULL,NULL,NULL,NULL,NULL
"2026-05-03","13:00","premiership","south-africa",7665,"Mamelodi Sundowns",25002,"Polokwane City","id1000035862670429",NULL,NULL,NULL,NULL,NULL,NULL,NULL,NULL
"2026-05-03","13:00","serie-d-group-e","italy",599932,"US Follonica Gavorrano",933647,"Tau Calcio Altopascio","id1000138262751213",NULL,NULL,NULL,NULL,NULL,NULL,NULL,NULL
"2026-05-03","13:00","premier-league","rwanda",380056,"Mukura VS",667213,"Rutsiro FC","id1002016267782872",NULL,NULL,NULL,NULL,NULL,NULL,NULL,NULL
"2026-05-03","13:00","serie-d-group-a","italy",2775,"Valenzana Mado",933627,"Chisola Calcio","id1000137462734059",NULL,NULL,NULL,NULL,NULL,NULL,NULL,NULL
"2026-05-03","13:00","championnat-national-u19","france",495612,"Dijon ASPTT",495628,"RC Strasbourg Alsace","id1002627662275238",NULL,NULL,NULL,NULL,NULL,NULL,NULL,NULL
"2026-05-03","13:00","nationale-1-acff","belgium",1147937,"Royal Charleroi SC B",912463,"SL16 Football Campus","id1004337369096520",NULL,NULL,NULL,NULL,NULL,NULL,NULL,NULL
"2026-05-03","13:00","elite-one","cameroon",471189,"Gazelle FA de Garoua",470913,"Victoria United Limbe","id1000100670774966",NULL,NULL,NULL,NULL,NULL,NULL,NULL,NULL
"2026-05-03","13:00","gamma-ethniki","greece",6348,"Panthrakikos FC Komotini",1177703,"Apollon Kalamarias","id1004605370717220",NULL,NULL,NULL,NULL,NULL,NULL,NULL,NULL
"2026-05-03","13:00","premier-league","kenya",633006,"Muranga Seal",134306,"Gor Mahia FC","id1000164463097507",NULL,NULL,NULL,NULL,NULL,NULL,NULL,NULL
"2026-05-03","13:00","serie-d-group-h","italy",117426,"Asd SS Nola 1925",2756,"ASD Martina Calcio 1947","id1000138862753905",NULL,NULL,NULL,NULL,NULL,NULL,NULL,NULL
"2026-05-03","13:00","elite-one","cameroon",536821,"Pwd Bamenda",62232,"Unisport Du Haut Nkam","id1000100667724934",NULL,NULL,NULL,NULL,NULL,NULL,NULL,NULL
"2026-05-03","13:00","serie-d-group-h","italy",2798,"Fidelis Andria",1173935,"FC Pompei","id1000138862753897",NULL,NULL,NULL,NULL,NULL,NULL,NULL,NULL
"2026-05-03","13:15","oberliga-niederrhein","germany-amateur",745535,"SV Biemenhorst",5809,"1. FC Kleve","id1000110362200832",NULL,NULL,NULL,NULL,NULL,NULL,NULL,NULL
"2026-05-03","13:15","parva-liga","bulgaria",5241,"Botev Plovdiv",3272,"PFC Lokomotiv Plovdiv","id1000024770906720",NULL,NULL,NULL,NULL,NULL,NULL,NULL,NULL
"2026-05-03","13:30","bremen-liga","germany-amateur",166158,"Leher TS",852481,"Atsv Sebaldsbruck","id1000050862280164",NULL,NULL,NULL,NULL,NULL,NULL,NULL,NULL
"2026-05-03","13:30","1-liga","czechia",4502,"FC Viktoria Plzen",2217,"FC Hradec Kralove","id1000017271085518",NULL,NULL,NULL,NULL,NULL,NULL,NULL,NULL
"2026-05-03","13:30","oberliga-westfalen","germany-amateur",593802,"SG Finnentrop/Bamenohl",671137,"SC Verl II","id1000014662118010",NULL,NULL,NULL,NULL,NULL,NULL,NULL,NULL
"2026-05-03","13:30","girabola","angola",134310,"Kabuscorp SCP",203457,"Sagrada Esperanca","id1000217171188252",NULL,NULL,NULL,NULL,NULL,NULL,NULL,NULL
"2026-05-03","13:30","1st-deild","faroe-islands",5192,"FC Suduroy",36136,"FC Hoyvik","id1000067467993554",NULL,NULL,NULL,NULL,NULL,NULL,NULL,NULL
"2026-05-03","13:30","super-league-women","england-amateur",438552,"Leicester City WFC",66768,"Chelsea FC","id1000104462322494",NULL,NULL,NULL,NULL,NULL,NULL,NULL,NULL
"2026-05-03","13:30","mittelrheinliga","germany-amateur",273107,"Siegburger SV 04",611338,"Fortuna Koln II","id1000110562604610",NULL,NULL,NULL,NULL,NULL,NULL,NULL,NULL
"2026-05-03","13:30","mittelrheinliga","germany-amateur",726425,"Teutonia Weiden",465779,"1. FC Duren","id1000110562604614",NULL,NULL,NULL,NULL,NULL,NULL,NULL,NULL
"2026-05-03","13:30","bundesliga","germany",2526,"FC St. Pauli",2556,"FSV Mainz","id1000003561514180",NULL,NULL,NULL,NULL,NULL,NULL,NULL,NULL
"2026-05-03","13:30","oberliga-niederrhein","germany-amateur",608442,"FC Buderich 02",217120,"SpVg Schonnebeck 1910","id1000110362200836",NULL,NULL,NULL,NULL,NULL,NULL,NULL,NULL
"2026-05-03","13:30","oberliga-westfalen","germany-amateur",75867,"TuS Ennepetal",4897,"Arminia Bielefeld II","id1000014662491218",NULL,NULL,NULL,NULL,NULL,NULL,NULL,NULL
"2026-05-03","13:30","mittelrheinliga","germany-amateur",465783,"SPVG Frechen 20",112441,"SSV Merten","id1000110562604612",NULL,NULL,NULL,NULL,NULL,NULL,NULL,NULL
"2026-05-03","13:30","mittelrheinliga","germany-amateur",855495,"SSV Bornheim",680791,"SV Eintracht Hohkeppel","id1000110562604616",NULL,NULL,NULL,NULL,NULL,NULL,NULL,NULL
"2026-05-03","13:55","omani-league","oman",652894,"Ibri",57439,"Sur SC","id1000096571166666",NULL,NULL,NULL,NULL,NULL,NULL,NULL,NULL
"2026-05-03","14:00","promotion-dhonneur","luxembourg",46352,"The Belval Belvaux",37258,"FC Koeppchen Wormeldange","id1000072361789380",NULL,NULL,NULL,NULL,NULL,NULL,NULL,NULL
"2026-05-03","14:00","super-league","greece",3241,"OFI Crete",3252,"Aris Thessaloniki","id1000018570231924",NULL,NULL,NULL,NULL,NULL,NULL,NULL,NULL
"2026-05-03","14:00","2nd-division-group-1","norway",729,"Pors Grenland",94839,"Sotra SK","id1002463867915788",NULL,NULL,NULL,NULL,NULL,NULL,NULL,NULL
"2026-05-03","14:00","women-bundesliga","germany-amateur",23954,"FC Carl Zeiss Jena",5550,"SC Freiburg","id1000023261970250",NULL,NULL,NULL,NULL,NULL,NULL,NULL,NULL
"2026-05-03","14:00","super-league-women","greece",383292,"Trikala 2011",368168,"OFI","id1002022663575605",NULL,NULL,NULL,NULL,NULL,NULL,NULL,NULL
"2026-05-03","14:00","super-league-women","greece",1189119,"AE Kifisia Wfc",383422,"Agia Paraskevi WFC","id1002022663575611",NULL,NULL,NULL,NULL,NULL,NULL,NULL,NULL
"2026-05-03","14:00","u19-division-de-honor-juvenil","spain",513662,"Cadiz CF",391082,"San Felix CD U19","id1004834362943533",NULL,NULL,NULL,NULL,NULL,NULL,NULL,NULL
"2026-05-03","14:00","1-lyga","lithuania",724773,"FA Siauliai B",784444,"Hegelmann Litauen B","id1000067669670684",NULL,NULL,NULL,NULL,NULL,NULL,NULL,NULL
"2026-05-03","14:00","2-mfl","north-macedonia",276311,"Golemo Konjari",43873,"FK Prespa Resen","id1000071870480842",NULL,NULL,NULL,NULL,NULL,NULL,NULL,NULL
"2026-05-03","14:00","campeonato-nacional-women","portugal",522396,"SF Damaiense",502654,"CS Maritimo Madeira","id1001927463442529",NULL,NULL,NULL,NULL,NULL,NULL,NULL,NULL
"2026-05-03","14:00","division-nationale","luxembourg",5383,"AS La Jeunesse D Esch/Alzette",5378,"Union Titus Petange","id1000069061788890",NULL,NULL,NULL,NULL,NULL,NULL,NULL,NULL
"2026-05-03","14:00","promotion-dhonneur","luxembourg",82803,"US Feulen",180408,"Alisontia Steinsel","id1000072361789376",NULL,NULL,NULL,NULL,NULL,NULL,NULL,NULL
"2026-05-03","14:00","u19-division-de-honor-juvenil","spain",1280261,"Arenas Armilla CD U19",516740,"UD Almeria","id1004834362943531",NULL,NULL,NULL,NULL,NULL,NULL,NULL,NULL
"2026-05-03","14:00","u19-division-de-honor-juvenil","spain",222410,"Sevilla FC",1280293,"CD Mosquito U19","id1004834362943541",NULL,NULL,NULL,NULL,NULL,NULL,NULL,NULL
"2026-05-03","14:00","premier-league","egypt",43566,"Haras El Hodood",43561,"Talaea El Gaish","id1000080869880276",NULL,NULL,NULL,NULL,NULL,NULL,NULL,NULL
"2026-05-03","14:00","u19-division-de-honor-juvenil","spain",445831,"Cordoba CF",154824,"Malaga CF","id1004834362943535",NULL,NULL,NULL,NULL,NULL,NULL,NULL,NULL
"2026-05-03","14:00","u19-division-de-honor-juvenil","spain",521090,"La Canada UCD Atletico",506010,"Granada CF","id1004834362943537",NULL,NULL,NULL,NULL,NULL,NULL,NULL,NULL
"2026-05-03","14:00","first-division","united-arab-emirates",290576,"Al-Hamriyah",170590,"Fujairah FC","id1001923862067428",NULL,NULL,NULL,NULL,NULL,NULL,NULL,NULL
"2026-05-03","14:00","division-2-promotion-playoffs","sweden",1801,"Nykopings BIS",22263,"FOC Farsta","id1002078268377502",NULL,NULL,NULL,NULL,NULL,NULL,NULL,NULL
"2026-05-03","14:00","1-mfl","north-macedonia",43576,"GFK Tikvesh 1930",924577,"FK Arsimi 1973","id1000019970023830",NULL,NULL,NULL,NULL,NULL,NULL,NULL,NULL
"2026-05-03","14:00","1-mfl","north-macedonia",299146,"FC Struga Trim Lum",262015,"FK AP Brera Strumica","id1000019970023836",NULL,NULL,NULL,NULL,NULL,NULL,NULL,NULL
"2026-05-03","14:00","nb-i","hungary",1924,"Ujpest FC Budapest",1925,"Ferencvarosi Budapest","id1000018761272917",NULL,NULL,NULL,NULL,NULL,NULL,NULL,NULL
"2026-05-03","14:00","promotion-dhonneur","luxembourg",38996,"SC Bettembourg",5385,"FC Mondercange","id1000072361789378",NULL,NULL,NULL,NULL,NULL,NULL,NULL,NULL
"2026-05-03","14:00","karnten-karntner-liga","austria-amateur",211904,"ASKO Kottmannsdorf",2161,"ATUS Ferlach","id1004378161898578",NULL,NULL,NULL,NULL,NULL,NULL,NULL,NULL
"2026-05-03","14:00","pro-liga","uzbekistan",1121785,"Olimpik Mobiuz",1332866,"FC Kattaqorgon","id1002347770314440",NULL,NULL,NULL,NULL,NULL,NULL,NULL,NULL
"2026-05-03","14:00","kolmonen","finland",35392,"FC Futura",996617,"Toukolan Teras/Tapio","id1004667169921744",NULL,NULL,NULL,NULL,NULL,NULL,NULL,NULL
"2026-05-03","14:00","vysshaya-liga","belarus",3350,"Bate Borisov",3353,"FC Brest","id1000016970986752",NULL,NULL,NULL,NULL,NULL,NULL,NULL,NULL
"2026-05-03","14:00","primera-federacion","spain",24351,"Merida AD",24332,"CD Lugo","id1003483461685682",NULL,NULL,NULL,NULL,NULL,NULL,NULL,NULL
"2026-05-03","14:00","division-nationale","luxembourg",37263,"US Hostert",46350,"FC Mamer 32","id1000069061788884",NULL,NULL,NULL,NULL,NULL,NULL,NULL,NULL
"2026-05-03","14:00","super-league-women","greece",1054025,"Asteras Tripolis",350238,"Odysseas Moschatou WFC","id1002022663575613",NULL,NULL,NULL,NULL,NULL,NULL,NULL,NULL
"2026-05-03","14:00","division-nationale","luxembourg",7605,"FC Differdange 03",46353,"FC Una Strassen","id1000069061788892",NULL,NULL,NULL,NULL,NULL,NULL,NULL,NULL
"2026-05-03","14:00","u19-division-de-honor-juvenil","spain",1280261,"Arenas Armilla CD U19",516740,"UD Almeria","id1004834367383164",NULL,NULL,NULL,NULL,NULL,NULL,NULL,NULL
"2026-05-03","14:00","premier-league","faroe-islands",5187,"HB Torshavn",36145,"AB Argir","id1000067367849972",NULL,NULL,NULL,NULL,NULL,NULL,NULL,NULL
"2026-05-03","14:00","1-deild-women","iceland",444506,"FHL WFC",565951,"Volsungur","id1001820468307844",NULL,NULL,NULL,NULL,NULL,NULL,NULL,NULL
"2026-05-03","14:00","division-nationale","luxembourg",37256,"FC Jeunesse Canach",36201,"FC Progres Niederkorn","id1000069061788894",NULL,NULL,NULL,NULL,NULL,NULL,NULL,NULL
"2026-05-03","14:00","first-division","united-arab-emirates",312222,"Al-Dhaid",838594,"AL Jazira AL Hamra","id1001923862067424",NULL,NULL,NULL,NULL,NULL,NULL,NULL,NULL
"2026-05-03","14:00","vorarlberg-eliteliga","austria-amateur",2187,"SC Rothis",2131,"FC BW Feldkirch","id1002968461927858",NULL,NULL,NULL,NULL,NULL,NULL,NULL,NULL
"2026-05-03","14:00","u19-division-de-honor-juvenil","spain",294046,"Tomares UD",1057275,"UD Melilla","id1004834362943545",NULL,NULL,NULL,NULL,NULL,NULL,NULL,NULL
"2026-05-03","14:00","division-2-promotion-playoffs","sweden",22370,"Orebro Syrianska IF",695025,"Nacka FC","id1002078268377498",NULL,NULL,NULL,NULL,NULL,NULL,NULL,NULL
"2026-05-03","14:00","premier-league","tanzania",238670,"Simba SC",134320,"Young Africans SC","id1000243669448204",NULL,NULL,NULL,NULL,NULL,NULL,NULL,NULL
"2026-05-03","14:00","regionalliga-centre","austria-amateur",73883,"Deutschlandsberger SC",2081,"ASK Voitsberg","id1000016861466333",NULL,NULL,NULL,NULL,NULL,NULL,NULL,NULL
"2026-05-03","14:00","u19-division-de-honor-juvenil","spain",1280251,"CD Betono U19",1280255,"CD Basconia U19","id1004834362939819",NULL,NULL,NULL,NULL,NULL,NULL,NULL,NULL
"2026-05-03","14:00","1-deild-women","iceland",38159,"KR Reykjavik",267571,"UMF Selfoss","id1001820468307846",NULL,NULL,NULL,NULL,NULL,NULL,NULL,NULL
"2026-05-03","14:00","2-liga-division-b-group-2","russia",348068,"FC Murom",818062,"Baltika-2 Kaliningrad","id1000109970250618",NULL,NULL,NULL,NULL,NULL,NULL,NULL,NULL
"2026-05-03","14:00","iii-liga-group-1","poland",3124,"Swit Nowy Dwor Mazowiecki",355032,"GKS Wikielec","id1002583562038064",NULL,NULL,NULL,NULL,NULL,NULL,NULL,NULL
"2026-05-03","14:00","premier-league","egypt",249057,"Zed FC",43565,"El Gouna FC","id1000080869880278",NULL,NULL,NULL,NULL,NULL,NULL,NULL,NULL
"2026-05-03","14:00","tercera-federacion-group-13","spain-amateur",369480,"UCAM Murcia II",359402,"Muleno CF","id1002604263146729",NULL,NULL,NULL,NULL,NULL,NULL,NULL,NULL
"2026-05-03","14:00","premier-league","russia",432781,"FK Akron Tolyatti",34425,"FK Krasnodar","id1000020361376749",NULL,NULL,NULL,NULL,NULL,NULL,NULL,NULL
"2026-05-03","14:00","2-liga-women","czechia",44176,"FK Pardubice",1001843,"Sparta Prague B","id1004799470966256",NULL,NULL,NULL,NULL,NULL,NULL,NULL,NULL
"2026-05-03","14:00","superliga","denmark",1302,"FC Fredericia",1284,"FC Copenhagen","id1000003969653816",NULL,NULL,NULL,NULL,NULL,NULL,NULL,NULL
"2026-05-03","14:00","promotion-dhonneur","luxembourg",5390,"FC Wiltz 71",38994,"FC Marisca Mersch","id1000072361789370",NULL,NULL,NULL,NULL,NULL,NULL,NULL,NULL
"2026-05-03","14:00","division-nationale","luxembourg",5261,"RFC Union Luxembourg",38989,"Atert Bissen","id1000069061788898",NULL,NULL,NULL,NULL,NULL,NULL,NULL,NULL
"2026-05-03","14:00","ii-lyga","lithuania",794684,"FC Neptunas B",263601,"FK Sveikata Kybartai","id1003406670162000",NULL,NULL,NULL,NULL,NULL,NULL,NULL,NULL
"2026-05-03","14:00","primera-division-women","argentina",676705,"Belgrano de Cordoba",1110785,"San Luis FC","id1001846471135820",NULL,NULL,NULL,NULL,NULL,NULL,NULL,NULL
"2026-05-03","14:00","national-league","england",103,"Rochdale AFC",85,"Scunthorpe United","id1000017371173608",NULL,NULL,NULL,NULL,NULL,NULL,NULL,NULL
"2026-05-03","14:00","u19-premier-league","israel",240834,"Maccabi Petah Tikva",307290,"Maccabi Haifa","id1003619571143148",NULL,NULL,NULL,NULL,NULL,NULL,NULL,NULL
"2026-05-03","14:00","first-division","united-arab-emirates",771696,"Dubai City Football Club",1169057,"Majd FC","id1001923862067430",NULL,NULL,NULL,NULL,NULL,NULL,NULL,NULL
"2026-05-03","14:00","kansallinen-liiga-women","finland",44231,"Aaland United",192550,"Tampereen Ilves","id1000166267845742",NULL,NULL,NULL,NULL,NULL,NULL,NULL,NULL
"2026-05-03","14:00","u19-division-de-honor-juvenil","spain",832604,"Sporting Atletico Ceuta",757414,"UD Maracena","id1004834362943529",NULL,NULL,NULL,NULL,NULL,NULL,NULL,NULL
"2026-05-03","14:00","division-2-promotion-playoffs","sweden",693257,"Fittja IF",7096,"Smedby AIS","id1002078268377494",NULL,NULL,NULL,NULL,NULL,NULL,NULL,NULL
"2026-05-03","14:00","promotion-dhonneur","luxembourg",38991,"FC Lorentzweiler",125980,"Berdenia Berbourg","id1000072361789372",NULL,NULL,NULL,NULL,NULL,NULL,NULL,NULL
"2026-05-03","14:00","iii-liga-group-1","poland",7914,"LKS 1926 Lomza",77055,"Legia Warszawa II","id1002583562038060",NULL,NULL,NULL,NULL,NULL,NULL,NULL,NULL
"2026-05-03","14:00","division-2-promotion-playoffs","sweden",5948,"Falu BS FK",1321830,"Helges IF","id1002078268320768",NULL,NULL,NULL,NULL,NULL,NULL,NULL,NULL
"2026-05-03","14:00","premier-league","faroe-islands",5194,"KI Klaksvik",5190,"Skala IF","id1000067367849974",NULL,NULL,NULL,NULL,NULL,NULL,NULL,NULL
"2026-05-03","14:00","kolmonen","finland",905857,"Kemin Palloseura",1335290,"Hercules-J","id1004667169922232",NULL,NULL,NULL,NULL,NULL,NULL,NULL,NULL
"2026-05-03","14:00","division-nationale","luxembourg",59964,"FC Rodange 91",5384,"UN Kaerjeng 97","id1000069061788896",NULL,NULL,NULL,NULL,NULL,NULL,NULL,NULL
"2026-05-03","14:00","super-league-women","greece",383288,"Volos 2004",1054033,"Nees Atromitou","id1002022663575609",NULL,NULL,NULL,NULL,NULL,NULL,NULL,NULL
"2026-05-03","14:00","division-nationale","luxembourg",38997,"US Mondorf-Les-Bains",5382,"Swift Hesperange","id1000069061788886",NULL,NULL,NULL,NULL,NULL,NULL,NULL,NULL
"2026-05-03","14:00","1st-division","cyprus",3398,"APOEL Nikosia",3404,"AEK Larnaca","id1000017171056600",NULL,NULL,NULL,NULL,NULL,NULL,NULL,NULL
"2026-05-03","14:00","kakkonen-playoffs","finland",2280,"TP-47",1008155,"SJK Akatemia/2","id1002691069108982",NULL,NULL,NULL,NULL,NULL,NULL,NULL,NULL
"2026-05-03","14:00","1st-division-women","norway",347988,"Aasane",739,"Kolbotn","id1001927267018364",NULL,NULL,NULL,NULL,NULL,NULL,NULL,NULL
"2026-05-03","14:00","liga-portugal-3","portugal",6154,"CD Trofense",226202,"Amarante FC","id1003490068351360",NULL,NULL,NULL,NULL,NULL,NULL,NULL,NULL
"2026-05-03","14:00","indian-super-league","india",759052,"Mohun Bagan Super Giant",40655,"SC East Bengal","id1000190068746480",NULL,NULL,NULL,NULL,NULL,NULL,NULL,NULL
"2026-05-03","14:00","u19-division-de-honor-juvenil","spain",388582,"Real Betis Balompie",461149,"Calavera CF","id1004834362943539",NULL,NULL,NULL,NULL,NULL,NULL,NULL,NULL
"2026-05-03","14:00","super-league","greece",5063,"APO Levadiakos FC",373128,"Volos NPS","id1000018570231918",NULL,NULL,NULL,NULL,NULL,NULL,NULL,NULL
"2026-05-03","14:00","burgenland-burgenlandliga","austria-amateur",217678,"ASV Siegendorf",364800,"Ufc Jennersdorf","id1004377361894016",NULL,NULL,NULL,NULL,NULL,NULL,NULL,NULL
"2026-05-03","14:00","promotion-dhonneur","luxembourg",25929,"CS Fola Esch-Alzette",5379,"FC Etzella Ettelbruck","id1000072361789382",NULL,NULL,NULL,NULL,NULL,NULL,NULL,NULL
"2026-05-03","14:00","karnten-karntner-liga","austria-amateur",549223,"SV Dellach/Gail",211910,"VST Voelkermarkt","id1004378161898572",NULL,NULL,NULL,NULL,NULL,NULL,NULL,NULL
"2026-05-03","14:00","super-league-women","greece",966965,"Rea",1286911,"Volos Nps","id1002022663575615",NULL,NULL,NULL,NULL,NULL,NULL,NULL,NULL
"2026-05-03","14:00","u19-premier-league","israel",377486,"Beitar Jerusalem",307300,"Hapoel Tel Aviv","id1003619571143250",NULL,NULL,NULL,NULL,NULL,NULL,NULL,NULL
"2026-05-03","14:00","promotion-dhonneur","luxembourg",5388,"US Rumelange",36200,"FC Luxemburg City","id1000072361789374",NULL,NULL,NULL,NULL,NULL,NULL,NULL,NULL
"2026-05-03","14:00","kakkonen-playoffs","finland",22397,"VPS Akatemia",2296,"Narpes Kraft","id1002691069108978",NULL,NULL,NULL,NULL,NULL,NULL,NULL,NULL
"2026-05-03","14:00","division-nationale","luxembourg",5207,"F91 Dudelange",5387,"FC Victoria Rosport","id1000069061788888",NULL,NULL,NULL,NULL,NULL,NULL,NULL,NULL
"2026-05-03","14:00","vorarlberg-eliteliga","austria-amateur",2184,"FC Nenzing",2186,"FC Wolfurt","id1002968461927852",NULL,NULL,NULL,NULL,NULL,NULL,NULL,NULL
"2026-05-03","14:00","ettan-relegation/promotion","sweden",1782,"Assyriska FF",22262,"FC Jarfalla","id1002741268310858",NULL,NULL,NULL,NULL,NULL,NULL,NULL,NULL
"2026-05-03","14:00","pro-league","belgium",2889,"Royal Antwerp FC",2901,"Standard Liege","id1000003870207490",NULL,NULL,NULL,NULL,NULL,NULL,NULL,NULL
"2026-05-03","14:00","primera-federacion","spain",24324,"Athletic Bilbao B",369052,"Ourense CF","id1003483461685676",NULL,NULL,NULL,NULL,NULL,NULL,NULL,NULL
"2026-05-03","14:00","first-division","united-arab-emirates",768610,"AL Ittifaq",272443,"Hatta SC","id1001923862067426",NULL,NULL,NULL,NULL,NULL,NULL,NULL,NULL
"2026-05-03","14:00","hnl","croatia",36246,"NK Lokomotiva Zagreb",2039,"HNK Rijeka","id1000017061286577",NULL,NULL,NULL,NULL,NULL,NULL,NULL,NULL
"2026-05-03","14:00","treta-liga","bulgaria",1272528,"Sfk Svetkavitsa 2014 Targovishte",1038849,"Benkovski Isperih","id1004765668899846",NULL,NULL,NULL,NULL,NULL,NULL,NULL,NULL
"2026-05-03","14:15","kolmonen","finland",23551,"Helsingin Ponnistus",1114697,"Tips","id1004667169921746",NULL,NULL,NULL,NULL,NULL,NULL,NULL,NULL
"2026-05-03","14:15","superliga","uzbekistan",424837,"FK Termez Surkhon",34310,"Pakhtakor","id1000077268380388",NULL,NULL,NULL,NULL,NULL,NULL,NULL,NULL
"2026-05-03","14:15","laliga-2","spain",2852,"Sporting Gijon",2869,"AD Ceuta","id1000005461623862",NULL,NULL,NULL,NULL,NULL,NULL,NULL,NULL
"2026-05-03","14:15","laliga","spain",2859,"Getafe CF",2818,"Rayo Vallecano","id1000000861624606",NULL,NULL,NULL,NULL,NULL,NULL,NULL,NULL
"2026-05-03","14:30","srpska-liga","serbia",810518,"OFK Brzi Brod",74323,"FK Timok 1919 Zajecar","id1004821369039186",NULL,NULL,NULL,NULL,NULL,NULL,NULL,NULL
"2026-05-03","14:30","top-league","kyrgyzstan",353880,"FC Kyrgyzaltyn",1236995,"FC Asiagoal Bishkek","id1002662271193624",NULL,NULL,NULL,NULL,NULL,NULL,NULL,NULL
"2026-05-03","14:30","top-league","kyrgyzstan",219292,"FC Alga",1341164,"FC Asia Talas","id1002662271193598",NULL,NULL,NULL,NULL,NULL,NULL,NULL,NULL
"2026-05-03","14:30","burgenland-burgenlandliga","austria-amateur",364824,"SV Eberau",1045009,"Usv Halbturn","id1004377361894028",NULL,NULL,NULL,NULL,NULL,NULL,NULL,NULL
"2026-05-03","14:30","premier-league","england",35,"Manchester United",44,"Liverpool FC","id1000001761301215",NULL,NULL,NULL,NULL,NULL,NULL,NULL,NULL
"2026-05-03","14:30","3-liga","slovakia",1269946,"FC Petrzalka B",597034,"SK 1923 Gabcikovo","id1004753661940240",NULL,NULL,NULL,NULL,NULL,NULL,NULL,NULL
"2026-05-03","14:30","u19-division-de-honor-juvenil","spain",618308,"AD Huracan",368550,"CD Marino","id1004834362941337",NULL,NULL,NULL,NULL,NULL,NULL,NULL,NULL
"2026-05-03","14:30","liga-portugal-2","portugal",3000,"UD Leiria",2998,"SC Farense","id1000023961732272",NULL,NULL,NULL,NULL,NULL,NULL,NULL,NULL
"2026-05-03","14:30","u19-division-de-honor-juvenil","spain",37050,"Atletico Coruna Montaneros CF",552025,"Pontevedra CF","id1004834362939339",NULL,NULL,NULL,NULL,NULL,NULL,NULL,NULL
"2026-05-03","14:30","srpska-liga","serbia",1277284,"FK Polimlje",1039481,"FK Omladinac Zablace","id1004821362700145",NULL,NULL,NULL,NULL,NULL,NULL,NULL,NULL
"2026-05-03","14:30","u19-division-de-honor-juvenil","spain",561686,"Club Bansander",378080,"SD Compostela","id1004834362939337",NULL,NULL,NULL,NULL,NULL,NULL,NULL,NULL
"2026-05-03","14:30","srpska-liga","serbia",25735,"FK Vlasina Vlasotince",810516,"FK Sloga Leskovac","id1004821369039184",NULL,NULL,NULL,NULL,NULL,NULL,NULL,NULL
"2026-05-03","14:30","srpska-liga","serbia",608738,"FK Hajduk Divos",166848,"OFK Backa Palanka","id1004821368998834",NULL,NULL,NULL,NULL,NULL,NULL,NULL,NULL
"2026-05-03","14:30","divize-e","czechia",165788,"FK Kozlovice",24774,"FC Brumov","id1004073566054192",NULL,NULL,NULL,NULL,NULL,NULL,NULL,NULL
"2026-05-03","14:30","u19-division-de-honor-juvenil","spain",511718,"Alboraya UD",396580,"Real Murcia","id1004834362941803",NULL,NULL,NULL,NULL,NULL,NULL,NULL,NULL
"2026-05-03","14:30","u19-division-de-honor-juvenil","spain",568353,"SD Eibar",1217811,"Aurrera de Vitoria","id1004834362939823",NULL,NULL,NULL,NULL,NULL,NULL,NULL,NULL
"2026-05-03","14:30","u19-division-de-honor-juvenil","spain",1280257,"Sant Cugat FC U19",511996,"UE Cornella","id1004834362940453",NULL,NULL,NULL,NULL,NULL,NULL,NULL,NULL
"2026-05-03","14:30","u19-division-de-honor-juvenil","spain",445829,"CD Roda",1280289,"Efb Pinatar U19","id1004834362941805",NULL,NULL,NULL,NULL,NULL,NULL,NULL,NULL
"2026-05-03","14:30","u19-division-de-honor-juvenil","spain",614338,"Rayo Ciudad Alcobendas Juvenil",445837,"Rayo Vallecano","id1004834362940881",NULL,NULL,NULL,NULL,NULL,NULL,NULL,NULL
"2026-05-03","14:30","u19-division-de-honor-juvenil","spain",368994,"CD Tenerife",1186891,"CD Union Sur Yaiza U19","id1004834362941325",NULL,NULL,NULL,NULL,NULL,NULL,NULL,NULL
"2026-05-03","14:30","u19-division-de-honor-juvenil","spain",473615,"CF Union Viera",757534,"CD Mensajero","id1004834362941347",NULL,NULL,NULL,NULL,NULL,NULL,NULL,NULL
"2026-05-03","14:30","u19-division-de-honor-juvenil","spain",652408,"SD Huesca",390326,"CF Damm","id1004834362940465",NULL,NULL,NULL,NULL,NULL,NULL,NULL,NULL
"2026-05-03","14:30","divize-d","czechia",34797,"1. SC Znojmo FK",355228,"FC PBS Velka Bites","id1004073366053978",NULL,NULL,NULL,NULL,NULL,NULL,NULL,NULL
"2026-05-03","14:30","u19-division-de-honor-juvenil","spain",154812,"UD Las Palmas",473619,"CD Longuera Toscal","id1004834362941343",NULL,NULL,NULL,NULL,NULL,NULL,NULL,NULL
"2026-05-03","14:30","divize-d","czechia",274751,"FC Chotebor",24776,"FC Velke Mezirici","id1004073366053974",NULL,NULL,NULL,NULL,NULL,NULL,NULL,NULL
"2026-05-03","14:30","u19-division-de-honor-juvenil","spain",390324,"Elche CF U19",222406,"CF Valencia","id1004834362941807",NULL,NULL,NULL,NULL,NULL,NULL,NULL,NULL
"2026-05-03","14:30","u19-division-de-honor-juvenil","spain",623648,"Hercules CF",154828,"Levante UD","id1004834362941809",NULL,NULL,NULL,NULL,NULL,NULL,NULL,NULL
"2026-05-03","14:30","u19-division-de-honor-juvenil","spain",1045441,"Racing Club Zaragoza",374936,"Gimnastic Manresa CF","id1004834362940469",NULL,NULL,NULL,NULL,NULL,NULL,NULL,NULL
"2026-05-03","14:30","3rd-division-group-5","norway",6091,"Lillestrom SK 2",718,"Finnsnes IL","id1002465067920544",NULL,NULL,NULL,NULL,NULL,NULL,NULL,NULL
"2026-05-03","14:30","u19-division-de-honor-juvenil","spain",1180093,"Murcia Promises CF",761200,"CD Castellon SAD","id1004834362941815",NULL,NULL,NULL,NULL,NULL,NULL,NULL,NULL
"2026-05-03","14:30","u19-division-de-honor-juvenil","spain",610040,"CD Badajoz",427515,"CD Leganes","id1004834362940893",NULL,NULL,NULL,NULL,NULL,NULL,NULL,NULL
"2026-05-03","14:30","karnten-karntner-liga","austria-amateur",267815,"TSV Grafenstein",2167,"FC Lendorf","id1004378161898576",NULL,NULL,NULL,NULL,NULL,NULL,NULL,NULL
"2026-05-03","14:30","divize-d","czechia",34791,"SK Tatran Zdirec Nad Doubravou",751799,"TJ Dalnice Sperice","id1004073366053968",NULL,NULL,NULL,NULL,NULL,NULL,NULL,NULL
"2026-05-03","14:30","divize-f","czechia",362698,"FC Vratimov",355186,"1. Bfk Frydlant Nad Ostravici","id1004073766054440",NULL,NULL,NULL,NULL,NULL,NULL,NULL,NULL
"2026-05-03","14:30","u19-division-de-honor-juvenil","spain",607796,"Patacona CF",1280291,"CF Jove Espanol San Vicente U19","id1004834362941811",NULL,NULL,NULL,NULL,NULL,NULL,NULL,NULL
"2026-05-03","14:30","divize-f","czechia",369160,"Pusta Polom",732809,"FK Petrvald Na Morave","id1004073766054448",NULL,NULL,NULL,NULL,NULL,NULL,NULL,NULL
"2026-05-03","14:30","u19-division-de-honor-juvenil","spain",568349,"Deportivo Alaves",941763,"CD Oberena","id1004834362939815",NULL,NULL,NULL,NULL,NULL,NULL,NULL,NULL
"2026-05-03","14:30","srpska-liga","serbia",453985,"FK Mladost Omoljica",924289,"FK Naftagas Elemir","id1004821368998832",NULL,NULL,NULL,NULL,NULL,NULL,NULL,NULL
"2026-05-03","14:30","u19-division-de-honor-juvenil","spain",552027,"ED Val Minor Nigran",445833,"RC Deportivo De La Coruna","id1004834362939341",NULL,NULL,NULL,NULL,NULL,NULL,NULL,NULL
"2026-05-03","14:30","u19-division-de-honor-juvenil","spain",506008,"CD Espanyol Barcelona",936525,"CD Constancia","id1004834362940449",NULL,NULL,NULL,NULL,NULL,NULL,NULL,NULL
"2026-05-03","14:30","u19-division-de-honor-juvenil","spain",525319,"Santutxu FC",1280253,"CD Villegas U19","id1004834362939817",NULL,NULL,NULL,NULL,NULL,NULL,NULL,NULL
"2026-05-03","14:30","divize-d","czechia",53793,"FK Pelhimov",53129,"TJ Tatran Bohunice","id1004073366053964",NULL,NULL,NULL,NULL,NULL,NULL,NULL,NULL
"2026-05-03","14:30","u19-division-de-honor-juvenil","spain",615516,"CF Trival Valderas Alcorcon",1280297,"CD Unionistas Salamanca CF U19","id1004834362940873",NULL,NULL,NULL,NULL,NULL,NULL,NULL,NULL
"2026-05-03","14:30","u19-division-de-honor-juvenil","spain",425591,"Real Oviedo",1280249,"SD Solares Medio Cudeyo U19","id1004834362939347",NULL,NULL,NULL,NULL,NULL,NULL,NULL,NULL
"2026-05-03","14:30","divize-f","czechia",355232,"FK Bospor Bohumin",388842,"Opava B","id1004073766054442",NULL,NULL,NULL,NULL,NULL,NULL,NULL,NULL
"2026-05-03","14:30","3rd-division-group-5","norway",7065,"Tromsoe 2",1000,"Bossekop UL","id1002465067920540",NULL,NULL,NULL,NULL,NULL,NULL,NULL,NULL
"2026-05-03","14:30","u19-division-de-honor-juvenil","spain",366900,"UD Logrones Promesas",154816,"Danok Bat","id1004834362939827",NULL,NULL,NULL,NULL,NULL,NULL,NULL,NULL
"2026-05-03","14:30","liga-portugal","portugal",36365,"Casa Pia Lisbon",38396,"CD Tondela","id1000023861731514",NULL,NULL,NULL,NULL,NULL,NULL,NULL,NULL
"2026-05-03","14:30","u19-division-de-honor-juvenil","spain",445839,"RCD Mallorca",399541,"Gimnastic de Tarragona","id1004834362940461",NULL,NULL,NULL,NULL,NULL,NULL,NULL,NULL
"2026-05-03","14:30","msfl","czechia",390340,"SK Polanka Nad Odrou",106331,"FK Blansko","id1001414766053672",NULL,NULL,NULL,NULL,NULL,NULL,NULL,NULL
"2026-05-03","14:30","uefa-champions-league-women","international-clubs",77889,"FC Barcelona",5543,"Bayern Munich","id1000069668532998",NULL,NULL,NULL,NULL,NULL,NULL,NULL,NULL
"2026-05-03","14:30","u19-division-de-honor-juvenil","spain",90128,"FC Barcelona",836398,"UD Montecarlo","id1004834362940445",NULL,NULL,NULL,NULL,NULL,NULL,NULL,NULL
"2026-05-03","14:30","u19-division-de-honor-juvenil","spain",842766,"AD San Juan",174576,"Athletic Bilbao","id1004834362939825",NULL,NULL,NULL,NULL,NULL,NULL,NULL,NULL
"2026-05-03","14:30","u19-division-de-honor-juvenil","spain",154820,"RC Celta de Vigo",550739,"CD Lugo","id1004834362939343",NULL,NULL,NULL,NULL,NULL,NULL,NULL,NULL
"2026-05-03","14:30","super-league","switzerland",2443,"FC Lugano",2445,"Young Boys Bern","id1000021570448368",NULL,NULL,NULL,NULL,NULL,NULL,NULL,NULL
"2026-05-03","14:30","u19-division-de-honor-juvenil","spain",298274,"Real Valladolid CF",72022,"Atletico Madrid","id1004834362940889",NULL,NULL,NULL,NULL,NULL,NULL,NULL,NULL
"2026-05-03","14:30","divize-d","czechia",463839,"AFC Humpolec",1042285,"FS Trebic","id1004073366053966",NULL,NULL,NULL,NULL,NULL,NULL,NULL,NULL
"2026-05-03","14:30","u19-division-de-honor-juvenil","spain",1280259,"UD La Mosca U19",516738,"Vazquez Cultural","id1004834362943543",NULL,NULL,NULL,NULL,NULL,NULL,NULL,NULL
"2026-05-03","14:30","divize-d","czechia",53143,"Zdar Nad Sazavou",53142,"TJ Sokol Tasovice","id1004073366053970",NULL,NULL,NULL,NULL,NULL,NULL,NULL,NULL
"2026-05-03","14:30","3-liga","germany",2597,"SV Wehen Wiesbaden",2581,"VfL 1899 Osnabruck","id1000049161709668",NULL,NULL,NULL,NULL,NULL,NULL,NULL,NULL
"2026-05-03","14:30","karnten-karntner-liga","austria-amateur",5038,"SVG Bleiburg",53737,"ATSV Wolfsberg","id1004378161898570",NULL,NULL,NULL,NULL,NULL,NULL,NULL,NULL
"2026-05-03","14:30","u19-division-de-honor-juvenil","spain",154822,"Getafe CF",756323,"CF Burgos","id1004834362940877",NULL,NULL,NULL,NULL,NULL,NULL,NULL,NULL
"2026-05-03","14:30","divize-e","czechia",335545,"FC Strani",355348,"Sternberk","id1004073566054194",NULL,NULL,NULL,NULL,NULL,NULL,NULL,NULL
"2026-05-03","14:30","u19-division-de-honor-juvenil","spain",1280251,"CD Betono U19",937019,"CD Vasconia","id1004834363667347",NULL,NULL,NULL,NULL,NULL,NULL,NULL,NULL
"2026-05-03","14:30","u19-division-de-honor-juvenil","spain",401759,"CF Acodetti",385154,"CD Sobradillo","id1004834362941351",NULL,NULL,NULL,NULL,NULL,NULL,NULL,NULL
"2026-05-03","14:30","super-league","switzerland",2449,"Grasshopper Club Zurich",2448,"Servette Geneva","id1000021570448530",NULL,NULL,NULL,NULL,NULL,NULL,NULL,NULL
"2026-05-03","14:30","u19-division-de-honor-juvenil","spain",120854,"Real Madrid",764734,"Las Rozas CF","id1004834362940885",NULL,NULL,NULL,NULL,NULL,NULL,NULL,NULL
"2026-05-03","14:30","u19-division-de-honor-juvenil","spain",224740,"Villarreal CF",762556,"CF Talavera","id1004834362941813",NULL,NULL,NULL,NULL,NULL,NULL,NULL,NULL
"2026-05-03","14:30","u19-division-de-honor-juvenil","spain",759482,"Cef Puertos de Las Palmas U19",830562,"CD La Oliva","id1004834362941339",NULL,NULL,NULL,NULL,NULL,NULL,NULL,NULL
"2026-05-03","14:30","u19-division-de-honor-juvenil","spain",475902,"Racing Club de Ferrol",964867,"Arosa SC","id1004834362939345",NULL,NULL,NULL,NULL,NULL,NULL,NULL,NULL
"2026-05-03","14:30","allsvenskan","sweden",1786,"GAIS",1766,"Orgryte IS","id1000004067126522",NULL,NULL,NULL,NULL,NULL,NULL,NULL,NULL
"2026-05-03","14:30","u19-division-de-honor-juvenil","spain",555272,"CD Roces",953177,"RS Gimnastica de Torrelavega","id1004834362939349",NULL,NULL,NULL,NULL,NULL,NULL,NULL,NULL
"2026-05-03","14:30","allsvenskan","sweden",1762,"IF Elfsborg",1764,"AIK","id1000004067126526",NULL,NULL,NULL,NULL,NULL,NULL,NULL,NULL
"2026-05-03","14:30","divize-f","czechia",34800,"SK Sulko Zabreh",426241,"FK Bilovec","id1004073766054444",NULL,NULL,NULL,NULL,NULL,NULL,NULL,NULL
"2026-05-03","14:30","premier-league","azerbaijan",173406,"Zira FK",36952,"Gabala FK","id1000070963185751",NULL,NULL,NULL,NULL,NULL,NULL,NULL,NULL
"2026-05-03","14:30","u19-division-de-honor-juvenil","spain",367962,"CF Juventud Laguna",473601,"Arucas CF","id1004834362941329",NULL,NULL,NULL,NULL,NULL,NULL,NULL,NULL
"2026-05-03","14:45","eredivisie-women","netherlands",362762,"Excelsior Rotterdam",178260,"Ajax Amsterdam","id1000227061895604",NULL,NULL,NULL,NULL,NULL,NULL,NULL,NULL
"2026-05-03","14:45","eredivisie-women","netherlands",817572,"Feyenoord Rotterdam",1028817,"FC Utrecht","id1000227061895608",NULL,NULL,NULL,NULL,NULL,NULL,NULL,NULL
"2026-05-03","14:45","eredivisie-women","netherlands",79161,"ADO Den Haag",1151685,"NAC Breda","id1000227061895600",NULL,NULL,NULL,NULL,NULL,NULL,NULL,NULL
"2026-05-03","14:45","eredivisie","netherlands",2960,"Sparta Rotterdam",2979,"Go Ahead Eagles","id1000003761320237",NULL,NULL,NULL,NULL,NULL,NULL,NULL,NULL
"2026-05-03","14:45","eredivisie","netherlands",2950,"AZ Alkmaar",2955,"FC Twente Enschede","id1000003761320245",NULL,NULL,NULL,NULL,NULL,NULL,NULL,NULL
"2026-05-03","15:00","superliga","serbia",7771,"FK Mladost Lucani",36967,"FK Spartak Subotica","id1000021070709002",NULL,NULL,NULL,NULL,NULL,NULL,NULL,NULL
"2026-05-03","15:00","premier-league","nigeria",193328,"Shooting Stars",193324,"Nasarawa United","id1000211270033450",NULL,NULL,NULL,NULL,NULL,NULL,NULL,NULL
"2026-05-03","15:00","premier-league","ghana",42610,"Aduana FC",42613,"Heart of Lions","id1000119163078693",NULL,NULL,NULL,NULL,NULL,NULL,NULL,NULL
"2026-05-03","15:00","campeonato-de-portugal","portugal",226210,"SC Vianense",7085,"GD Braganca","id1001475870971590",NULL,NULL,NULL,NULL,NULL,NULL,NULL,NULL
"2026-05-03","15:00","nb-iii","hungary",1930,"FC Tatabanya",822456,"ETO Akademia","id1004795262161212",NULL,NULL,NULL,NULL,NULL,NULL,NULL,NULL
"2026-05-03","15:00","divize-c","czechia",43657,"MFK Trutnov",6069,"FK Caslav","id1004073166606520",NULL,NULL,NULL,NULL,NULL,NULL,NULL,NULL
"2026-05-03","15:00","tercera-federacion-group-10","spain-amateur",1269692,"Dos Hermanas CF 1971",474734,"Bollullos CF","id1002603663144033",NULL,NULL,NULL,NULL,NULL,NULL,NULL,NULL
"2026-05-03","15:00","nb-iii","hungary",44142,"Eger SE",380440,"Senyo Carnifex FC","id1004795262160212",NULL,NULL,NULL,NULL,NULL,NULL,NULL,NULL
"2026-05-03","15:00","tercera-federacion-group-2","spain-amateur",43749,"Caudal Deportivo",369128,"Club Siero","id1002602063136361",NULL,NULL,NULL,NULL,NULL,NULL,NULL,NULL
"2026-05-03","15:00","tercera-federacion-group-9","spain-amateur",934321,"Arenas Armilla CD",275119,"CD Alhaurino","id1002603463143393",NULL,NULL,NULL,NULL,NULL,NULL,NULL,NULL
"2026-05-03","15:00","super-lig-women","turkiye",509836,"Alg Spor",1182707,"Unye Kadin SK","id1004874163666441",NULL,NULL,NULL,NULL,NULL,NULL,NULL,NULL
"2026-05-03","15:00","2nd-division-group-2","norway",855,"Follo",94841,"IK Junkeren","id1002463667915554",NULL,NULL,NULL,NULL,NULL,NULL,NULL,NULL
"2026-05-03","15:00","nb-iii","hungary",1158975,"Fuzesabony SC",25591,"Cigand SE","id1004795262160218",NULL,NULL,NULL,NULL,NULL,NULL,NULL,NULL
"2026-05-03","15:00","super-lig-women","turkiye",1182709,"Bornova Hitab Spor",1185953,"Cekmekoy Bilgidoga Sportif","id1004874163666431",NULL,NULL,NULL,NULL,NULL,NULL,NULL,NULL
"2026-05-03","15:00","nb-iii","hungary",79713,"Balatonfuredi FC",102007,"Dorogi FC","id1004795262161214",NULL,NULL,NULL,NULL,NULL,NULL,NULL,NULL
"2026-05-03","15:00","tercera-federacion-group-7","spain-amateur",55781,"Mexico FC",167158,"CF Trival Valderas Alcoron","id1002603063139551",NULL,NULL,NULL,NULL,NULL,NULL,NULL,NULL
"2026-05-03","15:00","tercera-federacion-group-16","spain-amateur",273935,"CD Calahorra",612216,"Comillas CF","id1002604863148827",NULL,NULL,NULL,NULL,NULL,NULL,NULL,NULL
"2026-05-03","15:00","divize-c","czechia",936391,"Spartak Police Nad Metuji",24785,"FK Turnov","id1004073166606516",NULL,NULL,NULL,NULL,NULL,NULL,NULL,NULL
"2026-05-03","15:00","tercera-federacion-group-9","spain-amateur",493522,"CD Torreperogil",115063,"El Palo FC","id1002603463143397",NULL,NULL,NULL,NULL,NULL,NULL,NULL,NULL
"2026-05-03","15:00","girabola","angola",134310,"Kabuscorp SCP",621314,"Wiliete SC","id1000217167012960",NULL,NULL,NULL,NULL,NULL,NULL,NULL,NULL
"2026-05-03","15:00","tercera-federacion-group-1","spain-amateur",368944,"Celtiga CF",611012,"CA Arteixo","id1002601863135371",NULL,NULL,NULL,NULL,NULL,NULL,NULL,NULL
"2026-05-03","15:00","treta-liga","bulgaria",821236,"Lokomotiv Plovdiv II",1020389,"Sekirovo","id1004765666988554",NULL,NULL,NULL,NULL,NULL,NULL,NULL,NULL
"2026-05-03","15:00","nb-iii","hungary",374912,"Tiszafured Vse",588391,"Debreceni Eac","id1004795262160214",NULL,NULL,NULL,NULL,NULL,NULL,NULL,NULL
"2026-05-03","15:00","1-liga","russia",2317,"FC Fakel Voronezh",7639,"FC Yenisey Krasnoyarsk","id1000020471048122",NULL,NULL,NULL,NULL,NULL,NULL,NULL,NULL
"2026-05-03","15:00","premier-league","russia",2334,"FK Sochi",2319,"Torpedo Moscow","id1000020361376751",NULL,NULL,NULL,NULL,NULL,NULL,NULL,NULL
"2026-05-03","15:00","superliga","serbia",5148,"FK Cukaricki Belgrade",5149,"FK Crvena Zvezda Belgrade","id1000021070708862",NULL,NULL,NULL,NULL,NULL,NULL,NULL,NULL
"2026-05-03","15:00","3rd-division-group-2","norway",7307,"Aalesund FK 2",796,"Melhus","id1002464467919560",NULL,NULL,NULL,NULL,NULL,NULL,NULL,NULL
"2026-05-03","15:00","nb-iii","hungary",25329,"Budaorsi SC",746457,"Zsambeki SK","id1004795262161222",NULL,NULL,NULL,NULL,NULL,NULL,NULL,NULL
"2026-05-03","15:00","tercera-federacion-group-1","spain-amateur",2856,"SD Compostela",621798,"CD Estradense","id1002601863135373",NULL,NULL,NULL,NULL,NULL,NULL,NULL,NULL
"2026-05-03","15:00","tercera-federacion-group-18","spain-amateur",749173,"CD Huracan de Balazote",460323,"CD Tarancon","id1002605263150219",NULL,NULL,NULL,NULL,NULL,NULL,NULL,NULL
"2026-05-03","15:00","nb-iii","hungary",275267,"Komarom Vse",294114,"Bicskei Tc","id1004795262161216",NULL,NULL,NULL,NULL,NULL,NULL,NULL,NULL
"2026-05-03","15:00","2-liga-division-a","russia",585727,"Torpedo Miass",600058,"FC Sibir Novosibirsk","id1004030569280580",NULL,NULL,NULL,NULL,NULL,NULL,NULL,NULL
"2026-05-03","15:00","prva-liga-fed-bih","bosnia-&-herzegovina",839838,"NK Stupcanica Olovo",7720,"NK Travnik","id1000071663534027",NULL,NULL,NULL,NULL,NULL,NULL,NULL,NULL
"2026-05-03","15:00","premier-league","ghana",404171,"Karela United FC",443800,"Young Apostles FC","id1000119163078701",NULL,NULL,NULL,NULL,NULL,NULL,NULL,NULL
"2026-05-03","15:00","prva-liga-fed-bih","bosnia-&-herzegovina",44684,"NK TOSK Tesanj",37696,"FK Radnik Hadzici","id1000071663534021",NULL,NULL,NULL,NULL,NULL,NULL,NULL,NULL
"2026-05-03","15:00","cfl","czechia",36739,"SK Sokol Brozany",53098,"SK Zapy","id1001415166614046",NULL,NULL,NULL,NULL,NULL,NULL,NULL,NULL
"2026-05-03","15:00","tercera-federacion-group-9","spain-amateur",612802,"Atletico Porcuna CF",824474,"UD Torre Del Mar","id1002603463143395",NULL,NULL,NULL,NULL,NULL,NULL,NULL,NULL
"2026-05-03","15:00","u19-elit-a","turkiye-amateur",305308,"Fatih Karagumruk",290816,"Genclerbirligi Ankara","id1002991263039275",NULL,NULL,NULL,NULL,NULL,NULL,NULL,NULL
"2026-05-03","15:00","nb-iii","hungary",44206,"Hodmezovasarhelyi FC",1929,"BKV Elore","id1004795262180476",NULL,NULL,NULL,NULL,NULL,NULL,NULL,NULL
"2026-05-03","15:00","tercera-federacion-group-15","spain-amateur",37048,"CD Izarra",749257,"FC Bidezarra","id1002604663148151",NULL,NULL,NULL,NULL,NULL,NULL,NULL,NULL
"2026-05-03","15:00","nb-ii","hungary",25393,"Kozarmisleny SE",23956,"Kecskemeti TE","id1000133961690494",NULL,NULL,NULL,NULL,NULL,NULL,NULL,NULL
"2026-05-03","15:00","premier-league","nigeria",42371,"Enyimba",301250,"Remo Stars","id1000211270033434",NULL,NULL,NULL,NULL,NULL,NULL,NULL,NULL
"2026-05-03","15:00","eliteserien","norway",667,"IK Start",660,"Tromsoe IL","id1000002067015156",NULL,NULL,NULL,NULL,NULL,NULL,NULL,NULL
"2026-05-03","15:00","tercera-federacion-group-7","spain-amateur",461933,"UD Sanse",1273942,"Atletico Madrid C","id1002603063139889",NULL,NULL,NULL,NULL,NULL,NULL,NULL,NULL
"2026-05-03","15:00","u19-elit-a","turkiye-amateur",305386,"Caykur Rizespor",290818,"Konyaspor","id1002991263039263",NULL,NULL,NULL,NULL,NULL,NULL,NULL,NULL
"2026-05-03","15:00","eliteserien","norway",676,"Sandefjord Fotball",677,"Aalesunds FK","id1000002067015154",NULL,NULL,NULL,NULL,NULL,NULL,NULL,NULL
"2026-05-03","15:00","premier-league","nigeria",157206,"Warri Wolves FC",242062,"Plateau United","id1000211270033448",NULL,NULL,NULL,NULL,NULL,NULL,NULL,NULL
"2026-05-03","15:00","primera-division-women","chile",684119,"Palestino",684101,"Deportes Iquique","id1004228569254614",NULL,NULL,NULL,NULL,NULL,NULL,NULL,NULL
"2026-05-03","15:00","prva-liga-fed-bih","bosnia-&-herzegovina",6143,"NK Jedinstvo Bihac",25837,"NK Gosk Gabela","id1000071663534025",NULL,NULL,NULL,NULL,NULL,NULL,NULL,NULL
"2026-05-03","15:00","tercera-federacion-group-10","spain-amateur",109883,"Coria CF",459823,"UD Tomares","id1002603663144031",NULL,NULL,NULL,NULL,NULL,NULL,NULL,NULL
"2026-05-03","15:00","nb-ii","hungary",363764,"Tiszakecskei LC",1927,"Bekescsaba 1912 Elore","id1000133961690492",NULL,NULL,NULL,NULL,NULL,NULL,NULL,NULL
"2026-05-03","15:00","tercera-federacion-group-14","spain-amateur",25400,"CD Don Benito",361466,"CD Diocesano","id1002604463147417",NULL,NULL,NULL,NULL,NULL,NULL,NULL,NULL
"2026-05-03","15:00","divize-c","czechia",2231,"Svitavy",106309,"Vysoke Myto","id1004073166606524",NULL,NULL,NULL,NULL,NULL,NULL,NULL,NULL
"2026-05-03","15:00","tercera-federacion-group-2","spain-amateur",257257,"UC Ceares",610152,"Navarro CF","id1002602063136359",NULL,NULL,NULL,NULL,NULL,NULL,NULL,NULL
"2026-05-03","15:00","premier-league","armenia",5225,"FC Urartu Yerevan",364472,"FC Ararat-Armenia","id1000067170906470",NULL,NULL,NULL,NULL,NULL,NULL,NULL,NULL
"2026-05-03","15:00","u19-elit-a","turkiye-amateur",305380,"Gaziantep FK",224780,"Besiktas JK","id1002991263039265",NULL,NULL,NULL,NULL,NULL,NULL,NULL,NULL
"2026-05-03","15:00","tercera-federacion-group-14","spain-amateur",623818,"CD Gevora",361452,"Atletico Club Pueblonuevo","id1002604463694689",NULL,NULL,NULL,NULL,NULL,NULL,NULL,NULL
"2026-05-03","15:00","prva-liga-fed-bih","bosnia-&-herzegovina",269723,"FK Tuzla City",37250,"FK Igman Konjic","id1000071663534019",NULL,NULL,NULL,NULL,NULL,NULL,NULL,NULL
"2026-05-03","15:00","premier-league","nigeria",242060,"Niger Tornadoes FC",42373,"Kwara United","id1000211270033432",NULL,NULL,NULL,NULL,NULL,NULL,NULL,NULL
"2026-05-03","15:00","nb-iii","hungary",501770,"Pte Peac",170384,"Ivancsa KSE","id1004795262181520",NULL,NULL,NULL,NULL,NULL,NULL,NULL,NULL
"2026-05-03","15:00","tercera-federacion-group-7","spain-amateur",475506,"RCD Carabanchel",367918,"CF Pozuelo de Alarcon","id1002603063140027",NULL,NULL,NULL,NULL,NULL,NULL,NULL,NULL
"2026-05-03","15:00","3-snl","slovenia",614044,"NK Race",399441,"NK Carda","id1004799862252500",NULL,NULL,NULL,NULL,NULL,NULL,NULL,NULL
"2026-05-03","15:00","eliteserien","norway",957,"Kristiansund BK",666,"HamKam","id1000002067997588",NULL,NULL,NULL,NULL,NULL,NULL,NULL,NULL
"2026-05-03","15:00","nb-iii","hungary",174724,"Csepel SC",1031467,"Martfui Lse","id1004795262180484",NULL,NULL,NULL,NULL,NULL,NULL,NULL,NULL
"2026-05-03","15:00","3-liga","slovakia",37105,"MFK Snina",79029,"Lok. Kosice","id1004753661940962",NULL,NULL,NULL,NULL,NULL,NULL,NULL,NULL
"2026-05-03","15:00","premier-league","nigeria",42369,"Bayelsa United FC",42370,"Enugu Rangers International FC","id1000211270033436",NULL,NULL,NULL,NULL,NULL,NULL,NULL,NULL
"2026-05-03","15:00","premier-league","ghana",243484,"Dreams FC",41755,"Asante Kotoko","id1000119163078695",NULL,NULL,NULL,NULL,NULL,NULL,NULL,NULL
"2026-05-03","15:00","u19-elit-a","turkiye-amateur",305324,"Kasimpasa",305328,"Kocaelispor","id1002991263039277",NULL,NULL,NULL,NULL,NULL,NULL,NULL,NULL
"2026-05-03","15:00","nb-iii","hungary",25390,"Dabas FC",25391,"Dunaharaszti MTK","id1004795262180486",NULL,NULL,NULL,NULL,NULL,NULL,NULL,NULL
"2026-05-03","15:00","u19-elit-a","turkiye-amateur",305348,"Antalyaspor",305352,"Aytemiz Alanyaspor","id1002991263039267",NULL,NULL,NULL,NULL,NULL,NULL,NULL,NULL
"2026-05-03","15:00","2-liga-division-b-group-4","russia",75213,"Khimik Dzerzhinsk",1335608,"Pobeda Nizhny Novgorod","id1000109770252064",NULL,NULL,NULL,NULL,NULL,NULL,NULL,NULL
"2026-05-03","15:00","tercera-federacion-group-14","spain-amateur",614068,"SP Villafranca",2882,"Jerez CF","id1002604463147427",NULL,NULL,NULL,NULL,NULL,NULL,NULL,NULL
"2026-05-03","15:00","elite-one","cameroon",471167,"Fauve Azur de Yaounde",62214,"Aigle Royal","id1000100670774968",NULL,NULL,NULL,NULL,NULL,NULL,NULL,NULL
"2026-05-03","15:00","nb-iii","hungary",1269016,"Dombovari FC",380448,"FC Nagykanizsai","id1004795262181516",NULL,NULL,NULL,NULL,NULL,NULL,NULL,NULL
"2026-05-03","15:00","tercera-federacion-group-14","spain-amateur",626998,"EF Puebla de la Calzada",461193,"AD Llerenense","id1002604463147423",NULL,NULL,NULL,NULL,NULL,NULL,NULL,NULL
"2026-05-03","15:00","nb-ii","hungary",25608,"Mezokovesd Zsory SE",44141,"Aqvital FC Csakvar","id1000133961690496",NULL,NULL,NULL,NULL,NULL,NULL,NULL,NULL
"2026-05-03","15:00","prva-liga-fed-bih","bosnia-&-herzegovina",25832,"NK Bratstvo Gracanica",80255,"HNK Tomislav Tomislavgrad","id1000071663534029",NULL,NULL,NULL,NULL,NULL,NULL,NULL,NULL
"2026-05-03","15:00","tercera-federacion-group-10","spain-amateur",750157,"Club Atletico Central",24357,"RB Linense","id1002603663144017",NULL,NULL,NULL,NULL,NULL,NULL,NULL,NULL
"2026-05-03","15:00","tercera-federacion-group-7","spain-amateur",493228,"Las Rozas CF",336767,"AD Union Adarve","id1002603063140033",NULL,NULL,NULL,NULL,NULL,NULL,NULL,NULL
"2026-05-03","15:00","premier-league","ghana",204573,"FC Samartex",949957,"Basake Holy Stars","id1000119163078707",NULL,NULL,NULL,NULL,NULL,NULL,NULL,NULL
"2026-05-03","15:00","u19-elit-a","turkiye-amateur",300922,"Kayserispor",305332,"Eyupspor","id1002991263039261",NULL,NULL,NULL,NULL,NULL,NULL,NULL,NULL
"2026-05-03","15:00","nb-ii","hungary",501790,"Bvsc-Zuglo",1926,"Fehervar FC Szekesfehervar","id1000133961690490",NULL,NULL,NULL,NULL,NULL,NULL,NULL,NULL
"2026-05-03","15:00","premier-league","nigeria",245353,"Rivers United FC",193312,"Abia Warriors FC","id1000211270033444",NULL,NULL,NULL,NULL,NULL,NULL,NULL,NULL
"2026-05-03","15:00","premier-league","ghana",81951,"Medeama SC",443824,"Bibiani Gold Stars FC","id1000119163078703",NULL,NULL,NULL,NULL,NULL,NULL,NULL,NULL
"2026-05-03","15:00","nb-ii","hungary",25624,"Szeged-Csanad Grosics Akademia",1916,"Budapest Honved FC","id1000133961690500",NULL,NULL,NULL,NULL,NULL,NULL,NULL,NULL
"2026-05-03","15:00","premier-league","nigeria",1235733,"Kun Khalifat FC",134276,"Kano Pillars FC","id1000211270033446",NULL,NULL,NULL,NULL,NULL,NULL,NULL,NULL
"2026-05-03","15:00","campeonato-de-portugal","portugal",3024,"Leca FC",25783,"Rebordosa AC","id1001475870971586",NULL,NULL,NULL,NULL,NULL,NULL,NULL,NULL
"2026-05-03","15:00","premier-league","ghana",964055,"Nations FC",42614,"Hearts of Oak","id1000119163078705",NULL,NULL,NULL,NULL,NULL,NULL,NULL,NULL
"2026-05-03","15:00","tercera-federacion-group-13","spain-amateur",36378,"Mazarron FC",1180037,"Aguilas FC B","id1002604263146721",NULL,NULL,NULL,NULL,NULL,NULL,NULL,NULL
"2026-05-03","15:00","campeonato-de-portugal","portugal",178312,"GD Vitoria Sernache",45155,"AC Malveira","id1001475870971646",NULL,NULL,NULL,NULL,NULL,NULL,NULL,NULL
"2026-05-03","15:00","3-liga","slovakia",172064,"Druzstevnik Velke Ludince",6666,"FK Slovan Duslo Sala","id1004753661940244",NULL,NULL,NULL,NULL,NULL,NULL,NULL,NULL
"2026-05-03","15:00","tercera-federacion-group-7","spain-amateur",1281719,"Sad Racing Ciudad de Madrid",274049,"SAD Villaverde San Andres","id1002603063140031",NULL,NULL,NULL,NULL,NULL,NULL,NULL,NULL
"2026-05-03","15:00","tercera-federacion-group-9","spain-amateur",1281949,"Churriana de la Vega CF",266579,"UD San Pedro","id1002603463143399",NULL,NULL,NULL,NULL,NULL,NULL,NULL,NULL
"2026-05-03","15:00","tercera-federacion-group-14","spain-amateur",369428,"CD Calamonte",2853,"CD Badajoz","id1002604463147415",NULL,NULL,NULL,NULL,NULL,NULL,NULL,NULL
"2026-05-03","15:00","bundesliga","austria",2046,"FC Salzburg",2051,"SK Sturm Graz","id1000004569751540",NULL,NULL,NULL,NULL,NULL,NULL,NULL,NULL
"2026-05-03","15:00","1-liga","russia",314423,"Chayka Peschanokopskoye",2319,"Torpedo Moscow","id1000020471048124",NULL,NULL,NULL,NULL,NULL,NULL,NULL,NULL
"2026-05-03","15:00","premier-league","nigeria",927193,"Ikorodu City",42376,"Wikki Tourists FC","id1000211270033440",NULL,NULL,NULL,NULL,NULL,NULL,NULL,NULL
"2026-05-03","15:00","nb-iii","hungary",1143417,"Ozd-Sajovolgye",44205,"Godolloi SK","id1004795262160216",NULL,NULL,NULL,NULL,NULL,NULL,NULL,NULL
"2026-05-03","15:00","tercera-federacion-group-1","spain-amateur",466487,"CD Lugo B",368954,"UD Barbadas","id1002601863135377",NULL,NULL,NULL,NULL,NULL,NULL,NULL,NULL
"2026-05-03","15:00","divize-a","czechia",109793,"ZVVZ Milevsko",355240,"FK Spartak Sobeslav","id1004072766605596",NULL,NULL,NULL,NULL,NULL,NULL,NULL,NULL
"2026-05-03","15:00","superliga","serbia",7674,"FK Napredak Krusevac",25737,"FK Radnicki Nis","id1000021070709004",NULL,NULL,NULL,NULL,NULL,NULL,NULL,NULL
"2026-05-03","15:00","tercera-federacion-group-1","spain-amateur",218132,"CD BARCO",167166,"UD Somozas","id1002601863135365",NULL,NULL,NULL,NULL,NULL,NULL,NULL,NULL
"2026-05-03","15:00","tercera-federacion-group-1","spain-amateur",214066,"Silva SD",366804,"CF Noia","id1002601863135379",NULL,NULL,NULL,NULL,NULL,NULL,NULL,NULL
"2026-05-03","15:00","tercera-federacion-group-13","spain-amateur",828304,"UD Caravaca",493690,"Olimpico Totana","id1002604263146713",NULL,NULL,NULL,NULL,NULL,NULL,NULL,NULL
"2026-05-03","15:00","tercera-federacion-group-14","spain-amateur",361456,"CD Santa Amalia",361472,"Moralo CP","id1002604463147425",NULL,NULL,NULL,NULL,NULL,NULL,NULL,NULL
"2026-05-03","15:00","tercera-federacion-group-7","spain-amateur",369256,"AD Alcorcon B",369058,"AD Torrejon CF","id1002603063140023",NULL,NULL,NULL,NULL,NULL,NULL,NULL,NULL
"2026-05-03","15:00","ligue-1","tunisia",148874,"US Ben Guerdane",378002,"AS Soliman","id1000098471097942",NULL,NULL,NULL,NULL,NULL,NULL,NULL,NULL
"2026-05-03","15:00","tercera-federacion-group-18","spain-amateur",216992,"Atletico Albacete",350748,"CD Villacanas","id1002605263150211",NULL,NULL,NULL,NULL,NULL,NULL,NULL,NULL
"2026-05-03","15:00","ligue-1","tunisia",39618,"Africain",59636,"Stade Tunisien","id1000098471097936",NULL,NULL,NULL,NULL,NULL,NULL,NULL,NULL
"2026-05-03","15:00","u21-liga-mx","mexico",1269458,"CF Monterrey",1269058,"Pachuca","id1004805671168898",NULL,NULL,NULL,NULL,NULL,NULL,NULL,NULL
"2026-05-03","15:00","primera-division-women","argentina",348516,"CA Huracan",560718,"Union de Santa Fe","id1001846471135818",NULL,NULL,NULL,NULL,NULL,NULL,NULL,NULL
"2026-05-03","15:00","tercera-federacion-group-18","spain-amateur",473345,"CF La Solana",621326,"AD San Clemente","id1002605263150221",NULL,NULL,NULL,NULL,NULL,NULL,NULL,NULL
"2026-05-03","15:00","tercera-federacion-group-7","spain-amateur",366874,"CDF Tres Cantos",365600,"CD Leganes B","id1002603063140039",NULL,NULL,NULL,NULL,NULL,NULL,NULL,NULL
"2026-05-03","15:00","tercera-federacion-group-1","spain-amateur",368858,"Alondras CF",749445,"Viveiro CF","id1002601863135363",NULL,NULL,NULL,NULL,NULL,NULL,NULL,NULL
"2026-05-03","15:00","tercera-federacion-group-9","spain-amateur",1182025,"FC Marbelli",115065,"CR Granada","id1002603463143403",NULL,NULL,NULL,NULL,NULL,NULL,NULL,NULL
"2026-05-03","15:00","u19-elit-a","turkiye-amateur",305336,"Fenerbahce",391146,"Istanbul Basaksehir FK","id1002991263039269",NULL,NULL,NULL,NULL,NULL,NULL,NULL,NULL
"2026-05-03","15:00","tercera-federacion-group-2","spain-amateur",369138,"UD Llanera",116241,"CD Tuilla","id1002602063136367",NULL,NULL,NULL,NULL,NULL,NULL,NULL,NULL
"2026-05-03","15:00","kakkonen-playoffs","finland",283697,"Esbo Bollklubb",195214,"Nurmijarven Jalkapalloseura","id1002691069108798",NULL,NULL,NULL,NULL,NULL,NULL,NULL,NULL
"2026-05-03","15:00","ligue-1","tunisia",44463,"CS Sfaxien",59634,"Olympique de Beja","id1000098471097938",NULL,NULL,NULL,NULL,NULL,NULL,NULL,NULL
"2026-05-03","15:00","ligue-1","tunisia",59616,"AS Gabes",59632,"JS Kairouanaise","id1000098471097940",NULL,NULL,NULL,NULL,NULL,NULL,NULL,NULL
"2026-05-03","15:00","kolmonen","finland",194966,"Toolon Taisto",2281,"LPS Laajasalon","id1004667169921100",NULL,NULL,NULL,NULL,NULL,NULL,NULL,NULL
"2026-05-03","15:00","tercera-federacion-group-2","spain-amateur",748907,"Real Titanico FC",748879,"Aviles Stadium CF","id1002602063136357",NULL,NULL,NULL,NULL,NULL,NULL,NULL,NULL
"2026-05-03","15:00","tercera-federacion-group-1","spain-amateur",1281663,"Club Juventud Cambados",368874,"Arosa SC","id1002601863135369",NULL,NULL,NULL,NULL,NULL,NULL,NULL,NULL
"2026-05-03","15:00","superliga","serbia",43981,"FK Radnicki 1923 Kragujevac",368638,"FK TSC Backa Topola","id1000021070709006",NULL,NULL,NULL,NULL,NULL,NULL,NULL,NULL
"2026-05-03","15:00","tercera-federacion-group-5","spain-amateur",54127,"SOM Maresme FC",921727,"UE Tona","id1002602663188569",NULL,NULL,NULL,NULL,NULL,NULL,NULL,NULL
"2026-05-03","15:00","tercera-federacion-group-16","spain-amateur",336793,"CD Anguiano",493708,"CDFC La Calzada","id1002604863148823",NULL,NULL,NULL,NULL,NULL,NULL,NULL,NULL
"2026-05-03","15:00","tercera-federacion-group-10","spain-amateur",460335,"Conil CF",369300,"Atletico Onubense","id1002603663144027",NULL,NULL,NULL,NULL,NULL,NULL,NULL,NULL
"2026-05-03","15:00","tercera-federacion-group-2","spain-amateur",369146,"CD Mosconia",369144,"UD Gijon Industrial","id1002602063136369",NULL,NULL,NULL,NULL,NULL,NULL,NULL,NULL
"2026-05-03","15:00","i-liga","poland",53296,"Chrobry Glogow",35272,"GKS Tychy","id1000022961399015",NULL,NULL,NULL,NULL,NULL,NULL,NULL,NULL
"2026-05-03","15:00","superliga","serbia",111127,"FK Radnik Surdulica",5150,"FK Vojvodina Novi Sad","id1000021070708856",NULL,NULL,NULL,NULL,NULL,NULL,NULL,NULL
"2026-05-03","15:00","tercera-federacion-group-13","spain-amateur",934343,"Union Molinense CF 2020",1037449,"Yeclano Deportivo B","id1002604263146723",NULL,NULL,NULL,NULL,NULL,NULL,NULL,NULL
"2026-05-03","15:00","tercera-federacion-group-2","spain-amateur",366806,"CD Llanes",369140,"CD Covadonga","id1002602063136355",NULL,NULL,NULL,NULL,NULL,NULL,NULL,NULL
"2026-05-03","15:00","superliga","serbia",5144,"FK Javor Ivanjica",425691,"FK IMT Novi Beograd","id1000021070709008",NULL,NULL,NULL,NULL,NULL,NULL,NULL,NULL
"2026-05-03","15:00","tercera-federacion-group-18","spain-amateur",606044,"CP Villarrobledo",597692,"CD Illescas","id1002605263150227",NULL,NULL,NULL,NULL,NULL,NULL,NULL,NULL
"2026-05-03","15:00","tercera-federacion-group-14","spain-amateur",336789,"CD Azuaga",273591,"UD Montijo","id1002604463147413",NULL,NULL,NULL,NULL,NULL,NULL,NULL,NULL
"2026-05-03","15:00","tercera-federacion-group-9","spain-amateur",112475,"CD Martos",336787,"CD Huetor Tajar","id1002603463143405",NULL,NULL,NULL,NULL,NULL,NULL,NULL,NULL
"2026-05-03","15:00","tercera-federacion-group-18","spain-amateur",250225,"CD Marchamalo",218208,"CD Azuqueca","id1002605263150223",NULL,NULL,NULL,NULL,NULL,NULL,NULL,NULL
"2026-05-03","15:00","tercera-federacion-group-10","spain-amateur",276739,"Chiclana CF",612356,"CD Pozoblanco","id1002603663144025",NULL,NULL,NULL,NULL,NULL,NULL,NULL,NULL
"2026-05-03","15:00","tercera-federacion-group-16","spain-amateur",48223,"Club Haro Deportivo",1281977,"CD San Marcial","id1002604863148829",NULL,NULL,NULL,NULL,NULL,NULL,NULL,NULL
"2026-05-03","15:00","tercera-federacion-group-9","spain-amateur",44225,"Atletico Mancha Real",218688,"UDC Torredonjimeno","id1002603463143401",NULL,NULL,NULL,NULL,NULL,NULL,NULL,NULL
"2026-05-03","15:00","nb-iii","hungary",746567,"Tiszafoldvar Vse",226302,"Gyulai FC","id1004795262180480",NULL,NULL,NULL,NULL,NULL,NULL,NULL,NULL
"2026-05-03","15:00","1-mfl","north-macedonia",136548,"Shkupi Cair",53841,"FK Makedonija Gjorce Petrov","id1000019970347024",NULL,NULL,NULL,NULL,NULL,NULL,NULL,NULL
"2026-05-03","15:00","tercera-federacion-group-7","spain-amateur",44229,"AD Parla",614334,"CD Galapagar","id1002603063140035",NULL,NULL,NULL,NULL,NULL,NULL,NULL,NULL
"2026-05-03","15:00","tercera-federacion-group-1","spain-amateur",930849,"Gran Pena FC",215484,"Racing Club Villalbes","id1002601863135375",NULL,NULL,NULL,NULL,NULL,NULL,NULL,NULL
"2026-05-03","15:00","tercera-federacion-group-6","spain-amateur",24367,"UD Alzira",621306,"CD Utiel","id1002602863139389",NULL,NULL,NULL,NULL,NULL,NULL,NULL,NULL
"2026-05-03","15:00","tercera-federacion-group-2","spain-amateur",369136,"L'Entregu CF",610154,"SD Lenense","id1002602063136365",NULL,NULL,NULL,NULL,NULL,NULL,NULL,NULL
"2026-05-03","15:00","tercera-federacion-group-18","spain-amateur",25401,"CD Toledo Sad",456607,"Calvo Sotelo Puertollano","id1002605263150225",NULL,NULL,NULL,NULL,NULL,NULL,NULL,NULL
"2026-05-03","15:00","2-liga-division-b-group-2","russia",332189,"FC Cherepovets",334591,"Dinamo St Petersburg","id1000109970250614",NULL,NULL,NULL,NULL,NULL,NULL,NULL,NULL
"2026-05-03","15:00","regionalliga-west","germany-amateur",350336,"FC Schalke 04 II",2535,"Borussia Dortmund II","id1000049361853406",NULL,NULL,NULL,NULL,NULL,NULL,NULL,NULL
"2026-05-03","15:00","nb-iii","hungary",25610,"Mosonmagyarovari TE",8057,"Gyirmot FC Gyor","id1004795262161210",NULL,NULL,NULL,NULL,NULL,NULL,NULL,NULL
"2026-05-03","15:00","prva-liga-fed-bih","bosnia-&-herzegovina",37245,"NK Vitez",6146,"NK Celik Zenica","id1000071663534023",NULL,NULL,NULL,NULL,NULL,NULL,NULL,NULL
"2026-05-03","15:00","liga-femenina","peru",889079,"Carlos A Mannucci",1201597,"Atletico Andahuaylas","id1001399570692636",NULL,NULL,NULL,NULL,NULL,NULL,NULL,NULL
"2026-05-03","15:00","tercera-federacion-group-10","spain-amateur",369294,"Cadiz CF Mirandilla",361482,"CD Ciudad de Lucena","id1002603663144019",NULL,NULL,NULL,NULL,NULL,NULL,NULL,NULL
"2026-05-03","15:00","kolmonen","finland",2281,"LPS Laajasalon",1335284,"Pakkalan Palloseura","id1004667170684166",NULL,NULL,NULL,NULL,NULL,NULL,NULL,NULL
"2026-05-03","15:00","superliga","serbia",5152,"FK Partizan Belgrade",25736,"FK Novi Pazar","id1000021070708860",NULL,NULL,NULL,NULL,NULL,NULL,NULL,NULL
"2026-05-03","15:00","super-lig-women","turkiye",1041423,"Beylerbeyi SK",1288479,"Prolift Giresun Sanayispor","id1004874163666439",NULL,NULL,NULL,NULL,NULL,NULL,NULL,NULL
"2026-05-03","15:00","superliga","serbia",425695,"FK Zeleznicar Pancevo",5153,"OFK Beograd","id1000021070708858",NULL,NULL,NULL,NULL,NULL,NULL,NULL,NULL
"2026-05-03","15:00","premier-league","nigeria",1238821,"Barau FC",193318,"El Kanemi Warriors","id1000211270033430",NULL,NULL,NULL,NULL,NULL,NULL,NULL,NULL
"2026-05-03","15:00","tercera-federacion-group-9","spain-amateur",1281951,"UD Melilla B",2872,"CF Motril","id1002603463143407",NULL,NULL,NULL,NULL,NULL,NULL,NULL,NULL
"2026-05-03","15:00","tercera-federacion-group-1","spain-amateur",273933,"CD Boiro",1281661,"Atletico Coruna Montaneros CF","id1002601863135367",NULL,NULL,NULL,NULL,NULL,NULL,NULL,NULL
"2026-05-03","15:00","tercera-federacion-group-18","spain-amateur",926267,"CD Cazalegas",369456,"CD Pedroneras","id1002605263150213",NULL,NULL,NULL,NULL,NULL,NULL,NULL,NULL
"2026-05-03","15:00","nb-iii","hungary",746571,"Tarpa SC",213786,"FC Hatvan","id1004795262160226",NULL,NULL,NULL,NULL,NULL,NULL,NULL,NULL
"2026-05-03","15:00","premier-league","ukraine",3305,"FC Dynamo Kyiv",3313,"FC Shakhtar Donetsk","id1000021861651624",NULL,NULL,NULL,NULL,NULL,NULL,NULL,NULL
"2026-05-03","15:00","nb-iii","hungary",25613,"Penzugyor SE",5123,"Kaposvari Rakoczi FC","id1004795262181506",NULL,NULL,NULL,NULL,NULL,NULL,NULL,NULL
"2026-05-03","15:00","elite-one","cameroon",802996,"Aigle Royal Du Moungo",471169,"Dynamo de Douala","id1000100670774976",NULL,NULL,NULL,NULL,NULL,NULL,NULL,NULL
"2026-05-03","15:00","tercera-federacion-group-7","spain-amateur",751951,"CD Mostoles URJC",1281721,"Cdb Siello FC","id1002603063140029",NULL,NULL,NULL,NULL,NULL,NULL,NULL,NULL
"2026-05-03","15:00","campeonato-de-portugal","portugal",35176,"FC Oliveira do Hospital",35175,"Louletano DC","id1001475870971642",NULL,NULL,NULL,NULL,NULL,NULL,NULL,NULL
"2026-05-03","15:00","tercera-federacion-group-14","spain-amateur",627082,"CF Jaraiz",627022,"CD Cabeza Del Buey","id1002604463147419",NULL,NULL,NULL,NULL,NULL,NULL,NULL,NULL
"2026-05-03","15:00","vtora-liga","bulgaria",3283,"PFC Chernomorets Burgas",36941,"SFC Etar Veliko Tarnovo","id1000113563465161",NULL,NULL,NULL,NULL,NULL,NULL,NULL,NULL
"2026-05-03","15:00","u19-elit-a","turkiye-amateur",422897,"Samsunspor",120868,"Galatasaray SK","id1002991263039273",NULL,NULL,NULL,NULL,NULL,NULL,NULL,NULL
"2026-05-03","15:00","nb-iii","hungary",36873,"MTK Budapest II",5125,"Pecsi MFC","id1004795262181494",NULL,NULL,NULL,NULL,NULL,NULL,NULL,NULL
"2026-05-03","15:00","prva-liga-fed-bih","bosnia-&-herzegovina",5236,"FK Buducnost Banovici",6247,"FK Sloboda Tuzla","id1000071663534031",NULL,NULL,NULL,NULL,NULL,NULL,NULL,NULL
"2026-05-03","15:00","tercera-federacion-group-2","spain-amateur",24365,"Sporting Atletico",366810,"El San Martin Ra","id1002602063136353",NULL,NULL,NULL,NULL,NULL,NULL,NULL,NULL
"2026-05-03","15:00","tercera-federacion-group-2","spain-amateur",369126,"CD Colunga",369142,"CD Praviano","id1002602063136363",NULL,NULL,NULL,NULL,NULL,NULL,NULL,NULL
"2026-05-03","15:00","premier-league","kazakhstan",5366,"FC Ordabasy",5355,"FC Aktobe","id1000068269342822",NULL,NULL,NULL,NULL,NULL,NULL,NULL,NULL
"2026-05-03","15:00","u19-elit-a","turkiye-amateur",305396,"Trabzonspor",305354,"Goztepe","id1002991263039271",NULL,NULL,NULL,NULL,NULL,NULL,NULL,NULL
"2026-05-03","15:00","premier-league","nigeria",533451,"Bendel Insurance FC",308036,"Katsina United FC","id1000211270033438",NULL,NULL,NULL,NULL,NULL,NULL,NULL,NULL
"2026-05-03","15:00","tercera-federacion-group-13","spain-amateur",1180041,"CF Santomera",163820,"FC Cartagena B","id1002604263146727",NULL,NULL,NULL,NULL,NULL,NULL,NULL,NULL
"2026-05-03","15:00","tercera-federacion-group-14","spain-amateur",627076,"Cp Montehermoso",37051,"CF Villanovense","id1002604463147421",NULL,NULL,NULL,NULL,NULL,NULL,NULL,NULL
"2026-05-03","15:00","tirol-regionalliga-tirol","austria-amateur",396572,"SV Telfs",371306,"SPG Silz / Moetz","id1002968261915034",NULL,NULL,NULL,NULL,NULL,NULL,NULL,NULL
"2026-05-03","15:00","nb-ii","hungary",25603,"Karcag SE",25395,"Szentlorinc SE","id1000133961690502",NULL,NULL,NULL,NULL,NULL,NULL,NULL,NULL
"2026-05-03","15:00","premier-league-2-women","scotland",445381,"St Johnstone Wfc",190588,"Stirling University","id1004442569279942",NULL,NULL,NULL,NULL,NULL,NULL,NULL,NULL
"2026-05-03","15:00","tercera-federacion-group-13","spain-amateur",268349,"El Palmar CF-Estrella Grana",369334,"CA Pulpileno","id1002604263146719",NULL,NULL,NULL,NULL,NULL,NULL,NULL,NULL
"2026-05-03","15:00","elite-one","cameroon",42575,"Coton Sport de Garoua",536821,"Pwd Bamenda","id1000100670774970",NULL,NULL,NULL,NULL,NULL,NULL,NULL,NULL
"2026-05-03","15:00","3-liga","slovakia",276297,"FK Belusa",36890,"FKM Nove Zamky","id1004753661940242",NULL,NULL,NULL,NULL,NULL,NULL,NULL,NULL
"2026-05-03","15:00","tercera-federacion-group-10","spain-amateur",828282,"AD Ceuta FC B",369224,"Castilleja CF","id1002603663144023",NULL,NULL,NULL,NULL,NULL,NULL,NULL,NULL
"2026-05-03","15:15","ligue-1","france",6070,"Paris FC",1715,"Stade Brest 29","id1000003461526564",NULL,NULL,NULL,NULL,NULL,NULL,NULL,NULL
"2026-05-03","15:15","ligue-1","france",1646,"AJ Auxerre",1684,"Angers SCO","id1000003461526566",NULL,NULL,NULL,NULL,NULL,NULL,NULL,NULL
"2026-05-03","15:15","superliga","romania",25856,"FC Petrolul Ploiesti",221210,"FC Uta Arad","id1000015269744628",NULL,NULL,NULL,NULL,NULL,NULL,NULL,NULL
"2026-05-03","15:15","ligue-1","france",1659,"Strasbourg Alsace",1681,"Toulouse FC","id1000003461526560",NULL,NULL,NULL,NULL,NULL,NULL,NULL,NULL
"2026-05-03","15:30","tercera-federacion-group-15","spain-amateur",366894,"Beti Kozkor KE",116239,"AD San Juan Pamplona","id1002604663148135",NULL,NULL,NULL,NULL,NULL,NULL,NULL,NULL
"2026-05-03","15:30","tercera-federacion-group-17","spain-amateur",369426,"CD Binefar",851131,"CD Utrillas","id1002605063149473",NULL,NULL,NULL,NULL,NULL,NULL,NULL,NULL
"2026-05-03","15:30","tercera-federacion-group-17","spain-amateur",493714,"CF Calamocha",369434,"Robres CD","id1002605063149475",NULL,NULL,NULL,NULL,NULL,NULL,NULL,NULL
"2026-05-03","15:30","tercera-federacion-group-15","spain-amateur",47326,"CD Valle de Egues",1180043,"Atletico Artajones","id1002604663148149",NULL,NULL,NULL,NULL,NULL,NULL,NULL,NULL
"2026-05-03","15:30","kolmonen","finland",7631,"Lohjan Pallo",369744,"Leppavaaran Pallo","id1004667169920612",NULL,NULL,NULL,NULL,NULL,NULL,NULL,NULL
"2026-05-03","15:30","tercera-federacion-group-15","spain-amateur",369346,"CD Ardoi FE",493700,"CD Beti Onak","id1002604663148137",NULL,NULL,NULL,NULL,NULL,NULL,NULL,NULL
"2026-05-03","15:30","tercera-federacion-group-17","spain-amateur",366904,"CD La Almunia",749177,"CF Epila","id1002605063149489",NULL,NULL,NULL,NULL,NULL,NULL,NULL,NULL
"2026-05-03","15:30","tercera-federacion-group-17","spain-amateur",366902,"CD Caspe",359016,"CDJ Tamarite","id1002605063149477",NULL,NULL,NULL,NULL,NULL,NULL,NULL,NULL
"2026-05-03","15:30","ekstraklasa","poland",3117,"Pogon Szczecin",3122,"Wisla Plock","id1000020261062293",NULL,NULL,NULL,NULL,NULL,NULL,NULL,NULL
"2026-05-03","15:30","bundesliga","germany",2527,"Borussia Monchengladbach",2673,"Borussia Dortmund","id1000003561514176",NULL,NULL,NULL,NULL,NULL,NULL,NULL,NULL
"2026-05-03","15:30","liga-portugal-3","portugal",34778,"Uniao SC Paredes",496128,"AD Marco 09","id1003490068351482",NULL,NULL,NULL,NULL,NULL,NULL,NULL,NULL
"2026-05-03","15:30","tercera-federacion-group-15","spain-amateur",749259,"CD Cortes Navarre",369336,"CD Pamplona","id1002604663148139",NULL,NULL,NULL,NULL,NULL,NULL,NULL,NULL
"2026-05-03","15:30","tercera-federacion-group-17","spain-amateur",622168,"CD Cuarte",369420,"AD Almudevar","id1002605063149481",NULL,NULL,NULL,NULL,NULL,NULL,NULL,NULL
"2026-05-03","15:30","tercera-federacion-group-17","spain-amateur",1166703,"CD Zuera",369430,"CD Belchite 97","id1002605063149493",NULL,NULL,NULL,NULL,NULL,NULL,NULL,NULL
"2026-05-03","15:30","serie-c--promotion-playoffs","italy",2717,"AS Cittadella",170634,"FC Arzignano Valchiampo","id1002656071118224",NULL,NULL,NULL,NULL,NULL,NULL,NULL,NULL
"2026-05-03","15:30","tercera-federacion-group-15","spain-amateur",336791,"CD Oberena",266599,"UDC Chantrea","id1002604663148145",NULL,NULL,NULL,NULL,NULL,NULL,NULL,NULL
"2026-05-03","15:30","tercera-federacion-group-17","spain-amateur",493716,"Casetas",54131,"Andorra CF","id1002605063149491",NULL,NULL,NULL,NULL,NULL,NULL,NULL,NULL
"2026-05-03","15:30","tercera-federacion-group-17","spain-amateur",749749,"SD Huesca B",369432,"CD Carinena","id1002605063149483",NULL,NULL,NULL,NULL,NULL,NULL,NULL,NULL
"2026-05-03","15:30","prvaliga","slovenia",37737,"NK Radomlje",2420,"NK Maribor","id1000021261454175",NULL,NULL,NULL,NULL,NULL,NULL,NULL,NULL
"2026-05-03","15:30","tercera-federacion-group-17","spain-amateur",369444,"Illueca CF",47330,"CF Atletico de Monzon","id1002605063149479",NULL,NULL,NULL,NULL,NULL,NULL,NULL,NULL
"2026-05-03","15:30","primera-division","uruguay",174970,"CA Boston River",3232,"Central Espanol FC","id1000027870893172",NULL,NULL,NULL,NULL,NULL,NULL,NULL,NULL
"2026-05-03","15:30","liga-portugal-3","portugal",74473,"SC Braga B",45146,"AD Fafe","id1003490068351480",NULL,NULL,NULL,NULL,NULL,NULL,NULL,NULL
"2026-05-03","15:30","vtoraya-liga","belarus",1344044,"1. FC Minskoye More",1341540,"FC Maximus Minsk","id1003231171194632",NULL,NULL,NULL,NULL,NULL,NULL,NULL,NULL
"2026-05-03","15:30","liga-portugal-3","portugal",45148,"SC Sao Joao de Ver",25786,"AD Sanjoanense","id1003490068351484",NULL,NULL,NULL,NULL,NULL,NULL,NULL,NULL
"2026-05-03","15:45","primera-federacion","spain",24368,"UD Ibiza",77413,"Atletico Sanluqueno","id1003483461687574",NULL,NULL,NULL,NULL,NULL,NULL,NULL,NULL
"2026-05-03","15:45","niederosterreich-1-landesliga","austria-amateur",319439,"SC Wieselburg",629636,"SKN St Polten Juniors","id1004377161909618",NULL,NULL,NULL,NULL,NULL,NULL,NULL,NULL
"2026-05-03","15:50","u21-elite-league","saudi-arabia",1282211,"AL Ettifaq U21",1282215,"AL Hazem U21","id1004851370983872",NULL,NULL,NULL,NULL,NULL,NULL,NULL,NULL
"2026-05-03","16:00","premier-league","bahrain",60428,"AL Bahrain",45477,"Malkiya Club","id1000084671114124",NULL,NULL,NULL,NULL,NULL,NULL,NULL,NULL
"2026-05-03","16:00","tercera-federacion-group-4","spain-amateur",37588,"CD Lagun Onak",1179995,"SD Eibar C","id1002602463137635",NULL,NULL,NULL,NULL,NULL,NULL,NULL,NULL
"2026-05-03","16:00","u23-olympic-league","qatar",1281655,"AL Sailiya",524620,"AL Shahaniya SC","id1004850970848192",NULL,NULL,NULL,NULL,NULL,NULL,NULL,NULL
"2026-05-03","16:00","tercera-federacion-group-4","spain-amateur",493170,"Pasaia KE",1044713,"Anorga Kke","id1002602463137637",NULL,NULL,NULL,NULL,NULL,NULL,NULL,NULL
"2026-05-03","16:00","vysshaya-liga","belarus",3361,"FC Dinamo Minsk",791232,"Maxline Vitebsk","id1000016970986754",NULL,NULL,NULL,NULL,NULL,NULL,NULL,NULL
"2026-05-03","16:00","liga-1","peru",2302,"Sporting Cristal",63760,"Cusco FC","id1000040670483730",NULL,NULL,NULL,NULL,NULL,NULL,NULL,NULL
"2026-05-03","16:00","saudi-pro-league","saudi-arabia",34313,"Al-Shabab FC (SA)",56021,"Al-Taawoun FC","id1000095564055845",NULL,NULL,NULL,NULL,NULL,NULL,NULL,NULL
"2026-05-03","16:00","u23-olympic-league","qatar",1280749,"AL Rayyan",1280757,"AL Wakrah SC","id1004850970848194",NULL,NULL,NULL,NULL,NULL,NULL,NULL,NULL
"2026-05-03","16:00","tercera-federacion-group-3","spain-amateur",115051,"CD Tropezon",219174,"CD Cayon","id1002602263137021",NULL,NULL,NULL,NULL,NULL,NULL,NULL,NULL
"2026-05-03","16:00","tercera-federacion-group-5","spain-amateur",369242,"UE Vilassar de Mar",921727,"UE Tona","id1002602663376159",NULL,NULL,NULL,NULL,NULL,NULL,NULL,NULL
"2026-05-03","16:00","tercera-federacion-group-4","spain-amateur",168214,"SD Zamudio",1281667,"Zarautz Ke","id1002602463137649",NULL,NULL,NULL,NULL,NULL,NULL,NULL,NULL
"2026-05-03","16:00","u23-olympic-league","qatar",1280763,"Umm Salal",1280761,"Qatar SC","id1004850970848196",NULL,NULL,NULL,NULL,NULL,NULL,NULL,NULL
"2026-05-03","16:00","tercera-federacion-group-3","spain-amateur",166002,"UM Escobedo",369184,"SD Atletico Albericia","id1002602263137011",NULL,NULL,NULL,NULL,NULL,NULL,NULL,NULL
"2026-05-03","16:00","tercera-federacion-group-3","spain-amateur",37052,"RS Gimnastica de Torrelavega",44228,"SD Noja","id1002602263137019",NULL,NULL,NULL,NULL,NULL,NULL,NULL,NULL
"2026-05-03","16:00","tercera-federacion-group-3","spain-amateur",369188,"CF Vimenor",1281665,"CD Montanas Del Pas","id1002602263137025",NULL,NULL,NULL,NULL,NULL,NULL,NULL,NULL
"2026-05-03","16:00","nb-iii","hungary",727763,"SC Sopron",25399,"Veszprem FC","id1004795262161218",NULL,NULL,NULL,NULL,NULL,NULL,NULL,NULL
"2026-05-03","16:00","tercera-federacion-group-3","spain-amateur",828254,"CD Colindres",309410,"CD Bezana","id1002602263137009",NULL,NULL,NULL,NULL,NULL,NULL,NULL,NULL
"2026-05-03","16:00","tercera-federacion-group-16","spain-amateur",369414,"CD Agoncillo",369388,"CD Arnedo","id1002604863148821",NULL,NULL,NULL,NULL,NULL,NULL,NULL,NULL
"2026-05-03","16:00","premier-league","bahrain",193666,"AL Budaiya",761576,"AL-Khaldiya SC","id1000084671114122",NULL,NULL,NULL,NULL,NULL,NULL,NULL,NULL
"2026-05-03","16:00","tercera-federacion-group-3","spain-amateur",610156,"UC Cartes",369192,"Castro FC","id1002602263137023",NULL,NULL,NULL,NULL,NULL,NULL,NULL,NULL
"2026-05-03","16:00","tercera-federacion-group-4","spain-amateur",276201,"CD Santurtzi KE",1179993,"UD Aretxabaleta","id1002602463137645",NULL,NULL,NULL,NULL,NULL,NULL,NULL,NULL
"2026-05-03","16:00","botola-pro-d1","morocco",368674,"Renaissance Zemamra",36268,"Wydad AC","id1000093771169542",NULL,NULL,NULL,NULL,NULL,NULL,NULL,NULL
"2026-05-03","16:00","serie-a-women","italy",377720,"Sassuolo Calcio",826674,"Sampdoria Genoa","id1002080862352444",NULL,NULL,NULL,NULL,NULL,NULL,NULL,NULL
"2026-05-03","16:00","serie-a","italy",2687,"Juventus Turin",2701,"Hellas Verona","id1000002361061635",NULL,NULL,NULL,NULL,NULL,NULL,NULL,NULL
"2026-05-03","16:00","tercera-federacion-group-3","spain-amateur",494288,"CD Revilla",610158,"CD Barquereno","id1002602263137015",NULL,NULL,NULL,NULL,NULL,NULL,NULL,NULL
"2026-05-03","16:00","tercera-federacion-group-3","spain-amateur",369178,"CD Guarnizo",474014,"SD Torina","id1002602263137013",NULL,NULL,NULL,NULL,NULL,NULL,NULL,NULL
"2026-05-03","16:00","1st-division","cyprus",3402,"Apollon Limassol",171626,"Pafos FC","id1000017171056602",NULL,NULL,NULL,NULL,NULL,NULL,NULL,NULL
"2026-05-03","16:00","tercera-federacion-group-4","spain-amateur",1044711,"CD Derio",933889,"Touring KE","id1002602463137633",NULL,NULL,NULL,NULL,NULL,NULL,NULL,NULL
"2026-05-03","16:00","parva-liga","bulgaria",3275,"PFC CSKA Sofia",43840,"PFC Ludogorets 1945 Razgrad","id1000024770905764",NULL,NULL,NULL,NULL,NULL,NULL,NULL,NULL
"2026-05-03","16:00","tercera-federacion-group-18","spain-amateur",1281983,"CD Guadalajara B",369452,"Villarrubia CF","id1002605263150217",NULL,NULL,NULL,NULL,NULL,NULL,NULL,NULL
"2026-05-03","16:00","segunda-division","chile",1051019,"CD Concon National FC",452989,"Brujas de Salamanca","id1004228369612810",NULL,NULL,NULL,NULL,NULL,NULL,NULL,NULL
"2026-05-03","16:00","nb-iii","hungary",37836,"Dunaujvaros Palhalma Agrospecial SE",25625,"Szekszardi UFC","id1004795262181498",NULL,NULL,NULL,NULL,NULL,NULL,NULL,NULL
"2026-05-03","16:00","super-league","greece",3251,"PAOK Thessaloniki",3245,"Olympiacos Piraeus","id1000018570231838",NULL,NULL,NULL,NULL,NULL,NULL,NULL,NULL
"2026-05-03","16:00","tercera-federacion-group-4","spain-amateur",306254,"Real Sociedad C",336775,"SCD Durango","id1002602463137641",NULL,NULL,NULL,NULL,NULL,NULL,NULL,NULL
"2026-05-03","16:00","kakkonen-playoffs","finland",193664,"PPJ Helsinki",2283,"Puistolan Urheilijat","id1002691069108620",NULL,NULL,NULL,NULL,NULL,NULL,NULL,NULL
"2026-05-03","16:00","tercera-federacion-group-3","spain-amateur",369182,"Selaya FC",216776,"CD Laredo","id1002602263137017",NULL,NULL,NULL,NULL,NULL,NULL,NULL,NULL
"2026-05-03","16:00","premier-league","tanzania",238652,"Coastal Union FC",624442,"Namungo FC","id1000243663353603",NULL,NULL,NULL,NULL,NULL,NULL,NULL,NULL
"2026-05-03","16:00","superliga","denmark",1291,"AGF Aarhus",1295,"Soenderjyske","id1000003969653756",NULL,NULL,NULL,NULL,NULL,NULL,NULL,NULL
"2026-05-03","16:00","toppserien-women","norway",1096485,"Bodoe/Glimt",732,"Stabaek Fotball","id1000020167017050",NULL,NULL,NULL,NULL,NULL,NULL,NULL,NULL
"2026-05-03","16:00","tercera-federacion-group-4","spain-amateur",25403,"Club Portugalete",277853,"CD Aurrera de Vitoria","id1002602463137639",NULL,NULL,NULL,NULL,NULL,NULL,NULL,NULL
"2026-05-03","16:00","tercera-federacion-group-4","spain-amateur",277551,"SD Deusto",167160,"SD Leioa","id1002602463137647",NULL,NULL,NULL,NULL,NULL,NULL,NULL,NULL
"2026-05-03","16:00","tercera-federacion-group-18","spain-amateur",366908,"CD Manchego Ciudad Real",1186741,"CD Sonseca","id1002605263150215",NULL,NULL,NULL,NULL,NULL,NULL,NULL,NULL
"2026-05-03","16:10","division-1","saudi-arabia",168084,"Al-Batin",515042,"Al Bukiryah","id1000229867953252",NULL,NULL,NULL,NULL,NULL,NULL,NULL,NULL
"2026-05-03","16:15","primera-federacion","spain",24335,"CE Sabadell FC",4487,"Real Murcia CF","id1003483461687584",NULL,NULL,NULL,NULL,NULL,NULL,NULL,NULL
"2026-05-03","16:15","hnl","croatia",2036,"HNK Hajduk Split",282653,"NK Varazdin","id1000017061286579",NULL,NULL,NULL,NULL,NULL,NULL,NULL,NULL
"2026-05-03","16:15","premier-league","faroe-islands",5186,"Tofta Itrottarfelag B68",5260,"Eb/Streymur","id1000067367849968",NULL,NULL,NULL,NULL,NULL,NULL,NULL,NULL
"2026-05-03","16:25","division-1","saudi-arabia",168072,"Al-Tai",522144,"AL Jandal","id1000229867953254",NULL,NULL,NULL,NULL,NULL,NULL,NULL,NULL
"2026-05-03","16:30","premier-league","israel",5399,"Hapoel Ironi Kiryat Shmona FC",5201,"Hapoel Haifa FC","id1000026670812552",NULL,NULL,NULL,NULL,NULL,NULL,NULL,NULL
"2026-05-03","16:30","tercera-federacion-group-13","spain-amateur",1180039,"Deportivo Maritimo",366890,"SFC Minerva","id1002604263146717",NULL,NULL,NULL,NULL,NULL,NULL,NULL,NULL
"2026-05-03","16:30","ligue-1","mali",1307990,"FC Mali Coura",69324,"Djoliba AC","id1004081771004410",NULL,NULL,NULL,NULL,NULL,NULL,NULL,NULL
"2026-05-03","16:30","premier-league","russia",5131,"RFK Akhmat Grozny",212844,"FC Pari Nizhny Novgorod","id1000020361376743",NULL,NULL,NULL,NULL,NULL,NULL,NULL,NULL
"2026-05-03","16:30","copa-de-la-liga","chile",5034,"Universidad de Concepcion",3151,"CD Universidad Catolica","id1005074070758858",NULL,NULL,NULL,NULL,NULL,NULL,NULL,NULL
"2026-05-03","16:30","ligue-1","mali",391624,"Onze Createurs",69326,"Stade Malien de Bamako","id1004081771004326",NULL,NULL,NULL,NULL,NULL,NULL,NULL,NULL
"2026-05-03","16:30","laliga-2","spain",24360,"Real Sociedad San Sebastian B",2854,"Burgos CF","id1000005461623858",NULL,NULL,NULL,NULL,NULL,NULL,NULL,NULL
"2026-05-03","16:30","pro-league","belgium",2900,"RSC Anderlecht",2888,"Club Brugge","id1000003870207422",NULL,NULL,NULL,NULL,NULL,NULL,NULL,NULL
"2026-05-03","16:30","1-liga","czechia",2218,"Sparta Prague",2205,"FK Jablonec","id1000017271085520",NULL,NULL,NULL,NULL,NULL,NULL,NULL,NULL
"2026-05-03","16:30","laliga","spain",2816,"Real Betis Seville",2851,"Real Oviedo","id1000000861624600",NULL,NULL,NULL,NULL,NULL,NULL,NULL,NULL
"2026-05-03","16:30","primera-b","chile",89508,"Deportes Magallanes",89506,"Deportes Copiapo","id1000124068097868",NULL,NULL,NULL,NULL,NULL,NULL,NULL,NULL
"2026-05-03","16:45","super-d1","mauritania",542759,"Police",954579,"Chemal FC","id1004842371077274",NULL,NULL,NULL,NULL,NULL,NULL,NULL,NULL
"2026-05-03","17:00","super-lig","turkiye",3072,"Kayserispor",7040,"Eyupspor","id1000005261730202",NULL,NULL,NULL,NULL,NULL,NULL,NULL,NULL
"2026-05-03","17:00","super-lig","turkiye",3056,"Antalyaspor",6362,"Alanyaspor","id1000005261730208",NULL,NULL,NULL,NULL,NULL,NULL,NULL,NULL
"2026-05-03","17:00","primera-division-women","argentina",502898,"Racing Club",348524,"CA San Lorenzo de Almagro","id1001846471135822",NULL,NULL,NULL,NULL,NULL,NULL,NULL,NULL
"2026-05-03","17:00","nb-ii","hungary",25621,"Soroksar SC",25580,"FC Ajka","id1000133961690498",NULL,NULL,NULL,NULL,NULL,NULL,NULL,NULL
"2026-05-03","17:00","premier-league","egypt",376278,"National Bank of Egypt SC",375678,"Modern Sport FC","id1000080869880280",NULL,NULL,NULL,NULL,NULL,NULL,NULL,NULL
"2026-05-03","17:00","premier-league","israel",5391,"MS Ashdod",61702,"Ironi Tiberias","id1000026670812554",NULL,NULL,NULL,NULL,NULL,NULL,NULL,NULL
"2026-05-03","17:00","premier-league","egypt",58319,"Ghazl El Mahallah",42366,"Ismaily SC","id1000080869880282",NULL,NULL,NULL,NULL,NULL,NULL,NULL,NULL
"2026-05-03","17:00","nb-i-women","hungary",1160939,"Budapest Honved FC",460991,"Pecsi MFC","id1001926662301622",NULL,NULL,NULL,NULL,NULL,NULL,NULL,NULL
"2026-05-03","17:00","super-lig","turkiye",4954,"Fatih Karagumruk Istanbul",7802,"Genclerbirligi SK","id1000005261730216",NULL,NULL,NULL,NULL,NULL,NULL,NULL,NULL
"2026-05-03","17:00","tercera-federacion-group-16","spain-amateur",369382,"CD Pradejon",167564,"CD Varea","id1002604863148833",NULL,NULL,NULL,NULL,NULL,NULL,NULL,NULL
"2026-05-03","17:00","liga-portugal","portugal",2999,"SC Braga",4500,"Estoril Praia","id1000023861731518",NULL,NULL,NULL,NULL,NULL,NULL,NULL,NULL
"2026-05-03","17:00","national-womens-soccer-league","usa",34714,"Chicago Stars FC",151008,"Portland Thorns FC","id1000169067912030",NULL,NULL,NULL,NULL,NULL,NULL,NULL,NULL
"2026-05-03","17:00","super-lig","turkiye",6063,"Kasimpasa Istanbul",3065,"Kocaelispor","id1000005261730218",NULL,NULL,NULL,NULL,NULL,NULL,NULL,NULL
"2026-05-03","17:00","liga-de-ascenso-clausura","costa-rica",923161,"Quepos Cambute",364902,"Adr Jicaral","id1002776571169134",NULL,NULL,NULL,NULL,NULL,NULL,NULL,NULL
"2026-05-03","17:00","super-liga","moldova",54679,"Dacia Buiucani",5173,"FC Sheriff Tiraspol","id1000068569900322",NULL,NULL,NULL,NULL,NULL,NULL,NULL,NULL
"2026-05-03","17:15","u21-elite-league","saudi-arabia",379554,"AL Nassr",384820,"AL Fateh","id1004851370983874",NULL,NULL,NULL,NULL,NULL,NULL,NULL,NULL
"2026-05-03","17:15","pro-league","belgium",2922,"FCV Dender EH",752197,"RAAL La Louviere","id1000003870207542",NULL,NULL,NULL,NULL,NULL,NULL,NULL,NULL
"2026-05-03","17:15","eliteserien","norway",1165,"Vaalerenga IF",786,"KFUM Oslo","id1000002067015158",NULL,NULL,NULL,NULL,NULL,NULL,NULL,NULL
"2026-05-03","17:30","bundesliga","germany",2538,"SC Freiburg",2524,"VFL Wolfsburg","id1000003561514172",NULL,NULL,NULL,NULL,NULL,NULL,NULL,NULL
"2026-05-03","17:30","ii-liga","poland",105963,"MKS Chojniczanka Chojnice",37179,"Olimpia Grudziadz","id1000051561467245",NULL,NULL,NULL,NULL,NULL,NULL,NULL,NULL
"2026-05-03","17:30","3-liga","germany",5880,"FC Ingolstadt 04",2566,"Erzgebirge Aue","id1000049161709662",NULL,NULL,NULL,NULL,NULL,NULL,NULL,NULL
"2026-05-03","17:50","division-1","saudi-arabia",368676,"Jeddah Club",402067,"Al-Zulfi FC","id1000229867953256",NULL,NULL,NULL,NULL,NULL,NULL,NULL,NULL
"2026-05-03","18:00","serie-c--promotion-playoffs","italy",275501,"ASD Pineto Calcio",2782,"AS Gubbio","id1002656071118232",NULL,NULL,NULL,NULL,NULL,NULL,NULL,NULL
"2026-05-03","18:00","u20-gaucho-serie-a1","brazil",210348,"Gremio FB Porto Alegrense RS",421093,"Ivoti RS","id1003976169768936",NULL,NULL,NULL,NULL,NULL,NULL,NULL,NULL
"2026-05-03","18:00","primera-nacional","argentina",4938,"Club Almagro",112499,"CA Temperley","id1000070367118352",NULL,NULL,NULL,NULL,NULL,NULL,NULL,NULL
"2026-05-03","18:00","u20-gaucho-serie-a1","brazil",238128,"SC Internacional RS",354010,"EC Novo Hamburgo RS","id1003976169768880",NULL,NULL,NULL,NULL,NULL,NULL,NULL,NULL
"2026-05-03","18:00","primera-division-women","costa-rica",684489,"Sporting FC",372854,"Moravia","id1004242168126802",NULL,NULL,NULL,NULL,NULL,NULL,NULL,NULL
"2026-05-03","18:00","brasileiro-serie-a2-women","brazil",464613,"Ceara SC CE",464603,"UDA AL","id1003203968971720",NULL,NULL,NULL,NULL,NULL,NULL,NULL,NULL
"2026-05-03","18:00","primera-division-women","costa-rica",1269392,"Chorotega FC",588099,"Dimas Escazu","id1004242168126800",NULL,NULL,NULL,NULL,NULL,NULL,NULL,NULL
"2026-05-03","18:00","u20-gaucho-serie-a1","brazil",342678,"EC Sao Jose RS",210348,"Gremio FB Porto Alegrense RS","id1003976170871244",NULL,NULL,NULL,NULL,NULL,NULL,NULL,NULL
"2026-05-03","18:00","liga-femenina","colombia",613990,"Fortaleza FC",1326234,"Internacional de Bogota","id1003628170263288",NULL,NULL,NULL,NULL,NULL,NULL,NULL,NULL
"2026-05-03","18:00","u20-gaucho-serie-a1","brazil",354028,"EC Sao Luiz RS",1020245,"Real SC RS","id1003976169768930",NULL,NULL,NULL,NULL,NULL,NULL,NULL,NULL
"2026-05-03","18:00","super-league","greece",3248,"Panathinaikos Athens",3250,"AEK Athens","id1000018570231836",NULL,NULL,NULL,NULL,NULL,NULL,NULL,NULL
"2026-05-03","18:00","premier-league","england",40,"Aston Villa",33,"Tottenham Hotspur","id1000001761301205",NULL,NULL,NULL,NULL,NULL,NULL,NULL,NULL
"2026-05-03","18:00","primera-nacional","argentina",388194,"CA Ferrocarril Midland",266889,"CA Guemes","id1000070367118360",NULL,NULL,NULL,NULL,NULL,NULL,NULL,NULL
"2026-05-03","18:00","u20-gaucho-serie-a1","brazil",1277386,"Inter de Santa Maria RS U20",549485,"Serc Brasil De Farroupilha RS","id1003976169768932",NULL,NULL,NULL,NULL,NULL,NULL,NULL,NULL
"2026-05-03","18:00","besta-deild","iceland",1895,"IBV Vestmannaeyjar",1901,"Breidablik Kopavogur","id1000018868194620",NULL,NULL,NULL,NULL,NULL,NULL,NULL,NULL
"2026-05-03","18:00","u20-gaucho-serie-a1","brazil",354042,"Ypiranga RS",342680,"Ser Caxias RS","id1003976169768878",NULL,NULL,NULL,NULL,NULL,NULL,NULL,NULL
"2026-05-03","18:00","u20-gaucho-serie-a1","brazil",265479,"EC Juventude RS",342678,"EC Sao Jose RS","id1003976169768934",NULL,NULL,NULL,NULL,NULL,NULL,NULL,NULL
"2026-05-03","18:00","saudi-pro-league","saudi-arabia",56027,"Al Qadsiah",23400,"Al Nassr Club","id1000095564055843",NULL,NULL,NULL,NULL,NULL,NULL,NULL,NULL
"2026-05-03","18:00","besta-deild","iceland",1900,"Keflavik IF",1908,"Vikingur Reykjavik","id1000018868194618",NULL,NULL,NULL,NULL,NULL,NULL,NULL,NULL
"2026-05-03","18:00","primera-division-women","costa-rica",684789,"LD Alajuelense",588063,"ADFF Pococi","id1004242168126798",NULL,NULL,NULL,NULL,NULL,NULL,NULL,NULL
"2026-05-03","18:00","u20-gaucho-serie-a1","brazil",354010,"EC Novo Hamburgo RS",354042,"Ypiranga RS","id1003976170871246",NULL,NULL,NULL,NULL,NULL,NULL,NULL,NULL
"2026-05-03","18:00","u20-gaucho-serie-a1","brazil",549485,"Serc Brasil De Farroupilha RS",265479,"EC Juventude RS","id1003976170871398",NULL,NULL,NULL,NULL,NULL,NULL,NULL,NULL
"2026-05-03","18:00","saudi-pro-league","saudi-arabia",34469,"Al Ahli Saudi FC",529779,"Al-Okhdood Club","id1000095564055831",NULL,NULL,NULL,NULL,NULL,NULL,NULL,NULL
"2026-05-03","18:00","u20-gaucho-serie-a1","brazil",353984,"Associacao de Pais E Amigos Futebol RS",798282,"CE Bento Goncalves RS","id1003976170871300",NULL,NULL,NULL,NULL,NULL,NULL,NULL,NULL
"2026-05-03","18:00","liga-femenina","colombia",381966,"Independiente Santa Fe",613992,"Millonarios FC","id1003628170263286",NULL,NULL,NULL,NULL,NULL,NULL,NULL,NULL
"2026-05-03","18:00","liga-portugal-3","portugal",3015,"Academica de Coimbra",3005,"Varzim SC","id1003490068351364",NULL,NULL,NULL,NULL,NULL,NULL,NULL,NULL
"2026-05-03","18:00","liga-femenina","peru",844460,"Club Alianza Lima",1076990,"Universidad San Antonio Abad","id1001399570692688",NULL,NULL,NULL,NULL,NULL,NULL,NULL,NULL
"2026-05-03","18:00","u20-gaucho-serie-a1","brazil",342680,"Ser Caxias RS",1277388,"SC Gaucho RS U20","id1003976170871392",NULL,NULL,NULL,NULL,NULL,NULL,NULL,NULL
"2026-05-03","18:00","besta-deild","iceland",1894,"FH Hafnarfjordur",1893,"Fram Reykjavik","id1000018868194624",NULL,NULL,NULL,NULL,NULL,NULL,NULL,NULL
"2026-05-03","18:00","catarinense-serie-b","brazil",290372,"Jaragua SC",457463,"Fluminense SC","id1003934369796164",NULL,NULL,NULL,NULL,NULL,NULL,NULL,NULL
"2026-05-03","18:00","primera-division-women","costa-rica",684239,"CS Herediano",588083,"Deportivo Saprissa","id1004242168126804",NULL,NULL,NULL,NULL,NULL,NULL,NULL,NULL
"2026-05-03","18:00","serie-c--promotion-playoffs","italy",53857,"Casertana FC",1037333,"Atalanta BC","id1002656071118234",NULL,NULL,NULL,NULL,NULL,NULL,NULL,NULL
"2026-05-03","18:00","serie-c--promotion-playoffs","italy",347514,"AC Trento",117232,"AS Giana Erminio","id1002656071118222",NULL,NULL,NULL,NULL,NULL,NULL,NULL,NULL
"2026-05-03","18:00","serie-c--promotion-playoffs","italy",117356,"US Pianese",2708,"Ternana Calcio","id1002656071118230",NULL,NULL,NULL,NULL,NULL,NULL,NULL,NULL
"2026-05-03","18:00","serie-c--promotion-playoffs","italy",25137,"SS Monopoli",43684,"S.S.D. Casarano Calcio","id1002656071118238",NULL,NULL,NULL,NULL,NULL,NULL,NULL,NULL
"2026-05-03","18:00","serie-c--promotion-playoffs","italy",2738,"AC Lumezzane",834514,"Alcione Milano","id1002656071118226",NULL,NULL,NULL,NULL,NULL,NULL,NULL,NULL
"2026-05-03","18:00","serie-c--promotion-playoffs","italy",2718,"FC Crotone",368732,"Audace Cerignola","id1002656071118236",NULL,NULL,NULL,NULL,NULL,NULL,NULL,NULL
"2026-05-03","18:00","botola-pro-d1","morocco",41757,"Raja Casablanca Athletic",55043,"Difaa Hassani d'el-Jadida","id1000093771169546",NULL,NULL,NULL,NULL,NULL,NULL,NULL,NULL
"2026-05-03","18:00","botola-pro-d1","morocco",118834,"Union Touarga",55027,"FUS Rabat","id1000093771169544",NULL,NULL,NULL,NULL,NULL,NULL,NULL,NULL
"2026-05-03","18:00","primera-nacional","argentina",53799,"CA Atlanta",93513,"CSD Tristan Suarez","id1000070367118362",NULL,NULL,NULL,NULL,NULL,NULL,NULL,NULL
"2026-05-03","18:00","catarinense-serie-b","brazil",655563,"Nacao SC",344150,"Guarani de Palhoca SC","id1003934369796168",NULL,NULL,NULL,NULL,NULL,NULL,NULL,NULL
"2026-05-03","18:00","besta-deild","iceland",1898,"IA Akranes",1912,"Stjarnan Gardabae","id1000018868194622",NULL,NULL,NULL,NULL,NULL,NULL,NULL,NULL
"2026-05-03","18:00","catarinense-serie-b","brazil",21980,"Metropolitano SC",290376,"Hercilio Luz FC SC","id1003934369796158",NULL,NULL,NULL,NULL,NULL,NULL,NULL,NULL
"2026-05-03","18:00","superliga","romania",116223,"CS Universitatea Craiova",3292,"FC Dinamo Bucuresti 1948","id1000015269785236",NULL,NULL,NULL,NULL,NULL,NULL,NULL,NULL
"2026-05-03","18:00","u20-gaucho-serie-a1","brazil",1277388,"SC Gaucho RS U20",353984,"Associacao de Pais E Amigos Futebol RS","id1003976169768876",NULL,NULL,NULL,NULL,NULL,NULL,NULL,NULL
"2026-05-03","18:15","liga-1","peru",1041663,"Juan Pablo II College",2305,"Universitario de Deportes","id1000040670483732",NULL,NULL,NULL,NULL,NULL,NULL,NULL,NULL
"2026-05-03","18:15","i-liga","poland",37207,"ZKS Stal Rzeszow",3111,"Wisla Krakow","id1000022961399027",NULL,NULL,NULL,NULL,NULL,NULL,NULL,NULL
"2026-05-03","18:30","primera-b","argentina",196432,"CSD Liniers",210418,"CA Talleres de Remedios","id1000134770983640",NULL,NULL,NULL,NULL,NULL,NULL,NULL,NULL
"2026-05-03","18:30","brasileiro-serie-d","brazil",90266,"Oratorio RC AP",33998,"Aguia de Maraba FC PA","id1001533570320578",NULL,NULL,NULL,NULL,NULL,NULL,NULL,NULL
"2026-05-03","18:30","ligue-1","mali",396554,"Usfas Bamako",496248,"Afrique Football Elite","id1004081771004472",NULL,NULL,NULL,NULL,NULL,NULL,NULL,NULL
"2026-05-03","18:30","primera-division","uruguay",25010,"Racing Club Montevideo",174972,"Montevideo City Torque","id1000027870893174",NULL,NULL,NULL,NULL,NULL,NULL,NULL,NULL
"2026-05-03","18:30","paranaense-2-divisao","brazil",32783,"Rio Branco SC PR",686827,"Araucaria EC PR","id1003943971169094",NULL,NULL,NULL,NULL,NULL,NULL,NULL,NULL
"2026-05-03","18:30","primera-federacion","spain",47321,"Club Deportivo Eldense",24348,"Marbella FC","id1003483461687572",NULL,NULL,NULL,NULL,NULL,NULL,NULL,NULL
"2026-05-03","18:30","primera-nacional","argentina",43740,"Club Almirante Brown",332409,"CA Chaco For Ever","id1000070367117638",NULL,NULL,NULL,NULL,NULL,NULL,NULL,NULL
"2026-05-03","18:30","paranaense-2-divisao","brazil",22427,"Toledo EC PR",1965,"Parana Clube PR","id1003943971169092",NULL,NULL,NULL,NULL,NULL,NULL,NULL,NULL
"2026-05-03","18:45","ligue-1","france",1649,"Olympique Lyon",1658,"Stade Rennais FC","id1000003461526562",NULL,NULL,NULL,NULL,NULL,NULL,NULL,NULL
"2026-05-03","18:45","serie-a","italy",2697,"Inter Milano",2690,"Parma Calcio","id1000002361061633",NULL,NULL,NULL,NULL,NULL,NULL,NULL,NULL
"2026-05-03","18:45","serie-c--promotion-playoffs","italy",474236,"Juventus Next Gen",2754,"Vis Pesaro 1898","id1002656071118228",NULL,NULL,NULL,NULL,NULL,NULL,NULL,NULL
"2026-05-03","19:00","brasileiro-serie-d","brazil",2024,"Brasiliense FC DF",32794,"AA Aparecidense GO","id1001533570319960",NULL,NULL,NULL,NULL,NULL,NULL,NULL,NULL
"2026-05-03","19:00","brasileiro-serie-d","brazil",617186,"Decisao PE",2018,"Treze FC PB","id1001533570322094",NULL,NULL,NULL,NULL,NULL,NULL,NULL,NULL
"2026-05-03","19:00","brasileiro-serie-b","brazil",39634,"Operario Ferroviario EC PR",2022,"Londrina EC PR","id1000039068822852",NULL,NULL,NULL,NULL,NULL,NULL,NULL,NULL
"2026-05-03","19:00","brasileiro-serie-d","brazil",35283,"Araguaina TO",463359,"SC Humaita AC","id1001533570318482",NULL,NULL,NULL,NULL,NULL,NULL,NULL,NULL
"2026-05-03","19:00","segunda-division","venezuela",671599,"Bolivar SC",6228,"Aragua FC","id1001730271005444",NULL,NULL,NULL,NULL,NULL,NULL,NULL,NULL
"2026-05-03","19:00","brasileiro-serie-a","brazil",5981,"CR Flamengo RJ",1974,"CR Vasco da Gama RJ","id1000032566886738",NULL,NULL,NULL,NULL,NULL,NULL,NULL,NULL
"2026-05-03","19:00","mls","usa",167510,"New York City FC",2502,"DC United","id1000024266299114",NULL,NULL,NULL,NULL,NULL,NULL,NULL,NULL
"2026-05-03","19:00","brasileiro-serie-d","brazil",21893,"CRA Catalano GO",673709,"Betim Futebol MG","id1001533570322846",NULL,NULL,NULL,NULL,NULL,NULL,NULL,NULL
"2026-05-03","19:00","division-profesional","bolivia",1015661,"GV Club Deportivo San Jose de Oruro",7059,"Club Bolivar","id1003398070379132",NULL,NULL,NULL,NULL,NULL,NULL,NULL,NULL
"2026-05-03","19:00","mls-next-pro","usa",252131,"Philadelphia Union II",252135,"Red Bull New York II","id1003647968156556",NULL,NULL,NULL,NULL,NULL,NULL,NULL,NULL
"2026-05-03","19:00","canadian-premier-league","canada",1319810,"FC Supra Du Quebec",543877,"Cavalry FC","id1002843268685976",NULL,NULL,NULL,NULL,NULL,NULL,NULL,NULL
"2026-05-03","19:00","brasileiro-serie-d","brazil",32768,"EC Sao Luiz RS",21892,"Cianorte FC PR","id1001533570323234",NULL,NULL,NULL,NULL,NULL,NULL,NULL,NULL
"2026-05-03","19:00","brasileiro-serie-d","brazil",6981,"Nova Iguacu RJ",88736,"AE Velo Clube SP","id1001533570323168",NULL,NULL,NULL,NULL,NULL,NULL,NULL,NULL
"2026-05-03","19:00","brasileiro-serie-d","brazil",35282,"Parnahyba SC PI",49203,"Iape MA","id1001533570320666",NULL,NULL,NULL,NULL,NULL,NULL,NULL,NULL
"2026-05-03","19:00","copa-espirito-santo","brazil",675087,"Rio Branco FC ES",35290,"Vilavelhense FC ES","id1004681169232902",NULL,NULL,NULL,NULL,NULL,NULL,NULL,NULL
"2026-05-03","19:00","brasileiro-serie-d","brazil",529969,"CS Esportiva AL",87166,"EC Jacuipense BA","id1001533570322782",NULL,NULL,NULL,NULL,NULL,NULL,NULL,NULL
"2026-05-03","19:00","primera-nacional","argentina",672813,"Club Ciudad de Bolivar",36841,"Ferro Carril Oeste","id1000070367117636",NULL,NULL,NULL,NULL,NULL,NULL,NULL,NULL
"2026-05-03","19:00","brasileiro-serie-d","brazil",525349,"Alagoinhas AC BA",2019,"AS Arapiraquense AL","id1001533570322780",NULL,NULL,NULL,NULL,NULL,NULL,NULL,NULL
"2026-05-03","19:00","laliga-2","spain",6577,"UD Las Palmas",2831,"Real Valladolid","id1000005461623852",NULL,NULL,NULL,NULL,NULL,NULL,NULL,NULL
"2026-05-03","19:00","national-womens-soccer-league","usa",1319036,"Boston Legacy FC",1319038,"Denver Summit FC","id1000169067912032",NULL,NULL,NULL,NULL,NULL,NULL,NULL,NULL
"2026-05-03","19:00","brasileiro-serie-d","brazil",21864,"Sousa EC PB",951925,"Club Laguna SAF","id1001533570321592",NULL,NULL,NULL,NULL,NULL,NULL,NULL,NULL
"2026-05-03","19:00","cearense-serie-b","brazil",144848,"Barbalha FC CE",21851,"Icasa CE","id1003666767925348",NULL,NULL,NULL,NULL,NULL,NULL,NULL,NULL
"2026-05-03","19:00","primera-nacional","argentina",43741,"CA Patronato Parana",3200,"Nueva Chicago","id1000070367118354",NULL,NULL,NULL,NULL,NULL,NULL,NULL,NULL
"2026-05-03","19:00","primera-b","chile",3150,"Santiago Wanderers",119072,"Deportes Temuco","id1000124068097872",NULL,NULL,NULL,NULL,NULL,NULL,NULL,NULL
"2026-05-03","19:00","brasileiro-serie-a","brazil",1981,"Sao Paulo FC SP",1955,"EC Bahia BA","id1000032566886742",NULL,NULL,NULL,NULL,NULL,NULL,NULL,NULL
"2026-05-03","19:00","laliga","spain",2814,"Espanyol Barcelona",2829,"Real Madrid","id1000000861624604",NULL,NULL,NULL,NULL,NULL,NULL,NULL,NULL
"2026-05-03","19:00","brasileiro-serie-b","brazil",47504,"Sao Bernardo FC",1969,"AA Ponte Preta SP","id1000039068822848",NULL,NULL,NULL,NULL,NULL,NULL,NULL,NULL
"2026-05-03","19:00","brasileiro-serie-d","brazil",2023,"America FC RN",925353,"Maguary PE","id1001533570321588",NULL,NULL,NULL,NULL,NULL,NULL,NULL,NULL
"2026-05-03","19:00","brasileiro-serie-a2-women","brazil",440786,"Minas Brasilia DF",1174827,"Itabirito FC MG","id1003203968971710",NULL,NULL,NULL,NULL,NULL,NULL,NULL,NULL
"2026-05-03","19:30","segunda-division","venezuela",209846,"Urena SC",366080,"Zamora FC Barinas II","id1001730271005454",NULL,NULL,NULL,NULL,NULL,NULL,NULL,NULL
"2026-05-03","19:30","segunda-division","chile",3156,"Santiago Morning",555202,"Deportes Rengo","id1004228369613068",NULL,NULL,NULL,NULL,NULL,NULL,NULL,NULL
"2026-05-03","19:30","segunda-division","venezuela",7741,"Atletico El Vigia",366078,"Real Frontera FC","id1001730271005446",NULL,NULL,NULL,NULL,NULL,NULL,NULL,NULL
"2026-05-03","19:30","segunda-division","venezuela",1329650,"Club Atletico Barinas",566613,"Academia Puerto Cabello B","id1001730271005452",NULL,NULL,NULL,NULL,NULL,NULL,NULL,NULL
"2026-05-03","19:30","liga-portugal","portugal",3036,"Rio Ave FC",3010,"Gil Vicente Barcelos","id1000023861731508",NULL,NULL,NULL,NULL,NULL,NULL,NULL,NULL
"2026-05-03","19:30","primera-nacional","argentina",6074,"CD Godoy Cruz",93109,"Deportivo Moron","id1000070367117648",NULL,NULL,NULL,NULL,NULL,NULL,NULL,NULL
"2026-05-03","20:00","brasileiro-serie-d","brazil",35276,"CE Operario Varzea-Grandense MT",35279,"Ceilandia EC DF","id1001533570320254",NULL,NULL,NULL,NULL,NULL,NULL,NULL,NULL
"2026-05-03","20:00","serie-b","ecuador",676869,"9 de Octubre FC",832442,"DSD Santo Domingo","id1001502769129538",NULL,NULL,NULL,NULL,NULL,NULL,NULL,NULL
"2026-05-03","20:00","liga-profesional","argentina",65668,"CA Barracas Central",3219,"CA Banfield","id1000015569857820",NULL,NULL,NULL,NULL,NULL,NULL,NULL,NULL
"2026-05-03","20:00","baiano-serie-b","brazil",1011035,"AD Leonico BA",1126775,"Ssa FC BA","id1003978970066042",NULL,NULL,NULL,NULL,NULL,NULL,NULL,NULL
"2026-05-03","20:00","torneo-federal-a","argentina",672815,"Kimberley de Mar Del Plata",337369,"CSD Sol de Mayo","id1003010669617100",NULL,NULL,NULL,NULL,NULL,NULL,NULL,NULL
"2026-05-03","20:00","serie-b","ecuador",33560,"LDU Portoviejo",1329730,"Atletico Rojiblanco","id1001502769129542",NULL,NULL,NULL,NULL,NULL,NULL,NULL,NULL
"2026-05-03","20:00","serie-b","ecuador",832442,"DSD Santo Domingo",33560,"LDU Portoviejo","id1001502770350976",NULL,NULL,NULL,NULL,NULL,NULL,NULL,NULL
"2026-05-03","20:00","torneo-federal-a","argentina",1298359,"Escobar FC",260593,"CAS Defensores de Belgrano","id1003010669614318",NULL,NULL,NULL,NULL,NULL,NULL,NULL,NULL
"2026-05-03","20:00","serie-b","ecuador",5254,"CD El Nacional",1234245,"22 de Julio","id1001502769129536",NULL,NULL,NULL,NULL,NULL,NULL,NULL,NULL
"2026-05-03","20:00","torneo-federal-a","argentina",331181,"CA 9 de Julio Rafaela",93517,"Gimnasia y Esgrima de Concepcion del Uruguay","id1003010669614234",NULL,NULL,NULL,NULL,NULL,NULL,NULL,NULL
"2026-05-03","20:00","liga-profesional","argentina",3205,"Gimnasia y Esgrima La Plata",3216,"Argentinos Juniors","id1000015569857838",NULL,NULL,NULL,NULL,NULL,NULL,NULL,NULL
"2026-05-03","20:00","brasileiro-serie-c","brazil",35285,"Ferroviaria Araraquara SP",21872,"Anapolis FC GO","id1000128169254978",NULL,NULL,NULL,NULL,NULL,NULL,NULL,NULL
"2026-05-03","20:00","baiano-serie-b","brazil",190566,"Jacobina EC BA",815192,"Grapiuna AC BA","id1003978970066046",NULL,NULL,NULL,NULL,NULL,NULL,NULL,NULL
"2026-05-03","20:00","torneo-federal-a","argentina",405425,"Deportivo Rincon",4474,"AC San Martin de Mendoza","id1003010669615468",NULL,NULL,NULL,NULL,NULL,NULL,NULL,NULL
"2026-05-03","20:00","brasileiro-serie-c","brazil",663997,"Amazonas FC AM",2000,"SER Caxias do Sul","id1000128169254996",NULL,NULL,NULL,NULL,NULL,NULL,NULL,NULL
"2026-05-03","20:00","serie-b","ecuador",1251013,"Club Deportivo Cuenca Juniors",780238,"Cumbaya FC","id1001502769129546",NULL,NULL,NULL,NULL,NULL,NULL,NULL,NULL
"2026-05-03","20:00","torneo-federal-a","argentina",348532,"Sportivo Las Parejas",76199,"Douglas Haig","id1003010669614320",NULL,NULL,NULL,NULL,NULL,NULL,NULL,NULL
"2026-05-03","20:00","baiano-serie-b","brazil",1336286,"Barreiras FC BA",21885,"Camacari BA","id1003978970066048",NULL,NULL,NULL,NULL,NULL,NULL,NULL,NULL
"2026-05-03","20:00","torneo-federal-a","argentina",564930,"CDC Nicanor Otamendi",53801,"Guillermo Brown","id1003010669617098",NULL,NULL,NULL,NULL,NULL,NULL,NULL,NULL
"2026-05-03","20:00","torneo-federal-a","argentina",300078,"Independiente de Chivilcoy",65664,"CS Belgrano","id1003010669614322",NULL,NULL,NULL,NULL,NULL,NULL,NULL,NULL
"2026-05-03","20:00","serie-b","ecuador",319227,"Gualaceo SC",5254,"CD El Nacional","id1001502770350972",NULL,NULL,NULL,NULL,NULL,NULL,NULL,NULL
"2026-05-03","20:00","torneo-federal-a","argentina",854829,"CD Argentino Monte Maiz",341072,"Club Cipolletti","id1003010669615398",NULL,NULL,NULL,NULL,NULL,NULL,NULL,NULL
"2026-05-03","20:00","primera-nacional","argentina",399415,"CA Racing de Cordoba",258463,"Deportivo Madryn","id1000070367117632",NULL,NULL,NULL,NULL,NULL,NULL,NULL,NULL
"2026-05-03","20:00","torneo-federal-a","argentina",354960,"CA Linqueno",1191759,"Gimnasia de Chivilcoy","id1003010669614232",NULL,NULL,NULL,NULL,NULL,NULL,NULL,NULL
"2026-05-03","20:00","brasileiro-serie-d","brazil",21859,"Nacional FC AM",90278,"Sao Raimundo EC RR","id1001533570318404",NULL,NULL,NULL,NULL,NULL,NULL,NULL,NULL
"2026-05-03","20:00","brasileiro-serie-d","brazil",689755,"Primavera AC MT",511102,"Inhumas EC GO","id1001533570319962",NULL,NULL,NULL,NULL,NULL,NULL,NULL,NULL
"2026-05-03","20:00","serie-b","ecuador",889265,"Vinotinto FC Ecuador",518870,"CD Independiente Juniors","id1001502769880376",NULL,NULL,NULL,NULL,NULL,NULL,NULL,NULL
"2026-05-03","20:00","torneo-federal-a","argentina",593568,"CA Sarmiento de la Banda",790236,"CA Defensores de Vilelas","id1003010669614644",NULL,NULL,NULL,NULL,NULL,NULL,NULL,NULL
"2026-05-03","20:00","serie-b","ecuador",1329730,"Atletico Rojiblanco",1251013,"Club Deportivo Cuenca Juniors","id1001502770350980",NULL,NULL,NULL,NULL,NULL,NULL,NULL,NULL
"2026-05-03","20:00","liga-profesional","argentina",36837,"CA Platense",3206,"Estudiantes de La Plata","id1000015569857818",NULL,NULL,NULL,NULL,NULL,NULL,NULL,NULL
"2026-05-03","20:00","liga-profesional","argentina",3218,"CA Lanus",191648,"Deportivo Riestra AFBC","id1000015569857832",NULL,NULL,NULL,NULL,NULL,NULL,NULL,NULL
"2026-05-03","20:00","torneo-federal-a","argentina",672871,"Costa Brava de General Pico",206435,"CA Huracan Las Heras","id1003010669615470",NULL,NULL,NULL,NULL,NULL,NULL,NULL,NULL
"2026-05-03","20:00","torneo-federal-a","argentina",855199,"CA Germinal",397002,"CA Alvarado","id1003010669617094",NULL,NULL,NULL,NULL,NULL,NULL,NULL,NULL
"2026-05-03","20:00","liga-femenina","colombia",614004,"Orsomarso SC",613988,"International FC","id1003628170263290",NULL,NULL,NULL,NULL,NULL,NULL,NULL,NULL
"2026-05-03","20:00","segunda-division","el-salvador",24384,"Atletico Balboa",572997,"CD Fuerte Aguilares","id1003917371166818",NULL,NULL,NULL,NULL,NULL,NULL,NULL,NULL
"2026-05-03","20:00","botola-pro-d1","morocco",87180,"Ittihad Tanger",24394,"AS Far Rabat","id1000093771169548",NULL,NULL,NULL,NULL,NULL,NULL,NULL,NULL
"2026-05-03","20:00","liga-profesional","argentina",36836,"CA Aldosivi",36842,"Independiente Rivadavia","id1000015569857830",NULL,NULL,NULL,NULL,NULL,NULL,NULL,NULL
"2026-05-03","20:00","serie-b","ecuador",518870,"CD Independiente Juniors",319227,"Gualaceo SC","id1001502769129540",NULL,NULL,NULL,NULL,NULL,NULL,NULL,NULL
"2026-05-03","20:00","serie-b","ecuador",780238,"Cumbaya FC",1110751,"San Antonio FC","id1001502770350974",NULL,NULL,NULL,NULL,NULL,NULL,NULL,NULL
"2026-05-03","20:00","segunda-division","venezuela",996463,"Deportivo Miranda",1329652,"Atletico Avila FC","id1001730271005456",NULL,NULL,NULL,NULL,NULL,NULL,NULL,NULL
"2026-05-03","20:00","serie-b","ecuador",1234245,"22 de Julio",676869,"9 de Octubre FC","id1001502770350978",NULL,NULL,NULL,NULL,NULL,NULL,NULL,NULL
"2026-05-03","20:00","brasileiro-serie-d","brazil",32672,"Ferroviario AC CE",189920,"Piaui PI","id1001533570321080",NULL,NULL,NULL,NULL,NULL,NULL,NULL,NULL
"2026-05-03","20:00","baiano-serie-b","brazil",21963,"Fluminense de Feira FC BA",1336296,"Redencao FC BA","id1003978970066044",NULL,NULL,NULL,NULL,NULL,NULL,NULL,NULL
"2026-05-03","20:00","torneo-federal-a","argentina",330655,"CA Sol de America de Formosa",1319304,"Club Tucuman Central Deportes","id1003010669614648",NULL,NULL,NULL,NULL,NULL,NULL,NULL,NULL
"2026-05-03","20:00","baiano-serie-b","brazil",1336294,"Feira FC BA",22430,"EC Vitoria da Conquista BA","id1003978970066040",NULL,NULL,NULL,NULL,NULL,NULL,NULL,NULL
"2026-05-03","20:00","brasileiro-serie-d","brazil",2005,"Sampaio Correa FC MA",87156,"Maracana EC CE","id1001533570320668",NULL,NULL,NULL,NULL,NULL,NULL,NULL,NULL
"2026-05-03","20:00","segunda-division","venezuela",539439,"Dynamo Puerto FC",6232,"Mineros de Guayana","id1001730271005462",NULL,NULL,NULL,NULL,NULL,NULL,NULL,NULL
"2026-05-03","20:00","segunda-division","chile",434016,"General Velasquez",21873,"Provincial Osorno","id1004228369613076",NULL,NULL,NULL,NULL,NULL,NULL,NULL,NULL
"2026-05-03","20:00","torneo-federal-a","argentina",855165,"Fadep",475492,"CSB Atenas","id1003010669615464",NULL,NULL,NULL,NULL,NULL,NULL,NULL,NULL
"2026-05-03","20:00","brasileiro-serie-c","brazil",6982,"Volta Redonda FC RJ",21884,"Brusque FC SC","id1000128169254988",NULL,NULL,NULL,NULL,NULL,NULL,NULL,NULL
"2026-05-03","20:00","torneo-federal-a","argentina",65670,"CA Sarmiento de Resistencia",36835,"CA Boca Unidos Corrientes","id1003010669614650",NULL,NULL,NULL,NULL,NULL,NULL,NULL,NULL
"2026-05-03","20:00","torneo-federal-a","argentina",269551,"Villa Mitre de Bahia Blanca",3222,"Club Olimpo","id1003010669617096",NULL,NULL,NULL,NULL,NULL,NULL,NULL,NULL
"2026-05-03","20:00","torneo-federal-a","argentina",93519,"Juventud Antoniana",269301,"Sportivo General San Martin Formosa","id1003010669614646",NULL,NULL,NULL,NULL,NULL,NULL,NULL,NULL
"2026-05-03","20:10","liga-2","peru",48431,"Union Comercio",533933,"Pirata FC","id1001523570806852",NULL,NULL,NULL,NULL,NULL,NULL,NULL,NULL
"2026-05-03","20:15","liga-2","peru",655763,"AD Comerciantes FC",944223,"CD Estudiantil Cni","id1001523570806860",NULL,NULL,NULL,NULL,NULL,NULL,NULL,NULL
"2026-05-03","20:15","liga-2","peru",1057689,"Club Ada Jaen",5282,"CDU San Martin","id1001523570806854",NULL,NULL,NULL,NULL,NULL,NULL,NULL,NULL
"2026-05-03","20:30","premier-league","jamaica",502938,"Mount Pleasant FC",173724,"Montego Bay United","id1000189270906600",NULL,NULL,NULL,NULL,NULL,NULL,NULL,NULL
"2026-05-03","20:30","premier-league","jamaica",173736,"Waterhouse FC",502940,"Dunbeholden FC","id1000189270906596",NULL,NULL,NULL,NULL,NULL,NULL,NULL,NULL
"2026-05-03","20:30","brasileiro-serie-d","brazil",614088,"Retro FC PE",2016,"CS Sergipe SE","id1001533570322096",NULL,NULL,NULL,NULL,NULL,NULL,NULL,NULL
"2026-05-03","20:30","premier-league","jamaica",1072968,"Treasure Beach FC",544005,"Molynes","id1000189270906604",NULL,NULL,NULL,NULL,NULL,NULL,NULL,NULL
"2026-05-03","20:30","premier-league","jamaica",173720,"Cavalier FC",22050,"Harbour View FC","id1000189270906598",NULL,NULL,NULL,NULL,NULL,NULL,NULL,NULL
"2026-05-03","20:30","premier-league","jamaica",957655,"Chapelton Maroons FC",173716,"Arnett Gardens FC","id1000189270906592",NULL,NULL,NULL,NULL,NULL,NULL,NULL,NULL
"2026-05-03","20:30","premier-league","jamaica",1282579,"Spanish Town Police FC",1186067,"Racing United FC","id1000189270906594",NULL,NULL,NULL,NULL,NULL,NULL,NULL,NULL
"2026-05-03","20:30","liga-1","peru",2307,"Alianza Atletico",33895,"Sport Huancayo","id1000040670483734",NULL,NULL,NULL,NULL,NULL,NULL,NULL,NULL
"2026-05-03","20:30","premier-league","jamaica",124528,"Portmore United",173734,"Tivoli Gardens","id1000189270906602",NULL,NULL,NULL,NULL,NULL,NULL,NULL,NULL
"2026-05-03","20:30","segunda-division","el-salvador",574741,"Neo Pipil San Juan Nonualco",1274590,"Adet Aruba","id1003917371166814",NULL,NULL,NULL,NULL,NULL,NULL,NULL,NULL
"2026-05-03","20:30","segunda-division","el-salvador",1274592,"AD Juventud Independiente",1274594,"Sensunte Cabanas FC","id1003917371166816",NULL,NULL,NULL,NULL,NULL,NULL,NULL,NULL
"2026-05-03","20:30","primera-a-apertura","colombia",1098993,"Alianza FC Valledupar",6117,"Millonarios FC","id1002707071138652",NULL,NULL,NULL,NULL,NULL,NULL,NULL,NULL
"2026-05-03","20:40","liga-femenina","peru",889081,"Sporting Cristal",1201579,"Flamengo FBC","id1001399570692690",NULL,NULL,NULL,NULL,NULL,NULL,NULL,NULL
"2026-05-03","20:45","division-de-honor-apertura","paraguay",5997,"Club Olimpia",607728,"Sportivo Ameliano","id1002709868042460",NULL,NULL,NULL,NULL,NULL,NULL,NULL,NULL
"2026-05-03","21:00","brasileiro-serie-b","brazil",1959,"SC Recife PE",2001,"Ceara SC CE","id1000039068822860",NULL,NULL,NULL,NULL,NULL,NULL,NULL,NULL
"2026-05-03","21:00","brasileiro-serie-d","brazil",87202,"Tombense FC MG",49199,"Rio Branco AC ES","id1001533570431582",NULL,NULL,NULL,NULL,NULL,NULL,NULL,NULL
"2026-05-03","21:00","campeonato-brasileiro-women","brazil",552289,"Botafogo Fr RJ",749357,"Red Bull Bragantino SP","id1001509168215810",NULL,NULL,NULL,NULL,NULL,NULL,NULL,NULL
"2026-05-03","21:00","usl-super-league-women","usa",1232571,"Sporting Jacksonville",1166959,"Brooklyn FC","id1004343962509052",NULL,NULL,NULL,NULL,NULL,NULL,NULL,NULL
"2026-05-03","21:00","national-womens-soccer-league","usa",34718,"Gotham FC",781492,"Racing Louisville FC","id1000169067912034",NULL,NULL,NULL,NULL,NULL,NULL,NULL,NULL
"2026-05-03","21:00","brasileiro-serie-d","brazil",1104921,"Monte Roraima RR",290390,"Manaus FC AM","id1001533570318406",NULL,NULL,NULL,NULL,NULL,NULL,NULL,NULL
"2026-05-03","21:00","brasileiro-serie-d","brazil",245535,"Galvez EC AC",675181,"Guapore  RO","id1001533570318484",NULL,NULL,NULL,NULL,NULL,NULL,NULL,NULL
"2026-05-03","21:00","brasileiro-serie-d","brazil",87202,"Tombense FC MG",675087,"Rio Branco FC ES","id1001533570322912",NULL,NULL,NULL,NULL,NULL,NULL,NULL,NULL
"2026-05-03","21:15","division-profesional","bolivia",32529,"The Strongest",926557,"Academia del Balompie Boliviano","id1003398070379134",NULL,NULL,NULL,NULL,NULL,NULL,NULL,NULL
"2026-05-03","21:30","mls","usa",772256,"Austin FC",874725,"Saint Louis City SC","id1000024266299116",NULL,NULL,NULL,NULL,NULL,NULL,NULL,NULL
"2026-05-03","21:30","primera-division-women","argentina",766998,"CA Banfield",348514,"Boca Juniors","id1001846471135824",NULL,NULL,NULL,NULL,NULL,NULL,NULL,NULL
"2026-05-03","21:30","primera-division-women","argentina",934869,"Newell's Old Boys",874677,"CA Talleres de Cordoba","id1001846471135826",NULL,NULL,NULL,NULL,NULL,NULL,NULL,NULL
"2026-05-03","21:30","primera-division","chile",3155,"Colo-Colo",3165,"Coquimbo Unido","id1002766567681808",NULL,NULL,NULL,NULL,NULL,NULL,NULL,NULL
"2026-05-03","21:30","mls-next-pro","usa",206019,"Real Monarchs SLC",206007,"Portland Timbers II","id1003647968156558",NULL,NULL,NULL,NULL,NULL,NULL,NULL,NULL
"2026-05-03","21:30","brasileiro-serie-b","brazil",7314,"AC Goianiense GO",1980,"EC Juventude RS","id1000039068822856",NULL,NULL,NULL,NULL,NULL,NULL,NULL,NULL
"2026-05-03","21:30","brasileiro-serie-a","brazil",21845,"Chapecoense SC",1999,"Red Bull Bragantino SP","id1000032566886756",NULL,NULL,NULL,NULL,NULL,NULL,NULL,NULL
"2026-05-03","21:30","liga-profesional","argentina",189099,"Gimnasia y Esgrima Mendoza",36839,"Defensa y Justicia","id1000015569857814",NULL,NULL,NULL,NULL,NULL,NULL,NULL,NULL
"2026-05-03","21:30","primera-b","chile",3159,"CD Cobreloa Calama",5601,"CD Antofagasta","id1000124068097866",NULL,NULL,NULL,NULL,NULL,NULL,NULL,NULL
"2026-05-03","21:30","brasileiro-serie-a","brazil",1966,"SC Internacional RS",1961,"Fluminense FC RJ","id1000032566886750",NULL,NULL,NULL,NULL,NULL,NULL,NULL,NULL
"2026-05-03","22:00","liga-profesional","argentina",369108,"Estudiantes Rio Cuarto",4937,"Instituto AC Cordoba","id1000015569857834",NULL,NULL,NULL,NULL,NULL,NULL,NULL,NULL
"2026-05-03","22:00","mls-next-pro","usa",885983,"Columbus Crew 2",885979,"Inter Miami CF II","id1003647968156560",NULL,NULL,NULL,NULL,NULL,NULL,NULL,NULL
"2026-05-03","22:00","brasileiro-serie-c","brazil",1997,"Paysandu SC PA",49196,"Botafogo FC PB","id1000128169254994",NULL,NULL,NULL,NULL,NULL,NULL,NULL,NULL
"2026-05-03","22:00","usl-league-two","usa",334509,"San Francisco City",473585,"San Juan FC","id1002874369090768",NULL,NULL,NULL,NULL,NULL,NULL,NULL,NULL
"2026-05-03","22:00","brasileiro-serie-c","brazil",135324,"Maringa FC PR",21853,"AO Itabaiana SE","id1000128169254990",NULL,NULL,NULL,NULL,NULL,NULL,NULL,NULL
"2026-05-03","22:00","mls-next-pro","usa",1320652,"CT United FC",668763,"New England Revolution II","id1003647968156564",NULL,NULL,NULL,NULL,NULL,NULL,NULL,NULL
"2026-05-03","22:00","copa-espirito-santo","brazil",838668,"Porto Vitoria ES",49199,"Rio Branco AC ES","id1004681170616400",NULL,NULL,NULL,NULL,NULL,NULL,NULL,NULL
"2026-05-03","22:00","primera-nacional","argentina",258465,"Gimnasia Y Tiro de Salta",371368,"Agropecuario Argentino","id1000070367118364",NULL,NULL,NULL,NULL,NULL,NULL,NULL,NULL
"2026-05-03","22:00","liga-premier-serie-a","mexico",933565,"Real Apodaca FC",863921,"Deportiva Venados","id1004053371170526",NULL,NULL,NULL,NULL,NULL,NULL,NULL,NULL
"2026-05-03","22:00","primera-division","venezuela",6229,"Carabobo FC",162480,"Metropolitanos FC","id1000023171172378",NULL,NULL,NULL,NULL,NULL,NULL,NULL,NULL
"2026-05-03","22:00","primera-division-clausura","costa-rica",6575,"Municipal Liberia",6574,"Deportivo Saprissa San Jose","id1002709471135052",NULL,NULL,NULL,NULL,NULL,NULL,NULL,NULL
"2026-05-03","22:00","primera-division","uruguay",417775,"Albion FC",3230,"Club Nacional de Football","id1000027870893176",NULL,NULL,NULL,NULL,NULL,NULL,NULL,NULL
"2026-05-03","22:15","liga-profesional","argentina",65676,"CA Central Cordoba SE",3202,"Boca Juniors","id1000015569857840",NULL,NULL,NULL,NULL,NULL,NULL,NULL,NULL
"2026-05-03","22:30","liga-nacional-clausura","guatemala",7025,"CSD Municipal",163298,"CD Guastatoya","id1002739871148634",NULL,NULL,NULL,NULL,NULL,NULL,NULL,NULL
"2026-05-03","22:45","liga-profesional","argentina",3201,"CA San Lorenzo de Almagro",3209,"CA Independiente Avellaneda","id1000015569857828",NULL,NULL,NULL,NULL,NULL,NULL,NULL,NULL
"2026-05-03","22:45","liga-profesional","argentina",3208,"Velez Sarsfield",3212,"Newell's Old Boys","id1000015569857822",NULL,NULL,NULL,NULL,NULL,NULL,NULL,NULL
"2026-05-03","23:00","division-de-honor-apertura","paraguay",5994,"Club Guarani Asuncion",33001,"Nacional Asuncion","id1002709868042464",NULL,NULL,NULL,NULL,NULL,NULL,NULL,NULL
"2026-05-03","23:00","primera-division-reserve-apertura","paraguay",274669,"Guarani Asuncion",274673,"Nacional Asuncion","id1002721471194280",NULL,NULL,NULL,NULL,NULL,NULL,NULL,NULL
"2026-05-03","23:00","liga-mx-clausura","mexico",1939,"CF America",1933,"Pumas UNAM","id1002746671134626",NULL,NULL,NULL,NULL,NULL,NULL,NULL,NULL
"2026-05-03","23:00","liga-de-expansion-mx-clausura","mexico",728019,"Cancun FC",270565,"Jaiba Brava","id1002738471133026",NULL,NULL,NULL,NULL,NULL,NULL,NULL,NULL
"2026-05-03","23:00","canadian-premier-league","canada",543883,"Pacific FC",986603,"Vancouver FC","id1002843268685978",NULL,NULL,NULL,NULL,NULL,NULL,NULL,NULL
"2026-05-03","23:00","ligapro-primera-a","ecuador",6001,"CSD Macara",403235,"Orense SC","id1000024068687624",NULL,NULL,NULL,NULL,NULL,NULL,NULL,NULL
"2026-05-03","23:00","usl-championship","usa",868669,"Monterey Bay FC",206015,"FC Tulsa","id1002816367172538",NULL,NULL,NULL,NULL,NULL,NULL,NULL,NULL
"2026-05-03","23:00","national-womens-soccer-league","usa",874723,"San Diego Wave FC",1100237,"Bay FC","id1000169067912036",NULL,NULL,NULL,NULL,NULL,NULL,NULL,NULL
"2026-05-03","23:00","mls-next-pro","usa",885981,"FC Cincinnati 2",252139,"Toronto FC II","id1003647968156562",NULL,NULL,NULL,NULL,NULL,NULL,NULL,NULL
"2026-05-03","23:00","mls-next-pro","usa",252137,"Orlando City B",999249,"Crown Legacy FC","id1003647968156566",NULL,NULL,NULL,NULL,NULL,NULL,NULL,NULL
"2026-05-03","23:00","liga-1","peru",2308,"FBC Melgar",87854,"UTC de Cajamarca","id1000040670483736",NULL,NULL,NULL,NULL,NULL,NULL,NULL,NULL
"2026-05-03","23:30","brasileiro-serie-a","brazil",21982,"Mirassol FC SP",1957,"SC Corinthians SP","id1000032566886746",NULL,NULL,NULL,NULL,NULL,NULL,NULL,NULL
"2026-05-03","23:30","brasileiro-serie-b","brazil",7315,"Avai FC SC",135514,"Gremio Novorizontino SP","id1000039068822858",NULL,NULL,NULL,NULL,NULL,NULL,NULL,NULL
"2026-05-03","23:30","brasileiro-serie-b","brazil",1973,"America FC MG",22032,"CR Brasil AL","id1000039068822850",NULL,NULL,NULL,NULL,NULL,NULL,NULL,NULL
"2026-05-04","00:00","liga-femenina","colombia",613984,"America de Cali Sa",613982,"Asociacion Deportivo Cali","id1003628170263292",NULL,NULL,NULL,NULL,NULL,NULL,NULL,NULL
"2026-05-04","00:00","mls-next-pro","usa",885969,"Colorado Rapids 2",872767,"Houston Dynamo 2","id1003647968156568",NULL,NULL,NULL,NULL,NULL,NULL,NULL,NULL
"2026-05-04","00:00","lpr-pro","puerto-rico",1290265,"Ponce FC",1290277,"Guayama FC","id1004876969289810",NULL,NULL,NULL,NULL,NULL,NULL,NULL,NULL
"2026-05-04","00:00","mls-next-pro","usa",239006,"Sporting Kansas City II",206005,"Tacoma Defiance","id1003647968156570",NULL,NULL,NULL,NULL,NULL,NULL,NULL,NULL
"2026-05-04","00:00","lpr-pro","puerto-rico",1290269,"Taurinos Cayey",1290275,"FC Mayaguez","id1004876969289808",NULL,NULL,NULL,NULL,NULL,NULL,NULL,NULL
"2026-05-04","00:00","copa-de-la-liga","chile",434002,"Deportes Limache",3163,"CD O´Higgins","id1005074070758758",NULL,NULL,NULL,NULL,NULL,NULL,NULL,NULL
"2026-05-04","01:00","liga-nacional-clausura","guatemala",7026,"CSD Xelaju MC",7019,"CD Marquense","id1002739871148636",NULL,NULL,NULL,NULL,NULL,NULL,NULL,NULL
"2026-05-04","01:00","primera-division","guatemala",7022,"CD Suchitepequez",1205767,"Chichicasteco FC","id1004800071130478",NULL,NULL,NULL,NULL,NULL,NULL,NULL,NULL
"2026-05-04","01:05","liga-de-expansion-mx-clausura","mexico",421975,"Tepatitlan FC",159946,"CD Mineros de Zacatecas","id1002738471132926",NULL,NULL,NULL,NULL,NULL,NULL,NULL,NULL
"2026-05-04","01:15","liga-mx-clausura","mexico",1931,"Deportivo Toluca FC",1936,"CF Pachuca","id1002746671134642",NULL,NULL,NULL,NULL,NULL,NULL,NULL,NULL
"2026-05-04","01:30","ligapro-primera-a","ecuador",241468,"Delfin SC",134976,"Mushuc Runa SC","id1000024068687620",NULL,NULL,NULL,NULL,NULL,NULL,NULL,NULL
"2026-05-04","02:00","mls-next-pro","usa",999243,"Los Angeles FC 2",252143,"Whitecaps FC 2","id1003647968156572",NULL,NULL,NULL,NULL,NULL,NULL,NULL,NULL
"2026-05-04","03:00","ligapro-primera-a","ecuador",21942,"CD Universidad Catolica del Ecuador",39723,"CSD Independiente del Valle","id1000024068687616",NULL,NULL,NULL,NULL,NULL,NULL,NULL,NULL
"2026-05-04","03:10","liga-mx-women-clausura","mexico",334069,"CF Pachuca",334071,"CD Guadalajara","id1002895571168964",NULL,NULL,NULL,NULL,NULL,NULL,NULL,NULL
"2026-05-04","04:10","ligapro-primera-a","ecuador",671275,"Leones Futbol Club",5255,"CS Emelec","id1000024068687610",NULL,NULL,NULL,NULL,NULL,NULL,NULL,NULL
"2026-05-04","07:30","china-league-2","china",1110223,"Shanghai Second",1011255,"Lanzhou Longyuan Athletic","id1001563669910636",NULL,NULL,NULL,NULL,NULL,NULL,NULL,NULL
"2026-05-04","07:30","china-league-2","china",897679,"Taian Tiankuang",1116031,"Shanghai Port B","id1001563669910638",NULL,NULL,NULL,NULL,NULL,NULL,NULL,NULL
"2026-05-04","07:30","u17-afc-asian-cup-women","international-youth",1296093,"Myanmar U17",1112411,"Thailand","id1003369268937990",NULL,NULL,NULL,NULL,NULL,NULL,NULL,NULL
"2026-05-04","08:30","liga-1","indonesia",64289,"Persib Bandung",75653,"Psim Yogyakarta","id1000101562083146",NULL,NULL,NULL,NULL,NULL,NULL,NULL,NULL
"2026-05-04","08:30","liga-1","indonesia",135864,"PSM Makassar",255307,"Bhayangkara Presisi Indonesia FC","id1000101562083144",NULL,NULL,NULL,NULL,NULL,NULL,NULL,NULL
"2026-05-04","08:45","liga-a1","malaysia",61984,"Selangor FC II",1273670,"Kedah FA","id1004312562204934",NULL,NULL,NULL,NULL,NULL,NULL,NULL,NULL
"2026-05-04","10:00","premier-league","ethiopia",381272,"Wolaita Dicha SC",669303,"Hadiya Hossana FC","id1003365670926576",NULL,NULL,NULL,NULL,NULL,NULL,NULL,NULL
"2026-05-04","11:00","premier-league","tanzania",689375,"Mashujaa FC",788884,"TRA United","id1000243670479298",NULL,NULL,NULL,NULL,NULL,NULL,NULL,NULL
"2026-05-04","11:00","china-league-2","china",41532,"Beijing Institute of Technology",551541,"Qingdao Red Lions","id1001563669910640",NULL,NULL,NULL,NULL,NULL,NULL,NULL,NULL
"2026-05-04","11:30","premier-league","singapore",34081,"Albirex Niigata (S)",34082,"Young Lions FC","id1000063470969274",NULL,NULL,NULL,NULL,NULL,NULL,NULL,NULL
"2026-05-04","11:30","premier-league","singapore",34081,"Albirex Niigata (S)",34082,"Young Lions FC","id1000063462040880",NULL,NULL,NULL,NULL,NULL,NULL,NULL,NULL
"2026-05-04","11:30","china-league-2","china",1110229,"Hangzhou Linping Wuyue",1334280,"Xiamen Feilu","id1001563669910902",NULL,NULL,NULL,NULL,NULL,NULL,NULL,NULL
"2026-05-04","11:30","u17-afc-asian-cup-women","international-youth",1296099,"Vietnam U17",36911,"China","id1003369268938816",NULL,NULL,NULL,NULL,NULL,NULL,NULL,NULL
"2026-05-04","11:30","china-league-2","china",897677,"Nantong Haimen Codion",965959,"Shanxi Chongde Ronghai","id1001563669910642",NULL,NULL,NULL,NULL,NULL,NULL,NULL,NULL
"2026-05-04","11:30","china-league-2","china",1239149,"Wuhan Three Towns B",71556,"Hubei Istar","id1001563669910904",NULL,NULL,NULL,NULL,NULL,NULL,NULL,NULL
"2026-05-04","11:35","china-league-2","china",1239151,"Chengdu Rongcheng B",1235655,"Guangdong Mingtu","id1001563669910906",NULL,NULL,NULL,NULL,NULL,NULL,NULL,NULL
"2026-05-04","12:00","u19-elit-a","turkiye-amateur",305380,"Gaziantep FK",224780,"Besiktas JK","id1002991271183304",NULL,NULL,NULL,NULL,NULL,NULL,NULL,NULL
"2026-05-04","12:00","2-lig","turkiye-amateur",497134,"Mardin 1969 Spor",1170829,"Kahramanmaras Istiklalspor","id1000009771075286",NULL,NULL,NULL,NULL,NULL,NULL,NULL,NULL
"2026-05-04","12:00","2-lig","turkiye-amateur",917495,"Mus 1984 Musspor",1037339,"Aliaga Futbol","id1000009771075288",NULL,NULL,NULL,NULL,NULL,NULL,NULL,NULL
"2026-05-04","12:00","u21-ligacupen-elit","sweden-amateur",89454,"Orgryte IS",65152,"BK Hacken","id1004658768824126",NULL,NULL,NULL,NULL,NULL,NULL,NULL,NULL
"2026-05-04","12:00","u21-ligacupen-elit","sweden-amateur",65154,"GAIS Goteborg",65156,"IF Elfsborg","id1004658768824128",NULL,NULL,NULL,NULL,NULL,NULL,NULL,NULL
"2026-05-04","12:00","first-league","armenia",1175803,"FC Ararati Araks",5229,"FC Mika Yerevan","id1000067270869396",NULL,NULL,NULL,NULL,NULL,NULL,NULL,NULL
"2026-05-04","12:00","first-league","armenia",644788,"Lernayin Artsakh FC",920989,"FC Syunik","id1000067270869394",NULL,NULL,NULL,NULL,NULL,NULL,NULL,NULL
"2026-05-04","12:00","liga-1","indonesia",135868,"Persijap Jepara",64295,"Persija Jakarta","id1000101562083148",NULL,NULL,NULL,NULL,NULL,NULL,NULL,NULL
"2026-05-04","12:00","super-league-women","england-amateur",372786,"Aston Villa WFC",499630,"West Ham United FC","id1000104462322490",NULL,NULL,NULL,NULL,NULL,NULL,NULL,NULL
"2026-05-04","12:00","first-league","armenia",36151,"FC Pyunik Yerevan 2",1036023,"Andranik","id1000067270869392",NULL,NULL,NULL,NULL,NULL,NULL,NULL,NULL
"2026-05-04","13:00","mocambola","mozambique",463153,"CD Maxaquene",463163,"Costa Do Sol","id1002057671031728",NULL,NULL,NULL,NULL,NULL,NULL,NULL,NULL
"2026-05-04","13:00","i-league","india",275839,"Real Kashmir",1067806,"Namdhari FC","id1000084870963052",NULL,NULL,NULL,NULL,NULL,NULL,NULL,NULL
"2026-05-04","13:00","premier-league","tanzania",238674,"Tanzania Prisons",238660,"Mbeya City FC","id1000243670478640",NULL,NULL,NULL,NULL,NULL,NULL,NULL,NULL
"2026-05-04","13:00","premier-league","ethiopia",315449,"Defense Force SC",298866,"Adama City FC","id1003365670926626",NULL,NULL,NULL,NULL,NULL,NULL,NULL,NULL
"2026-05-04","13:00","premier-league","ethiopia",327591,"Hawassa Kenema SC",1114773,"Sheger Ketema","id1003365670926624",NULL,NULL,NULL,NULL,NULL,NULL,NULL,NULL
"2026-05-04","13:00","2-lig","turkiye-amateur",7034,"Muglaspor",3090,"Sanliurfaspor","id1000009771075290",NULL,NULL,NULL,NULL,NULL,NULL,NULL,NULL
"2026-05-04","13:45","prva-nl","croatia",43918,"NK Dugopolje",2031,"HNK Cibalia Vinkovci","id1000072469972700",NULL,NULL,NULL,NULL,NULL,NULL,NULL,NULL
"2026-05-04","14:00","isthmian-league-pr-div","england-amateur",146,"Billericay Town",45362,"Brentwood Town FC","id1000113171193122",NULL,NULL,NULL,NULL,NULL,NULL,NULL,NULL
"2026-05-04","14:00","3-lig-group-1","turkiye-amateur",1037343,"Kucukcekmece Sinop Spor",1059696,"Corluspor 1947","id1002638671172504",NULL,NULL,NULL,NULL,NULL,NULL,NULL,NULL
"2026-05-04","14:00","3-lig-group-4","turkiye-amateur",117196,"Ayvalikgucu Belediyespor",6364,"Eskisehirspor","id1003313371184344",NULL,NULL,NULL,NULL,NULL,NULL,NULL,NULL
"2026-05-04","14:00","indian-super-league","india",174592,"Odisha FC",118670,"Bengaluru FC","id1000190068746482",NULL,NULL,NULL,NULL,NULL,NULL,NULL,NULL
"2026-05-04","14:00","liga-1","moldova",5177,"FC Politehnica Chisinau",81139,"CSF Spartanii Selemet","id1000071069948672",NULL,NULL,NULL,NULL,NULL,NULL,NULL,NULL
"2026-05-04","14:00","pro-liga","uzbekistan",40262,"PFC Shurtan",290822,"FC Pakhtakor Tashkent II","id1002347770355934",NULL,NULL,NULL,NULL,NULL,NULL,NULL,NULL
"2026-05-04","14:00","pro-liga","uzbekistan",1332870,"Respublika Football Academy",783814,"Lochin","id1002347770314442",NULL,NULL,NULL,NULL,NULL,NULL,NULL,NULL
"2026-05-04","14:00","superliga","uzbekistan",40260,"Xorazm Fk Urganch",40267,"FC Andijon","id1000077268380378",NULL,NULL,NULL,NULL,NULL,NULL,NULL,NULL
"2026-05-04","14:00","premier-league","england",38,"Chelsea FC",14,"Nottingham Forest","id1000001761301209",NULL,NULL,NULL,NULL,NULL,NULL,NULL,NULL
"2026-05-04","14:00","1-liga","russia",7529,"FK Ural Yekaterinburg",2330,"FC Shinnik Yaroslavl","id1000020471048126",NULL,NULL,NULL,NULL,NULL,NULL,NULL,NULL
"2026-05-04","14:00","u17-european-womens-championship","international-youth",38065,"Northern Ireland",38013,"England","id1000091770432796",NULL,NULL,NULL,NULL,NULL,NULL,NULL,NULL
"2026-05-04","14:00","premier-league","egypt",307074,"Pharco FC",42365,"Al Mokawloon Al Arab","id1000080869880284",NULL,NULL,NULL,NULL,NULL,NULL,NULL,NULL
"2026-05-04","14:00","superliga","uzbekistan",40261,"Lokomotiv Tashkent",40265,"Qizilqum Zarafshon","id1000077268380390",NULL,NULL,NULL,NULL,NULL,NULL,NULL,NULL
"2026-05-04","14:00","omani-league","oman",173430,"Al-Khaboora",40647,"Saham","id1000096571166668",NULL,NULL,NULL,NULL,NULL,NULL,NULL,NULL
"2026-05-04","14:00","northern-premier-league-premier","england-amateur",156,"Hednesford Town",596860,"Warrington Rylands 1906 FC","id1000111171173616",NULL,NULL,NULL,NULL,NULL,NULL,NULL,NULL
"2026-05-04","14:00","pro-liga","uzbekistan",999241,"FC Jayxun",40266,"PFK Metallurg Bekabad","id1002347770314446",NULL,NULL,NULL,NULL,NULL,NULL,NULL,NULL
"2026-05-04","14:00","1liga","latvia",817578,"Skanstes SK",886893,"Riga FC II","id1000067769501844",NULL,NULL,NULL,NULL,NULL,NULL,NULL,NULL
"2026-05-04","14:30","superliga","romania",44259,"FC Unirea 2004 Slobozia",342922,"AFC Hermannstadt","id1000015269744624",NULL,NULL,NULL,NULL,NULL,NULL,NULL,NULL
"2026-05-04","14:45","vtora-liga","bulgaria",6245,"PFC Vihren Sandanski",1038851,"FC Fratria Varna","id1000113563465169",NULL,NULL,NULL,NULL,NULL,NULL,NULL,NULL
"2026-05-04","15:00","ligue-1","tunisia",672949,"JS Omrane",59628,"Esperance Sportive de Tunis","id1000098471097944",NULL,NULL,NULL,NULL,NULL,NULL,NULL,NULL
"2026-05-04","15:00","elite-one","cameroon",42577,"Canon Sportif Yaounde",62220,"Panthere Sportive","id1000100670774974",NULL,NULL,NULL,NULL,NULL,NULL,NULL,NULL
"2026-05-04","15:00","superliga","uzbekistan",34017,"PFC Nasaf",40263,"Navbahor","id1000077268380392",NULL,NULL,NULL,NULL,NULL,NULL,NULL,NULL
"2026-05-04","15:00","ligue-1","tunisia",59638,"US Monastir",112647,"ES Metlaoui","id1000098471097948",NULL,NULL,NULL,NULL,NULL,NULL,NULL,NULL
"2026-05-04","15:00","ligue-1","tunisia",59630,"ES Zarzis",35188,"ES Sahel","id1000098471097950",NULL,NULL,NULL,NULL,NULL,NULL,NULL,NULL
"2026-05-04","15:00","ligue-1","tunisia",59618,"CA Bizertin",59614,"Avenir S Marsa","id1000098471097946",NULL,NULL,NULL,NULL,NULL,NULL,NULL,NULL
"2026-05-04","15:00","vtora-liga","bulgaria",275865,"PFC CSKA SOFIA II",406859,"FC Yantra Gabrovo","id1000113563465171",NULL,NULL,NULL,NULL,NULL,NULL,NULL,NULL
"2026-05-04","15:15","omani-league","oman",82259,"AL Nasr SC (OMA)",40648,"Al Nahda","id1000096571166670",NULL,NULL,NULL,NULL,NULL,NULL,NULL,NULL
"2026-05-04","15:30","vtora-liga","bulgaria",45655,"FK Hebar Pazardzhik",212878,"PFC Ludogorets Razgrad II","id1000113563465159",NULL,NULL,NULL,NULL,NULL,NULL,NULL,NULL
"2026-05-04","15:30","kakkonen-playoffs","finland",22387,"Jakobstads Bollklubb",2295,"GBK Kokkola","id1002691069108984",NULL,NULL,NULL,NULL,NULL,NULL,NULL,NULL
"2026-05-04","15:30","premier-league","azerbaijan",5962,"Qarabag FK",36951,"Turan Tovuz","id1000070963185753",NULL,NULL,NULL,NULL,NULL,NULL,NULL,NULL
"2026-05-04","16:00","premier-league","bahrain",45472,"Al Hidd",937191,"Aali","id1000084671114128",NULL,NULL,NULL,NULL,NULL,NULL,NULL,NULL
"2026-05-04","16:00","premier-league","bahrain",45475,"Al-Najma Manama",45474,"Al-Muharraq SC","id1000084671114126",NULL,NULL,NULL,NULL,NULL,NULL,NULL,NULL
"2026-05-04","16:00","national-league","israel",39521,"Hapoel Afula FC",5398,"Hapoel Ra`anana FC","id1000072770929756",NULL,NULL,NULL,NULL,NULL,NULL,NULL,NULL
"2026-05-04","16:00","first-division","ireland",3181,"Finn Harps FC",3171,"Bray Wanderers AFC","id1000019366854738",NULL,NULL,NULL,NULL,NULL,NULL,NULL,NULL
"2026-05-04","16:00","first-division","ireland",3185,"Cobh Ramblers",3168,"University College Dublin","id1000019366854736",NULL,NULL,NULL,NULL,NULL,NULL,NULL,NULL
"2026-05-04","16:00","botola-pro-d1","morocco",55039,"Hassania Union Sport Agadir",55037,"Olympique Club de Safi","id1000093771169550",NULL,NULL,NULL,NULL,NULL,NULL,NULL,NULL
"2026-05-04","16:00","3rd-division-group-6","norway",7468,"Sandefjord Fotball 2",1223835,"Lyn 1896 FK II","id1002465267921016",NULL,NULL,NULL,NULL,NULL,NULL,NULL,NULL
"2026-05-04","16:00","premier-division","ireland",3194,"Waterford FC",3179,"Dundalk FC","id1000019266854034",NULL,NULL,NULL,NULL,NULL,NULL,NULL,NULL
"2026-05-04","16:00","first-division","ireland",972503,"Kerry FC",40896,"Cork City FC","id1000019366854740",NULL,NULL,NULL,NULL,NULL,NULL,NULL,NULL
"2026-05-04","16:00","national-league","israel",39526,"Maccabi Kabilio Jaffa",5393,"Hapoel Nof Hagalil FC","id1000072770929754",NULL,NULL,NULL,NULL,NULL,NULL,NULL,NULL
"2026-05-04","16:00","premier-division","ireland",3170,"Derry City FC",3172,"Galway United FC","id1000019266854028",NULL,NULL,NULL,NULL,NULL,NULL,NULL,NULL
"2026-05-04","16:00","i-liga","poland",7692,"Polonia Bytom",3119,"Polonia Warszawa","id1000022961399021",NULL,NULL,NULL,NULL,NULL,NULL,NULL,NULL
"2026-05-04","16:00","women-bundesliga","germany-amateur",5541,"Eintracht Frankfurt",164534,"1. FC Nuremberg","id1000023261970246",NULL,NULL,NULL,NULL,NULL,NULL,NULL,NULL
"2026-05-04","16:00","hnl","croatia",25529,"NK Istra 1961",2042,"NK Slaven Belupo","id1000017061286573",NULL,NULL,NULL,NULL,NULL,NULL,NULL,NULL
"2026-05-04","16:00","first-division","ireland",3175,"Longford Town FC",3198,"Athlone Town AFC","id1000019366854742",NULL,NULL,NULL,NULL,NULL,NULL,NULL,NULL
"2026-05-04","16:00","veikkausliiga","finland",2242,"HJK Helsinki",2249,"FC Lahti","id1000004167091288",NULL,NULL,NULL,NULL,NULL,NULL,NULL,NULL
"2026-05-04","16:00","premier-division","ireland",3173,"Bohemians Dublin FC",3174,"Shelbourne FC","id1000019266854026",NULL,NULL,NULL,NULL,NULL,NULL,NULL,NULL
"2026-05-04","16:00","premier-division","ireland",3177,"Shamrock Rovers",3180,"Drogheda United FC","id1000019266854030",NULL,NULL,NULL,NULL,NULL,NULL,NULL,NULL
"2026-05-04","16:00","first-division","ireland",779084,"Treaty United",7128,"Wexford FC","id1000019366854744",NULL,NULL,NULL,NULL,NULL,NULL,NULL,NULL
"2026-05-04","16:00","premier-division","ireland",3190,"Sligo Rovers FC",3169,"Saint Patrick´s Athletic FC","id1000019266854032",NULL,NULL,NULL,NULL,NULL,NULL,NULL,NULL
"2026-05-04","16:10","saudi-pro-league","saudi-arabia",168094,"Al-Fayha FC",168088,"Al-Riyadh SC","id1000095564055837",NULL,NULL,NULL,NULL,NULL,NULL,NULL,NULL
"2026-05-04","16:15","u21-elite-league","saudi-arabia",1282225,"AL Taawoun U21",397056,"AL Qadisiya","id1004851370983876",NULL,NULL,NULL,NULL,NULL,NULL,NULL,NULL
"2026-05-04","16:20","omani-league","oman",57449,"Al Shabab",185570,"Al-Rustaq","id1000096571166672",NULL,NULL,NULL,NULL,NULL,NULL,NULL,NULL
"2026-05-04","16:30","division-2-promotion-playoffs","sweden",22289,"IFK Trelleborg",62560,"Torns IF","id1002078268344628",NULL,NULL,NULL,NULL,NULL,NULL,NULL,NULL
"2026-05-04","16:30","serie-a","italy",2761,"US Cremonese",2699,"Lazio Rome","id1000002361061631",NULL,NULL,NULL,NULL,NULL,NULL,NULL,NULL
"2026-05-04","16:30","premiership","scotland",2353,"Heart of Midlothian FC",2351,"Glasgow Rangers","id1000003670674818",NULL,NULL,NULL,NULL,NULL,NULL,NULL,NULL
"2026-05-04","16:30","bundesliga","austria",4856,"SCR Altach",2076,"Wolfsberger AC","id1000004569751688",NULL,NULL,NULL,NULL,NULL,NULL,NULL,NULL
"2026-05-04","16:30","bundesliga","austria",4856,"SCR Altach",2076,"Wolfsberger AC","id1000004569751686",NULL,NULL,NULL,NULL,NULL,NULL,NULL,NULL
"2026-05-04","16:30","1-liga","russia",35301,"PFK Arsenal Tula",2318,"SK Rotor Volgograd","id1000020471048128",NULL,NULL,NULL,NULL,NULL,NULL,NULL,NULL
"2026-05-04","17:00","3-lig-group-3","turkiye-amateur",1059706,"Yozgat Bld Bozokspor",365678,"52 Orduspor FK","id1002639071184242",NULL,NULL,NULL,NULL,NULL,NULL,NULL,NULL
"2026-05-04","17:00","3-lig-group-2","turkiye-amateur",616704,"Malatya Yesilyurt Belediyespor",1037347,"Erciyes 38 FK","id1002638871167548",NULL,NULL,NULL,NULL,NULL,NULL,NULL,NULL
"2026-05-04","17:00","2-lig","turkiye-amateur",3068,"Elazigspor",1037357,"Adana 01 FK","id1000009771075292",NULL,NULL,NULL,NULL,NULL,NULL,NULL,NULL
"2026-05-04","17:00","u17-european-womens-championship","international-youth",38066,"Norway",37867,"Germany","id1000091770432798",NULL,NULL,NULL,NULL,NULL,NULL,NULL,NULL
"2026-05-04","17:00","division-2-promotion-playoffs","sweden",567163,"Lucksta IF",5983,"Kubikenborgs IF","id1002078269539860",NULL,NULL,NULL,NULL,NULL,NULL,NULL,NULL
"2026-05-04","17:00","premier-league","egypt",35187,"Al Ittihad Al Sakandary",43567,"Petrojet FC","id1000080869880286",NULL,NULL,NULL,NULL,NULL,NULL,NULL,NULL
"2026-05-04","17:00","premier-league","israel",5392,"Bnei Sakhnin FC",401743,"Maccabi Bney Reine","id1000026670812556",NULL,NULL,NULL,NULL,NULL,NULL,NULL,NULL
"2026-05-04","17:00","allsvenskan","sweden",1759,"Djurgardens IF",1761,"IFK Goteborg","id1000004067126518",NULL,NULL,NULL,NULL,NULL,NULL,NULL,NULL
"2026-05-04","17:00","eliteserien","norway",656,"Bodoe/Glimt",661,"Molde FK","id1000002067015160",NULL,NULL,NULL,NULL,NULL,NULL,NULL,NULL
"2026-05-04","17:00","superliga","denmark",1289,"FC Midtjylland",1288,"Viborg FF","id1000003969653760",NULL,NULL,NULL,NULL,NULL,NULL,NULL,NULL
"2026-05-04","17:00","premier-league","israel",5395,"Maccabi Netanya FC",86406,"Hapoel Jerusalem FC","id1000026670812558",NULL,NULL,NULL,NULL,NULL,NULL,NULL,NULL
"2026-05-04","17:00","premier-league","egypt",43568,"Wadi Degla SC",510490,"Kahrabaa Ismailia","id1000080869880288",NULL,NULL,NULL,NULL,NULL,NULL,NULL,NULL
"2026-05-04","17:00","3rd-division-group-6","norway",7483,"Sarpsborg 08 2",809,"Drobak-Frogn","id1002465267921020",NULL,NULL,NULL,NULL,NULL,NULL,NULL,NULL
"2026-05-04","17:00","3rd-division-group-1","norway",35654,"KFUM 2",7431,"Konnerud","id1002464267919242",NULL,NULL,NULL,NULL,NULL,NULL,NULL,NULL
"2026-05-04","17:00","liga-portugal-2","portugal",74469,"FC Porto B",3030,"FC Felgueiras 1932","id1000023961732262",NULL,NULL,NULL,NULL,NULL,NULL,NULL,NULL
"2026-05-04","17:00","allsvenskan","sweden",1767,"Halmstads BK",1787,"IF Brommapojkarna","id1000004067126532",NULL,NULL,NULL,NULL,NULL,NULL,NULL,NULL
"2026-05-04","17:00","niederosterreich-1-landesliga","austria-amateur",35171,"SV Stockerau",210362,"ASK Ebreichsdorf","id1004377170855868",NULL,NULL,NULL,NULL,NULL,NULL,NULL,NULL
"2026-05-04","17:00","ekstraklasa","poland",7295,"RKS Radomiak Radom",7913,"KS Lechia Gdansk","id1000020261062291",NULL,NULL,NULL,NULL,NULL,NULL,NULL,NULL
"2026-05-04","17:00","liga-portugal-2","portugal",25787,"SCU Torreense",3017,"FC Penafiel","id1000023961732264",NULL,NULL,NULL,NULL,NULL,NULL,NULL,NULL
"2026-05-04","17:00","u21-premier-league-2","england-amateur",77869,"Crystal Palace FC",36380,"Manchester United FC","id1000112971186364",NULL,NULL,NULL,NULL,NULL,NULL,NULL,NULL
"2026-05-04","17:05","superettan","sweden",1772,"Landskrona BoIS",1781,"Osters IF","id1000004667126052",NULL,NULL,NULL,NULL,NULL,NULL,NULL,NULL
"2026-05-04","17:15","kolmonen","finland",49366,"TiPS Vantaa",889625,"VJS/Akatemia","id1004667171059164",NULL,NULL,NULL,NULL,NULL,NULL,NULL,NULL
"2026-05-04","17:15","u21-elite-league","saudi-arabia",379550,"AL Hilal (Ksa)",393202,"AL Ittihad Jeddah","id1004851370983878",NULL,NULL,NULL,NULL,NULL,NULL,NULL,NULL
"2026-05-04","17:30","superliga","romania",3302,"Rapid Bucuresti 1923",5287,"FC CFR 1907 Cluj","id1000015269785238",NULL,NULL,NULL,NULL,NULL,NULL,NULL,NULL
"2026-05-04","17:30","premier-league","faroe-islands",5185,"B36 Torshavn",5189,"NSI Runavik","id1000067367849970",NULL,NULL,NULL,NULL,NULL,NULL,NULL,NULL
"2026-05-04","17:30","premier-league","faroe-islands",5193,"Vikingur Gota",36144,"07 Vestur Sorvagur","id1000067367849976",NULL,NULL,NULL,NULL,NULL,NULL,NULL,NULL
"2026-05-04","18:00","nb-ii","hungary",1919,"Vasas FC",37285,"Budafoki Mte","id1000133961690488",NULL,NULL,NULL,NULL,NULL,NULL,NULL,NULL
"2026-05-04","18:00","saudi-pro-league","saudi-arabia",34315,"Al-Ittihad Club",386360,"Al-Kholood","id1000095564055841",NULL,NULL,NULL,NULL,NULL,NULL,NULL,NULL
"2026-05-04","18:00","liga-1","peru",330537,"Los Chankas CYC",655773,"Deportivo Garcilaso","id1000040670483738",NULL,NULL,NULL,NULL,NULL,NULL,NULL,NULL
"2026-05-04","18:00","brasileiro-serie-a2-women","brazil",177958,"SC Recife PE",773332,"Perolas Negras RJ","id1003203968971708",NULL,NULL,NULL,NULL,NULL,NULL,NULL,NULL
"2026-05-04","18:00","botola-pro-d1","morocco",1174823,"US Yacoub Mansour",80395,"Rs Berkane","id1000093771169552",NULL,NULL,NULL,NULL,NULL,NULL,NULL,NULL
"2026-05-04","18:00","liga-2","peru",524872,"CSDC Alianza Universidad",528045,"CS Santos FC","id1001523570806862",NULL,NULL,NULL,NULL,NULL,NULL,NULL,NULL
"2026-05-04","18:00","saudi-pro-league","saudi-arabia",34318,"Al-Ittifaq FC",759502,"Al-Najma","id1000095564055833",NULL,NULL,NULL,NULL,NULL,NULL,NULL,NULL
"2026-05-04","18:00","u21-premier-league-2","england-amateur",169150,"Brighton and Hove Albion",36552,"West Ham United FC","id1000112971186366",NULL,NULL,NULL,NULL,NULL,NULL,NULL,NULL
"2026-05-04","18:30","laliga-2","spain",2858,"UD Almeria",35092,"CD Mirandes","id1000005461623854",NULL,NULL,NULL,NULL,NULL,NULL,NULL,NULL
"2026-05-04","18:30","bundesliga","austria",2058,"LASK Linz",2055,"SK Rapid","id1000004569751538",NULL,NULL,NULL,NULL,NULL,NULL,NULL,NULL
"2026-05-04","18:30","primera-c","argentina",340928,"Deportivo Muniz",306574,"Club Lujan","id1002617467125758",NULL,NULL,NULL,NULL,NULL,NULL,NULL,NULL
"2026-05-04","18:45","serie-a","italy",2702,"AS Roma",2693,"ACF Fiorentina","id1000002361061639",NULL,NULL,NULL,NULL,NULL,NULL,NULL,NULL
"2026-05-04","19:00","premier-league","england",48,"Everton FC",17,"Manchester City","id1000001761301211",NULL,NULL,NULL,NULL,NULL,NULL,NULL,NULL
"2026-05-04","19:00","laliga","spain",2833,"Sevilla FC",2824,"Real Sociedad San Sebastian","id1000000861624616",NULL,NULL,NULL,NULL,NULL,NULL,NULL,NULL
"2026-05-04","19:00","primera-b","colombia",6114,"Envigado FC",39866,"Internacional FC De Palmira","id1000123870989624",NULL,NULL,NULL,NULL,NULL,NULL,NULL,NULL
"2026-05-04","19:15","liga-portugal","portugal",3001,"Sporting CP",3009,"Vitoria SC Guimaraes","id1000023861731512",NULL,NULL,NULL,NULL,NULL,NULL,NULL,NULL
"2026-05-04","20:00","botola-pro-d1","morocco",47696,"Kawkab Athletic Club of Marrakech",220518,"Olympique Dcheira","id1000093771169554",NULL,NULL,NULL,NULL,NULL,NULL,NULL,NULL
"2026-05-04","20:00","segunda-division","paraguay",5993,"Club Fernando de La Mora",584551,"CA Tembetary Ypane","id1000125471146924",NULL,NULL,NULL,NULL,NULL,NULL,NULL,NULL
"2026-05-04","20:30","liga-femenina","peru",1201603,"Club Yanapuma",998731,"Defensores Del Ilucan","id1001399570692740",NULL,NULL,NULL,NULL,NULL,NULL,NULL,NULL
"2026-05-04","21:00","primera-division-women","argentina",348522,"CA River Plate (ARG)",502900,"Atletico Lanus","id1001846471135828",NULL,NULL,NULL,NULL,NULL,NULL,NULL,NULL
"2026-05-04","21:00","liga-femenina","colombia",613968,"Once Caldas Sa",613996,"Asociacion Deportivo Pasto","id1003628171136212",NULL,NULL,NULL,NULL,NULL,NULL,NULL,NULL
"2026-05-04","21:00","primera-b","colombia",89376,"Union Magdalena",89364,"Barranquilla FC","id1000123870989784",NULL,NULL,NULL,NULL,NULL,NULL,NULL,NULL
"2026-05-04","22:00","brasileiro-serie-b","brazil",2021,"Vila Nova FC GO",547561,"Athletic Club Sjdr MG","id1000039068822864",NULL,NULL,NULL,NULL,NULL,NULL,NULL,NULL
"2026-05-04","22:00","primera-b","chile",39220,"San Luis de Quillota",3152,"Union San Felipe","id1000124068097874",NULL,NULL,NULL,NULL,NULL,NULL,NULL,NULL
"2026-05-04","22:30","primera-division","uruguay",3227,"CA Penarol Montevideo",3229,"Defensor Sporting","id1000027870893178",NULL,NULL,NULL,NULL,NULL,NULL,NULL,NULL
"2026-05-04","22:30","segunda-division","paraguay",90962,"Deportivo Santani",818716,"Club Dr Benjamin Aceval","id1000125471146926",NULL,NULL,NULL,NULL,NULL,NULL,NULL,NULL
"2026-05-04","23:00","kings-league-brazil","soccerspecials",1245130,"Dendele FC",1245128,"Desimpain","id1004723970228868",NULL,NULL,NULL,NULL,NULL,NULL,NULL,NULL
"2026-05-04","23:00","brasileiro-serie-c","brazil",32766,"Ypiranga FC RS",2025,"Ituano FC SP","id1000128169254992",NULL,NULL,NULL,NULL,NULL,NULL,NULL,NULL
"2026-05-04","23:00","brasileiro-serie-d","brazil",426351,"Gremio Atletico Sampaio RR",837176,"Manauara EC AM","id1001533570318408",NULL,NULL,NULL,NULL,NULL,NULL,NULL,NULL
"2026-05-04","23:00","brasileiro-serie-d","brazil",21865,"Trem DC AP",21852,"SD Imperatriz MA","id1001533570320580",NULL,NULL,NULL,NULL,NULL,NULL,NULL,NULL
"2026-05-04","23:00","kings-league-brazil","soccerspecials",1245140,"Funkbol Clube",1245134,"Loud SC","id1004723970228872",NULL,NULL,NULL,NULL,NULL,NULL,NULL,NULL
"2026-05-04","23:00","brasileiro-serie-c","brazil",1985,"Figueirense FC SC",291538,"Barra FC SC","id1000128169254982",NULL,NULL,NULL,NULL,NULL,NULL,NULL,NULL
"2026-05-04","23:00","kings-league-brazil","soccerspecials",1245122,"Furia FC",1245136,"Capim FC","id1004723970228874",NULL,NULL,NULL,NULL,NULL,NULL,NULL,NULL
"2026-05-04","23:00","primera-nacional","argentina",4936,"Quilmes AC",3214,"Chacarita Juniors","id1000070367118358",NULL,NULL,NULL,NULL,NULL,NULL,NULL,NULL
"2026-05-04","23:00","kings-league-brazil","soccerspecials",1245124,"G3X FC",1245138,"Fluxo FC","id1004723970228876",NULL,NULL,NULL,NULL,NULL,NULL,NULL,NULL
"2026-05-04","23:00","kings-league-brazil","soccerspecials",1245126,"Nyvelados FC",1333048,"Dibrados FC","id1004723970228870",NULL,NULL,NULL,NULL,NULL,NULL,NULL,NULL
"2026-05-04","23:00","brasileiro-serie-c","brazil",401925,"Floresta EC CE",21858,"Maranhao AC MA","id1000128169254986",NULL,NULL,NULL,NULL,NULL,NULL,NULL,NULL
"2026-05-04","23:00","primera-b","argentina",112501,"Club Comunicaciones",374916,"CA Ituzaingo","id1000134771074828",NULL,NULL,NULL,NULL,NULL,NULL,NULL,NULL
"2026-05-04","23:30","brasileiro-serie-d","brazil",21848,"EC Democrata MG",35280,"Vitoria FC ES","id1001533570322914",NULL,NULL,NULL,NULL,NULL,NULL,NULL,NULL
