categoria,nome_odds,api_team_id,nome_banco
Pro,alanyaspor,6362,alanyaspor
Pro,fatih karagumruk istanbul,4954,fatih karagumruk
Pro,istanbul basaksehir,3086,istanbul basaksehir
Pro,boluspor,6414,boluspor
Pro,gaziantep fk,5138,gaziantep fk
Pro,kocaelispor,3065,kocaelispor
Pro,fethiyespor,7041,fethiyespor
Pro,galatasaray istanbul,3061,galatasaray
Pro,vfb stuttgart,2677,vfb stuttgart
Pro,eintracht frankfurt,2674,eintracht frankfurt
Pro,doncaster rovers,84,doncaster
Pro,fleetwood town,23959,fleetwood town
Pro,huddersfield town,59,huddersfield
Pro,rotherham united,13,rotherham
Pro,bristol rovers,76,bristol rovers
Pro,plymouth argyle,71,plymouth
Pro,bolton wanderers,5,bolton
Pro,port vale,55,port vale
Pro,luton town,72,luton
Pro,swindon town,53,swindon
Pro,stockport county fc,10,stockport
Pro,harrogate town,159,harrogate town
Pro,fsv mainz,2556,mainz
Pro,1. fc heidenheim,5885,heidenheim
Pro,borussia dortmund,2673,borussia dortmund
Pro,werder bremen,2534,werder bremen
Pro,barry town united fc,35186,barry town
Pro,llanelli town,4916,llanelli town
Pro,haverfordwest county afc,4915,haverfordwest
Pro,briton ferry,130034,briton ferry
Pro,caernarfon town fc,4909,caernarfon
Pro,connah's quay nomads fc,4912,connah's quay
Pro,the new saints fc,4921,the new saints
Pro,colwyn bay,597088,colwyn bay
Pro,flint town united,37090,flint town utd
Pro,bala town fc,36255,bala town
Pro,newcastle united,39,newcastle
Pro,fc utrecht,2948,fc utrecht
Pro,fc twente enschede,2955,fc twente
Pro,club puebla,1941,puebla
Pro,mazatlan fc,1946,mazatlan fc
Pro,perez zeledon,6576,municipal perez zeledon
Pro,ad san carlos,7047,ad san carlos
Pro,club necaxa,1944,necaxa
Pro,cf monterrey,334061,monterrey
Pro,cf pachuca,1936,pachuca
Pro,club leon,376764,leon
Pro,deportivo saprissa san jose,6574,deportivo saprissa
Pro,puntarenas fc,7046,puntarenas
Pro,fc juarez,215048,juarez fc
Pro,aliaga futbol,1037339,aliaga futbol as
Pro,samsunspor,3053,samsunspor
Pro,antalyaspor,3056,antalyaspor
Pro,genclerbirligi sk,7802,genclerbirligi
Pro,istanbulspor as,3066,istanbulspor
Pro,trabzonspor,3051,trabzonspor
Pro,vfl wolfsburg,2524,wolfsburg
Pro,ssc napoli,2714,napoli
Pro,parma calcio,2690,parma
Pro,beyoglu yeni carsi,170406,beyoglu yeni carsi fk
Pro,fenerbahce istanbul,3052,fenerbahce
Pro,fc den bosch,2963,fc den bosch
Pro,psv eindhoven,2952,psv
Pro,northampton town,57,northampton
Pro,walsall fc,26,walsall
Pro,almere city fc,2990,almere city
Pro,sc telstar,2972,telstar
Pro,go ahead eagles,2979,go ahead eagles
Pro,heracles almelo,2977,heracles
Pro,rb leipzig,36360,rb leipzig
Pro,sc freiburg,2538,sc freiburg
Pro,1. fc cologne,2671,cologne
Pro,bayern munich,2672,bayern munich
Pro,servette geneva,2448,servette
Pro,tsg hoffenheim,2569,tsg hoffenheim
Pro,fc sion,2452,fc sion
Pro,fc winterthur,2458,winterthur
Pro,inter milano,2697,inter milan
Pro,us lecce,2689,lecce
Pro,falkirk fc,2363,falkirk
Pro,celtic glasgow,2352,celtic
Pro,chelsea fc,38,chelsea
Pro,arsenal fc,42,arsenal
Pro,az alkmaar,2950,az
Pro,ajax amsterdam,2953,ajax
Pro,cf cruz azul,1947,cruz azul
Pro,atlas fc,376766,atlas
Pro,cs herediano,7045,herediano
Pro,queretaro fc,1951,queretaro
Pro,club tijuana de caliente,334053,tijuana
Pro,atletico san luis,600138,atletico san luis
Pro,cs cartagines,7044,cartagines
Pro,guadalupe fc,362800,guadalupe fc
Pro,tigres uanl,1940,tigres uanl
Pro,pumas unam,334073,unam pumas
Pro,deportivo toluca fc,1931,toluca
Pro,club santos laguna,1948,santos laguna
Pro,erzurumspor fk,55603,erzurumspor fk
Pro,caykur rizespor,3064,caykur rizespor
Pro,eyupspor,7040,eyupspor
Pro,bodrum fk,216876,bodrum fk
Pro,konyaspor,3085,konyaspor
Pro,hellas verona,2701,verona
Pro,bologna fc,2685,bologna
Pro,besiktas istanbul,3050,besiktas
Pro,ankara keciorengucu,6366,ankara keciorengucu
Pro,sc heerenveen,2964,heerenveen
Pro,rkc waalwijk,2956,rkc
Pro,fc augsburg,2600,augsburg
Pro,union berlin,2547,union berlin
Pro,como 1907,2704,como
Pro,ac milan,2692,ac milan
Pro,sparta rotterdam,2960,sparta rotterdam
Pro,fc volendam,2968,fc volendam
Pro,liga deportiva alajuelense,6572,alajuelense
Pro,municipal liberia,6575,municipal liberia
Pro,fortuna dusseldorf,2588,fortuna dusseldorf
Pro,arminia bielefeld,2540,arminia bielefeld
Pro,eintracht braunschweig,2557,eintracht braunschweig
Pro,1. fc magdeburg,2591,magdeburg
Pro,ssvg velbert,5817,ssvg velbert
Pro,vfl sportfreunde lotte 1929,5844,sportfreunde lotte
Pro,fotbal club fcsb,3301,fcsb
Pro,as monaco,1653,monaco
Pro,fc lorient,1656,lorient
Pro,ado den haag,2966,ado den haag
Pro,rodez aveyron football,6925,rodez
Pro,le mans fc,1672,le mans
Pro,usl dunkerque,6918,dunkerque
Pro,pau fc,1685,pau
Pro,fc annecy,234888,annecy
Pro,amiens sc,1676,amiens
Pro,us boulogne,1711,boulogne
Pro,montpellier hsc,1642,montpellier
Pro,helmond sport,2974,helmond sport
Pro,vitesse arnhem,2958,vitesse
Pro,pisa sc,2737,pisa
Pro,atalanta bc,2686,atalanta u23
Pro,club brugge,2888,club brugge
Pro,raal la louviere,752197,raal la louviere
Pro,lille osc,1643,lille
Pro,middlesbrough fc,36,middlesbrough
Pro,espanyol barcelona,2814,espanyol
Pro,girona fc,24264,girona
Women,cruz azul,334055,cruz azul (w)
Pro,deportivo pereira fc sa,6109,deportivo pereira
Pro,llaneros fc,89374,llaneros
Women,pumas unam,334073,unam pumas (w)
Women,mazatlan fc,1946,mazatlan fc (w)
Women,fc juarez,215048,juarez fc (w)
Women,atletico san luis,600138,atletico san luis (w)
Pro,alianza fc valledupar,1098993,alianza
Pro,fc unirea 2004 slobozia,44259,fc unirea 2004 slobozia
Pro,fc uta arad,221210,uta arad
Pro,sv 07 elversberg,2598,elversberg
Pro,sc preussen 06 munster,2590,sc preussen munster
Pro,karlsruher sc,2553,karlsruher sc
Pro,dynamo dresden,2595,dynamo dresden
Pro,greuther furth,2551,greuther furth
Pro,chesterfield fc,68,chesterfield
Pro,bromley fc,180,bromley
Pro,hartlepool united,101,hartlepool
Pro,altrincham fc,110,altrincham
Pro,watford fc,24,watford
Pro,millwall fc,25,millwall
Pro,wigan athletic,49,wigan
Pro,bradford city fc,22,bradford
Pro,cardiff city,61,cardiff
Pro,tranmere rovers fc,51,tranmere
Pro,ipswich town,32,ipswich
Pro,blackburn rovers,46,blackburn
Pro,coventry city,11,coventry
Pro,leicester city,31,leicester
Pro,grenoble foot,1671,grenoble
Pro,red star fc,52874,red star fc 93
Pro,real madrid,2829,real madrid
Pro,levante ud,2849,levante
Pro,estac troyes,1652,troyes
Pro,stade reims,1682,reims
Pro,panserraikos fc,6347,panserraikos
Pro,udinese calcio,2695,udinese
Pro,bayer leverkusen,2681,bayer leverkusen
Pro,wealdstone fc,238,wealdstone
Pro,woking fc,128,woking
Pro,salford city,37998,salford city
Pro,shrewsbury town,82,shrewsbury
Pro,oldham athletic,65,oldham
Pro,cheltenham town,69,cheltenham
Pro,grimsby town,18,grimsby
Pro,barnet fc,77,barnet
Pro,wrexham afc,64,wrexham
Pro,norwich city,263,norwich
Pro,southampton fc,45,southampton
Pro,hull city,96,hull
Pro,portsmouth fc,2,portsmouth
Pro,preston north end,21,preston
Pro,derby county,27,derby
Pro,bristol city,58,bristol city
Pro,charlton athletic,47,charlton
Pro,spennymoor town fc,171,spennymoor town
Pro,radcliffe fc,257,radcliffe fc
Pro,south shields,47207,south shields
Pro,leamington fc,34728,leamington
Pro,merthyr town,58167,merthyr town
Pro,peterborough sports,224846,peterborough sports
Pro,macclesfield fc,935861,macclesfield fc
Pro,oxford city,25939,oxford city
Pro,king's lynn town,160,kings lynn town
Pro,hereford fc,107,hereford
Pro,kidderminster harriers fc,90,kidderminster
Pro,worksop town,80,worksop town
Pro,darlington fc,91,darlington
Pro,alfreton town fc,222,alfreton town
Pro,curzon ashton fc,25936,curzon ashton
Pro,afc telford united,130,afc telford
Pro,chester fc,262,chester
Pro,chorley fc,217,chorley
Pro,buxton fc,36381,buxton
Pro,marine fc,190,marine
Pro,bedford town football club,123,bedford town
Pro,southport fc,122,southport
Pro,afc fylde,38739,afc fylde
Pro,scarborough athletic,47186,scarborough athletic
Pro,gillingham fc,20,gillingham
Pro,newport county,79,newport county
Pro,crewe alexandra,19,crewe
Pro,barrow afc,97,barrow
Pro,crawley town,4875,crawley town
Pro,notts county,56,notts county
Pro,colchester united,66,colchester
Pro,worthing fc,47289,worthing
Pro,horsham fc,206,horsham
Pro,torquay united,104,torquay
Pro,tonbridge angels,229,tonbridge angels
Pro,afc totton,25934,afc totton
Pro,enfield town,45361,enfield town
Pro,peterhead fc,2385,peterhead
Pro,hamilton academical fc,2376,hamilton
Pro,hornchurch fc,25940,hornchurch fc
Pro,eastbourne borough,147,eastbourne borough
Pro,stirling albion fc,2384,stirling
Pro,east kilbride fc,170622,east kilbride
Pro,hemel hempstead town,47045,hemel hempstead
Pro,slough town,198,slough
Pro,hampton & richmond borough,155,hampton & richmond
Pro,dorking wanderers,173464,dorking
Pro,farnborough fc,88,farnborough
Pro,chesham united,177,chesham
Pro,dover athletic fc,129,dover
Pro,bath city fc,7944,bath city
Pro,salisbury fc,220,salisbury
Pro,chippenham town fc,34725,chippenham town
Pro,ebbsfleet united fc,114,ebbsfleet united
Pro,chelmsford city,23958,chelmsford
Pro,krc genk,2890,genk
Pro,mansfield town,70,mansfield
Pro,truro city,38001,truro city
Pro,tamworth fc,102,tamworth
Pro,forest green rovers,94,forest green
Pro,solihull moors fc,7942,solihull moors
Pro,carlisle united,78,carlisle
Pro,morecambe fc,81,morecambe
Pro,scunthorpe united,85,scunthorpe
Pro,gateshead fc,157,gateshead
Pro,rochdale afc,103,rochdale
Pro,fc halifax town,87,halifax
Pro,eastleigh fc,6191,eastleigh
Pro,aldershot town fc,75,aldershot
Pro,braintree town fc,182,braintree town
Pro,boreham wood fc,36467,boreham wood
Pro,brackley town fc,25935,brackley
Pro,yeovil town,131,yeovil
Pro,accrington stanley,187,accrington stanley
Pro,milton keynes dons,4,milton keynes dons
Pro,peterborough united,54,peterborough
Pro,wycombe wanderers,62,wycombe
Pro,afc wimbledon,23957,afc wimbledon
Pro,barnsley fc,23,barnsley
Pro,blackpool fc,67,blackpool
Pro,brentford fc,50,brentford
Pro,leeds united,34,leeds
Pro,fulham fc,43,fulham
Pro,liverpool fc,44,liverpool
Pro,burnley fc,6,burnley
Pro,sunderland afc,41,sunderland
Pro,crystal palace,7,crystal palace
Pro,tottenham hotspur,33,tottenham
Pro,west ham united,37,west ham
Pro,burton albion,134,burton albion
Pro,exeter city,86,exeter
Pro,stevenage fc,133,stevenage
Pro,leyton orient london,83,leyton orient
Pro,reading fc,28,reading
Pro,lincoln city,92,lincoln city
Pro,rcd mallorca,2826,mallorca
Pro,athletic bilbao,2825,athletic club
Pro,fc farul constanta,3294,farul constanta
Pro,afc hermannstadt,342922,afc hermannstadt
Pro,top oss,2978,top oss
Pro,fc emmen,2965,fc emmen
Pro,racing club de lens,1648,lens
Pro,aj auxerre,1646,auxerre
Pro,fc lugano,2443,lugano
Pro,sassuolo calcio,2793,sassuolo
Pro,kvc westerlo,2893,westerlo
Pro,cercle brugge,2929,cercle brugge
Pro,ca osasuna,2820,osasuna
Pro,real oviedo,2851,real oviedo
Pro,york city fc,73,york
Pro,southend united,99,southend
Pro,swansea city,74,swansea
Pro,birmingham city,9,birmingham
Pro,pec zwolle,2971,pec zwolle
Pro,toulouse fc,1681,toulouse
Pro,ogc nice,1661,nice
Pro,rapid bucuresti 1923,3302,rapid bucuresti
Pro,metaloglobus bucuresti,79081,metaloglobus bucuresti
Pro,excelsior rotterdam,2967,excelsior
Pro,fortuna sittard,2957,fortuna sittard
Pro,young boys bern,2445,young boys
Pro,schalke 04,2530,schalke
Pro,yellow-red kv mechelen,5044,kv mechelen
Pro,cagliari calcio,2719,cagliari
Pro,juventus turin,2687,juventus
Pro,clermont foot 63,1680,clermont foot
Pro,real betis seville,2816,real betis
Pro,villarreal cf,2819,villarreal
Pro,nac breda,2947,nac
Pro,nec nijmegen,2962,nec
Pro,angers sco,1684,angers
Pro,olympique marseille,1641,marseille
Pro,america de cali,6102,america de cali
Pro,internacional de bogota.,1317886,internacional de bogota
Women,club america,340986,club america (w)
Pro,atletico nacional medellin,6106,atletico nacional
Pro,boyaca chico fc,6107,boyaca chico
Pro,millonarios fc,6117,millonarios
Pro,mvv maastricht,2976,maastricht
Pro,fc groningen,2951,fc groningen
Pro,kasimpasa istanbul,6063,kasimpasa
Pro,genoa cfc,2713,genoa
Pro,holstein kiel,2573,holstein kiel
Pro,sc paderborn 07,2561,paderborn
Pro,kaa gent,2903,gent
Pro,rsc anderlecht,2900,anderlecht
Pro,vfl bochum,2542,bochum
Pro,sv darmstadt 98,2576,darmstadt
Pro,1 fc kaiserslautern,2675,kaiserslautern
Pro,hannover 96,2541,hannover 96
Pro,fc zurich,2450,fc zurich
Pro,getafe cf,2859,getafe
Pro,valencia cf,2828,valencia
Pro,fc dordrecht,2973,fc dordrecht
Pro,de graafschap,2949,de graafschap
Pro,afk csikszereda miercurea ciuc,391688,fk csikszereda miercurea ciuc
Pro,fc botosani,24798,fc botosani
Pro,wolverhampton wanderers,3,wolverhampton
Pro,strasbourg alsace,1659,strasbourg
Pro,fc metz,1651,metz
Pro,acf fiorentina,2693,fiorentina
Pro,ae larissa fc,3265,larissa
Pro,fcv dender eh,2922,dender
Pro,royal antwerp fc,2889,antwerp
Pro,atletico madrid,2836,atletico madrid
Pro,fc thun,2454,fc thun
Pro,fc basel 1893,2501,basel
Pro,feyenoord rotterdam,2959,feyenoord
Youth,fc eindhoven,2994,fc eindhoven
Youth,willem ii tilburg,2961,willem ii
Pro,fc cfr 1907 cluj,5287,cfr cluj
Pro,asc otelul galati,3291,otelul galati
Pro,fc nantes,1647,nantes
Pro,paris fc,6070,paris fc
Pro,le havre ac,1662,le havre
Pro,aston villa,40,aston villa
Pro,everton fc,36704,everton
Pro,ofi crete,3241,ofi crete
Pro,torino fc,2696,torino
Pro,as roma,2702,roma
Pro,rc celta de vigo,2821,celta vigo
Pro,rayo vallecano,2818,rayo vallecano
Pro,royal charleroi sc,2898,charleroi
Pro,standard liege,2901,standard liege
Pro,fc universitatea cluj,7734,universitatea cluj
Pro,independiente medellin,6115,independiente medellin
Pro,aek athens,3250,aek athens
Pro,panathinaikos athens,3248,panathinaikos
Pro,olympique lyon,1649,lyon
Pro,stade brest 29,1715,brest
Pro,real sociedad san sebastian,2824,real sociedad
Pro,fc barcelona,2817,barcelona
Pro,jaguares de cordoba,89370,jaguares de cordoba
Pro,deportivo cali,6112,deportivo cali
Pro,independiente rivadavia,36842,independiente rivadavia
Pro,ca estudiantes,93107,ca estudiantes caseros
Pro,cd junior fc,6105,junior
Pro,ca lanus,3218,lanus
Pro,ca sarmiento de la banda,593568,ca sarmiento de la banda
Pro,independiente santa fe,6116,independiente santa fe
Pro,aguilas doradas rionegro,48244,rionegro aguilas
Pro,apo levadiakos fc,5063,levadiakos
Pro,kayserispor,3072,kayserispor
Pro,goztepe izmir,3054,goztepe
Pro,us cremonese,2761,cremonese
Pro,fc petrolul ploiesti,25856,petrolul ploiesti
Pro,cs universitatea craiova,116223,cs u craiova
Pro,atromitos athinon,5062,atromitos athinon
Pro,roda jc kerkrade,2954,roda jc
Pro,lazio rome,2699,lazio
Pro,ea guingamp,1654,guingamp
Pro,elche cf,2846,elche
Pro,sevilla fc,2833,sevilla
Pro,brighton & hove albion,30,brighton
Pro,afc bournemouth,60,bournemouth
Pro,cucuta deportivo fc,6108,cucuta deportivo
Pro,cd once caldas,6118,once caldas
Pro,ca ituzaingo,374916,ca ituzaingo
Pro,de treffers groesbeek,6475,de treffers
Pro,east fife fc,2382,east fife
Pro,alloa athletic fc,2369,alloa
Pro,montrose fc,2386,montrose
Pro,livingston fc,2356,livingston
Pro,st mirren fc,2359,st mirren
Pro,stoke city,29,stoke
Pro,ca ferrocarril midland,388194,ferrocarril midland
Pro,ca aldosivi,36836,aldosivi
Pro,defensa y justicia,36839,defensa y justicia
Pro,ca banfield,3219,banfield
Pro,ca huracan,7629,huracan
Pro,union de santa fe,3204,union santa fe
Pro,ca platense,36837,platense
Pro,gimnasia y esgrima mendoza,189099,gimnasia mendoza
Pro,instituto ac cordoba,4937,instituto ac cordoba
Pro,velez sarsfield,3208,velez sarsfield
Pro,fc stade nyonnais,2490,stade nyonnais
Pro,etoile carouge fc,2497,etoile carouge
Pro,sc bastia,1655,sc bastia
Youth,vvv venlo,2980,vvv
Pro,fc vaduz,2463,fc vaduz
Pro,fc wil 1900,2455,wil 1900
Pro,arbroath fc,2366,arbroath
Pro,greenock morton fc,2374,morton
Pro,sportivo trinidense,39722,sportivo trinidense
Pro,ca san lorenzo de almagro,3201,san lorenzo
Pro,ca independiente avellaneda,3209,independiente
Pro,cs 2 de mayo,5992,2 de mayo
Pro,sportivo luqueno,5998,sportivo luqueno
Pro,ca talleres de cordoba,3210,talleres cordoba
Pro,newell's old boys,3212,newell's
Pro,nyiregyhaza spartacus fc,5124,nyiregyhaza
Pro,ujpest fc budapest,1924,ujpest
Youth,bonner sc,6188,bonner sc
Pro,1. fc bocholt,6156,1. fc bocholt
Pro,fc gutersloh 2000,5842,gutersloh 2000
Pro,wuppertaler sv,4505,wuppertaler
Youth,fortuna dusseldorf ii,7931,fortuna dusseldorf ii
Pro,kisvarda fc,25397,kisvarda fc
Pro,mtk budapest,1915,mtk budapest
Pro,nk lokomotiva zagreb,36246,nk lokomotiva zagreb
Pro,hnk vukovar 1991,6672,vukovar 1991
Pro,raith rovers fc,2361,raith
Pro,airdrieonians fc,2367,airdrieonians
Pro,ross county fc,2365,ross county
Pro,partick thistle fc,2358,partick
Pro,ayr united fc,2364,ayr
Pro,queen of the south fc,2368,queen of south
Pro,cove rangers fc,8062,cove rangers
Pro,clyde fc,2360,clyde
Pro,spartans fc,2393,spartans fc
Pro,dumbarton fc,2377,dumbarton
Pro,elgin city fc,2380,elgin
Pro,stranraer fc,2371,stranraer
Pro,edinburgh city fc,26252,edinburgh city
Pro,annan athletic fc,23955,annan athletic
Pro,forfar athletic fc,2375,forfar
Pro,olympiacos piraeus,3245,olympiacos
Pro,aberdeen fc,2355,aberdeen
Pro,hibernian fc,2354,hibernian
Pro,motherwell fc,2346,motherwell
Pro,kilmarnock fc,2347,kilmarnock
Pro,hnk rijeka,2039,hnk rijeka
Pro,nk slaven belupo,2042,slaven belupo
Pro,fc rapperswil-jona,37390,fc rapperswil-jona
Pro,stade lausanne ouchy,35162,stade lausanne-ouchy
Pro,fc aarau,2447,aarau
Pro,ac bellinzona,2459,ac bellinzona
Pro,asteras tripolis,6342,asteras tripolis
Pro,kelty hearts fc,225156,kelty hearts
Pro,stenhousemuir fc,2370,stenhousemuir
Pro,paksi fc,6059,paksi
Pro,ca barracas central,65668,barracas central
Pro,ca river plate (arg),3211,river plate
Pro,nacional asuncion,33001,nacional asuncion
Pro,sportivo san lorenzo,90972,sportivo san lorenzo
Pro,racing club avellaneda,3215,racing club
Pro,cerro porteno,5991,cerro porteno
Pro,libertad asuncion,5996,libertad asuncion
Pro,ca rosario central,3217,rosario central
Pro,ca belgrano de cordoba,3203,belgrano
Women,london city lionesses,606004,london city lionesses (w)
Pro,debreceni vsc,1921,debreceni vsc
Pro,diosgyori vtk,5121,diosgyori vtk
Pro,neuchatel xamax,2451,neuchatel xamax
Youth,vfl bochum ii,5839,bochum ii
Youth,fortuna cologne,2683,fortuna cologne
Pro,hnk hajduk split,2036,hajduk split
Pro,nk istra 1961,25529,istra 1961
Pro,kazincbarcikai sc,8059,kazincbarcikai bsc
Pro,zalaegerszeg te,1922,zalaegerszegi te
Pro,glasgow rangers,2351,rangers
Pro,dundee fc,2357,dundee
Pro,nk osijek,2040,nk osijek
Pro,gnk dinamo zagreb,2032,dinamo zagreb
Pro,wkw eto fc gyor,1923,gyor eto fc
Pro,bolivia,4746,bolivia
Pro,mexico,4781,mexico
Pro,club guarani asuncion,5994,guarani asuncion
Pro,boca juniors,3202,boca juniors
Pro,deportivo riestra afbc,191648,deportivo riestra
Pro,sportivo ameliano,607728,sportivo ameliano
Pro,rubio nu,36438,rubio nu
Pro,ca tigre,7628,tigre
Pro,estudiantes rio cuarto,369108,estudiantes rio cuarto
Pro,ca sarmiento junin,42338,sarmiento
Pro,hnk gorica,43917,hnk gorica
Pro,nk varazdin,282653,nk varazdin
Pro,vvv venlo,2980,vvv
Pro,atletico mineiro mg,1977,atletico mineiro
Pro,se palmeiras sp,1963,palmeiras
Pro,ec vitoria ba,1962,vitoria
Pro,clube do remo pa,2012,remo
Pro,coritiba fc pr,1982,coritiba
Pro,red bull bragantino sp,1999,bragantino
Pro,sc internacional rs,1966,internacional
Pro,fluminense fc rj,1961,fluminense
Pro,gremio fb porto alegrense rs,5926,gremio
Pro,chapecoense sc,21845,chapecoense
Pro,santos fc sp,1968,santos
Pro,sc corinthians sp,1957,corinthians
Pro,ec bahia ba,1955,bahia
Pro,sao paulo fc sp,1981,sao paulo
Pro,cr flamengo rj,5981,flamengo
Pro,mirassol fc sp,21982,mirassol
Pro,cr vasco da gama rj,1974,vasco da gama
Pro,botafogo fr rj,1958,botafogo
Pro,cruzeiro ec mg,1954,cruzeiro
Pro,nk radomlje,37737,nk radomlje
Pro,aluminij kidricevo,2424,aluminij kidricevo
Pro,zaglebie lubin,3113,zaglebie lubin
Pro,gks katowice,3112,gks katowice
Pro,lask linz,2058,lask linz
Pro,sport huancayo,33895,sport huancayo
Pro,alianza lima,2311,alianza lima
Pro,fc eindhoven,2994,fc eindhoven
Pro,utc de cajamarca,87854,utc cajamarca
Pro,atletico grau,428219,atletico grau
Pro,universidad de chile,3161,universidad de chile
Pro,audax italiano,3162,audax italiano
Pro,fk napredak krusevac,7674,fk napredak
Pro,fk javor ivanjica,5144,javor ivanjica
Pro,fk radnicki 1923 kragujevac,43981,fk radnicki 1923
Pro,gornik zabrze,3110,gornik zabrze
Pro,gks piast gliwice,7918,piast gliwice
Pro,fk jablonec,2205,fk jablonec
Pro,fk teplice,2208,fk teplice
Pro,olimpija ljubljana,2416,olimpija ljubljana
Pro,fk mlada boleslav,2224,mlada boleslav
Pro,bohemians prague 1905,6064,bohemians 1905
Pro,fk partizan belgrade,5152,partizan belgrade
Pro,fk radnicki nis,25737,radnicki nis
Pro,sk sigma olomouc,2207,sigma olomouc
Pro,fc hradec kralove,2217,hradec kralove
Pro,dunfermline athletic fc,2350,dunfermline
Pro,deportes limache,434002,deportes limache
Pro,fk zeleznicar pancevo,425695,fk zeleznicar pancevo
Pro,fk radnik surdulica,111127,fk radnik surdulica
Pro,fc koper,2417,fc koper
Pro,widzew lodz,3115,widzew lodz
Pro,jagiellonia bialystok,7691,jagiellonia bialystok
Pro,sv ried,2049,sv ried
Pro,sparta prague,2218,sparta prague
Pro,sport boys association,2312,sport boys
Pro,universidad de concepcion,5034,universidad de concepcion
Pro,coquimbo unido,3165,coquimbo unido
Pro,kks lech poznan,3121,lech poznan
Pro,ks lechia gdansk,7913,lechia gdansk
Youth,juan pablo ii college,1041663,juan pablo ii college
Youth,fc cajamarca,1065398,fc cajamarca
Pro,cobresal,3167,cobresal
Pro,huachipato,3164,huachipato
Pro,fbc melgar,2308,fbc melgar
Pro,cs cienciano,2301,cienciano
Pro,lkp motor lublin,7915,motor lublin
Pro,pogon szczecin,3117,pogon szczecin
Pro,fk mladost lucani,7771,mladost lucani
Pro,ofk beograd,5153,ofk beograd
Pro,1. fc slovacko uherske hradiste,4871,slovacko
Pro,fc banik ostrava,2204,banik ostrava
Pro,fk novi pazar,25736,fk novi pazar
Pro,fk spartak subotica,36967,spartak subotica
Pro,wisla plock,3122,wisla plock
Pro,rks rakow czestochowa,35268,rakow czestochowa
Pro,fk tsc backa topola,368638,tsc
Pro,fk vojvodina novi sad,5150,vojvodina
Pro,fk cukaricki belgrade,5148,fk cukaricki
Pro,fk crvena zvezda belgrade,5149,crvena zvezda
Pro,nk maribor,2420,nk maribor
Pro,nk celje,2413,nk celje
Pro,mfk karvina,23951,mfk karvina
Pro,fc viktoria plzen,4502,viktoria plzen
Pro,fc slovan liberec,2219,slovan liberec
Pro,fc zlin,2220,fc zlin
Pro,legia warszawa,3106,legia warsaw
Pro,korona kielce,5065,korona kielce
Pro,scr altach,4856,scr altach
Pro,sk sturm graz,2051,sk sturm graz
Pro,wolfsberger ac,2076,wolfsberger ac
Pro,fc salzburg,2046,fc salzburg
Pro,fk pardubice,2230,pardubice
Pro,slavia prague,2216,slavia prague
Pro,deportivo garcilaso,655773,deportivo garcilaso
Pro,sporting cristal,2302,sporting cristal
Pro,alianza atletico,2307,alianza atletico
Pro,cusco fc,63760,cusco fc
Pro,deportes la serena,5031,la serena
Pro,cd universidad catolica,3151,universidad catolica
Pro,universitario de deportes,2305,universitario de deportes
Pro,cd palestino,3157,palestino
Pro,nublense,7029,nublense
Pro,bruk-bet termalica nieciecza,36851,termalica bb nieciecza
Pro,mks cracovia krakow,4901,cracovia krakow
Pro,comerciantes unidos,241860,comerciantes unidos
Pro,deportes union la calera,48242,union la calera
Pro,deportes concepcion,3160,deportes concepcion
Pro,sc wiedenbruck,7875,sc wiedenbruck
Pro,sv rodinghausen,108351,sv rodinghausen
Pro,argentino de merlo,210370,argentino merlo
Youth,sd raiders fc,316737,sd raiders
Pro,st george city fa,323705,st george city fa
Pro,yokohama f marinos,3137,yokohama f-marinos
Pro,machida zelvia,44409,machida zelvia
Pro,kyoto sanga fc,3149,kyoto sanga fc
Pro,vissel kobe,3146,vissel kobe
Pro,v-varen nagasaki,38154,v-varen nagasaki
Pro,sanfrecce hiroshima,3135,sanfrecce hiroshima
Pro,pfc montana 1921,32642,montana 1921
Pro,pfc cska sofia,3275,cska sofia
Pro,fc arda kardzhali,364786,arda kardzhali
Pro,odra opole,7916,odra opole
Pro,pogon siedlce,162252,pogon siedlce
Youth,fc magdeburg ii,24094,magdeburg ii
Youth,chemnitzer fc,2592,chemnitzer
Pro,wisla krakow,3111,wisla krakow
Pro,gks tychy,35272,gks tychy
Pro,galway united fc,3172,galway united
Pro,drogheda united fc,3180,drogheda united
Pro,waterford fc,3194,waterford fc
Pro,shelbourne fc,3174,shelbourne
Pro,urawa red diamonds,3145,urawa red diamonds
Pro,fc tokyo,3147,fc tokyo
Pro,kashima antlers,3134,kashima antlers
Pro,cerezo osaka,3141,cerezo osaka
Pro,gamba osaka,3138,gamba osaka
Pro,st george saints fc,138216,st george saints
Pro,wollongong wolves fc,2940,wollongong wolves
Pro,marconi stallions,2941,marconi stallions
Pro,pfc cherno more varna,3280,cherno more varna
Pro,fk spartak 1918 varna,3278,spartak varna
Pro,hallescher fc,2582,hallescher fc
Pro,fc rot-weiss erfurt,2578,rot-weiss erfurt
Youth,wuppertaler sv,4505,wuppertaler
Youth,borussia dortmund ii,2535,borussia dortmund ii
Youth,sv rodinghausen,108351,sv rodinghausen
Youth,ssvg velbert,5817,ssvg velbert
Pro,fortuna cologne,2683,fortuna cologne
Youth,1. fc bocholt,6156,1. fc bocholt
Pro,fc lokomotiv 1929 sofia,3277,lokomotiv 1929 sofia
Pro,pfc ludogorets 1945 razgrad,43840,ludogorets razgrad
Pro,mks arka gdynia,5064,arka gdynia
Pro,mfk skalica,111061,mfk skalica
Pro,mfk ruzomberok,2397,mfk ruzomberok
Pro,1. fc tatran presov,2403,fc tatran presov
Pro,as trencin,2398,as trencin
Pro,fk zeleziarne podbrezova,7887,fk zeleziarne podbrezova
Pro,pfc levski sofia,3273,levski sofia
Pro,pofc botev vratsa,36938,botev vratsa
Pro,tsv hartberg,2075,hartberg
Pro,wsg tirol,5405,wsg swarovski tirol
Pro,dac 1904 dunajska streda,23833,dunajska streda
Pro,sk slovan bratislava,2404,slovan bratislava
Pro,wieczysta krakow,406863,wieczysta krakow
Pro,polonia bytom,7692,polonia bytom
Pro,lks lodz,3123,lks lodz
Pro,miedz legnica,35330,miedz legnica
Pro,pogon grodzisk mazowiecki,216968,pogon grodzisk mazowiecki
Pro,avispa fukuoka,3143,avispa fukuoka
Pro,fagiano okayama,34034,fagiano okayama
Pro,nagoya grampus,3136,nagoya grampus
Pro,shimizu s-pulse,3133,shimizu s-pulse
Pro,kawasaki frontale,5127,kawasaki frontale
Pro,kashiwa reysol,3140,kashiwa reysol
Pro,sydney olympic fc,2938,sydney olympic
Pro,blacktown city fc,92204,blacktown city
Pro,sydney united 58 fc,2939,sydney united 58
Pro,university of nsw,319451,university nsw
Youth,rockdale ilinden fc,92210,rockdale ilinden fc u20
Pro,tokyo verdy,3139,tokyo verdy
Pro,mito hollyhock,21901,mito hollyhock
Pro,fk septemvri sofia,214054,septemvri sofia
Pro,polonia warszawa,3119,polonia warsaw
Pro,fks stal mielec,38732,stal mielec
Pro,pfc slavia sofia,3274,slavia sofia
Pro,pfc lokomotiv plovdiv,3272,lokomotiv plovdiv
Youth,sc paderborn 07 ii,217116,sc paderborn 07 ii
Youth,sc wiedenbruck,7875,sc wiedenbruck
Pro,fc nordsjaelland,1292,fc nordsjaelland
Pro,soenderjyske,1295,sonderjyske
Pro,silkeborg if,1285,silkeborg if
Pro,viborg ff,1288,viborg
Youth,rkc waalwijk,2956,rkc
Pro,grazer ak 1902,2052,grazer ak
Pro,ruch chorzow,3105,ruch chorzow
Pro,wks slask wroclaw,3108,slask wroclaw
Pro,rks radomiak radom,7295,radomiak radom
Pro,bohemians dublin fc,3173,bohemians dublin
Pro,msk zilina,2402,msk zilina
Pro,kfc komarno,191850,kfc komarno
Pro,botev plovdiv,5241,botev plovdiv
Pro,pfk beroe stara zagora,3281,beroe
Pro,fc midtjylland,1289,midtjylland
Pro,fc copenhagen,1284,fc copenhagen
Pro,puszcza niepolomice,38729,puszcza niepolomice
Pro,gornik leczna,3125,gornik leczna
Pro,mfk zemplin michalovce,7885,mfk zemplin michalovce
Pro,fc spartak trnava,2406,spartak trnava
Pro,randers fc,1301,randers fc
Youth,cs cienciano,2301,cienciano
Pro,vejle bk,4872,vejle
Pro,fc fredericia,1302,fc fredericia
Pro,chrobry glogow,53296,chrobry glogow
Pro,zks stal rzeszow,37207,stal rzeszow
Pro,agf aarhus,1291,agf aarhus
Pro,fc cajamarca,1065398,fc cajamarca
Pro,gimnasia y esgrima de jujuy,5292,gimnasia jujuy
Pro,athlone town afc,3198,athlone town
Pro,finn harps fc,3181,finn harps
Pro,cobh ramblers,3185,cobh ramblers
Pro,wexford fc,7128,wexford fc
Pro,bray wanderers afc,3171,bray wanderers
Pro,longford town fc,3175,longford town
Pro,derry city fc,3170,derry city
Pro,dundalk fc,3179,dundalk
Pro,ca san miguel,373076,ca san miguel
Pro,ca central norte salta,341070,central norte
Pro,atletico de rafaela,34976,atletico rafaela
Pro,club almagro,4938,almagro
Pro,cd godoy cruz,6074,godoy cruz
Pro,club ciudad de bolivar,672813,club ciudad de bolivar
Pro,gimnasia y tiro de salta,258465,gimnasia y tiro
Pro,ca colegiales,112493,ca colegiales
Pro,nws spirit,2943,nws spirit fc
Pro,sutherland sharks,92214,sutherland sharks
Youth,1. fc cologne ii,2525,cologne ii
Youth,vfl sportfreunde lotte 1929,5844,sportfreunde lotte
Pro,sligo rovers fc,3190,sligo rovers
Pro,ca san telmo,241512,ca san telmo
Pro,ferro carril oeste,36841,ferro carril oeste
Pro,ca acassuso,112491,acassuso
Pro,ca chaco for ever,332409,ca chaco for ever
Pro,ca defensores de belgrano,52215,defensores de belgrano
Pro,ca all boys,36834,all boys
Youth,sporting cristal,2302,sporting cristal
Pro,agropecuario argentino,371368,agropecuario
Pro,csd tristan suarez,93513,tristan suarez
Pro,colon de santa fe,3207,colon
Pro,deportivo madryn,258463,deportivo madryn
Pro,rockdale ilinden fc,92210,rockdale ilinden fc
Pro,ca guemes,266889,ca guemes
Pro,nueva chicago,3200,nueva chicago
Pro,chacarita juniors,3214,chacarita juniors
Pro,club atletico los andes,112497,los andes
Pro,club almirante brown,43740,almirante brown
Pro,ca racing de cordoba,399415,racing de cordoba
Pro,ca atlanta,53799,ca atlanta
Pro,quilmes ac,4936,quilmes
Pro,ca claypole,377570,ca claypole
Pro,sampaio correa fe rj,342192,sampaio correa rj
Pro,desportiva ferroviaria es,34011,desportiva ferroviaria
Pro,porto sc ba,1126777,porto ba
Pro,serra branca ec pb,931665,serra branca
Pro,maguary pe,925353,maguary
Pro,bare ec rr,35281,bare ec
Pro,madureira rj,6980,madureira
Pro,araguaina to,35283,araguaina
Pro,ec primavera sp,189838,primavera sp
Pro,se gama df,1978,gama
Pro,monte roraima rr,1104921,monte roraima
Pro,betim futebol mg,673709,betim
Pro,piaui pi,189920,piaui
Pro,santa catarina sc,510178,santa catarina
Pro,iape ma,49203,iape
Pro,america fc propria se,21842,america se
Pro,ivinhema ms,34000,ivinhema
Pro,independente ec ap,792888,independente ap
Pro,ji-parana fc ro,2006,ji-parana
Pro,fc pantanal saf ms,1089803,pantanal
Pro,galvez ec ac,245535,galvez ac
Pro,primavera ac mt,689755,ec primavera mt
Pro,bragantino clube do para pa,529477,bragantino pa
Pro,ad vasco da gama ac,440798,vasco da gama ac
Pro,ae velo clube sp,88736,velo clube
Pro,austria lustenau,2062,austria lustenau
Pro,kapfenberger sv,2067,sv kapfenberg
Youth,fc rot-weiss erfurt,2578,rot-weiss erfurt
Youth,vitesse arnhem,2958,vitesse
Pro,first vienna fc 1894,2054,first vienna fc 1894
Pro,skn st polten,2119,st polten
Pro,kerry fc,972503,kerry fc
Pro,treaty united,779084,treaty united fc
Pro,cork city fc,40896,cork city
Pro,shamrock rovers,3177,shamrock rovers
Pro,ca excursionistas,65672,excursionistas
Pro,cs dock sud,388100,cs dock sud
Pro,orense sc,403235,orense
Pro,ldu quito,5257,ldu quito
Pro,sd raiders fc,316737,sd raiders
Youth,nws spirit,2943,nws spirit fc
Youth,slask ii wroclaw,216014,slask wroclaw ii
Pro,vilnius fk zalgiris,5345,fk zalgiris vilnius
Pro,dziugas,168446,fk dziugas telsiai
Pro,bonner sc,6188,bonner sc
Pro,sk artis brno,35264,sk artis brno
Pro,sfc opava,2215,opava
Pro,greifswalder fc,7864,greifswalder fc
Pro,fc carl zeiss jena,2614,carl zeiss jena
Pro,bsg chemie leipzig,270785,bsg chemie leipzig
Youth,fc schalke 04 ii,350336,schalke ii
Pro,sd aucas,5249,sd aucas
Pro,mushuc runa sc,134976,mushuc runa
Pro,charlotte fc,863473,charlotte fc
Pro,arsenal de sarandi,3221,arsenal de sarandi
Pro,club comunicaciones,112501,club comunicaciones
Pro,argentino de rosario,377568,argentino de rosario
Pro,juventud unida san miguel,377574,juventud unida san miguel
Pro,ca lugano,182126,ca lugano
Pro,sacachispas fc,184969,sacachispas
Pro,san martin de tucuman,23950,san martin de tucuman
Pro,centro espanol,299336,centro espanyol
Pro,deportivo paraguayo,377554,deportivo paraguayo
Pro,ca atlas,182701,ca atlas
Pro,central ballester,377552,central ballester
Pro,club lujan,306574,lujan
Pro,club mercedes,354964,club mercedes
Pro,ca defensores unidos,93515,defensores unidos
Pro,csd flandria,112505,csd flandria
Pro,cd tecnico universitario,21941,tecnico universitario
Pro,fc cincinnati,245305,fc cincinnati
Pro,ca patronato parana,43741,patronato parana
Pro,real pilar fc,374918,real pilar
Pro,vancouver whitecaps fc,22010,vancouver whitecaps
Pro,real salt lake,5133,real salt lake
Pro,dc united,2502,dc united
Pro,philadelphia union,39833,philadelphia
Pro,orlando city sc,52237,orlando city
Pro,houston dynamo,2508,houston dynamo
Pro,chicago fire,2505,chicago fire
Pro,austin fc,772256,austin fc
Pro,fc dallas,2512,fc dallas
Pro,toronto fc,7080,toronto fc
Pro,nashville sc,668063,nashville sc
Pro,new england revolution,2511,new england
Pro,inter miami cf,659691,inter miami
Pro,portland timbers,22007,portland timbers
Pro,columbus crew,2504,columbus crew
Pro,san diego fc,1217911,san diego fc
Pro,cf montreal,22006,cf montreal
Pro,san jose earthquakes,21825,san jose
Pro,sporting kansas city,2509,kansas city
Youth,sydney united 58 fc,2939,sydney united u20
Pro,sku amstetten,6281,sku amstetten
Pro,fc hertha wels,459941,hertha wels
Pro,fk panevezys,197434,fk panevezys
Pro,fk suduva marijampole,5343,suduva marijampole
Pro,fk banga gargzdai,35388,banga gargzdai
Youth,hannover 96 ii,5801,hannover ii
Youth,sv meppen 1912,5804,sv meppen
Pro,blau-weiss lohne,738679,tus blau-weiss lohne
Pro,sc weiche flensburg 08,36572,sc weiche flensburg 08
Pro,zfc meuselwitz,5567,zfc meuselwitz
Pro,fsv zwickau,2620,zwickau
Pro,fc eilenburg,5561,eilenburg
Youth,bremer sv 1906,24039,bremer sv
Pro,csd macara,6001,macara
Pro,villa dalmine,112509,villa dalmine
Pro,deportivo merlo,36840,deportivo merlo
Pro,ca general lamadrid,377556,general lamadrid
Pro,ca fenix pilar,112495,fenix
Pro,canuelas fc,329911,canuelas fc
Pro,deportivo muniz,340928,deportivo muniz
Pro,ca central cordoba rosario,224836,central cordoba rosario
Pro,ca villa san carlos,107199,villa san carlos
Pro,ca talleres de remedios,210418,talleres remedios
Pro,argentino de quilmes,93525,argentino quilmes
Pro,defensores de cambaceres,306572,defensores de cambaceres
Pro,ca victoriano arenas,377564,victoriano arenas
Pro,ca puerto nuevo,377562,puerto nuevo
Pro,ad berazategui,388236,berazategui
Pro,delfin sc,241468,delfin sc
Youth,atletico grau,428219,atletico grau
Pro,csd independiente del valle,39723,independiente del valle
Pro,guayaquil city fc,171976,guayaquil city
Pro,new york city fc,167510,new york city
Pro,seattle sounders,22009,seattle sounders
Pro,colorado rapids,2510,colorado rapids
Pro,fk riteriai,547277,fk riteriai
Pro,fk kauno zalgiris,80741,fk kauno zalgiris
Pro,yupanqui,377558,yupanqui
Pro,cd uai urquiza,112507,uai urquiza
Pro,deportivo camioneros,336147,deportivo camioneros
Pro,manta fc,33561,manta fc
Pro,zaglebie sosnowiec,7693,zaglebie sosnowiec
Pro,sandecja nowy sacz,36766,sandecja nowy sacz
Youth,ado den haag,2966,ado den haag
Pro,boavista sc rj,6977,boavista rj
Pro,maringa fc pr,135324,maringa
Pro,gimnasia de chivilcoy,1191759,gimnasia y esgrima de chivilcoy
Pro,america fc rn,2023,america rn
Pro,castanhal ec pa,529951,castanhal
Pro,guarani fc sp,1972,guarani
Pro,sd juazeirense ba,61724,juazeirense
Pro,capital cf df,529973,capital df
Pro,abc fc rn,21838,abc
Pro,gremio novorizontino sp,135514,novorizontino
Pro,nacional fc am,21859,nacional am
Pro,tombense fc mg,87202,tombense
Pro,oratorio rc ap,90266,oratorio
Pro,londrina ec pr,2022,londrina
Pro,sc penedense al,1021573,penedense
Pro,retro fc pe,614088,retro
Pro,uberlandia ec mg,32873,uberlandia
Pro,ec sao luiz rs,32768,sao luiz
Pro,maranhao ac ma,21858,maranhao
Pro,anapolis fc go,21872,anapolis
Pro,cianorte fc pr,21892,cianorte
Pro,sd imperatriz ma,21852,imperatriz
Pro,amazonas fc am,663997,amazonas
Pro,ceilandia ec df,35279,ceilandia
Pro,ec jacuipense ba,87166,jacuipense
Pro,sao bernardo fc,47504,sao bernardo
Pro,aguia de maraba fc pa,33998,aguia de maraba
Pro,independencia fc ac,538749,independencia
Pro,ypiranga fc rs,32766,ypiranga rs
Pro,goias ec go,1960,goias
Pro,ser caxias do sul,2000,caxias
Pro,guarany de bage fc,21966,guarany de bage
Pro,club olimpia,5997,olimpia asuncion
Pro,mixto ec mt,34005,mixto
Pro,botafogo fc pb,49196,botafogo pb
Pro,iceland,22024,iceland
Pro,ceara sc ce,2001,ceara
Pro,porto velho ec/ro,675171,porto velho
Pro,associacao portuguesa de desportos sp,21896,portuguesa
Pro,aa altos pi,273503,altos
Youth,marconi stallions,2941,marconi stallions
Pro,fc vysocina jihlava,4863,vysocina jihlava
Pro,fc liefering,7790,fc liefering
Pro,fc admira wacker modling,2050,admira wacker
Pro,sk austria klagenfurt,43254,austria klagenfurt
Pro,hobro ik,1392,hobro ik
Pro,fk usti nad labem,4868,fk usti nad labem
Pro,sk hanacka slavia kromeriz,4865,hanacka slavia kromeriz
Pro,b93 copenhagen,1298,b93 copenhagen
Pro,hvidovre if,1305,hvidovre if
Pro,lyngby bk,1756,lyngby
Pro,kolding if,22162,kolding if
Pro,chemnitzer fc,2592,chemnitzer
Youth,bfc dynamo,5861,bfc dynamo
Pro,sv drochtersen/assel,24148,sv drochtersen-assel
Pro,eintracht norderstedt,24072,eintracht norderstedt
Youth,fc emmen,2965,fc emmen
Pro,ulsan hd fc,7653,ulsan hd
Pro,gangwon fc,34220,gangwon fc
Pro,fc seoul,7646,fc seoul
Pro,gimhae fc,41260,gimhae fc 2008
Pro,ansan greeners fc,319507,ansan greeners fc
Pro,suwon bluewings,7652,suwon bluewings
Pro,seoul e-land fc,191070,seoul e-land fc
Pro,gimcheon sangmu fc,7647,gimcheon sangmu fc
Pro,fc pohang steelers,7650,pohang steelers
Youth,st george city fa,323705,st george city fa u20
Youth,warta poznan,7922,warta poznan
Youth,lks lodz ii,681381,lks lodz ii
Pro,ks hutnik krakow ssa,38719,hutnik krakow
Pro,kks 1925 kalisz,273491,kks kalisz
Pro,esbjerg fb,1287,esbjerg
Pro,ac horsens,1297,ac horsens
Youth,vfb lubeck,2560,vfb lubeck
Pro,aarhus fremad,4874,aarhus fremad
Pro,middelfart bk,22163,middelfart
Pro,1.sk prostejov,76775,sk prostejov
Pro,bfc preussen berlin,5895,bfc preussen
Pro,vsg altglienicke,74483,vsg altglienicke
Pro,fsv luckenwalde,36358,fsv 63 luckenwalde
Pro,sokol kleczew,54323,sokol kleczew
Youth,sk slavia prague b,602164,slavia prague b
Youth,sparta prague b,4866,sparta prague b
Pro,fc zbrojovka brno,2210,fc brno
Pro,fk pribram,2213,fk pribram
Youth,zaglebie sosnowiec,7693,polonia warsaw u19
Pro,cs emelec,5255,emelec
Pro,daegu fc,7644,daegu fc
Pro,hwaseong fc,202343,hwaseong fc
Pro,chungbuk cheongju fc,567083,chungbuk cheongju
Pro,suwon fc,41261,suwon fc
Pro,bucheon fc 1995,92539,bucheon fc 1995
Pro,yongin city fc,41266,yongin fc
Pro,cheonan city fc,41263,cheonan city
Pro,gyeongnam fc,22020,gyeongnam fc
Pro,jeonnam dragons,7643,jeonnam dragons
Pro,gwangju fc,48912,gwangju fc
Pro,fk viktoria zizkov,2211,viktoria zizkov
Pro,mfk chrudim,36741,mfk chrudim
Youth,kapfenberger sv,2067,sv kapfenberg
Youth,sk sturm graz ii,2103,sk sturm graz ii
Pro,fa siauliai,557322,fa siauliai
Pro,sportfreunde siegen 1899,2587,sportfreunde siegen
Youth,ssv jeddeloh ii,75853,ssv jeddeloh
Youth,blau-weiss lohne,738679,tus blau-weiss lohne
Pro,fc hertha 03 zehlendorf,164518,hertha zehlendorf
Youth,fc banik ostrava b,610536,banik ostrava b
Youth,sk dynamo ceske budejovice,2221,ceske budejovice
Pro,fc vlasim,36024,fc sellier & bellot vlasim
Pro,fc silon taborsko,24782,fc silon taborsko
Pro,fk transinvest,885005,fk transinvest
Pro,cd universidad catolica del ecuador,21942,universidad catolica del ecuador
Pro,club el porvenir,388934,el porvenir
Youth,cusco fc,63760,cusco fc
Pro,chungnam asan fc,676363,chungnam asan fc
Pro,daejeon citizen fc,7645,daejeon hana citizen
Pro,fc anyang,32675,fc anyang
Pro,busan i park,7642,busan i park
Pro,leones de rosario fc,1314460,leones de rosario
Youth,austria salzburg,43074,sv austria salzburg
Pro,independiente petrolero,498412,independiente petrolero
Pro,guabira montero,47701,guabira
Pro,montevideo city torque,174972,montevideo city torque
Pro,defensor sporting,3229,defensor sporting
Pro,academia puerto cabello,266595,academia puerto cabello
Pro,monagas sc,6233,monagas
Pro,figueirense fc sc,1985,figueirense
Pro,azuriz fc pr,683979,azuriz fc
Pro,cs gloria 2018 bistrita-nasaud,489628,cs gloria 2018 bistrita-nasaud
Youth,fsv luckenwalde,36358,fsv 63 luckenwalde
Pro,vila nova fc go,2021,vila nova
Pro,tuna luso pa,21866,tuna luso
Pro,tocantinopolis ec to,245545,tocantinopolis
Pro,nova iguacu rj,6981,nova iguacu
Pro,lagarto fc se,144856,lagarto
Pro,caracas fc,6230,caracas
Pro,metropolitanos fc,162480,metropolitanos fc
Pro,blooming santa cruz,6968,blooming
Pro,san antonio bulo bulo,846036,san antonio bulo bulo
Pro,operario ferroviario ec pr,39634,operario pr
Pro,capital fc to,674989,capital to
Pro,manaus fc am,290390,manaus
Pro,avai fc sc,7315,avai
Pro,porto vitoria es,838668,porto vitoria
Pro,rio branco ac es,49199,rio branco es
Pro,athletic club sjdr mg,547561,athletic club mg
Pro,cuiaba ec mt,49202,cuiaba
Pro,volta redonda fc rj,6982,volta redonda
Pro,manauara ec am,837176,manauara
Pro,ao itabaiana se,21853,itabaiana
Pro,america fc mg,1973,america mg
Pro,afc metalul buzau,371176,afc metalul buzau
Pro,molde fk,661,molde
Pro,bodoe/glimt,656,bodo/glimt
Pro,damac fc,220298,damac fc
Pro,budapest honved fc,1916,budapest honved
Pro,trem dc ap,21865,trem ap
Pro,fluminense ec pi,773398,fluminense pi
Pro,casertana fc,53857,casertana
Pro,us salernitana,2710,salernitana
Pro,ceramica cleopatra,758264,ceramica cleopatra
Pro,national bank of egypt sc,376278,national bank of egypt
Pro,benevento calcio,2759,benevento
Pro,calcio catania,2725,catania
Pro,audace cerignola,368732,audace cerignola
Pro,trapani calcio,43686,trapani
Pro,team altamura,368724,team altamura
Pro,calcio foggia,2803,foggia
Pro,petrojet fc,43567,petrojet
Pro,talaea el gaish,43561,talaea el geish
Pro,pyramids fc,175002,pyramids fc
Pro,al mokawloon al arab,42365,al moqawloon al arab
Pro,potenza calcio,7936,potenza
Pro,cosenza calcio,2716,cosenza
Pro,fc crotone,2718,crotone
Pro,cavese 1919,6361,cavese
Pro,aa portuguesa rj,225938,portuguesa rj
Pro,ca boston river,174970,boston river
Pro,racing club montevideo,25010,racing club de montevideo
Pro,ca juventud de las piedras,3224,juventud de las piedras
Pro,ec juventude rs,1980,juventude
Pro,santa cruz fc pe,1976,santa cruz
Pro,sousa ec pb,21864,sousa
Pro,adelaide united fc,240776,adelaide united npl
Pro,fk beograd,90894,white city fk beograd
Pro,green gully sc,92925,green gully
Pro,hume city,92927,hume city
Pro,wellington phoenix fc,7568,wellington phoenix
Pro,dandenong city sc,243494,dandenong city
Pro,caroline springs george cross fc,610642,caroline springs george cross
Youth,sutherland sharks,92214,sutherland sharks
Pro,fc osaka,223228,fc osaka
Pro,nara club,38148,nara club
Pro,dong a thanh hoa,33030,thanh hoa
Pro,fc shakhtar donetsk,3313,shakhtar donetsk
Pro,chengdu rongcheng,252167,chengdu rongcheng
Pro,port fc,40661,port fc
Pro,lamphun warriors fc,544779,lamphun warrior fc
Pro,tanjong pagar united,3038,tanjong pagar united
Pro,albirex niigata (s),34081,albirex niigata singapore
Pro,aizawl fc,238586,aizawl fc
Pro,rajasthan united,820934,rajasthan united
Pro,sariyer sk,4952,sariyer
Pro,umraniyespor,55625,umraniyespor
Pro,arema fc,47465,arema fc
Pro,bali united,64299,bali united
Pro,nk opatija,44480,opatija
Pro,nk hrvace,6670,hrvace
Pro,jamshedpur fc,379404,jamshedpur fc
Pro,inter kashi fc,1061008,inter kashi fc
Pro,fc rfs,68718,rfs
Pro,ogre united,1015457,ogre united
Pro,aek larnaca,3404,aek larnaca
Pro,akritas chlorakas,36398,akritas chlorakas
Pro,pendikspor,7032,pendikspor
Youth,skn st polten,2119,st polten
Pro,austria salzburg,43074,sv austria salzburg
Pro,skive ik,1304,skive
Pro,fc helsingoer,6392,fc helsingor
Youth,bfc preussen berlin,5895,bfc preussen
Pro,wacker burghausen,2559,wacker burghausen
Pro,vfb eichstatt,42589,vfb eichstätt
Youth,spvgg bayreuth,5050,spvgg bayreuth
Youth,bayern munich ii,2568,bayern munich ii
Pro,real murcia cf,4487,real murcia
Pro,atletico sanluqueno,77413,atletico sanluqueno
Pro,tsv 1860 munich,2536,1860 munich
Pro,sohar,99993,sohar club
Pro,academico de viseu fc,3022,academico viseu
Pro,ibri,652894,ibri club
Pro,samail sc,185588,samail
Pro,sur sc,57439,sur sc
Pro,bk fremad amager,35412,fremad amager
Pro,fc roskilde,4873,fc roskilde
Pro,fc villefranche beaujolais,32934,villefranche
Pro,valenciennes fc,5061,valenciennes
Pro,us concarneau,6917,concarneau
Pro,dijon fco,477222,dijon
Pro,fc versailles 78,39126,versailles
Pro,stade briochin,236320,stade briochin
Pro,us orleans,6921,us orleans
Pro,sm caen,1667,caen
Pro,lb chateauroux,1666,chateauroux
Youth,fc gutersloh 2000,5842,gutersloh 2000
Pro,paris 13 atletico,610054,paris 13 atletico
Pro,le puy foot 43 auvergne,181754,le puy
Pro,sc aubagne air bel,59792,aubagne air bel
Pro,fc fleury 91,83361,fc fleury 91
Pro,fc rouen,4493,rouen
Pro,kas eupen,2926,eupen
Pro,sama al sarhan sc,544603,sama al sarhan
Pro,cadiz cf,4488,cadiz
Pro,real zaragoza,2815,real zaragoza
Pro,ismaily sc,42366,ismaily sc
Pro,al ittihad al sakandary,35187,al ittihad al sakandary
Pro,wadi degla sc,43568,wadi degla
Pro,betis deportivo balompie,24358,betis deportivo
Pro,sevilla atletico,7762,sevilla atletico
Pro,fc famalicao,49531,famalicao
Pro,fc arouca,25777,fc arouca
Pro,js kabylie,42202,js kabylie
Pro,paradou ac,238138,paradou ac
Pro,mc oran,45001,mc oran
Pro,usm khenchela,300444,usm khenchela
Pro,aso chlef,42201,aso chlef
Pro,es setif,41756,es setif
Pro,us yacoub mansour,1174823,us yacoub el mansour
Pro,fus rabat,55027,fus rabat
Pro,codm meknes,55025,codm meknes
Pro,montevideo wanderers,3240,montevideo wanderers
Pro,deportivo maldonado,3234,deportivo maldonado
Pro,ec novo hamburgo rs,21983,novo hamburgo
Pro,lexington sc,980885,lexington sc
Pro,louisville city fc,206011,louisville city fc
Youth,perth redstar fc,1237385,perth redstar fc u23
Youth,olympic kingsway sc,319213,olympic kingsway u23
Youth,western knights sc,1237383,western knights u23
Youth,dianella white eagles sc u23,1329658,dianella white eagles u23
Pro,adelaide comets fc,90870,adelaide comets
Pro,campbelltown city sc,90874,campbelltown city
Pro,para hills knights sc,90886,para hills knights
Pro,west torrens birkalla,90890,west torrens birkalla
Pro,renofa yamaguchi,38146,renofa yamaguchi
Pro,sagan tosu,21904,sagan tosu
Pro,giravanz kitakyushu,40029,giravanz kitakyushu
Pro,tegevajaro miyazaki,441260,tegevajaro miyazaki
Pro,albirex niigata,5128,albirex niigata
Pro,kochi united sc,281405,kochi united
Pro,fujieda myfc,118500,fujieda myfc
Pro,jubilo iwata,3132,jubilo iwata
Pro,matsumoto yamaga fc,26011,matsumoto y fc
Pro,hokkaido consadole sapporo,3142,hokkaido consadole sapporo
Pro,iwaki fc,345090,iwaki fc
Pro,rb omiya ardija,5130,omiya ardija
Pro,vegalta sendai,3148,vegalta sendai
Pro,shonan bellmare,21905,shonan bellmare
Pro,sturt lions,222542,sturt lions
Pro,west adelaide sc,137694,west adelaide
Pro,newcastle united jets,2934,newcastle jets
Pro,western sydney wanderers,72926,western sydney wanderers
Pro,altona magic sc,151492,altona magic
Pro,st albans saints dinamo sc,163430,st albans saints
Pro,tianjin jinmen tiger,3367,tianjin jinmen tigers
Pro,chongqing tonglianglong fc,1009007,chongqing tonglianglong
Pro,shandong taishan fc,3371,shandong taishan
Pro,dandenong thunder,92923,dandenong thunder
Pro,avondale fc,189013,avondale
Pro,south melbourne fc,2944,south melbourne
Pro,bentleigh greens,92921,bentleigh greens
Youth,blacktown city fc,92204,blacktown city u20
Pro,north eastern metrostars sc,90884,metrostars
Pro,playford city,424591,playford
Pro,sydney fc,5971,sydney fc
Pro,melbourne victory,174100,melbourne victory
Pro,croydon fc,90878,croydon fc
Pro,adelaide city fc,90868,adelaide city
Pro,shanghai shenhua fc,3373,shanghai shenhua
Youth,stirling macedonia fc,92034,stirling macedonia u23
Youth,fremantle city fc,1237373,fremantle city fc u23
Pro,gokulam kerala fc,393250,gokulam fc
Pro,namdhari fc,1067806,namdhari fc
Pro,sivasspor,3076,sivasspor
Pro,tallinna fc flora,3346,fc flora tallinn
Pro,sukhothai fc,202485,sukhothai fc
Pro,rayong fc,337511,rayong fc
Pro,fc epitsentr kamianets-podilskyi,602316,epitsentr kamianets-podilskyi
Pro,kolos kovalivka,213176,kolos kovalivka
Pro,ayutthaya united fc,314323,ayutthaya united
Pro,kanchanaburi power fc,766834,kanchanaburi power
Pro,yunnan yukun,1009011,yunnan yukun
Pro,qingdao hainiu fc,34695,qingdao hainiu
Pro,shanghai port fc,41537,shanghai port
Pro,henan,34692,henan
Pro,nk sesvete,54297,nk sesvete
Pro,nk dugopolje,43918,nk dugopolje
Pro,nk bsk bijelo brdo,44476,bijelo brdo
Pro,nk rudes zagreb,35226,nk rudes
Pro,ik brage,1777,ik brage
Pro,orebro sk,1768,orebro sk
Pro,hammarby if,1758,hammarby
Pro,osters if,1781,osters if
Youth,sc weiche flensburg 08,36572,sc weiche flensburg 08
Pro,prachuap fc,321791,prachuap fc
Pro,muang thong united,39946,muang thong united
Pro,bfc daugavpils,41498,bfc daugavpils
Pro,mjallby aif,1783,mjällby aif
Pro,ifk varnamo,1842,ifk varnamo
Pro,kalmar ff,1891,kalmar ff
Pro,orgryte is,1766,orgryte is
Pro,vsk aarhus,272767,vsk aarhus
Pro,thisted fc,1403,thisted fc
Pro,lion city sailors fc,3041,lion city sailors fc
Pro,geylang international fc,3044,geylang international
Pro,podhale nowy targ,350248,podhale nowy targ
Women,england,7415,england (w)
Women,iceland,22024,iceland (w)
Pro,nakhon ratchasima fc,189992,nakhon ratchasima
Pro,buriram united,34218,buriram united
Pro,parnu jk vaprus,318005,parnu jk vaprus
Pro,paide linnameeskond,32476,paide linnameeskond
Pro,fc wurzburger kickers,23947,wurzburger kickers
Pro,tsv aubstadt,75115,tsv aubstadt
Pro,corum fk,77629,corum fk
Pro,hatayspor antakya,3091,hatayspor
Pro,bandirmaspor,44320,bandirmaspor
Pro,spvgg unterhaching,2555,unterhaching
Pro,fv illertissen,24267,fv illertissen
Youth,spvgg ansbach,2599,ansbach
Pro,fc memmingen,5871,memmingen
Pro,viktoria aschaffenburg,5791,viktoria aschaffenburg
Pro,schwaben augsburg,342944,tsv schwaben augsburg
Pro,tsv buchbach,23949,buchbach
Youth,greuther furth ii,5883,greuther furth ii
Youth,spvgg hankofen-hailing,75131,spvgg hankofen-hailing
Youth,djk vilzing,23537,djk vilzing
Youth,fc augsburg ii,70944,augsburg ii
Youth,fsv zwickau,2620,zwickau
Pro,bfc dynamo,5861,bfc dynamo
Pro,1. fc phonix lubeck,447507,phonix lubeck
Pro,fc bayern alzenau,5776,bayern alzenau
Pro,eintracht trier,2558,eintracht trier
Pro,sg sonnenhof grossaspach,5894,sg sonnenhof grossaspach
Pro,ksv hessen kassel,5781,ksv hessen kassel
Youth,tsv schott mainz,162354,tsv schott mainz
Youth,sc freiburg ii,5889,sc freiburg ii
Youth,sg barockstadt fulda-lehnerz,459543,sg barockstadt
Youth,fsv mainz ii,2571,mainz ii
Pro,stuttgarter kickers,2682,stuttgarter kickers
Pro,tsv steinbach haiger,165922,tsv steinbach
Pro,fsv frankfurt 1899,5777,fsv frankfurt
Pro,tsg balingen 1848,24272,tsg balingen
Pro,sgv freiberg,2640,sgv freiberg
Pro,fc astoria walldorf,7872,fc astoria walldorf
Pro,vendsyssel ff,1314,vendsyssel ff
Pro,brabrand if,1398,brabrand
Pro,sv sandhausen,6157,sandhausen
Pro,bahlinger sc,2584,bahlinger sc
Pro,erzgebirge aue,2566,erzgebirge aue
Pro,alemannia aachen,2546,alemannia aachen
Pro,energie cottbus,2532,cottbus
Pro,hansa rostock,2533,hansa rostock
Youth,sv wehen wiesbaden,2597,wehen sv
Youth,vfb stuttgart ii,2522,vfb stuttgart ii
Youth,tsg hoffenheim ii,5887,tsg hoffenheim ii
Youth,rot-weiss essen,2562,rot-weiss essen
Pro,1. fc schweinfurt 05,2544,schweinfurt 05
Pro,ssv ulm 1846,2580,ssv ulm 1846
Pro,ce sabadell fc,24335,sabadell
Pro,cf algeciras,4489,algeciras cf
Pro,gks jastrzebie,7911,gks jastrzebie
Pro,oks swit szczecin,432661,swit szczecin
Pro,kfum oslo,786,kfum
Pro,chanmari fc,633526,chanmari fc
Pro,sreenidi deccan fc,862153,sreenidi deccan
Pro,us albinoleffe,2732,albinoleffe
Pro,virtus verona,113761,virtus verona
Pro,ac trento,347514,trento
Pro,dolomiti bellunesi,834506,ac dolomiti bellunesi
Pro,acd ospitaletto,1158829,a.c. ospitaletto
Pro,as giana erminio,117232,giana erminio
Pro,l.r. vicenza,2722,vicenza
Pro,fc obolon kyiv,3312,obolon kyiv
Pro,fc kryvbas kriviy rih,3320,fc kryvbas kriviy rih
Pro,novara fc,2767,novara
Pro,us pergolettese crema,113757,us pergolettese
Pro,gais,1786,gais
Pro,ifk norrkoping fk,1769,ifk norrkoping
Pro,us avellino,2730,avellino
Pro,calcio padova,2741,padova
Pro,landskrona bois,1772,landskrona
Pro,sandvikens if,1844,sandvikens if
Pro,ben aknoun,133444,es ben aknoun
Pro,el bayadh,133466,mc el bayadh
Pro,es mostaganem,186100,es mostaganem
Pro,mc alger,42204,mc alger
Pro,spezia calcio,2735,spezia
Pro,ac monza,2729,monza
Pro,fc sudtirol bolzano,2760,sudtirol
Pro,virtus entella,43680,virtus entella
Pro,nk jarun zagreb,476940,nk jarun
Pro,nk croatia zmijavci,249455,nk croatia zmijavci
Pro,orijent 1919 rijeka,25539,orijent
Pro,nk dubrava zagreb,393756,nk dubrava zagreb
Pro,fk liepaja,146336,fk liepaja
Pro,riga fc,162368,riga fc
Pro,altona 93,6183,altona 93
Pro,vfb lubeck,2560,vfb lubeck
Pro,warta poznan,7922,warta poznan
Pro,olympiakos nicosia,3401,olympiakos nicosia
Pro,portadown fc,5279,portadown
Pro,jk narva trans,3343,jk trans narva
Pro,harju jk laagri,560360,harju jk laagri
Pro,ab gladsaxe,218750,ab
Pro,hik hellerup,1308,hik
Pro,fc banik ostrava b,610536,banik ostrava b
Pro,bjarg,35610,bjarg
Pro,viking fk,1164,viking fk
Pro,tenerife cd,2822,tenerife
Pro,cd lugo,24332,lugo
Pro,marbella fc,24348,marbella fc
Pro,ce europa,135672,ce europa
Youth,cd arenteiro,366802,cd arenteiro
Youth,real madrid castilla,5069,real madrid castilla
Youth,real sociedad san sebastian b,24360,real sociedad b
Youth,cd castellon,5067,cd castellon
Pro,sd huesca,24265,huesca
Pro,albacete balompie,2848,albacete balompie
Pro,moreirense fc,3014,moreirense
Pro,nacional da madeira,3013,nacional
Pro,jahn regensburg,2567,jahn regensburg
Pro,vfl 1899 osnabruck,2581,vfl osnabruck
Pro,pafos fc,171626,pafos fc
Pro,krasava eny ypsonas fc,617260,krasava eny ypsonas
Pro,venezia fc,2688,venezia
Pro,ac renate,36586,renate
Pro,ac lumezzane,2738,lumezzane
Pro,union brescia,1276628,union brescia
Pro,triestina calcio 1918,2724,triestina
Pro,pro patria busto arsizio,2746,pro patria
Pro,alcione milano,834514,alcione milano
Pro,pro vercelli 1892,2769,pro vercelli
Pro,as cittadella,2717,cittadella
Pro,hamkam,666,hamkam
Pro,sk dynamo ceske budejovice,2221,ceske budejovice
Pro,sk slavia prague b,602164,slavia prague b
Youth,sv werder bremen ii,2577,werder bremen ii
Pro,omonia aradippou,25542,omonia aradippou
Pro,ac omonia nicosia,3395,omonia nicosia
Pro,burgos cf,2854,burgos
Pro,cd mirandes,35092,mirandes
Pro,club deportivo eldense,47321,eldense
Pro,gimnastic de tarragona,2840,gimnastic
Pro,sd ponferradina,6195,ponferradina
Pro,ca osasuna b,24328,osasuna b
Pro,antequera cf,24323,antequera
Pro,ud ibiza,24368,ud ibiza
Pro,bahla club,185578,bahla
Pro,al shabab,57449,al shabab seeb
Pro,sc braga,2999,braga
Pro,sporting cp,3001,sporting
Pro,modena fc,2706,modena
Pro,cesena fc,2742,cesena
Pro,patro eisden maasmechelen,35076,patro eisden maasmechelen
Pro,lommel sk,5046,lommel
Pro,kv kortrijk,4858,kv kortrijk
Pro,olympic club de charleroi,7735,olympic charleroi
Pro,rwdm brussels,220436,rwdm brussels
Pro,shabab al ordun,40646,shabab al ordon
Pro,al salt,321509,al salt
Pro,smouha sc,43563,smouha
Pro,modern sport fc,375678,modern sport fc
Pro,ghazl el mahallah,58319,ghazl el mahallah
Pro,pharco fc,307074,pharco fc
Pro,kahrabaa ismailia,510490,kahraba ismailia
Pro,enppi club,43564,enppi
Pro,malaga cf,2830,malaga
Pro,real valladolid,2831,valladolid
Pro,cf talavera de la reina,47567,cf talavera
Pro,albion fc,417775,albion fc
Pro,estoril praia,4500,estoril
Pro,casa pia lisbon,36365,casa pia
Pro,bangu ac rj,1993,bangu
Pro,cr belouizdad,42207,cr belouizdad
Pro,mb rouissat,300448,mb rouissat
Pro,north ec mg,995369,north mg
Pro,urt mg,35278,urt
Pro,raja casablanca athletic,41757,raja casablanca
Pro,charleston battery,22004,charleston battery
Pro,pittsburgh riverhounds,23635,pittsburgh riverhounds
Pro,ca penarol montevideo,3227,penarol
Pro,danubio fc,3228,danubio
Pro,sporting jax,1232493,sporting jax
Pro,hartford athletic,538327,hartford athletic
Pro,san antonio fc,250005,san antonio fc
Pro,phoenix rising fc,154018,phoenix rising fc
Pro,auckland fc,1156423,auckland fc
Pro,perth glory fc,174104,perth glory
Pro,el paso locomotive fc,545599,el paso locomotive fc
Pro,colorado springs switchbacks fc,206017,colorado switchbacks fc
Pro,sacramento republic fc,153498,sacramento republic
Pro,fc tulsa,206015,tulsa
Pro,monterey bay fc,868669,monterey bay fc
Pro,oakland roots sc,598758,oakland roots
Youth,gold coast knights fc,771086,gold coast knights u23
Pro,orange county sc,235850,orange county sc
Pro,las vegas lights,412157,las vegas lights fc
Youth,wollongong wolves fc,2940,wollongong wolves u20
Pro,preston lions fc,364598,preston lions
Pro,oakleigh cannons,92931,oakleigh cannons
Pro,zhejiang fc,34697,zhejiang
Pro,qingdao west coast fc,754363,qingdao west coast
Pro,gimpo fc,202341,gimpo fc
Youth,fk usti nad labem,4868,fk usti nad labem
Pro,fci levadia tallinn,3342,fc levadia tallinn
Pro,fc kuressaare,7106,fc kuressaare
Pro,real aviles cf,77397,real aviles cf
Pro,zamora cf,24379,zamora cf
Pro,fc felgueiras 1932,3030,felgueiras 1932
Pro,fc vizela,5136,vizela
Pro,cd teruel,43751,teruel
Pro,villarreal cf b,24338,villarreal b
Pro,fc zorya luhansk,5987,zorya
Pro,sc poltava,586811,sc poltava
Pro,wuhan three towns fc,475928,wuhan three towns
Pro,beijing guoan,3376,beijing guoan
Pro,juventud torremolinos cf,369282,juventud torremolinos cf
Pro,ad alcorcon,24322,alcorcon
Pro,hnk cibalia vinkovci,2031,hnk cibalia
Pro,nk karlovac 1919,25528,karlovac
Youth,vis pesaro 1898,2754,vis pesaro
Pro,forli fc,2783,forli
Pro,us livorno 1915,2726,livorno
Pro,bg pathum united,35607,bg pathum united
Pro,chonburi fc,35886,chonburi
Pro,fs jelgava,36081,fs jelgava
Pro,gif sundsvall,1763,gif sundsvall
Pro,if brommapojkarna,1787,brommapojkarna
Pro,if elfsborg,1762,elfsborg
Pro,ik sirius,1793,sirius
Pro,sv waldhof mannheim 07,2680,waldhof mannheim
Pro,tsv havelse,7827,tsv havelse
Pro,ksc lokeren-temse,761290,sc lokeren-temse
Pro,sk beveren,4859,sk beveren
Pro,tartu jk tammeka,138566,jk tammeka tartu
Pro,hsc hannover,276285,hsc hannover
Pro,vfb oldenburg,7870,vfb oldenburg
Pro,ca cerro,22011,cerro
Pro,ud las palmas,6577,las palmas
Pro,ad ceuta,2869,ad ceuta
Pro,tromsdalen uil,669,tromsdalen
Pro,sk brann,1159,sk brann
Youth,eintracht norderstedt,24072,eintracht norderstedt
Pro,bremer sv 1906,24039,bremer sv
Pro,fsv schoningen 2011,915975,fsv schoningen
Pro,karpaty lviv,3316,karpaty lviv
Pro,fk kudrivka,543813,fc kudrivka
Youth,fc den bosch,2963,fc den bosch
Pro,ac carpi,834548,ac carpi
Pro,sef torres sassari,2753,torres
Pro,us pianese,117356,us pianese
Pro,asd pineto calcio,275501,asd pineto calcio
Pro,enosis neon paralimni fc,3405,enosis paralimni
Pro,aris limassol fc,3397,aris limassol
Pro,apollon limassol,3402,apollon limassol
Pro,ael limassol,3407,ael limassol
Pro,fk auda riga,5346,fk auda
Pro,sk super nova,425115,sk super nova
Pro,us catanzaro,2796,catanzaro
Pro,empoli fc,2705,empoli
Pro,frosinone calcio,2801,frosinone
Pro,sampdoria genoa,2711,sampdoria
Pro,mantova 1911,2770,mantova
Pro,juve stabia,5324,juve stabia
Pro,olympique akbou,527315,olympique akbou
Pro,js saoura,79565,js saoura
Pro,leixoes sc,3018,leixoes
Pro,ud leiria,3000,ud leiria
Pro,ifk goteborg,1761,ifk goteborg
Pro,degerfors if,1807,degerfors
Pro,ostersunds fk,1836,ostersunds fk
Pro,trelleborgs ff,1771,trelleborgs ff
Pro,apoel nikosia,3398,apoel nicosia
Pro,anorthosis famagusta,3403,anorthosis famagusta
Pro,rfc seraing,34985,rfc seraing
Pro,royal francs borains,280181,francs borains
Pro,pontevedra cf,4941,pontevedra
Pro,unionistas de salamanca cf,286017,unionistas de salamanca cf
Pro,sd tarazona,336771,sd tarazona
Pro,fc cartagena,24329,fc cartagena
Pro,bryne fk,663,bryne
Pro,rosenborg bk,1161,rosenborg
Pro,cd guadalajara,1938,chivas guadalajara
Pro,rc celta fortuna,24336,celta fortuna
Pro,fc andorra,610334,fc andorra
Pro,sporting gijon,2852,sporting gijon
Pro,maritimo madeira,3007,maritimo
Pro,fc porto b,74469,fc porto b
Pro,estrela amadora,744135,estrela amadora
Pro,gil vicente barcelos,3010,gil vicente
Pro,msv duisburg,2543,msv duisburg
Pro,1. fc saarbrucken,2554,saarbrucken
Pro,malmo ff,1892,malmo ff
Pro,fc polissya zhytomyr,350828,polissya zhytomyr
Pro,fc dynamo kyiv,3305,dynamo kyiv
Pro,carrarese calcio,2745,carrarese
Pro,palermo fc,2715,palermo
Pro,guidonia montecelio 1937 fc,281373,fc guidonia montecelio 1937
Pro,us sambenedettese,2750,sambenedettese
Pro,fredrikstad fk,687,fredrikstad
Pro,sarpsborg 08,822,sarpsborg
Pro,esenler erokspor,365676,esenler erokspor
Youth,atletico madrid b,24326,atletico madrid b
Youth,hercules de alicante cf,2877,hercules
Pro,barakaldo cf,2879,barakaldo
Pro,ourense cf,369052,ourense cf
Pro,cd leganes,2845,leganes
Pro,sd eibar,2839,eibar
Pro,racing santander,2835,racing santander
Pro,cordoba cf,2850,cordoba
Pro,lusitania fc lourosa,35174,lusitania lourosa
Pro,sporting lisbon b,74467,sporting b
Pro,sl benfica,3006,benfica
Pro,fc porto,3002,fc porto
Pro,fc ingolstadt 04,5880,fc ingolstadt
Pro,sc verl,2593,verl
Pro,delfino pescara,2728,pescara
Pro,ssc bari,2712,bari
Pro,ternana calcio,2708,ternana
Pro,as gubbio,2782,gubbio
Pro,racing club de ferrol,2843,racing ferrol
Pro,cp cacereno sad,2878,cacereno
Pro,club nacional de football,3230,nacional de football
Pro,rc deportivo de la coruna,2832,deportivo la coruna
Pro,granada cf,33779,granada
Pro,santa clara azores,3011,santa clara
Pro,vitoria sc guimaraes,3009,guimaraes
Pro,barra fc sc,291538,barra sc
Pro,usm alger,42206,usm alger
Pro,cs constantine,55393,cs constantine
Pro,rs berkane,80395,rsb berkane
Pro,central espanol fc,3232,central espanol
Pro,hougang united fc,34083,hougang united fc
Pro,balestier khalsa fc,3039,balestier khalsa fc
Pro,fc rukh lviv,277645,fc rukh lviv
Pro,fc metalist 1925 kharkiv,373230,fc metalist 1925
Pro,punjab fc,275171,punjab fc
Pro,northeast united fc,174602,northeast united
Pro,veres rivne,213180,fc veres rivne
Pro,lnz cherkasy,312744,lnz cherkasy
Pro,egersunds ik,920,egersunds
Youth,sl benfica b,74465,benfica b
Youth,cd feirense,4501,feirense
Pro,ik oddevold,1860,ik oddevold
Pro,aik,1764,aik
Pro,bk hacken,1760,bk hacken
Pro,campobasso fc,43858,campobasso
Pro,ss arezzo,2731,arezzo
Pro,ud almeria,2858,almeria
Pro,cultural leonesa,2868,cultural leonesa
Pro,ss monopoli,25137,monopoli
Pro,s.s.d. casarano calcio,43684,ssd casarano calcio
Pro,ascoli calcio 1898,2707,ascoli
Pro,ravenna fc 1913,5318,ravenna
Pro,perugia calcio spa,2698,perugia
Pro,us citta di pontedera,24745,pontedera
Pro,cd tondela,38396,tondela
Pro,rio ave fc,3036,rio ave
Pro,cerro largo fc,25009,cerro largo
Pro,liverpool montevideo,6879,liverpool montevideo
Pro,melbourne city fc,227542,melbourne city
Pro,serik belediyespor,498470,serikspor
Pro,al bataeh (uae),634516,al bataeh
Pro,al dhafra ssc,81305,al dhafra scc
Pro,orbit college fc,407263,orbit college
Pro,mamelodi sundowns,7665,mamelodi sundowns
Youth,fc liefering,7790,fc liefering
Pro,rfc liege,221182,rfc liege
Pro,bangor fc,23895,bangor
Pro,glentoran fc,5179,glentoran
Pro,loughgall fc,5276,loughgall
Pro,ards fc,5182,ards
Pro,crusaders fc,5180,crusaders
Pro,cliftonville fc,5181,cliftonville
Pro,linfield fc,5272,linfield
Pro,joinville ec sc,1987,joinville
Pro,aa ponte preta sp,1969,ponte preta
Pro,johor darul ta'zim,3327,johor darul ta'zim
Women,paris fc,6070,paris fc (w)
Pro,birmingham legion fc,538325,birmingham legion fc
Pro,sakaryaspor,3080,sakaryaspor
Pro,shabab al ahli dubai,370464,shabab al ahli dubai
Pro,orlando pirates fc,7668,orlando pirates
Pro,richards bay fc,367882,richards bay fc
Pro,khor fakkan club,290572,khor fakkan
Pro,dibba al fujairah,81309,dibba al fujairah
Pro,saham,40647,saham
Women,fc fleury,373326,fc fleury 91 (w)
Youth,lommel sk,5046,lommel
Pro,zed fc,249057,zed fc
Pro,carabobo fc,6229,carabobo
Pro,ad confianca se,2017,confianca
Pro,paysandu sc pa,1997,paysandu
Pro,mount pleasant fc,502938,mount pleasant fa
Pro,dempo sc,34217,dempo sc
Pro,al-sailiya sc,44439,al-sailiya sc
Pro,al duhail sc,44441,al duhail
Pro,sitra club,117220,sitra
Pro,al budaiya,193666,budaiya
Pro,al wakrah sc,44440,al-wakrah sc
Pro,qatar sc,25914,qatar sc doha
Pro,al gharafa sc,34312,al gharafa
Pro,al-muharraq sc,45474,al-muharraq
Pro,neom sc,529781,neom sc
Women,dallas trinity fc,1166961,dallas trinity (w)
Women,adelaide united fc,240776,adelaide united (w)
Pro,brisbane roar fc,5968,brisbane roar
Women,newcastle jets,174102,newcastle jets (w)
Women,sydney fc,5971,sydney fc (w)
Pro,wynnum wolves fc,91134,wynnum wolves
Pro,peninsula power fc,91144,peninsula power
Women,australia,7410,australia (w)
Pro,shb da nang,33121,da nang
Pro,hoang anh gia lai,33125,hoang anh gia lai
Pro,nam dinh fc,33127,nam dinh
Pro,hanoi fc,33130,ha noi fc
Pro,song lam nghe an,33129,song lam nghe an
Pro,real kashmir,275839,real kashmir fc
Youth,sku amstetten,6281,sku amstetten
Pro,stellenbosch fc,43555,stellenbosch fc
Pro,ts galaxy fc,475016,ts galaxy
Pro,sc farense,2998,sc farense
Pro,dhofar scsc,57455,dhofar
Pro,spvgg bayreuth,5050,spvgg bayreuth
Youth,fc memmingen,5871,memmingen
Youth,sporting lisbon b,74467,sporting b
Pro,stade malien de bamako,69326,stade malien de bamako
Pro,al rayyan sc,40660,al-rayyan sc
Pro,ramtha sc,54595,ramtha sc
Youth,top oss,2978,top oss
Pro,as far rabat,24394,far rabat
Women,carolina ascent,1108137,carolina ascent (w)
Women,washington spirit,151012,washington spirit (w)
Women,portland thorns fc,151008,portland thorns (w)
Pro,fc imabari,79907,fc imabari
Pro,central coast mariners,5966,central coast mariners
Pro,sc sagamihara,190658,sagamihara
Pro,montedio yamagata,21902,montedio yamagata
Youth,perth sc,1237367,perth sc u23
Pro,fc ryukyu,44528,fc ryukyu
Pro,oita trinita,5129,oita
Pro,ac nagano parceiro,79883,nagano parceiro
Pro,ventforet kofu,5762,ventforet kofu
Youth,bayswater city sc,1237375,bayswater city u23
Women,wellington phoenix,841742,wellington phoenix (w)
Pro,perth redstar fc,1237385,perth redstar fc
Pro,bayswater city,92018,bayswater city
Pro,armadale sc,1237379,armadale
Pro,wuxi wugou,793008,wuxi wugo
Pro,foshan nanshi fc,1110241,foshan nanshi
Pro,sorrento fc,1237377,sorrento fc
Pro,dianella white eagles sc,254835,dianella white eagles
Women,melbourne victory,174100,melbourne victory (w)
Women,western sydney wanderers,72926,western sydney wanderers (w)
Pro,balcatta,42505,balcatta
Pro,olympic kingsway sc,319213,olympic kingsway
Pro,western knights sc,1237383,western knights
Pro,fremantle city,319209,fremantle city fc
Pro,eastern suburbs fc,91136,eastern suburbs
Pro,lions fc,47708,lions fc
Pro,brisbane city fc,91920,brisbane city
Pro,gold coast knights,391734,gold coast knights
Pro,rochedale rovers,91146,rochedale rovers
Women,atletico madrid,2836,atletico madrid (w)
Pro,ninh binh fc,330079,ninh binh
Pro,cong an ha noi fc,196371,cong an ha noi
Pro,meizhou hakka,245357,meizhou hakka
Pro,yanbian longding,793018,yanbian longding
Pro,uthai thani fc,672413,uthai thani fc
Pro,kerala blasters fc,174598,kerala blasters
Pro,nantong zhiyun,327153,nantong zhiyun
Pro,shijiazhuang gongfu fc,793002,shijiazhuang gongfu fc
Pro,guangxi hengchen fc,1110227,guangxi hengchen
Pro,fc inter turku,2247,fc inter
Pro,ac oulu,5114,ac oulu
Pro,hjk helsinki,2242,hjk helsinki
Women,levante ud,2849,levante ud (w)
Pro,young lions fc,34082,young lions
Pro,spvgg ansbach,2599,ansbach
Pro,spvgg hankofen-hailing,75131,spvgg hankofen-hailing
Youth,vfb eichstatt,42589,vfb eichstätt
Youth,spvgg unterhaching,2555,unterhaching
Youth,fc wurzburger kickers,23947,wurzburger kickers
Pro,shillong lajong fc,58741,shillong lajong fc
Pro,diamond harbour fc,923063,diamond harbour fc
Youth,fc eilenburg,5561,eilenburg
Pro,as otoho,407289,as otoho d'oyo
Pro,rot-weiss essen,2562,rot-weiss essen
Women,werder bremen,2534,werder bremen (w)
Women,eintracht frankfurt,2674,eintracht frankfurt (w)
Pro,sg barockstadt fulda-lehnerz,459543,sg barockstadt
Pro,tsv schott mainz,162354,tsv schott mainz
Youth,stuttgarter kickers,2682,stuttgarter kickers
Pro,siwelele fc,1269648,siwelele fc
Youth,austria lustenau,2062,austria lustenau
Pro,ac bra,111883,ac bra
Pro,marumo gallants fc,367886,marumo gallants
Pro,lamontville golden arrows,7664,golden arrows
Pro,sparta prague b,4866,sparta prague b
Pro,giugliano calcio 1928,5307,giugliano
Pro,magesi fc,90844,magesi fc
Pro,chippa united fc,70946,chippa united
Pro,latina calcio,44069,us latina calcio
Pro,bengaluru fc,118670,bengaluru
Pro,fc pacos ferreira,3003,pacos ferreira
Pro,sl benfica b,74465,benfica b
Women,rb leipzig,36360,rb leipzig (w)
Pro,glenavon fc,5183,glenavon
Pro,warrenpoint town fc,43204,warrenpoint town
Pro,annagh united fc,39224,annagh united
Pro,coleraine fc,5270,coleraine
Pro,institute fc,5273,institute
Pro,queens university,39226,queens university
Pro,carrick rangers,36783,carrick rangers
Pro,dundela fc,39533,dundela
Pro,ballinamallard united,36785,ballinamallard utd
Pro,mks chojniczanka chojnice,105963,chojniczanka chojnice
Pro,kickers emden,5047,bsv kickers emden
Pro,cd arenteiro,366802,cd arenteiro
Youth,villarreal cf b,24338,villarreal b
Youth,juventud torremolinos cf,369282,juventud torremolinos cf
Pro,sv wehen wiesbaden,2597,wehen sv
Pro,sekhukhune united,760704,sekhukhune united
Pro,polokwane city,25002,polokwane city
Pro,amazulu fc,7655,amazulu
Pro,fc arzignano valchiampo,170634,arzignano valchiampo
Pro,vis pesaro 1898,2754,vis pesaro
Youth,cd lugo,24332,lugo
Women,real madrid,2829,real madrid (w)
Pro,fc alverca sad,3012,alverca
Pro,al-ahli sc manama,45471,al-ahli manama
Pro,malkiya club,45477,malkiya
Women,atletico mineiro mg,1977,atletico mineiro (w)
Pro,loudoun united fc,538329,loudoun united fc
Pro,al-fateh sc,56023,al fateh sc
Pro,miami fc,253137,miami fc
Pro,detroit city fc,437402,detroit city fc
Pro,brooklyn fc,1312976,brooklyn fc
Pro,rhode island fc,1092285,rhode island fc
Women,north carolina courage,49787,north carolina courage (w)
Women,racing louisville fc,781492,racing louisville fc (w)
Women,san diego wave fc,874723,san diego wave (w)
Women,houston dash,151006,houston dash (w)
Women,spokane zephyr fc,1166967,spokane zephyr (w)
Women,brooklyn fc,1312976,brooklyn (w)
Pro,new mexico united,545601,new mexico united
Women,melbourne city fc,227542,melbourne city (w)
Pro,olympic fc brisbane,91928,brisbane olympic fc
Pro,gold coast united fc,35845,gold coast united
Pro,shenzhen juniors fc,1110231,shenzhen juniors
Pro,shaanxi union fc,1110233,shaanxi union
Pro,macarthur fc,744369,macarthur fc
Youth,1.sk prostejov,76775,sk prostejov
Pro,fc gifu,21900,fc gifu
Pro,suzhou dongwu,164044,suzhou dongwu
Pro,dalian kun city,1110197,dalian k'un city
Youth,ca osasuna b,24328,osasuna b
Youth,athletic bilbao b,24324,athletic bilbao b
Women,rc deportivo de la coruna,2832,deportivo la coruna (w)
Women,tsg hoffenheim,2569,tsg 1899 hoffenheim (w)
Women,alhama cf,616674,alhama cf (w)
Pro,bangkok united fc,85741,bangkok united
Pro,nanjing city,754361,nanjing city
Pro,changchun yatai,34694,changchun yatai
Women,ternana,943869,ternana (w)
Youth,forli fc,2783,forli
Pro,ratchaburi fc,85743,ratchaburi fc
Women,ac milan,2692,ac milan (w)
Pro,maniema union,412619,as maniema union
Youth,fsv schoningen 2011,915975,fsv schoningen
Pro,real sociedad san sebastian b,24360,real sociedad b
Youth,fc bayern alzenau,5776,bayern alzenau
Women,fc carl zeiss jena,2614,carl zeiss jena (w)
Women,hamburger sv,2676,hamburger sv (w)
Pro,kristiansund bk,957,kristiansund bk
Pro,kaizer chiefs,7663,kaizer chiefs
Pro,durban city,1176555,durban city
Youth,fc silon taborsko,24782,fc silon taborsko
Pro,mumbai city,174600,mumbai city fc
Pro,atletico madrid b,24326,atletico madrid b
Pro,avs futebol sad,1031053,avs
Women,1 fc cologne,278255,fc cologne (w)
Women,bayern munich,2672,bayern munich (w)
Women,madrid cff,335007,madrid cff (w)
Pro,sandefjord fotball,676,sandefjord
Pro,ik start,667,ik start
Pro,asd sorrento 1945,7937,sorrento
Pro,hercules de alicante cf,2877,hercules
Women,bayer leverkusen,2681,bayer leverkusen (w)
Pro,cd feirense,4501,feirense
Pro,fc penafiel,3017,penafiel
Pro,calcio lecco 1912,7933,lecco
Pro,trinidad and tobago,5162,trinidad & tobago
Women,orlando pride,245093,orlando pride (w)
Pro,cd castellon,5067,cd castellon
Pro,esperance sportive de tunis,59628,esperance de tunis
Youth,ldu quito,5257,ldu quito u20
Youth,santiago wanderers u20,1329116,santiago wanderers u20
Women,angel city fc,874721,angel city fc (w)
Pro,bg tampines rovers,3043,tampines rovers fc
Pro,fc goa,174594,fc goa
Youth,fc porto b,74469,fc porto b
Youth,ud oliveirense,21831,ud oliveirense
Pro,scu torreense,25787,torreense
Pro,portimonense sad,3026,portimonense
Women,china pr,7413,china pr (w)
Youth,atletico madrid,2836,atletico madrid u19
Youth,club brugge,2888,club brugge u19
Women,japan,7418,japan (w)
Youth,real madrid,2829,real madrid u19
Pro,zks stal stalowa wola,7920,stal stalowa wola
Youth,mks chojniczanka chojnice,105963,chojniczanka chojnice
Youth,tsv aubstadt,75115,tsv aubstadt
Youth,altona 93,6183,altona 93
Pro,unia skierniewice,458143,unia skierniewice
Women,lexington sc,980885,lexington sc (w)
Women,uzbekistan,132956,uzbekistan (w)
Women,philippines,203115,philippines (w)
Women,chinese taipei,39990,chinese taipei (w)
Pro,sporting club delhi,643680,sporting club delhi
Pro,laredo heat sc,153488,laredo heat
Pro,kataller toyama,34035,kataller toyama
Youth,university of nsw,319451,university nsw
Pro,odisha fc,174592,odisha fc
Youth,fc admira wacker modling,2050,admira wacker
Youth,fc vlasim,36024,fc sellier & bellot vlasim
Youth,vfb oldenburg,7870,vfb oldenburg
Youth,sportfreunde siegen 1899,2587,sportfreunde siegen
Pro,larne fc,5184,larne
Women,denver summit fc,1319038,denver summit fc (w)
Pro,ca sarmiento de resistencia,65670,sarmiento de resistencia
Pro,juventud antoniana,93519,juventud antoniana
Pro,ca 9 de julio rafaela,331181,ca 9 de julio rafaela
Pro,club cipolletti,341072,cipolletti
Pro,deportivo rincon,405425,deportivo rincon
Pro,ac san martin de mendoza,4474,san martin de mendoza
Pro,ca juventud unida universitario san luis,396508,juventud unida universitario
Pro,blaublitz akita,44523,blaublitz akita
Pro,vanraure hachinohe fc,118478,vanraure hachinohe
Pro,yokohama fc,7061,yokohama fc
Pro,roasso kumamoto,21903,roasso kumamoto
Women,central coast mariners,5966,central coast mariners fc (w)
Youth,sutherland sharks fc,364626,sutherland sharks u20
Pro,moreton city excelsior fc,1098129,moreton city excelsior
Pro,stirling macedonia fc,92034,stirling macedonia
Pro,sv meppen 1912,5804,sv meppen
Youth,1. fc schweinfurt 05,2544,schweinfurt 05
Youth,zamora cf,24379,zamora cf
Youth,sv drochtersen/assel,24148,sv drochtersen-assel
Youth,as gubbio,2782,gubbio
Pro,newington fc,46523,newington fc
Pro,dungannon swifts,5271,dungannon swifts
Pro,west bromwich albion,8,west brom
Pro,limavady united fc,5274,limavady united
Pro,armagh city fc,7682,armagh city
Pro,ud oliveirense,21831,ud oliveirense
Pro,ca brown de adrogue,107201,ca brown de adrogue
Youth,sandecja nowy sacz,36766,sandecja nowy sacz
Youth,fc cartagena,24329,fc cartagena
Women,boston legacy fc,1319036,boston legacy fc (w)
Pro,botafogo fc sp,1979,botafogo sp
Women,gotham fc,34718,gotham fc (w)
Pro,indy eleven,148992,indy eleven
Pro,tampa bay rowdies,41617,tampa bay rowdies
Youth,alianza lima,2311,alianza lima
Women,bay fc,1100237,bay fc (w)
Pro,tokushima vortis,21907,tokushima vortis
Pro,zweigen kanazawa,38138,zweigen kanazawa
Pro,tochigi sc,26009,tochigi sc
Pro,tochigi city fc,245541,tochigi city
Pro,reilac shiga fc,439336,reilac shiga
Pro,magic united tfa,781806,magic united
Pro,chennaiyin fc,174590,chennaiyin fc
Youth,vfl 1899 osnabruck,2581,vfl osnabruck
Pro,az picerno,223518,az picerno asd
Pro,arenas club getxo,216196,arenas club de getxo
Pro,dubai united fc,779068,dubai united
Youth,granada cf,33779,granada
Youth,mvv maastricht,2976,maastricht
Pro,csd sol de mayo,337369,sol de mayo
Youth,sc farense,2998,sc farense
Pro,club tucuman central deportes,1319304,tucuman central
Pro,ca bartolome mitre,855135,ca bartolome mitre
Pro,criciuma ec sc,1984,criciuma
Pro,ca alvarado,397002,ca alvarado
Pro,guillermo brown,53801,guillermo brown
Pro,cd santamarina tandil,165912,santamarina tandil
Pro,villa mitre de bahia blanca,269551,club villa mitre
Pro,kimberley de mar del plata,672815,kimberley mar del plata
Pro,sportivo las parejas,348532,sportivo las parejas
Pro,independiente de chivilcoy,300078,independiente chivilcoy
Pro,escobar fc,1298359,escobar fc
Pro,cas defensores de belgrano,260593,defensores de belgrano
Pro,gimnasia y esgrima de concepcion del uruguay,93517,gimnasia cdu
Pro,sportivo general san martin formosa,269301,san martin formosa
Pro,ca huracan las heras,206435,huracan las heras
Pro,ca boca unidos corrientes,36835,boca unidos
Pro,douglas haig,76199,ca douglas haig
Pro,fc kafr qasim,238982,fc kafr qasim
Pro,maccabi herzliya,7478,maccabi herzliya
Pro,hapoel kfar saba fc,5200,hapoel kfar saba
Pro,hapoel kfar shalem fc,65204,hapoel kfar shalem
Pro,hapoel hadera fc,39525,hapoel hadera
Pro,ferroviario ac ce,32672,ferroviario
Pro,vietnam,7050,vietnam
Pro,bangladesh,6080,bangladesh
Youth,germany,22473,germany u20
Youth,czechia,4714,czechia u20
Pro,georgia,4763,georgia
Pro,israel,4480,israel
Pro,gibraltar,129264,gibraltar
Pro,latvia,4706,latvia
Pro,cyprus,4482,cyprus
Pro,belarus,4743,belarus
Pro,romania,48813,romania
Pro,malta,4483,malta
Pro,luxembourg,4478,luxembourg
Youth,hungary,6030,hungary u21
Youth,israel,4480,israel u21
Pro,denmark,4476,denmark
Pro,north macedonia,4777,north macedonia
Pro,poland,4703,poland
Pro,albania,4690,albania
Pro,slovakia,4697,slovakia
Pro,kosovo,154426,kosovo
Pro,wales,4702,wales
Pro,ireland,4693,rep of ireland
Pro,czechia,4714,czechia
Pro,italy,4707,italy
Pro,northern ireland,4786,northern ireland
Pro,ukraine,4701,ukraine
Pro,sweden,4688,sweden
Pro,brazil,4748,brazil
Pro,france,32485,france
Pro,suriname,21822,suriname
Pro,chile,4754,chile
Pro,cape verde,4753,cape verde
Pro,new caledonia,8045,new caledonia
Pro,jamaica,4769,jamaica
Pro,new zealand,4784,new zealand
Pro,finland,4712,finland
Pro,china pr,7413,china
Pro,curacao,55827,curacao
Pro,venezuela,4722,venezuela
Pro,hapoel afula fc,39521,hapoel afula
Pro,bnei yehuda tel aviv fc,5203,bnei yehuda tel aviv
Pro,hapoel nof hagalil fc,5393,hapoel nof hagalil
Pro,maccabi kabilio jaffa,39526,maccabi kabilio jaffa
Pro,chad,8039,chad
Pro,burundi,4750,burundi
Pro,somalia,23472,somalia
Pro,mauritius,4780,mauritius
Pro,uzbekistan,132956,uzbekistan
Pro,gabon,4761,gabon
Youth,romania,48813,romania u20
Youth,poland,4703,poland u20
Pro,kenya,4773,kenya
Pro,estonia,4759,estonia
Pro,sao tome and principe,33813,sao tome e principe
Pro,ethiopia,8036,ethiopia
Pro,south africa,4736,south africa
Pro,panama,5164,panama
Youth,norway,6044,norway u21
Youth,netherlands,4705,netherlands u21
Youth,portugal,22708,portugal u20
Youth,switzerland,4699,switzerland u20
Pro,austria,4718,austria
Pro,ghana,4764,ghana
Pro,montenegro,7139,montenegro
Pro,andorra,4818,andorra
Pro,saudi arabia,4834,saudi arabia
Pro,egypt,4758,egypt
Pro,landvetter is,342144,landvetter is
Pro,lindome gif,5949,lindome gif
Pro,ik kongahalla,1846,ik kongahälla
Pro,if boljan falkenberg,1225617,if boljan
Pro,greece,4710,greece
Pro,paraguay,603278,paraguay
Pro,raagsveds if,35643,ragsveds if
Pro,nacka fc,695025,nacka fc
Pro,algeria,4691,algeria
Pro,guatemala,5163,guatemala
Pro,norway,6044,norway
Pro,england,7415,england
Pro,uruguay,60270,uruguay
Pro,switzerland,4699,switzerland
Pro,germany,22473,germany
Pro,spain,4698,spain
Pro,serbia,6355,serbia
Pro,morocco,4778,morocco
Pro,ecuador,182526,ecuador
Pro,ca sol de america de formosa,330655,sol de america de formosa
Pro,namibia,4832,namibia
Pro,comoros,23494,comoros
Pro,san marino,4833,san marino
Pro,faroe islands,4760,faroe islands
Pro,senegal,4739,senegal
Pro,peru,4790,peru
Pro,scotland,4695,scotland
Pro,japan,7418,japan
Pro,hungary,6030,hungary
Pro,slovenia,4484,slovenia
Youth,de graafschap,2949,de graafschap
Pro,usa,4724,usa
Pro,belgium,4717,belgium
Pro,portugal,22708,portugal
Youth,antequera cf,24323,antequera
Pro,lithuania,4776,lithuania
Youth,ce sabadell fc,24335,sabadell
Pro,vikingur reykjavik,1908,vikingur reykjavik
Pro,if vestri,256267,if vestri
Pro,armenia,4740,armenia
Youth,rc deportivo fabril,24342,deportivo fabril
Youth,atletico astorga fc,167154,atletico astorga
Pro,colombia,4820,colombia
Pro,dominican republic,21813,dominican republic
Pro,cuba,4824,cuba
Pro,indonesia,4829,indonesia
Pro,bulgaria,4716,bulgaria
Pro,ironi modiin,388096,ironi modiin
Pro,hapoel acre fc,7380,hapoel acre
Pro,hapoel rishon lezion fc,5394,hapoel rishon lezion
Pro,azerbaijan,4742,azerbaijan
Pro,sierra leone,4737,sierra leone
Pro,moldova,4782,moldova
Youth,belgium,4717,belgium u21
Pro,cameroon,4751,cameroon
Pro,australia,7410,australia
Youth,china,49032,china u23
Youth,vietnam,7050,vietnam u23
Pro,thailand,4730,thailand
Pro,turkmenistan,4728,turkmenistan
Pro,tajikistan,23488,tajikistan
Pro,philippines,203115,philippines
Pro,haiti,7229,haiti
Pro,jordan,4771,jordan
Pro,nigeria,4785,nigeria
Pro,honduras,4827,honduras
Pro,ivory coast,4768,ivory coast
Pro,burkina faso,4749,burkina faso
Pro,guinea-bissau,23478,guinea-bissau
Pro,gambia,4762,gambia
Pro,congo dr,4823,dr congo
Pro,virginia dream fc,998547,virginia dream
Pro,union omaha sc,668761,union omaha
Pro,asheville city sc,559142,asheville city sc
Pro,one knoxville sc,874807,one knoxville sc
Pro,fc naples,1218557,fc naples
Pro,fc america cfl spurs,1111475,fc america spurs
Pro,charlotte independence,206009,charlotte independence
Pro,croatia,4715,croatia
Pro,valley 559 fc,1134171,valley 559 fc
Pro,iraq,4767,iraq
Pro,chattanooga fc,153486,chattanooga fc
Pro,tennessee tempo fc,988005,tennessee tempo fc
Pro,richmond kickers,23841,richmond kickers
Pro,vermont green fc,874799,vermont green
Pro,westchester sc,1218563,westchester sc
Pro,flint city bucks,575815,flint city bucks
Pro,spokane velocity fc,1092287,spokane velocity fc
Pro,fc jazz,35395,fc jazz
Pro,al-najma manama,45475,al-najma manama
Pro,torslanda ik,1790,torslanda ik
Pro,dalstorps if,68856,dalstorp if
Youth,sd eibar,2839,eibar
Pro,fittja if,693257,fittja if
Pro,fc arlanda,342150,fc arlanda
Pro,vasalunds if,5950,vasalunds if
Pro,angelholms ff,1788,ängelholms ff
Pro,ariana fc,870811,ariana fc malmo
Pro,kristianstad fc,1830,kristianstad fc
Pro,onsala bk,49956,onsala bk
Pro,qviding fif,1815,qviding fif
Pro,hestrafors if,475738,hestrafors if
Pro,galtabacks bk,1321832,galtabäcks bk
Pro,torns if,62560,torns if
Pro,lilla torg ff,22309,lilla torg ff
Pro,solvesborgs gif,7098,sölvesborgs goif
Pro,ik tord,1828,ik tord
Pro,vanersborgs if,102047,vänersborgs if
Pro,ifk kumla,22287,ifk kumla
Pro,grebbestads if,135668,grebbestads if
Pro,herrestads aif,210386,herrestads aif
Pro,husqvarna ff,1820,husqvarna ff
Pro,ahlafors if,7066,ahlafors if
Pro,lidkopings fk,1823,lidköpings fk
Pro,ifk skovde fk,191150,ifk skövde fk
Pro,ik franke,230570,ik franke
Pro,maccabi petah tikva fc,5333,maccabi petach tikva
Pro,ifk karlshamn,342164,ifk karlshamn
Pro,osterlen ff,193068,osterlen ff
Pro,hapoel ramat gan givatayim fc,7385,hapoel ramat gan
Pro,nosaby if,22316,nosaby
Pro,fbk karlstad,22236,fbk karlstad
Pro,gefle if,1778,gefle if
Pro,mohammedan sc,118660,mohammedan sc
Pro,utsiktens bk,7536,utsiktens bk
Pro,bk olympic,47812,bk olympic
Pro,fc trollhattan,1791,fc trollhättan
Pro,hassleholms if,22274,hässleholms if
Pro,pk-35 helsinki,50525,pk-35
Pro,al hidd,45472,al hidd
Pro,club bolivar,7059,bolivar
Pro,cdt real oruro,922485,real oruro
Youth,rc celta fortuna,24336,celta fortuna
Pro,ca nacional potosi,47700,nacional potosi
Pro,ningbo professional fc,252173,ningbo professional fc
Youth,fc penafiel,3017,penafiel
Pro,ifk stocksund,327273,ifk stocksund
Pro,salpa,22394,salpa
Pro,pk keski-uusimaa,22393,pk keski-uusimaa
Pro,kpv kokkola,2256,kpv
Pro,eskilsminne if,62558,eskilsminne if
Pro,laholms fk,1816,laholms fk
Pro,fc rosengaard 1917,7095,fc rosengård 1917
Pro,lunds bk,1829,lunds bk
Youth,erzgebirge aue,2566,erzgebirge aue
Youth,eintracht trier,2558,eintracht trier
Youth,tsg balingen 1848,24272,tsg balingen
Youth,fk pribram,2213,fk pribram
Pro,afc eskilstuna,5954,afc eskilstuna
Pro,sollentuna fk,21882,sollentuna fk
Pro,karlbergs bk,22238,karlbergs bk
Pro,ff jaro,2252,ff jaro
Pro,fc lahti,2249,lahti
Pro,tpv tampere,2269,tpv
Pro,vjs,283741,vjs vantaa
Youth,jahn regensburg,2567,jahn regensburg
Youth,perugia calcio spa,2698,perugia
Pro,forge fc hamilton,543879,forge fc
Pro,atletico ottawa,684069,atletico ottawa
Pro,if gnistan,2271,if gnistan
Youth,cf talavera de la reina,47567,cf talavera
Pro,hapoel jerusalem fc,86406,hapoel jerusalem fc
Pro,hapoel ironi kiryat shmona fc,5399,hapoel ironi kiryat shmona
Pro,bnei sakhnin fc,5392,bnei sakhnin
Pro,beitar jerusalem fc,5204,beitar jerusalem
Pro,ironi tiberias,61702,ironi tiberias
Pro,always ready,378096,always ready
Pro,cd real tomayapo,613958,real tomayapo
Pro,brusque fc sc,21884,brusque
Pro,real potosi,7060,real potosi
Pro,club aurora,33714,club aurora
Pro,ferroviaria araraquara sp,35285,ferroviaria
Pro,vancouver fc,986603,vancouver fc
Pro,hfx wanderers fc,543881,hfx wanderers fc
Pro,oriente petrolero,33820,oriente petrolero
Pro,narpes kraft,2296,narpes kraft
Pro,fc vaajakoski,23531,fc vaajakoski
Pro,ppj helsinki,193664,ppj
Pro,pepo lappeenranta,2275,pepo
Pro,hifk,142654,hifk
Pro,union plaani,728541,union plaani
Pro,valur reykjavik,1899,valur reykjavik
Pro,ibv vestmannaeyjar,1895,ibv vestmannaeyjar
Pro,fc lasten,1007067,fc lasten
Pro,fc haka valkeakoski,2240,fc haka
Pro,ranheim,708,ranheim
Pro,raufoss il,668,raufoss
Pro,jonsereds if,7089,jonsereds if
Pro,ifk trelleborg,22289,ifk trelleborg
Pro,djk vilzing,23537,djk vilzing
Pro,staffanstorp united,1300016,staffanstorp united
Pro,vanersborgs fk,157254,vanersborgs fk
Pro,ka akureyri,1904,ka akureyri
Pro,breidablik kopavogur,1901,breidablik
Pro,ia akranes,1898,ia akranes
Pro,fram reykjavik,1893,fram reykjavik
Pro,keflavik if,1900,keflavik
Youth,racing santander,2835,racing santander
Pro,kagoshima united,162632,kagoshima united
Pro,kamatamare sanuki,38157,kamatamare sanuki
Youth,marconi stallions fc,264413,marconi stallions u20
Youth,nws spirit fc,264417,nws spirit fc u20
Pro,sk traeff,689,sk traeff
Pro,sotra sk,94839,sotra
Pro,kvik halden fk,700,kvik halden fk
Pro,varbergs bois,7101,varbergs bois fc
Pro,nordic united fc,781030,nordic united fc
Pro,ifk luleaa,1852,ifk lulea
Pro,karlslunds if hfk,1867,karlslunds if fk
Pro,nykopings bis,1801,nykopings bis
Pro,smedby ais,7096,smedby ais
Pro,falu bs fk,5948,falu bs fk
Pro,foc farsta,22263,foc farsta
Pro,enskede ik,5290,enskede ik
Pro,fc gute,1795,fc gute
Pro,skeid fotball,679,skeid
Pro,follo,855,follo
Pro,grorud il,7320,grorud
Pro,ullensaker/kisa,692,ullensaker/kisa
Pro,lysekloster,199925,lysekloster
Youth,msv duisburg,2543,msv duisburg
Youth,ksv hessen kassel,5781,ksv hessen kassel
Youth,vsg altglienicke,74483,vsg altglienicke
Pro,kongsvinger il toppfotball,672,kongsvinger
Pro,moss fk,662,moss
Pro,fk haugesund,673,haugesund
Pro,sogndal fotball,665,sogndal
Youth,sk austria klagenfurt,43254,austria klagenfurt
Pro,olimpia grudziadz,37179,olimpia grudziadz
Pro,jippo,2263,jippo
Pro,fc ktp kotka,2255,ktp
Women,denmark,4476,denmark (w)
Women,italy,4707,italy (w)
Pro,fk vidar,709,vidar
Pro,il sandviken,7472,sandviken
Pro,pors grenland,729,pors grenland
Pro,fk jerv,862,fk jerv
Pro,arendal fk,755,arendal
Pro,notodden fk,833,notodden
Women,spain,4698,spain (w)
Women,ukraine,4701,ukraine (w)
Youth,hsc hannover,276285,hsc hannover
Pro,js hercules,200267,js hercules
Pro,gbk kokkola,2295,gbk
Pro,p-iirot,5117,p-iirot
Pro,hps,49530,hps
Pro,fc stockholm internazionale,258613,fc stockholm internazionale
Pro,if karlstad fotbol,732797,if karlstad
Pro,kups akatemia,879079,kups akatemia
Pro,jonkopings sodra if,1841,jonkopings sodra
Youth,bsg chemie leipzig,270785,bsg chemie leipzig
Pro,ljungskile sk,1824,ljungskile sk
Pro,syrianska fc,5951,syrianska fc
Pro,orebro syrianska if,22370,örebro syrianska if
Pro,ifk mariehamn,5058,ifk mariehamn
Pro,maccabi netanya fc,5395,maccabi netanya
Pro,ms ashdod,5391,ms ashdod
Pro,hapoel haifa fc,5201,hapoel haifa
Pro,pacific fc,543883,pacific fc
Pro,america fc rj,6976,america rj
Youth,us pianese,117356,us pianese
Pro,blumenau ec sc,434706,blumenau
Women,zambia,378458,zambia (w)
Pro,aa aparecidense go,32794,aparecidense
Pro,luverdense ec mt,40161,luverdense
Pro,inhumas ec go,511102,inhumas
Pro,brasiliense fc df,2024,brasiliense
Pro,iguatu ce,401927,iguatu
Pro,pouso alegre mg,673707,pouso alegre
Pro,ec agua santa sp,135510,agua santa
Pro,vitoria fc es,35280,vitoria es
Women,france,32485,france (w)
Women,netherlands,4705,netherlands (w)
Pro,decisao pe,617186,decisao
Pro,marica fc rj,342210,marica
Pro,cavalry fc,543877,cavalry fc
Pro,sampaio correa fc ma,2005,sampaio correa
Pro,moto club ma,2009,moto club
Pro,ituano fc sp,2025,ituano
Pro,ec noroeste sp,6962,noroeste
Youth,comerciantes unidos,241860,comerciantes unidos
Pro,ec xv de novembro piracicaba sp,61692,xv piracicaba
Women,uruguay,60270,uruguay (w)
Women,chile,4754,chile (w)
Women,ecuador,182526,ecuador (w)
Women,peru,4790,peru (w)
Pro,parnahyba sc pi,35282,parnahyba
Pro,cn marcilio dias sc,21978,marcilio dias
Pro,ec sao jose rs,32767,sao jose rs
Women,argentina,7409,argentina (w)
Women,colombia,4820,colombia (w)
Women,brazil,4748,brazil (w)
Women,canada,7412,canada (w)
Pro,gainare tottori,38141,gainare tottori
Youth,sydney olympic fc,2938,sydney olympic u20
Youth,unia skierniewice,458143,unia skierniewice
Youth,racing club de ferrol,2843,racing ferrol
Youth,podhale nowy targ,350248,podhale nowy targ
Pro,ppj/lauttasaari,1124271,ppj/lauttasaari
Pro,toolon taisto,194966,töölön taisto
Pro,norrby if,1849,norrby if
Pro,falkenbergs ff,1812,falkenbergs ff
Pro,rana fk,558170,rana fk
Pro,levanger fk,866,levanger
Pro,if eker orebro,22276,if eker örebro
Pro,lindo ff,21874,lindo ff
Pro,astorps ff,22367,astorps ff
Pro,kungsangens if,539791,kungsängens if
Pro,viggbyholms ik ff,956875,viggbyholms ik
Pro,bk astrio,210372,bk astrio
Pro,skiljebo sk,1856,skiljebo sk
Pro,ifk lidingo fk,1870,ifk lidingo
Pro,motala aif fk,1784,motala aif fk
Pro,ik junkeren,94841,junkeren
Pro,trygg/lade,250563,trygg/lade
Pro,fk karlskrona,87692,fk karlskrona
Pro,the cong - viettel fc,40019,viettel fc
Pro,eidsvold tf,694,eidsvold tf
Pro,tp-47,2280,tp-47
Pro,lahden reipas,66870,reipas
Pro,fc kiffen,35393,kiffen
Pro,skara fc,22341,skara
Pro,kapa kapylan pallo,2273,kapa
Pro,umea fc,1774,umea fc
Pro,huima/urho,22383,huima/urho
Youth,kickers emden,5047,bsv kickers emden
Pro,merida ad,24351,merida
Pro,ik sleipner,1800,ik sleipner
Pro,bk forward,1809,bk forward
Pro,fadep,855165,fadep mendoza
Pro,aatvidabergs ff,1789,atvidabergs ff
Pro,sjk akatemia,89908,sjk akatemia
Pro,odds bk,659,odd bk
Pro,stabaek if,1162,stabaek
Pro,maccabi haifa fc,5197,maccabi haifa
Pro,maccabi tel aviv fc,5198,maccabi tel aviv
Pro,fc supra du quebec,1319810,supra du quebec
Pro,goiatuba ec go,646902,goiatuba
Pro,if sao joseense pr,565594,sao joseense
Pro,real noroeste es,65494,real noroeste
Pro,central sc pe,21844,central pe
Pro,treze fc pb,2018,treze
Pro,cs sergipe se,2016,sergipe
Pro,operario fc ms,317965,operario ms
Pro,abecat ouvidorense go,1052105,abecat ouvidorense
Pro,sao raimundo ec rr,90278,sao raimundo rr
Pro,inter toronto fc,543891,inter toronto
Pro,lyn 1896 fk,657,lyn 1896
Pro,sandnes ulf,929,sandnes ulf
Youth,leixoes sc,3018,leixoes
Youth,fc felgueiras 1932,3030,felgueiras 1932
Pro,floresta ec ce,401925,floresta
Pro,japs,23422,japs
Pro,fc universitario de vinto,378092,universitario de vinto
Pro,gv club deportivo san jose de oruro,1015661,gv san jose
Youth,1. fc phonix lubeck,447507,phonix lubeck
Pro,renaissance zemamra,368674,renaissance zemamra
Pro,fortaleza ec ce,2020,fortaleza
Pro,kr reykjavik,1902,kr reykjavik
Pro,thor akureyri,1903,thor akureyri
Pro,fh hafnarfjordur,1894,fh hafnarfjordur
Pro,stjarnan gardabae,1912,stjarnan
Pro,ad fafe,45146,ad fafe
Pro,the strongest,32529,the strongest
Pro,fc honka,2260,fc honka
Youth,viktoria aschaffenburg,5791,viktoria aschaffenburg
Youth,tsv buchbach,23949,buchbach
Pro,ifk berga,34708,ifk berga
Pro,oskarshamns aik,22320,oskarshamns aik
Youth,betis deportivo balompie,24358,betis deportivo
Youth,fc dordrecht,2973,fc dordrecht
Pro,fylkir reykjavik,1896,fylkir
Pro,kf aegir,70092,aegir
Pro,afturelding,1914,afturelding
Pro,ir reykjavik,1907,ir reykjavik
Pro,linero if,688525,linero if
Pro,stenungsunds if,22347,stenungsunds if
Youth,fc astoria walldorf,7872,fc astoria walldorf
Youth,sgv freiberg,2640,sgv freiberg
Youth,fc ingolstadt 04,5880,fc ingolstadt
Pro,jjk jyvaskyla,7298,jjk
Pro,throttur reykjavik,1910,throttur reykjavik
Pro,umf njardvik,431251,njardvik
Pro,umf grindavik,1897,grindavik
Pro,hjs,330431,hjs
Pro,atlantis fc,5119,atlantis
Youth,ud ibiza,24368,ud ibiza
Pro,volsungur,5372,volsungur
Pro,leiknir reykjavik,36057,leiknir reykjavik
Pro,hk kopavogur,7121,hk kopavogur
Pro,grotta,41099,grotta seltjarnarnes
Pro,ca temperley,112499,temperley
Pro,kawkab athletic club of marrakech,47696,kawkab marrakech
Youth,sport boys association,2312,sport boys
Pro,ehime fc,8060,ehime fc
Youth,fc zbrojovka brno,2210,fc brno
Youth,sfc opava,2215,opava
Pro,ifk haninge,82443,ifk haninge
Youth,fc carl zeiss jena,2614,carl zeiss jena
Youth,hallescher fc,2582,hallescher fc
Youth,fc vysocina jihlava,4863,vysocina jihlava
Pro,athletic bilbao b,24324,athletic bilbao b
Youth,maritimo madeira,3007,maritimo
Youth,tsv havelse,7827,tsv havelse
Pro,olympique dcheira,220518,olympique dcheira
Pro,sc humaita ac,463359,humaita
Pro,gd chaves,3025,chaves
Pro,nautico pe,2011,nautico
Pro,jps,41812,jps
Pro,fc jokerit helsinki,2245,fc jokerit
Pro,ucv fc,324069,ucv
Pro,fc ylivieska,893613,fc ylivieska
Pro,masku,35320,masku
Youth,fv illertissen,24267,fv illertissen
Pro,deportivo la guaira,36437,deportivo la guaira
Pro,bodens bk ff,1839,bodens bk
Pro,storfors aik,572993,storfors aik
Pro,al ittihad ahli of aleppo,40652,al ittihad aleppo
Pro,homs al-fidaa sc,388276,homs al fidaa sc
Youth,sokol kleczew,54323,sokol kleczew
Pro,taby fk,274873,taby fk
Youth,unionistas de salamanca cf,286017,unionistas de salamanca cf
Women,cf tigres uanl,334075,tigres uanl (w)
Pro,bollstanas sk,35625,bollstanäs sk
Youth,ourense cf,369052,ourense cf
Youth,burgos cf,2854,burgos
Youth,universitario de deportes,2305,universitario de deportes
Pro,lucksta if,567163,lucksta if
Pro,kubikenborgs if,5983,kubikenborgs if
Pro,taliya sc,186006,al taliya sc
Pro,pen-y-bont fc,115185,penybont
Pro,cardiff metropolitan university fc,167106,cardiff met uni
Pro,manchester city,17,man city
Pro,fc st. pauli,2526,st pauli
Pro,lausanne-sport,2446,lausanne sports
Pro,borussia monchengladbach,2527,borussia m'gladbach
Pro,sporting fc,313515,sporting san jose
Pro,cf america,1939,club america
Pro,igdir fk,3088,76 igdir belediyespor
Pro,acs champions fc arges,116221,fc arges pitesti
Pro,sc cambuur,2970,cambuur leeuwarden
Pro,paris saint-germain,1644,psg
Women,cf pachuca,1936,pachuca (w)
Women,atlas fc,376766,atlas (w)
Women,club tijuana de caliente,334053,tijuana (w)
Pro,fortaleza fc,89368,fortaleza ceif
Women,club leon,376764,leon (w)
Pro,1 fc nuremberg,2523,nurnberg
Pro,manchester united,35,man utd
Pro,ae kifisia fc,120224,ae kifisias
Pro,hamburger sv,2676,hamburg
Pro,sheffield wednesday,12,sheff wed
Pro,oxford united,95,oxford utd
Pro,sheffield united,15,sheff utd
Pro,cambridge united,63,cambridge utd
Pro,maidstone united fc,26003,maidstone utd
Pro,maidenhead united fc,166,maidenhead utd
Pro,dagenham and redbridge fc,121,dag & red
Pro,sv zulte waregem,2933,zulte-waregem
Pro,sutton united,6339,sutton utd
Pro,boston united fc,124,boston utd
Pro,fc luzern,2453,lucerne
Women,club puebla,1941,puebla (w)
Women,deportivo toluca fc,1931,toluca (w)
Pro,nottingham forest,14,nottm forest
Pro,hertha bsc,2528,hertha berlin
Pro,union saint-gilloise,4860,union saint gilloise
Pro,as saint-etienne,1678,st etienne
Women,club necaxa,1944,necaxa (w)
Women,queretaro fc,1951,queretaro (w)
Women,cf monterrey,334061,monterrey (w)
Pro,ca bucaramanga,6103,atletico bucaramanga
Pro,aris thessaloniki,3252,aris salonika
Pro,deportivo alaves,2885,cd alaves
Pro,grasshopper club zurich,2449,grasshoppers
Pro,stade rennais fc,1658,rennes
Pro,paok thessaloniki,3251,paok salonika
Women,cd guadalajara,1938,chivas guadalajara (w)
Women,club santos laguna,1948,santos laguna (w)
Pro,st. truidense vv,2895,sint-truidense
Pro,oud-heverlee leuven,2918,oh leuven
Pro,fc dinamo bucuresti 1948,3292,dinamo bucharest
Pro,ad pasto,6113,deportivo pasto
Pro,cd tolima,6111,deportes tolima
Pro,panaitolikos agrinio,7004,panetolikos
Pro,volos nps,373128,volos nfc
Pro,nancy-lorraine,1675,nancy
Pro,estudiantes de la plata,3206,estudiantes lp
Pro,inverness caledonian thistle fc,2362,inverness ct
Pro,argentinos juniors,3216,argentinos jrs
Pro,ca central cordoba se,65676,central cordoba sde
Pro,jong fc utrecht,53067,fc utrecht reserves
Women,everton fc,36704,everton (w)
Women,brighton and hove albion wfc,372788,brighton (w)
Pro,recoleta fc,463345,deportivo recoleta
Pro,atletico tucuman,36833,atlético tucumán
Women,chelsea fc,38,chelsea (w)
Women,arsenal wfc,26243,arsenal (w)
Youth,borussia monchengladbach ii,5811,borussia m'gladbach ii
Youth,rw oberhausen,2552,rot-weiss oberhausen
Pro,queens park fc,2379,queen's park
Pro,weston-super-mare,6341,weston super mare
Pro,puskas akademia fc felcsut,25596,puskas academy
Pro,gimnasia y esgrima la plata,3205,gimnasia lp
Women,aston villa wfc,372786,aston villa (w)
Women,manchester united wfc,494374,man utd (w)
Women,manchester city wfc,142658,man city (w)
Women,liverpool lfc,66774,liverpool (w)
Women,tottenham hotspur fc,301890,tottenham (w)
Women,leicester city wfc,438552,leicester (w)
Women,west ham united fc,499630,west ham (w)
Pro,yverdon-sport,2460,yverdon sport fc
Pro,fc st. gallen 1879,2442,st gallen
Pro,ferencvarosi budapest,1925,ferencvarosi tc
Pro,ca paranaense pr,1967,athletico paranaense
Pro,blau-weiss linz,2113,fc blau weiss linz
Pro,st. johnstone fc,2348,st johnstone
Pro,fk imt novi beograd,425691,imt novi belgrade
Pro,mura murska sobota,2410,ns mura
Pro,colo-colo,3155,colo colo
Pro,bravo ljubljana,362744,nk bravo
Pro,sk rapid,2055,rapid vienna
Pro,dukla prague,7739,dukla praha
Pro,los chankas cyc,330537,cd los chankas
Pro,asociacion deportiva tarma,655781,ad tarma
Youth,jong ajax amsterdam,46160,ajax reserves
Pro,cd moquegua,1084092,deportivo moquegua
Pro,cd everton vina del mar,5032,everton de vina
Pro,cd o´higgins,3163,o'higgins
Pro,primorje ajdovscina,2414,nd primorje
Pro,dundee united,2349,dundee utd
Pro,cd argentino monte maiz,854829,cda monte maiz
Pro,cd maipu,240854,deportivo maipu
Pro,manly united fc,92208,manly utd
Pro,fc cska 1948,288687,cska 1948 sofia
Pro,jong ajax amsterdam,46160,ajax reserves
Pro,fk austria wien,2203,fk austria vienna
Pro,jef united chiba,3144,jef utd chiba
Pro,apia leichhardt,92202,apia l tigers
Pro,rw oberhausen,2552,rot-weiss oberhausen
Pro,fk kosice,168476,fc kosice
Pro,mks znicz pruszkow,7923,znicz pruszków
Pro,pfc dobrudzha dobrich,5242,dobrudzha 1919 dobrich
Pro,saint patrick´s athletic fc,3169,st patrick's athletic
Pro,broendby if,1281,brondby
Pro,odense boldklub,1286,odense bk
Pro,cs belgrano,65664,sportivo belgrano
Pro,deportivo moron,93109,cd moron
Pro,mitre santiago del estero,313625,club atletico mitre
Pro,san martin de san juan,7772,san martin sj
Pro,club laguna saf,951925,laguna rn
Pro,cf atletas do tirol ce,845622,cefat tirol
Pro,guapore  ro,675181,guaporé ro
Youth,podbeskidzie bielsko-biała,7919,podbeskidzie bielsko biala
Pro,saint louis city sc,874725,st. louis city sc
Pro,cs barracas,165916,sportivo barracas
Pro,asd justo jose de urquiza,211856,jj urquiza
Pro,cscd laferrere,273669,deportivo laferrere
Pro,barcelona sc,5250,barcelona guayaquil
Pro,atlanta united fc,305920,atlanta utd
Pro,cs italiano,36843,sportivo italiano
Pro,new york red bulls,2506,ny red bulls
Pro,minnesota united fc,41618,minnesota utd
Pro,los angeles fc,402227,lafc
Pro,fc hegelmann kaunas,171484,hegelmann litauen
Pro,1. fc lokomotive leipzig,24093,fc lok leipzig
Youth,hamburger sv ii,2531,hamburg ii
Pro,leones futbol club,671275,leones fc
Pro,csd liniers,196432,deportivo liniers
Pro,csd san martin,388242,san martin de burzaco
Pro,club estrella del sur (alejandro korn),1074128,estrella del sur alejandro korn
Pro,cdm leandro n. alem,337371,club leandro n. alem
Pro,cd cuenca,5251,deportivo cuenca
Pro,los angeles galaxy,2513,la galaxy
Pro,csdc espanol,165914,deportivo español
Pro,libertad loja,838486,libertad fc
Pro,gremio atletico sampaio rr,426351,gas
Pro,ac goianiense go,7314,atletico go
Pro,alagoinhas ac ba,525349,atletico alagoinhas
Pro,ce operario varzea-grandense mt,35276,operario vg
Pro,schwarz-weiss bregenz,7786,sw bregenz
Pro,hb koege,36095,hb køge
Pro,aalborg bk,1290,aab
Pro,hillerod fodbold,1371,hillerød
Pro,sv babelsberg,2549,babelsberg 03
Youth,hertha bsc ii,2626,hertha berlin ii
Pro,incheon united fc,7648,incheon utd
Pro,rekord bielsko biala,240366,rekord bielsko-biala
Pro,jeonbuk fc,6908,jeonbuk motors
Pro,jeju sk fc,7649,jeju united
Youth,fc st. pauli ii,5800,st pauli ii
Pro,paju citizen fc,418115,paju frontier fc
Pro,seongnam ilhwa,7651,seongnam fc
Youth,rapid wien ii,2092,rapid vienna ii
Pro,cr brasil al,22032,crb
Pro,al-riyadh sc,168088,al riyadh
Pro,haras el hodood,43566,haras el hedoud
Pro,al ahly sc (egy),6910,al ahly cairo
Pro,sc recife pe,1959,sport recife
Pro,maracana ec ce,87156,maracanã
Pro,ha tinh fc,541735,hong linh ha tinh
Pro,fc oleksandriya,25479,pfc oleksandria
Pro,shenzhen peng city,422227,shenzhen xinpengcheng
Youth,fac wien,7785,floridsdorfer ac
Pro,van spor fk,24750,vanspor fk
Pro,fc viktoria cologne,53365,fc viktoria köln
Pro,al-seeb,71044,al seeb
Pro,al-khaboora,173430,al khaburah
Pro,naestved bk,1320,naestved if
Pro,ishoej if,473205,ishoj
Pro,quevilly-rouen metropole,233162,us quevilly
Pro,football bourg-en-bresse peronnas 01,35056,bourg-peronnas
Pro,al hilal sfc,21895,al hilal riyadh
Pro,al-najma,759502,al najma
Pro,al-khaleej club,167228,al khaleej saihat
Pro,al-hazm,168086,al hazm
Pro,k beerschot va,169260,kfco beerschot wilrijk
Pro,jong krc genk,912461,genk ii
Pro,jeugd kaa gent b,76451,gent ii
Pro,al faisaly (jor),47482,al faisaly amman
Pro,stade lavallois mfc,1673,laval
Pro,al jazeera club amman,54587,al-jazeera
Pro,al-ahly amman,167130,al ahli amman
Pro,al masry club,43560,el masry
Pro,zamalek sc,42368,el zamalek
Pro,el gouna fc,43565,el gounah
Pro,ittihad tanger,87180,irt tanger
Pro,liaoning tieren fc,252175,liaoning ironman
Youth,apia leichhardt tigers,64145,apia l tigers u20
Pro,dalian yingbo fc,1009005,dalian young boy
Youth,sorrento fc,1237377,sorrento u23
Youth,balcatta etna fc,1237369,balcatta u23
Pro,fc nomme united,37572,jk nomme united
Pro,manisa futbol kulubu,216878,manisa fk
Pro,grobinas sc/lfs,52220,sc grobinas
Youth,1 fc nuremberg ii,5872,nurnberg ii
Pro,tromsoe il,660,tromso
Pro,ethnikos achnas fc,3396,ethnikos achna
Pro,ballymena united,5269,ballymena utd
Pro,reggiana 1919,24516,ac reggiana
Pro,lillestroem sk,664,lillestrom
Pro,al-rustaq,185570,al rustaq
Pro,oman club,57443,oman fc
Pro,al-kholood,386360,al kholood
Pro,al qadsiah,56027,al qadisiya al khubar
Pro,ca progreso,3238,club atletico progreso
Pro,olympique club de safi,55037,oc safi
Youth,magic united tfa,781806,magic united u23
Pro,heidelberg united fc,142724,heidelberg utd
Pro,melbourne city fc 2,1320578,melbourne city npl
Youth,juventus next gen,474236,juventus u23
Pro,fk tukums 2000/tss,36080,tukums 2000
Pro,helsingborgs if,1890,helsingborg
Pro,djurgardens if,1759,djurgarden
Pro,nomme kalju fc,8091,jk nomme kalju
Pro,fc 08 homburg-saar,5824,fc 08 homburg
Pro,offenbacher fc kickers 1901,2586,kickers offenbach
Pro,halmstads bk,1767,halmstad
Pro,difaa hassani d'el-jadida,55043,difaa el jadida
Pro,aalesunds fk,677,aalesund
Pro,vasteraas sk,1775,västerås sk fk
Pro,ajman club,58687,ajman scc
Pro,al jazira (uae),8090,al jazira sc
Pro,fac wien,7785,floridsdorfer ac
Women,olympique lyon,1649,ol lyonnes (w)
Women,le havre ac,1662,le havre (w)
Pro,rsc anderlecht futures,912459,anderlecht ii
Pro,koninklijke lierse sportkring,116075,lierse sk
Pro,amed sportif faaliyetler,225940,amed sk
Women,rc strasbourg,659303,strasbourg (w)
Pro,ittihad kalba fc,55705,al ittihad kalba
Pro,sharjah fc,34060,sharjah scc
Pro,al-nasr dubai csc,46332,al nasr sc
Women,fc nantes,1647,nantes (w)
Women,rc lens,864167,lens (w)
Women,montpellier hsc,1642,montpellier (w)
Women,dijon fco,477222,dijon (w)
Women,as saint-etienne,1678,st etienne (w)
Youth,jeugd kaa gent b,76451,gent ii
Pro,al hussein irbid,117204,al-hussein sc
Pro,al baqaa,54583,al-baqa'a
Pro,queens park rangers,1,qpr
Pro,al ain fc,37082,al ain scc
Pro,al wasl fc,47674,al wasl sc
Pro,baniyas club,58689,baniyas sc
Pro,al wahda fc (uae),342882,al wahda abu dhabi
Pro,al nahda,40648,al-nahda
Pro,al nasr sc (oma),82259,al-nasr salalah
Pro,al-shamal,170366,al shamal sc
Pro,al riffa,40659,al-riffa
Pro,al-taawoun fc,56021,al taawon buraidah
Women,fc badalona women,77893,fc badalona (w)
Women,fc barcelona,2817,barcelona (w)
Women,dc power fc,1166963,dc power (w)
Women,perth glory fc,174104,perth glory (w)
Women,dpr korea,7421,north korea (w)
Pro,chiangrai united,66566,chiangrai utd
Women,sc freiburg,2538,freiburg (w)
Women,1. fc nuremberg,164534,nurnberg (w)
Youth,gd chaves,3025,desportivo chaves
Pro,sochaux-montbeliard,1657,sochaux
Pro,al bahrain,60428,bahrain sc
Pro,al-khaldiya sc,761576,al khalidiyah
Pro,al sadd sc,39733,al-sadd sc
Pro,umm-salal sc,32490,umm salal
Pro,al shahaniya,170364,al-shahaniya sc
Pro,al ahli doha sc,44443,al-ahli doha
Pro,al arabi doha sc,44444,al-arabi doha
Pro,al-ittihad club,34315,al ittihad jeddah
Pro,jong az alkmaar,46161,az reserves
Pro,al ahli saudi fc,34469,al ahli jeddah
Pro,al-fayha fc,168094,al feiha
Pro,al-ittifaq fc,34318,al ittifaq dammam
Pro,university college dublin,3168,ucd
Women,tampa bay sun fc,1166969,tampa bay sun (w)
Women,se palmeiras sp,1963,palmeiras (w)
Women,sc corinthians sp,1957,corinthians (w)
Youth,armadale sc,1237379,armadale u23
Women,brisbane roar fc,5968,brisbane roar (w)
Pro,perth azzurri,92030,perth sc
Women,cdef logrono,441022,dux logrono (w)
Pro,becamex ho chi minh city,33119,becamex hcmc
Women,parma calcio,2690,parma (w)
Women,genoa cfc women,512870,genoa (w)
Pro,sc east bengal,40655,east bengal club
Pro,jiangxi dingnan united,204595,dingnan ganilan fc
Pro,tampereen ilves,22386,fc ilves
Women,cd tenerife,218002,tenerife (w)
Pro,siracusa calcio,37177,us siracusa
Women,ssd napoli,659283,napoli (w)
Women,lazio rome,2699,lazio (w)
Pro,mohun bagan super giant,759052,mohun bagan sg
Women,fc union berlin,36618,union berlin (w)
Pro,harland and wolff welders,39534,hw welders
Pro,cd armenio,93105,deportivo armenio
Women,real sociedad san sebastian,2824,real sociedad (w)
Women,santos fc sp,1968,santos (w)
Women,mixto ec mt,34005,mixto (w)
Women,america fc mg,1973,america mg (w)
Women,ec juventude rs,1980,juventude (w)
Women,sc internacional rs,1966,internacional (w)
Women,red bull bragantino sp,1999,bragantino (w)
Pro,al-shabab,45476,al shabab manama
Pro,aali,937191,a'ali club
Women,cruzeiro ec mg,1954,cruzeiro (w)
Pro,al-shabab fc (sa),34313,al shabab riyadh
Pro,al-okhdood club,529779,al akhdoud
Pro,al wehdat,40650,al-wehdat
Women,sao paulo fc sp,1981,sao paulo (w)
Women,ferroviaria sp,263071,ferroviaria (w)
Women,kansas city nwsl,781494,kansas city current (w)
Women,utah royals fc,417001,utah royals (w)
Pro,heart of midlothian fc,2353,hearts
Youth,los chankas cyc,330537,cd los chankas
Women,gremio fb porto alegrense rs,5926,gremio (w)
Women,fluminense fc rj,1961,fluminense (w)
Pro,al hilal (sdn),69322,al hilal omdurman
Women,fort lauderdale united fc,1166965,fort lauderdale utd (w)
Women,sporting jacksonville,1232571,sporting jax (w)
Women,canberra united fc,174098,canberra utd (w)
Pro,young violets wien,2108,fk austria vienna ii
Pro,fukushima united fc,38140,fukushima utd
Women,sgs essen-schonebeck 19/68,5551,sgs essen (w)
Women,sevilla fc,2833,sevilla (w)
Women,ssd fc como,865429,fc como (w)
Women,granada cf,33779,granada (w)
Women,juventus turin,2687,juventus (w)
Women,athletic bilbao,2825,athletic club (w)
Pro,vaalerenga if,1165,valerenga
Women,as roma,2702,roma (w)
Women,acf fiorentina,2693,fiorentina (w)
Women,vfl wolfsburg,2524,wolfsburg (w)
Women,seattle reign fc,151010,reign fc (w)
Women,chicago stars fc,34714,chicago stars (w)
Women,sassuolo calcio,2793,sassuolo (w)
Women,inter milano,2697,inter milan (w)
Women,rcd espanyol barcelona,38323,espanyol (w)
Women,sd eibar,2839,eibar (w)
Pro,jong psv eindhoven,46168,psv reserves
Women,ec bahia ba,1955,bahia (w)
Women,ec vitoria ba,1962,vitoria (w)
Youth,villarreal cf,2819,villarreal u19
Youth,paris saint-germain fc,90138,psg u19
Women,korea republic,21922,south korea (w)
Youth,sporting cp,3001,sporting u19
Youth,inter milano,2697,inter milan u19
Youth,sl benfica,3006,benfica u19
Pro,thespakusatsu,21906,thespa gunma
Youth,merida ad,24351,mérida
Women,cr flamengo rj,5981,flamengo (w)
Pro,csb atenas,475492,sportivo atenas
Pro,guandong gz-power fc,1110267,guangdong gz-power
Women,botafogo fr rj,1958,botafogo (w)
Women,olympique marseille,1641,marseille (w)
Pro,ca germinal,855199,germinal de rawson
Pro,club olimpo,3222,olimpo b blanca
Pro,ca linqueno,354960,club atlético el linqueño
Pro,ca defensores de vilelas,790236,defensores puerto vilelas
Pro,ms football hapoel kiryat yam,239124,sc kiryat yam
Pro,as arapiraquense al,2019,asa
Pro,turkiye,4700,türkiye
Pro,bosnia and herzegovina,4479,bosnia-herzegovina
Pro,netherlands,4705,holland
Pro,cdc nicanor otamendi,564930,club circulo deportivo
Pro,costa brava de general pico,672871,ca costa brava
Pro,korea republic,21922,south korea
Pro,tampere united,2241,tampere utd
Pro,vastra frolunda if,1785,västra frölunda if
Pro,vaxjo norra,1877,växjö norra
Pro,hapoel ra`anana fc,5398,hapoel raanana
Pro,rappe goif,327037,räppe goif
Pro,ekenas idrottsforening,22372,eif
Pro,al nassr club,23400,al-nassr riyadh
Pro,vaasan palloseura,2246,vps vaasa
Pro,haiphong fc,33124,hai phong
Pro,enkopings sk,1780,enköping
Pro,rovaniemen palloseura,2250,rops
Pro,fc jarfalla,22262,fc järfälla
Pro,kuopion palloseura,2244,kups kuopio
Pro,maccabi bney reine,401743,maccabi bnei raina
Pro,podbeskidzie bielsko-biała,7919,podbeskidzie bielsko biala
Pro,hapoel be`er sheva fc,5202,hapoel beer sheva
Pro,hapoel petah tikva fc,5199,hapoel petach tikva
Pro,al-horiyah,388636,al horiyah
Pro,omaya sc,1311226,omayya
Pro,sjk akatemia/2,1008155,sjk akatemia ii
Pro,tvaakers if,22356,tvååkers if
Pro,fk eik toensberg 871,797,eik tønsberg
Pro,brattvaag,954,brattvåg
Pro,ifk umea,415249,ifk umeå
Pro,pvf cong an nhan dan fc,340516,pvf-cand
Pro,angby if,22371,ängby if
Pro,loerenskog if,684,lørenskog
Pro,hoenefoss bk,678,honefoss
Pro,mjoendalen if,903,mjondalen
Pro,hoedd il,680,hodd
Pro,stroemsgodset if,1163,stromsgodset
Pro,musan salama,192684,musa
Pro,puistolan urheilijat,2283,puiu
Pro,skovde aik,7063,skövde aik
Pro,cwks resovia,37204,resovia rzeszow
Pro,uniao ec mt,336163,uniao rondonopolis
Pro,fc atletico ce,33775,fc atlético cearense
Pro,ec democrata mg,21848,democrata gv
Pro,cra catalano go,21893,crac
Pro,aa internacional limeira sp,135526,inter de limeira
Youth,manly united fc,92208,manly united u20
Pro,taftea ik,325375,täfteå ik
Pro,skellefteaa ff,1833,skellefteå ff
Pro,piteaa if,1873,piteå if
Pro,hammarby talang ff,785288,hammarby tff
Pro,stjordals-blink,727,stjørdals/blink
Pro,vps akatemia,22397,vps-j
Pro,if karlstad fotbollutveckling,802592,if karlstad ii
Pro,mikkelin palloilijat,5115,mp
Pro,hjk klubi 04,5918,klubi-04
Pro,jakobstads bollklubb,22387,jbk
Pro,assyriska ff,1782,assyriska föreningen
Pro,aasane fotball,682,asane
Pro,stroemmen if,885,strommen
Pro,kjelsaas,670,kjelsås
Pro,hapoel tel aviv fc,5396,hapoel tel-aviv
Pro,cs esportiva al,529969,cse
Pro,gremio esportivo brasil,1986,brasil de pelotas
Pro,cascavel pr,21891,fc cascavel
Pro,cs alagoano al,2010,csa
Pro,academia del balompie boliviano,926557,abb
Women,paris saint-germain,1644,psg (w)
Pro,fc inter turku 2,283675,fc inter ii
Pro,seinajoen jk,22395,sjk
Pro,oulun luistinseura,5116,ols
Pro,myllykosken pallo -47,2243,mypa
Pro,hassania union sport agadir,55039,husa agadir
Pro,wydad ac,36268,wac casablanca
Pro,cong an tp ho chi minh city fc,33120,cong an hcmc
Pro,maghreb as de fes,55035,mas fes
Pro,al-karamah sc,23479,al karamah
Pro,rollon pojat,621170,ropo
Pro,abo ifk turku,22399,aifk
Pro,union touarga,118834,uts rabat
Pro,grankulla ifk,2282,grifk
Pro,korsnas if fk,35636,korsnäs
Pro,espoon palloseura,245397,eps
