period;Rank;Team;Rating;Average_Rank;Average_Rating;One_Year_Rank_Change;One_Year_Rating_Change;Matches_Total;Matches_Home;Matches_Away;Matches_Neutral;Matches_Wins;Matches_Losses;Matches_Draws;Goals_For;Goals_Against
2018-12-31;1;Brazil;2136;4;1992;0;23;981;340;319;322;621;158;202;2129;893
2018-12-31;2;France;2092;17;1777;3;104;850;435;314;101;416;257;177;1511;1198
2018-12-31;3;Belgium;2034;25;1739;5;108;793;381;343;69;339;287;167;1403;1287
2018-12-31;4;Spain;2011;7;1938;-1;-19;692;302;271;119;404;131;157;1380;632
2018-12-31;5;Netherlands;1985;15;1840;6;90;816;387;329;100;414;225;177;1690;1059
2018-12-31;6;Colombia;1960;52;1590;2;34;563;165;202;196;222;189;152;713;669
2018-12-31;7;England;1959;4;1983;0;27;1071;462;499;110;625;201;245;2512;1062
2018-12-31;8;Portugal;1958;20;1781;-4;-35;608;282;229;97;290;175;143;1013;713
2018-12-31;9;Germany;1937;8;1909;-7;-171;961;420;386;155;558;207;196;2154;1131
2018-12-31;10;Croatia;1924;12;1875;6;68;313;125;132;56;165;63;85;543;309
2018-12-31;11;Uruguay;1921;12;1873;2;56;937;313;402;222;408;305;224;1493;1190
2018-12-31;11;Switzerland;1921;27;1677;2;56;811;391;359;61;284;353;174;1186;1383
2018-12-31;13;Argentina;1920;5;1982;-7;-63;1021;358;395;268;547;220;254;1930;1088
2018-12-31;14;Denmark;1897;20;1792;5;57;820;371;365;84;372;280;168;1480;1146
2018-12-31;15;Italy;1888;8;1913;-5;-17;817;367;293;157;427;163;227;1402;818
2018-12-31;16;Peru;1855;35;1669;-4;-26;625;237;225;163;202;268;155;784;890
2018-12-31;17;Chile;1851;28;1672;-2;-8;772;302;279;191;294;312;166;1105;1115
2018-12-31;18;Sweden;1850;16;1796;2;27;1035;451;466;118;505;306;224;2084;1378
2018-12-31;19;Iran;1823;42;1645;3;23;588;203;171;214;328;119;141;1090;466
2018-12-31;20;Serbia;1814;20;1785;3;31;780;272;382;126;367;244;169;1492;1076
2018-12-31;21;Bosnia and Herzegovina;1795;51;1632;15;72;209;81;102;26;85;78;46;312;275
2018-12-31;22;Mexico;1779;20;1778;-5;-68;907;275;248;384;465;234;208;1625;948
2018-12-31;23;South Korea;1778;36;1679;2;18;958;309;237;412;516;205;237;1737;885
2018-12-31;24;Ukraine;1772;34;1725;8;34;260;117;108;35;118;69;73;359;253
2018-12-31;24;Ecuador;1772;68;1497;6;26;514;162;184;168;152;233;129;623;826
2018-12-31;26;Austria;1765;20;1811;13;54;785;393;349;43;325;288;172;1410;1238
2018-12-31;27;Wales;1760;22;1667;-3;-3;655;305;326;24;204;310;141;819;1090
2018-12-31;28;Senegal;1755;59;1570;0;8;609;196;238;175;255;182;172;798;612
2018-12-31;28;Venezuela;1755;88;1403;5;18;406;159;153;94;104;213;89;437;776
2018-12-31;30;Romania;1752;27;1720;16;65;725;296;344;85;323;221;181;1188;930
2018-12-31;30;Russia;1752;23;1739;13;55;753;278;357;118;395;163;195;1339;729
2018-12-31;32;Poland;1751;30;1708;-14;-90;838;354;379;105;360;271;207;1425;1143
2018-12-31;33;Slovakia;1747;38;1683;-5;0;287;121;133;33;116;104;67;410;366
2018-12-31;34;United States;1742;42;1633;-7;-9;713;400;237;76;303;258;152;1027;973
2018-12-31;35;Australia;1736;34;1667;0;7;566;252;202;112;284;163;119;1160;664
2018-12-31;36;Japan;1730;64;1441;5;24;737;287;188;262;340;240;157;1279;918
2018-12-31;37;Czechia;1728;12;1860;1;16;802;323;384;95;386;236;180;1488;999
2018-12-31;37;Morocco;1728;44;1645;8;40;626;265;209;152;295;154;177;914;562
2018-12-31;39;Paraguay;1724;22;1755;-13;-28;712;193;329;190;255;273;184;934;1025
2018-12-31;39;Costa Rica;1724;34;1692;-8;-20;695;230;254;211;320;211;164;1240;803
2018-12-31;41;Scotland;1720;13;1887;-4;1;789;365;379;45;377;240;172;1385;972
2018-12-31;42;Nigeria;1712;37;1670;2;16;624;220;244;160;287;159;178;937;635
2018-12-31;43;Ireland;1705;23;1624;-9;-27;668;339;273;56;236;261;171;891;1083
2018-12-31;44;Turkey;1690;43;1599;-5;-21;586;254;264;68;218;230;138;791;862
2018-12-31;45;Norway;1678;38;1613;21;97;816;387;381;48;296;340;180;1220;1374
2018-12-31;46;Iceland;1667;83;1411;-25;-143;439;189;210;40;134;222;83;524;741
2018-12-31;47;Bolivia;1655;60;1500;-6;-51;457;163;171;123;104;240;113;477;895
2018-12-31;48;Tunisia;1646;47;1613;6;28;674;303;228;143;276;207;191;962;771
2018-12-31;49;Bulgaria;1628;38;1642;4;9;705;266;362;77;272;263;170;1022;1028
2018-12-31;50;Ghana;1622;39;1659;5;9;702;224;277;201;342;187;173;1152;736
2018-12-31;50;Northern Ireland;1622;38;1661;-3;-52;540;245;261;34;147;257;136;566;835
2018-12-31;52;Finland;1620;63;1491;13;26;744;306;388;50;187;401;156;877;1588
2018-12-31;53;Egypt;1613;36;1664;-3;-37;793;318;261;214;394;204;195;1408;863
2018-12-31;54;Greece;1612;49;1549;-5;-48;583;264;260;59;216;227;140;727;837
2018-12-31;55;Hungary;1610;19;1841;2;-1;955;425;458;72;452;300;203;1965;1431
2018-12-31;56;Ivory Coast;1603;44;1641;7;2;607;212;221;174;297;149;161;983;632
2018-12-31;57;Syria;1599;86;1426;1;-11;513;125;197;191;194;188;131;747;647
2018-12-31;58;Cameroon;1598;52;1605;-7;-46;584;158;233;193;252;156;176;848;651
2018-12-31;59;Honduras;1591;62;1496;-1;-19;580;186;188;206;234;195;151;856;741
2018-12-31;60;Uzbekistan;1590;60;1591;-2;-20;277;94;109;74;129;91;57;480;325
2018-12-31;61;Montenegro;1588;52;1636;-5;-24;100;51;47;2;33;40;27;123;129
2018-12-31;62;Saudi Arabia;1583;77;1490;6;13;728;290;131;307;349;210;169;1149;791
2018-12-31;63;Iraq;1581;46;1624;4;9;661;111;207;343;311;169;181;1073;620
2018-12-31;64;Jamaica;1569;84;1401;5;5;619;242;231;146;239;240;140;825;828
2018-12-31;65;Panama;1565;103;1337;-17;-105;486;173;185;128;149;217;120;575;770
2018-12-31;66;Slovenia;1561;55;1617;-14;-78;242;108;109;25;83;100;59;294;305
2018-12-31;66;Israel;1561;48;1623;8;28;455;228;178;49;171;179;105;694;643
2018-12-31;68;South Africa;1548;29;1718;4;6;427;214;145;68;186;124;117;590;464
2018-12-31;69;Canada;1546;49;1591;7;23;399;129;176;94;141;164;94;450;542
2018-12-31;69;Georgia;1546;72;1539;16;64;245;104;117;24;78;117;50;303;342
2018-12-31;71;DR Congo;1542;61;1561;-8;-59;471;147;203;121;194;151;126;749;582
2018-12-31;72;Algeria;1541;48;1614;1;6;589;227;214;148;242;188;159;833;632
2018-12-31;73;Belarus;1538;78;1514;10;42;233;89;122;22;70;100;63;274;322
2018-12-31;74;Oman;1528;135;1168;4;12;491;204;121;166;173;190;128;619;688
2018-12-31;75;Mali;1527;70;1516;4;16;549;177;212;160;213;191;145;716;673
2018-12-31;76;Burkina Faso;1524;102;1385;-14;-79;413;146;167;100;133;172;108;498;596
2018-12-31;77;Qatar;1522;98;1386;17;67;584;278;130;176;236;195;153;816;682
2018-12-31;78;Macedonia;1518;76;1523;-1;-1;227;106;99;22;66;104;57;260;306
2018-12-31;79;China;1514;47;1585;-10;-50;692;250;244;198;342;199;151;1327;773
2018-12-31;79;Albania;1514;73;1496;-18;-94;334;157;154;23;86;179;69;308;525
2018-12-31;81;Haiti;1512;81;1409;3;19;496;176;172;148;213;178;105;818;679
2018-12-31;82;New Zealand;1502;65;1497;-7;-22;391;124;175;92;159;160;72;678;599
2018-12-31;83;Kosovo;1496;110;1387;34;125;33;11;9;13;13;15;5;48;49
2018-12-31;84;Guatemala;1494;67;1485;-4;-16;536;180;157;199;187;206;143;736;757
2018-12-31;85;United Arab Emirates;1484;100;1380;-14;-79;581;242;125;214;221;209;151;788;731
2018-12-31;86;Libya;1474;79;1479;2;1;397;145;146;106;144;162;91;557;541
2018-12-31;87;Uganda;1472;73;1487;4;15;660;230;232;198;275;210;175;1030;806
2018-12-31;88;Zimbabwe;1467;75;1470;2;5;484;181;205;98;193;157;134;678;583
2018-12-31;88;Estonia;1467;92;1345;-7;-39;460;198;216;46;116;241;103;465;809
2018-12-31;90;Guinea;1465;69;1526;-1;-3;572;167;244;161;225;182;165;868;721
2018-12-31;91;Northern Cyprus;1457;83;1464;1;1;17;5;3;9;9;6;2;30;23
2018-12-31;92;Lebanon;1454;107;1331;2;-1;345;131;117;97;98;152;95;429;540
2018-12-31;93;El Salvador;1453;70;1473;-1;-3;590;185;177;228;196;265;129;764;908
2018-12-31;94;Martinique;1452;78;1462;3;24;328;123;111;94;155;97;76;627;418
2018-12-31;95;Armenia;1448;105;1407;-8;-32;212;83;96;33;49;119;44;207;384
2018-12-31;96;Jordan;1447;115;1297;-10;-34;479;175;165;139;158;186;135;567;595
2018-12-31;97;Kuwait;1438;79;1481;1;13;676;240;157;279;295;212;169;1088;759
2018-12-31;98;Trinidad and Tobago;1433;58;1513;4;14;787;319;329;139;349;270;168;1321;990
2018-12-31;99;Bahrain;1432;113;1328;2;12;537;180;138;219;178;211;148;648;712
2018-12-31;100;North Korea;1431;57;1589;-4;-19;385;48;134;203;166;111;108;603;391
2018-12-31;101;Kurdistan;1425;103;1425;-3;0;4;2;0;2;3;0;1;12;3
2018-12-31;102;Zambia;1413;57;1561;-20;-85;789;264;325;200;360;223;206;1272;819
2018-12-31;102;Cyprus;1413;99;1382;4;4;355;201;149;5;68;226;61;317;784
2018-12-31;104;Gabon;1403;95;1409;0;-8;405;167;139;99;135;154;116;472;490
2018-12-31;104;Azerbaijan;1403;107;1399;5;3;251;84;122;45;52;133;66;201;418
2018-12-31;106;Cape Verde;1399;124;1281;-6;-25;185;63;69;53;65;80;40;186;216
2018-12-31;107;Congo;1386;77;1490;7;8;436;167;174;95;167;165;104;648;595
2018-12-31;107;Benin;1386;110;1349;-4;-26;288;117;126;45;65;157;66;298;546
2018-12-31;109;Kenya;1384;89;1380;1;-10;718;276;269;173;270;273;175;999;984
2018-12-31;109;Thailand;1384;112;1311;-2;-24;841;349;172;320;321;331;189;1328;1299
2018-12-31;111;Palestine;1382;123;1241;-7;-29;227;17;87;123;62;105;60;295;374
2018-12-31;112;Reunion;1381;126;1169;-1;0;130;53;36;41;51;53;26;224;247
2018-12-31;113;Namibia;1376;140;1253;-2;-5;228;97;100;31;57;104;67;228;331
2018-12-31;114;Zanzibar;1368;147;1097;4;0;213;36;45;132;39;129;45;185;455
2018-12-31;115;Burundi;1359;122;1288;10;47;181;45;69;67;58;80;43;204;245
2018-12-31;116;Togo;1357;86;1450;-3;-22;441;160;184;97;145;190;106;481;611
2018-12-31;117;Sierra Leone;1355;102;1371;-2;-21;285;111;124;50;85;128;72;279;398
2018-12-31;118;Mauritania;1352;160;1084;12;55;224;70;80;74;36;139;49;159;435
2018-12-31;119;Luxembourg;1347;108;1245;5;26;399;218;168;13;35;316;48;243;1102
2018-12-31;120;Liberia;1339;110;1346;8;35;289;133;121;35;79;143;67;277;443
2018-12-31;121;Cuba;1338;79;1452;6;31;425;92;180;153;166;160;99;613;575
2018-12-31;121;Madagascar;1338;102;1369;-2;-27;288;104;104;80;115;113;60;413;436
2018-12-31;121;Vietnam;1338;121;1291;17;64;446;139;108;199;184;172;90;801;684
2018-12-31;121;Lithuania;1338;85;1320;-13;-68;343;135;168;40;94;184;65;363;624
2018-12-31;125;Curaçao;1332;96;1381;16;66;438;151;158;129;180;152;106;780;693
2018-12-31;126;Kazakhstan;1330;99;1426;-5;-9;197;72;87;38;47;102;48;210;329
2018-12-31;126;Central African Republic;1330;123;1294;5;36;118;29;48;41;25;68;25;132;245
2018-12-31;128;Moldova;1323;101;1423;-6;-7;224;79;112;33;45;123;56;186;357
2018-12-31;129;Angola;1322;84;1460;24;83;393;146;164;83;141;122;130;469;423
2018-12-31;130;Tanzania;1321;116;1292;1;27;583;222;216;145;174;246;163;690;884
2018-12-31;131;French Guiana;1319;124;1244;-15;-55;156;52;53;51;46;80;30;231;281
2018-12-31;132;Botswana;1318;153;1145;15;65;297;145;113;39;81;133;83;258;407
2018-12-31;133;Guinea-Bissau;1310;126;1276;2;21;154;50;47;57;42;75;37;158;237
2018-12-31;134;Niger;1309;132;1234;-1;16;229;90;101;38;50;125;54;219;419
2018-12-31;135;Gambia;1303;119;1301;3;29;240;103;84;53;58;114;68;240;360
2018-12-31;136;Latvia;1298;80;1415;-16;-64;384;158;176;50;111;182;91;467;633
2018-12-31;137;Lesotho;1296;151;1169;4;30;274;107;119;48;55;143;76;228;462
2018-12-31;138;Mozambique;1295;115;1331;-13;-17;356;148;153;55;114;158;84;376;467
2018-12-31;139;Equatorial Guinea;1292;158;1123;-16;-37;131;60;48;23;30;75;26;112;221
2018-12-31;140;Kyrgyzstan;1291;160;1182;20;80;130;27;56;47;38;73;19;125;237
2018-12-31;141;Nicaragua;1279;146;1011;0;13;182;34;69;79;31;135;16;165;525
2018-12-31;142;Sudan;1275;86;1458;10;34;466;144;174;148;163;190;113;552;624
2018-12-31;143;Rwanda;1268;145;1192;-7;-15;239;80;84;75;75;106;58;252;321
2018-12-31;144;Dominican Republic;1264;169;1038;6;15;134;57;47;30;48;68;18;206;236
2018-12-31;145;Ethiopia;1257;95;1404;-5;-13;413;192;147;74;153;173;87;589;614
2018-12-31;145;Suriname;1257;82;1409;6;14;488;208;203;77;215;157;116;891;676
2018-12-31;147;Faroe Islands;1254;120;1251;-10;-26;210;90;100;20;33;153;24;151;518
2018-12-31;148;Turkmenistan;1253;108;1390;-3;-6;147;33;59;55;61;59;27;244;213
2018-12-31;148;Chad;1253;132;1252;-1;0;143;35;48;60;32;79;32;143;271
2018-12-31;150;Malawi;1251;113;1330;-21;-50;621;285;225;111;212;231;178;755;809
2018-12-31;151;Saint Kitts and Nevis;1245;135;1177;-5;-9;198;99;61;38;84;76;38;353;292
2018-12-31;152;India;1221;106;1353;17;58;535;147;150;238;198;233;104;756;906
2018-12-31;153;Tahiti;1219;96;1409;5;4;228;54;69;105;123;72;33;639;351
2018-12-31;154;New Caledonia;1218;99;1367;7;12;257;84;65;108;126;99;32;674;387
2018-12-31;154;Mayotte;1218;158;1194;3;0;33;2;9;22;10;14;9;46;52
2018-12-31;156;Tajikistan;1214;119;1347;0;-5;142;38;60;44;54;62;26;213;222
2018-12-31;156;Hong Kong;1214;118;1302;9;21;447;157;131;159;159;199;89;737;771
2018-12-31;158;Fiji;1207;126;1250;-9;-45;240;96;53;91;107;90;43;553;392
2018-12-31;159;Vanuatu;1206;155;1101;-4;-16;188;44;42;102;58;103;27;338;409
2018-12-31;160;Guadeloupe;1203;87;1421;-16;-62;251;79;78;94;106;97;48;425;363
2018-12-31;161;Indonesia;1202;97;1371;-7;-35;702;217;170;315;265;300;137;1178;1141
2018-12-31;161;Solomon Islands;1202;145;1183;3;7;180;49;51;80;75;73;32;386;354
2018-12-31;163;Eswatini;1199;152;1162;-29;-93;254;113;108;33;59;127;68;236;447
2018-12-31;164;Yemen;1190;141;1220;2;0;247;56;72;119;56;147;44;252;488
2018-12-31;165;Guyana;1183;101;1298;2;-5;395;168;173;54;115;197;83;484;683
2018-12-31;166;Bermuda;1181;125;1294;-3;-15;180;88;64;28;62;82;36;292;292
2018-12-31;167;Malta;1177;114;1333;-8;-37;383;206;156;21;47;271;65;238;879
2018-12-31;168;Philippines;1176;132;1065;1;13;337;92;104;141;79;209;49;345;928
2018-12-31;169;Antigua and Barbuda;1169;141;1189;-7;-33;245;101;89;55;84;112;49;354;395
2018-12-31;170;Belize;1155;136;1115;1;-4;85;25;29;31;18;50;17;87;168
2018-12-31;171;Afghanistan;1153;167;902;1;0;122;8;46;68;31;66;25;122;255
2018-12-31;172;Liechtenstein;1137;163;1131;-4;-30;188;87;91;10;15;150;23;84;534
2018-12-31;173;Saint Lucia;1135;121;1257;4;43;221;74;93;54;74;110;37;311;407
2018-12-31;174;Barbados;1133;116;1260;-1;-4;319;155;110;54;102;131;86;414;498
2018-12-31;175;Malaysia;1130;119;1294;8;64;849;346;221;282;318;331;200;1357;1244
2018-12-31;176;Gibraltar;1102;177;1087;3;24;46;11;16;19;10;32;4;37;150
2018-12-31;177;Papua New Guinea;1091;165;1084;1;0;134;25;35;74;42;69;23;303;303
2018-12-31;178;Comoros;1089;194;881;8;47;71;15;20;36;8;44;19;43;133
2018-12-31;179;Andorra;1084;183;1039;9;72;156;59;71;26;6;131;19;44;406
2018-12-31;180;Singapore;1080;130;1238;4;23;702;285;163;254;216;344;142;940;1274
2018-12-31;181;St Vincent & Grenadines;1078;105;1340;-6;-22;304;111;113;80;105;126;73;469;542
2018-12-31;182;Eritrea;1074;161;1166;-2;0;75;18;24;33;12;45;18;48;125
2018-12-31;183;Sao Tome and Principe;1072;173;1055;-3;-2;50;20;20;10;7;36;7;37;132
2018-12-31;184;Mauritius;1071;101;1361;-2;4;306;104;138;64;91;147;68;410;504
2018-12-31;185;Grenada;1069;95;1391;-11;-40;252;90;96;66;86;103;63;422;458
2018-12-31;186;Myanmar;1060;119;1269;-10;-36;492;96;117;279;204;195;93;837;801
2018-12-31;187;Dominica;1043;127;1213;3;39;201;58;78;65;47;109;45;236;410
2018-12-31;188;South Sudan;1020;181;1079;-3;-35;33;9;11;13;4;23;6;21;71
2018-12-31;189;Puerto Rico;1007;168;923;-2;-19;152;56;53;43;26;104;22;142;424
2018-12-31;190;Somaliland;1005;189;1001;-1;0;2;0;0;2;1;0;1;4;3
2018-12-31;191;Western Sahara;996;189;996;0;0;1;0;1;0;0;1;0;0;6
2018-12-31;192;Maldives;982;189;879;5;38;194;50;66;78;54;106;34;245;449
2018-12-31;193;Taiwan;975;138;1198;0;-3;299;79;91;129;87;164;48;420;690
2018-12-31;194;Bonaire;973;146;1047;-2;-17;71;12;45;14;14;49;8;72;194
2018-12-31;195;Seychelles;968;178;1003;3;29;139;49;43;47;24;94;21;118;285
2018-12-31;196;Greenland;963;183;978;-2;0;20;2;7;11;5;14;1;33;42
2018-12-31;197;Cayman Islands;943;179;1031;-1;-3;93;41;28;24;16;59;18;93;235
2018-12-31;198;Pakistan;939;148;1127;-3;-13;260;56;86;118;62;150;48;266;583
2018-12-31;199;Aruba;931;120;1220;0;15;169;77;65;27;41;89;39;244;377
2018-12-31;200;Monaco;903;199;899;1;0;9;0;1;8;4;2;3;11;15
2018-12-31;201;Nepal;883;189;883;-1;-22;229;60;57;112;53;137;39;202;540
2018-12-31;202;Bahamas;851;188;876;0;-48;49;16;18;15;9;35;5;44;177
2018-12-31;203;Somalia;844;161;1095;3;0;119;10;36;73;11;93;15;65;330
2018-12-31;204;San Marino;835;192;942;1;-17;156;77;76;3;1;150;5;23;664
2018-12-31;205;Saint Martin;827;184;1005;-1;-37;48;12;18;18;17;26;5;68;130
2018-12-31;206;Sint Maarten;810;184;920;-3;-70;41;12;16;13;10;24;7;50;115
2018-12-31;207;Bangladesh;798;178;997;2;-12;255;67;71;117;69;133;53;242;480
2018-12-31;208;Cambodia;795;152;1082;0;-18;267;60;77;130;60;171;36;308;701
2018-12-31;209;Guam;794;205;689;-2;-39;105;19;31;55;24;69;12;132;522
2018-12-31;210;Djibouti;788;175;870;1;0;84;24;28;32;4;76;4;55;335
2018-12-31;211;Tuvalu;779;203;745;3;22;26;0;4;22;7;16;3;37;133
2018-12-31;212;Turks and Caicos Islands;777;209;778;1;16;23;5;11;7;4;18;1;17;95
2018-12-31;213;Chagos Islands;773;210;796;-3;-22;3;0;0;3;0;2;1;4;10
2018-12-31;214;Sint Eustatius;757;212;753;0;0;9;1;8;0;4;1;4;25;19
2018-12-31;215;Montserrat;731;190;611;12;87;41;9;15;17;7;31;3;39;174
2018-12-31;216;US Virgin Islands;715;217;695;0;-7;47;14;24;9;5;36;6;23;228
2018-12-31;217;Sri Lanka;712;156;953;1;18;236;54;71;111;49;148;39;238;600
2018-12-31;218;Mongolia;709;187;853;8;54;70;12;24;34;15;47;8;85;220
2018-12-31;219;Wallis and Futuna;699;199;699;-2;0;24;0;5;19;5;19;0;23;109
2018-12-31;220;Saint Barthelemy;698;218;695;-2;4;6;5;1;0;2;4;0;13;21
2018-12-31;221;Laos;695;181;922;-9;-90;201;34;57;110;37;136;28;205;660
2018-12-31;222;Vatican;692;216;699;-2;0;5;0;0;5;0;3;2;1;6
2018-12-31;223;Samoa;690;209;652;-2;0;61;23;10;28;17;40;4;84;229
2018-12-31;224;Cook Islands;686;203;683;-2;0;47;4;11;32;11;32;4;44;247
2018-12-31;225;Saint Pierre and Miquelon;677;222;680;-1;0;7;0;0;7;0;7;0;2;78
2018-12-31;226;Macao;676;169;974;-3;-3;147;47;45;55;23;108;16;137;457
2018-12-31;227;Saba;671;222;674;-2;0;6;5;1;0;1;3;2;14;18
2018-12-31;228;East Timor;648;225;624;0;9;62;5;30;27;7;49;6;61;195
2018-12-31;229;British Virgin Islands;642;202;824;2;38;99;28;47;24;19;66;14;91;311
2018-12-31;230;Tibet;629;205;671;-1;-1;10;0;3;7;0;9;1;8;38
2018-12-31;231;Brunei;618;197;800;-1;-11;120;16;33;71;18;90;12;94;386
2018-12-31;232;Falkland Islands;580;227;589;1;0;3;0;1;2;0;3;0;0;21
2018-12-31;233;Anguilla;578;222;550;3;26;69;16;31;22;6;58;5;42;274
2018-12-31;233;Christmas Island;578;226;577;1;0;10;6;4;0;7;2;1;29;8
2018-12-31;235;FS Micronesia;563;229;574;0;0;8;1;3;4;1;7;0;8;64
2018-12-31;236;Bhutan;561;216;602;-4;-36;91;15;29;47;7;78;6;52;355
2018-12-31;237;Tonga;545;209;675;0;0;59;8;13;38;14;39;6;70;218
2018-12-31;238;Kiribati;544;216;585;0;0;11;0;2;9;0;10;1;7;126
2018-12-31;239;Niue;496;222;496;0;0;2;0;0;2;0;2;0;0;33
2018-12-31;240;Eastern Samoa;462;223;473;0;0;46;0;13;33;4;41;1;28;304
2018-12-31;241;Cocos Islands;422;233;423;0;0;10;4;6;0;2;7;1;8;29
2018-12-31;242;Northern Mariana Islands;410;230;546;0;-2;26;3;9;14;3;21;2;31;116
2018-12-31;243;Palau;402;235;402;0;0;2;2;0;0;0;2;0;3;27
2019-12-31;1;Belgium;2083;24;1742;2;49;803;386;348;69;349;287;167;1443;1290
2019-12-31;2;Brazil;2081;4;1994;-1;-55;997;348;320;329;629;160;208;2162;902
2019-12-31;3;France;2046;17;1780;-1;-46;861;441;319;101;425;258;178;1538;1204
2019-12-31;4;Spain;2028;7;1939;0;17;702;307;276;119;412;131;159;1411;637
2019-12-31;5;Netherlands;2017;15;1841;0;32;826;391;334;101;421;227;178;1717;1068
2019-12-31;6;Portugal;1986;20;1783;2;28;618;288;233;97;297;176;145;1039;720
2019-12-31;7;Colombia;1985;52;1595;-1;25;577;166;205;206;230;191;156;729;676
2019-12-31;8;Argentina;1969;5;1981;5;49;1036;359;398;279;555;223;258;1959;1103
2019-12-31;9;Italy;1968;8;1913;6;80;827;372;298;157;437;163;227;1439;822
2019-12-31;10;Uruguay;1965;12;1873;1;44;950;315;406;229;416;305;229;1519;1198
2019-12-31;11;Germany;1964;8;1909;-2;27;971;426;390;155;565;208;198;2187;1141
2019-12-31;12;England;1955;4;1983;-5;-4;1081;466;503;112;632;203;246;2550;1071
2019-12-31;13;Croatia;1920;12;1876;-3;-4;323;131;136;56;171;65;87;563;319
2019-12-31;14;Mexico;1901;20;1778;8;122;924;278;252;394;480;235;209;1672;965
2019-12-31;15;Switzerland;1897;27;1679;-4;-24;821;395;364;62;289;355;177;1206;1392
2019-12-31;16;Denmark;1891;20;1793;-2;-6;830;376;370;84;377;280;173;1509;1154
2019-12-31;17;Peru;1865;35;1671;-1;10;640;240;228;172;207;275;158;795;908
2019-12-31;18;Sweden;1859;16;1797;0;9;1047;456;471;120;511;308;228;2109;1390
2019-12-31;19;Ukraine;1855;33;1728;5;83;270;123;112;35;125;69;76;379;259
2019-12-31;20;Venezuela;1829;87;1408;8;74;418;161;156;101;110;215;93;458;786
2019-12-31;21;Chile;1807;28;1674;-4;-44;785;303;281;201;298;317;170;1120;1131
2019-12-31;22;Serbia;1794;20;1785;-2;-20;790;277;387;126;372;246;172;1511;1094
2019-12-31;22;Russia;1794;23;1740;8;42;763;283;362;118;403;165;195;1372;737
2019-12-31;24;Poland;1789;30;1709;8;38;848;359;384;105;368;272;208;1443;1148
2019-12-31;25;Wales;1782;22;1667;2;22;665;311;330;24;210;312;143;831;1096
2019-12-31;26;Turkey;1778;43;1600;18;88;598;261;269;68;227;231;140;813;866
2019-12-31;27;South Korea;1772;36;1680;-4;-6;976;317;240;419;528;207;241;1764;894
2019-12-31;28;Senegal;1763;59;1573;0;8;622;199;239;184;265;184;173;818;617
2019-12-31;29;Japan;1744;64;1445;7;14;760;294;192;274;355;245;160;1320;938
2019-12-31;30;Algeria;1742;48;1614;42;201;605;232;215;158;254;188;163;863;639
2019-12-31;31;Austria;1741;20;1811;-5;-24;795;398;354;43;331;291;173;1429;1247
2019-12-31;32;Iran;1739;42;1647;-13;-84;600;205;174;221;335;122;143;1125;473
2019-12-31;33;Paraguay;1738;23;1755;6;14;726;195;336;195;258;278;190;948;1041
2019-12-31;34;Czechia;1735;13;1859;3;7;812;329;388;95;391;241;180;1504;1016
2019-12-31;35;Slovakia;1734;38;1685;-2;-13;297;127;137;33;121;107;69;429;379
2019-12-31;36;Ireland;1729;23;1624;7;24;678;345;277;56;241;262;175;904;1090
2019-12-31;37;Ecuador;1725;68;1500;-13;-47;526;164;185;177;155;239;132;636;845
2019-12-31;38;Norway;1722;38;1614;7;44;826;392;386;48;300;341;185;1239;1385
2019-12-31;39;United States;1720;42;1634;-5;-22;731;416;238;77;314;263;154;1065;987
2019-12-31;40;Australia;1713;35;1667;-5;-23;576;253;207;116;290;166;120;1182;670
2019-12-31;41;Nigeria;1709;37;1671;1;-3;639;224;246;169;296;162;181;959;650
2019-12-31;42;Romania;1701;28;1721;-12;-51;735;301;349;85;327;225;183;1205;945
2019-12-31;43;Bosnia and Herzegovina;1683;51;1636;-22;-112;219;86;107;26;89;83;47;332;292
2019-12-31;44;Northern Ireland;1678;38;1661;6;56;550;250;266;34;153;260;137;579;850
2019-12-31;45;Iceland;1671;82;1414;1;4;451;194;215;42;140;225;86;540;754
2019-12-31;46;Qatar;1668;97;1393;31;146;605;286;133;186;250;200;155;861;696
2019-12-31;47;Morocco;1659;44;1646;-10;-69;640;273;211;156;300;158;182;928;573
2019-12-31;48;Costa Rica;1657;35;1692;-9;-67;708;235;258;215;324;216;168;1254;816
2019-12-31;49;Finland;1647;63;1492;3;27;756;311;393;52;194;406;156;895;1600
2019-12-31;50;Scotland;1639;13;1886;-9;-81;799;370;384;45;382;245;172;1401;991
2019-12-31;51;Ghana;1630;40;1658;-1;8;712;227;278;207;347;188;177;1164;741
2019-12-31;51;Honduras;1630;62;1497;8;39;592;190;193;209;240;198;154;877;755
2019-12-31;53;Iraq;1623;46;1624;10;42;683;119;211;353;323;172;188;1103;635
2019-12-31;54;Tunisia;1619;47;1613;-6;-27;691;309;231;151;284;211;196;985;782
2019-12-31;55;Hungary;1618;19;1839;0;8;965;430;463;72;456;306;203;1975;1446
2019-12-31;56;Ivory Coast;1615;44;1640;0;12;622;215;222;185;307;153;162;1009;644
2019-12-31;57;Greece;1607;50;1550;-3;-5;594;269;266;59;220;232;142;740;853
2019-12-31;58;Canada;1603;49;1590;11;57;409;132;177;100;148;167;94;480;553
2019-12-31;59;Bolivia;1595;60;1502;-12;-60;467;165;177;125;105;248;114;485;918
2019-12-31;60;Slovenia;1586;55;1615;6;25;252;113;114;25;87;104;61;310;316
2019-12-31;61;Egypt;1581;36;1664;-8;-32;805;327;264;214;401;206;198;1421;868
2019-12-31;61;Jamaica;1581;84;1403;3;12;633;246;237;150;247;243;143;853;838
2019-12-31;63;Uzbekistan;1579;60;1591;-3;-11;293;100;113;80;138;96;59;509;340
2019-12-31;64;Cameroon;1578;52;1605;-6;-20;594;160;235;199;256;157;181;859;656
2019-12-31;65;Bulgaria;1574;39;1642;-16;-54;715;271;367;77;273;269;173;1029;1049
2019-12-31;66;Kosovo;1564;109;1392;17;68;43;17;13;13;17;18;8;64;67
2019-12-31;67;Haiti;1557;81;1410;14;45;510;178;176;156;219;183;108;837;696
2019-12-31;68;Saudi Arabia;1554;77;1491;-6;-29;748;294;135;319;357;217;174;1176;813
2019-12-31;69;Georgia;1551;72;1539;0;5;255;108;122;25;80;122;53;313;357
2019-12-31;70;North Macedonia;1546;76;1522;8;28;237;111;104;22;70;108;59;272;319
2019-12-31;71;Israel;1538;48;1623;-5;-23;465;233;183;49;174;184;107;710;661
2019-12-31;72;Bahrain;1537;113;1331;27;105;556;183;142;231;186;215;155;666;726
2019-12-31;73;Mali;1534;71;1516;2;7;561;179;216;166;217;195;149;735;687
2019-12-31;74;South Africa;1531;30;1717;-6;-17;440;219;147;74;191;128;121;601;475
2019-12-31;74;Albania;1531;73;1497;5;17;344;162;159;23;90;184;70;324;539
2019-12-31;76;Burkina Faso;1526;101;1387;0;2;420;148;168;104;136;173;111;503;599
2019-12-31;77;Montenegro;1523;53;1631;-16;-65;110;57;51;2;35;45;30;130;152
2019-12-31;78;Uganda;1517;73;1486;9;45;679;237;238;204;285;213;181;1053;817
2019-12-31;79;Oman;1504;134;1174;-5;-24;508;209;123;176;183;195;130;647;703
2019-12-31;80;Panama;1503;103;1340;-15;-62;498;175;191;132;152;225;121;587;793
2019-12-31;81;DR Congo;1502;61;1560;-10;-40;482;149;206;127;196;154;132;761;595
2019-12-31;82;Guatemala;1501;67;1486;2;7;547;184;163;200;194;208;145;772;762
2019-12-31;83;Belarus;1493;78;1514;-10;-45;243;93;128;22;71;108;64;278;341
2019-12-31;84;El Salvador;1489;70;1473;9;36;604;189;181;234;206;268;130;783;916
2019-12-31;85;New Zealand;1485;65;1497;-3;-17;393;124;177;92;159;162;72;679;603
2019-12-31;86;Syria;1484;86;1427;-29;-115;533;125;204;204;201;196;136;775;676
2019-12-31;87;Jordan;1477;115;1300;9;30;498;182;169;147;166;192;140;595;614
2019-12-31;88;Libya;1464;79;1478;-2;-10;404;145;149;110;146;165;93;564;550
2019-12-31;89;China;1461;47;1585;-10;-53;709;256;247;206;351;206;152;1357;788
2019-12-31;90;Benin;1459;109;1350;17;73;301;120;128;53;70;160;71;313;558
2019-12-31;91;Gabon;1457;95;1409;13;54;410;168;142;100;138;154;118;479;494
2019-12-31;91;Northern Cyprus;1457;83;1464;0;0;17;5;3;9;9;6;2;30;23
2019-12-31;93;United Arab Emirates;1451;100;1382;-8;-33;598;251;129;218;230;214;154;820;751
2019-12-31;94;Armenia;1450;105;1408;1;2;222;88;101;33;52;125;45;221;409
2019-12-31;95;Martinique;1446;78;1462;-1;-6;336;125;114;97;157;100;79;637;430
2019-12-31;96;Estonia;1433;92;1347;-8;-34;472;202;222;48;118;249;105;470;837
2019-12-31;97;Zambia;1432;57;1559;5;19;801;266;330;205;364;227;210;1290;840
2019-12-31;98;Guinea;1430;70;1524;-8;-35;584;168;247;169;227;189;168;879;738
2019-12-31;99;Madagascar;1428;102;1369;22;90;301;105;108;88;119;117;65;432;455
2019-12-31;100;Kurdistan;1425;103;1425;1;0;4;2;0;2;3;0;1;12;3
2019-12-31;101;Kuwait;1420;80;1480;-4;-18;690;246;158;286;301;216;173;1116;773
2019-12-31;102;Curaçao;1412;96;1381;23;80;449;153;162;134;183;156;110;790;703
2019-12-31;103;Vietnam;1411;121;1292;18;73;458;142;111;205;189;175;94;813;693
2019-12-31;104;Zimbabwe;1409;75;1470;-16;-58;497;184;208;105;197;160;140;691;595
2019-12-31;105;Lebanon;1405;107;1332;-13;-49;358;134;121;103;102;158;98;441;553
2019-12-31;106;Cape Verde;1401;124;1283;0;2;189;65;70;54;66;80;43;190;219
2019-12-31;107;Cyprus;1398;99;1382;-5;-15;365;206;154;5;71;232;62;332;804
2019-12-31;108;Congo;1389;78;1488;-1;3;440;168;177;95;168;167;105;652;600
2019-12-31;109;Palestine;1385;122;1242;2;3;240;19;91;130;65;110;65;306;389
2019-12-31;110;Mauritania;1380;159;1088;8;28;235;72;84;79;38;144;53;167;448
2019-12-31;111;North Korea;1378;58;1585;-11;-53;398;50;139;209;171;117;110;617;419
2019-12-31;112;Kenya;1376;89;1380;-3;-8;733;279;271;183;276;278;179;1014;1003
2019-12-31;112;Azerbaijan;1376;107;1399;-8;-27;261;89;127;45;53;140;68;209;438
2019-12-31;114;Reunion;1369;126;1171;-2;-12;135;53;37;45;54;54;27;234;249
2019-12-31;115;Kazakhstan;1360;100;1424;11;30;208;77;92;39;51;108;49;224;346
2019-12-31;115;Thailand;1360;112;1312;-6;-24;856;354;177;325;325;338;193;1340;1318
2019-12-31;117;Central African Republic;1346;123;1295;9;16;122;31;50;41;27;69;26;136;247
2019-12-31;118;Trinidad and Tobago;1345;59;1512;-20;-88;802;322;338;142;350;280;172;1340;1019
2019-12-31;119;Malawi;1343;113;1330;31;92;633;288;229;116;217;232;184;768;817
2019-12-31;120;Angola;1340;85;1458;9;18;402;148;167;87;145;125;132;478;431
2019-12-31;121;Mozambique;1339;116;1330;17;44;366;150;157;59;118;159;89;389;475
2019-12-31;121;Luxembourg;1339;109;1246;-2;-8;410;223;174;13;36;324;50;253;1126
2019-12-31;123;Gambia;1332;119;1301;12;29;249;106;89;54;61;116;72;251;369
2019-12-31;124;Sierra Leone;1330;102;1371;-7;-25;289;113;126;50;86;130;73;282;403
2019-12-31;125;Liberia;1326;110;1346;-5;-13;297;135;127;35;81;148;68;281;449
2019-12-31;126;Zanzibar;1323;147;1101;-12;-45;216;36;45;135;39;131;46;186;458
2019-12-31;127;Lithuania;1321;86;1320;-6;-17;353;140;173;40;95;191;67;369;649
2019-12-31;128;Namibia;1320;140;1256;-15;-56;241;100;103;38;63;111;67;243;350
2019-12-31;129;Togo;1313;86;1449;-13;-44;448;162;187;99;146;193;109;488;619
2019-12-31;129;Suriname;1313;82;1408;16;56;496;213;206;77;221;158;117;912;682
2019-12-31;131;Bermuda;1299;125;1293;35;118;192;92;69;31;66;88;38;307;315
2019-12-31;132;Tanzania;1298;116;1292;-2;-23;599;225;220;154;177;254;168;703;903
2019-12-31;132;Botswana;1298;152;1148;0;-20;307;149;117;41;82;138;87;262;415
2019-12-31;134;Lesotho;1297;151;1172;3;1;283;110;122;51;55;145;83;236;473
2019-12-31;134;Equatorial Guinea;1297;157;1126;5;5;138;62;51;25;32;78;28;122;230
2019-12-31;136;Guinea-Bissau;1291;126;1277;-3;-19;163;53;49;61;45;79;39;166;249
2019-12-31;137;Ethiopia;1281;96;1402;8;24;418;195;149;74;154;175;89;592;618
2019-12-31;138;Kyrgyzstan;1273;159;1185;2;-18;141;31;60;50;41;79;21;144;254
2019-12-31;139;Turkmenistan;1269;109;1384;9;16;157;36;62;59;64;64;29;256;229
2019-12-31;140;Cuba;1268;80;1450;-19;-70;440;94;188;158;169;168;103;623;614
2019-12-31;141;Sudan;1266;86;1455;1;-9;474;147;176;151;165;193;116;562;633
2019-12-31;141;New Caledonia;1266;99;1365;13;48;264;84;66;114;131;101;32;697;393
2019-12-31;143;French Guiana;1262;124;1244;-12;-57;162;54;57;51;47;83;32;237;291
2019-12-31;144;Rwanda;1256;145;1194;-1;-12;245;83;87;75;77;109;59;262;327
2019-12-31;145;Latvia;1254;81;1412;-9;-44;394;163;181;50;112;191;91;470;661
2019-12-31;146;Niger;1252;132;1236;-12;-57;236;94;103;39;50;130;56;223;433
2019-12-31;147;Moldova;1239;102;1419;-19;-84;235;84;117;34;46;133;56;190;384
2019-12-31;148;Tajikistan;1237;120;1342;8;23;154;41;66;47;58;68;28;226;237
2019-12-31;149;Fiji;1227;126;1249;9;20;250;98;54;98;112;91;47;584;401
2019-12-31;150;Faroe Islands;1225;121;1251;-3;-29;220;95;105;20;34;162;24;155;548
2019-12-31;151;Mayotte;1224;158;1195;3;6;38;2;10;26;13;16;9;54;56
2019-12-31;152;Guyana;1218;101;1297;13;35;408;172;178;58;119;204;85;503;710
2019-12-31;153;Grenada;1211;96;1388;32;142;263;93;101;69;92;104;67;434;464
2019-12-31;154;Chad;1210;132;1252;-6;-43;149;38;51;60;33;83;33;146;279
2019-12-31;155;Yemen;1209;141;1219;9;19;263;56;77;130;58;157;48;262;524
2019-12-31;156;Guadeloupe;1208;88;1419;4;5;257;82;80;95;110;99;48;445;367
2019-12-31;157;Malaysia;1205;120;1292;18;75;863;358;223;282;328;335;200;1390;1256
2019-12-31;158;Saint Kitts and Nevis;1197;136;1177;-7;-48;207;104;65;38;87;80;40;368;305
2019-12-31;159;India;1193;107;1351;-7;-28;548;152;154;242;200;240;108;770;928
2019-12-31;160;Tahiti;1192;97;1406;-7;-27;235;54;70;111;126;75;34;659;360
2019-12-31;161;Comoros;1189;193;886;17;100;85;17;23;45;13;50;22;56;151
2019-12-31;162;Nicaragua;1188;146;1014;-21;-91;197;40;76;81;34;144;19;178;553
2019-12-31;163;Dominican Republic;1182;169;1041;-19;-82;145;64;50;31;51;73;21;213;248
2019-12-31;164;St Vincent & Grenadines;1177;105;1338;17;99;318;120;118;80;113;128;77;486;552
2019-12-31;165;Vanuatu;1172;155;1102;-6;-34;195;46;45;104;61;106;28;366;420
2019-12-31;166;Hong Kong;1171;119;1301;-10;-43;456;161;134;161;160;205;91;740;787
2019-12-31;167;Malta;1167;115;1331;0;-10;393;211;161;21;48;280;65;241;906
2019-12-31;168;Burundi;1163;122;1289;-53;-196;195;48;73;74;58;90;47;211;266
2019-12-31;169;Singapore;1160;131;1237;11;80;713;290;167;256;220;348;145;954;1292
2019-12-31;170;Solomon Islands;1157;146;1183;-9;-45;188;50;53;85;79;76;33;423;368
2019-12-31;171;Antigua and Barbuda;1156;142;1189;-2;-13;255;105;94;56;88;118;49;367;428
2019-12-31;172;Philippines;1155;133;1066;-4;-21;346;94;107;145;81;215;50;354;945
2019-12-31;173;Papua New Guinea;1150;165;1085;4;59;138;25;36;77;45;69;24;320;304
2019-12-31;174;Eritrea;1149;162;1162;8;75;83;19;27;37;15;49;19;57;135
2019-12-31;175;Liechtenstein;1141;164;1131;-3;4;198;92;96;10;15;158;25;86;565
2019-12-31;176;Afghanistan;1140;167;905;-5;-13;130;8;50;72;32;71;27;126;274
2019-12-31;177;Belize;1138;137;1115;-7;-17;93;30;32;31;21;54;18;96;180
2019-12-31;178;Indonesia;1120;98;1369;-17;-82;710;221;174;315;267;306;137;1190;1161
2019-12-31;178;Eswatini;1120;152;1163;-15;-79;262;115;111;36;59;131;72;243;465
2019-12-31;180;Andorra;1107;183;1041;-1;23;166;64;76;26;7;139;20;47;426
2019-12-31;181;Barbados;1104;117;1259;-7;-29;330;159;113;58;108;135;87;432;505
2019-12-31;182;Sao Tome and Principe;1089;173;1055;1;17;56;23;23;10;9;40;7;43;142
2019-12-31;183;Gibraltar;1085;177;1087;-7;-17;56;16;21;19;10;42;4;40;183
2019-12-31;184;South Sudan;1055;182;1073;4;35;40;9;15;16;6;27;7;26;80
2019-12-31;185;Myanmar;1051;120;1266;1;-9;502;102;121;279;208;200;94;848;821
2019-12-31;186;Saint Lucia;1031;121;1255;-13;-104;234;79;97;58;77;118;39;322;430
2019-12-31;187;Mauritius;1027;102;1358;-3;-44;318;110;141;67;93;153;72;422;521
2019-12-31;188;Dominica;1021;128;1211;-1;-22;214;62;84;68;51;117;46;251;433
2019-12-31;189;Somaliland;1005;189;1002;1;0;2;0;0;2;1;0;1;4;3
2019-12-31;190;Western Sahara;996;189;996;1;0;1;0;1;0;0;1;0;0;6
2019-12-31;191;Puerto Rico;974;168;924;-2;-33;158;59;56;43;28;108;22;148;442
2019-12-31;192;Greenland;963;184;978;4;0;20;2;7;11;5;14;1;33;42
2019-12-31;193;Bonaire;958;147;1047;1;-15;77;12;47;18;17;51;9;85;205
2019-12-31;194;Maldives;948;190;881;-2;-34;203;53;68;82;56;113;34;253;471
2019-12-31;195;Taiwan;943;139;1195;-2;-32;309;85;95;129;89;170;50;428;717
2019-12-31;196;Nepal;923;190;884;5;40;239;60;66;113;54;144;41;205;563
2019-12-31;197;Somalia;917;162;1091;6;73;126;10;39;77;13;96;17;68;336
2019-12-31;198;Cayman Islands;913;179;1027;-1;-30;102;47;30;25;20;63;19;101;246
2019-12-31;198;Seychelles;913;179;1002;-3;-55;151;51;46;54;24;103;24;122;315
2019-12-31;200;Monaco;903;199;899;0;0;9;0;1;8;4;2;3;11;15
2019-12-31;201;Bahamas;897;188;876;1;46;55;19;19;17;13;36;6;60;184
2019-12-31;202;Djibouti;896;176;869;8;108;93;27;31;35;7;78;8;63;346
2019-12-31;203;Aruba;891;120;1217;-4;-40;176;77;68;31;41;96;39;251;398
2019-12-31;204;Pakistan;879;149;1124;-6;-60;262;56;87;119;62;152;48;267;587
2019-12-31;205;Montserrat;860;190;614;10;129;48;12;19;17;10;33;5;45;180
2019-12-31;206;Saint Martin;853;185;998;-1;26;57;12;23;22;20;32;5;82;148
2019-12-31;207;Cambodia;840;153;1078;1;45;276;66;79;131;62;176;38;314;726
2019-12-31;208;Bangladesh;837;178;993;-1;39;264;71;75;118;73;136;55;252;489
2019-12-31;209;San Marino;820;192;939;-5;-15;166;82;81;3;1;160;5;24;715
2019-12-31;210;Turks and Caicos Islands;800;209;777;2;23;29;7;13;9;6;21;2;28;120
2019-12-31;211;Chagos Islands;773;210;791;2;0;3;0;0;3;0;2;1;4;10
2019-12-31;212;Sint Maarten;764;185;918;-6;-46;48;14;18;16;12;28;8;63;134
2019-12-31;213;Sint Eustatius;757;212;753;1;0;9;1;8;0;4;1;4;25;19
2019-12-31;214;Tuvalu;737;203;745;-3;-42;31;0;4;27;7;20;4;39;175
2019-12-31;215;Guam;735;205;691;-6;-59;113;22;35;56;25;76;12;139;545
2019-12-31;216;Mongolia;732;188;851;2;23;78;16;28;34;17;52;9;91;233
2019-12-31;217;Saint Barthelemy;713;218;697;3;15;8;6;2;0;3;4;1;18;25
2019-12-31;218;US Virgin Islands;706;217;696;-2;-9;54;17;27;10;7;41;6;29;239
2019-12-31;219;Wallis and Futuna;699;199;699;0;0;24;0;5;19;5;19;0;23;109
2019-12-31;220;Macao;698;170;970;6;22;148;47;45;56;24;108;16;138;457
2019-12-31;221;Laos;693;182;918;0;-2;205;37;58;110;38;137;30;209;664
2019-12-31;222;Vatican;692;217;698;0;0;5;0;0;5;0;3;2;1;6
2019-12-31;223;Cook Islands;686;204;683;1;0;47;4;11;32;11;32;4;44;247
2019-12-31;224;Samoa;677;210;653;-1;-13;64;26;10;28;18;42;4;86;246
2019-12-31;224;Saint Pierre and Miquelon;677;222;679;1;0;7;0;0;7;0;7;0;2;78
2019-12-31;226;Sri Lanka;675;157;950;-9;-37;246;57;76;113;49;157;40;242;632
2019-12-31;227;Saba;671;222;674;0;0;6;5;1;0;1;3;2;14;18
2019-12-31;228;East Timor;642;225;626;0;-6;64;5;32;27;7;51;6;63;207
2019-12-31;229;Tibet;629;206;670;1;0;10;0;3;7;0;9;1;8;38
2019-12-31;230;Brunei;624;198;797;1;6;122;17;34;71;19;91;12;96;389
2019-12-31;231;British Virgin Islands;608;203;819;-2;-34;105;28;48;29;19;71;15;99;330
2019-12-31;232;Falkland Islands;580;228;588;0;0;3;0;1;2;0;3;0;0;21
2019-12-31;233;Christmas Island;578;227;577;0;0;10;6;4;0;7;2;1;29;8
2019-12-31;234;Bhutan;567;216;601;2;6;95;16;32;47;8;81;6;54;366
2019-12-31;235;FS Micronesia;563;229;574;0;0;8;1;3;4;1;7;0;8;64
2019-12-31;236;Anguilla;546;222;550;-3;-32;77;20;35;22;7;65;5;46;316
2019-12-31;237;Kiribati;544;216;584;1;0;11;0;2;9;0;10;1;7;126
2019-12-31;238;Tonga;527;209;672;-1;-18;62;8;14;40;14;42;6;70;242
2019-12-31;239;Niue;496;223;496;0;0;2;0;0;2;0;2;0;0;33
2019-12-31;240;Eastern Samoa;471;223;473;0;9;51;0;13;38;4;45;2;30;340
2019-12-31;241;Cocos Islands;422;233;423;0;0;10;4;6;0;2;7;1;8;29
2019-12-31;242;Northern Mariana Islands;410;230;540;0;0;26;3;9;14;3;21;2;31;116
2019-12-31;243;Palau;402;236;402;0;0;2;2;0;0;0;2;0;3;27
2020-12-31;1;Brazil;2135;4;1995;1;54;1001;350;322;329;633;160;208;2174;904
2020-12-31;2;Belgium;2110;24;1745;-1;27;811;391;351;69;355;288;168;1462;1298
2020-12-31;3;France;2091;16;1782;0;45;869;446;322;101;431;259;179;1557;1212
2020-12-31;4;Spain;2050;7;1939;0;22;710;310;281;119;415;132;163;1425;641
2020-12-31;5;Portugal;2038;19;1786;1;52;626;293;236;97;302;177;147;1058;724
2020-12-31;6;Italy;1997;8;1913;3;29;835;377;301;157;442;163;230;1456;824
2020-12-31;7;Netherlands;1994;15;1842;-2;-23;834;396;337;101;424;229;181;1725;1074
2020-12-31;8;Argentina;1993;5;1981;0;24;1040;361;400;279;558;223;259;1965;1105
2020-12-31;9;England;1961;4;1983;3;6;1089;471;506;112;637;205;247;2563;1075
2020-12-31;10;Germany;1955;8;1909;1;-9;979;431;393;155;568;209;202;2201;1157
2020-12-31;11;Uruguay;1952;12;1874;-1;-13;954;317;408;229;418;307;229;1526;1205
2020-12-31;12;Mexico;1928;20;1780;2;27;929;279;253;397;484;235;210;1683;969
2020-12-31;13;Denmark;1927;20;1794;3;36;838;381;373;84;382;282;174;1523;1161
2020-12-31;14;Colombia;1896;51;1599;-7;-89;581;168;207;206;231;193;157;735;687
2020-12-31;15;Switzerland;1870;27;1681;0;-27;828;398;368;62;289;359;180;1214;1404
2020-12-31;16;Croatia;1860;12;1877;-3;-60;331;134;141;56;173;70;88;577;339
2020-12-31;17;Ukraine;1834;33;1732;2;-21;277;126;116;35;127;74;76;385;278
2020-12-31;18;Wales;1828;22;1668;7;46;673;315;334;24;215;313;145;838;1100
2020-12-31;19;Ecuador;1825;67;1503;18;100;530;166;187;177;158;240;132;649;851
2020-12-31;20;Sweden;1820;16;1797;-2;-39;1057;459;476;122;515;314;228;2118;1406
2020-12-31;21;Chile;1813;28;1675;0;6;789;305;283;201;299;319;171;1126;1137
2020-12-31;22;Poland;1812;30;1710;2;23;856;364;387;105;372;275;209;1456;1155
2020-12-31;23;Venezuela;1801;87;1413;-3;-28;422;163;158;101;111;218;93;460;792
2020-12-31;24;Peru;1792;35;1673;-7;-73;644;242;230;172;207;278;159;799;918
2020-12-31;25;Serbia;1789;20;1785;-3;-5;798;281;391;126;374;248;176;1523;1103
2020-12-31;26;Austria;1786;20;1810;5;45;803;402;358;43;337;292;174;1443;1254
2020-12-31;27;South Korea;1773;35;1681;0;1;978;317;240;421;529;208;241;1768;898
2020-12-31;28;Paraguay;1769;23;1755;5;31;730;197;338;195;259;278;193;954;1046
2020-12-31;29;Norway;1763;38;1615;9;41;832;396;388;48;303;343;186;1252;1391
2020-12-31;29;Iran;1763;42;1648;3;24;602;205;176;221;337;122;143;1129;474
2020-12-31;31;Czechia;1760;13;1858;3;25;820;332;393;95;396;244;180;1515;1023
2020-12-31;32;Senegal;1755;58;1576;-4;-8;625;200;241;184;267;185;173;822;620
2020-12-31;33;Turkey;1752;43;1602;-7;-26;606;265;273;68;228;233;145;825;880
2020-12-31;34;Algeria;1747;48;1616;-4;5;609;233;216;160;256;188;165;871;644
2020-12-31;35;United States;1745;41;1635;4;25;735;418;239;78;317;263;155;1078;989
2020-12-31;36;Hungary;1744;19;1838;19;126;973;434;467;72;461;307;205;1987;1452
2020-12-31;36;Russia;1744;23;1740;-14;-50;771;287;366;118;405;168;198;1382;751
2020-12-31;36;Japan;1744;64;1447;-7;0;764;294;192;278;357;246;161;1322;940
2020-12-31;39;Australia;1713;35;1667;1;0;576;253;207;116;290;166;120;1182;670
2020-12-31;40;Finland;1708;63;1494;9;61;764;314;398;52;199;409;156;905;1610
2020-12-31;41;Morocco;1681;44;1646;6;22;644;276;211;157;303;158;183;938;576
2020-12-31;42;Nigeria;1668;37;1671;-1;-41;643;225;247;171;296;163;184;964;656
2020-12-31;43;Romania;1666;28;1720;-1;-35;742;304;353;85;329;228;185;1216;959
2020-12-31;44;Slovakia;1664;38;1685;-9;-70;305;131;141;33;123;111;71;436;390
2020-12-31;45;Scotland;1659;13;1884;5;20;807;374;388;45;385;247;175;1407;996
2020-12-31;46;Ireland;1658;23;1625;-10;-71;686;348;282;56;241;266;179;905;1097
2020-12-31;47;Qatar;1638;96;1399;-1;-30;609;287;133;189;251;202;156;869;704
2020-12-31;48;Bosnia and Herzegovina;1634;51;1637;-5;-49;227;91;110;26;89;88;50;336;306
2020-12-31;49;Iceland;1632;82;1417;-4;-39;461;198;219;44;143;232;86;548;774
2020-12-31;50;Slovenia;1628;55;1614;10;42;260;118;117;25;92;104;64;322;317
2020-12-31;51;Iraq;1627;46;1624;2;4;685;119;211;355;324;172;189;1105;636
2020-12-31;52;Greece;1626;50;1550;5;19;602;273;270;59;224;233;145;749;857
2020-12-31;53;Costa Rica;1621;35;1691;-5;-36;712;237;259;216;324;219;169;1255;820
2020-12-31;54;Ivory Coast;1617;44;1640;2;2;626;216;224;186;308;154;164;1013;648
2020-12-31;55;Tunisia;1615;47;1614;-1;-4;695;311;232;152;286;211;198;991;784
2020-12-31;56;Honduras;1610;62;1499;-5;-20;594;191;194;209;240;199;155;879;758
2020-12-31;57;Cameroon;1604;52;1605;7;26;597;161;236;200;258;157;182;865;657
2020-12-31;58;Ghana;1603;40;1658;-7;-27;716;228;279;209;349;190;177;1171;746
2020-12-31;59;Egypt;1601;36;1663;2;20;807;328;265;214;403;206;198;1425;869
2020-12-31;60;Canada;1599;50;1591;-2;-4;412;132;177;103;150;168;94;488;556
2020-12-31;61;Israel;1591;48;1622;10;53;472;236;187;49;176;186;110;717;668
2020-12-31;62;Northern Ireland;1586;39;1661;-18;-92;558;254;270;34;153;265;140;585;864
2020-12-31;63;Bolivia;1583;60;1502;-4;-12;471;167;179;125;105;251;115;490;930
2020-12-31;63;Jamaica;1583;84;1404;-2;2;636;247;239;150;249;244;143;857;842
2020-12-31;65;Mali;1573;71;1516;8;39;564;180;217;167;220;195;149;741;688
2020-12-31;66;North Macedonia;1569;76;1524;4;23;245;115;107;23;74;109;62;284;328
2020-12-31;67;Bahrain;1564;112;1335;5;27;559;183;143;233;189;215;155;673;728
2020-12-31;68;Haiti;1557;81;1411;-1;0;510;178;176;156;219;183;108;837;696
2020-12-31;69;Albania;1556;73;1497;5;25;351;166;162;23;94;185;72;334;544
2020-12-31;70;Saudi Arabia;1555;77;1492;-2;1;750;296;135;319;358;218;174;1180;815
2020-12-31;71;Uzbekistan;1551;60;1591;-8;-28;299;102;114;83;140;100;59;515;348
2020-12-31;71;Burkina Faso;1551;101;1390;5;25;424;149;169;106;139;173;112;511;601
2020-12-31;73;Panama;1533;103;1342;7;30;504;175;195;134;155;227;122;593;800
2020-12-31;74;Montenegro;1531;55;1624;3;8;118;62;53;3;39;46;33;141;155
2020-12-31;75;Armenia;1522;104;1410;19;72;228;89;104;35;55;126;47;230;415
2020-12-31;76;South Africa;1515;30;1715;-2;-16;444;223;147;74;193;129;122;609;480
2020-12-31;77;Georgia;1507;72;1539;-8;-44;263;113;124;26;82;124;57;320;364
2020-12-31;78;Bulgaria;1504;39;1641;-13;-70;724;277;370;77;274;275;175;1035;1060
2020-12-31;78;Oman;1504;133;1180;1;0;508;209;123;176;183;195;130;647;703
2020-12-31;80;DR Congo;1500;61;1560;1;-2;486;150;208;128;197;155;134;763;599
2020-12-31;81;Belarus;1496;78;1514;2;3;253;96;134;23;76;112;65;293;355
2020-12-31;82;Kosovo;1491;107;1398;-16;-73;52;20;17;15;18;24;10;70;78
2020-12-31;82;Jordan;1491;115;1303;5;14;500;182;169;149;167;192;141;596;614
2020-12-31;84;Syria;1486;86;1427;2;2;535;125;204;206;202;197;136;776;677
2020-12-31;84;Guatemala;1486;68;1486;-2;-15;551;186;165;200;195;210;146;774;768
2020-12-31;86;New Zealand;1485;66;1497;-1;0;393;124;177;92;159;162;72;679;603
2020-12-31;87;Uganda;1482;73;1487;-9;-35;681;238;238;205;286;214;181;1054;818
2020-12-31;88;El Salvador;1479;70;1473;-4;-10;606;189;182;235;206;270;130;783;923
2020-12-31;89;Benin;1476;109;1351;1;17;304;121;129;54;72;160;72;316;558
2020-12-31;90;China;1461;48;1583;-1;0;709;256;247;206;351;206;152;1357;788
2020-12-31;91;Northern Cyprus;1457;83;1464;0;0;17;5;3;9;9;6;2;30;23
2020-12-31;92;Zambia;1446;57;1558;5;14;808;268;335;205;369;229;210;1302;848
2020-12-31;92;Martinique;1446;78;1461;3;0;336;125;114;97;157;100;79;637;430
2020-12-31;94;Guinea;1434;70;1523;4;4;587;169;248;170;229;189;169;883;740
2020-12-31;95;Gabon;1431;95;1410;-4;-26;413;169;143;101;139;156;118;482;499
2020-12-31;96;United Arab Emirates;1429;100;1383;-3;-22;601;254;129;218;231;216;154;825;758
2020-12-31;97;Kurdistan;1425;102;1425;3;0;4;2;0;2;3;0;1;12;3
2020-12-31;98;Madagascar;1421;102;1369;1;-7;304;106;109;89;119;119;66;435;460
2020-12-31;99;Kuwait;1420;80;1479;2;0;690;246;158;286;301;216;173;1116;773
2020-12-31;100;Zimbabwe;1418;76;1469;4;9;500;185;210;105;197;161;142;694;600
2020-12-31;101;Curaçao;1412;96;1381;1;0;449;153;162;134;183;156;110;790;703
2020-12-31;102;Vietnam;1411;120;1293;1;0;458;142;111;205;189;175;94;813;693
2020-12-31;103;Palestine;1402;122;1244;6;17;244;19;92;133;69;110;65;314;390
2020-12-31;104;Libya;1399;80;1478;-16;-65;407;145;150;112;146;168;93;567;556
2020-12-31;105;Lebanon;1396;107;1333;0;-9;359;134;121;104;102;159;98;442;556
2020-12-31;106;Cape Verde;1384;124;1285;0;-17;193;66;72;55;67;81;45;193;222
2020-12-31;107;Azerbaijan;1383;107;1398;5;7;268;90;131;47;54;142;72;211;442
2020-12-31;108;Estonia;1382;92;1348;-12;-51;480;206;226;48;118;254;108;476;853
2020-12-31;109;North Korea;1378;59;1582;2;0;398;50;139;209;171;117;110;617;419
2020-12-31;110;Congo;1375;78;1486;-2;-14;443;169;178;96;169;168;106;654;601
2020-12-31;111;Lithuania;1371;87;1321;16;50;361;144;177;40;99;193;69;379;658
2020-12-31;112;Reunion;1369;126;1174;2;0;135;53;37;45;54;54;27;234;249
2020-12-31;113;Luxembourg;1363;109;1247;8;24;418;228;177;13;39;328;51;261;1136
2020-12-31;114;Thailand;1360;112;1313;1;0;856;354;177;325;325;338;193;1340;1318
2020-12-31;115;Gambia;1355;119;1302;8;23;252;107;90;55;63;117;72;255;372
2020-12-31;116;Angola;1350;86;1456;4;10;405;149;168;88;146;126;133;481;432
2020-12-31;117;Kenya;1349;89;1379;-5;-27;736;281;272;183;277;279;180;1018;1007
2020-12-31;118;Trinidad and Tobago;1345;59;1511;0;0;802;322;338;142;350;280;172;1340;1019
2020-12-31;118;Sierra Leone;1345;103;1370;6;15;293;114;129;50;86;132;75;287;410
2020-12-31;118;Equatorial Guinea;1345;157;1130;16;48;140;63;51;26;34;78;28;126;232
2020-12-31;121;Mauritania;1337;159;1093;-11;-43;238;74;85;79;39;145;54;171;453
2020-12-31;122;Malawi;1335;113;1330;-3;-8;637;290;231;116;217;234;186;769;821
2020-12-31;123;Kazakhstan;1333;100;1422;-8;-27;215;80;96;39;52;112;51;229;355
2020-12-31;124;Central African Republic;1332;123;1296;-7;-14;124;31;51;42;27;71;26;137;253
2020-12-31;125;Sudan;1329;87;1452;16;63;482;148;182;152;169;195;118;572;643
2020-12-31;126;Liberia;1326;110;1345;-1;0;297;135;127;35;81;148;68;281;449
2020-12-31;127;Cyprus;1325;100;1382;-20;-73;373;210;157;6;72;238;63;336;818
2020-12-31;128;Zanzibar;1323;147;1104;-2;0;216;36;45;135;39;131;46;186;458
2020-12-31;129;Botswana;1315;152;1151;3;17;309;150;118;41;83;139;87;264;417
2020-12-31;130;Suriname;1313;83;1407;-1;0;496;213;206;77;221;158;117;912;682
2020-12-31;131;Namibia;1310;139;1258;-3;-10;244;101;105;38;63;113;68;245;354
2020-12-31;132;Bermuda;1296;125;1293;-1;-3;193;92;70;31;66;89;38;307;317
2020-12-31;133;Guinea-Bissau;1295;126;1277;3;4;166;54;50;62;46;81;39;167;252
2020-12-31;133;Lesotho;1295;151;1174;1;-2;285;111;123;51;55;146;84;236;474
2020-12-31;135;Togo;1293;87;1447;-6;-20;451;163;188;100;146;195;110;490;624
2020-12-31;136;Tanzania;1292;116;1292;-4;-6;602;227;221;154;177;256;169;704;906
2020-12-31;137;Mozambique;1289;116;1330;-16;-50;370;151;158;61;118;163;89;390;485
2020-12-31;138;Ethiopia;1274;96;1400;-1;-7;423;199;150;74;155;178;90;600;627
2020-12-31;139;Kyrgyzstan;1273;158;1189;-1;0;141;31;60;50;41;79;21;144;254
2020-12-31;140;Turkmenistan;1269;110;1380;-1;0;157;36;62;59;64;64;29;256;229
2020-12-31;140;Rwanda;1269;145;1195;4;13;247;84;88;75;77;109;61;262;327
2020-12-31;142;Cuba;1268;80;1448;-2;0;440;94;188;158;169;168;103;623;614
2020-12-31;143;New Caledonia;1266;100;1364;-2;0;264;84;66;114;131;101;32;697;393
2020-12-31;144;French Guiana;1262;124;1245;-1;0;162;54;57;51;47;83;32;237;291
2020-12-31;145;Latvia;1261;83;1408;0;7;402;166;186;50;114;192;96;482;666
2020-12-31;145;Faroe Islands;1261;121;1251;5;36;228;98;110;20;37;164;27;165;559
2020-12-31;147;Niger;1254;132;1236;-1;2;240;97;104;39;53;131;56;227;436
2020-12-31;148;Burundi;1250;123;1287;20;87;202;49;76;77;63;91;48;227;273
2020-12-31;149;Comoros;1242;192;894;12;53;88;18;24;46;15;50;23;61;154
2020-12-31;150;Tajikistan;1229;121;1339;-2;-8;157;41;68;48;58;71;28;229;243
2020-12-31;151;Fiji;1227;127;1249;-2;0;250;98;54;98;112;91;47;584;401
2020-12-31;152;Moldova;1226;103;1412;-5;-13;244;87;121;36;46;140;58;191;402
2020-12-31;153;Mayotte;1224;158;1197;-2;0;38;2;10;26;13;16;9;54;56
2020-12-31;154;Guyana;1218;102;1297;-2;0;408;172;178;58;119;204;85;503;710
2020-12-31;155;Malta;1214;116;1328;12;47;401;216;164;21;52;281;68;254;912
2020-12-31;156;Grenada;1211;97;1386;-3;0;263;93;101;69;92;104;67;434;464
2020-12-31;157;Yemen;1209;141;1219;-2;0;263;56;77;130;58;157;48;262;524
2020-12-31;158;Guadeloupe;1208;88;1416;-2;0;257;82;80;95;110;99;48;445;367
2020-12-31;158;Nicaragua;1208;146;1016;4;20;200;42;77;81;34;144;22;179;554
2020-12-31;160;Malaysia;1205;120;1291;-3;0;863;358;223;282;328;335;200;1390;1256
2020-12-31;161;Saint Kitts and Nevis;1197;136;1177;-3;0;207;104;65;38;87;80;40;368;305
2020-12-31;162;India;1193;107;1349;-3;0;548;152;154;242;200;240;108;770;928
2020-12-31;163;Tahiti;1192;98;1403;-3;0;235;54;70;111;126;75;34;659;360
2020-12-31;164;Dominican Republic;1182;168;1044;-1;0;145;64;50;31;51;73;21;213;248
2020-12-31;165;Chad;1180;133;1251;-11;-30;154;41;53;60;33;87;34;149;288
2020-12-31;166;St Vincent & Grenadines;1177;106;1336;-2;0;318;120;118;80;113;128;77;486;552
2020-12-31;167;Vanuatu;1172;155;1103;-2;0;195;46;45;104;61;106;28;366;420
2020-12-31;168;Hong Kong;1171;120;1299;-2;0;456;161;134;161;160;205;91;740;787
2020-12-31;169;Singapore;1160;131;1236;0;0;713;290;167;256;220;348;145;954;1292
2020-12-31;170;Solomon Islands;1157;146;1183;0;0;188;50;53;85;79;76;33;423;368
2020-12-31;171;Antigua and Barbuda;1156;142;1188;0;0;255;105;94;56;88;118;49;367;428
2020-12-31;172;Philippines;1155;133;1067;0;0;346;94;107;145;81;215;50;354;945
2020-12-31;173;Papua New Guinea;1150;165;1086;0;0;138;25;36;77;45;69;24;320;304
2020-12-31;174;Afghanistan;1140;167;908;2;0;130;8;50;72;32;71;27;126;274
2020-12-31;175;Eritrea;1139;163;1162;-1;-10;84;20;27;37;15;50;19;57;136
2020-12-31;176;Belize;1138;137;1116;1;0;93;30;32;31;21;54;18;96;180
2020-12-31;177;Eswatini;1122;153;1162;1;2;264;116;112;36;59;132;73;243;467
2020-12-31;178;Indonesia;1120;99;1366;0;0;710;221;174;315;267;306;137;1190;1161
2020-12-31;179;Liechtenstein;1115;164;1131;-4;-26;204;94;99;11;17;160;27;91;571
2020-12-31;180;Barbados;1100;117;1257;1;-4;332;159;113;60;108;137;87;434;513
2020-12-31;181;Gibraltar;1094;178;1087;2;9;62;18;25;19;12;44;6;43;189
2020-12-31;182;South Sudan;1090;182;1071;2;35;42;9;16;17;7;28;7;27;81
2020-12-31;183;Sao Tome and Principe;1083;173;1056;-1;-6;58;23;25;10;9;42;7;45;148
2020-12-31;184;Myanmar;1051;120;1263;1;0;502;102;121;279;208;200;94;848;821
2020-12-31;185;Andorra;1036;183;1043;-5;-71;174;68;80;26;7;145;22;49;446
2020-12-31;186;Saint Lucia;1031;122;1253;0;0;234;79;97;58;77;118;39;322;430
2020-12-31;187;Dominica;1021;128;1209;1;0;214;62;84;68;51;117;46;251;433
2020-12-31;188;Mauritius;1007;103;1354;-1;-20;320;110;141;69;93;154;73;425;527
2020-12-31;189;Somaliland;1005;189;1002;0;0;2;0;0;2;1;0;1;4;3
2020-12-31;190;Western Sahara;996;190;996;0;0;1;0;1;0;0;1;0;0;6
2020-12-31;191;Puerto Rico;974;169;924;0;0;158;59;56;43;28;108;22;148;442
2020-12-31;192;Greenland;963;184;978;0;0;20;2;7;11;5;14;1;33;42
2020-12-31;193;Bonaire;958;147;1045;0;0;77;12;47;18;17;51;9;85;205
2020-12-31;194;Maldives;948;190;883;0;0;203;53;68;82;56;113;34;253;471
2020-12-31;195;Taiwan;943;140;1191;0;0;309;85;95;129;89;170;50;428;717
2020-12-31;196;Somalia;917;162;1088;1;0;126;10;39;77;13;96;17;68;336
2020-12-31;197;Cayman Islands;913;180;1024;1;0;102;47;30;25;20;63;19;101;246
2020-12-31;198;Nepal;909;190;885;-2;-14;241;60;68;113;54;145;42;205;565
2020-12-31;199;Seychelles;907;179;1000;-1;-6;154;51;46;57;24;105;25;125;321
2020-12-31;200;Monaco;903;199;899;0;0;9;0;1;8;4;2;3;11;15
2020-12-31;201;Bahamas;897;188;876;0;0;55;19;19;17;13;36;6;60;184
2020-12-31;202;Djibouti;896;176;869;0;0;93;27;31;35;7;78;8;63;346
2020-12-31;203;Aruba;891;121;1213;0;0;176;77;68;31;41;96;39;251;398
2020-12-31;204;Pakistan;879;150;1120;0;0;262;56;87;119;62;152;48;267;587
2020-12-31;205;Montserrat;860;191;617;0;0;48;12;19;17;10;33;5;45;180
2020-12-31;206;Saint Martin;853;185;994;0;0;57;12;23;22;20;32;5;82;148
2020-12-31;207;Bangladesh;848;179;990;1;11;270;76;76;118;75;139;56;257;499
2020-12-31;208;Cambodia;840;154;1074;-1;0;276;66;79;131;62;176;38;314;726
2020-12-31;209;San Marino;830;193;935;0;10;172;84;84;4;1;164;7;24;725
2020-12-31;210;Turks and Caicos Islands;800;209;778;0;0;29;7;13;9;6;21;2;28;120
2020-12-31;211;Chagos Islands;773;211;788;0;0;3;0;0;3;0;2;1;4;10
2020-12-31;212;Sint Maarten;764;185;915;0;0;48;14;18;16;12;28;8;63;134
2020-12-31;213;Sint Eustatius;757;212;753;0;0;9;1;8;0;4;1;4;25;19
2020-12-31;214;Tuvalu;737;203;745;0;0;31;0;4;27;7;20;4;39;175
2020-12-31;215;Guam;735;205;692;0;0;113;22;35;56;25;76;12;139;545
2020-12-31;216;Mongolia;732;188;849;0;0;78;16;28;34;17;52;9;91;233
2020-12-31;217;Saint Barthelemy;713;218;698;0;0;8;6;2;0;3;4;1;18;25
2020-12-31;218;US Virgin Islands;706;217;697;0;0;54;17;27;10;7;41;6;29;239
2020-12-31;219;Wallis and Futuna;699;199;699;0;0;24;0;5;19;5;19;0;23;109
2020-12-31;220;Macao;698;171;966;0;0;148;47;45;56;24;108;16;138;457
2020-12-31;221;Laos;693;183;915;0;0;205;37;58;110;38;137;30;209;664
2020-12-31;222;Vatican;692;217;698;0;0;5;0;0;5;0;3;2;1;6
2020-12-31;223;Cook Islands;686;204;683;0;0;47;4;11;32;11;32;4;44;247
2020-12-31;224;Samoa;677;210;653;0;0;64;26;10;28;18;42;4;86;246
2020-12-31;224;Saint Pierre and Miquelon;677;223;679;0;0;7;0;0;7;0;7;0;2;78
2020-12-31;226;Saba;671;223;674;1;0;6;5;1;0;1;3;2;14;18
2020-12-31;227;Sri Lanka;664;158;946;-1;-11;248;57;77;114;49;159;40;242;637
2020-12-31;228;East Timor;642;226;626;0;0;64;5;32;27;7;51;6;63;207
2020-12-31;229;Tibet;629;206;669;0;0;10;0;3;7;0;9;1;8;38
2020-12-31;230;Brunei;624;198;793;0;0;122;17;34;71;19;91;12;96;389
2020-12-31;231;British Virgin Islands;608;203;813;0;0;105;28;48;29;19;71;15;99;330
2020-12-31;232;Falkland Islands;580;228;588;0;0;3;0;1;2;0;3;0;0;21
2020-12-31;233;Christmas Island;578;227;577;0;0;10;6;4;0;7;2;1;29;8
2020-12-31;234;Bhutan;567;217;600;0;0;95;16;32;47;8;81;6;54;366
2020-12-31;235;FS Micronesia;563;229;573;0;0;8;1;3;4;1;7;0;8;64
2020-12-31;236;Anguilla;546;223;550;0;0;77;20;35;22;7;65;5;46;316
2020-12-31;237;Kiribati;544;217;583;0;0;11;0;2;9;0;10;1;7;126
2020-12-31;238;Tonga;527;210;668;0;0;62;8;14;40;14;42;6;70;242
2020-12-31;239;Niue;496;223;496;0;0;2;0;0;2;0;2;0;0;33
2020-12-31;240;Eastern Samoa;471;224;473;0;0;51;0;13;38;4;45;2;30;340
2020-12-31;241;Cocos Islands;422;233;423;0;0;10;4;6;0;2;7;1;8;29
2020-12-31;242;Northern Mariana Islands;410;231;534;0;0;26;3;9;14;3;21;2;31;116
2020-12-31;243;Palau;402;236;402;0;0;2;2;0;0;0;2;0;3;27
2021-12-31;1;Brazil;2149;4;1996;0;14;1017;361;327;329;645;161;211;2201;909
2021-12-31;2;France;2114;16;1785;1;23;885;452;328;105;441;259;185;1593;1224
2021-12-31;3;Argentina;2101;5;1982;5;108;1056;366;405;285;568;223;265;1991;1112
2021-12-31;4;Belgium;2074;24;1748;-2;-36;828;397;357;74;366;291;171;1501;1313
2021-12-31;5;Spain;2037;7;1940;-1;-13;728;319;286;123;425;134;169;1460;655
2021-12-31;6;England;2031;4;1983;3;70;1108;484;511;113;652;205;251;2615;1080
2021-12-31;7;Italy;2030;8;1914;-1;33;854;388;306;160;454;164;236;1496;833
2021-12-31;8;Portugal;1972;19;1788;-3;-66;642;298;243;101;311;180;151;1092;738
2021-12-31;9;Germany;1962;8;1910;1;7;995;440;398;157;579;212;204;2251;1170
2021-12-31;10;Denmark;1937;20;1796;3;10;856;390;379;87;395;286;175;1568;1172
2021-12-31;11;Switzerland;1933;27;1683;4;63;845;406;373;66;299;360;186;1251;1419
2021-12-31;12;Netherlands;1929;15;1843;-5;-65;850;405;342;103;435;231;184;1771;1088
2021-12-31;13;Colombia;1904;51;1603;1;8;598;173;213;212;235;196;167;752;700
2021-12-31;14;Croatia;1858;12;1876;2;-2;347;140;149;58;181;74;92;606;353
2021-12-31;14;United States;1858;41;1636;21;113;757;433;245;79;334;265;158;1124;1001
2021-12-31;16;Ecuador;1848;67;1507;3;23;548;172;193;183;164;246;138;670;871
2021-12-31;17;Uruguay;1847;12;1874;-6;-105;969;322;413;234;422;312;235;1537;1221
2021-12-31;18;Serbia;1846;20;1785;7;57;812;286;398;128;382;249;181;1550;1114
2021-12-31;19;Mexico;1839;20;1781;-7;-89;953;282;261;410;496;241;216;1719;988
2021-12-31;20;Iran;1837;41;1650;9;74;613;208;179;226;347;122;144;1160;477
2021-12-31;21;Wales;1835;22;1669;-3;7;689;321;340;28;221;317;151;856;1118
2021-12-31;22;Peru;1834;35;1675;2;42;661;247;237;177;214;285;162;820;942
2021-12-31;23;Czechia;1833;13;1858;8;73;837;339;398;100;404;249;184;1546;1042
2021-12-31;24;Sweden;1820;16;1798;-4;0;1073;467;481;125;526;318;229;2143;1418
2021-12-31;25;Ukraine;1817;32;1735;-8;-17;295;134;122;39;133;77;85;410;299
2021-12-31;26;Algeria;1799;48;1617;8;52;629;240;220;169;271;188;170;934;658
2021-12-31;27;Chile;1793;28;1676;-6;-20;807;311;289;207;305;325;177;1143;1155
2021-12-31;28;South Korea;1788;35;1682;-1;15;988;324;242;422;536;209;243;1788;904
2021-12-31;29;Canada;1784;49;1591;31;185;431;137;182;112;163;170;98;543;567
2021-12-31;30;Poland;1769;30;1711;-8;-43;871;371;393;107;378;279;214;1493;1175
2021-12-31;31;Morocco;1764;44;1647;10;83;658;285;212;161;315;158;185;972;579
2021-12-31;32;Russia;1762;23;1740;4;18;786;295;373;118;414;172;200;1405;765
2021-12-31;33;Japan;1760;63;1450;3;16;776;302;195;279;367;248;161;1364;945
2021-12-31;34;Australia;1734;35;1668;5;21;586;254;210;122;297;167;122;1203;675
2021-12-31;35;Norway;1733;38;1616;-6;-30;844;400;393;51;309;346;189;1269;1401
2021-12-31;36;Austria;1730;20;1810;-10;-56;819;408;365;46;344;299;176;1467;1277
2021-12-31;37;Scotland;1728;13;1883;8;69;822;381;395;46;393;250;179;1428;1010
2021-12-31;37;Paraguay;1728;23;1755;-9;-41;745;202;343;200;262;285;198;965;1065
2021-12-31;39;Turkey;1726;43;1603;-6;-26;622;272;278;72;236;237;149;857;905
2021-12-31;40;Hungary;1725;19;1837;-4;-19;988;443;473;72;467;311;210;2010;1471
2021-12-31;41;Finland;1722;63;1496;-1;14;779;320;406;53;203;417;159;918;1629
2021-12-31;42;Senegal;1702;58;1579;-10;-53;641;206;245;190;277;186;178;851;632
2021-12-31;43;Bolivia;1693;60;1504;20;110;488;172;186;130;110;261;117;510;960
2021-12-31;44;Ireland;1682;23;1625;2;24;698;353;288;57;245;269;184;925;1107
2021-12-31;45;Venezuela;1677;86;1417;-22;-124;436;168;164;104;112;228;96;469;817
2021-12-31;46;Greece;1670;50;1551;6;44;614;278;276;60;228;236;150;763;870
2021-12-31;47;Slovakia;1667;38;1685;-3;3;320;136;148;36;127;115;78;456;408
2021-12-31;48;Romania;1666;28;1720;-5;0;754;310;359;85;334;233;187;1230;970
2021-12-31;49;Qatar;1663;95;1404;-2;25;633;295;139;199;263;209;161;904;736
2021-12-31;50;Egypt;1658;36;1662;9;57;822;333;270;219;412;207;203;1452;877
2021-12-31;51;Ivory Coast;1646;45;1640;3;29;636;219;228;189;315;155;166;1031;653
2021-12-31;52;Nigeria;1643;37;1671;-10;-25;654;229;249;176;302;166;186;977;664
2021-12-31;53;Tunisia;1638;47;1614;2;23;712;318;236;158;298;215;199;1020;797
2021-12-31;54;North Macedonia;1629;75;1526;12;60;260;122;113;25;80;114;66;314;348
2021-12-31;54;Israel;1629;48;1622;7;38;484;241;194;49;182;191;111;743;694
2021-12-31;56;Saudi Arabia;1628;77;1494;14;73;764;304;138;322;368;220;176;1205;821
2021-12-31;57;Panama;1626;102;1344;16;93;523;183;200;140;165;231;127;633;821
2021-12-31;58;Costa Rica;1617;35;1691;-5;-4;730;241;265;224;329;225;176;1269;838
2021-12-31;59;Slovenia;1616;55;1614;-9;-12;272;124;123;25;97;108;67;342;330
2021-12-31;60;Mali;1615;70;1517;5;42;574;180;223;171;225;198;151;753;692
2021-12-31;61;Cameroon;1607;52;1604;-4;3;607;165;238;204;264;159;184;879;663
2021-12-31;62;Northern Ireland;1602;39;1660;0;16;570;259;276;35;157;270;143;596;874
2021-12-31;63;Ghana;1600;40;1657;-5;-3;726;233;283;210;354;192;180;1182;752
2021-12-31;63;Bosnia and Herzegovina;1600;51;1637;-15;-34;240;98;116;26;91;93;56;346;321
2021-12-31;65;Jamaica;1587;84;1406;-2;4;650;250;245;155;252;250;148;869;860
2021-12-31;66;Albania;1586;73;1498;3;30;363;171;169;23;100;190;73;347;559
2021-12-31;67;Burkina Faso;1561;100;1392;4;10;435;150;173;112;143;175;117;525;608
2021-12-31;68;Iraq;1551;46;1624;-17;-76;702;122;216;364;329;176;197;1123;654
2021-12-31;69;Georgia;1549;72;1538;8;42;275;118;131;26;86;131;58;330;384
2021-12-31;70;South Africa;1548;30;1713;6;33;459;234;151;74;202;131;126;628;487
2021-12-31;71;Iceland;1545;81;1419;-22;-87;474;203;226;45;146;238;90;564;796
2021-12-31;72;Jordan;1529;114;1306;10;38;521;184;175;162;177;200;144;624;637
2021-12-31;73;New Zealand;1528;66;1497;13;43;396;124;178;94;162;162;72;684;604
2021-12-31;74;Haiti;1526;81;1413;-6;-31;522;181;179;162;226;188;108;866;714
2021-12-31;74;Oman;1526;132;1186;4;22;527;212;126;189;192;201;134;678;722
2021-12-31;76;Uzbekistan;1524;60;1589;-5;-27;310;104;118;88;146;105;59;535;361
2021-12-31;77;Bulgaria;1517;39;1640;1;13;737;282;377;78;277;281;179;1047;1081
2021-12-31;78;Montenegro;1514;56;1617;-4;-17;130;68;59;3;42;51;37;156;173
2021-12-31;79;DR Congo;1509;61;1558;1;9;496;154;213;129;201;158;137;774;607
2021-12-31;80;China;1505;48;1582;10;44;719;257;248;214;356;209;154;1381;800
2021-12-31;80;Bahrain;1505;111;1339;-13;-59;575;194;145;236;197;221;157;709;745
2021-12-31;82;El Salvador;1499;70;1474;6;20;631;197;187;247;214;280;137;813;944
2021-12-31;83;Armenia;1498;103;1415;-8;-24;240;94;111;35;58;131;51;241;439
2021-12-31;84;Honduras;1495;62;1499;-28;-115;611;195;201;215;242;208;161;895;786
2021-12-31;85;United Arab Emirates;1487;99;1385;11;58;618;264;132;222;240;220;158;858;774
2021-12-31;86;Kosovo;1471;107;1401;-4;-20;66;27;21;18;23;31;12;87;99
2021-12-31;87;Cape Verde;1467;123;1287;19;83;202;70;75;57;72;83;47;205;231
2021-12-31;88;Guatemala;1459;68;1485;-4;-27;565;191;166;208;202;212;151;800;777
2021-12-31;89;Uganda;1458;73;1486;-2;-24;692;242;244;206;289;218;185;1062;826
2021-12-31;90;Northern Cyprus;1457;83;1464;1;0;17;5;3;9;9;6;2;30;23
2021-12-31;91;Belarus;1452;78;1513;-10;-44;264;100;138;26;78;120;66;303;382
2021-12-31;92;Benin;1431;109;1353;-3;-45;313;126;132;55;75;164;74;323;566
2021-12-31;93;Estonia;1428;93;1349;15;46;493;211;233;49;122;262;109;489;877
2021-12-31;94;Syria;1427;86;1428;-10;-59;550;125;208;217;205;207;138;795;703
2021-12-31;94;Equatorial Guinea;1427;156;1134;24;82;148;67;55;26;38;80;30;134;239
2021-12-31;96;Kurdistan;1425;102;1425;1;0;4;2;0;2;3;0;1;12;3
2021-12-31;97;Zambia;1424;58;1557;-5;-22;824;272;344;208;374;236;214;1324;872
2021-12-31;98;Gabon;1413;95;1410;-3;-18;421;173;147;101;142;160;119;492;509
2021-12-31;99;Luxembourg;1407;109;1248;14;44;430;234;181;15;42;336;52;270;1158
2021-12-31;100;Curaçao;1404;96;1382;1;-8;459;158;164;137;188;159;112;815;713
2021-12-31;101;Guinea;1403;71;1521;-7;-31;599;171;252;176;232;193;174;894;757
2021-12-31;101;Palestine;1403;122;1246;2;1;254;19;95;140;74;114;66;331;407
2021-12-31;103;Thailand;1392;113;1313;11;32;869;354;179;336;331;342;196;1362;1332
2021-12-31;104;Martinique;1388;78;1461;-12;-58;340;126;115;99;157;104;79;641;444
2021-12-31;104;Guinea-Bissau;1388;126;1278;29;93;174;55;55;64;49;83;42;178;264
2021-12-31;106;Lebanon;1384;107;1333;-1;-12;374;136;124;114;106;167;101;455;574
2021-12-31;107;North Korea;1378;60;1579;2;0;398;50;139;209;171;117;110;617;419
2021-12-31;108;Kuwait;1373;80;1478;-9;-47;702;250;163;289;303;223;176;1125;794
2021-12-31;109;Kenya;1371;89;1379;8;22;746;287;275;184;281;281;184;1028;1019
2021-12-31;110;Reunion;1369;126;1176;2;0;135;53;37;45;54;54;27;234;249
2021-12-31;111;Trinidad and Tobago;1368;60;1509;7;23;812;322;341;149;353;282;177;1354;1032
2021-12-31;112;Angola;1360;86;1454;4;10;413;153;172;88;148;130;135;489;441
2021-12-31;113;Liberia;1354;110;1345;13;28;308;135;132;41;85;155;68;290;465
2021-12-31;114;Namibia;1353;139;1261;17;43;257;102;108;47;67;117;73;258;369
2021-12-31;115;Mauritania;1352;158;1097;6;15;253;78;90;85;43;152;58;181;475
2021-12-31;116;Gambia;1351;119;1302;-1;-4;260;108;91;61;67;121;72;262;379
2021-12-31;117;Kazakhstan;1349;101;1419;6;16;225;85;101;39;53;118;54;235;379
2021-12-31;118;Ethiopia;1346;97;1399;20;72;435;205;154;76;160;182;93;618;640
2021-12-31;119;Vietnam;1341;120;1295;-17;-70;474;145;114;215;194;183;97;835;712
2021-12-31;120;Sierra Leone;1334;103;1370;-2;-11;300;115;131;54;88;134;78;291;416
2021-12-31;120;Suriname;1334;83;1407;10;21;503;215;206;82;225;161;117;930;691
2021-12-31;122;Togo;1332;88;1444;13;39;461;167;191;103;149;199;113;498;633
2021-12-31;123;Libya;1330;80;1476;-19;-69;417;149;154;114;148;175;94;573;571
2021-12-31;124;Latvia;1327;84;1406;21;66;415;172;193;50;117;199;99;498;690
2021-12-31;125;Lithuania;1323;87;1321;-14;-48;374;150;184;40;100;204;70;385;690
2021-12-31;125;Zanzibar;1323;146;1107;3;0;216;36;45;135;39;131;46;186;458
2021-12-31;127;Madagascar;1321;102;1369;-29;-100;312;110;113;89;120;124;68;439;473
2021-12-31;127;Azerbaijan;1321;107;1397;-20;-62;281;95;137;49;55;152;74;222;468
2021-12-31;129;Congo;1314;79;1484;-19;-61;452;173;181;98;170;172;110;660;614
2021-12-31;130;Zimbabwe;1312;76;1468;-30;-106;512;189;214;109;198;168;146;700;615
2021-12-31;131;Sudan;1309;88;1451;-6;-20;499;152;185;162;174;204;121;591;673
2021-12-31;132;Tanzania;1308;117;1293;4;16;613;233;226;154;181;261;171;714;919
2021-12-31;133;Mozambique;1305;116;1330;4;16;386;155;161;70;122;171;93;402;501
2021-12-31;134;Botswana;1301;152;1153;-5;-14;316;151;120;45;84;143;89;271;428
2021-12-31;135;Turkmenistan;1291;111;1377;5;22;160;36;64;60;65;66;29;260;238
2021-12-31;135;Cyprus;1291;100;1381;-8;-34;385;215;164;6;73;247;65;340;844
2021-12-31;137;Malawi;1282;113;1330;-15;-53;652;291;234;127;221;243;188;779;847
2021-12-31;138;Kyrgyzstan;1280;157;1191;1;7;148;33;62;53;45;82;21;162;267
2021-12-31;139;Cuba;1276;81;1446;3;8;446;94;191;161;172;171;103;633;619
2021-12-31;140;Central African Republic;1269;123;1296;-16;-63;134;32;56;46;28;78;28;143;272
2021-12-31;141;French Guiana;1268;124;1245;3;6;163;54;57;52;47;83;33;238;292
2021-12-31;142;New Caledonia;1266;100;1363;1;0;264;84;66;114;131;101;32;697;393
2021-12-31;143;Tajikistan;1264;122;1336;7;35;165;42;71;52;61;74;30;240;252
2021-12-31;144;Rwanda;1262;145;1197;-4;-7;257;90;91;76;80;114;63;272;336
2021-12-31;145;Bermuda;1248;125;1292;-13;-48;202;93;71;38;69;93;40;326;335
2021-12-31;146;Niger;1246;133;1236;1;-8;253;100;106;47;56;139;58;243;465
2021-12-31;147;Burundi;1245;123;1287;1;-5;208;50;78;80;65;94;49;239;282
2021-12-31;147;Faroe Islands;1245;121;1251;-2;-16;240;105;115;20;39;173;28;177;584
2021-12-31;147;Comoros;1245;191;902;2;3;95;21;25;49;18;53;24;73;166
2021-12-31;150;Eswatini;1242;153;1162;27;120;274;117;115;42;62;134;78;255;478
2021-12-31;151;Malta;1231;116;1327;4;17;413;221;169;23;53;290;70;264;947
2021-12-31;152;Nicaragua;1229;146;1018;6;21;207;45;80;82;37;147;23;193;561
2021-12-31;153;Fiji;1227;127;1249;-2;0;250;98;54;98;112;91;47;584;401
2021-12-31;154;Mayotte;1224;157;1198;-1;0;38;2;10;26;13;16;9;54;56
2021-12-31;155;Guadeloupe;1212;89;1414;3;4;263;82;81;100;112;102;49;453;376
2021-12-31;156;India;1209;108;1348;6;16;560;152;159;249;205;242;113;785;941
2021-12-31;157;Indonesia;1208;100;1363;21;88;726;221;177;328;274;312;140;1222;1192
2021-12-31;158;Lesotho;1201;151;1175;-25;-94;294;112;126;56;56;152;86;239;495
2021-12-31;159;Saint Kitts and Nevis;1197;136;1178;2;0;213;106;67;40;90;83;40;376;313
2021-12-31;160;Tahiti;1192;99;1400;3;0;235;54;70;111;126;75;34;659;360
2021-12-31;161;Moldova;1189;105;1406;-9;-37;256;93;126;37;47;150;59;197;434
2021-12-31;162;Chad;1180;133;1250;3;0;154;41;53;60;33;87;34;149;288
2021-12-31;163;Vanuatu;1172;155;1104;4;0;195;46;45;104;61;106;28;366;420
2021-12-31;164;Dominican Republic;1171;168;1046;0;-11;151;68;51;32;53;75;23;221;253
2021-12-31;165;Yemen;1170;142;1219;-8;-39;267;56;78;133;58;161;48;262;533
2021-12-31;166;Antigua and Barbuda;1163;142;1188;5;7;260;106;96;58;91;119;50;376;433
2021-12-31;167;Hong Kong;1161;120;1297;1;-10;459;161;135;163;160;208;91;741;795
2021-12-31;168;Solomon Islands;1157;146;1182;2;0;188;50;53;85;79;76;33;423;368
2021-12-31;169;Papua New Guinea;1150;165;1087;4;0;138;25;36;77;45;69;24;320;304
2021-12-31;170;Malaysia;1147;121;1290;-10;-58;874;358;226;290;331;343;200;1402;1285
2021-12-31;171;Afghanistan;1145;167;911;3;5;136;8;50;78;34;72;30;134;281
2021-12-31;172;Guyana;1143;102;1295;-18;-75;414;172;179;63;121;208;85;508;722
2021-12-31;173;St Vincent & Grenadines;1139;107;1334;-7;-38;323;120;120;83;114;132;77;490;574
2021-12-31;173;Eritrea;1139;163;1161;2;0;84;20;27;37;15;50;19;57;136
2021-12-31;175;Grenada;1135;98;1383;-19;-76;270;95;103;72;93;110;67;437;480
2021-12-31;176;Philippines;1133;133;1067;-4;-22;353;94;108;151;84;218;51;370;954
2021-12-31;177;Belize;1125;138;1116;-1;-13;96;30;34;32;22;56;18;101;185
2021-12-31;178;Singapore;1099;132;1234;-9;-61;724;296;168;260;223;354;147;966;1315
2021-12-31;179;Liechtenstein;1093;164;1130;0;-22;216;98;106;12;17;171;28;94;617
2021-12-31;180;South Sudan;1084;182;1072;2;-6;47;9;18;20;7;32;8;29;87
2021-12-31;181;Barbados;1082;118;1255;-1;-18;339;159;114;66;111;139;89;445;524
2021-12-31;182;Sao Tome and Principe;1064;174;1056;1;-19;60;24;26;10;9;44;7;46;153
2021-12-31;183;Puerto Rico;1058;169;926;8;84;164;61;58;45;31;110;23;159;445
2021-12-31;184;Andorra;1057;183;1043;1;21;186;75;85;26;9;154;23;58;474
2021-12-31;185;Gibraltar;1046;178;1087;-4;-48;74;23;32;19;12;55;7;47;238
2021-12-31;186;Saint Lucia;1031;123;1250;0;0;234;79;97;58;77;118;39;322;430
2021-12-31;187;Dominica;1022;129;1207;0;1;218;62;85;71;52;119;47;256;437
2021-12-31;188;Mauritius;1007;104;1350;0;0;320;110;141;69;93;154;73;425;527
2021-12-31;189;Somaliland;1005;189;1003;0;0;2;0;0;2;1;0;1;4;3
2021-12-31;190;Western Sahara;996;190;996;0;0;1;0;1;0;0;1;0;0;6
2021-12-31;191;Myanmar;965;121;1261;-7;-86;511;102;123;286;209;208;94;855;859
2021-12-31;192;Greenland;963;184;977;0;0;20;2;7;11;5;14;1;33;42
2021-12-31;193;Bonaire;957;148;1044;0;-1;78;12;48;18;17;52;9;85;206
2021-12-31;194;Nepal;940;190;885;4;31;255;64;70;121;58;152;45;220;595
2021-12-31;195;Montserrat;939;191;621;10;79;53;12;20;21;12;34;7;55;190
2021-12-31;196;Aruba;908;122;1210;7;17;181;77;70;34;42;100;39;255;424
2021-12-31;196;Somalia;908;163;1085;0;-9;128;10;40;78;13;98;17;69;339
2021-12-31;198;Maldives;903;190;884;-4;-45;213;57;69;87;58;118;37;263;491
2021-12-31;198;Monaco;903;199;900;2;0;9;0;1;8;4;2;3;11;15
2021-12-31;200;Seychelles;897;180;998;-1;-10;160;51;49;60;25;107;28;132;340
2021-12-31;201;Cayman Islands;891;180;1021;-4;-22;106;47;31;28;20;66;20;103;264
2021-12-31;202;Djibouti;884;177;870;0;-12;101;28;33;40;8;85;8;68;376
2021-12-31;203;Taiwan;882;141;1187;-8;-61;314;85;96;133;89;175;50;431;731
2021-12-31;204;Pakistan;879;151;1117;0;0;262;56;87;119;62;152;48;267;587
2021-12-31;205;Cambodia;862;154;1071;3;22;285;66;80;139;65;182;38;324;760
2021-12-31;205;Bahamas;862;189;876;-4;-35;62;21;20;21;13;41;8;60;204
2021-12-31;207;Bangladesh;858;179;987;0;10;284;76;81;127;77;146;61;267;521
2021-12-31;208;Saint Martin;853;186;990;-2;0;57;12;23;22;20;32;5;82;148
2021-12-31;209;San Marino;793;193;932;0;-37;184;89;91;4;1;176;7;26;782
2021-12-31;210;Chagos Islands;773;210;786;1;0;3;0;0;3;0;2;1;4;10
2021-12-31;211;Turks and Caicos Islands;771;209;778;-1;-29;34;8;13;13;6;26;2;28;149
2021-12-31;212;Mongolia;768;188;848;4;36;81;16;30;35;18;54;9;92;250
2021-12-31;213;Sint Maarten;764;186;912;-1;0;48;14;18;16;12;28;8;63;134
2021-12-31;214;Sint Eustatius;757;212;754;-1;0;9;1;8;0;4;1;4;25;19
2021-12-31;215;Tuvalu;737;203;745;-1;0;31;0;4;27;7;20;4;39;175
2021-12-31;216;Saint Barthelemy;713;218;700;1;0;8;6;2;0;3;4;1;18;25
2021-12-31;217;Guam;701;206;693;-2;-34;118;22;36;60;25;81;12;140;561
2021-12-31;218;Wallis and Futuna;699;200;699;1;0;24;0;5;19;5;19;0;23;109
2021-12-31;219;Macao;698;171;962;1;0;148;47;45;56;24;108;16;138;457
2021-12-31;220;Vatican;692;217;698;2;0;5;0;0;5;0;3;2;1;6
2021-12-31;221;Cook Islands;686;204;683;2;0;47;4;11;32;11;32;4;44;247
2021-12-31;222;Sri Lanka;683;158;943;5;19;258;61;79;118;50;165;43;255;659
2021-12-31;223;Samoa;677;210;654;1;0;64;26;10;28;18;42;4;86;246
2021-12-31;223;Saint Pierre and Miquelon;677;223;679;1;0;7;0;0;7;0;7;0;2;78
2021-12-31;225;Saba;671;223;674;1;0;6;5;1;0;1;3;2;14;18
2021-12-31;226;Laos;663;183;911;-5;-30;209;37;58;114;38;141;30;210;678
2021-12-31;227;US Virgin Islands;659;217;696;-9;-47;60;19;28;13;7;46;7;29;255
2021-12-31;228;Tibet;629;207;669;1;0;10;0;3;7;0;9;1;8;38
2021-12-31;229;East Timor;627;226;627;-1;-15;68;5;33;30;7;55;6;63;220
2021-12-31;230;Brunei;624;199;790;0;0;122;17;34;71;19;91;12;96;389
2021-12-31;231;British Virgin Islands;601;204;807;0;-7;110;28;48;34;19;76;15;99;352
2021-12-31;232;Falkland Islands;580;228;588;0;0;3;0;1;2;0;3;0;0;21
2021-12-31;233;Christmas Island;578;227;577;0;0;10;6;4;0;7;2;1;29;8
2021-12-31;234;Bhutan;567;217;599;0;0;95;16;32;47;8;81;6;54;366
2021-12-31;235;FS Micronesia;563;229;573;0;0;8;1;3;4;1;7;0;8;64
2021-12-31;236;Anguilla;555;223;550;0;9;83;20;36;27;8;69;6;47;339
2021-12-31;237;Kiribati;544;217;582;0;0;11;0;2;9;0;10;1;7;126
2021-12-31;238;Tonga;527;211;665;0;0;62;8;14;40;14;42;6;70;242
2021-12-31;239;Niue;496;224;496;0;0;2;0;0;2;0;2;0;0;33
2021-12-31;240;Eastern Samoa;471;224;473;0;0;51;0;13;38;4;45;2;30;340
2021-12-31;241;Cocos Islands;422;233;423;0;0;10;4;6;0;2;7;1;8;29
2021-12-31;242;Northern Mariana Islands;410;231;529;0;0;26;3;9;14;3;21;2;31;116
2021-12-31;243;Palau;402;236;402;0;0;2;2;0;0;0;2;0;3;27
2022-12-31;1;Argentina;2144;5;1983;2,0;43,0;1072;368;408;296;580;224;268;2032;1122
2022-12-31;2;Brazil;2133;4;1997;-1,0;-16,0;1030;363;331;336;655;162;213;2236;915
2022-12-31;3;France;2081;16;1787;-1,0;-33,0;900;457;331;112;449;263;188;1621;1240
2022-12-31;4;Netherlands;2073;15;1844;8,0;144,0;863;410;346;107;444;231;188;1800;1101
2022-12-31;5;Portugal;1998;19;1790;3,0;26,0;656;304;246;106;320;184;152;1124;748
2022-12-31;6;Spain;1997;7;1941;-1,0;-40,0;741;324;290;127;432;136;173;1487;665
2022-12-31;7;Italy;1973;8;1915;0,0;-57,0;865;392;312;161;459;168;238;1510;849
2022-12-31;8;England;1966;4;1983;-2,0;-65,0;1121;489;514;118;657;209;255;2637;1095
2022-12-31;9;Germany;1955;8;1910;0,0;-7,0;1007;444;403;160;583;214;210;2272;1185
2022-12-31;10;Croatia;1950;13;1876;4,0;92,0;363;143;153;67;189;76;98;626;368
2022-12-31;11;Belgium;1947;24;1750;-7,0;-127,0;840;401;361;78;371;295;174;1519;1327
2022-12-31;12;Colombia;1919;50;1606;1,0;15,0;607;175;215;217;242;198;167;768;706
2022-12-31;13;Uruguay;1904;12;1875;4,0;57,0;981;325;416;240;430;314;237;1557;1225
2022-12-31;14;Denmark;1883;20;1797;-4,0;-54,0;867;394;383;90;400;291;176;1583;1184
2022-12-31;15;Switzerland;1878;27;1685;-4,0;-55,0;858;410;377;71;304;367;187;1264;1442
2022-12-31;16;Morocco;1866;44;1648;15,0;102,0;679;289;214;176;327;162;190;1001;595
2022-12-31;17;Japan;1851;63;1454;16,0;91,0;794;312;196;286;377;252;165;1396;958
2022-12-31;18;Peru;1850;34;1676;4,0;16,0;673;253;239;181;221;287;165;835;947
2022-12-31;19;Ecuador;1841;66;1511;-3,0;-7,0;561;174;196;191;167;248;146;680;880
2022-12-31;20;Serbia;1835;20;1786;-2,0;-11,0;824;289;404;131;388;253;183;1574;1131
2022-12-31;21;Hungary;1824;19;1836;19,0;99,0;998;448;478;72;472;314;212;2023;1480
2022-12-31;22;Ukraine;1822;32;1738;3,0;5,0;303;134;127;42;137;79;87;423;305
2022-12-31;23;United States;1817;41;1638;-9,0;-41,0;773;439;249;85;340;269;164;1145;1013
2022-12-31;24;Mexico;1812;20;1781;-5,0;-27,0;973;287;264;422;505;246;222;1741;1003
2022-12-31;25;Poland;1801;30;1711;5,0;32,0;884;376;397;111;383;284;217;1506;1193
2022-12-31;26;South Korea;1788;35;1684;2,0;0,0;1008;332;245;431;548;214;246;1826;927
2022-12-31;27;Iran;1780;41;1652;-7,0;-57,0;625;212;180;233;353;127;145;1172;491
2022-12-31;28;Czechia;1778;13;1857;-5,0;-55,0;847;343;404;100;406;255;186;1558;1059
2022-12-31;29;Australia;1772;35;1669;5,0;38,0;599;257;213;129;304;171;124;1220;688
2022-12-31;30;Sweden;1757;16;1797;-6,0;-63,0;1083;472;485;126;530;323;230;2155;1432
2022-12-31;31;Norway;1754;38;1618;4,0;21,0;854;406;397;51;315;348;191;1290;1410
2022-12-31;31;Russia;1754;23;1741;1,0;-8,0;789;295;376;118;415;172;202;1407;766
2022-12-31;33;Scotland;1751;14;1882;4,0;23,0;832;386;399;47;397;253;182;1444;1023
2022-12-31;33;Austria;1751;20;1809;3,0;21,0;829;413;369;47;347;304;178;1479;1291
2022-12-31;35;Tunisia;1745;47;1614;18,0;107,0;729;320;239;170;307;220;202;1040;806
2022-12-31;35;Senegal;1745;58;1581;7,0;43,0;661;209;247;205;287;190;184;878;650
2022-12-31;37;Costa Rica;1737;35;1691;21,0;120,0;745;246;270;229;339;228;178;1288;855
2022-12-31;38;Paraguay;1726;23;1755;-1,0;-2,0;756;204;348;204;265;291;200;973;1082
2022-12-31;39;Wales;1716;22;1670;-18,0;-119,0;701;327;343;31;223;324;154;867;1137
2022-12-31;40;Turkey;1711;43;1604;-1,0;-15,0;632;278;282;72;242;240;150;882;918
2022-12-31;40;Canada;1711;49;1593;-11,0;-73,0;446;140;188;118;170;177;99;566;583
2022-12-31;42;Algeria;1704;48;1618;-16,0;-95,0;642;245;223;174;278;192;172;950;669
2022-12-31;43;Chile;1696;28;1677;-16,0;-97,0;818;313;294;211;306;332;180;1149;1174
2022-12-31;44;Finland;1689;62;1497;-3,0;-33,0;789;323;411;55;205;420;164;929;1640
2022-12-31;44;Greece;1689;49;1553;2,0;19,0;624;281;283;60;234;239;151;777;877
2022-12-31;46;Venezuela;1684;86;1420;-1,0;7,0;446;170;167;109;117;232;97;484;830
2022-12-31;47;Cameroon;1676;52;1605;14,0;69,0;624;174;240;210;271;163;190;902;681
2022-12-31;48;Ireland;1675;23;1625;-4,0;-7,0;708;359;291;58;249;273;186;938;1118
2022-12-31;49;Ivory Coast;1668;45;1640;2,0;22,0;648;220;230;198;321;158;169;1051;666
2022-12-31;50;Slovenia;1667;55;1615;9,0;51,0;282;128;128;26;100;110;72;352;342
2022-12-31;51;Egypt;1660;37;1662;-1,0;2,0;837;337;273;227;420;211;206;1467;887
2022-12-31;52;Georgia;1652;72;1541;17,0;103,0;284;121;136;27;92;132;60;347;390
2022-12-31;53;Panama;1645;102;1348;4,0;19,0;540;188;207;145;170;237;133;656;846
2022-12-31;54;Saudi Arabia;1644;76;1496;2,0;16,0;781;307;139;335;373;226;182;1215;834
2022-12-31;55;Nigeria;1627;37;1671;-3,0;-16,0;667;231;253;183;307;172;188;998;679
2022-12-31;56;Israel;1619;48;1622;-2,0;-10,0;493;246;198;49;185;194;114;760;711
2022-12-31;57;Bolivia;1617;60;1505;-14,0;-76,0;495;175;189;131;111;267;117;518;977
2022-12-31;57;Mali;1617;70;1518;3,0;2,0;585;184;225;176;230;199;156;766;696
2022-12-31;59;Bosnia and Herzegovina;1616;51;1636;4,0;16,0;248;103;119;26;95;95;58;355;330
2022-12-31;60;Romania;1610;28;1719;-12,0;-56,0;764;315;364;85;337;238;189;1244;983
2022-12-31;61;Burkina Faso;1602;100;1395;6,0;41,0;450;150;177;123;151;179;120;547;629
2022-12-31;62;Ghana;1593;40;1656;1,0;-7,0;742;235;285;222;358;199;185;1199;776
2022-12-31;63;Jordan;1590;113;1309;9,0;61,0;531;187;176;168;185;202;144;642;644
2022-12-31;64;Slovakia;1579;39;1683;-17,0;-88,0;330;140;152;38;130;119;81;465;418
2022-12-31;65;Qatar;1577;94;1408;-16,0;-86,0;646;300;139;207;269;213;164;918;751
2022-12-31;66;Iraq;1575;47;1623;2,0;24,0;713;125;218;370;334;178;201;1133;663
2022-12-31;66;Uzbekistan;1575;61;1588;10,0;51,0;320;111;118;91;154;106;60;559;366
2022-12-31;68;Oman;1567;131;1192;6,0;41,0;539;215;129;195;198;204;137;691;729
2022-12-31;69;Jamaica;1556;84;1408;-4,0;-31,0;663;256;250;157;254;256;153;882;883
2022-12-31;70;Albania;1543;73;1499;-4,0;-43,0;374;177;172;25;101;195;78;356;572
2022-12-31;71;Iceland;1542;81;1420;0,0;-3,0;488;205;233;50;148;242;98;576;817
2022-12-31;72;South Africa;1541;31;1712;-2,0;-7,0;469;241;153;75;207;133;129;641;498
2022-12-31;73;Montenegro;1540;57;1613;5,0;26,0;140;73;64;3;45;56;39;165;183
2022-12-31;73;Northern Ireland;1540;39;1659;-11,0;-62,0;578;263;280;35;159;274;145;606;886
2022-12-31;75;Haiti;1536;81;1414;-1,0;10,0;527;181;181;165;229;189;109;882;720
2022-12-31;76;North Macedonia;1533;75;1529;-22,0;-96,0;271;127;118;26;83;120;68;324;362
2022-12-31;77;New Zealand;1527;66;1497;-4,0;-1,0;407;125;179;103;167;167;73;703;613
2022-12-31;78;Bulgaria;1521;40;1638;-1,0;4,0;747;285;383;79;280;284;183;1061;1093
2022-12-31;79;Kosovo;1507;106;1404;7,0;36,0;76;33;25;18;27;34;15;107;111
2022-12-31;80;Bahrain;1494;111;1342;0,0;-11,0;590;203;148;239;206;226;158;730;764
2022-12-31;81;United Arab Emirates;1493;99;1387;4,0;6,0;629;270;133;226;244;226;159;866;790
2022-12-31;82;Gabon;1488;95;1411;16,0;75,0;431;174;148;109;146;161;124;505;519
2022-12-31;83;El Salvador;1483;70;1474;-1,0;-16,0;644;201;193;250;217;287;140;827;967
2022-12-31;84;Cape Verde;1481;122;1290;3,0;14,0;213;70;77;66;78;87;48;221;239
2022-12-31;85;Honduras;1471;62;1499;-1,0;-24,0;625;200;205;220;245;217;163;904;807
2022-12-31;86;China;1470;48;1581;-6,0;-35,0;726;257;252;217;357;213;156;1384;811
2022-12-31;87;Zambia;1464;58;1555;10,0;40,0;835;273;349;213;378;241;216;1340;891
2022-12-31;88;Northern Cyprus;1457;84;1464;2,0;0,0;17;5;3;9;9;6;2;30;23
2022-12-31;89;DR Congo;1453;62;1557;-10,0;-56,0;503;156;216;131;202;163;138;780;617
2022-12-31;90;Armenia;1451;102;1417;-7,0;-47,0;250;98;116;36;60;138;52;248;469
2022-12-31;91;Guatemala;1450;68;1485;-3,0;-9,0;577;194;168;215;208;216;153;817;790
2022-12-31;92;Luxembourg;1443;108;1250;7,0;36,0;440;240;185;15;45;339;56;282;1171
2022-12-31;93;Palestine;1432;122;1248;8,0;29,0;257;19;96;142;77;114;66;341;407
2022-12-31;94;Equatorial Guinea;1431;155;1139;0,0;4,0;159;68;56;35;41;84;34;141;252
2022-12-31;95;Estonia;1429;93;1351;-2,0;1,0;503;215;238;50;127;264;112;502;887
2022-12-31;96;Kurdistan;1425;101;1425;0,0;0,0;4;2;0;2;3;0;1;12;3
2022-12-31;97;Azerbaijan;1423;108;1395;30,0;102,0;291;98;142;51;60;156;75;234;476
2022-12-31;98;Gambia;1421;119;1304;18,0;70,0;271;108;94;69;72;123;76;271;386
2022-12-31;99;Belarus;1415;78;1510;-8,0;-37,0;274;100;142;32;81;124;69;311;391
2022-12-31;100;Syria;1413;86;1428;-6,0;-14,0;561;125;211;225;207;215;139;802;717
2022-12-31;101;Angola;1406;87;1453;11,0;46,0;422;154;174;94;153;131;138;503;448
2022-12-31;102;Vietnam;1401;120;1296;17,0;60,0;485;152;118;215;201;185;99;858;719
2022-12-31;103;Uganda;1392;73;1486;-14,0;-66,0;702;243;249;210;290;223;189;1071;842
2022-12-31;104;Kazakhstan;1391;101;1418;13,0;42,0;235;89;106;40;58;122;55;246;391
2022-12-31;105;Mauritania;1389;157;1102;10,0;37,0;263;81;91;91;48;155;60;192;484
2022-12-31;106;Martinique;1388;79;1460;-2,0;0,0;346;129;117;100;159;106;81;649;456
2022-12-31;107;Thailand;1383;112;1314;-4,0;-9,0;885;364;181;340;341;345;199;1396;1343
2022-12-31;107;Benin;1383;109;1354;-15,0;-48,0;320;127;133;60;77;168;75;332;576
2022-12-31;109;Guinea;1382;71;1519;-8,0;-21,0;610;172;256;182;235;199;176;900;768
2022-12-31;110;Guinea-Bissau;1380;126;1279;-6,0;-8,0;184;55;56;73;51;87;46;192;277
2022-12-31;111;North Korea;1378;60;1576;-4,0;0,0;398;50;139;209;171;117;110;617;419
2022-12-31;112;Kenya;1371;90;1379;-3,0;0,0;746;287;275;184;281;281;184;1028;1019
2022-12-31;113;Reunion;1369;126;1178;-3,0;0,0;135;53;37;45;54;54;27;234;249
2022-12-31;114;Namibia;1364;138;1263;0,0;11,0;262;102;108;52;69;119;74;263;373
2022-12-31;115;Botswana;1363;151;1157;19,0;62,0;327;152;123;52;89;147;91;279;434
2022-12-31;116;Curaçao;1362;96;1382;-16,0;-42,0;466;161;168;137;189;163;114;824;728
2022-12-31;117;Cyprus;1355;100;1381;18,0;64,0;395;220;169;6;76;251;68;349;860
2022-12-31;118;Latvia;1352;84;1405;6,0;25,0;425;177;196;52;122;200;103;514;698
2022-12-31;119;Libya;1349;81;1474;4,0;19,0;426;152;158;116;153;178;95;583;581
2022-12-31;120;Ethiopia;1348;97;1398;-2,0;2,0;445;209;157;79;161;186;98;629;655
2022-12-31;121;French Guiana;1347;124;1245;20,0;79,0;171;59;60;52;53;84;34;254;300
2022-12-31;122;Trinidad and Tobago;1340;60;1508;-11,0;-28,0;822;327;345;150;358;286;178;1375;1045
2022-12-31;123;Sierra Leone;1333;103;1370;-3,0;-1,0;310;115;133;62;90;139;81;299;434
2022-12-31;124;Tajikistan;1327;122;1335;19,0;63,0;174;43;72;59;65;75;34;249;255
2022-12-31;125;Cuba;1326;82;1444;14,0;50,0;454;96;196;162;177;173;104;650;626
2022-12-31;126;Togo;1324;88;1443;-4,0;-8,0;467;168;191;108;150;201;116;507;642
2022-12-31;127;Zanzibar;1323;146;1110;-2,0;0,0;216;36;45;135;39;131;46;186;458
2022-12-31;128;Suriname;1320;83;1406;-8,0;-14,0;514;219;211;84;229;166;119;945;710
2022-12-31;129;Mozambique;1319;116;1329;4,0;14,0;395;156;165;74;123;175;97;408;510
2022-12-31;130;Lebanon;1316;107;1333;-24,0;-68,0;380;139;126;115;106;172;102;456;584
2022-12-31;131;Kuwait;1315;81;1475;-23,0;-58,0;712;255;165;292;307;228;177;1137;806
2022-12-31;132;Zimbabwe;1314;77;1466;-2,0;2,0;516;189;214;113;199;170;147;703;619
2022-12-31;133;Tanzania;1312;117;1293;-1,0;4,0;619;236;227;156;183;263;173;721;926
2022-12-31;134;Faroe Islands;1308;121;1251;13,0;63,0;250;108;121;21;42;176;32;186;600
2022-12-31;135;Liberia;1307;110;1345;-22,0;-47,0;314;135;134;45;85;160;69;291;477
2022-12-31;136;Sudan;1303;88;1448;-5,0;-6,0;512;153;191;168;175;208;129;598;686
2022-12-31;137;Congo;1298;80;1482;-8,0;-16,0;458;174;182;102;171;176;111;666;628
2022-12-31;138;Madagascar;1297;103;1368;-11,0;-24,0;319;111;116;92;121;128;70;447;486
2022-12-31;139;Eswatini;1296;153;1164;11,0;54,0;287;119;117;51;68;137;82;275;489
2022-12-31;140;Malawi;1294;114;1329;-3,0;12,0;661;292;235;134;224;247;190;788;856
2022-12-31;141;Indonesia;1278;100;1362;16,0;70,0;738;228;178;332;282;313;143;1255;1202
2022-12-31;141;Rwanda;1278;145;1199;3,0;16,0;264;94;92;78;82;116;66;277;340
2022-12-31;143;Kyrgyzstan;1267;157;1194;-5,0;-13,0;154;37;63;54;47;85;22;168;274
2022-12-31;144;Central African Republic;1262;124;1295;-4,0;-7,0;138;32;58;48;28;80;30;146;278
2022-12-31;145;Malta;1259;117;1326;6,0;28,0;423;229;171;23;58;294;71;276;956
2022-12-31;146;Nicaragua;1257;146;1020;6,0;28,0;219;50;83;86;42;152;25;212;574
2022-12-31;147;Burundi;1253;124;1286;0,0;8,0;213;50;79;84;66;97;50;242;290
2022-12-31;148;Turkmenistan;1251;112;1373;-13,0;-40,0;164;36;66;62;66;69;29;263;244
2022-12-31;149;Lithuania;1248;88;1320;-24,0;-75,0;384;154;190;40;101;211;72;389;708
2022-12-31;150;Fiji;1247;127;1248;3,0;20,0;259;98;54;107;117;94;48;596;412
2022-12-31;150;Comoros;1247;190;910;-3,0;2,0;107;23;27;57;22;61;24;86;184
2022-12-31;152;Niger;1241;133;1236;-6,0;-5,0;261;100;108;53;56;143;62;250;479
2022-12-31;153;Moldova;1232;107;1400;8,0;43,0;268;99;130;39;52;156;60;212;456
2022-12-31;154;Mayotte;1224;157;1199;0,0;0,0;38;2;10;26;13;16;9;54;56
2022-12-31;155;Papua New Guinea;1223;165;1089;14,0;73,0;144;25;37;82;49;71;24;327;309
2022-12-31;156;India;1220;108;1346;0,0;11,0;568;155;161;252;208;246;114;795;953
2022-12-31;156;Lesotho;1220;151;1176;2,0;19,0;306;112;131;63;60;155;91;250;509
2022-12-31;158;Malaysia;1216;121;1288;12,0;69,0;888;366;230;292;340;346;202;1433;1295
2022-12-31;159;Guadeloupe;1215;90;1412;-4,0;3,0;269;84;81;104;115;105;49;461;385
2022-12-31;160;Bermuda;1205;126;1291;-15,0;-43,0;205;94;72;39;69;95;41;329;340
2022-12-31;160;Solomon Islands;1205;147;1182;8,0;48,0;195;50;53;92;83;78;34;434;379
2022-12-31;162;Chad;1186;134;1249;0,0;6,0;156;41;53;62;33;88;35;151;291
2022-12-31;163;Guyana;1183;103;1294;9,0;40,0;425;174;183;68;126;212;87;527;744
2022-12-31;164;Saint Kitts and Nevis;1176;137;1178;-5,0;-21,0;216;107;68;41;91;84;41;380;317
2022-12-31;165;Dominican Republic;1175;168;1049;-1,0;4,0;157;72;53;32;54;78;25;229;264
2022-12-31;166;New Caledonia;1169;101;1361;-24,0;-97,0;269;84;66;119;131;106;32;699;405
2022-12-31;167;Antigua and Barbuda;1163;143;1187;-1,0;0,0;264;106;97;61;93;121;50;379;438
2022-12-31;168;Tahiti;1155;100;1397;-8,0;-37,0;237;54;70;113;126;77;34;660;364
2022-12-31;169;Singapore;1149;132;1233;9,0;50,0;736;301;171;264;229;358;149;986;1331
2022-12-31;170;Hong Kong;1139;121;1295;-3,0;-22,0;469;163;138;168;163;213;93;748;812
2022-12-31;170;Eritrea;1139;163;1160;3,0;0,0;84;20;27;37;15;50;19;57;136
2022-12-31;172;Grenada;1135;99;1381;3,0;0,0;277;97;108;72;94;114;69;446;495
2022-12-31;173;Vanuatu;1125;155;1105;-10,0;-47,0;198;47;45;106;61;109;28;367;426
2022-12-31;174;Andorra;1109;183;1044;10,0;52,0;196;80;89;27;13;158;25;66;483
2022-12-31;175;South Sudan;1101;181;1075;5,0;17,0;54;9;18;27;9;36;9;36;98
2022-12-31;176;Yemen;1099;142;1217;-11,0;-71,0;270;56;79;135;58;163;49;262;540
2022-12-31;177;Afghanistan;1098;167;913;-6,0;-47,0;140;8;52;80;34;75;31;138;289
2022-12-31;178;Puerto Rico;1087;169;928;5,0;29,0;166;62;59;45;33;110;23;168;445
2022-12-31;179;Belize;1075;138;1115;-2,0;-50,0;103;33;38;32;22;61;20;103;199
2022-12-31;180;Gibraltar;1068;178;1086;5,0;22,0;84;30;35;19;14;60;10;53;256
2022-12-31;180;Sao Tome and Principe;1068;174;1056;2,0;4,0;64;24;28;12;10;46;8;51;171
2022-12-31;182;Philippines;1064;134;1068;-6,0;-69,0;363;95;113;155;87;224;52;382;972
2022-12-31;183;St Vincent & Grenadines;1063;108;1331;-10,0;-76,0;331;123;125;83;115;138;78;499;594
2022-12-31;184;Saint Lucia;1045;124;1248;2,0;14,0;240;82;99;59;80;120;40;329;435
2022-12-31;185;Barbados;1007;119;1253;-4,0;-75,0;348;159;119;70;111;147;90;447;549
2022-12-31;186;Somaliland;1005;189;1003;3,0;0,0;2;0;0;2;1;0;1;4;3
2022-12-31;187;Western Sahara;996;190;996;3,0;0,0;1;0;1;0;0;1;0;0;6
2022-12-31;188;Dominica;989;130;1204;-1,0;-33,0;223;65;86;72;54;120;49;262;441
2022-12-31;189;Liechtenstein;977;165;1128;-10,0;-116,0;225;101;110;14;17;180;28;95;637
2022-12-31;190;Bonaire;971;148;1044;3,0;14,0;84;12;50;22;20;54;10;96;214
2022-12-31;191;Montserrat;964;191;626;4,0;25,0;56;12;20;24;13;36;7;61;197
2022-12-31;192;Greenland;963;184;977;0,0;0,0;20;2;7;11;5;14;1;33;42
2022-12-31;193;Aruba;958;123;1207;3,0;50,0;186;77;71;38;44;101;41;263;429
2022-12-31;194;Mauritius;950;105;1346;-6,0;-57,0;329;114;143;72;94;160;75;431;540
2022-12-31;195;Nepal;943;190;887;-1,0;3,0;265;68;72;125;62;157;46;228;614
2022-12-31;196;Maldives;929;190;885;2,0;26,0;221;58;73;90;62;122;37;273;505
2022-12-31;197;Monaco;903;199;900;1,0;0,0;9;0;1;8;4;2;3;11;15
2022-12-31;198;Taiwan;901;141;1183;5,0;19,0;315;85;97;133;90;175;50;432;731
2022-12-31;199;Myanmar;900;122;1257;-8,0;-65,0;522;104;128;290;209;216;97;861;887
2022-12-31;200;Somalia;895;164;1081;-4,0;-13,0;130;10;40;80;13;100;17;70;344
2022-12-31;201;Seychelles;883;180;996;-1,0;-14,0;168;51;52;65;25;112;31;134;351
2022-12-31;202;Cambodia;879;155;1068;3,0;17,0;293;69;83;141;67;187;39;335;777
2022-12-31;203;Pakistan;873;151;1114;1,0;-6,0;263;56;88;119;62;153;48;267;588
2022-12-31;204;Djibouti;860;177;869;-2,0;-24,0;103;28;33;42;8;87;8;70;381
2022-12-31;205;Bahamas;857;189;876;0,0;-5,0;69;25;23;21;15;46;8;66;217
2022-12-31;206;Bangladesh;848;180;984;1,0;-10,0;292;77;86;129;78;151;63;271;534
2022-12-31;207;Cayman Islands;839;181;1017;-6,0;-52,0;109;49;32;28;20;67;22;105;269
2022-12-31;208;Saint Martin;838;186;985;0,0;-15,0;62;14;24;24;21;34;7;86;154
2022-12-31;209;Mongolia;804;189;847;3,0;36,0;86;19;32;35;19;57;10;94;253
2022-12-31;210;San Marino;783;193;928;-1,0;-10,0;194;94;95;5;1;184;9;28;798
2022-12-31;211;Sint Maarten;776;186;910;2,0;12,0;52;14;19;19;13;29;10;74;141
2022-12-31;212;Chagos Islands;773;211;785;-2,0;0,0;3;0;0;3;0;2;1;4;10
2022-12-31;213;Sint Eustatius;757;212;754;1,0;0,0;9;1;8;0;4;1;4;25;19
2022-12-31;214;Tuvalu;737;204;745;1,0;0,0;31;0;4;27;7;20;4;39;175
2022-12-31;215;Turks and Caicos Islands;725;210;777;-4,0;-46,0;40;10;16;14;8;30;2;39;169
2022-12-31;216;Saint Barthelemy;713;218;701;0,0;0,0;8;6;2;0;3;4;1;18;25
2022-12-31;217;Guam;706;206;693;0,0;5,0;120;24;36;60;27;81;12;145;563
2022-12-31;218;Wallis and Futuna;699;200;699;0,0;0,0;24;0;5;19;5;19;0;23;109
2022-12-31;219;Macao;698;172;959;0,0;0,0;148;47;45;56;24;108;16;138;457
2022-12-31;220;Vatican;692;217;697;0,0;0,0;5;0;0;5;0;3;2;1;6
2022-12-31;221;Cook Islands;682;205;683;0,0;-4,0;48;4;11;33;11;33;4;44;249
2022-12-31;222;Sri Lanka;680;159;940;0,0;-3,0;262;61;80;121;50;168;44;256;666
2022-12-31;223;Samoa;677;211;654;0,0;0,0;64;26;10;28;18;42;4;86;246
2022-12-31;223;Saint Pierre and Miquelon;677;223;679;0,0;0,0;7;0;0;7;0;7;0;2;78
2022-12-31;225;Saba;671;223;673;0,0;0,0;6;5;1;0;1;3;2;14;18
2022-12-31;226;Laos;662;184;907;0,0;-1,0;217;41;61;115;40;146;31;217;699
2022-12-31;227;US Virgin Islands;661;218;694;0,0;2,0;64;21;28;15;8;48;8;33;262
2022-12-31;228;Tibet;629;207;668;0,0;0,0;10;0;3;7;0;9;1;8;38
2022-12-31;229;East Timor;624;226;627;0,0;-3,0;73;5;37;31;8;59;6;68;237
2022-12-31;230;Anguilla;614;223;552;6,0;59,0;88;21;38;29;10;70;8;52;344
2022-12-31;231;British Virgin Islands;613;205;802;0,0;12,0;114;29;50;35;19;78;17;102;362
2022-12-31;232;Brunei;603;200;787;-2,0;-21,0;132;21;38;73;21;99;12;107;424
2022-12-31;233;Falkland Islands;580;228;587;-1,0;0,0;3;0;1;2;0;3;0;0;21
2022-12-31;234;Christmas Island;578;227;577;-1,0;0,0;10;6;4;0;7;2;1;29;8
2022-12-31;235;Bhutan;567;218;599;-1,0;0,0;95;16;32;47;8;81;6;54;366
2022-12-31;236;FS Micronesia;563;230;572;-1,0;0,0;8;1;3;4;1;7;0;8;64
2022-12-31;237;Kiribati;544;218;581;0,0;0,0;11;0;2;9;0;10;1;7;126
2022-12-31;238;Tonga;527;211;662;0,0;0,0;62;8;14;40;14;42;6;70;242
2022-12-31;239;Niue;496;224;496;0,0;0,0;2;0;0;2;0;2;0;0;33
2022-12-31;240;Eastern Samoa;471;225;473;0,0;0,0;51;0;13;38;4;45;2;30;340
2022-12-31;241;Cocos Islands;422;234;423;0,0;0,0;10;4;6;0;2;7;1;8;29
2022-12-31;242;Northern Mariana Islands;405;232;524;0,0;-5,0;28;3;11;14;3;23;2;33;121
2022-12-31;243;Palau;402;237;402;0,0;0,0;2;2;0;0;0;2;0;3;27
2023-12-31;1;Argentina;2139;5;1984;0,0;-5,0;1082;373;412;297;589;225;268;2053;1124
2023-12-31;2;France;2109;16;1790;1,0;28,0;910;462;335;113;457;264;189;1655;1246
2023-12-31;3;Spain;2034;7;1942;3,0;37,0;751;328;294;129;440;137;174;1514;671
2023-12-31;4;Portugal;2032;19;1792;1,0;34,0;666;309;251;106;330;184;152;1160;750
2023-12-31;5;England;2014;4;1983;3,0;48,0;1131;494;518;119;665;209;257;2663;1100
2023-12-31;6;Brazil;2011;4;1998;-4,0;-122,0;1039;366;335;338;658;167;214;2251;929
2023-12-31;7;Uruguay;2006;12;1875;6,0;102,0;991;330;421;240;437;315;239;1579;1233
2023-12-31;8;Belgium;1990;24;1752;3,0;43,0;850;406;366;78;379;295;176;1545;1333
2023-12-31;9;Colombia;1984;50;1610;3,0;65,0;620;178;222;220;250;198;172;785;714
2023-12-31;10;Netherlands;1970;15;1846;-6,0;-103,0;873;416;349;108;450;235;188;1821;1115
2023-12-31;11;Croatia;1951;12;1878;-1,0;1,0;373;147;158;68;195;78;100;643;374
2023-12-31;12;Italy;1937;8;1915;-5,0;-36,0;875;396;316;163;464;171;240;1530;862
2023-12-31;13;Japan;1905;63;1457;4,0;54,0;804;319;197;288;385;253;166;1432;966
2023-12-31;14;Germany;1885;8;1910;-5,0;-70,0;1018;451;406;161;586;220;212;2289;1207
2023-12-31;15;Ecuador;1882;66;1515;4,0;41,0;571;177;201;193;173;250;148;692;888
2023-12-31;16;Ukraine;1850;32;1740;6,0;28,0;312;134;132;46;141;81;90;437;316
2023-12-31;17;Morocco;1846;44;1652;-1,0;-20,0;687;292;217;178;331;163;193;1011;599
2023-12-31;18;Austria;1835;20;1809;15,0;84,0;839;419;373;47;354;305;180;1499;1299
2023-12-31;19;Hungary;1833;19;1836;2,0;9,0;1008;454;482;72;478;314;216;2041;1488
2023-12-31;20;Iran;1827;41;1654;7,0;47,0;636;216;185;235;362;127;147;1205;498
2023-12-31;21;Denmark;1825;20;1797;-7,0;-58,0;877;399;388;90;407;293;177;1602;1194
2023-12-31;22;Serbia;1802;20;1786;-2,0;-33,0;835;293;410;132;394;256;185;1594;1144
2023-12-31;23;Scotland;1800;14;1881;10,0;49,0;842;391;404;47;402;256;184;1463;1038
2023-12-31;24;South Korea;1799;35;1685;2,0;11,0;1018;339;247;432;553;216;249;1849;933
2023-12-31;25;Mexico;1794;20;1782;-1,0;-18,0;993;290;268;435;515;250;228;1777;1025
2023-12-31;26;Switzerland;1791;27;1687;-11,0;-87,0;868;415;380;73;308;368;192;1286;1453
2023-12-31;27;Australia;1783;35;1670;2,0;11,0;607;260;214;133;308;174;125;1236;696
2023-12-31;28;United States;1774;41;1639;-5,0;-43,0;791;455;251;85;350;272;169;1192;1026
2023-12-31;29;Turkey;1765;43;1606;11,0;54,0;642;282;287;73;248;242;152;901;931
2023-12-31;29;Panama;1765;101;1352;24,0;120,0;559;192;214;153;181;241;137;689;864
2023-12-31;31;Russia;1757;24;1741;0,0;3,0;795;298;378;119;418;172;205;1422;770
2023-12-31;32;Czechia;1756;13;1857;-4,0;-22,0;857;347;410;100;411;256;190;1575;1067
2023-12-31;33;Norway;1755;38;1619;-2,0;1,0;864;412;401;51;320;351;193;1312;1422
2023-12-31;33;Venezuela;1755;85;1423;13,0;71,0;457;173;171;113;122;234;101;495;836
2023-12-31;35;Peru;1742;34;1678;-17,0;-108,0;683;256;245;182;222;293;168;838;961
2023-12-31;36;Tunisia;1738;47;1616;-1,0;-7,0;739;323;246;170;313;223;203;1056;815
2023-12-31;37;Senegal;1731;57;1583;-2,0;-14,0;670;212;251;207;292;191;187;895;656
2023-12-31;38;Greece;1728;49;1554;6,0;39,0;634;287;286;61;239;242;153;793;885
2023-12-31;39;Algeria;1723;48;1619;3,0;19,0;652;250;225;177;285;192;175;968;675
2023-12-31;40;Slovenia;1710;55;1617;10,0;43,0;292;133;133;26;107;112;73;372;351
2023-12-31;41;Poland;1709;30;1712;-16,0;-92,0;894;382;401;111;388;287;219;1519;1203
2023-12-31;42;Paraguay;1705;23;1755;-4,0;-21,0;764;208;352;204;267;295;202;978;1088
2023-12-31;42;Canada;1705;49;1595;-2,0;-6,0;457;143;193;121;175;180;102;587;600
2023-12-31;44;Chile;1700;28;1677;-1,0;4,0;828;319;298;211;310;335;183;1163;1183
2023-12-31;45;Wales;1695;22;1670;-6,0;-21,0;711;333;347;31;227;326;158;881;1147
2023-12-31;46;Sweden;1691;16;1797;-16,0;-66,0;1095;478;489;128;537;327;231;2180;1447
2023-12-31;47;Egypt;1684;37;1662;4,0;24,0;847;342;274;231;428;212;207;1490;892
2023-12-31;48;Romania;1674;28;1718;12,0;64,0;774;320;367;87;343;238;193;1260;988
2023-12-31;49;Slovakia;1661;39;1681;15,0;82,0;340;145;157;38;137;121;82;482;426
2023-12-31;50;Uzbekistan;1643;61;1588;16,0;68,0;333;116;121;96;162;108;63;587;380
2023-12-31;51;Ivory Coast;1642;45;1641;-2,0;-26,0;657;226;232;199;326;159;172;1070;672
2023-12-31;52;Finland;1641;62;1499;-8,0;-48,0;801;328;416;57;211;426;164;947;1653
2023-12-31;53;Georgia;1638;71;1544;-1,0;-14,0;294;127;140;27;96;136;62;373;409
2023-12-31;54;Albania;1631;73;1500;16,0;88,0;383;182;176;25;106;196;81;370;576
2023-12-31;55;Iraq;1621;47;1623;11,0;46,0;726;131;222;373;340;180;206;1157;676
2023-12-31;56;Cameroon;1617;52;1605;-9,0;-59,0;632;177;242;213;273;166;193;913;689
2023-12-31;56;Jamaica;1617;83;1409;13,0;61,0;680;261;254;165;261;261;158;911;904
2023-12-31;58;Mali;1614;70;1520;-1,0;-3,0;594;189;227;178;236;200;158;782;700
2023-12-31;59;Bolivia;1611;60;1506;-2,0;-6,0;506;180;193;133;113;275;118;525;996
2023-12-31;60;Ireland;1608;23;1626;-12,0;-67,0;718;365;294;59;252;279;187;951;1131
2023-12-31;61;Israel;1602;49;1622;-5,0;-17,0;503;249;202;52;189;197;117;771;722
2023-12-31;62;Nigeria;1587;38;1670;-7,0;-40,0;675;234;254;187;311;173;191;1015;688
2023-12-31;63;Saudi Arabia;1586;76;1497;-9,0;-58,0;792;310;141;341;376;233;183;1230;851
2023-12-31;64;Costa Rica;1576;35;1691;-27,0;-161,0;757;248;272;237;342;236;179;1303;880
2023-12-31;65;North Macedonia;1567;75;1529;11,0;34,0;281;133;121;27;87;124;70;338;383
2023-12-31;66;Burkina Faso;1564;99;1398;-5,0;-38,0;459;150;180;129;154;181;124;556;636
2023-12-31;67;Oman;1556;130;1199;1,0;-11,0;554;218;134;202;207;208;139;712;745
2023-12-31;68;Montenegro;1549;58;1609;5,0;9,0;150;79;68;3;49;60;41;178;200
2023-12-31;69;Ghana;1548;41;1655;-7,0;-45,0;751;239;289;223;362;202;187;1207;786
2023-12-31;70;Qatar;1534;94;1411;-5,0;-43,0;663;304;141;218;275;220;168;944;773
2023-12-31;71;Honduras;1531;63;1499;14,0;60,0;638;203;208;227;250;222;166;919;821
2023-12-31;72;United Arab Emirates;1530;99;1389;9,0;37,0;640;276;134;230;251;228;161;884;796
2023-12-31;73;New Zealand;1525;66;1498;4,0;-2,0;415;127;182;106;169;170;76;709;624
2023-12-31;74;Luxembourg;1520;108;1252;18,0;77,0;451;246;190;15;50;343;58;295;1191
2023-12-31;75;Equatorial Guinea;1515;153;1145;19,0;84,0;166;72;59;35;46;84;36;150;255
2023-12-31;76;Jordan;1503;113;1313;-13,0;-87,0;541;190;180;171;187;208;146;656;666
2023-12-31;77;Kosovo;1500;105;1407;2,0;-7,0;86;38;29;19;29;37;20;117;121
2023-12-31;78;DR Congo;1497;62;1556;11,0;44,0;513;159;219;135;207;165;141;792;622
2023-12-31;78;Azerbaijan;1497;107;1396;19,0;74,0;300;103;146;51;63;161;76;243;494
2023-12-31;80;Haiti;1496;81;1415;-5,0;-40,0;538;181;184;173;233;192;113;901;734
2023-12-31;81;Guatemala;1494;68;1485;10,0;44,0;594;197;172;225;214;222;158;834;806
2023-12-31;82;Northern Ireland;1491;40;1658;-9,0;-49,0;588;268;285;35;162;281;145;615;899
2023-12-31;83;Zambia;1488;58;1555;4,0;24,0;849;276;351;222;387;245;217;1366;906
2023-12-31;84;South Africa;1486;31;1710;-12,0;-55,0;483;252;156;75;213;135;135;657;511
2023-12-31;85;Bosnia and Herzegovina;1485;51;1634;-26,0;-131,0;258;108;124;26;98;102;58;364;350
2023-12-31;86;Kazakhstan;1481;101;1419;18,0;90,0;245;94;110;41;64;126;55;262;403
2023-12-31;87;Cape Verde;1479;122;1293;-3,0;-2,0;222;73;80;69;81;90;51;231;250
2023-12-31;88;Iceland;1478;81;1421;-17,0;-64,0;500;210;238;52;151;249;100;595;836
2023-12-31;89;Armenia;1469;102;1418;1,0;18,0;260;103;121;36;62;143;55;260;485
2023-12-31;89;Belarus;1469;79;1508;10,0;54,0;284;100;147;37;84;128;72;320;405
2023-12-31;91;Bulgaria;1457;40;1637;-13,0;-64,0;757;290;388;79;280;290;187;1068;1110
2023-12-31;91;Northern Cyprus;1457;84;1464;-3,0;0,0;17;5;3;9;9;6;2;30;23
2023-12-31;93;China;1451;49;1580;-7,0;-19,0;737;264;255;218;361;218;158;1397;823
2023-12-31;94;Bahrain;1449;110;1344;-14,0;-45,0;602;208;148;246;212;230;160;744;776
2023-12-31;95;Martinique;1442;79;1460;11,0;54,0;359;132;121;106;166;110;83;669;473
2023-12-31;96;Gabon;1439;95;1412;-14,0;-49,0;438;177;150;111;149;164;125;512;527
2023-12-31;97;Trinidad and Tobago;1432;61;1507;25,0;92,0;838;332;352;154;367;290;181;1399;1069
2023-12-31;98;Syria;1426;86;1428;2,0;13,0;569;125;214;230;210;219;140;810;729
2023-12-31;99;Kurdistan;1425;101;1425;-3,0;0,0;4;2;0;2;3;0;1;12;3
2023-12-31;100;Guinea;1423;72;1517;9,0;41,0;619;172;258;189;239;202;178;913;781
2023-12-31;101;Guinea-Bissau;1413;125;1281;9,0;33,0;191;58;57;76;55;89;47;198;281
2023-12-31;102;Palestine;1409;121;1250;-9,0;-23,0;264;19;101;144;78;118;68;344;415
2023-12-31;103;El Salvador;1408;71;1474;-20,0;-75,0;657;203;200;254;217;294;146;835;988
2023-12-31;104;Gambia;1396;119;1306;-6,0;-25,0;277;108;95;74;74;126;77;279;397
2023-12-31;105;Togo;1394;89;1442;21,0;70,0;474;171;191;112;153;202;119;516;647
2023-12-31;106;Vietnam;1393;120;1297;-4,0;-8,0;498;159;123;216;207;190;101;871;733
2023-12-31;107;Mauritania;1390;156;1106;-2,0;1,0;271;83;93;95;51;158;62;202;494
2023-12-31;108;Angola;1385;87;1452;-7,0;-21,0;434;156;178;100;155;134;145;512;460
2023-12-31;109;Thailand;1384;112;1315;-2,0;1,0;900;370;189;341;347;350;203;1418;1369
2023-12-31;110;Namibia;1377;137;1267;4,0;13,0;272;102;113;57;71;122;79;274;384
2023-12-31;111;Tajikistan;1375;122;1335;13,0;48,0;183;44;78;61;68;77;38;264;266
2023-12-31;112;North Korea;1370;61;1573;-1,0;-8,0;400;50;140;210;172;118;110;623;421
2023-12-31;112;Kuwait;1370;82;1473;19,0;55,0;729;258;168;303;317;232;180;1166;820
2023-12-31;114;Estonia;1365;93;1352;-19,0;-64,0;515;220;243;52;128;272;115;507;912
2023-12-31;114;Uganda;1365;74;1485;-11,0;-27,0;712;243;251;218;293;229;190;1078;853
2023-12-31;116;Libya;1357;81;1472;3,0;8,0;436;156;160;120;156;181;99;592;592
2023-12-31;117;Mozambique;1354;117;1329;12,0;35,0;407;160;168;79;127;180;100;423;529
2023-12-31;118;Tanzania;1349;117;1293;15,0;37,0;627;239;229;159;186;265;176;725;930
2023-12-31;119;Malawi;1348;114;1329;21,0;54,0;676;297;239;140;228;251;197;800;870
2023-12-31;120;Latvia;1347;85;1404;-2,0;-5,0;435;181;202;52;123;209;103;521;722
2023-12-31;121;Kenya;1346;90;1379;-9,0;-25,0;754;288;279;187;284;285;185;1040;1028
2023-12-31;122;Reunion;1345;126;1180;-9,0;-24,0;139;53;38;48;55;55;29;237;252
2023-12-31;123;Botswana;1343;151;1160;-8,0;-20,0;338;158;126;54;93;152;93;290;449
2023-12-31;124;Benin;1341;109;1354;-17,0;-42,0;328;129;136;63;77;171;80;340;587
2023-12-31;125;Moldova;1338;108;1396;28,0;106,0;278;103;136;39;54;159;65;221;470
2023-12-31;126;Curaçao;1337;96;1381;-10,0;-25,0;476;166;171;139;190;168;118;833;747
2023-12-31;127;Zimbabwe;1335;77;1465;5,0;21,0;520;190;216;114;199;170;151;707;623
2023-12-31;128;Nicaragua;1332;146;1023;18,0;75,0;230;54;89;87;48;155;27;237;586
2023-12-31;129;Guadeloupe;1326;91;1410;30,0;111,0;282;88;85;109;123;109;50;492;396
2023-12-31;130;Sudan;1322;89;1446;6,0;19,0;522;154;194;174;178;212;132;605;697
2023-12-31;130;Cyprus;1322;101;1380;-13,0;-33,0;405;225;174;6;77;259;69;355;890
2023-12-31;132;Zanzibar;1321;146;1113;-5,0;-2,0;217;37;45;135;39;131;47;186;458
2023-12-31;133;Lithuania;1319;89;1319;16,0;71,0;394;158;196;40;102;216;76;397;723
2023-12-31;134;Lebanon;1312;107;1333;-4,0;-4,0;396;140;134;122;112;177;107;474;599
2023-12-31;135;Sierra Leone;1311;104;1369;-12,0;-22,0;318;115;134;69;92;142;84;309;444
2023-12-31;135;Madagascar;1311;103;1367;3,0;14,0;332;118;118;96;127;132;73;463;499
2023-12-31;137;Rwanda;1305;145;1200;4,0;27,0;271;99;94;78;83;118;70;282;346
2023-12-31;137;Solomon Islands;1305;147;1183;23,0;100,0;206;54;57;95;91;79;36;461;387
2023-12-31;139;Suriname;1303;84;1405;-11,0;-17,0;520;222;213;85;230;168;122;951;715
2023-12-31;139;Central African Republic;1303;124;1295;5,0;41,0;145;32;62;51;30;83;32;157;288
2023-12-31;141;Malaysia;1302;122;1288;17,0;86,0;901;375;233;293;349;348;204;1467;1310
2023-12-31;142;Ethiopia;1299;98;1397;-22,0;-49,0;453;210;158;85;163;190;100;634;664
2023-12-31;143;Cuba;1290;82;1443;-18,0;-36,0;466;98;201;167;180;180;106;656;652
2023-12-31;144;Burundi;1287;124;1286;3,0;34,0;219;50;82;87;68;100;51;252;304
2023-12-31;145;French Guiana;1286;124;1246;-24,0;-61,0;183;63;64;56;57;88;38;272;316
2023-12-31;146;Indonesia;1285;101;1361;-5,0;7,0;750;235;183;332;287;316;147;1278;1216
2023-12-31;147;Comoros;1274;190;918;3,0;27,0;121;27;29;65;27;67;27;103;204
2023-12-31;148;Guyana;1273;103;1294;15,0;90,0;436;175;185;76;132;215;89;550;756
2023-12-31;149;Congo;1267;81;1479;-12,0;-31,0;463;176;183;104;172;179;112;672;638
2023-12-31;150;Faroe Islands;1264;122;1251;-16,0;-44,0;260;112;127;21;42;184;34;188;616
2023-12-31;151;India;1262;109;1345;5,0;42,0;584;167;163;254;216;249;119;816;965
2023-12-31;152;Liberia;1257;111;1344;-17,0;-50,0;321;138;137;46;85;166;70;297;492
2023-12-31;153;Eswatini;1255;153;1166;-14,0;-41,0;301;121;122;58;70;145;86;281;503
2023-12-31;154;Kyrgyzstan;1252;157;1196;-11,0;-15,0;166;40;67;59;50;93;23;179;296
2023-12-31;155;Malta;1249;117;1325;-10,0;-10,0;433;234;175;24;60;302;71;280;976
2023-12-31;156;Lesotho;1241;151;1177;0,0;21,0;323;113;138;72;64;163;96;262;528
2023-12-31;157;Niger;1237;133;1236;-5,0;-4,0;269;100;110;59;58;148;63;257;488
2023-12-31;158;New Caledonia;1230;102;1359;8,0;61,0;278;87;69;122;137;108;33;727;411
2023-12-31;159;Turkmenistan;1221;114;1369;-11,0;-30,0;172;37;70;65;66;74;32;268;258
2023-12-31;160;Mayotte;1216;157;1200;-6,0;-8,0;41;2;11;28;13;17;11;55;59
2023-12-31;161;Dominican Republic;1205;168;1051;4,0;30,0;166;76;58;32;58;81;27;246;276
2023-12-31;162;Fiji;1203;128;1248;-12,0;-44,0;265;100;55;110;119;97;49;611;420
2023-12-31;163;Tahiti;1183;101;1393;5,0;28,0;245;58;70;117;132;78;35;683;369
2023-12-31;164;Chad;1155;134;1248;-2,0;-31,0;160;41;54;65;33;91;36;153;299
2023-12-31;165;Bermuda;1147;127;1289;-5,0;-58,0;214;98;74;42;72;99;43;341;356
2023-12-31;166;Puerto Rico;1146;169;930;12,0;59,0;177;64;62;51;39;113;25;198;459
2023-12-31;167;South Sudan;1144;181;1079;8,0;43,0;62;9;23;30;11;41;10;41;114
2023-12-31;168;Eritrea;1139;164;1159;2,0;0,0;84;20;27;37;15;50;19;57;136
2023-12-31;169;Singapore;1117;133;1231;0,0;-32,0;747;307;176;264;233;362;152;999;1351
2023-12-31;170;Papua New Guinea;1107;165;1090;-15,0;-116,0;151;25;40;86;49;76;26;332;331
2023-12-31;171;Yemen;1104;143;1215;5,0;5,0;277;56;82;139;60;167;50;270;553
2023-12-31;172;Andorra;1102;182;1047;2,0;-7,0;206;85;93;28;13;166;27;69;503
2023-12-31;173;Grenada;1095;100;1377;-1,0;-40,0;288;105;110;73;95;119;74;458;523
2023-12-31;174;Saint Lucia;1092;124;1246;10,0;47,0;251;86;104;61;86;124;41;347;449
2023-12-31;175;Vanuatu;1079;156;1105;-2,0;-46,0;210;47;48;115;65;116;29;381;444
2023-12-31;176;Saint Kitts and Nevis;1078;137;1178;-12,0;-98,0;230;111;71;48;94;92;44;392;349
2023-12-31;177;Afghanistan;1077;167;915;0,0;-21,0;149;8;58;83;36;80;33;144;311
2023-12-31;178;St Vincent & Grenadines;1072;109;1328;5,0;9,0;339;126;127;86;118;142;79;514;613
2023-12-31;179;Hong Kong;1067;122;1293;-9,0;-72,0;479;168;143;168;165;218;96;766;826
2023-12-31;180;Belize;1061;138;1115;-1,0;-14,0;111;36;41;34;24;66;21;109;210
2023-12-31;181;Gibraltar;1057;178;1085;-1,0;-11,0;94;30;41;23;14;70;10;53;302
2023-12-31;182;Sao Tome and Principe;1054;174;1057;-2,0;-14,0;70;24;31;15;10;51;9;53;188
2023-12-31;183;Philippines;1053;134;1068;-1,0;-11,0;374;101;116;157;90;230;54;391;989
2023-12-31;184;Mauritius;1043;106;1342;10,0;93,0;341;118;145;78;99;165;77;442;552
2023-12-31;185;Montserrat;1021;191;631;6,0;57,0;64;15;23;26;16;40;8;70;215
2023-12-31;186;Antigua and Barbuda;1010;143;1186;-19,0;-153,0;273;110;99;64;95;127;51;390;467
2023-12-31;187;Somaliland;1005;188;1003;-1,0;0,0;2;0;0;2;1;0;1;4;3
2023-12-31;188;Aruba;1001;124;1205;5,0;43,0;191;79;74;38;48;102;41;277;435
2023-12-31;189;Dominica;998;130;1202;-1,0;9,0;228;65;89;74;57;121;50;271;446
2023-12-31;190;Western Sahara;996;189;996;-3,0;0,0;1;0;1;0;0;1;0;0;6
2023-12-31;191;Liechtenstein;955;165;1124;-2,0;-22,0;235;106;115;14;17;190;28;96;665
2023-12-31;192;Greenland;953;184;976;0,0;-10,0;21;2;7;12;5;15;1;35;45
2023-12-31;193;Saint Martin;940;187;982;15,0;102,0;70;15;28;27;26;36;8;112;164
2023-12-31;194;Bangladesh;939;180;982;12,0;91,0;306;83;89;134;83;155;68;285;552
2023-12-31;195;Barbados;938;119;1251;-10,0;-69,0;359;163;126;70;112;154;93;461;582
2023-12-31;196;Taiwan;925;142;1179;2,0;24,0;323;90;100;133;93;178;52;446;743
2023-12-31;197;Djibouti;911;177;870;7,0;51,0;107;28;35;44;10;89;8;76;390
2023-12-31;198;Myanmar;910;123;1253;1,0;10,0;533;108;133;292;212;221;100;871;908
2023-12-31;199;Monaco;903;199;900;-2,0;0,0;9;0;1;8;4;2;3;11;15
2023-12-31;200;Nepal;902;190;888;-5,0;-41,0;278;73;78;127;66;163;49;237;630
2023-12-31;201;Somalia;894;164;1078;-1,0;-1,0;135;10;41;84;13;104;18;71;353
2023-12-31;202;Maldives;882;190;885;-6,0;-47,0;227;60;74;93;64;125;38;279;512
2023-12-31;203;Sint Maarten;878;187;908;8,0;102,0;62;14;24;24;17;35;10;90;167
2023-12-31;204;Seychelles;855;181;994;-3,0;-28,0;177;51;56;70;26;120;31;137;377
2023-12-31;205;Cambodia;848;156;1065;-3,0;-31,0;300;73;86;141;68;191;41;341;786
2023-12-31;206;Bonaire;832;149;1042;-16,0;-139,0;90;15;51;24;22;58;10;104;228
2023-12-31;207;Pakistan;831;152;1110;-4,0;-42,0;274;58;93;123;63;162;49;270;615
2023-12-31;208;Bahamas;816;189;875;-3,0;-41,0;78;30;27;21;16;52;10;77;244
2023-12-31;209;Cayman Islands;800;182;1012;-2,0;-39,0;114;51;35;28;21;70;23;112;284
2023-12-31;210;Mongolia;793;189;846;-1,0;-11,0;92;20;34;38;19;62;11;95;264
2023-12-31;211;Chagos Islands;782;211;784;1,0;9,0;4;0;0;4;1;2;1;8;10
2023-12-31;212;San Marino;777;194;924;-2,0;-6,0;204;98;100;6;1;194;9;31;829
2023-12-31;213;Sint Eustatius;757;213;754;0,0;0,0;9;1;8;0;4;1;4;25;19
2023-12-31;214;Tuvalu;756;204;745;0,0;19,0;34;0;4;30;9;21;4;47;182
2023-12-31;215;Saint Barthelemy;725;218;702;1,0;12,0;10;7;3;0;4;5;1;25;29
2023-12-31;216;Turks and Caicos Islands;701;210;776;-1,0;-24,0;48;13;20;15;11;34;3;47;183
2023-12-31;217;Wallis and Futuna;699;200;699;1,0;0,0;24;0;5;19;5;19;0;23;109
2023-12-31;217;Guam;699;206;693;0,0;-7,0;122;25;37;60;27;83;12;146;566
2023-12-31;219;Samoa;698;211;655;4,0;21,0;67;26;11;30;19;44;4;97;249
2023-12-31;220;Vatican;692;217;697;0,0;0,0;5;0;0;5;0;3;2;1;6
2023-12-31;221;Sri Lanka;689;160;937;1,0;9,0;264;62;80;122;50;169;45;257;670
2023-12-31;222;Cook Islands;686;205;683;-1,0;4,0;52;4;13;35;12;36;4;47;270
2023-12-31;223;Saint Pierre and Miquelon;677;223;679;0,0;0,0;7;0;0;7;0;7;0;2;78
2023-12-31;224;Saba;671;223;673;1,0;0,0;6;5;1;0;1;3;2;14;18
2023-12-31;225;Laos;668;185;903;1,0;6,0;222;42;64;116;41;149;32;221;706
2023-12-31;226;Macao;666;173;955;-7,0;-32,0;154;50;47;57;24;113;17;139;470
2023-12-31;227;British Virgin Islands;658;205;797;4,0;45,0;119;32;51;36;20;80;19;110;371
2023-12-31;228;Tibet;629;207;667;0,0;0,0;10;0;3;7;0;9;1;8;38
2023-12-31;229;Bhutan;623;218;598;6,0;56,0;103;17;35;51;10;86;7;61;382
2023-12-31;230;US Virgin Islands;613;218;692;-3,0;-48,0;70;24;31;15;8;53;9;39;276
2023-12-31;231;East Timor;611;226;627;-2,0;-13,0;75;5;39;31;8;61;6;68;244
2023-12-31;232;Brunei;598;200;783;0,0;-5,0;135;22;40;73;21;102;12;107;446
2023-12-31;233;Christmas Island;578;227;577;1,0;0,0;10;6;4;0;7;2;1;29;8
2023-12-31;234;Falkland Islands;571;229;587;-1,0;-9,0;4;0;1;3;0;4;0;0;25
2023-12-31;235;FS Micronesia;563;230;572;1,0;0,0;8;1;3;4;1;7;0;8;64
2023-12-31;236;Anguilla;547;224;553;-6,0;-67,0;94;25;39;30;10;75;9;55;367
2023-12-31;237;Kiribati;544;218;580;0,0;0,0;11;0;2;9;0;10;1;7;126
2023-12-31;238;Tonga;524;212;659;0,0;-3,0;66;8;14;44;15;45;6;77;257
2023-12-31;239;Niue;496;224;496;0,0;0,0;2;0;0;2;0;2;0;0;33
2023-12-31;240;Northern Mariana Islands;434;232;519;2,0;29,0;32;3;11;18;4;26;2;38;140
2023-12-31;241;Cocos Islands;422;234;423;0,0;0,0;10;4;6;0;2;7;1;8;29
2023-12-31;242;Palau;402;237;402;1,0;0,0;2;2;0;0;0;2;0;3;27
2023-12-31;243;Eastern Samoa;376;225;472;-3,0;-95,0;55;0;14;41;4;49;2;32;371
2024-12-31;1;Spain;2178;7;1943;2,0;144,0;768;334;298;136;454;138;176;1555;684
2024-12-31;2;Argentina;2108;5;1986;-1,0;-31,0;1098;376;415;307;601;227;270;2086;1132
2024-12-31;3;France;2055;16;1792;-1,0;-54,0;926;469;337;120;465;267;194;1677;1259
2024-12-31;4;England;2006;4;1983;1,0;-8,0;1148;501;521;126;674;213;261;2692;1113
2024-12-31;5;Brazil;1996;4;1998;1,0;-15,0;1053;369;341;343;664;168;221;2273;941
2024-12-31;6;Portugal;1993;19;1794;-2,0;-39,0;682;316;255;111;339;187;156;1191;766
2024-12-31;7;Colombia;1977;49;1615;2,0;-7,0;636;181;226;229;260;202;174;818;727
2024-12-31;8;Germany;1971;8;1911;6,0;86,0;1033;462;410;161;596;221;216;2324;1217
2024-12-31;9;Uruguay;1948;12;1876;-2,0;-58,0;1007;333;426;248;442;318;247;1600;1244
2024-12-31;10;Netherlands;1938;15;1847;0,0;-32,0;889;422;353;114;458;239;192;1857;1131
2024-12-31;11;Italy;1930;8;1916;1,0;-7,0;889;401;318;170;472;174;243;1551;876
2024-12-31;12;Ecuador;1909;65;1519;3,0;27,0;586;180;204;202;180;254;152;710;898
2024-12-31;13;Japan;1889;62;1461;0,0;-16,0;820;324;202;294;398;255;167;1488;977
2024-12-31;14;Croatia;1886;12;1880;-3,0;-65,0;386;151;163;72;200;81;105;663;391
2024-12-31;15;Austria;1871;20;1809;3,0;36,0;853;424;378;51;362;308;183;1531;1313
2024-12-31;16;Denmark;1857;20;1798;5,0;32,0;891;406;392;93;412;296;183;1618;1205
2024-12-31;17;Belgium;1850;24;1754;-9,0;-140,0;864;410;370;84;383;301;180;1560;1346
2024-12-31;18;Iran;1838;41;1656;2,0;11,0;654;220;191;243;376;128;150;1246;513
2024-12-31;19;Switzerland;1814;27;1688;7,0;23,0;883;420;386;77;312;372;199;1306;1472
2024-12-31;20;Greece;1812;49;1556;18,0;84,0;644;291;291;62;246;244;154;812;891
2024-12-31;21;Serbia;1809;20;1787;1,0;7,0;848;296;417;135;397;261;190;1603;1158
2024-12-31;22;Norway;1806;38;1620;11,0;51,0;874;418;405;51;325;354;195;1333;1435
2024-12-31;23;Morocco;1802;44;1654;-6,0;-44,0;702;301;218;183;343;164;195;1054;606
2024-12-31;23;Ukraine;1802;31;1743;-7,0;-48,0;326;134;139;53;147;85;94;456;333
2024-12-31;25;Russia;1789;24;1741;6,0;32,0;800;301;380;119;423;172;205;1448;770
2024-12-31;26;Canada;1784;49;1596;16,0;79,0;471;145;197;129;181;183;107;601;613
2024-12-31;27;Hungary;1778;20;1836;-8,0;-55,0;1021;460;487;74;483;319;219;2054;1506
2024-12-31;28;Paraguay;1774;23;1754;14,0;69,0;776;211;358;207;271;299;206;989;1103
2024-12-31;28;South Korea;1774;35;1686;-4,0;-25,0;1035;343;252;440;563;217;255;1885;949
2024-12-31;28;Turkey;1774;43;1607;1,0;9,0;657;285;294;78;254;248;155;920;954
2024-12-31;31;Senegal;1771;57;1586;6,0;40,0;685;217;254;214;304;191;190;921;660
2024-12-31;32;Mexico;1769;20;1782;-7,0;-25,0;1006;292;270;444;521;255;230;1793;1037
2024-12-31;33;Scotland;1759;14;1880;-10,0;-41,0;855;396;409;50;405;263;187;1476;1060
2024-12-31;34;United States;1758;41;1641;-6,0;-16,0;805;467;253;85;356;278;171;1211;1044
2024-12-31;35;Czechia;1753;13;1856;-3,0;-3,0;870;352;413;105;418;259;193;1600;1084
2024-12-31;36;Sweden;1744;16;1796;10,0;53,0;1106;483;494;129;544;330;232;2205;1462
2024-12-31;36;Venezuela;1744;84;1427;-3,0;-11,0;469;176;174;119;125;238;106;508;852
2024-12-31;38;Wales;1732;22;1671;7,0;37,0;721;338;351;32;231;327;163;894;1156
2024-12-31;39;Slovenia;1727;54;1621;1,0;17,0;307;139;138;30;112;114;81;389;366
2024-12-31;40;Panama;1726;100;1356;-11,0;-39,0;572;195;218;159;186;248;138;704;886
2024-12-31;41;Peru;1722;34;1679;-6,0;-20,0;696;262;248;186;226;298;172;847;972
2024-12-31;42;Romania;1719;29;1718;6,0;45,0;788;326;370;92;349;241;198;1282;1001
2024-12-31;43;Australia;1718;35;1670;-16,0;-65,0;623;266;218;139;317;176;130;1267;704
2024-12-31;44;Chile;1713;28;1677;0,0;13,0;840;323;302;215;313;341;186;1177;1200
2024-12-31;45;Slovakia;1701;40;1681;4,0;40,0;354;150;161;43;144;125;85;505;439
2024-12-31;46;Poland;1699;30;1712;-5,0;-10,0;907;388;405;114;392;293;222;1541;1228
2024-12-31;47;Georgia;1692;71;1548;6,0;54,0;307;132;143;32;101;141;65;390;424
2024-12-31;48;Algeria;1685;48;1620;-9,0;-38,0;667;256;230;181;294;194;179;1003;689
2024-12-31;49;Uzbekistan;1684;60;1591;1,0;41,0;349;121;126;102;172;109;68;611;389
2024-12-31;50;Bolivia;1658;60;1507;9,0;47,0;520;183;198;139;117;284;119;539;1029
2024-12-31;51;Egypt;1657;37;1662;-4,0;-27,0;862;349;278;235;435;213;214;1517;907
2024-12-31;52;Costa Rica;1652;35;1690;12,0;76,0;772;254;276;242;349;239;184;1327;892
2024-12-31;53;Albania;1635;73;1502;1,0;4,0;396;185;179;32;110;203;83;383;592
2024-12-31;54;Jordan;1617;112;1317;22,0;114,0;562;197;186;179;199;212;151;698;688
2024-12-31;55;North Macedonia;1610;75;1530;10,0;43,0;291;136;126;29;92;127;72;350;391
2024-12-31;55;Mali;1610;70;1521;3,0;-4,0;610;194;230;186;245;202;163;809;709
2024-12-31;57;Ireland;1608;24;1625;3,0;0,0;728;371;298;59;255;285;188;956;1148
2024-12-31;58;Israel;1601;49;1621;3,0;-1,0;512;249;205;58;191;203;118;781;742
2024-12-31;59;Tunisia;1598;47;1616;-23,0;-140,0;754;329;246;179;318;226;210;1067;823
2024-12-31;60;Cameroon;1594;52;1605;-4,0;-23,0;645;181;243;221;279;168;198;932;702
2024-12-31;61;Iraq;1584;47;1623;-6,0;-37,0;744;136;227;381;351;185;208;1185;693
2024-12-31;62;New Zealand;1583;66;1498;11,0;58,0;427;130;186;111;177;172;78;748;630
2024-12-31;63;Ivory Coast;1579;45;1640;-12,0;-63,0;675;238;233;204;337;163;175;1100;687
2024-12-31;64;South Africa;1576;31;1709;20,0;90,0;504;260;161;83;221;136;147;690;526
2024-12-31;64;Iceland;1576;81;1423;24,0;98,0;512;213;243;56;157;254;101;614;856
2024-12-31;66;Jamaica;1575;83;1411;-10,0;-42,0;695;265;261;169;267;267;161;925;922
2024-12-31;67;Angola;1570;87;1454;41,0;185,0;456;161;180;115;168;136;152;546;472
2024-12-31;68;Northern Ireland;1560;40;1656;14,0;69,0;598;271;290;37;167;283;148;631;908
2024-12-31;68;Honduras;1560;63;1499;3,0;29,0;650;207;212;231;255;227;168;941;839
2024-12-31;70;Kosovo;1554;104;1410;7,0;54,0;95;41;35;19;34;40;21;128;130
2024-12-31;71;Nigeria;1550;38;1669;-9,0;-37,0;692;238;257;197;318;178;196;1033;703
2024-12-31;72;DR Congo;1540;62;1556;6,0;43,0;530;163;222;145;213;169;148;808;633
2024-12-31;73;Finland;1538;62;1500;-21,0;-103,0;811;332;422;57;212;434;165;956;1677
2024-12-31;73;Haiti;1538;81;1416;7,0;42,0;547;181;190;176;241;192;114;936;742
2024-12-31;75;Saudi Arabia;1536;76;1498;-12,0;-50,0;814;316;146;352;386;238;190;1259;871
2024-12-31;76;Oman;1534;129;1204;-9,0;-22,0;573;225;140;208;216;213;144;736;762
2024-12-31;77;United Arab Emirates;1533;98;1391;-5,0;3,0;658;283;137;238;258;233;167;915;812
2024-12-31;78;Qatar;1524;93;1414;-8,0;-10,0;684;317;144;223;286;225;173;979;803
2024-12-31;79;Montenegro;1520;59;1606;-11,0;-29,0;160;83;72;5;52;67;41;186;214
2024-12-31;80;Bahrain;1509;110;1346;14,0;60,0;622;215;152;255;220;237;165;769;802
2024-12-31;81;Guatemala;1506;68;1485;0,0;12,0;607;200;175;232;218;227;162;852;821
2024-12-31;82;Equatorial Guinea;1496;152;1152;-7,0;-19,0;181;77;64;40;52;89;40;168;270
2024-12-31;83;Guinea;1490;72;1517;17,0;67,0;635;172;261;202;248;208;179;941;795
2024-12-31;84;Bulgaria;1486;41;1635;7,0;29,0;767;293;393;81;283;291;193;1074;1118
2024-12-31;85;Bosnia and Herzegovina;1485;52;1629;0,0;0,0;267;112;129;26;98;109;60;369;373
2024-12-31;86;Burkina Faso;1481;99;1400;-20,0;-83,0;475;150;184;141;159;188;128;578;659
2024-12-31;87;Cape Verde;1472;121;1297;0,0;-7,0;238;77;85;76;88;96;54;246;266
2024-12-31;88;Belarus;1459;80;1506;1,0;-10,0;294;101;151;42;85;132;77;323;419
2024-12-31;89;Northern Cyprus;1457;84;1464;2,0;0,0;17;5;3;9;9;6;2;30;23
2024-12-31;90;Mozambique;1447;116;1330;27,0;93,0;425;164;171;90;134;182;109;448;547
2024-12-31;91;Luxembourg;1445;108;1254;-17,0;-75,0;461;250;195;16;51;349;61;300;1207
2024-12-31;92;Gabon;1442;95;1412;4,0;3,0;448;181;152;115;153;168;127;523;543
2024-12-31;93;Syria;1437;86;1428;5,0;11,0;584;125;219;240;215;224;145;830;747
2024-12-31;94;Kazakhstan;1430;101;1420;-8,0;-51,0;256;97;116;43;65;135;56;268;430
2024-12-31;94;Thailand;1430;112;1316;15,0;46,0;920;379;195;346;357;354;209;1456;1393
2024-12-31;96;Ghana;1429;41;1653;-27,0;-119,0;765;244;291;230;364;207;194;1224;807
2024-12-31;96;Benin;1429;109;1354;28,0;88,0;338;129;139;70;81;174;83;352;598
2024-12-31;98;Kurdistan;1425;101;1425;1,0;0,0;4;2;0;2;3;0;1;12;3
2024-12-31;99;Comoros;1424;188;927;48,0;150,0;136;27;30;79;34;70;32;123;215
2024-12-31;100;Martinique;1418;79;1459;-5,0;-24,0;364;134;123;107;167;111;86;674;479
2024-12-31;101;China;1412;49;1579;-8,0;-39,0;751;269;261;221;364;225;162;1411;847
2024-12-31;102;Armenia;1411;102;1419;-13,0;-58,0;270;108;126;36;65;149;56;272;500
2024-12-31;103;Zambia;1408;59;1553;-20,0;-80,0;866;280;354;232;392;252;222;1381;925
2024-12-31;104;Tanzania;1407;117;1294;14,0;58,0;643;242;233;168;191;271;181;737;944
2024-12-31;104;Palestine;1407;121;1252;-2,0;-2,0;280;19;107;154;81;125;74;360;436
2024-12-31;106;Kenya;1402;90;1379;15,0;56,0;767;288;281;198;289;288;190;1056;1039
2024-12-31;107;Azerbaijan;1398;107;1398;-29,0;-99,0;310;108;149;53;65;167;78;252;517
2024-12-31;108;Uganda;1395;74;1484;6,0;30,0;723;248;254;221;299;232;192;1092;866
2024-12-31;109;Trinidad and Tobago;1394;61;1506;-12,0;-38,0;850;339;355;156;371;294;185;1418;1086
2024-12-31;110;Libya;1391;82;1471;6,0;34,0;449;160;163;126;163;184;102;610;602
2024-12-31;111;El Salvador;1390;71;1473;-8,0;-18,0;671;206;204;261;224;298;149;853;1003
2024-12-31;112;Sudan;1388;89;1445;18,0;66,0;537;154;199;184;185;216;136;622;709
2024-12-31;113;North Korea;1387;62;1570;-1,0;17,0;411;50;146;215;174;124;113;634;434
2024-12-31;114;Togo;1381;89;1441;-9,0;-13,0;485;176;195;114;155;207;123;527;664
2024-12-31;115;Zimbabwe;1378;78;1463;12,0;43,0;533;190;218;125;203;175;155;720;639
2024-12-31;115;Gambia;1378;119;1307;-11,0;-18,0;288;108;97;83;77;132;79;294;414
2024-12-31;117;Estonia;1376;93;1352;-3,0;11,0;527;224;250;53;130;280;117;518;936
2024-12-31;118;Mauritania;1364;156;1111;-11,0;-26,0;286;88;98;100;54;167;65;208;510
2024-12-31;119;Nicaragua;1363;146;1027;9,0;31,0;239;58;93;88;52;158;29;251;596
2024-12-31;120;Suriname;1356;84;1404;19,0;53,0;529;226;217;86;234;171;124;969;725
2024-12-31;120;Rwanda;1356;144;1203;17,0;51,0;281;102;97;82;87;121;73;290;354
2024-12-31;122;Moldova;1355;108;1394;3,0;17,0;288;108;139;41;60;161;67;236;479
2024-12-31;122;Botswana;1355;150;1163;1,0;12,0;353;161;132;60;96;157;100;299;463
2024-12-31;124;Reunion;1345;125;1182;-2,0;0,0;139;53;38;48;55;55;29;237;252
2024-12-31;125;Lebanon;1339;107;1333;9,0;27,0;410;140;140;130;117;183;110;487;616
2024-12-31;126;Curaçao;1335;97;1381;0,0;-2,0;484;169;172;143;196;169;119;854;751
2024-12-31;126;Guadeloupe;1335;91;1409;3,0;9,0;288;91;88;109;126;111;51;500;400
2024-12-31;128;Kuwait;1333;82;1471;-16,0;-37,0;748;267;172;309;319;241;188;1180;850
2024-12-31;129;Guinea-Bissau;1330;125;1282;-28,0;-83,0;205;63;61;81;57;97;51;209;303
2024-12-31;130;Zanzibar;1321;146;1115;2,0;0,0;217;37;45;135;39;131;47;186;458
2024-12-31;131;Indonesia;1320;101;1361;15,0;35,0;772;244;189;339;293;327;152;1298;1253
2024-12-31;131;Niger;1320;133;1236;26,0;83,0;278;100;113;65;60;153;65;266;498
2024-12-31;133;Namibia;1319;137;1269;-23,0;-58,0;291;102;115;74;74;129;88;284;407
2024-12-31;134;Malawi;1309;114;1329;-15,0;-39,0;686;303;241;142;230;258;198;810;889
2024-12-31;135;Vietnam;1306;120;1297;-29,0;-87,0;515;167;128;220;213;199;103;898;761
2024-12-31;136;Tajikistan;1305;122;1336;-25,0;-70,0;199;48;81;70;73;84;42;280;282
2024-12-31;137;Cyprus;1301;101;1379;-7,0;-21,0;415;230;179;6;80;265;70;366;911
2024-12-31;138;Sierra Leone;1295;104;1368;-3,0;-16,0;328;115;137;76;94;147;87;320;465
2024-12-31;139;Madagascar;1287;104;1366;-4,0;-24,0;342;120;119;103;129;137;76;470;510
2024-12-31;139;Dominican Republic;1287;168;1054;22,0;82,0;176;80;60;36;66;83;27;280;285
2024-12-31;141;Central African Republic;1285;124;1296;-2,0;-18,0;155;32;66;57;34;89;32;174;306
2024-12-31;142;Lithuania;1283;90;1319;-9,0;-36,0;404;163;200;41;105;222;77;406;735
2024-12-31;143;Kyrgyzstan;1281;156;1198;11,0;29,0;181;45;72;64;54;100;27;198;319
2024-12-31;144;Cuba;1280;83;1441;-1,0;-10,0;474;101;206;167;182;183;109;667;663
2024-12-31;144;Burundi;1280;124;1286;0,0;-7,0;230;50;85;95;70;106;54;260;322
2024-12-31;146;Faroe Islands;1277;122;1251;4,0;13,0;270;115;133;22;44;189;37;198;629
2024-12-31;147;Latvia;1276;86;1402;-27,0;-71,0;445;186;206;53;125;214;106;528;737
2024-12-31;148;Ethiopia;1275;98;1396;-6,0;-24,0;464;213;161;90;166;195;103;643;680
2024-12-31;149;Malta;1269;118;1324;6,0;20,0;442;239;177;26;63;305;74;287;989
2024-12-31;150;Liberia;1265;111;1343;2,0;8,0;331;142;140;49;88;170;73;305;505
2024-12-31;151;New Caledonia;1261;102;1358;7,0;31,0;281;87;69;125;139;108;34;734;415
2024-12-31;152;Malaysia;1255;122;1288;-11,0;-47,0;919;382;239;298;355;354;210;1493;1339
2024-12-31;153;Guyana;1244;104;1293;-5,0;-29,0;448;178;191;79;136;222;90;572;782
2024-12-31;154;Fiji;1233;128;1247;8,0;30,0;280;106;60;114;126;100;54;643;436
2024-12-31;155;Lesotho;1230;151;1178;1,0;-11,0;339;113;144;82;67;172;100;273;554
2024-12-31;156;Congo;1223;81;1476;-7,0;-44,0;471;179;187;105;173;184;114;677;657
2024-12-31;156;French Guiana;1223;125;1246;-11,0;-63,0;190;66;67;57;57;92;41;280;328
2024-12-31;158;Eswatini;1218;153;1167;-5,0;-37,0;314;121;128;65;71;152;91;289;522
2024-12-31;159;Mayotte;1216;157;1201;1,0;0,0;41;2;11;28;13;17;11;55;59
2024-12-31;160;Tahiti;1206;101;1390;3,0;23,0;253;58;71;124;136;81;36;693;380
2024-12-31;161;Turkmenistan;1205;115;1364;-2,0;-16,0;178;39;72;67;67;78;33;274;269
2024-12-31;162;India;1175;109;1344;-11,0;-87,0;595;172;165;258;216;255;124;820;980
2024-12-31;163;Chad;1166;135;1246;1,0;11,0;170;41;57;72;35;96;39;157;311
2024-12-31;164;Bermuda;1142;127;1287;1,0;-5,0;224;101;77;46;77;103;44;361;381
2024-12-31;165;Eritrea;1139;164;1159;3,0;0,0;84;20;27;37;15;50;19;57;136
2024-12-31;166;Hong Kong;1136;122;1290;13,0;69,0;498;176;147;175;173;227;98;793;851
2024-12-31;167;St Vincent & Grenadines;1129;109;1325;11,0;57,0;350;130;130;90;124;146;80;534;630
2024-12-31;168;Solomon Islands;1126;147;1184;-31,0;-179,0;218;59;61;98;94;88;36;474;410
2024-12-31;169;Yemen;1125;143;1213;2,0;21,0;288;56;85;147;62;173;53;280;568
2024-12-31;170;South Sudan;1121;180;1083;-3,0;-23,0;72;13;27;32;12;47;13;49;131
2024-12-31;171;Philippines;1120;135;1067;12,0;67,0;389;105;125;159;93;238;58;406;1015
2024-12-31;171;Puerto Rico;1120;169;933;-5,0;-26,0;187;69;65;53;43;117;27;218;475
2024-12-31;173;Papua New Guinea;1104;165;1090;-3,0;-3,0;162;27;43;92;52;80;30;347;354
2024-12-31;174;Saint Kitts and Nevis;1103;137;1177;2,0;25,0;240;115;76;49;100;94;46;408;362
2024-12-31;175;Belize;1096;139;1114;5,0;35,0;121;42;42;37;30;68;23;127;221
2024-12-31;176;Afghanistan;1088;167;918;1,0;11,0;155;8;61;86;37;83;35;147;318
2024-12-31;177;Andorra;1083;182;1049;-5,0;-19,0;216;88;97;31;14;173;29;72;517
2024-12-31;178;Singapore;1076;133;1230;-9,0;-41,0;759;314;180;265;236;369;154;1016;1382
2024-12-31;179;Grenada;1064;100;1374;-6,0;-31,0;297;109;111;77;97;124;76;467;537
2024-12-31;180;Gibraltar;1055;178;1084;1,0;-2,0;104;34;44;26;16;73;15;59;310
2024-12-31;181;Sao Tome and Principe;1046;174;1057;1,0;-8,0;74;24;32;18;10;53;11;55;193
2024-12-31;182;Vanuatu;1045;156;1104;-7,0;-34,0;222;52;50;120;68;124;30;394;479
2024-12-31;183;Mauritius;1036;107;1339;1,0;-7,0;348;120;148;80;100;170;78;446;561
2024-12-31;184;Saint Lucia;1034;125;1244;-10,0;-58,0;259;88;106;65;89;128;42;357;468
2024-12-31;185;Saint Martin;1018;187;981;8,0;78,0;77;15;33;29;28;40;9;120;177
2024-12-31;186;Somaliland;1005;188;1003;1,0;0,0;2;0;0;2;1;0;1;4;3
2024-12-31;187;Western Sahara;996;189;996;3,0;0,0;1;0;1;0;0;1;0;0;6
2024-12-31;188;Dominica;977;131;1200;1,0;-21,0;238;66;96;76;59;128;51;282;476
2024-12-31;189;Barbados;950;120;1247;6,0;12,0;367;167;129;71;116;158;93;484;602
2024-12-31;189;Montserrat;950;191;636;-4,0;-71,0;72;15;25;32;17;47;8;75;232
2024-12-31;191;Greenland;946;184;976;1,0;-7,0;22;2;7;13;5;16;1;35;50
2024-12-31;192;Djibouti;942;177;871;5,0;31,0;112;28;37;47;10;91;11;79;396
2024-12-31;193;Nepal;937;190;888;7,0;35,0;285;73;82;130;67;168;50;242;653
2024-12-31;194;Sint Maarten;932;187;908;9,0;54,0;71;16;24;31;21;39;11;101;190
2024-12-31;195;Taiwan;924;143;1175;1,0;-1,0;331;92;105;134;95;184;52;458;763
2024-12-31;196;Myanmar;918;124;1249;2,0;8,0;545;115;136;294;214;228;103;883;940
2024-12-31;197;Antigua and Barbuda;917;144;1184;-11,0;-93,0;281;113;100;68;95;133;53;393;484
2024-12-31;198;Liechtenstein;913;166;1120;-7,0;-42,0;245;109;119;17;18;195;32;101;681
2024-12-31;199;Bangladesh;906;181;981;-5,0;-33,0;316;87;91;138;85;162;69;288;570
2024-12-31;200;Monaco;903;199;900;-1,0;0,0;9;0;1;8;4;2;3;11;15
2024-12-31;201;Aruba;902;124;1202;-13,0;-99,0;200;82;77;41;48;110;42;284;458
2024-12-31;202;Somalia;895;165;1075;-1,0;1,0;139;10;42;87;13;107;19;75;363
2024-12-31;203;Maldives;889;190;885;-1,0;7,0;229;60;76;93;65;126;38;281;514
2024-12-31;204;Seychelles;859;181;991;0,0;4,0;182;51;56;75;26;124;32;143;392
2024-12-31;205;Cambodia;849;157;1062;0,0;1,0;312;78;91;143;71;197;44;357;809
2024-12-31;206;San Marino;848;194;920;6,0;71,0;214;103;104;7;3;200;11;38;846
2024-12-31;207;Bonaire;838;149;1040;-1,0;6,0;98;17;52;29;23;63;12;110;240
2024-12-31;208;Cayman Islands;828;182;1007;1,0;28,0;122;55;37;30;24;74;24;117;300
2024-12-31;209;Pakistan;826;153;1106;-2,0;-5,0;278;60;95;123;63;166;49;270;631
2024-12-31;210;Bahamas;792;190;874;-2,0;-24,0;84;30;30;24;17;56;11;88;265
2024-12-31;211;Chagos Islands;782;211;784;0,0;0,0;4;0;0;4;1;2;1;8;10
2024-12-31;212;Tuvalu;756;204;745;2,0;0,0;34;0;4;30;9;21;4;47;182
2024-12-31;213;Sint Eustatius;737;213;754;0,0;-20,0;11;3;8;0;5;2;4;33;30
2024-12-31;214;Mongolia;729;189;845;-4,0;-64,0;100;22;37;41;21;68;11;100;282
2024-12-31;215;Samoa;728;211;656;4,0;30,0;77;28;15;34;23;50;4;109;279
2024-12-31;216;Sri Lanka;726;160;935;5,0;37,0;274;65;85;124;52;173;49;262;678
2024-12-31;217;Saint Barthelemy;725;217;704;-2,0;0,0;10;7;3;0;4;5;1;25;29
2024-12-31;218;Guam;713;206;693;-1,0;14,0;128;25;42;61;30;85;13;161;577
2024-12-31;219;Laos;700;185;899;6,0;32,0;228;44;67;117;41;152;35;230;721
2024-12-31;220;Wallis and Futuna;699;201;699;-3,0;0,0;24;0;5;19;5;19;0;23;109
2024-12-31;221;Vatican;692;218;697;-1,0;0,0;5;0;0;5;0;3;2;1;6
2024-12-31;222;Saba;691;223;673;2,0;20,0;8;5;3;0;2;4;2;25;26
2024-12-31;223;Saint Pierre and Miquelon;677;223;679;0,0;0,0;7;0;0;7;0;7;0;2;78
2024-12-31;224;Brunei;667;201;780;8,0;69,0;144;26;42;76;26;105;13;116;462
2024-12-31;225;East Timor;660;226;627;6,0;49,0;83;5;43;35;10;66;7;76;265
2024-12-31;226;Turks and Caicos Islands;648;210;772;-10,0;-53,0;54;16;22;16;12;37;5;50;194
2024-12-31;227;Tibet;629;208;666;1,0;0,0;10;0;3;7;0;9;1;8;38
2024-12-31;228;British Virgin Islands;626;206;793;-1,0;-32,0;127;34;55;38;20;86;21;112;386
2024-12-31;229;Cook Islands;622;205;683;-7,0;-64,0;56;4;14;38;13;39;4;50;276
2024-12-31;230;Anguilla;621;224;554;6,0;74,0;105;28;45;32;12;80;13;63;385
2024-12-31;230;Bhutan;621;218;599;-1,0;-2,0;107;19;36;52;11;89;7;62;391
2024-12-31;232;Macao;599;174;951;-6,0;-67,0;157;51;48;58;24;116;17;140;476
2024-12-31;233;US Virgin Islands;587;218;689;-3,0;-26,0;76;27;33;16;8;56;12;44;291
2024-12-31;234;Christmas Island;578;228;577;-1,0;0,0;10;6;4;0;7;2;1;29;8
2024-12-31;235;Falkland Islands;571;229;586;-1,0;0,0;4;0;1;3;0;4;0;0;25
2024-12-31;236;FS Micronesia;563;230;572;-1,0;0,0;8;1;3;4;1;7;0;8;64
2024-12-31;237;Kiribati;544;219;579;0,0;0,0;11;0;2;9;0;10;1;7;126
2024-12-31;238;Tonga;520;213;655;0,0;-4,0;70;10;15;45;16;48;6;82;265
2024-12-31;239;Niue;496;225;496;0,0;0,0;2;0;0;2;0;2;0;0;33
2024-12-31;240;Northern Mariana Islands;432;232;516;0,0;-2,0;36;7;11;18;5;28;3;43;153
2024-12-31;241;Cocos Islands;422;234;423;0,0;0,0;10;4;6;0;2;7;1;8;29
2024-12-31;242;Palau;402;237;402;0,0;0,0;2;2;0;0;0;2;0;3;27
2024-12-31;243;Eastern Samoa;388;225;470;0,0;12,0;57;0;15;42;5;50;2;34;374
2025-12-31;1;Spain;2172;7;1945;0,0;-6,0;778;338;302;138;460;138;180;1588;697
2025-12-31;2;Argentina;2113;5;1987;0,0;5,0;1107;379;419;309;608;228;271;2105;1135
2025-12-31;3;France;2062;16;1794;0,0;7,0;936;473;341;122;472;269;195;1701;1270
2025-12-31;4;England;2042;4;1983;0,0;36,0;1158;507;524;127;683;214;261;2718;1116
2025-12-31;5;Colombia;1998;49;1619;2,0;21,0;646;184;229;233;265;203;178;840;736
2025-12-31;6;Brazil;1978;4;1998;-1,0;-18,0;1063;372;346;345;669;171;223;2290;951
2025-12-31;7;Portugal;1976;19;1796;-1,0;-17,0;692;320;260;112;345;189;158;1220;779
2025-12-31;8;Netherlands;1959;15;1848;2,0;21,0;899;427;358;114;464;239;196;1889;1140
2025-12-31;9;Ecuador;1933;64;1523;3,0;24,0;596;183;210;203;183;254;159;717;901
2025-12-31;10;Croatia;1932;12;1881;4,0;46,0;396;156;167;73;208;82;106;691;397
2025-12-31;11;Norway;1922;38;1622;11,0;116,0;884;424;408;52;334;354;196;1372;1441
2025-12-31;12;Germany;1910;8;1911;-4,0;-61,0;1043;468;414;161;602;224;217;2346;1228
2025-12-31;13;Switzerland;1897;27;1689;6,0;83,0;893;424;391;78;319;372;202;1332;1478
2025-12-31;14;Uruguay;1890;12;1876;-5,0;-58,0;1017;336;431;250;446;321;250;1609;1253
2025-12-31;15;Turkey;1881;43;1610;13,0;107,0;667;289;299;79;261;250;156;945;969
2025-12-31;16;Japan;1878;62;1465;-3,0;-11,0;833;331;205;297;406;257;170;1515;985
2025-12-31;17;Denmark;1865;20;1798;-1,0;8,0;901;412;395;94;418;298;185;1644;1218
2025-12-31;18;Italy;1859;8;1915;-7,0;-71,0;899;406;322;171;478;177;244;1576;893
2025-12-31;19;Belgium;1849;24;1755;-2,0;-1,0;874;415;374;85;389;302;183;1593;1356
2025-12-31;20;Morocco;1840;43;1656;3,0;38,0;721;313;219;189;360;164;197;1092;611
2025-12-31;21;Mexico;1834;20;1782;11,0;65,0;1022;294;271;457;529;258;235;1814;1054
2025-12-31;22;Paraguay;1832;23;1755;6,0;58,0;786;214;364;208;275;302;209;1000;1113
2025-12-31;23;Austria;1818;20;1810;-8,0;-53,0;863;429;383;51;368;310;185;1554;1320
2025-12-31;24;Senegal;1807;57;1589;7,0;36,0;698;220;258;220;313;192;193;956;667
2025-12-31;25;Ukraine;1802;31;1745;-2,0;0,0;336;134;144;58;152;89;95;473;353
2025-12-31;25;Canada;1802;49;1598;1,0;18,0;485;150;200;135;188;185;112;623;621
2025-12-31;27;Scotland;1790;14;1879;6,0;31,0;865;401;413;51;411;266;188;1495;1073
2025-12-31;28;South Korea;1784;35;1687;0,0;10,0;1048;353;254;441;571;219;258;1907;959
2025-12-31;29;Russia;1782;24;1741;-4,0;-7,0;810;309;382;119;429;173;208;1473;777
2025-12-31;30;Australia;1773;35;1671;13,0;55,0;633;269;223;141;324;179;130;1283;713
2025-12-31;31;Serbia;1768;20;1787;-10,0;-41,0;858;301;422;135;402;264;192;1615;1169
2025-12-31;32;Greece;1761;49;1558;-12,0;-51,0;654;297;294;63;251;248;155;833;905
2025-12-31;33;Algeria;1757;48;1621;15,0;72,0;684;261;233;190;307;195;182;1044;701
2025-12-31;34;Iran;1755;41;1657;-16,0;-83,0;666;223;195;248;381;131;154;1264;522
2025-12-31;35;United States;1747;41;1641;-1,0;-11,0;823;485;253;85;366;284;173;1244;1066
2025-12-31;36;Panama;1742;100;1360;4,0;16,0;587;199;224;164;195;250;142;732;902
2025-12-31;37;Poland;1735;30;1712;9,0;36,0;917;394;409;114;399;294;224;1558;1235
2025-12-31;37;Uzbekistan;1735;60;1594;12,0;51,0;362;128;128;106;179;110;73;630;395
2025-12-31;39;Czechia;1731;13;1855;-4,0;-22,0;880;358;416;106;424;261;195;1620;1093
2025-12-31;39;Chile;1731;28;1678;5,0;18,0;850;328;306;216;317;345;188;1189;1210
2025-12-31;41;Wales;1715;22;1671;-3,0;-17,0;731;343;356;32;236;331;164;915;1171
2025-12-31;41;Venezuela;1715;84;1431;-5,0;-29,0;479;179;178;122;128;245;106;517;871
2025-12-31;43;Kosovo;1714;103;1417;27,0;160,0;105;47;38;20;41;41;23;148;141
2025-12-31;44;Peru;1707;34;1679;-3,0;-15,0;706;266;253;187;228;303;175;855;983
2025-12-31;45;Hungary;1698;20;1835;-18,0;-80,0;1031;465;492;74;486;324;221;2068;1525
2025-12-31;46;Slovenia;1695;54;1624;-7,0;-32,0;317;144;143;30;115;116;86;396;375
2025-12-31;47;Jordan;1689;111;1322;7,0;72,0;581;201;192;188;207;218;156;725;707
2025-12-31;48;Ireland;1688;24;1626;9,0;80,0;738;376;303;59;260;287;191;970;1158
2025-12-31;49;Slovakia;1687;40;1681;-4,0;-14,0;364;154;166;44;148;130;86;512;453
2025-12-31;50;Nigeria;1669;38;1668;21,0;119,0;707;241;261;205;327;179;201;1063;718
2025-12-31;51;Bolivia;1666;60;1509;-1,0;8,0;531;186;205;140;120;291;120;544;1047
2025-12-31;52;Albania;1664;73;1503;1,0;29,0;406;190;184;32;116;205;85;395;599
2025-12-31;53;Sweden;1660;17;1795;-17,0;-84,0;1116;488;499;129;547;335;234;2220;1479
2025-12-31;54;DR Congo;1657;62;1557;18,0;117,0;544;166;225;153;224;170;150;832;640
2025-12-31;55;Georgia;1650;70;1552;-8,0;-42,0;317;138;147;32;105;146;66;408;441
2025-12-31;56;Romania;1642;29;1717;-14,0;-77,0;798;332;374;92;354;245;199;1303;1015
2025-12-31;57;Costa Rica;1632;35;1690;-5,0;-20,0;787;259;281;247;356;241;190;1366;909
2025-12-31;58;Israel;1631;49;1621;0,0;30,0;522;249;211;62;196;207;119;801;762
2025-12-31;59;Ivory Coast;1627;45;1640;4,0;48,0;688;241;237;210;345;165;178;1120;692
2025-12-31;60;Egypt;1623;37;1662;-9,0;-34,0;877;353;279;245;443;215;219;1534;917
2025-12-31;61;Tunisia;1615;47;1616;-2,0;17,0;772;337;250;185;329;229;214;1103;838
2025-12-31;62;Northern Ireland;1603;40;1656;6,0;43,0;608;276;295;37;171;288;149;642;922
2025-12-31;63;Mali;1599;70;1522;-8,0;-11,0;621;195;233;193;249;204;168;823;714
2025-12-31;64;Cameroon;1594;52;1604;-4,0;0,0;657;184;245;228;285;170;202;948;708
2025-12-31;65;North Macedonia;1592;74;1533;-10,0;-18,0;301;141;130;30;95;129;77;364;403
2025-12-31;65;Saudi Arabia;1592;76;1499;10,0;56,0;835;323;150;362;396;244;195;1281;888
2025-12-31;67;New Zealand;1585;66;1499;-5,0;2,0;437;133;189;115;180;178;79;763;642
2025-12-31;68;Iraq;1582;47;1622;-7,0;-2,0;758;139;231;388;358;189;211;1200;706
2025-12-31;69;Bosnia and Herzegovina;1572;53;1626;16,0;87,0;277;116;135;26;104;111;62;391;383
2025-12-31;70;Burkina Faso;1571;99;1401;16,0;90,0;488;152;186;150;169;190;129;606;668
2025-12-31;71;Honduras;1567;63;1500;-3,0;7,0;666;212;217;237;263;231;172;962;855
2025-12-31;72;Iceland;1566;81;1424;-8,0;-10,0;522;216;248;58;160;260;102;632;874
2025-12-31;73;Cape Verde;1561;120;1301;14,0;89,0;249;80;91;78;94;96;59;264;273
2025-12-31;74;South Africa;1551;32;1708;-10,0;-25,0;521;273;161;87;231;139;151;716;537
2025-12-31;75;Angola;1543;86;1456;-8,0;-27,0;473;166;184;123;175;140;158;575;489
2025-12-31;76;Haiti;1542;81;1417;-3,0;4,0;559;181;196;182;246;196;117;956;757
2025-12-31;77;United Arab Emirates;1540;98;1394;0,0;7,0;674;287;141;246;263;238;173;933;831
2025-12-31;78;Guatemala;1528;68;1485;3,0;22,0;624;205;180;239;225;233;166;877;844
2025-12-31;78;Jamaica;1528;83;1413;-12,0;-47,0;712;272;266;174;276;270;166;954;937
2025-12-31;80;Ghana;1509;42;1651;16,0;80,0;775;247;294;234;370;210;195;1245;813
2025-12-31;80;Finland;1509;62;1500;-7,0;-29,0;821;337;427;57;216;439;166;968;1692
2025-12-31;82;Belarus;1496;80;1505;6,0;37,0;304;103;156;45;88;137;79;339;441
2025-12-31;83;Oman;1490;128;1209;-7,0;-44,0;592;230;144;218;222;218;152;753;780
2025-12-31;84;Syria;1486;86;1428;9,0;49,0;596;125;223;248;222;226;148;853;755
2025-12-31;85;Guinea;1485;72;1516;-2,0;-5,0;643;172;263;208;251;209;183;951;800
2025-12-31;86;Palestine;1469;121;1254;18,0;62,0;290;19;111;160;84;128;78;370;446
2025-12-31;87;Curaçao;1466;97;1381;39,0;131,0;496;173;175;148;201;171;124;878;760
2025-12-31;88;Northern Cyprus;1457;84;1463;1,0;0,0;17;5;3;9;9;6;2;30;23
2025-12-31;89;Bulgaria;1453;41;1633;-5,0;-33,0;777;298;398;81;284;299;194;1081;1147
2025-12-31;90;Montenegro;1443;60;1600;-11,0;-77,0;170;89;76;5;56;72;42;198;234
2025-12-31;91;Suriname;1440;84;1404;29,0;84,0;542;231;222;89;239;174;129;985;738
2025-12-31;92;Benin;1428;109;1355;4,0;-1,0;349;129;142;78;85;180;84;361;614
2025-12-31;93;Libya;1425;82;1470;17,0;34,0;457;164;166;127;166;185;106;619;609
2025-12-31;93;Qatar;1425;93;1416;-15,0;-99,0;697;328;146;223;289;232;176;993;825
2025-12-31;93;Kurdistan;1425;100;1425;5,0;0,0;4;2;0;2;3;0;1;12;3
2025-12-31;96;Gambia;1424;118;1308;19,0;46,0;297;108;99;90;81;134;82;317;427
2025-12-31;97;Bahrain;1418;109;1348;-17,0;-91,0;636;218;158;260;223;247;166;780;824
2025-12-31;98;Kazakhstan;1410;101;1420;-4,0;-20,0;268;101;121;46;68;142;58;280;450
2025-12-31;99;Gabon;1405;95;1413;-7,0;-37,0;460;184;153;123;159;173;128;548;562
2025-12-31;100;Niger;1404;133;1238;31,0;84,0;288;100;117;71;65;156;67;286;514
2025-12-31;101;Trinidad and Tobago;1403;61;1505;8,0;9,0;867;344;363;160;375;300;192;1443;1113
2025-12-31;102;China;1402;50;1577;-1,0;-10,0;759;271;264;224;367;230;162;1416;857
2025-12-31;103;Luxembourg;1395;108;1256;-12,0;-50,0;471;256;199;16;52;357;62;303;1224
2025-12-31;104;Uganda;1394;74;1483;4,0;-1,0;736;251;257;228;304;238;194;1108;887
2025-12-31;105;Armenia;1389;102;1419;-3,0;-22,0;280;112;132;36;66;157;57;280;535
2025-12-31;106;Mozambique;1387;116;1332;-16,0;-60,0;441;166;176;99;139;191;111;465;576
2025-12-31;107;Equatorial Guinea;1383;151;1157;-25,0;-113,0;193;80;64;49;55;95;43;180;286
2025-12-31;108;Faroe Islands;1380;122;1252;38,0;103,0;280;119;138;23;49;194;37;210;639
2025-12-31;109;North Korea;1375;62;1568;4,0;-12,0;417;50;149;218;175;127;115;641;447
2025-12-31;109;Comoros;1375;186;937;-10,0;-49,0;156;29;34;93;40;80;36;144;245
2025-12-31;111;Zambia;1371;59;1552;-8,0;-37,0;878;282;359;237;393;260;225;1389;949
2025-12-31;112;Madagascar;1368;104;1366;27,0;81,0;354;120;120;114;135;142;77;488;529
2025-12-31;112;Thailand;1368;112;1317;-18,0;-62,0;932;387;199;346;365;358;209;1483;1405
2025-12-31;114;Estonia;1359;94;1353;3,0;-17,0;537;229;254;54;132;286;119;530;959
2025-12-31;115;Sudan;1355;90;1444;-3,0;-33,0;552;154;204;194;187;224;141;627;727
2025-12-31;116;Reunion;1345;125;1183;8,0;0,0;139;53;38;48;55;55;29;237;252
2025-12-31;117;Sierra Leone;1344;104;1368;21,0;49,0;334;115;139;80;97;149;88;328;470
2025-12-31;117;Kenya;1344;90;1379;-11,0;-58,0;777;291;283;203;292;293;192;1069;1060
2025-12-31;119;Togo;1343;89;1440;-5,0;-38,0;491;179;198;114;156;210;125;530;671
2025-12-31;120;Zimbabwe;1342;78;1462;-5,0;-36,0;549;190;222;137;205;183;161;734;661
2025-12-31;120;Martinique;1342;79;1459;-20,0;-76,0;368;135;125;108;167;114;87;674;483
2025-12-31;120;Tanzania;1342;117;1295;-16,0;-65,0;655;244;236;175;192;278;185;746;961
2025-12-31;123;Indonesia;1341;101;1361;8,0;21,0;780;248;192;340;296;331;153;1309;1268
2025-12-31;124;Azerbaijan;1339;107;1398;-17,0;-59,0;320;114;152;54;65;175;80;256;540
2025-12-31;125;Guadeloupe;1338;91;1408;1,0;3,0;293;92;89;112;128;114;51;507;410
2025-12-31;126;Lebanon;1332;108;1333;-1,0;-7,0;420;140;144;136;123;185;112;507;619
2025-12-31;127;Vietnam;1329;120;1298;8,0;23,0;523;172;131;220;220;200;103;916;770
2025-12-31;128;Nicaragua;1328;146;1030;-9,0;-35,0;250;63;97;90;54;165;31;257;614
2025-12-31;129;Kuwait;1327;83;1469;-1,0;-6,0;761;269;175;317;321;248;192;1196;878
2025-12-31;130;El Salvador;1324;71;1472;-19,0;-66,0;683;210;208;265;226;305;152;860;1020
2025-12-31;131;Zanzibar;1321;145;1118;-1,0;0,0;217;37;45;135;39;131;47;186;458
2025-12-31;132;Malaysia;1313;122;1288;20,0;58,0;928;390;240;298;362;355;211;1512;1345
2025-12-31;132;Kyrgyzstan;1313;156;1201;11,0;32,0;188;47;74;67;55;103;30;206;331
2025-12-31;134;Namibia;1311;136;1271;-1,0;-8,0;302;102;120;80;77;134;91;295;422
2025-12-31;134;Mauritania;1311;155;1114;-16,0;-53,0;297;91;102;104;55;172;70;214;524
2025-12-31;136;Rwanda;1309;144;1206;-16,0;-47,0;288;105;100;83;88;126;74;292;364
2025-12-31;137;Cyprus;1302;101;1378;0,0;1,0;425;235;184;6;82;270;73;381;928
2025-12-31;138;Liberia;1300;112;1342;12,0;35,0;338;145;143;50;90;173;75;313;516
2025-12-31;139;Tajikistan;1296;123;1334;-3,0;-9,0;209;54;84;71;79;86;44;300;294
2025-12-31;140;New Caledonia;1294;103;1357;11,0;33,0;284;87;71;126;141;109;34;739;418
2025-12-31;141;Dominican Republic;1293;167;1058;-2,0;6,0;187;84;63;40;69;88;30;296;300
2025-12-31;142;Moldova;1288;109;1392;-20,0;-67,0;298;113;144;41;60;170;68;242;515
2025-12-31;143;Latvia;1286;87;1400;4,0;10,0;455;191;211;53;126;219;110;533;752
2025-12-31;144;Botswana;1285;150;1166;-22,0;-70,0;366;164;136;66;97;165;104;310;487
2025-12-31;145;Malta;1278;118;1323;4,0;9,0;452;245;181;26;65;311;76;295;1013
2025-12-31;146;Lithuania;1276;91;1319;-4,0;-7,0;414;168;205;41;105;228;81;412;755
2025-12-31;147;Guyana;1275;104;1293;6,0;31,0;454;179;194;81;140;224;90;584;789
2025-12-31;148;Ethiopia;1264;99;1394;0,0;-11,0;470;213;163;94;168;199;103;651;690
2025-12-31;149;Malawi;1252;115;1328;-15,0;-57,0;697;306;242;149;232;263;202;816;899
2025-12-31;150;Guinea-Bissau;1244;125;1282;-21,0;-86,0;213;66;62;85;58;103;52;214;314
2025-12-31;151;Burundi;1239;124;1286;-7,0;-41,0;238;51;87;100;72;111;55;266;329
2025-12-31;152;Central African Republic;1238;124;1295;-11,0;-47,0;162;32;67;63;36;93;33;180;322
2025-12-31;153;Cuba;1229;83;1439;-9,0;-51,0;483;103;211;169;185;189;109;675;681
2025-12-31;154;French Guiana;1223;125;1246;2,0;0,0;190;66;67;57;57;92;41;280;328
2025-12-31;155;Turkmenistan;1217;116;1360;6,0;12,0;186;42;75;69;71;81;34;287;279
2025-12-31;156;Lesotho;1216;151;1179;-1,0;-14,0;350;113;147;90;69;179;102;277;574
2025-12-31;156;Mayotte;1216;157;1201;3,0;0,0;41;2;11;28;13;17;11;55;59
2025-12-31;158;Eswatini;1211;153;1168;0,0;-7,0;322;122;131;69;71;156;95;296;538
2025-12-31;159;Congo;1207;83;1472;-3,0;-16,0;474;180;188;106;173;186;115;679;662
2025-12-31;160;Tahiti;1176;102;1387;0,0;-30,0;254;58;71;125;136;82;36;693;383
2025-12-31;161;St Vincent & Grenadines;1171;110;1323;6,0;42,0;363;138;134;91;130;149;84;562;643
2025-12-31;162;Philippines;1155;135;1068;9,0;35,0;394;108;126;160;97;238;59;421;1020
2025-12-31;163;Yemen;1151;144;1212;6,0;26,0;294;56;87;151;65;173;56;302;573
2025-12-31;164;Eritrea;1139;164;1158;1,0;0,0;84;20;27;37;15;50;19;57;136
2025-12-31;165;Hong Kong;1135;123;1288;1,0;-1,0;511;182;150;179;177;232;102;813;869
2025-12-31;165;Papua New Guinea;1135;165;1091;8,0;31,0;165;30;43;92;54;80;31;352;356
2025-12-31;167;South Sudan;1134;179;1086;3,0;13,0;79;16;29;34;12;51;16;51;144
2025-12-31;167;Puerto Rico;1134;169;935;4,0;14,0;193;71;67;55;44;120;29;223;488
2025-12-31;169;Singapore;1131;134;1228;9,0;55,0;769;319;185;265;240;372;157;1030;1394
2025-12-31;170;India;1123;110;1342;-8,0;-52,0;607;176;170;261;219;260;128;834;993
2025-12-31;171;Grenada;1122;101;1371;8,0;58,0;306;114;115;77;103;125;78;490;548
2025-12-31;172;Chad;1120;135;1245;-9,0;-46,0;180;44;58;78;35;103;42;165;332
2025-12-31;172;Bermuda;1120;128;1284;-8,0;-22,0;234;106;82;46;79;110;45;375;412
2025-12-31;174;Vanuatu;1114;156;1104;8,0;69,0;225;52;51;122;70;124;31;400;482
2025-12-31;175;Fiji;1108;129;1247;-21,0;-125,0;286;106;63;117;126;105;55;644;459
2025-12-31;176;Belize;1105;139;1114;-1,0;9,0;127;44;44;39;32;72;23;135;239
2025-12-31;177;Mauritius;1091;107;1336;6,0;55,0;357;123;151;83;100;174;83;450;572
2025-12-31;178;Solomon Islands;1090;147;1183;-10,0;-36,0;221;59;62;100;94;90;37;476;414
2025-12-31;179;Andorra;1083;182;1050;-2,0;0,0;226;91;103;32;14;181;31;75;537
2025-12-31;180;Sao Tome and Principe;1056;174;1056;1,0;10,0;80;24;35;21;11;58;11;59;209
2025-12-31;181;Afghanistan;1035;167;919;-5,0;-53,0;163;8;65;90;37;88;38;150;329
2025-12-31;182;Gibraltar;1017;178;1083;-2,0;-38,0;114;38;48;28;16;83;15;62;341
2025-12-31;183;Saint Lucia;1008;125;1242;1,0;-26,0;263;89;107;67;90;131;42;360;479
2025-12-31;184;Saint Kitts and Nevis;1005;138;1175;-10,0;-98,0;250;121;79;50;103;100;47;427;390
2025-12-31;184;Somaliland;1005;188;1004;2,0;0,0;2;0;0;2;1;0;1;4;3
2025-12-31;186;Saint Martin;1003;187;982;-1,0;-15,0;84;18;35;31;31;44;9;130;190
2025-12-31;187;Western Sahara;996;189;996;0,0;0,0;1;0;1;0;0;1;0;0;6
2025-12-31;188;Montserrat;971;191;640;1,0;21,0;74;15;26;33;18;48;8;76;235
2025-12-31;189;Somalia;961;165;1073;13,0;66,0;148;10;47;91;15;112;21;78;375
2025-12-31;190;Sint Maarten;956;187;908;4,0;24,0;73;16;25;32;22;39;12;104;192
2025-12-31;191;Aruba;949;125;1199;10,0;47,0;205;83;80;42;50;111;44;290;465
2025-12-31;192;Greenland;946;185;975;-1,0;0,0;22;2;7;13;5;16;1;35;50
2025-12-31;193;Myanmar;945;125;1245;3,0;27,0;550;118;137;295;216;230;104;888;950
2025-12-31;194;Bangladesh;940;181;980;5,0;34,0;324;92;94;138;87;164;73;298;579
2025-12-31;195;Dominica;938;132;1197;-7,0;-39,0;244;69;97;78;60;131;53;288;486
2025-12-31;196;Barbados;921;121;1244;-7,0;-29,0;373;168;132;73;117;160;96;489;610
2025-12-31;197;Nepal;919;190;889;-4,0;-18,0;294;74;90;130;68;173;53;247;664
2025-12-31;198;Djibouti;915;178;871;-6,0;-27,0;119;28;38;53;10;98;11;82;420
2025-12-31;199;Monaco;903;199;900;1,0;0,0;9;0;1;8;4;2;3;11;15
2025-12-31;200;Liechtenstein;900;167;1115;-2,0;-13,0;255;114;124;17;18;205;32;102;718
2025-12-31;201;Antigua and Barbuda;894;145;1180;-4,0;-23,0;285;116;101;68;95;136;54;394;491
2025-12-31;202;Taiwan;866;144;1171;-7,0;-58,0;338;95;109;134;96;190;52;464;785
2025-12-31;203;Cambodia;844;157;1059;2,0;-5,0;316;80;93;143;71;200;45;361;816
2025-12-31;204;Seychelles;842;181;988;0,0;-17,0;188;51;58;79;26;130;32;143;423
2025-12-31;205;Maldives;841;191;885;-2,0;-48,0;238;62;82;94;66;133;39;287;533
2025-12-31;206;San Marino;833;195;918;0,0;-15,0;224;107;110;7;3;210;11;41;889
2025-12-31;207;Pakistan;830;154;1102;2,0;4,0;283;62;96;125;63;169;51;271;640
2025-12-31;208;Bonaire;822;150;1037;-1,0;-16,0;101;17;52;32;23;66;12;113;251
2025-12-31;209;Cayman Islands;806;183;1002;-1,0;-22,0;126;58;38;30;25;77;24;122;308
2025-12-31;210;Sri Lanka;782;161;933;6,0;56,0;283;70;88;125;56;177;50;271;691
2025-12-31;210;Chagos Islands;782;211;784;1,0;0,0;4;0;0;4;1;2;1;8;10
2025-12-31;212;Tuvalu;756;204;745;0,0;0,0;34;0;4;30;9;21;4;47;182
2025-12-31;213;Sint Eustatius;737;213;753;0,0;0,0;11;3;8;0;5;2;4;33;30
2025-12-31;214;Mongolia;729;190;843;0,0;0,0;100;22;37;41;21;68;11;100;282
2025-12-31;215;Samoa;728;211;658;0,0;0,0;77;28;15;34;23;50;4;109;279
2025-12-31;216;Saint Barthelemy;725;217;705;1,0;0,0;10;7;3;0;4;5;1;25;29
2025-12-31;217;Bahamas;719;190;873;-7,0;-73,0;88;30;31;27;17;60;11;89;287
2025-12-31;218;Guam;713;207;693;0,0;0,0;128;25;42;61;30;85;13;161;577
2025-12-31;219;Laos;708;186;896;0,0;8,0;234;48;69;117;42;157;35;234;739
2025-12-31;220;Wallis and Futuna;699;201;699;0,0;0,0;24;0;5;19;5;19;0;23;109
2025-12-31;221;British Virgin Islands;693;207;789;7,0;67,0;135;35;61;39;22;90;23;122;397
2025-12-31;222;Vatican;692;218;697;-1,0;0,0;5;0;0;5;0;3;2;1;6
2025-12-31;223;Saba;691;223;674;-1,0;0,0;8;5;3;0;2;4;2;25;26
2025-12-31;224;East Timor;680;226;629;1,0;20,0;89;5;45;39;11;71;7;79;282
2025-12-31;225;Saint Pierre and Miquelon;677;223;678;-2,0;0,0;7;0;0;7;0;7;0;2;78
2025-12-31;226;Turks and Caicos Islands;657;211;767;0,0;9,0;56;16;22;18;13;37;6;54;197
2025-12-31;227;Brunei;655;201;778;-3,0;-12,0;150;29;42;79;27;110;13;118;483
2025-12-31;228;Anguilla;645;224;555;2,0;24,0;115;31;50;34;15;86;14;71;408
2025-12-31;229;Tibet;629;208;666;-2,0;0,0;10;0;3;7;0;9;1;8;38
2025-12-31;230;Cook Islands;622;206;682;-1,0;0,0;56;4;14;38;13;39;4;50;276
2025-12-31;231;US Virgin Islands;618;219;686;2,0;31,0;79;27;34;18;9;57;13;50;296
2025-12-31;232;Bhutan;614;219;599;-2,0;-7,0;114;20;39;55;11;95;8;65;414
2025-12-31;233;Macao;595;174;947;-1,0;-4,0;159;51;50;58;24;118;17;140;480
2025-12-31;234;Christmas Island;578;228;577;0,0;0,0;10;6;4;0;7;2;1;29;8
2025-12-31;235;Falkland Islands;571;229;585;0,0;0,0;4;0;1;3;0;4;0;0;25
2025-12-31;236;FS Micronesia;563;230;571;0,0;0,0;8;1;3;4;1;7;0;8;64
2025-12-31;237;Marshall Islands;559;237;559;;;2;0;0;2;0;2;0;2;7
2025-12-31;238;Kiribati;544;219;578;-1,0;0,0;11;0;2;9;0;10;1;7;126
2025-12-31;239;Tonga;520;213;652;-1,0;0,0;70;10;15;45;16;48;6;82;265
2025-12-31;240;Niue;496;225;496;-1,0;0,0;2;0;0;2;0;2;0;0;33
2025-12-31;241;Northern Mariana Islands;432;233;513;-1,0;0,0;36;7;11;18;5;28;3;43;153
2025-12-31;242;Cocos Islands;422;234;423;-1,0;0,0;10;4;6;0;2;7;1;8;29
2025-12-31;243;Palau;402;237;402;-1,0;0,0;2;2;0;0;0;2;0;3;27
2025-12-31;244;Eastern Samoa;388;226;468;-1,0;0,0;57;0;15;42;5;50;2;34;374
2026-06-02;1;Spain;2165;7;1946;0,0;15,0;780;340;302;138;461;138;181;1591;697
2026-06-02;2;Argentina;2113;5;1987;0,0;-28,0;1109;381;419;309;610;228;271;2112;1136
2026-06-02;3;France;2081;16;1795;0,0;51,0;938;473;341;124;474;269;195;1706;1272
2026-06-02;4;England;2020;4;1983;0,0;9,0;1160;509;524;127;683;215;262;2719;1118
2026-06-02;5;Brazil;1988;4;1998;0,0;-5,0;1066;373;346;347;671;172;223;2300;956
2026-06-02;6;Portugal;1984;19;1797;0,0;-4,0;694;320;262;112;346;189;159;1222;779
2026-06-02;7;Colombia;1977;48;1621;2,0;26,0;649;185;229;235;266;205;178;845;742
2026-06-02;8;Netherlands;1961;15;1848;0,0;-5,0;901;429;358;114;465;239;197;1892;1142
2026-06-02;9;Ecuador;1935;64;1525;4,0;25,0;599;183;211;205;184;254;161;721;904
2026-06-02;10;Germany;1925;8;1911;-3,0;-62,0;1046;470;415;161;605;224;217;2356;1232
2026-06-02;11;Norway;1917;38;1623;10,0;88,0;887;426;409;52;335;355;197;1376;1444
2026-06-02;12;Croatia;1908;12;1881;0,0;-3,0;399;157;167;75;209;84;106;694;403
2026-06-02;13;Turkey;1906;42;1611;5,0;69,0;670;291;300;79;264;250;156;951;969
2026-06-02;13;Japan;1906;62;1467;1,0;30,0;836;332;207;297;409;257;170;1518;985
2026-06-02;15;Switzerland;1894;27;1690;9,0;82,0;896;426;392;78;320;373;203;1339;1483
2026-06-02;16;Uruguay;1892;12;1876;-6,0;-29,0;1019;336;432;251;446;321;252;1610;1254
2026-06-02;17;Belgium;1888;24;1755;-1,0;45,0;877;415;376;86;391;302;184;1601;1359
2026-06-02;18;Denmark;1870;20;1799;-3,0;8,0;903;413;396;94;419;298;186;1650;1220
2026-06-02;19;Mexico;1867;20;1782;4,0;50,0;1029;297;273;459;534;258;237;1824;1055
2026-06-02;19;Senegal;1867;56;1591;11,0;108,0;705;221;260;224;319;193;193;969;672
2026-06-02;21;Italy;1856;8;1915;-10,0;-58,0;901;407;323;171;479;177;245;1579;894
2026-06-02;22;Paraguay;1832;23;1755;5,0;33,0;788;214;365;209;276;303;209;1002;1115
2026-06-02;23;Austria;1830;20;1810;-5,0;-7,0;866;432;383;51;371;310;185;1561;1321
2026-06-02;24;Morocco;1822;43;1657;2,0;16,0;728;318;219;191;364;165;199;1103;614
2026-06-02;25;Canada;1793;49;1599;4,0;15,0;489;153;200;136;190;185;114;628;623
2026-06-02;26;Ukraine;1785;31;1745;-1,0;-24,0;339;134;145;60;154;90;95;477;356
2026-06-02;27;Australia;1774;35;1672;9,0;38,0;636;271;223;142;326;180;130;1289;715
2026-06-02;28;Scotland;1770;14;1879;6,0;28,0;868;403;413;52;412;268;188;1499;1076
2026-06-02;29;Nigeria;1769;38;1668;37,0;200,0;715;241;262;212;332;179;204;1078;721
2026-06-02;30;Russia;1766;24;1742;-2,0;-25,0;813;311;383;119;430;174;209;1476;779
2026-06-02;31;Iran;1764;40;1658;-11,0;-66,0;669;223;195;251;383;132;154;1273;525
2026-06-02;32;South Korea;1756;35;1687;0,0;10,0;1051;353;255;443;572;221;258;1912;964
2026-06-02;33;Greece;1752;49;1559;-12,0;-77,0;656;298;295;63;251;249;156;833;906
2026-06-02;34;Algeria;1743;48;1621;11,0;35,0;688;261;233;194;309;196;183;1052;703
2026-06-02;35;Serbia;1742;20;1787;-19,0;-101,0;861;302;423;136;403;266;192;1617;1176
2026-06-02;36;Czechia;1733;13;1855;-5,0;-22,0;883;361;416;106;425;261;197;1626;1098
2026-06-02;36;United States;1733;41;1642;5,0;11,0;826;488;253;85;367;286;173;1249;1075
2026-06-02;36;Panama;1733;99;1362;4,0;10,0;592;200;228;164;196;252;144;738;912
2026-06-02;39;Venezuela;1727;84;1432;-5,0;-15,0;481;179;179;123;129;245;107;521;872
2026-06-02;40;Uzbekistan;1718;60;1596;7,0;21,0;366;130;129;107;180;111;75;635;400
2026-06-02;41;Sweden;1714;17;1795;-5,0;-22,0;1119;489;500;130;549;336;234;2227;1485
2026-06-02;41;Kosovo;1714;102;1420;18,0;115,0;108;48;40;20;42;43;23;153;147
2026-06-02;43;Poland;1711;30;1712;3,0;7,0;920;396;410;114;400;296;224;1562;1241
2026-06-02;44;Chile;1710;28;1678;-3,0;-12,0;852;328;307;217;318;346;188;1194;1216
2026-06-02;45;Hungary;1703;20;1835;-1,0;-12,0;1033;467;492;74;487;324;222;2069;1525
2026-06-02;46;Egypt;1699;37;1662;4,0;33,0;884;354;281;249;447;216;221;1545;921
2026-06-02;47;Wales;1698;22;1671;-11,0;-38,0;733;345;356;32;236;331;166;917;1173
2026-06-02;48;Peru;1695;34;1679;-9,0;-29,0;708;266;253;189;228;304;176;857;987
2026-06-02;49;Slovenia;1694;54;1625;-16,0;-50,0;319;144;145;30;116;117;86;399;378
2026-06-02;49;Ireland;1694;24;1626;4,0;60,0;742;378;304;60;262;287;193;978;1160
2026-06-02;51;Jordan;1685;111;1324;4,0;66,0;584;201;193;190;207;219;158;730;715
2026-06-02;52;Ivory Coast;1676;45;1640;11,0;85,0;692;241;237;214;348;166;178;1130;695
2026-06-02;53;Slovakia;1674;40;1681;-4,0;-10,0;367;157;166;44;150;131;86;519;458
2026-06-02;54;DR Congo;1655;62;1557;14,0;89,0;547;166;225;156;226;171;150;835;641
2026-06-02;55;Georgia;1653;70;1553;-12,0;-64,0;319;139;148;32;106;146;67;412;443
2026-06-02;56;Albania;1646;73;1504;-2,0;13,0;408;190;185;33;116;207;85;396;602
2026-06-02;57;Bolivia;1645;60;1509;-5,0;-6,0;536;189;205;142;122;293;121;551;1052
2026-06-02;58;Israel;1634;49;1621;3,0;38,0;523;249;212;62;196;207;120;803;764
2026-06-02;59;Tunisia;1633;47;1616;-3,0;15,0;776;337;252;187;330;230;216;1105;840
2026-06-02;60;Romania;1627;29;1717;-12,0;-58,0;800;332;376;92;354;247;199;1303;1018
2026-06-02;61;Cameroon;1613;53;1604;3,0;25,0;661;184;247;230;287;172;202;952;712
2026-06-02;62;Costa Rica;1611;36;1689;-11,0;-41,0;790;259;282;249;356;243;191;1369;919
2026-06-02;63;Iraq;1608;47;1622;12,0;69,0;760;139;231;390;360;189;211;1203;707
2026-06-02;64;Northern Ireland;1601;40;1655;6,0;44,0;610;276;297;37;171;289;150;643;925
2026-06-02;65;Mali;1596;70;1523;-7,0;-16,0;624;195;234;195;249;205;170;824;716
2026-06-02;66;Bosnia and Herzegovina;1591;53;1626;13,0;65,0;280;118;136;26;104;111;65;393;385
2026-06-02;67;North Macedonia;1589;74;1534;-10,0;-24,0;305;141;134;30;95;131;79;364;411
2026-06-02;68;New Zealand;1585;66;1499;-6,0;-10,0;439;135;189;115;181;179;79;767;645
2026-06-02;69;Cape Verde;1576;120;1302;11,0;76,0;252;80;91;81;95;97;60;270;278
2026-06-02;70;Honduras;1571;63;1500;-1,0;11,0;667;212;217;238;263;231;173;964;857
2026-06-02;71;Iceland;1569;81;1425;6,0;38,0;526;216;251;59;160;262;104;635;882
2026-06-02;72;Saudi Arabia;1566;76;1500;-7,0;-10,0;838;324;151;363;396;247;195;1283;896
2026-06-02;73;Angola;1543;86;1456;3,0;7,0;473;166;184;123;175;140;158;575;489
2026-06-02;74;Finland;1540;62;1500;0,0;0,0;824;337;429;58;217;440;167;971;1697
2026-06-02;74;United Arab Emirates;1540;98;1395;-2,0;-1,0;674;287;141;246;263;238;173;933;831
2026-06-02;76;Haiti;1532;81;1418;-5,0;-21,0;561;181;196;184;246;197;118;957;759
2026-06-02;77;Burkina Faso;1530;98;1402;6,0;38,0;491;154;186;151;170;191;130;612;672
2026-06-02;78;Jamaica;1527;83;1413;-12,0;-42,0;718;272;268;178;280;272;166;960;941
2026-06-02;79;South Africa;1518;32;1707;-19,0;-80,0;525;276;161;88;231;141;153;719;542
2026-06-02;80;Guatemala;1514;68;1486;4,0;23,0;626;205;180;241;225;235;166;877;852
2026-06-02;81;Belarus;1513;80;1505;3,0;22,0;306;103;158;45;90;137;79;342;442
2026-06-02;82;Ghana;1503;42;1651;5,0;26,0;778;247;297;234;370;213;195;1247;822
2026-06-02;83;Syria;1491;86;1428;11,0;52,0;597;125;223;249;223;226;148;858;756
2026-06-02;84;Oman;1490;128;1211;-12,0;-51,0;592;230;144;218;222;218;152;753;780
2026-06-02;85;Guinea;1469;72;1516;8,0;18,0;645;172;263;210;251;210;184;953;803
2026-06-02;85;Palestine;1469;121;1255;10,0;42,0;290;19;111;160;84;128;78;370;446
2026-06-02;87;Bulgaria;1461;41;1633;3,0;1,0;780;299;399;82;286;300;194;1092;1150
2026-06-02;88;Northern Cyprus;1457;84;1463;4,0;0,0;17;5;3;9;9;6;2;30;23
2026-06-02;89;Montenegro;1453;60;1597;-11,0;-74,0;173;91;77;5;58;73;42;203;237
2026-06-02;90;Luxembourg;1436;108;1256;1,0;-22,0;473;257;200;16;54;357;62;308;1224
2026-06-02;91;Curaçao;1433;97;1381;37,0;110,0;499;173;177;149;201;174;124;880;771
2026-06-02;92;Suriname;1431;84;1404;10,0;30,0;543;231;222;90;239;175;129;986;740
2026-06-02;93;Kazakhstan;1430;101;1420;3,0;5,0;270;103;121;46;70;142;58;283;450
2026-06-02;94;Benin;1429;109;1356;5,0;21,0;352;129;142;81;87;181;84;364;617
2026-06-02;95;Kurdistan;1425;100;1425;1,0;0,0;4;2;0;2;3;0;1;12;3
2026-06-02;96;China;1423;50;1577;6,0;22,0;762;271;264;227;368;231;163;1420;861
2026-06-02;96;Qatar;1423;93;1416;-14,0;-75,0;698;328;147;223;289;233;176;993;826
2026-06-02;98;Libya;1420;82;1470;13,0;35,0;459;164;166;129;166;185;108;621;611
2026-06-02;99;Gambia;1419;118;1309;17,0;46,0;299;108;100;91;81;136;82;319;433
2026-06-02;100;Bahrain;1418;109;1349;-20,0;-82,0;636;218;158;260;223;247;166;780;824
2026-06-02;101;Gabon;1401;95;1413;-13,0;-65,0;462;184;154;124;159;174;129;551;567
2026-06-02;102;Uganda;1394;75;1482;7,0;5,0;736;251;257;228;304;238;194;1108;887
2026-06-02;103;Niger;1393;133;1239;27,0;71,0;290;100;117;73;65;157;68;286;515
2026-06-02;104;Equatorial Guinea;1391;151;1159;-18,0;-99,0;195;80;64;51;56;95;44;182;287
2026-06-02;105;Trinidad and Tobago;1388;61;1505;0,0;-7,0;871;344;364;163;375;303;193;1446;1127
2026-06-02;106;Madagascar;1382;104;1366;30,0;84,0;356;120;120;116;136;142;78;494;532
2026-06-02;107;Faroe Islands;1381;122;1252;40,0;110,0;281;119;139;23;50;194;37;212;640
2026-06-02;108;Armenia;1379;102;1418;2,0;-7,0;281;113;132;36;66;158;57;281;537
2026-06-02;109;Thailand;1376;112;1317;3,0;-7,0;933;388;199;346;366;358;209;1485;1406
2026-06-02;110;North Korea;1375;63;1566;3,0;-6,0;417;50;149;218;175;127;115;641;447
2026-06-02;111;Zimbabwe;1372;78;1462;-6,0;-23,0;552;190;223;139;207;184;161;738;663
2026-06-02;111;Mozambique;1372;116;1332;-22,0;-91,0;442;166;176;100;139;192;111;465;580
2026-06-02;113;Zambia;1371;60;1551;-13,0;-35,0;879;282;360;237;393;261;225;1389;954
2026-06-02;114;Comoros;1363;186;941;-16,0;-51,0;158;29;35;94;40;81;37;144;246
2026-06-02;115;Togo;1359;90;1439;3,0;-12,0;493;179;198;116;157;210;126;533;673
2026-06-02;116;Kenya;1356;90;1379;-2,0;-22,0;779;291;283;205;293;293;193;1073;1061
2026-06-02;117;Vietnam;1351;120;1298;3,0;-8,0;525;174;131;220;222;200;103;922;771
2026-06-02;118;Sudan;1350;90;1444;-14,0;-46,0;553;154;204;195;187;225;141;628;730
2026-06-02;119;Sierra Leone;1348;104;1368;8,0;23,0;335;115;140;80;97;149;89;329;471
2026-06-02;120;Reunion;1345;125;1184;3,0;0,0;139;53;38;48;55;55;29;237;252
2026-06-02;121;El Salvador;1342;72;1471;-14,0;-51,0;685;210;209;266;227;305;153;863;1022
2026-06-02;122;Azerbaijan;1340;107;1397;-3,0;-28,0;322;116;152;54;66;175;81;263;542
2026-06-02;123;Estonia;1339;94;1353;-15,0;-52,0;539;229;255;55;132;287;120;531;962
2026-06-02;124;Guadeloupe;1338;91;1408;-9,0;-38,0;293;92;89;112;128;114;51;507;410
2026-06-02;125;Rwanda;1337;144;1206;3,0;14,0;290;107;100;83;90;126;74;298;364
2026-06-02;126;Nicaragua;1334;146;1031;9,0;17,0;252;63;99;90;54;166;32;258;617
2026-06-02;127;Lebanon;1332;108;1333;-1,0;-7,0;420;140;144;136;123;185;112;507;619
2026-06-02;128;Indonesia;1331;101;1361;-3,0;-11,0;782;250;192;340;297;332;153;1313;1269
2026-06-02;129;Kuwait;1327;83;1468;1,0;5,0;761;269;175;317;321;248;192;1196;878
2026-06-02;130;Zanzibar;1321;145;1119;4,0;0,0;217;37;45;135;39;131;47;186;458
2026-06-02;131;Tanzania;1313;117;1295;-30,0;-91,0;658;244;237;177;193;280;185;752;963
2026-06-02;132;Martinique;1312;80;1458;-16,0;-61,0;371;136;125;110;167;116;88;676;488
2026-06-02;133;Mauritania;1311;155;1115;-11,0;-35,0;298;91;103;104;55;173;70;215;526
2026-06-02;134;Namibia;1303;136;1272;-13,0;-49,0;304;102;121;81;77;135;92;295;424
2026-06-02;135;Latvia;1301;87;1399;3,0;11,0;457;192;212;53;128;219;110;535;752
2026-06-02;135;Cyprus;1301;102;1378;2,0;4,0;427;237;184;6;83;271;73;384;931
2026-06-02;137;Liberia;1297;112;1342;14,0;34,0;340;145;143;52;90;174;76;315;519
2026-06-02;138;Malaysia;1293;122;1288;12,0;29,0;929;390;241;298;362;356;211;1513;1348
2026-06-02;139;Guyana;1292;104;1293;9,0;24,0;456;179;194;83;142;224;90;589;790
2026-06-02;140;Kyrgyzstan;1291;155;1203;-10,0;-31,0;190;47;74;69;55;105;30;208;337
2026-06-02;141;Lithuania;1290;92;1318;-3,0;0,0;416;169;206;41;106;229;81;414;757
2026-06-02;142;New Caledonia;1286;103;1357;0,0;1,0;285;87;71;127;141;110;34;739;419
2026-06-02;143;Burundi;1285;125;1285;1,0;4,0;241;52;89;100;74;112;55;274;334
2026-06-02;143;Ethiopia;1285;99;1394;2,0;6,0;472;214;163;95;170;199;103;655;690
2026-06-02;145;Tajikistan;1284;123;1334;-4,0;-5,0;210;55;84;71;79;86;45;301;295
2026-06-02;145;Dominican Republic;1284;167;1060;-7,0;-6,0;189;86;63;40;69;88;32;299;303
2026-06-02;147;Botswana;1267;150;1167;-24,0;-78,0;368;166;136;66;98;166;104;311;490
2026-06-02;148;Moldova;1262;109;1391;-18,0;-60,0;300;114;145;41;60;172;68;244;520
2026-06-02;149;Guinea-Bissau;1248;126;1282;-6,0;-34,0;215;66;64;85;58;104;53;215;320
2026-06-02;150;Malawi;1241;115;1327;-5,0;-38,0;698;306;243;149;232;264;202;816;900
2026-06-02;151;Cuba;1239;84;1438;2,0;-8,0;485;103;212;170;185;189;111;678;684
2026-06-02;152;Central African Republic;1238;124;1295;-3,0;-28,0;162;32;67;63;36;93;33;180;322
2026-06-02;153;Malta;1236;118;1322;-1,0;-19,0;455;246;183;26;65;314;76;296;1020
2026-06-02;154;French Guiana;1223;125;1246;3,0;0,0;190;66;67;57;57;92;41;280;328
2026-06-02;155;Mayotte;1216;157;1202;4,0;0,0;41;2;11;28;13;17;11;55;59
2026-06-02;156;Turkmenistan;1209;117;1358;4,0;-6,0;187;42;76;69;71;82;34;288;281
2026-06-02;157;Congo;1207;83;1471;0,0;-16,0;474;180;188;106;173;186;115;679;662
2026-06-02;158;Lesotho;1205;151;1179;-4,0;-32,0;352;113;147;92;70;179;103;279;575
2026-06-02;159;Eritrea;1201;164;1158;6,0;62,0;86;20;28;38;17;50;19;61;137
2026-06-02;160;Tahiti;1176;103;1386;1,0;0,0;254;58;71;125;136;82;36;693;383
2026-06-02;161;Philippines;1167;135;1068;8,0;38,0;395;108;127;160;97;238;60;422;1021
2026-06-02;162;Yemen;1151;144;1212;10,0;42,0;294;56;87;151;65;173;56;302;573
2026-06-02;163;Eswatini;1149;153;1168;-7,0;-75,0;324;123;131;70;71;158;95;297;542
2026-06-02;164;St Vincent & Grenadines;1141;110;1322;-1,0;-10,0;365;138;135;92;131;150;84;566;648
2026-06-02;165;Singapore;1139;134;1227;13,0;80,0;771;321;185;265;242;372;157;1035;1394
2026-06-02;166;Puerto Rico;1138;169;936;5,0;16,0;195;73;67;55;46;120;29;229;488
2026-06-02;167;Papua New Guinea;1135;165;1091;6,0;31,0;165;30;43;92;54;80;31;352;356
2026-06-02;168;India;1128;110;1341;-6,0;-34,0;610;177;170;263;220;262;128;836;997
2026-06-02;169;Hong Kong;1120;123;1287;-3,0;-18,0;512;182;151;179;177;233;102;814;871
2026-06-02;170;Bermuda;1119;128;1283;-2,0;-11,0;235;106;82;47;79;111;45;375;414
2026-06-02;171;Vanuatu;1114;156;1104;10,0;69,0;225;52;51;122;70;124;31;400;482
2026-06-02;172;South Sudan;1109;178;1087;-5,0;-24,0;81;18;29;34;13;52;16;55;145
2026-06-02;173;Fiji;1108;129;1246;-18,0;-119,0;286;106;63;117;126;105;55;644;459
2026-06-02;174;Grenada;1098;101;1370;1,0;25,0;310;115;116;79;103;129;78;490;561
2026-06-02;175;Andorra;1076;182;1050;1,0;10,0;229;91;105;33;14;183;32;75;540
2026-06-02;176;Mauritius;1073;108;1335;6,0;29,0;359;124;151;84;100;174;85;450;572
2026-06-02;176;Chad;1073;135;1244;-12,0;-76,0;182;45;59;78;35;105;42;165;340
2026-06-02;176;Belize;1073;139;1114;-2,0;-15,0;129;44;44;41;32;74;23;138;245
2026-06-02;179;Solomon Islands;1054;147;1183;-9,0;-72,0;223;59;62;102;94;92;37;480;428
2026-06-02;180;Saint Martin;1042;187;982;3,0;-1,0;86;18;36;32;33;44;9;136;191
2026-06-02;181;Sao Tome and Principe;1035;174;1056;3,0;-3,0;82;24;36;22;11;60;11;59;213
2026-06-02;182;Saint Kitts and Nevis;1029;138;1174;-3,0;-26,0;252;121;80;51;104;101;47;431;396
2026-06-02;183;Afghanistan;1023;167;920;-6,0;-38,0;166;8;67;91;38;90;38;153;336
2026-06-02;184;Somaliland;1005;188;1004;2,0;0,0;2;0;0;2;1;0;1;4;3
2026-06-02;185;Saint Lucia;1003;126;1241;0,0;-31,0;264;89;108;67;90;132;42;361;485
2026-06-02;186;Gibraltar;1002;178;1082;-6,0;-50,0;116;39;49;28;16;85;15;62;343
2026-06-02;187;Western Sahara;996;189;996;0,0;0,0;1;0;1;0;0;1;0;0;6
2026-06-02;188;Myanmar;982;125;1244;5,0;40,0;552;119;138;295;218;230;104;892;952
2026-06-02;189;Aruba;979;125;1199;10,0;66,0;207;83;80;44;52;111;44;298;467
2026-06-02;189;Somalia;979;166;1072;11,0;68,0;150;10;48;92;15;112;23;78;375
2026-06-02;191;Sint Maarten;975;187;909;3,0;43,0;75;16;25;34;23;39;13;107;194
2026-06-02;192;Montserrat;971;191;642;-2,0;21,0;74;15;26;33;18;48;8;76;235
2026-06-02;193;Greenland;946;185;975;-1,0;0,0;22;2;7;13;5;16;1;35;50
2026-06-02;194;Djibouti;940;178;872;1,0;11,0;121;28;40;53;11;99;11;83;424
2026-06-02;195;Dominica;934;132;1196;-7,0;-36,0;246;69;97;80;60;132;54;288;488
2026-06-02;196;Bangladesh;932;181;980;0,0;10,0;326;92;96;138;87;166;73;298;583
2026-06-02;197;Liechtenstein;904;167;1113;4,0;-2,0;257;114;124;19;19;206;32;104;722
2026-06-02;198;Monaco;903;199;900;4,0;0,0;9;0;1;8;4;2;3;11;15
2026-06-02;199;Barbados;898;121;1243;-10,0;-59,0;375;168;132;75;117;162;96;492;616
2026-06-02;200;Antigua and Barbuda;894;145;1178;-3,0;-23,0;285;116;101;68;95;136;54;394;491
2026-06-02;201;Nepal;893;190;889;-10,0;-55,0;295;74;91;130;68;174;53;247;665
2026-06-02;202;Seychelles;853;182;987;2,0;2,0;190;51;58;81;26;131;33;144;425
2026-06-02;203;Cambodia;844;157;1058;3,0;7,0;316;80;93;143;71;200;45;361;816
2026-06-02;204;San Marino;836;195;917;1,0;-9,0;226;109;110;7;3;211;12;42;891
2026-06-02;204;Maldives;836;191;884;-1,0;-41,0;240;64;82;94;67;134;39;289;535
2026-06-02;204;Bonaire;836;150;1037;3,0;1,0;103;19;52;32;24;67;12;116;255
2026-06-02;207;Sri Lanka;827;161;932;6,0;90,0;284;70;89;125;57;177;50;274;692
2026-06-02;208;Taiwan;821;144;1169;-10,0;-93,0;339;96;109;134;96;191;52;465;788
2026-06-02;209;Pakistan;812;154;1101;0,0;-12,0;284;63;96;125;63;170;51;272;642
2026-06-02;210;Cayman Islands;805;183;1000;-2,0;-23,0;128;60;38;30;26;77;25;124;309
2026-06-02;211;Chagos Islands;782;211;783;0,0;0,0;4;0;0;4;1;2;1;8;10
2026-06-02;212;Tuvalu;756;204;745;0,0;0,0;34;0;4;30;9;21;4;47;182
2026-06-02;213;Sint Eustatius;737;213;753;0,0;0,0;11;3;8;0;5;2;4;33;30
2026-06-02;214;Laos;734;186;895;8,0;47,0;235;49;69;117;43;157;35;235;739
2026-06-02;215;Samoa;728;211;659;1,0;0,0;77;28;15;34;23;50;4;109;279
2026-06-02;216;British Virgin Islands;727;207;788;12,0;95,0;137;35;62;40;23;90;24;127;398
2026-06-02;216;Mongolia;727;190;842;-1,0;-2,0;101;22;38;41;21;69;11;100;286
2026-06-02;218;Saint Barthelemy;725;217;706;-1,0;0,0;10;7;3;0;4;5;1;25;29
2026-06-02;219;Guam;718;207;693;-1,0;5,0;130;25;43;62;31;86;13;167;581
2026-06-02;220;East Timor;714;226;630;5,0;56,0;91;5;47;39;12;72;7;83;284
2026-06-02;221;Wallis and Futuna;699;201;699;-2,0;0,0;24;0;5;19;5;19;0;23;109
2026-06-02;222;Vatican;692;218;697;-2,0;0,0;5;0;0;5;0;3;2;1;6
2026-06-02;223;Saba;691;223;675;-2,0;0,0;8;5;3;0;2;4;2;25;26
2026-06-02;224;Bahamas;685;190;871;-14,0;-107,0;90;30;32;28;17;62;11;90;291
2026-06-02;225;Saint Pierre and Miquelon;677;223;678;-2,0;0,0;7;0;0;7;0;7;0;2;78
2026-06-02;226;Turks and Caicos Islands;657;211;766;0,0;9,0;56;16;22;18;13;37;6;54;197
2026-06-02;227;Anguilla;646;224;556;4,0;27,0;117;31;50;36;16;87;14;74;413
2026-06-02;228;Bhutan;636;219;599;-1,0;-1,0;115;20;39;56;12;95;8;67;415
2026-06-02;229;Tibet;629;208;665;0,0;0,0;10;0;3;7;0;9;1;8;38
2026-06-02;230;US Virgin Islands;628;219;685;3,0;41,0;81;27;35;19;10;58;13;55;300
2026-06-02;231;Cook Islands;622;206;681;-1,0;0,0;56;4;14;38;13;39;4;50;276
2026-06-02;232;Brunei;592;201;777;-8,0;-73,0;152;30;42;80;27;112;13;119;488
2026-06-02;233;Macao;588;175;945;-1,0;-10,0;161;51;50;60;24;120;17;141;490
2026-06-02;234;Christmas Island;578;228;577;0,0;0,0;10;6;4;0;7;2;1;29;8
2026-06-02;235;Falkland Islands;571;229;585;0,0;0,0;4;0;1;3;0;4;0;0;25
2026-06-02;236;FS Micronesia;563;231;571;0,0;0,0;8;1;3;4;1;7;0;8;64
2026-06-02;237;Marshall Islands;559;237;559;;;2;0;0;2;0;2;0;2;7
2026-06-02;238;Kiribati;544;219;578;-1,0;0,0;11;0;2;9;0;10;1;7;126
2026-06-02;239;Tonga;520;213;651;-1,0;0,0;70;10;15;45;16;48;6;82;265
2026-06-02;240;Niue;496;225;496;-1,0;0,0;2;0;0;2;0;2;0;0;33
2026-06-02;241;Northern Mariana Islands;432;233;512;-1,0;0,0;36;7;11;18;5;28;3;43;153
2026-06-02;242;Cocos Islands;422;235;423;-1,0;0,0;10;4;6;0;2;7;1;8;29
2026-06-02;243;Palau;402;237;402;-1,0;0,0;2;2;0;0;0;2;0;3;27
2026-06-02;244;Eastern Samoa;369;226;467;-1,0;-19,0;59;0;15;44;5;52;2;36;385
