tc_name,api_id,api_name,categoria,Validado
FC Den Bosch,2963,FC Den Bosch,,1
Instituto AC Cordoba Reserves,854363,Instituto AC Cordoba Reserves,Youth,1
Deportivo Recoleta Reserves,1224271,Deportivo Recoleta Reserve,Youth,1
Independiente Reserves,295198,Independiente Reserve,Youth,1
Instituto Cordoba Reserves,854363,Instituto AC Cordoba Reserves,Youth,1
Colon Santa Fe Reserves,295184,Colon de Santa Fe Reserve,Youth,1
Tigre Reserves,295182,CA Tigre Reserve,Youth,1
Cerro Porteno Asuncion Reserves,274661,Cerro Porteno Asuncion,Youth,1
Nacional de Montevideo Reserves,203627,Nacional de Montevideo,Youth,1
Liverpool Montevideo Reserves,203621,Liverpool Montevideo,Youth,1
Montevideo Wanderers Reserves,203625,Montevideo Wanderers,Youth,1
Argentino Quilmes Reserves,295162,Argentinos Juniors Reserve,Youth,1
Sportivo Trinidense Reserves,311010,Sportivo Trinidense,Youth,1
CA Tembetary Reserves,1224269,Atletico Tembetary Reserve,Youth,1
Ferro Carril Oeste Reserves,380922,Ferro Carril Oeste,Youth,1
Juventud De Las Piedras Reserves,203619,Juventud de Las Piedras,Youth,1
Nacional Asuncion Reserves,274673,Nacional Asuncion,Youth,1
Sportivo Ameliano Reserves,874215,Sportivo Ameliano,Youth,1
Libertad Asuncion Reserves,274671,Libertad Asuncion,Youth,1
Sekhukhune United Reserves,834576,Sekhukhune United,Youth,1
Mamelodi Sundowns Reserves,619728,Mamelodi Sundowns,Youth,1
Racing Club de Montevideo Reserves,203633,Racing Club Montevideo,Youth,1
CA Atlas Reserves,295174,CA Aldosivi Reserve,Youth,1
Municipal Limeno Reserves,777406,Municipal Limeno,Youth,1
Olimpia Asuncion Reserves,274675,Olimpia Asuncion,Youth,1
Sportivo Luqueno Reserves,274683,Sportivo Luqueno,Youth,1
Guarani Asuncion Reserves,274669,Guarani Asuncion,Youth,1
Miramar Misiones Reserves,203623,Miramar Misiones,Youth,1
General Caballero Reserves,1055629,General Caballero JLM,Youth,1
Marumo Gallants Reserves,834572,Marumo Gallants,Youth,1
Orlando Pirates Reserves,509996,Orlando Pirates,Youth,1
Richards Bay FC Reserves,947141,Richards Bay FC,Youth,1
Stellenbosch FC Reserves,629372,Stellenbosch FC,Youth,1
Resistencia Central Reserves,295212,Rosario Central Reserve,Youth,1
CD Cacahuatique Reserves,1168769,CD Cacahuatique,Youth,1
Orbit College Reserves,1286331,Orbit College,Youth,1
Siwelele FC Reserves,509994,Siwelele FC,Youth,1
Durban City Reserves,511870,Durban City,Youth,1
Alianza FC Reserves,780488,Alianza FC,Youth,1
Livingston Reserves,521154,Livingston,Youth,1
Dundee Reserves,494812,Dundee FC,Youth,1
Excelsior Maassluis,34731,Excelsior Maassluis,Youth,1
San Martin de San Juan Reserves,295216,San Martin de San Juan Reserve,Youth,1
CA Tigre Reserves,295182,CA Tigre Reserve,Youth,1
Estudiantes LP Reserves,295190,Estudiantes de LP Reserve,Youth,1
Barracas Central Reserves,295984,CA Barracas Central Reserve,Youth,1
CA Independiente Reserves,295198,Independiente Reserve,Youth,1
Central Cordoba SdE Reserves,626736,CA Central Cordoba SE Reserve,Youth,1
Deportivo Riestra Reserves,380920,Deportivo Riestra Afbc Reserve,Youth,1
Maastricht,2976,MVV Maastricht,Youth,1
CD Luis Angel Firpo Reserves,781566,CD Luis Angel Firpo,Youth,1
AD Isidro Metapan Reserves,778014,AD Isidro Metapan,Youth,1
Fuerte San Francisco Reserves,1043821,CD Fuerte San Francisco,Youth,1
Boca Juniors Reserves,295172,Boca Juniors,Youth,1
Boston River Reserves,295152,Boston River,Youth,1
Queens Park Reserves,544513,Queens Park,Youth,1
CD Dragon Reserves,781910,CD Dragon,Youth,1
CD Aguila Reserves,781486,CD Aguila,Youth,1
Belgrano Reserves,295176,CA Belgrano,Youth,1
Queen of South Reserves,494828,Queen of the South FC,Youth,1
Godoy Cruz Reserves,295194,CD Godoy Cruz,Youth,1
Dunfermline Reserves,494810,Dunfermline Athletic FC,Youth,1
Huracan Reserves,295196,CA Huracan,Youth,1
FC Eindhoven,2994,FC Eindhoven,Youth,1
Rosario Central Reserves,295212,Rosario Central Reserve,Youth,1
Velez Sarsfield Reserves,295226,Velez Sarsfield Reserve,Youth,1
Atletico Tucuman Reserves,295168,Atletico Tucuman Reserve,Youth,1
CA Aldosivi Reserves,295174,CA Aldosivi Reserve,Youth,1
CA Talleres de Córdoba Reserves,295220,CA Talleres de Cordoba Reserve,Youth,1
Defensa y Justicia Reserves,295188,Defensa Y Justicia Reserve,Youth,1
Union Santa Fe Reserves,295224,CA Union Santa Fe Reserve,Youth,1
La Luz Reserves,990947,La Luz FC Reserves,Youth,1
Argentinos Jrs Reserves,295162,Argentinos Juniors Reserve,Youth,1
Spakenburg,2985,SV Spakenburg,Youth,1
Independiente Rivadavia Reserves,774162,Independiente Rivadavia de Mendoza Reserve,Youth,1
Defensor Sporting Reserves,203615,Defensor Sporting,Youth,1
RKAV Volendam,500920,Rkav Volendam,Youth,1
Zacatecoluca FC Reserves,1273004,Zacatecoluca FC U20,Youth,1
CD Municipal Limeno Reserves,777406,Municipal Limeno,Youth,1
Albion FC Reserves,823730,Albion FC,Youth,1
CA River Plate Reserves,203599,CA River Plate (URU),Youth,1
San Lorenzo Reserves,295214,San Lorenzo de Almagro Res.,Youth,1
Banfield Reserves,295170,CA Banfield,Youth,1
Kilmarnock Reserves,494824,Kilmarnock FC,Youth,1
Platense Reserves,299998,CA Platense,Youth,1
River Plate Reserves,295180,CA River Plate (Arg),Youth,1
CD San Felix U19,391082,San Felix CD U19,Youth,1
San Felix CF U19,391082,San Felix CD U19,Youth,1
Hapoel Ironi Kiryat Shmona U19,240836,Hapoel Ironi Kiryat Shmona,Youth,1
Hapoel Nir Ramat Hasharon U19,307296,Hapoel Nir Ramat Hasharon,Youth,1
Atletico Barranco Hondo U19,1248109,Atletico Barranco Hondo,Youth,1
Bnei Yehuda Tel Aviv U19,307312,Bnei Yehuda Tel Aviv,Youth,1
Racing Club Zaragoza U19,1045441,Racing Club Zaragoza,Youth,1
Olympique Rovenain U19,1167749,Olympique Rovenain,Youth,1
Oliveirense U19,78127,UD Oliveirense,Youth,1
ED Val Minor Nigran U19,552027,ED Val Minor Nigran,Youth,1
CF Juventud Laguna U19,367962,CF Juventud Laguna,Youth,1
Aurrera de Vitoria U19,1217811,Aurrera de Vitoria,Youth,1
Fortuna Dusseldorf U19,43710,Fortuna Dusseldorf,Youth,1
FC Nordsjaelland U19,615490,FC Nordsjaelland,Youth,1
Asteras Tripolis U19,497148,Asteras Tripolis,Youth,1
Northern Ireland U19,22544,Northern Ireland,Youth,1
Hapoel Kfar Saba U19,425723,Hapoel Kfar Saba,Youth,1
Beitar Jerusalem U19,377486,Beitar Jerusalem,Youth,1
Maccabi Tel Aviv U19,222408,Maccabi Tel Aviv,Youth,1
Hapoel Rishon Lezion U19,307302,Hapoel Rishon Letzion,Youth,1
Hapoel Beer Sheva U19,307294,Hapoel Beer Sheva,Youth,1
TSC Backa Topola U19,609998,TSC Backa Topola,Youth,1
Las Palmas U19,154812,UD Las Palmas,Youth,1
CD San Francisco U19,525283,CD San Francisco,Youth,1
Gimnastic Tarragona U19,399541,Gimnastic de Tarragona,Youth,1
UCD Canada Atletico U19,521090,La Canada UCD Atletico,Youth,1
Vazquez Cultural U19,516738,Vazquez Cultural,Youth,1
Budapest Honved U19,345376,Budapest Honved,Youth,1
Ferencvarosi TC U19,345378,Ferencvarosi TC,Youth,1
TSG Hoffenheim U19,43730,TSG Hoffenheim,Youth,1
Athletic Bilbao U19,174576,Athletic Bilbao,Youth,1
Atletico Madrid U19,72022,Atletico Madrid,Youth,1
Hapoel Tel Aviv U19,307300,Hapoel Tel Aviv,Youth,1
Maccabi Netanya U19,307298,Maccabi Netanya,Youth,1
Maccabi Petach Tikva U19,240834,Maccabi Petah Tikva,Youth,1
Hapoel Raanana U19,307292,Hapoel Raanana,Youth,1
Mladost Lucani U19,610000,Mladost Lucani,Youth,1
Rayo Vallecano U19,445837,Rayo Vallecano,Youth,1
UD La Cruz Villanovense U19,767584,UD La Cluz Villanovense,Youth,1
Union Viera CF U19,473615,CF Union Viera,Youth,1
Gimnastica de Torrelavega U19,953177,RS Gimnastica de Torrelavega,Youth,1
Neuchatel Xamax U19,1036833,Neuchatel Xamax,Youth,1
MKE Ankaragucu U19,291974,MKE Ankaragucu,Youth,1
Atletico Barranco Hondo B U19,1248109,Atletico Barranco Hondo,Youth,1
Mladost Zdralovi U19,687265,NK Mladost Zdralovi,Youth,1
FC Copenhagen U19,120852,FC Copenhagen,Youth,1
Randers Freja U19,167090,Randers Freja,Youth,1
Bayern Munich U19,43728,Bayern Munich,Youth,1
Hansa Rostock U19,43699,Hansa Rostock,Youth,1
Diosgyori VTK U19,467831,Diosgyori VTK,Youth,1
Faroe Islands U19,22507,Faroe Islands,Youth,1
Liechtenstein U19,22532,Liechtenstein,Youth,1
Maccabi Haifa U19,307290,Maccabi Haifa,Youth,1
FK Novi Pazar U19,369760,FK Novi Pazar,Youth,1
CD Sobradillo U19,385154,CD Sobradillo,Youth,1
Alboraya U19,511718,Alboraya UD,Youth,1
Real Zaragoza U19,439736,Real Zaragoza,Youth,1
Racing Santander U19,445835,Racing de Santander,Youth,1
Veszprem FC U19,1300270,Veszprem FC USE,Youth,1
Silkeborg IF U19,615496,Silkeborg IF,Youth,1
MTK Budapest U19,345384,MTK Budapest,Youth,1
Gyori ETO FC U19,268321,Gyori ETO FC,Youth,1
Zalaegerszegi TE U19,629374,Zalaegerszeg TE,Youth,1
Hapoel Haifa U19,307304,Hapoel Haifa,Youth,1
Partizan Belgrade U19,369772,Partizan Belgrad,Youth,1
OFK Belgrade U19,369746,OFK Belgrade,Youth,1
FC Petrzalka U19,817690,FC Petrzalka,Youth,1
Elche U19,390324,Elche CF U19,Youth,1
Almeria U19,516740,UD Almeria,Youth,1
CD Diocesano U19,627204,CD Diocesano,Youth,1
Levante U19,154828,Levante UD,Youth,1
Aalesunds FK U19,332093,Aalesunds FK,Youth,1
HNK Sibenik U19,372484,HNK Sibenik,Youth,1
NK Varazdin U19,265685,NK Varazdin,Youth,1
SC Freiburg U19,43734,SC Freiburg,Youth,1
Fehervar FC U19,369162,Fehervar FC,Youth,1
Crvena Zvezda U19,206249,FK Crvena Zvezda,Youth,1
Switzerland U19,22562,Switzerland,Youth,1
FK Vozdovac U19,369768,FK Vozdovac,Youth,1
Real Oviedo U19,425591,Real Oviedo,Youth,1
Calavera CF U19,461149,Calavera CF,Youth,1
Real Murcia U19,396580,Real Murcia,Youth,1
UCAM Murcia U19,623948,UCAM Murcia,Youth,1
UE Cornella U19,511996,UE Cornella,Youth,1
UD Maracena  U19,757414,UD Maracena,Youth,1
AD San Juan U19,842766,AD San Juan,Youth,1
Alemannia Aachen U19,52882,TSV Alemannia Aachen,Youth,1
CD La Oliva U19,830562,CD La Oliva,Youth,1
Acodetti CF U19,401759,CF Acodetti,Youth,1
Hamarkameratene U19,364218,Hamarkameratene NAC,Youth,1
HNK Gorica U19,591387,HNK Gorica,Youth,1
HNK Rijeka U19,155470,HNK Rijeka,Youth,1
NK Sesvete U19,372472,NK Sesvete,Youth,1
NK Lokomotiva Zagreb U19,372482,Lokomotiva Zagreb,Youth,1
AGF Aarhus U19,615488,AGF Aarhus,Youth,1
AC Horsens U19,746453,AC Horsens,Youth,1
RB Leipzig U19,136294,RB Leipzig,Youth,1
Montenegro U19,22540,Montenegro,Youth,1
Galatasaray U19,120868,Galatasaray SK,Youth,1
Azerbaijan U19,22487,Azerbaijan,Youth,1
Kazakhstan U19,22525,Kazakhstan,Youth,1
Academico Viseu B U19,544099,Academico Viseu,Youth,1
Deportivo La Coruna U19,445833,RC Deportivo De La Coruna,Youth,1
Gimnastic Manresa U19,374936,Gimnastic Manresa CF,Youth,1
AD Huracan U19,618308,AD Huracan,Youth,1
Ankaraspor U19,780344,Ankaraspor,Youth,1
NK Osijek U19,155468,NK Osijek,Youth,1
Dinamo Zagreb U19,155476,GNK Dinamo Zagreb,Youth,1
Lithuania U19,22533,Lithuania,Youth,1
MS Ashdod U19,307308,MS Ashdod,Youth,1
Viking FK U19,331915,Viking FK,Youth,1
Pacos Ferreira B U19,78121,Pacos Ferreira,Youth,1
Spartak Subotica U19,391830,FK Spartak Subotica,Youth,1
FC Kosice U19,110747,FC Kosice,Youth,1
Arucas CF U19,473601,Arucas CF,Youth,1
Danok Bat U19,154816,Danok Bat,Youth,1
FC Zurich U19,206259,FC Zurich,Youth,1
Konyaspor U19,290818,Konyaspor,Youth,1
SC Preussen Munster U19,52881,Preussen Munster,Youth,1
FC Luzern U19,1036829,FC Luzern,Youth,1
Kasimpasa U19,305324,Kasimpasa,Youth,1
Sonderjyske U19,615498,Soenderjyske,Youth,1
Villarreal U19,224740,Villarreal CF,Youth,1
Lillestrom U19,331997,Lillestrom SK,Youth,1
Stromsgodset U19,332023,Stroemsgodset TF,Youth,1
Belenenses U19,78133,OS Belenenses,Youth,1
Compostela U19,378080,SD Compostela,Youth,1
CD Castellon U19,761200,CD Castellon SAD,Youth,1
CD Sobradillo C U19,385154,CD Sobradillo,Youth,1
Hradec Kralove B U19,44160,FC Hradec Kralove,Youth,1
Karlsruher U19,43726,Karlsruher SC,Youth,1
Chemnitzer U19,74435,Chemnitzer FC,Youth,1
NK Rudes U19,343544,NK Rudes,Youth,1
Viktoria Plzen U19,44165,FC Viktoria Plzen,Youth,1
Slovan Liberec U19,72470,FC Slovan Liberec,Youth,1
AE Kifisias U19,962645,AE Kifisia,Youth,1
Barcelona U19,90128,FC Barcelona,Youth,1
Portugal U19,22549,Portugal,Youth,1
Slovakia U19,22558,Slovakia,Youth,1
IK Start U19,331881,IK Start,Youth,1
1860 Munich U19,43729,TSV 1860 Munich,Youth,1
FC Spartak Trnava U19,76561,Spartak Trnava,Youth,1
Slaven Belupo U19,155488,NK Slaven Belupo,Youth,1
FK Cukaricki U19,285103,FC Cukaricki,Youth,1
Antiguoko KE U19,445827,Antiguoko Ke,Youth,1
FC Zlin U19,43653,FC Zlin,Youth,1
Esbjerg U19,379376,Esbjerg,Youth,1
Hungary U19,22515,Hungary,Youth,1
Czechia U19,22501,Czechia,Youth,1
Croatia U19,22499,Croatia,Youth,1
Romania U19,22552,Romania,Youth,1
Ukraine U19,22568,Ukraine,Youth,1
Albania U19,22482,Albania,Youth,1
Hapoel Petah Tikva U19,401245,Hapoel Petah Tikva Nahum,Youth,1
Sogndal U19,443028,Sogndal,Youth,1
Valencia U19,222406,CF Valencia,Youth,1
CF Damm U19,390326,CF Damm,Youth,1
CD Roda U19,445829,CD Roda,Youth,1
Lausanne Sports U19,1036821,FC Lausanne Sport,Youth,1
FC Sion U19,1036831,FC Sion,Youth,1
Augsburg U19,43724,FC Augsburg,Youth,1
Belarus U19,22489,Belarus,Youth,1
Karlsruhe U19,43726,Karlsruher SC,Youth,1
Borussia M'gladbach U19,43717,Borussia Monchengladbach,Youth,1
Hapoel Petach Tikva U19,401245,Hapoel Petah Tikva Nahum,Youth,1
Valerenga U19,177964,Vaalerenga IF,Youth,1
Union Adarve U19,427517,AD Union Adarve,Youth,1
Wolfsburg U19,43706,VfL Wolfsburg,Youth,1
Sporting Atletico U19,832604,Sporting Atletico Ceuta,Youth,1
Midtjylland U19,224776,FC Midtjylland,Youth,1
Szeged-Csanad Grosics U19,754867,Szeged-Csanad Grosics Akademia,Youth,1
Benfica U19,78135,SL Benfica,Youth,1
Hajduk Split U19,76557,HNK Hajduk Split,Youth,1
Lyngby U19,615492,Lyngby,Youth,1
Poland U19,22548,Poland,Youth,1
Serbia U19,22556,Serbia,Youth,1
Kosovo U19,381998,Kosovo,Youth,1
Sweden U19,22561,Sweden,Youth,1
Odd BK U19,331901,Odd BK,Youth,1
Kelme CF U19,390324,Elche CF U19,Youth,1
Mallorca U19,445839,RCD Mallorca,Youth,1
Sporting Gijon U19,431219,Real Sporting de Gijon,Youth,1
Balma SC U19,1274618,Balma SC U19,Youth,1
Sant Cugat FC U19,1280257,Sant Cugat FC U19,Youth,1
CD Mosquito U19,1280293,CD Mosquito U19,Youth,1
Unionistas Salamanca CF U19,1280297,CD Unionistas Salamanca CF U19,Youth,1
Schiltigheim U19,1274602,SC Schiltigheim U19,Youth,1
Cavigal Nice U19,1274612,Cavigal Nice SF U19,Youth,1
Arenas de Armilla CyD U19,1280261,Arenas Armilla CD U19,Youth,1
Ankara Keciorengucu U19,780342,Ankara Keciorengucu,Youth,1
Fomat Martin U19,1268056,MSK Fomat Martin U19,Youth,1
Fatih Karagumruk U19,305308,Fatih Karagumruk,Youth,1
Academico Viseu U19,544099,Academico Viseu,Youth,1
Isparta 32 Spor U19,1174813,Isparta 32 Spor,Youth,1
Clermont Foot U19,734619,Clermont Foot,Youth,1
EFB Pinatar U19,1280289,Efb Pinatar U19,Youth,1
UD Montecarlo U19,836398,UD Montecarlo,Youth,1
Eskisehirspor U19,305366,Eskisehirspor,Youth,1
Gaziantep FK U19,305380,Gaziantep FK,Youth,1
Turgutluspor U19,1174817,Turgutluspor,Youth,1
Gil Vicente U19,169138,Gil Vicente,Youth,1
Patacona CF U19,607796,Patacona CF,Youth,1
CF Talavera U19,762556,CF Talavera,Youth,1
Sakaryaspor U19,406451,Sakaryaspor,Youth,1
Giresunspor U19,305390,Giresunspor,Youth,1
Kayserispor U19,300922,Kayserispor,Youth,1
Valenciennes U19,495602,Valenciennes FC,Youth,1
Istanbul Basaksehir U19,391146,Istanbul Basaksehir FK,Youth,1
CD Badajoz U19,610040,CD Badajoz,Youth,1
UD Tomares U19,294046,Tomares UD,Youth,1
CD Oberena U19,941763,CD Oberena,Youth,1
Pendikspor U19,305322,Pendikspor,Youth,1
Samsunspor U19,422897,Samsunspor,Youth,1
Marignane Gignac U19,1036861,Marignane Gignac FC,Youth,1
CD Marino U19,368550,CD Marino,Youth,1
Bodrum FK U19,1047763,Bodrum FK,Youth,1
Sivasspor U19,619458,Sivasspor,Youth,1
CD Mafra U19,926881,CD Mafra,Youth,1
CE Constancia U19,936525,CD Constancia,Youth,1
CD Roces U19,555272,CD Roces,Youth,1
Bucaspor U19,305364,Bucaspor,Youth,1
Boluspor U19,305370,Boluspor,Youth,1
Eyupspor U19,305332,Eyupspor,Youth,1
Ankaragucu U19,291974,MKE Ankaragucu,Youth,1
Goztepe U19,305354,Goztepe,Youth,1
Vertou U19,532511,Vertou Ussa,Youth,1
Chaves U19,111299,GD Chaves,Youth,1
Racing Ferrol U19,475902,Racing Club de Ferrol,Youth,1
AAS Sarcelles U19,975723,Aas Sarcelles,Youth,1
Famalicao U19,565983,FC Famalicao,Youth,1
SC Lusitania U19,542279,SC Lusitania Angra,Youth,1
Braga U19,78113,SC Braga,Youth,1
Leioa U19,627170,SD Leioa,Youth,1
Altay U19,305356,Altay,Youth,1
Le Havre U19,495606,Le Havre AC,Youth,1
Casa Pia U19,169136,Casa Pia AC,Youth,1
Feirense U19,218182,CD Feirense,Youth,1
Torreense U19,111291,SCU Torreense,Youth,1
Jove Espanol U19,1280291,CF Jove Espanol San Vicente U19,Youth,1
Caen U19,495604,SM Caen,Youth,1
Tondela U19,218180,CD Tondela,Youth,1
Guimaraes U19,78131,Vitoria Guimaraes,Youth,1
Rio Ave U19,78123,Rio Ave FC,Youth,1
Trival Valderas U19,615516,CF Trival Valderas Alcorcon,Youth,1
AD Sporting Hortaleza U19,937235,ADS Hortaleza,Youth,1
Sabadell U19,757254,CE Sabadell FC,Youth,1
C'Chartres U19,613856,C Chartres Football,Youth,1
Lugo U19,550739,CD Lugo,Youth,1
Brest U19,495640,Stade Brestois 29,Youth,1
Stade Briochin U19,1274606,Stade Briochin U19,Youth,1
CD Betono U19,1280251,CD Betono U19,Youth,1
UD La Mosca U19,1280259,UD La Mosca U19,Youth,1
FK Usce Novi Beograd U19,1276092,Usce Novi Beograd U19,Youth,1
Union Sur Yaiza U19,1186891,CD Union Sur Yaiza U19,Youth,1
Atromitos Athinon U19,497146,Atromitos Athinon,Youth,1
Villegas U19,1280253,CD Villegas U19,Youth,1
FC Chambly Oise U19,734615,FC Chambly Oise,Youth,1
Colomiers U19,399451,US Colomiers,Youth,1
Adana Demirspor U19,619460,Adana Demirspor,Youth,1
Caykur Rizespor U19,305386,Caykur Rizespor,Youth,1
Panserraikos U19,308310,Panserraikos,Youth,1
Panaitolikos U19,497144,Panaitolikos,Youth,1
SA Merignac U19,734621,Merignac SA,Youth,1
FC Mulhouse U19,1167691,FC Mulhouse,Youth,1
Dunkerque U19,494940,USL Dunkerque,Youth,1
ASPTT Dijon U19,495612,Dijon ASPTT,Youth,1
Antalyaspor U19,305348,Antalyaspor,Youth,1
US Orleans U19,495608,US Orleans,Youth,1
SC Air Bel U19,923119,SC Air Bel,Youth,1
AEK Athens U19,497166,AEK Athens,Youth,1
Uniao Nogueirense U19,829156,Uniao Nogueirense FC,Youth,1
Fenerbahce U19,305336,Fenerbahce,Youth,1
AFC Creil U19,1274600,AFC Creil,Youth,1
OFK Vrsac U19,904567,OFK Vrsac,Youth,1
FK Poprad U19,492990,FK Poprad,Youth,1
Bursaspor U19,305338,Bursaspor,Youth,1
Hradec Kralove U19,44160,FC Hradec Kralove,Youth,1
Paris FC U19,391910,Paris FC,Youth,1
FC Tatran Presov U19,110739,Tatran Presov,Youth,1
Saint-Lo Manche U19,1274608,FC Saint Lo Manche U19,Youth,1
Besiktas U19,224780,Besiktas JK,Youth,1
Istanbulspor U19,305316,Istanbulspor AS,Youth,1
Avranches U19,734627,US Avranches MSM,Youth,1
Amiens U19,495598,Amiens SC,Youth,1
Panetolikos U19,497144,Panaitolikos,Youth,1
AS Ghisonaccia Prunelli U19,1167755,AS Ghisonaccia P,Youth,1
CF Os Belenenses U19,78133,OS Belenenses,Youth,1
Santa Clara U19,1105373,Santa Clara SAD,Youth,1
Adanaspor U19,780340,Adanaspor AS,Youth,1
Borac Cacak U19,369748,Borac 1926 Cacak,Youth,1
UD Logrones U19,366900,UD Logrones Promesas,Youth,1
Alanyaspor U19,305352,Aytemiz Alanyaspor,Youth,1
Lens U19,495596,RC Lens,Youth,1
RSC Hamsik Academy U19,922119,RSC Hamsik Academy Banska Bystrica,Youth,1
Monaco U19,174568,AS Monaco,Youth,1
Nantes U19,453073,FC Nantes,Youth,1
FK Napredak U19,369758,FK Napredak Krusevac,Youth,1
Nice U19,495690,OGC Nice,Youth,1
Reims U19,224744,Stade Reims,Youth,1
Saint Priest U19,1274604,AS Saint-Priest U19,Youth,1
Troyes U19,495624,Estac Troyes,Youth,1
FK Zeleziarne Podbrezova u19,110759,ZP Sport Podbrezova,Youth,1
MFK Zemplin Michalovce U19,110751,MFK Zemplin Michalovce,Youth,1
Olympique Marcquois U19,1167773,Olympique Marcquois,Youth,1
Maccabi Herzliya U19,561486,Maccabi Herzliya,Youth,1
Slovan Bratislava U19,110757,Slovan Bratislava,Youth,1
Montfermeil FC U19,734611,Montfermeil FC,Youth,1
MFK Ruzomberok U19,110749,MFK Ruzomberok,Youth,1
Spartak Trnava U19,76561,Spartak Trnava,Youth,1
Dukla Banska Bystrica U19,110741,MFK Dukla Banska Bystrica,Youth,1
Sigma Olomouc U19,44162,Sigma Olomouc,Youth,1
Sparta Prague U19,44164,Sparta Prague,Youth,1
Slavia Prague U19,44163,Slavia Prague,Youth,1
Rodez Aveyron U19,671387,Rodez Aveyron,Youth,1
Panathinaikos U19,497176,Panathinaikos,Youth,1
Real Sociedad U19,120850,Real Sociedad,Youth,1
CD Vasconia U19,937019,CD Vasconia,Youth,1
Kocaelispor U19,305328,Kocaelispor,Youth,1
NK Samobor U19,1263053,NK Samobor,Youth,1
Bergerac Perigord U19,1167737,Bergerac Perigord FC,Youth,1
MSK Zilina U19,110753,MSK Zilina,Youth,1
AS Trencin U19,110737,AS Trencin,Youth,1
Vysocina Jihlava U19,44166,FC Vysocina Jihlava,Youth,1
Hatayspor U19,300926,Hatayspor,Youth,1
Ajaccio GFCA U19,495686,GFC Ajaccio,Youth,1
Longuera Toscal U19,473619,CD Longuera Toscal,Youth,1
Winterthur U19,1036825,FC Winterthur,Youth,1
Mlada Boleslav U19,44168,FK Mlada Boleslav,Youth,1
FC Porto U19,78117,FC Porto,Youth,1
Banik Ostrava U19,44155,FC Banik Ostrava,Youth,1
Ceske Budejovice U19,44156,SK Dynamo Ceske Budejovice,Youth,1
Montpellier U19,425649,Montpellier HSC,Youth,1
Maccabi Tel Aviv Shachar U19,222408,Maccabi Tel Aviv,Youth,1
Pardubice U19,44157,FC Pardubice,Youth,1
Genclerbirligi U19,290816,Genclerbirligi Ankara,Youth,1
Toulouse U19,441708,Toulouse FC,Youth,1
Guingamp U19,495666,EA Guingamp,Youth,1
Maccabi Haifa Shmuel U19,307290,Maccabi Haifa,Youth,1
Olympiacos U19,90136,Olympiacos Piraeus,Youth,1
Dukla Praha U19,466769,Dukla Prague,Youth,1
FK Jablonec U19,105939,FK Baumit Jablonec,Youth,1
Ajaccio U19,373868,AC Ajaccio,Youth,1
Auxerre U19,495616,AJ Auxerre,Youth,1
Dijon U19,495626,Dijon FCO,Youth,1
Lorient U19,820338,FC Lorient,Youth,1
Gyor Eto FC U19,268321,Gyori ETO FC,Youth,1
MFK Karvina U19,105943,Karvina,Youth,1
Volos NFC U19,458525,Volos NPS,Youth,1
Hapoel Acre U19,561480,Hapoel Ako,Youth,1
St-Renan U19,1167745,EA Saint-Renan,Youth,1
Athens Kallithea U19,308296,Kallithea,Youth,1
Strasbourg U19,495628,RC Strasbourg Alsace,Youth,1
Asf Andrezieux U19,1167689,Andrezieux-Boutheon FC,Youth,1
Rennes U19,422905,Stade Rennais FC,Youth,1
Stade Poitevin U19,1274610,Stade Poitevin FC U19,Youth,1
Solares U19,1280249,SD Solares Medio Cudeyo U19,Youth,1
Racing Besancon U19,1167693,Racing Besancon,Youth,1
Stade Lavallois Mayenne FC U19,495638,Stade Lavallois Mayenne,Youth,1
Melilla U19,1057275,UD Melilla,Youth,1
Mensajero U19,757534,CD Mensajero,Youth,1
Villa Santa Brigida U19,1275818,UD Villa Santa Brigida U19,Youth,1
Yeni Malatyaspor U19,305372,Yeni Malatyaspor,Youth,1
Puertos Las Palmas U19,759482,Cef Puertos de Las Palmas U19,Youth,1
SC Bastia U19,495672,Bastia SC,Youth,1
Lucerne U19,1036829,FC Luzern,Youth,1
Bosnia-Herzegovina Women U19,37327,Bosnia and Herzegovina,Youth,1
Finland Women U19,37337,Finland,Youth,1
Tocantinopolis EC U20,1256437,Tocantinopolis EC TO U20,Youth,1
CE Bento Goncalves RS U20,798282,CE Bento Goncalves RS,Youth,1
XV de Novembro EC MG U20,1135239,XV de Novembro EC MG,Youth,1
EC Bonfim U20,907917,EC Bonfim MG U20,Youth,1
Athletic Club MG U20,903811,Athletic Club MG,Youth,1
Pori Akatemia YJ U20,796980,Pori Akatemia YJ,Youth,1
Rio Branco FC AC U20,397746,Rio Branco FC AC,Youth,1
Coimbra Sports MG U20,431209,Coimbra Sports MG,Youth,1
FC Vaajakoski U20,1182929,FC Vaajakoski,Youth,1
Guarany EC PE U20,1180529,Guarany EC PE,Youth,1
Americano RJ U20,397072,Americano RJ,Youth,1
HJK Helsinki U20,334701,HJK Helsinki,Youth,1
Boston City FC U20,591549,Boston City FC MG,Youth,1
Referencia FC U20,1118539,Referencia FC SP,Youth,1
Boavista RJ U20,307384,Boavista RJ,Youth,1
Santa Fe SP U20,1217661,Santa Fe SP,Youth,1
Araucaria ECR U20,1244687,Araucaria ECR PR,Youth,1
Ypiranga RS U20,354042,Ypiranga RS,Youth,1
Cruzeiro RS U20,263653,Cruzeiro RS,Youth,1
Rio Branco PR U20,1244689,Rio Branco SC PR,Youth,1
Switzerland U20,22472,Switzerland,Youth,1
America EC Pedrinhas U20,1031071,America FC Pedrinhas SE,Youth,1
Atletico PE U20,624716,Atletico PE,Youth,1
AA Francana U20,397684,AA Francana SP,Youth,1
FC Cascavel U20,910277,FC Cascavel PR,Youth,1
Desportivo Brazil U20,137260,Desportivo Brasil SP,Youth,1
Sampaio Correa RJ U20,399457,Sampaio Correa FE RJ,Youth,1
Chapecoense U20,287761,Chapecoense SC,Youth,1
Nacional AC U20,263657,Nacional AC SP,Youth,1
Nautico RR U20,300620,Nautico RR,Youth,1
Araruama FC U20,445257,Araruama FC RJ,Youth,1
Rio Branco ES U20,841476,Rio Branco SAF ES,Youth,1
Estrela de Marco U20,1114579,Estrela de Marco BA,Youth,1
Real Brasilia FC U20,397740,Real Brasilia FC DF,Youth,1
Falcon SE U20,826584,Falcon SE,Youth,1
Internacional SC U20,238128,SC Internacional RS,Youth,1
Vasco da Gama AC U20,218192,CR Vasco da Gama RJ,Youth,1
Jaguar PE U20,1121235,Jaguar PE,Youth,1
Australia U20,22667,Australia,Youth,1
Argentina U20,22666,Argentina,Youth,1
Araguacema U20,917401,Araguacema TO,Youth,1
Vitoria BA U20,41825,EC Vitoria BA,Youth,1
FC Atlético Cearense U20,592039,FC Atletico Cearense CE,Youth,1
Alianca CE U20,397658,Alianca FC CE,Youth,1
Cerrado EC U20,777292,Cerrado EC GO,Youth,1
Operario FC MS U20,1217719,Operario AC MS,Youth,1
Royal GO U20,894827,Royal GO,Youth,1
Concordia U20,330121,Concordia SC,Youth,1
Sertaozinho FC U20,529519,Sertaozinho FC SP,Youth,1
Ponte Preta AL U20,210352,AA Ponte Preta SP,Youth,1
Congo DR U20,103099,Congo DR,Youth,1
Slovakia U20,22712,Slovakia,Youth,1
Bandeirante EC U20,1000015,CA Bandeirante SP,Youth,1
Lucena PB U20,1018035,SC Lucena PB,Youth,1
DR Congo U20,103099,Congo DR,Youth,1
Scotland U20,22710,Scotland,Youth,1
Rio Branco AC U20,397746,Rio Branco FC AC,Youth,1
Portuguesa Santista U20,332273,AA Portuguesa Santista SP,Youth,1
Portuguesa RJ U20,275239,AA Portuguesa RJ,Youth,1
Fluminense RJ U20,210330,Fluminense FC RJ,Youth,1
EC Villa Real U20,1243393,EC Villa Real MG,Youth,1
Marcilio Dias U20,625210,CN Marcilio Dias SC,Youth,1
Novo Hamburgo U20,354010,EC Novo Hamburgo RS,Youth,1
Brasil de Farroupilha U20,549485,Serc Brasil De Farroupilha RS,Youth,1
Hope International U20,1244804,Hope Internacional FC PR,Youth,1
Atlantis U20,334705,Atlantis FC,Youth,1
Nigeria U20,22700,Nigeria,Youth,1
Tunisia U20,48817,Tunisia,Youth,1
Morocco U20,48810,Morocco,Youth,1
Bolivia U20,33756,Bolivia,Youth,1
England U20,35465,England,Youth,1
Ukraine U20,48819,Ukraine,Youth,1
SC Aguai U20,1000091,SC Aguai SP,Youth,1
America RJ U20,397072,Americano RJ,Youth,1
Americano FC MA U20,299178,Americano MA,Youth,1
Itapipoca EC U20,1128845,Itapipoca EC CE,Youth,1
Parana Clube U20,227058,Parana Clube PR,Youth,1
Salgueiro PE U20,299170,Salgueiro AC PE,Youth,1
HJK Helsinki II U20,334701,HJK Helsinki,Youth,1
Salgueiro AC U20,299170,Salgueiro AC PE,Youth,1
Sao Paulo SP U20,210340,Sao Paulo FC SP,Youth,1
Botafogo SP U20,334219,Botafogo FC SP,Youth,1
Sao Jose RS U20,342678,EC Sao Jose RS,Youth,1
Aparecidense U20,555616,AA Aparecidense GO,Youth,1
Brusque U20,383540,Brusque SC,Youth,1
Sao Jose SP U20,266403,Sao Jose EC SP,Youth,1
Inter Turku U20,349178,FC Inter Turku,Youth,1
Brasiliense U20,1217715,Brasiliense FC DF,Youth,1
Nova Iguacu U20,307398,Nova Iguacu FC RJ,Youth,1
Santa Cruz Acre U20,1133659,Santa Cruz Acre EC AC,Youth,1
America SE U20,352066,America PE,Youth,1
Figueirense U20,237968,Figueirense FC SC,Youth,1
Feirense FC U20,237968,Figueirense FC SC,Youth,1
Jordan U20,7549,Jordan,Youth,1
Brazil U20,22672,Brazil,Youth,1
France U20,22680,France,Youth,1
Norway U20,48812,Norway,Youth,1
Ferroviaria U20,397708,Ferroviaria SP,Youth,1
Romania U20,48813,Romania,Youth,1
Flamengo SP U20,235286,AA Flamengo SP,Youth,1
Poland U20,22707,Poland,Youth,1
Palmeiras U20,210346,SE Palmeiras SP,Youth,1
Cruzeiro U20,210336,Cruzeiro EC MG,Youth,1
Criciuma U20,287749,Criciuma EC SC,Youth,1
Vila Nova U20,325159,Vila Nova FC GO,Youth,1
Sao Paulo U20,210340,Sao Paulo FC SP,Youth,1
Ituano U20,266407,Ituano FC SP,Youth,1
Goias U20,237888,Goias EC GO,Youth,1
Gremio U20,210348,Gremio FB Porto Alegrense RS,Youth,1
Gremio Novorizontino U20,334229,Gremio Novorizontino SP,Youth,1
Nautico Capibaribe U20,287751,Nautico Capibaribe PE,Youth,1
CA Bandeirante U20,1000015,CA Bandeirante SP,Youth,1
America PE U20,352066,America PE,Youth,1
CA Linense U20,397714,CA Linense SP,Youth,1
Portugal U20,22708,Portugal,Youth,1
Monte Roraima U20,1217735,Monte Roraima RR,Youth,1
Juventus SP U20,265459,CA Juventus SP,Youth,1
Corinthians U20,72016,SC Corinthians SP,Youth,1
Cabofriense U20,307394,AD Cabofriense RJ,Youth,1
America MG U20,72012,America FC MG,Youth,1
Mazagao AC U20,1217721,Mazagao AC AP,Youth,1
Fluminense U20,210330,Fluminense FC RJ,Youth,1
Olaria RJ U20,327351,Olaria AC RJ,Youth,1
Ibrachina U20,812324,Ibrachina FC SP,Youth,1
Uniao Suzano U20,618830,Uniao Suzano AC SP,Youth,1
AE Jataiense U20,835290,Jataiense GO,Youth,1
Mirassol U20,397656,Mirassol FC SP,Youth,1
Botafogo U20,210350,Botafogo FR RJ,Youth,1
Santo Andre U20,230956,EC Santo Andre SP,Youth,1
Sao Goncalo U20,327337,Sao Goncalo EC RJ,Youth,1
Cerrado U20,777292,Cerrado EC GO,Youth,1
Gremio Anapolis U20,555636,GE Anapolis GO,Youth,1
Azuriz U20,1217665,Azuriz FC PR,Youth,1
Atletico Goianiense U20,300616,AC Goianiense GO,Youth,1
Trindade U20,397768,Trindade AC GO,Youth,1
Bragantino U20,263659,Red Bull Bragantino SP,Youth,1
Bahia U20,41824,EC Bahia BA,Youth,1
Desportivo Brasil U20,137260,Desportivo Brasil SP,Youth,1
Perolas Negras U20,445265,Perolas Negras RJ,Youth,1
Comercial FC Tiete U20,892255,Comercial FC Tiete SP,Youth,1
EC Juventude U20,265479,EC Juventude RS,Youth,1
Atletico Mineiro U20,210354,Atletico Mineiro MG,Youth,1
EC Sao Bernardo U20,429855,EC Sao Bernardo SP,Youth,1
Santa Cruz PE U20,287759,Santa Cruz FC PE,Youth,1
Internacional U20,238128,SC Internacional RS,Youth,1
Czechia U20,22678,Czechia,Youth,1
Germany U20,22473,Germany,Youth,1
Nacional SP U20,263657,Nacional AC SP,Youth,1
Cruzeiro PB U20,1028729,Cruzeiro EC PB,Youth,1
Capivariano U20,265451,Capivariano FC SP,Youth,1
Ponte Preta U20,210352,AA Ponte Preta SP,Youth,1
Guanabara City U20,895413,Guanabara City FC GO,Youth,1
Quixada FC U20,1252643,Quixada FC CE,Youth,1
Itapirense U20,397718,SE Itapirense SP,Youth,1
Sfera FC U20,1090843,Sfera FC SP,Youth,1
Canaa EC U20,1090887,Canaa EC DF,Youth,1
Ferroviario U20,594866,Ferroviario AC CE,Youth,1
Inter De Minas U20,796772,Inter de Minas MG,Youth,1
Sao Carlos U20,334241,Sao Carlos FC SP,Youth,1
Vasco Da Gama U20,218192,CR Vasco da Gama RJ,Youth,1
Agua Santa U20,334245,EC Agua Santa SP,Youth,1
Guarani U20,265465,Guarani FC SP,Youth,1
Cuiaba U20,529507,Cuiaba EC MT,Youth,1
Fortaleza U20,299172,Fortaleza EC CE,Youth,1
Goianesia U20,555626,Goianesia EC GO,Youth,1
Floresta U20,594868,Floresta EC CE,Youth,1
Athletico Paranaense U20,177962,CA Paranaense PR,Youth,1
Royal U20,894827,Royal GO,Youth,1
Taubate U20,334243,EC Taubate SP,Youth,1
Sport Recife U20,210342,SC Recife PE,Youth,1
Avai U20,227056,Avai FC SC,Youth,1
Tanabi U20,665349,Tanabi EC SP,Youth,1
Santos U20,210344,Santos FC SP,Youth,1
Operario PR U20,665385,Operario Ferroviario EC PR,Youth,1
Petrolina PE U20,352078,Petrolina SFC PE,Youth,1
CA Votuporanguense U20,334221,Votuporanguense SP,Youth,1
Duque de Caxias U20,327329,Duque de Caxias FC RJ,Youth,1
Petropolis U20,1177161,Petropolis FC RJ,Youth,1
Costa Rica U20,7547,Costa Rica,Youth,1
Guaratingueta U20,263661,AC Guaratingueta SP,Youth,1
Falcon FC U20,826584,Falcon SE,Youth,1
Uniao Araguainense U20,855659,Uniao Araguainense TO,Youth,1
Carajas EC U20,529541,Carajas EC PA,Youth,1
Capitao Poco EC U20,1217703,Capitao Poco PA,Youth,1
Operario MS U20,1217719,Operario AC MS,Youth,1
Hercilio Luz U20,836542,Hercilio Luz FC SC,Youth,1
Imperatriz U20,299184,SD Imperatriz MA,Youth,1
Referencia U20,1118539,Referencia FC SP,Youth,1
Comercial SP U20,334223,Comercial FC RP SP,Youth,1
Dourados U20,1217729,Dourados AC MS,Youth,1
Portuguesa Desportos U20,265463,Associacao Portuguesa de Desportos SP,Youth,1
Gazin Porto Velho U20,973337,Porto Velho EC RO,Youth,1
Audax RJ U20,327343,Audax Rio EC RJ,Youth,1
Ibis SC U20,824818,Ibis PE,Youth,1
Aster Itaqua U20,1090871,Aster Brasil SC SP,Youth,1
Tupa U20,397662,Tupa FC SP,Youth,1
Neom SC U21,1282229,Neom SC U21,Youth,1
Al Okhdood U21,1282217,AL Okhdood U21,Youth,1
North Macedonia U21,6028,North Macedonia,Youth,1
Santos Laguna U21,1269258,Santos Laguna,Youth,1
ADO Den Haag U21,802510,ADO Den Haag,Youth,1
FC Groningen U21,802514,FC Groningen,Youth,1
Netherlands U21,5024,Netherlands,Youth,1
Mazatlan FC U21,1269054,Mazatlan FC,Youth,1
Aston Villa U21,36541,Aston Villa FC,Youth,1
Uzbekistan U23,43399,Uzbekistan,Youth,1
Uzbekistan U21,43399,Uzbekistan,Youth,1
Juarez FC U21,1269046,FC Juarez,Youth,1
Cruz Azul U21,1269044,Cruz Azul,Youth,1
Go Ahead Eagles U21,802544,GO Ahead Eagles,Youth,1
Huddersfield U21,218552,Huddersfield Town,Youth,1
Moldova U21,6042,Moldova,Youth,1
Romania U21,6048,Romania,Youth,1
Denmark U21,6023,Denmark,Youth,1
Vitesse U21,802534,Vitesse,Youth,1
Belarus U21,6374,Belarus,Youth,1
Armenia U21,6018,Armenia,Youth,1
Croatia U21,6370,Croatia,Youth,1
Hungary U21,6030,Hungary,Youth,1
Belgium U21,4877,Belgium,Youth,1
Albania U21,4878,Albania,Youth,1
Al Adalah U21,1282227,AL Adalah U21,Youth,1
Poland U21,4889,Poland,Youth,1
France U21,5936,France,Youth,1
Norway U21,6044,Norway,Youth,1
Serbia U21,6372,Serbia,Youth,1
Puebla U21,1268756,Puebla,Youth,1
Necaxa U21,1269056,Necaxa,Youth,1
Club America U21,1269038,Club America,Youth,1
PEC Zwolle U21,802528,PEC Zwolle,Youth,1
Brentford U21,959123,Brentford,Youth,1
Peterborough U21,664083,Peterborough United,Youth,1
Millwall U21,552679,Millwall,Youth,1
Barnsley U21,390434,Barnsley FC,Youth,1
West Ham U21,36552,West Ham United FC,Youth,1
Coventry U21,618572,Coventry City,Youth,1
Swansea U21,54369,Swansea City,Youth,1
Man City U21,36544,Manchester City FC,Youth,1
Stoke U21,36549,Stoke City,Youth,1
Wigan U21,36542,Wigan Athletic,Youth,1
Cambuur Leeuwarden U21,736087,SC Cambuur,Youth,1
Fleetwood Town U21,678191,Fleetwood Town,Youth,1
Bristol City U21,297884,Bristol City,Youth,1
Al Jabalain U21,1282207,AL Jabalain FC U21,Youth,1
Al Ittihad Jeddah U21,393202,AL Ittihad Jeddah,Youth,1
Crystal Palace U21,77869,Crystal Palace FC,Youth,1
Colchester U21,323413,Colchester United,Youth,1
Burnley U21,36550,Burnley FC,Youth,1
Everton U21,36553,FC Everton,Youth,1
Watford U21,77863,Watford FC,Youth,1
Liverpool U21,36556,Liverpool FC,Youth,1
Ipswich U21,397536,Ipswich Town,Youth,1
Cardiff U21,397528,Cardiff City,Youth,1
Al Ahli Jeddah U21,379558,AL Ahli Jeddah,Youth,1
Leicester U21,110507,Leicester City,Youth,1
Willem II U21,802536,Willem II Tilburg,Youth,1
Al Taawon Buraidah U21,1282225,AL Taawoun U21,Youth,1
Fulham U21,36548,Fulham FC,Youth,1
Sheff Utd U21,218350,Sheffield United,Youth,1
Tottenham U21,77865,Tottenham Hotspur FC,Youth,1
Charlton U21,397540,Charlton Athletic,Youth,1
West Brom U21,43510,West Bromwich Albion,Youth,1
Al Shabab Riyadh U21,1282213,AL Shabab Riyadh U21,Youth,1
Atletico San Luis U21,1269040,Atletico San Luis,Youth,1
Bournemouth U21,1042583,Bournemouth,Youth,1
Tigres UANL U21,1270666,Tigres UANL,Youth,1
Sunderland U21,36546,Sunderland,Youth,1
Rochdale,103,Rochdale AFC,Youth,1
Middlesbrough U21,37483,Middlesbrough FC,Youth,1
Pachuca U21,1269058,Pachuca,Youth,1
Chelsea U21,36539,Chelsea FC,Youth,1
Southampton U21,77871,Southampton FC,Youth,1
Birmingham U21,36555,Birmingham City,Youth,1
Arsenal U21,36554,Arsenal FC,Youth,1
Monterrey U21,1269458,CF Monterrey,Youth,1
Atlas U21,1268758,Atlas FC,Youth,1
Blackburn U21,36543,Blackburn Rovers,Youth,1
Al-Bukayriyah FC U21,1282205,AL Bukiryah U21,Youth,1
Leeds U21,217974,Leeds United,Youth,1
Nottm Forest U21,397522,Nottingham Forest FC,Youth,1
Wolverhampton U21,36551,Wolverhampton Wanderers FC,Youth,1
Norwich U21,54367,Norwich City FC,Youth,1
Hull U21,36540,Hull City,Youth,1
Al Hazm U21,1282215,AL Hazem U21,Youth,1
Al Raed U21,1282201,AL Raed FC U21,Youth,1
Al Najma U21,1282199,AL Najma SC U21,Youth,1
De Graafschap U21,802524,de Graafschap,Youth,1
Al-Nassr Riyadh U21,379554,AL Nassr,Youth,1
Al Riyadh U21,1282221,AL Riyadh SC U21,Youth,1
Vietnam U22,73290,Vietnam,Youth,1
La Fiorita,37860,SP La Fiorita,Youth,1
Kyrgyzstan U23,49059,Kyrgyzstan,Youth,1
Indonesia U23,49050,Indonesia,Youth,1
Australia U23,49021,Australia,Youth,1
Thailand U23,49102,Thailand,Youth,1
Estrela Amadora U23,926675,Estrela Amadora,Youth,1
Academico Viseu U23,1032455,Academico Viseu,Youth,1
Portimonense U23,452097,Portimonense,Youth,1
Santa Clara U23,1032457,Santa Clara,Youth,1
Torreense U23,1032453,Torreense,Youth,1
CD Mafra U23,926673,CD Mafra,Youth,1
Rio Ave U23,452101,Rio Ave,Youth,1
Gil Vicente U23,452133,Gil Vicente FC,Youth,1
Leixoes U23,452123,Leixoes SC,Youth,1
Benfica U23,452087,SL Benfica,Youth,1
Vizela U23,823542,FC Vizela,Youth,1
Famalicao U23,452125,FC Famalicao,Youth,1
Sporting U23,476168,Sporting CP,Youth,1
Estoril U23,476164,Estoril Praia,Youth,1
Braga U23,452091,Sporting Braga,Youth,1
Legnago Salus,117262,Legnago Salus,Youth,1
SC Farense U23,823544,SC Farense,Youth,1
Renate,36586,AC Renate,Youth,1
Sorrento,7937,ASD Sorrento 1945,Youth,1
GIANA Erminio,117232,AS Giana Erminio,Youth,1
US Pianese,117356,US Pianese,Youth,1
UD Leiria U23,1274228,UD Leiria U23,Youth,1
Maritimo U23,452105,Maritimo Madeira,Youth,1
Netherlands U23,640510,Netherlands,Youth,1
Mexico U23 (W),1298630,Mexico U23,Youth-Women,1
Germany U23 (W),36503,Germany,Youth-Women,1
England U23 (W),36507,England,Youth-Women,1
Sweden U23 (W),36505,Sweden,Youth-Women,1
Ituano,2025,Ituano FC SP,,1
Mixto,34005,Mixto EC MT,,1
Murdoch University Melville FC (W),684593,Murdoch University Melville FC,Women,1
Universidad de Concepcion (W),684125,Universidad de Concepcion,Women,1
K Olsa Brakel,371150,Olsa Brakel,,1
Liaoning Shenbei Hefeng (W),380902,Liaoning Shenbei Hefeng,Women,1
Hapoel Katamon Jerusalem (W),765622,Hapoel Katamon Jerusalem,Women,1
Atletic Olimpia Gherla (W),511938,Atletic Olimpia Gherla,Women,1
Montevideo City Torque (W),1005845,Montevideo City Torque,Women,1
North Carolina Courage (W),912015,North Carolina Courage,Women,1
First Vienna FC 1894 (W),741687,First Vienna FC 1894,Women,1
FC Pinzgau Saalfelden (W),52803,FC Pinzgau Saalfelden,Women,1
Universidad Catolica (W),684115,Universidad Catolica,Women,1
Rekord Bielsko-Biala (W),370106,Rekord Bielsko-Biala,Women,1
Viamaterasu Miyazaki (W),858229,Viamaterasu Miyazaki,Women,1
Okayama Yunogo Belle (W),249405,Okayama Yunogo Belle,Women,1
CS Gloria 2018 Bistrita-Nasaud Women,934311,CS Gloria 2018 Bistrita-Nasaud,Women,1
Montevideo Wanderers (W),920005,Montevideo Wanderers,Women,1
Racing Louisville FC (W),781492,Racing Louisville FC,Women,1
North Lakes United (W),982191,North Lakes United,Women,1
Illawarra Stingrays (W),568243,Illawarra Stingrays,Women,1
Gladesville Ravens (W),771206,Gladesville Ravens,Women,1
Gold Coast Knights (W),989667,Gold Coast Knights,Women,1
Meninas de Jaragua (W),1185681,Meninas de Jaragua,Women,1
Tallinna FC Ararat (W),1031531,Tallinna FC Ararat,Women,1
Throttur Reykjavik (W),48027,Throttur Reykjavik,Women,1
Urawa Red Diamonds (W),249389,Urawa Red Diamonds,Women,1
Czarni Sosnowiec II (W),1078430,Czarni Sosnowiec II,Women,1
IBV Vestmannaeyjar (W),48026,IBV Vestmannaeyjar,Women,1
Patuxent Football Athletics Women,912009,Patuxent Football Athletics,Women,1
Fremantle City FC (W),434266,Fremantle City FC,Women,1
Boroondara Eagles (W),349638,Boroondara Eagles,Women,1
Sydney Olympic FC (W),560966,Sydney Olympic FC,Women,1
Bulls FC Academy (W),771204,Bulls FC Academy,Women,1
Perth Redstar FC (W),728805,Perth Redstar FC,Women,1
Western Sydney Wanderers (W) B,174108,Western Sydney Wanderers,Youth-Women,1
Wacker Innsbruck (W),2088,Wacker Innsbruck,Women,1
Minas Brasilia DF (W),440786,Minas Brasilia DF,Women,1
Deportes Iquique (W),684101,Deportes Iquique,Women,1
Zhejiang Hangzhou (W),380910,Zhejiang Hangzhou,Women,1
Shanghai Shengli (W),739537,Shanghai Shengli,Women,1
FC Nordsjaelland (W),460433,FC Nordsjaelland,Women,1
JK Tallinna Kalev (W),365946,JK Tallinna Kalev,Women,1
JK Tammeka Tartu (W),153480,Tartu JK Tammeka,Women,1
Borussia Dortmund (W),1222219,Borussia Dortmund,Women,1
Fylkir Reykjavik (W),48017,Fylkir Reykjavik,Women,1
Czarni Sosnowiec (W),278881,Czarni Sosnowiec,Women,1
AS Harima Albion (W),371240,AS Harima Albion,Women,1
Orca Kamogawa FC (W),340522,Orca Kamogawa FC,Women,1
Eastern Suburbs Auckland (W),346346,Eastern Suburbs Auckland AFC,Women,1
Sportivo Luqueno (W),585621,Sportivo Luqueno,Women,1
Slovan Bratislava (W),43364,Slovan Bratislava,Women,1
Partizan Bardejov (W),368390,Partizan Bardejov,Women,1
Atletico Madrid (W) B,384684,Atletico Madrid B,Women,1
Fatih Vatan Spor (W),391992,Fatih Vatan Spor,Women,1
Liverpool Montevideo (W),839680,Liverpool FC Montevideo,Women,1
Long Island Rough Riders Women,447519,Long Island Rough Riders,Women,1
Kings Hammer FC Sun City Women,1232569,Kings Hammer FC Sun City,Women,1
Independente Atalaia (W),1280241,Independente Atalaia AL,Women,1
Central Football (W),513404,Central Football,Women,1
San Antonio Athenians SC Women,370946,San Antonio Athenians SC,Women,1
Macarthur Rams (W),551809,Macarthur Rams,Women,1
West Torrens Birkalla Women,872851,West Torrens Birkalla,Women,1
FC Pinzgau Saalfelden Women,52803,FC Pinzgau Saalfelden,Women,1
Union Espanola (W),381952,Union Espanola,Women,1
Omonia Nicosia (W),388386,Omonia Nicosia,Women,1
Sparta Prague (W),1001843,Sparta Prague B,Women,1
B93 Copenhagen (W),377430,B93 Copenhagen,Women,1
AO Acharnaikos (W),1113455,AO Acharnaikos,Women,1
Spartak Myjava (W),37112,Spartak Myjava,Women,1
Atletico Madrid (W),77879,Atletico Madrid,Women,1
Pogon Szczecin (W),919575,Pogon Szczecin,Women,1
Iga FC Kunoichi (W),249399,Iga FC Kunoichi,Women,1
Lisburn Rangers (W),805844,Lisburn Rangers,Women,1
CA Bella Vista (W),1248395,CA Bella Vista,Women,1
Carolina Ascent (W),1108137,Carolina Ascent,Women,1
Pittsburgh Riveters SC Women,1232505,Pittsburgh Riveters SC,Women,1
San Francisco Glens SC Women,991807,San Francisco Glens SC,Women,1
Chinese Taipei (W),39990,Chinese Taipei,Women,1
West Seattle Rhodies FC Women,1232581,West Seattle Rhodies FC,Women,1
Hudson Valley Crusaders Women,1232563,Hudson Valley Crusaders,Women,1
Sunshine Coast Wanderers (W),342730,Sunshine Coast Wanderers FC,Women,1
West Adelaide (W),417823,West Adelaide,Women,1
Preston Lions (W),349654,Preston Lions,Women,1
SK Sturm Graz (W),278361,SK Sturm Graz,Women,1
Marcilio Dias (W),1183519,Marcilio Dias,Women,1
Slavia Prague (W),38331,Slavia Prague,Women,1
Banik Ostrava (W),44175,Banik Ostrava,Women,1
Saku Sporting (W),372104,Saku Sporting,Women,1
Bayern Munich (W),5543,Bayern Munich,Women,1
Orlando Pride (W),245093,Orlando Pride,Women,1
Sleza Wroclaw (W),653287,Sleza Wroclaw,Women,1
AZS UJ Krakow (W),279119,AZS UJ Krakow,Women,1
Real Madrid (W) B,835128,Real Madrid B,Women,1
Beylerbeyi SK (W),1041423,Beylerbeyi SK,Women,1
Angel City FC (W),874721,Angel City FC,Women,1
Northern Virginia FC Women,912007,Northern Virginia FC,Women,1
Litoral Norte (W),1275236,Litoral Norte,Women,1
Otago University AFC Women,585369,Otago University AFC,Women,1
Birmingham Legion FC Women,991813,Birmingham Legion FC,Women,1
Gold Coast Knights Women,989667,Gold Coast Knights,Women,1
Adelaide University Women,270761,Adelaide University,Women,1
Sydney University (W),462875,Sydney University SFC,Women,1
Western Sydney Wanderers Women B,174108,Western Sydney Wanderers,Youth-Women,1
South Melbourne (W),311842,South Melbourne FC,Women,1
Brasil de Farroupilha (W),466859,Brasil de Farroupilha RS,Women,1
Rio Negro RR (W),1242897,Rio Negro RR,Women,1
CS Herediano (W),684239,CS Herediano,Women,1
NK Medimurje Cakovec (W),792872,Ns Medimurje Cakovec,Women,1
Lakatamia FC (W),627590,Lakatamia FC,Women,1
Viktoria Plzen (W),44172,FC Viktoria Plzen,Women,1
Prague Raptors (W),1274224,FC Prague Raptors,Women,1
Hradec Kralove (W),44174,FC Hradec Kralove,Women,1
Dragonas IDV (W),793394,Dragonas IDV,Women,1
FC Flora Tallinn (W),260875,Tallinna FC Flora,Women,1
PK-35 Vantaa (W),53385,PK-35 Vantaa,Women,1
Vikingur Reykjavik Women,48021,Vikingur Reykjavik,Women,1
KR Reykjavik (W),38159,KR Reykjavik,Women,1
IR Reykjavik (W),48031,IR Reykjavik,Women,1
HK Kopavogur (W),671243,HK Kopavogur,Women,1
South Africa (W),65336,South Africa,Women,1
GKS Katowice (W),368678,GKS Katowice,Women,1
Club America (W),340986,Club America,Women,1
Club Olimpia (W),585603,Club Olimpia,Women,1
Stomilanki Olsztyn (W),453513,KKP Stomilanki Olsztyn,Women,1
Sligo Rovers (W),869181,Sligo Rovers,Women,1
Shamrock Rovers (W),993177,Shamrock Rovers FC,Women,1
Waterford FC (W),1217791,Waterford FC,Women,1
Viamaterras Miyazaki (W),858229,Viamaterasu Miyazaki,Women,1
FC Groningen (W),1300190,FC Groningen,Women,1
Club Guarani (W),585607,Club Guarani,Women,1
FC Schlieren (W),684335,FC Schlieren,Women,1
Lexington SC (W),991815,Lexington SC,Women,1
Houston Dash (W),151006,Houston Dash,Women,1
Portland Thorns (W),151008,Portland Thorns FC,Women,1
Chicago Dutch Lions Women,796840,Chicago Dutch Lions,Women,1
Briton Ferry (W),130034,Briton Ferry,Women,1
The New Saints (W),4921,The New Saints FC,Women,1
Meninas de Jaragua Women,1185681,Meninas de Jaragua,Women,1
SC Camacariense (W),1275228,SC Camacariense BA,Women,1
Sao Raimundo RR (W),552269,Sao Raimundo EC RR,Women,1
IBV Vestmannaeyjar Women,48026,IBV Vestmannaeyjar,Women,1
Greenville Liberty Women,912013,Greenville Liberty,Women,1
Erie Sports Center Women,1232497,Erie Sports Center,Women,1
Flinders United Women,982893,Flinders United Wfc,Women,1
Balcatta FC (W),339345,Balcatta FC,Women,1
SV Neulengbach (W),37190,USV Neulengbach,Women,1
Fluminense RJ (W),552281,Fluminense FC RJ,Women,1
Sporting FC (W),684489,Sporting FC,Women,1
JK Tabasalu (W),725353,JK Tabasalu,Women,1
FC Cologne (W),278255,1 FC Cologne,Women,1
FC Ingolstadt (W),597042,FC Ingolstadt 04,Women,1
Grindavik/Njardvik (W),1226277,Grindavik/Njarovik,Women,1
Netherlands (W),32484,Netherlands,Women,1
El Salvador (W),132932,El Salvador,Women,1
Fyllingsdalen (W),250577,FK Fyllingsdalen,Women,1
Medyk Konin (W),168060,Medyk Konin,Women,1
KFC Komarno (W),1154045,KFC Komarno,Women,1
Dukla Banska Bystrica Women,375374,MFK Dukla Banska Bystrica,Women,1
Washington Spirit Women,151012,Washington Spirit,Women,1
Seattle Reign (W),151010,Seattle Reign FC,Women,1
Lancaster Inferno Women,457093,Lancaster Inferno,Women,1
Unia Lublin (W),1193621,Unia Lublin,Women,1
Brunswick Juventus (W),792948,Brunswick Juventus FC,Women,1
Flamengo Sao Pedro (W),846010,Flamengo Sao Pedro RS,Women,1
Deportivo Ibarra Women,798628,Deportivo Ibarra,Women,1
FC Viktoria 89 Berlin (W),108687,Viktoria 89 Berlin,Women,1
Fylkir Reykjavik Women,48017,Fylkir Reykjavik,Women,1
FH Hafnarfjordur Women,48023,FH Hafnarfjordur,Women,1
Maccabi Panthers Ashdod (W),1117403,Maccabi Panterot Ashdod,Women,1
Crusaders Strikers (W),38355,Crusaders Strikers FC,Women,1
Boroughmuir Thistle (W),575593,Boroughmuir Thistle FC,Women,1
Atletico Madrid (W) C,384684,Atletico Madrid B,Women,1
One Knoxville SC Women,1232597,One Knoxville SC,Women,1
Campbelltown City (W),399513,Campbelltown City SC,Women,1
Alamein FC (W),342702,Alamein FC,Women,1
Kolding IF (W),278019,Kolding IF,Women,1
Worthing (W),850609,Worthing Wfc,Women,1
Aland United (W),44231,Aaland United,Women,1
Saint Malo (W),561528,Saint Malo,Women,1
Valur Reykjavik Women,37184,Valur Reykjavik,Women,1
IH Hafnarfjordur (W),876625,Ih Hafnarfjordur,Women,1
KT Reykjavik (W),1226279,KTH Reykjavik,Women,1
Bangladesh (W),243950,Bangladesh,Women,1
Uzbekistan (W),132956,Uzbekistan,Women,1
General Caballero JLM (W),879051,General Caballero Jlm,Women,1
Sportowa Czworka Radom (W),368690,Luks Sportowa Czworka Radom,Women,1
LZS Stare Oborzyska (W),1105893,KS Stare Oborzyska,Women,1
AS Trencin (W),581587,AS Trencin,Women,1
Athletic Bilbao (W) C,77877,Athletic Bilbao,Women,1
Athletic Bilbao (W) B,77877,Athletic Bilbao,Women,1
Barcelona C (W),396558,FC Barcelona B,Women,1
Athletic Bilbao B (W),77877,Athletic Bilbao,Women,1
Athletic Bilbao C (W),77877,Athletic Bilbao,Women,1
Trabzonspor (W),36703,Trabzonspor AS,Women,1
CS Cerrito (W),1248397,CS Cerrito,Women,1
Fort Lauderdale Utd (W),1166965,Fort Lauderdale United FC,Women,1
Utah Royals (W),417001,Utah Royals FC,Women,1
Chattanooga Red Wolves Women,796998,Chattanooga Red Wolves SC,Women,1
Pleasanton Rage Women,437226,Pleasanton Rage,Women,1
Brooke House FC Women,1108149,Brooke House FC,Women,1
RKC Third Coast Women,991787,RKC Third Coast,Women,1
Lincoln United Women,494146,Abingdon United Women,Women,1
Seychelles (W),877095,Seychelles,Women,1
Morris Elite SC Women,911995,Morris Elite SC,Women,1
Connecticut (W),911987,AC Connecticut,Women,1
Talleres Cordoba Women,874677,CA Talleres de Cordoba,Women,1
Real Brasilia FC (W),682335,Real Brasilia FC DF,Women,1
Atletico Mineiro (W),552277,Atletico Mineiro MG,Women,1
Palestino (W),684119,Palestino,Women,1
Colo Colo (W),381958,Colo Colo,Women,1
FC Prague (W),1001839,FC Prague,Women,1
B93 Copenhagen Women,377430,B93 Copenhagen,Women,1
Universidad Catolica del Ecuador (W),1010963,Universidad Catolica Del Ecuador,Women,1
Middlesbrough (W),529753,Middlesbrough Lfc,Women,1
Viimsi JK (W),916443,Viimsi JK,Women,1
Hong Kong (W),839662,Hong Kong,Women,1
Gotham FC (W),34718,Gotham FC,Women,1
Australia (W),7410,Australia,Women,1
DLR Waves (W),290044,DLR Waves,Women,1
Alhama CF (W),616674,Alhama CF,Women,1
Como 1907 (W),1278117,Como 1907,Women,1
Viking FK (W),810932,Viking FK,Women,1
UKS Staszkowka Jelna (W),646480,Uks Staszkowka Jelna,Women,1
CE Europa (W),384670,CE Europa,Women,1
Lane United FC Women,991791,Lane United FC,Women,1
AC Connecticut Women,911987,AC Connecticut,Women,1
Operario FC MS Women,906171,Operario FC MS,Women,1
Bournemouth Sports (W),498082,Bournemouth Sports Lfc,Women,1
Haugesund (W),889657,Haugesund,Women,1
OC Sporting FC Women,1244501,OC Sporting FC,Women,1
Colorado Storm Women,1108171,Colorado Storm,Women,1
FC Birmingham Women,991813,Birmingham Legion FC,Women,1
Brevard Riptide Women,1108147,Brevard SC Riptide,Women,1
Talleres Cordoba (W),874677,CA Talleres de Cordoba,Women,1
Adelaide Comets (W),538647,Adelaide Comets FC,Women,1
Northern Tigers FC (W),739729,Northern Tigers,Women,1
Adelaide City Women,417821,Adelaide City,Women,1
NWS Spirit (W),562616,NWS Spirit FC,Women,1
Essendon Royals (W),327455,Essendon Royals SC,Women,1
SCU Torreense Women,522392,SCU Torreense,Women,1
EC Vitoria (W),321493,EC Vitoria BA,Women,1
CE Juventude Estancia (W),1211313,CE Juventude de Estancia SE,Women,1
Osterbro IF (W),384424,Oesterbro IF,Women,1
Loughborough Lightning (W),850617,Loughborough Lightning Women,Women,1
Leafield Athletic (W),498150,Leafield Athletic Lfc,Women,1
Southampton WFC Women,501682,Southampton Womens FC,Women,1
Thonon Evian FC (W),666937,Thonon Evian GG FC,Women,1
Budapest Honved (W),1160939,Budapest Honved FC,Women,1
Grindavik/Njardvik Women,1226277,Grindavik/Njarovik,Women,1
Inter Milan (W),2697,Inter Milano,Women,1
Villarreal (W),384698,Villarreal CF,Women,1
Auckland United (W),730045,Auckland United FC,Women,1
Valadares Gaia FC Women B,374802,Valadares Gaia FC,Youth-Women,1
Salmon Bay FC Women,1232579,Salmon Bay FC,Women,1
FC Miami City Women,912027,FC Miami City,Women,1
Tacoma Galaxy Women,1108163,Tacoma Galaxy,Women,1
Barcelona de Ilheus (W),1167295,Barcelona Ilheus BA,Women,1
Dalvik/Reynir Women,1107853,Dalvik/Reynir,Women,1
AFC Ann Arbor Women,702043,AFC Ann Arbor,Women,1
Perolas Negras (W),773332,Perolas Negras RJ,Women,1
FC Porto (W),1180621,FC Porto,Women,1
Sparta Prague II (W),1001843,Sparta Prague B,Youth-Women,1
Pardubice (W),44176,FK Pardubice,Women,1
Boldmere St Michaels (W),761858,Boldmere St Michaels Women,Women,1
Hong Kong FC Women,132936,Hong Kong FC,Women,1
HK Kopavogur Women,671243,HK Kopavogur,Women,1
Stjarnan (W),48019,Stjarnan,Women,1
Tanzania (W),4835,Tanzania,Women,1
Malaysia (W),203117,Malaysia,Women,1
Slovakia (W),38101,Slovakia,Women,1
Scotland (W),37372,Scotland,Women,1
SK Brann (W),743,SK Brann,Women,1
Colombia (W),46631,Colombia,Women,1
Paraguay (W),603278,Paraguay,Women,1
Waterford FC Women,1217791,Waterford FC,Women,1
Maccabi Tel Aviv (W),43363,Maccabi Tel Aviv WFC,Women,1
Loveledge Nagoya (W),522242,NGU Loveledge Nagoya,Women,1
FC Osaka Speranza (W),249401,Speranza Osaka,Women,1
Cashmere Technical Women,595238,Cashmere Technical FC,Women,1
Bodo/Glimt (W),1096485,Bodoe/Glimt,Women,1
IK Start (W),993047,IK Start,Women,1
Besiktas (W),340488,Besiktas,Women,1
Dallas Trinity (W),1166961,Dallas Trinity FC,Women,1
San Diego Wave (W),874723,San Diego Wave FC,Women,1
Olympic Club Women,991803,Olympic Club,Women,1
Kalamazoo FC Women,912035,Kalamazoo FC,Women,1
Tennessee SC Women,912021,Tennessee SC,Women,1
Oakland Soul Women,912047,Oakland Soul,Women,1
Virginia Marauders Women,991817,Virginia Marauders FC,Women,1
Manhattan SC Women,911993,Manhattan SC,Women,1
Rio Negro RR Women,1242897,Rio Negro RR,Women,1
DR Congo (W),559066,Congo DR,Women,1
Cameroon (W),4751,Cameroon,Women,1
Zimbabwe (W),4719,Zimbabwe,Women,1
China PR (W),7413,China PR,Women,1
ASD Res Roma,388808,Res Roma,Women,1
Rochester FC Women,991785,Rochester FC,Women,1
Academica SC Women,991809,Academica SC,Women,1
Dayton Dutch Lions FC Women,370972,Dayton Dutch Lions,Women,1
Balcatta FC Women,339345,Balcatta FC,Women,1
Gold Coast United Women,406875,Gold Coast United FC,Women,1
Brisbane City (W),686279,Brisbane City FC,Women,1
3B Sport AM Women,435218,3B Sport AM,Women,1
JuveForce Ponte de Vagos (W),951073,Juveforce Adc Ponte Vagos,Women,1
Sigma Olomouc (W),1001841,SK Olomouc Sigma,Women,1
Oxford Utd (W),372796,Oxford Utd LFC,Women,1
FC Treaty United (W),682551,Treaty United,Women,1
Shelbourne (W),105949,Shelbourne LFC,Women,1
Tampa Bay Sun (W),1166969,Tampa Bay Sun FC,Women,1
California Storm Women,1139837,California Storm Uslw,Women,1
Indy Eleven Women,912033,Indy Eleven,Women,1
North Carolina College (W),912015,North Carolina Courage,Women,1
Bilzen United (W),1068276,Dv Bilzen United,Women,1
Puerto Rico Women,243642,Puerto Rico,Women,1
San Juan SC Women,1232575,San Juan SC,Women,1
Lonestar SC Women,370944,Lonestar SC,Women,1
Eastern Suburbs NPL (W),342742,Eastern Suburbs FC,Women,1
Newcastle Jets NPL (W),174102,Newcastle Jets,Women,1
FK Austria Vienna (W),278365,FK Austria Wien,Women,1
Vasco da Gama (W),518550,CR Vasco da Gama RJ,Women,1
Moravia (W),372854,Moravia,Women,1
ZNK Hajduk Split (W),939895,Znk Hajduk Split,Women,1
Hashtag United (W),850605,Hashtag United Wfc,Women,1
Durham Cestria (W),538653,Durham Cestria Lfc,Women,1
Dulwich Hamlet (W),626262,Dulwich Hamlet Lfc,Women,1
FC Elva (W),473597,FC Elva,Women,1
Toulouse (W),78499,Toulouse FC,Women,1
SC Sand (W),36639,SC Sand,Women,1
Keflavik (W),48029,Keflavik IF,Women,1
Senegal (W),414453,Senegal,Women,1
Algeria (W),4691,Algeria,Women,1
Georgia (W),38088,Georgia,Women,1
Austria (W),34014,Austria,Women,1
Croatia (W),38084,Croatia,Women,1
Romania (W),7611,Romania,Women,1
Czechia (W),7752,Czechia,Women,1
Estonia (W),38085,Estonia,Women,1
Ecuador (W),182526,Ecuador,Women,1
Kolbotn (W),739,Kolbotn,Women,1
Venezia (W),1278119,Venezia,Women,1
Sanfrecce Hiroshima (W),806076,Sanfrecce Hiroshima Regina,Women,1
Bornova Hitabspor Women,1182709,Bornova Hitab Spor,Women,1
Minnesota Aurora FC Women,912043,Minnesota Aurora,Women,1
Paisley Athletic Women,991801,Paisley Athletic FC,Women,1
Aberystwyth Women,4905,Aberystwyth Town FC,Women,1
Mixto PB (W),762776,Mixto EC PB,Women,1
Kitchee (W),524834,Kitchee,Women,1
Lesotho (W),8033,Lesotho,Women,1
Ferroviaria Women,263071,Ferroviaria SP,Women,1
CA Piauiense (W),1206351,CA Piauiense PI,Women,1
Prosperidade FC Women,850663,Prosperidade FC ES,Women,1
EC Juventude (W),838430,EC Juventude RS,Women,1
Alajuelense Women,684789,LD Alajuelense,Women,1
Club Nanas Women,643568,Club Nanas,Women,1
Bridgwater United (W),850631,Bridgwater United Women,Women,1
Kyrgyzstan Women,318643,Kyrgyzstan,Women,1
Athlone Town (W),682547,Athlone Town FC,Women,1
Bosnia-Herzegovina (W),38082,Bosnia and Herzegovina,Women,1
Parceiro Nagano Women,249397,AC Nagano Parceiro,Women,1
SV Saestum Women,38352,SV Saestum,Women,1
Farul Constanta Women,934305,FC Farul Constanta,Women,1
Queens Park (W),445395,Queen's Park LFC,Women,1
Madrid CFF (W) B,335007,Madrid CFF,Women,1
Bigfoot FC Women,1232577,Bigfoot FC,Women,1
New Jersey Copa Women,346244,New Jersey Copa FC,Women,1
Canberra United Women,174098,Canberra United FC,Women,1
Sao Raimundo RR Women,552269,Sao Raimundo EC RR,Women,1
Valadares EC (W),1174829,Valadares EC MG,Women,1
Borussia M'gladbach (W),36624,Borussia Monchengladbach,Women,1
FC Rosengard Women,1266744,Riga FC Women,Women,1
San Marino Academy (W),659285,San Marino Academy Calcio,Women,1
FC Buffalo Women,1232499,FC Buffalo,Women,1
FC Olympia Women,991793,FC Olympia,Women,1
Sydney Olympic Women,560966,Sydney Olympic FC,Women,1
Realidade Jovem Women,749353,AE Realidade Jovem SP,Women,1
Keynsham Town (W),502708,Keynsham Town LFC,Women,1
Le Mans (W),659773,Le Mans FC,Women,1
Chicago Red Stars (W),34714,Chicago Stars FC,Women,1
Osasuna (W),501506,CA Osasuna,Women,1
Hakkarigucu SK (W),509834,Hakkarigucu Spor,Women,1
Stockton Cargo Women,912045,Stockton Cargo SC,Women,1
Portland Thorns Women II,151008,Portland Thorns FC,Youth-Women,1
FK Teplice (W),44170,FC Teplice,Women,1
Esbjerg fB (W),1274218,Esbjerg FB,Women,1
CD Espuce Women,791868,CD Espuce,Women,1
Sporting Khalsa (W),500626,Sporting Khalsa Women,Women,1
Abingdon United (W),494146,Abingdon United Women,Women,1
Valtti (W),1017465,Valtti,Women,1
Shatin (W),559178,Shatin,Women,1
Grotta (W),305512,Grotta,Women,1
Zambia (W),4720,Zambia,Women,1
Malawi (W),378472,Malawi,Women,1
Serbia (W),38100,Serbia,Women,1
Cyprus (W),144472,Cyprus,Women,1
Glasgow City (W),36720,Glasgow City LFC,Women,1
Brazil (W),7411,Brazil,Women,1
Mexico (W),35317,Mexico,Women,1
Canada (W),7412,Canada,Women,1
Cliftonville (W),399507,Cliftonville LFC,Women,1
Catalonia Women,187305,Catalonia,Women,1
Greece (W),35316,Greece,Women,1
Lumezzane Women,1278115,Lumezzane,Women,1
HamKam (W),993053,HamKam,Women,1
St Johnstone (W),445381,St Johnstone Wfc,Women,1
SKF Zilina (W),375366,MSK Zilina,Women,1
Alhama CF (W) B,616674,Alhama CF,Women,1
CE Europa B (W),384670,CE Europa,Women,1
Giresun Sanayispor (W),1288479,Prolift Giresun Sanayispor,Women,1
Bay FC (W),1100237,Bay FC,Women,1
Gotham FC Women,34718,Gotham FC,Women,1
Cekmekoy Bilgidoga Sportif (W),1185953,Cekmekoy Bilgidoga Sportif,Women,1
Maccabi Kishronot Hadera (W),243954,Maccabi Kishronot Hadera,Women,1
Wellington Phoenix (W),841742,Wellington Phoenix,Women,1
Melbourne Victory (W),174100,Melbourne Victory,Women,1
Asteras Tripolis (W),1054025,Asteras Tripolis,Women,1
Atletico San Luis (W),600138,Atletico San Luis,Women,1
Newcastle Jets (W),174102,Newcastle Jets,Women,1
Standard Liege (W),37201,Standard Liege,Women,1
Crystal Palace (W),290396,Crystal Palace,Women,1
Nees Atromitou (W),1054033,Nees Atromitou,Women,1
Boca Juniors (W),348514,Boca Juniors,Women,1
Central Coast Mariners FC (W),771208,Central Coast Mariners,Women,1
Hamburger SV (W),5548,Hamburger SV,Women,1
Western United FC Women,943721,Western United FC,Women,1
Hapoel Beer Sheva Women,516792,Hapoel Beer Sheva,Women,1
Mazatlan FC (W),334059,Mazatlan FC,Women,1
Perth Glory (W),174104,Perth Glory FC,Women,1
Hapoel Tel Aviv Women,1001265,Hapoel Tel Aviv,Women,1
Unam Pumas (W),334073,Pumas Unam,Women,1
Sydney FC (W),174106,Sydney FC,Women,1
Odysseas Moschatou (W),350238,Odysseas Moschatou WFC,Women,1
Frosinone (W),1278121,Frosinone,Women,1
Lumezzane (W),1278115,Lumezzane,Women,1
Juarez FC (W),600136,FC Juarez,Women,1
Cruz Azul (W),334055,Cruz Azul,Women,1
Petone FC (W),513402,Petone FC,Women,1
AC Taipei (W),1258251,AC Taipei,Women,1
Adelaide United (W),174076,Adelaide United FC,Women,1
Strasbourg (W),659303,RC Strasbourg,Women,1
Melbourne City (W),227542,Melbourne City FC,Women,1
Slovan Liberec II (W),1287115,FC Slovan Liberec B,Women,1
Montpellier (W),36701,Montpellier HSC,Women,1
Paris FC (W),308650,Paris FC,Women,1
Queretaro (W),376768,Queretaro FC,Women,1
Valkyrie (W),1258245,Valkyrie,Women,1
Brisbane Roar (W),174078,Brisbane Roar FC,Women,1
Fiorentina (W),373090,ACF Fiorentina,Women,1
Agia Paraskevi (W),383422,Agia Paraskevi WFC,Women,1
Tenerife (W),218002,CD Tenerife,Women,1
Union Berlin (W),36618,FC Union Berlin,Women,1
Lokomotiva BH Herspice (W),367386,Lokomotiva Brno Horni Herspice,Women,1
Alianca FC (W),552285,Alianca FC GO,Women,1
Nantes (W),518484,FC Nantes,Women,1
Heerenveen (W),178258,SC Heerenveen,Women,1
Tenerife B (W),384694,CD Tenerife B,Women,1
Club Brugge (W),178250,Club Brugge YLA,Women,1
Aston Villa (W),372786,Aston Villa WFC,Women,1
Chivas Guadalajara (W),334071,CD Guadalajara,Women,1
Canberra Utd (W),174098,Canberra United FC,Women,1
Anderlecht (W),178252,RSC Anderlecht,Women,1
Lions FC Women,406873,Queenland Lions FC,Women,1
AE Kifisias (W),1189119,AE Kifisia Wfc,Women,1
Atromitos Women,1054033,Nees Atromitou,Women,1
FC Badalona (W),77893,FC Badalona Women,Women,1
Everton (W),36704,Everton FC,Women,1
Chelsea (W),66768,Chelsea FC,Women,1
Sassuolo (W),377720,Sassuolo Calcio,Women,1
Puebla (W),458511,Club Puebla,Women,1
Leicester (W),438552,Leicester City WFC,Women,1
Kastoria GPO Women,499058,Gpo Kastorias,Women,1
Arsenal (W),26243,Arsenal WFC,Women,1
Volos NFC (W),1286911,Volos Nps,Women,1
FC Como (W),865429,SSD FC Como,Women,1
Anapolina (W),1286323,Anapolina Saf GO,Women,1
ASD Trastevere (W),1276640,Asd Trastevere Calcio,Women,1
HERA United (W),1286969,Hera United,Women,1
Tottenham (W),301890,Tottenham Hotspur FC,Women,1
Durham (W),372790,Durham LFC,Women,1
West Ham (W),499630,West Ham United FC,Women,1
Napoli (W),659283,SSD Napoli,Women,1
Nurnberg (W),164534,1. FC Nuremberg,Women,1
Atlas (W),376766,Atlas FC,Women,1
Leon (W),376764,Club Leon,Women,1
2 de Mayo (W),1122233,Sportivo 2 de Mayo,Women,1
Gimnasia LP (W),616782,Gimnasia Y Esgrima La Plata,Women,1
Telstar Women,178254,SC Telstar VVNH,Women,1
OH Leuven (W),178246,Oud-Heverlee Leuven,Women,1
Blackburn (W),502238,Blackburn Rovers LFC,Women,1
Levante Las Planas Women,77893,FC Badalona Women,Women,1
St Etienne (W),78489,AS Saint-Etienne,Women,1
Belgrano (W),676705,Belgrano de Cordoba,Women,1
Man City (W),142658,Manchester City WFC,Women,1
Necaxa Women,334067,Club Necaxa,Women,1
Taichung Sakura (W),1258249,Taichung Cherry Blossoms,Women,1
Gent (W),178244,KAA Gent,Women,1
Genk (W),218146,KRC Genk,Women,1
NAC (W),1151685,NAC Breda,Women,1
Toluca (W),334057,Deportivo Toluca FC,Women,1
Tijuana (W),334053,Club Tijuana de Caliente,Women,1
Brighton (W),372788,Brighton and Hove Albion WFC,Women,1
Man Utd (W),494374,Manchester United WFC,Women,1
ASA Tel Aviv (W),43363,Maccabi Tel Aviv WFC,Women,1
Reims (W),407587,Stade de Reims,Women,1
Como (W),865429,SSD FC Como,Women,1
Maccabi Holon (W),390666,Hapoel Raanana,Women,1
Taipei Bravo (W),698489,Taipei Xiongzan,Women,1
RFC Seraing,34985,RFC Seraing,Women,1
CS Gloria 2018 Bistrita-Nasaud (W),934311,CS Gloria 2018 Bistrita-Nasaud,Women,1
Social Atletico Television (W),616784,Social Atletico Television,Women,1
CA Talleres de Cordoba (W),874677,CA Talleres de Cordoba,Women,1
Western Sydney Wanderers (W),174108,Western Sydney Wanderers,Women,1
London City Lionesses (W),606004,London City Lionesses,Women,1
Ferro Carril Oeste (W),767004,Ferro Carril Oeste,Women,1
FC Rapperswil-Jona (W),684333,FC Rapperswil-Jona,Women,1
Taichung Blue Whale (W),698247,Taichung Blue Whale,Women,1
Bayer Leverkusen (W),36623,Bayer Leverkusen,Women,1
FH Hafnarfjordur (W),48023,FH Hafnarfjordur,Women,1
Rosario Central (W),560734,Rosario Central,Women,1
Hapoel Raanana (W),390666,Hapoel Raanana,Women,1
Southern United (W),293820,Southern United,Women,1
SK Artis Brno (W),1001835,SK Artis Brno,Women,1
Gornik Leczna (W),260747,Gornik Leczna,Women,1
Trikala 2011 (W),383292,Trikala 2011,Women,1
ADO Den Haag (W),79161,ADO Den Haag,Women,1
Spokane Zephyr (W),1166967,Spokane Zephyr FC,Women,1
Velez Sarsfield (W),934829,Velez Sarfield,Women,1
Racing Club (W),502898,Racing Club,Women,1
1860 Munich,2536,TSV 1860 Munich,Women,1
New Zealand (W),7419,New Zealand,Women,1
Pogon Tczew (W),755451,Pogon Tczew,Women,1
CA Independiente Women,348518,CA Independiente,Women,1
SCR Altach (W),364228,SCR Altach,Women,1
RB Leipzig (W),599780,RB Leipzig,Women,1
AEK Athens (W),1054013,AEK Athens,Women,1
Hapoel Jerusalem Women,765622,Hapoel Katamon Jerusalem,Women,1
Fortuna Sittard Women,918001,Fortuna Sittard,Women,1
Madrid CFF (W),335007,Madrid CFF,Women,1
Francs Borains,280181,Royal Francs Borains,Women,1
Portsmouth (W),520172,Portsmouth FC,Women,1
Carl Zeiss Jena (W),23954,FC Carl Zeiss Jena,Women,1
Unirea Alba Iulia (W),1049457,Csm Unirea Alba Iulia,Women,1
River Plate (W),348522,CA River Plate (ARG),Women,1
Brisbane City Women,686279,Brisbane City FC,Women,1
Realidade Jovem (W),749353,AE Realidade Jovem SP,Women,1
AC Milan (W),502832,AC Milan,Women,1
Atletico Alagoinhas (W),1035593,Atletico de Alagoinhas BA,Women,1
Sunderland (W),196456,Sunderland AFC,Women,1
Deportivo La Coruna (W),355084,RC Deportivo De La Coruna,Women,1
Hapoel Petah Tikva Women,243956,Hapoel Petach-Tikva,Women,1
Motherwell (W),445391,Motherwell LFC,Women,1
Platense (W),348520,CA Platense,Women,1
Fortuna Hjørring (W),1367,Dbk Fortuna Hjoerring,Women,1
Guingamp (W),78501,EA Guingamp,Women,1
Le Havre (W),561522,Le Havre AC,Women,1
Ternana (W),943869,Ternana,Women,1
Liverpool (W),66774,Liverpool LFC,Women,1
Canterbury United (W),293818,Canterbury United Pride,Women,1
Huracan (W),348516,CA Huracan,Women,1
Ferroviaria (W),263071,Ferroviaria SP,Women,1
Auxerre (W),1271688,AJ Auxerre,Women,1
TSG 1899 Hoffenheim (W),36652,TSG Hoffenheim,Women,1
Bristol City (W),55503,Bristol City WFC,Women,1
Western Springs (W),341002,Western Springs Women,Women,1
Honefoss (W),429005,Hoenefoss BK,Women,1
Maccabi ASA Tel Aviv (W),43363,Maccabi Tel Aviv WFC,Women,1
FC Fleury 91 (W),373326,FC Fleury,Women,1
CF Wellington United (W),585385,Wellington United Diamonds,Women,1
Vila Nova (W),840334,Vila Nova FC GO,Women,1
Sao Paulo (W),552291,Sao Paulo FC SP,Women,1
Freiburg (W),5550,SC Freiburg,Women,1
Santos Laguna Women,334065,Club Santos Laguna,Women,1
Corinthians (W),260739,SC Corinthians SP,Women,1
East Fife (W),445383,East Fife Lfc,Women,1
Maccabi Ashdod (W),1117403,Maccabi Panterot Ashdod,Women,1
Eastern Suburbs (W),346346,Eastern Suburbs Auckland AFC,Women,1
FC Salzburg (W),1268072,FC Salzburg Frauen,Women,1
Aberdeen (W),190570,Aberdeen LFC,Women,1
PAOK Salonika (W),37187,PAOK Thessaloniki,Women,1
FC Ramat Hasharon (W),238852,Hapoel Nir Ramat Hasharon,Women,1
Dundee Utd (W),445409,Dundee United WFC,Women,1
Hualian (W),698491,Hualian WFT,Women,1
AD Chorotega (W),1269392,Chorotega FC,Women,1
Cesena (W),659287,Cesena FC,Women,1
Newell's (W),934869,Newell's Old Boys,Women,1
Charlton (W),290394,Charlton Athletic,Women,1
Real Betis (W),280203,Real Betis Seville,Women,1
San Lorenzo (W),348524,CA San Lorenzo de Almagro,Women,1
Sao Paulo Women,552291,Sao Paulo FC SP,Women,1
USA (W),7424,USA,Women,1
Sampdoria Women,826674,Sampdoria Genoa,Women,1
Celtic (W),190576,Celtic LFC,Women,1
Lucerne (W),260033,FC Luzern,Women,1
Real Sociedad (W),77897,Real Sociedad San Sebastian,Women,1
Odense BK (W),279651,Odense Q,Women,1
Costa Adeje Tenerife (W),218002,CD Tenerife,Women,1
Bragantino (W),749357,Red Bull Bragantino SP,Women,1
Dijon (W),477222,Dijon FCO,Women,1
Excelsior (W),362762,Excelsior Rotterdam,Women,1
Feyenoord (W),817572,Feyenoord Rotterdam,Women,1
Olimpia Asuncion (W),585603,Club Olimpia,Women,1
Guarani Asuncion (W),585607,Club Guarani,Women,1
Newcastle (W),500618,Newcastle United WFC,Women,1
Sporting JAX (W),1232571,Sporting Jacksonville,Women,1
Santiago Wanderers (W),684099,Santiago Wanderers,Women,1
Eintracht Frankfurt (W),5541,Eintracht Frankfurt,Women,1
Vikingur Reykjavik (W),48021,Vikingur Reykjavik,Women,1
AC Nagano Parceiro (W),249397,AC Nagano Parceiro,Women,1
Sportivo Trinidense (W),996203,Sportivo Trinidense,Women,1
Kaohsiung Attackers (W),698249,Kaohsiung Attackers,Women,1
Deportes Recoleta (W),1158591,Deportes Recoleta,Women,1
Santiago Morning (W),643570,Santiago Morning,Women,1
Yongchuan Chashan (W),749247,Yongchuan Chashan,Women,1
Sportivo Ameliano (W),879053,Sportivo Ameliano,Women,1
FC Tatran Presov (W),385400,FC Tatran Presov,Women,1
Salisbury Inter (W),417827,Salisbury Inter,Women,1
Spring Hills FC (W),569847,Spring Hills FC,Women,1
Audax Italiano (W),684123,Audax Italiano,Women,1
Szent Mihaly SE (W),414177,Szent Mihaly SE,Women,1
Valur Reykjavik (W),37184,Valur Reykjavik,Women,1
Athletic Bilbao (W),77877,Athletic Bilbao,Women,1
Albirex Niigata (W),249395,Albirex Niigata,Women,1
MFK Ruzomberok (W),375368,MFK Ruzomberok,Women,1
Werder Bremen (W),36656,Werder Bremen,Women,1
Panathinaikos (W),1054043,Panathinaikos,Women,1
Kiryat Gat SC (W),238856,Kiryat Gat SC,Women,1
Cerro Porteno (W),381954,Cerro Porteno,Women,1
Dimas Escazu (W),588099,Dimas Escazu,Women,1
UKS SMS Lodz (W),269635,UKS SMS Lodz,Women,1
FK Csikszereda Miercurea Ciuc (W),758384,Afk Csikszereda Miercurea Ciuc,Women,1
Spartak Trnava (W),499138,FC Spartak Trnava,Women,1
San Luis FC (W),1110785,San Luis FC,Women,1
Naestved HG (W),820950,Naestved HG,Women,1
SKN St Polten (W),118936,SKN St. Polten,Women,1
West Coast Rangers (W),792340,West Coast Rangers FC,Women,1
Partick Thistle (W),542677,Partick Thistle LFC,Women,1
Huachipato (W),1067148,Huachipato,Women,1
Midtjylland (W),1154719,FC Midtjylland,Women,1
Southampton (W),502706,Southampton FC,Women,1
FFC Turbine Potsdam (W),5542,1. FFC Turbine Potsdam 71,Women,1
Volos 2004 (W),383288,Volos 2004,Women,1
Tigres UANL (W),334075,CF Tigres UANL,Women,1
PEC Zwolle (W),178256,PEC Zwolle,Women,1
FC Utrecht (W),1028817,FC Utrecht,Women,1
Levante UD (W),38322,Levante UD,Women,1
Bentleigh Greens (W),1096647,Bentleigh Greens SC,Women,1
Olympiakos Nicosia (W),1294937,Olympiakos Nicosia Wfc,Women,1
Pecsi MFC (W),460991,Pecsi MFC,Women,1
Indonesia (W),273497,Indonesia,Women,1
Mitchelton FC Women,344386,Mitchelton FC,Women,1
Farul Constanta (W),934305,FC Farul Constanta,Women,1
Montrose LFC (W),446861,Montrose FC,Women,1
Orlando Pride Women,245093,Orlando Pride,Women,1
Club America Women,340986,Club America,Women,1
Monterrey (W),334061,CF Monterrey,Women,1
Santos Laguna (W),334065,Club Santos Laguna,Women,1
Bulleen Lions (W),342694,FC Bulleen Lions,Women,1
FC Bergheim Women,278353,FC Bergheim,Women,1
FC Petrzalka (W),533985,FC Petrzalka 1898,Women,1
Chicago Stars (W),34714,Chicago Stars FC,Women,1
Valencia (W),77909,Valencia CF,Women,1
Wolfsburg (W),5556,VfL Wolfsburg,Women,1
Omiya Ardija (W),597684,RB Omiya Ardija,Women,1
Alajuelense (W),684789,LD Alajuelense,Women,1
Pachuca (W),334069,CF Pachuca,Women,1
Sevilla (W),77903,Sevilla FC,Women,1
Granada (W),114819,Granada CF,Women,1
Club Atlético Tembetary (W),1229789,Atletico Tembetary,Women,1
Servette FC Chenois (W),522366,Servette FC Chenois Feminin,Women,1
Westerlo (W),929949,KVC Westerlo,Women,1
UDA AL (W),464603,UDA AL,Women,1
Polonia Sroda Wlkp (W),657203,Polonia Sroda Wielkopolska,Women,1
INAC Leonessa (W),249403,INAC Kobe Leonessa,Women,1
Szekszardi (W),832932,Szekszardi Ufc,Women,1
Lech Poznan UAM (W),1222765,Kks Lech Poznan,Women,1
SSU Politehnica Timisoara (W),640672,FCS Feminin Politehnica Timisoara,Women,1
Banfield (W),766998,CA Banfield,Women,1
Ujpest (W),373700,Ujpesti TE,Women,1
Brooklyn (W),1166959,Brooklyn FC,Women,1
Universidad de Chile (W),684125,Universidad de Concepcion,Women,1
Gyor Eto FC (W),299218,ETO FC Gyor,Women,1
Taubate (W),260745,AD Taubate SP,Women,1
FC Zürich Women,37197,FC Zurich,Women,1
ASD Res Roma (W),388808,Res Roma,Women,1
Necaxa (W),334067,Club Necaxa,Women,1
Spartans (W),190572,Spartans WFC,Women,1
Jiangsu (W),380384,Jiangsu LFC,Women,1
Stirling Uni FC (W),190588,Stirling University,Women,1
JEF Utd Chiba (W),249391,JEF United Ichihara Chiba,Women,1
Sheff Utd (W),383740,Sheffield United LFC,Women,1
Birmingham (W),66766,Birmingham City WFC,Women,1
Fenerbahce (W),861209,Fenerbahce Istanbul,Women,1
Saprissa (W),588083,Deportivo Saprissa,Women,1
Mt Druitt Town Rangers Women,978877,Western City Rangers FC,Women,1
Eibar (W),562732,SD Eibar,Women,1
Aarau (W),684329,FC Aarau,Women,1
Viktoria FC (W),37192,Viktoria FC Szombathely,Women,1
Hang Yuen (W),702865,New Taipei Hang Yuen,Women,1
Nacional-Humaita (W),585615,Nacional - Humaita,Women,1
Apia L Tigers (W),730449,Apia Leichhardt FC,Women,1
AO Rea (W),966965,Rea,Women,1
Astra Hungary (W),373696,Astra HFC Budapest,Women,1
Municipal Pococi (W),588063,ADFF Pococi,Women,1
Independiente (W),348518,CA Independiente,Women,1
Planalto EC (W),1286325,Planalto EC GO,Women,1
Flugoiania (W),1042711,Flugoiania FC GO,Women,1
Sporting San Jose (W),684489,Sporting FC,Women,1
Guarani de Paripueira (W),1059688,Guarani de Paripueira Al,Women,1
MSK Zilina (W),375366,MSK Zilina,Women,1
FC Zurich (W),37197,FC Zurich,Women,1
Grenoble Foot 38 (W),542021,Grenoble Foot 38,Women,1
Lusaca BA (W),440788,Lusaca BA,Women,1
Jequie BA (W),464611,AD Jequie BA,Women,1
KKP Warsaw (W),1278765,Kkp Warszawa,Women,1
KF Lushnja,5221,KF Lushnja,,1
IRB El Kerma,238140,IRB El Kerma,,1
JSM Bejaia,44998,JSM Bejaia,,1
USM Bel Abbes,79567,USM Bel Abbes,,1
ASO Chlef,42201,ASO Chlef,,1
MC Sidi Ali Boussidi,1309800,MC Sidi Ali Boussidi,,1
FCB Frenda,300432,FCB Frenda,,1
City Escaldes FC,1159735,City Escaldes FC,,1
FC Santa Coloma B,44845,FC Santa Coloma B,,1
Jennings Grenades,517046,Jennings Grenades,,1
Potters Tigers FC,1240375,Potters Tigers FC,,1
CA Bartolome Mitre,855135,CA Bartolome Mitre,,1
CA Ituzaingo,374916,CA Ituzaingo,,1
CA Atlas,182701,CA Atlas,,1
Central Ballester,377552,Central Ballester,,1
Juventud Antoniana,93519,Juventud Antoniana,,1
Juventud Unida San Miguel,377574,Juventud Unida San Miguel,,1
Yupanqui,377558,Yupanqui,,1
Deportivo Camioneros,336147,Deportivo Camioneros,,1
Argentino de Rosario,377568,Argentino de Rosario,,1
Deportivo Rincon,405425,Deportivo Rincon,,1
Club Ciudad de Bolivar,672813,Club Ciudad de Bolivar,,1
CA Claypole,377570,CA Claypole,,1
Defensores de Cambaceres,306572,Defensores de Cambaceres,,1
Sportivo Las Parejas,348532,Sportivo Las Parejas,,1
CA 9 de Julio Rafaela,331181,CA 9 de Julio Rafaela,,1
Deportivo Paraguayo,377554,Deportivo Paraguayo,,1
Guillermo Brown,53801,Guillermo Brown,,1
CA Sarmiento de la Banda,593568,CA Sarmiento de la Banda,,1
Deportivo Muniz,340928,Deportivo Muniz,,1
CA Germinal,855199,CA Germinal,,1
Deportivo Metalurgico,854771,Deportivo Metalurgico,,1
Sardarapat FC,1272144,Sardarapat FC,,1
Croydon FC,90878,Croydon FC,,1
Brisbane Knights,326201,Brisbane Knights,,1
Salisbury United,424581,Salisbury United,,1
Fulham United FC,555270,Fulham United FC,,1
Sorrento FC,92032,Sorrento FC,,1
Bayswater City,92018,Bayswater City,,1
Balcatta,42505,Balcatta,,1
Maitland FC,191636,Maitland FC,,1
Floreat Athena,92026,Floreat Athena,,1
Prospect United,317837,Prospect United,,1
Gwelup Croatia SC,319267,Gwelup Croatia SC,,1
Gold Coast Knights,391734,Gold Coast Knights,,1
Holland Park Hawks,244576,Holland Park Hawks,,1
Cockburn City,92022,Cockburn City,,1
Cooks Hill United,431879,Cooks Hill United,,1
Capalaba Bulldogs,47709,Capalaba Bulldogs,,1
Sunshine Coast Wanderers,434044,Sunshine Coast Wanderers,,1
Southside Eagles,313149,Southside Eagles,,1
Ipswich FC,1098127,Ipswich FC,,1
Lions FC,47708,Lions FC,,1
West Torrens Birkalla,90890,West Torrens Birkalla,,1
Broadbeach United,266321,Broadbeach United,,1
Logan Lightning,91140,Logan Lightning,,1
North Lakes United,981883,North Lakes United,,1
Samford Rangers,313167,Samford Rangers,,1
Brisbane Olympic FC,91928,Olympic FC Brisbane,,1
Adelaide Blue Eagles,90872,Adelaide Blue Eagles,,1
Glenorchy Knights FC,135954,Glenorchy Knights FC,,1
Taroona,415405,Taroona,,1
Rochedale Rovers,91146,Rochedale Rovers,,1
Curtin University SC,254837,Curtin University SC,,1
Murdoch University Melville FC,431887,Murdoch University Melville FC,,1
Mitchelton FC,187263,Mitchelton FC,,1
Pine Hills,313129,Pine Hills,,1
Robina City,342856,Robina City,,1
Canberra Croatia FC,91568,Canberra Croatia FC,,1
Yoogali SC,687417,Yoogali SC,,1
Tuggeranong Utd,91576,Tuggeranong Utd,,1
Clarence Zebras FC,135964,Clarence Zebras FC,,1
Brindabella Blues FC,430675,Brindabella Blues FC,,1
West Canberra Wanderers FC,91578,West Canberra Wanderers FC,,1
Canberra Olympic,91570,Canberra Olympic,,1
Belconnen United,91564,Belconnen United,,1
University of Tasmania,424557,University of Tasmania,,1
St George Willawong FC,313095,St George Willawong FC,,1
Kalamunda City FC,1238061,Kalamunda City FC,,1
Wagga City Wanderers,322535,Wagga City Wanderers,,1
Wallsend FC,431871,Wallsend FC,,1
SV Donau,5040,SV Donau,,1
SKU Amstetten,6281,SKU Amstetten,,1
SV Lafnitz,105969,SV Lafnitz,,1
First Vienna FC 1894,2054,First Vienna FC 1894,,1
SV Gloggnitz,589687,SV Gloggnitz,,1
SR Donaufeld,2100,SR Donaufeld,,1
SC Weiz,2143,SC Weiz,,1
Kremser SC,2106,Kremser SC,,1
SK Pama,1159145,SK Pama,,1
SV Ried II,460243,SV Ried II,,1
Ilzer SV,377136,Ilzer SV,,1
SV Allerheiligen,6015,SV Allerheiligen,,1
FC Lauterach,2182,FC Lauterach,,1
Innsbrucker AC,6062,Innsbrucker AC,,1
SV Spittal/Drau,2079,SV Spittal/Drau,,1
SC Rothis,2187,SC Rothis,,1
SVG Reichenau,43081,SVG Reichenau,,1
SVG Bleiburg,5038,SVG Bleiburg,,1
SV Kuchl,396574,SV Kuchl,,1
TUS Bad Waltersdorf,317593,TUS Bad Waltersdorf,,1
SV Donau Klagenfurt,460289,SV Donau Klagenfurt,,1
Mattersburger Sportverein 2020,1154515,Mattersburger Sportverein 2020,,1
KAC 1909,364796,KAC 1909,,1
Atus Velden,600490,Atus Velden,,1
FC Rotenberg,729859,FC Rotenberg,,1
SV Burmoos,729501,SV Burmoos,,1
UFC Siezenheim,425709,UFC Siezenheim,,1
SV Dellach/Gail,549223,SV Dellach/Gail,,1
SK Bischofshofen,115109,SK Bischofshofen,,1
SV Lebring,2151,SV Lebring,,1
FC Nenzing,2184,FC Nenzing,,1
SV Telfs,396572,SV Telfs,,1
SV Tillmitsch,467197,SV Tillmitsch,,1
ASKO Kottmannsdorf,211904,ASKO Kottmannsdorf,,1
Launsdorf,462455,Launsdorf,,1
SV Grodig,6002,SV Grodig,,1
ATUS Ferlach,2161,ATUS Ferlach,,1
FC Faakersee,726157,FC Faakersee,,1
1. FC Leibnitz,1030589,1. FC Leibnitz,,1
SV Bad Ischl,47343,SV Bad Ischl,,1
UFV Thalgau,212206,UFV Thalgau,,1
Dornbirner SV,106983,Dornbirner SV,,1
USK Anif,74453,USK Anif,,1
Admira Dornbirn,159396,Admira Dornbirn,,1
Annabichler SV,2174,Annabichler SV,,1
FC Wolfurt,2186,FC Wolfurt,,1
FC Bizau,2176,FC Bizau,,1
TSV Neumarkt,36209,TSV Neumarkt,,1
FC Egg,464091,FC Egg,,1
Wolfsberger AC (A),357068,Wolfsberger AC (A),,1
SV Fugen,392504,SV Fugen,,1
FC Deutschkreutz,2191,FC Deutschkreutz,,1
SC Gofis,742207,SC Gofis,,1
FC Lendorf,2167,FC Lendorf,,1
SC Neupack Hirschwang,537951,SC Neupack Hirschwang,,1
SC Retz,43850,SC Retz,,1
SV Anthering,460687,SV Anthering,,1
Union Henndorf,460059,Union Henndorf,,1
SV Eberau,364824,SV Eberau,,1
SV Pachern,374778,SV Pachern,,1
SPG Pregarten,460245,SPG Pregarten,,1
Usv Hengsberg,368604,Usv Hengsberg,,1
ASK Ebreichsdorf,210362,ASK Ebreichsdorf,,1
SC Schwaz,23832,SC Schwaz,,1
FC Hard,2127,FC Hard,,1
Austria Lustenau II,2188,Austria Lustenau II,,1
Union Mondsee,460057,Union Mondsee,,1
SC Oberpullendorf,47334,SC Oberpullendorf,,1
Worgl SV,2059,SV Worgl,,1
SC Landskron,2166,SC Landskron,,1
ASV Schrems,622502,ASV Schrems,,1
Khankendi FK,1290951,Khankendi FK,,1
Bouri,937187,Bouri,,1
Chittagong Abahani,280241,Chittagong Abahani,,1
Dhaka Wanderers Club,777700,Dhaka Wanderers Club,,1
Bashundhara Kings,368524,Bashundhara Kings,,1
Arambagh KS,391632,Arambagh KS,,1
Hoogstraten VV,37043,Hoogstraten VV,,1
KVV Zelzate,341740,KVV Zelzate,,1
Jorge Wilstermann,7878,Jorge Wilstermann,,1
Club Aurora,33714,Club Aurora,,1
Oriente Petrolero,33820,Oriente Petrolero,,1
San Antonio Bulo Bulo,846036,San Antonio Bulo Bulo,,1
Always Ready,378096,Always Ready,,1
Independiente Petrolero,498412,Independiente Petrolero,,1
The Strongest,32529,The Strongest,,1
Universitario de Sucre,33713,Universitario de Sucre,,1
CD Torre Fuerte,497526,CD Torre Fuerte,,1
Tiquipaya,378094,Tiquipaya,,1
Real Potosi,7060,Real Potosi,,1
CD Municipal Tarija,1017481,CD Municipal Tarija,,1
Deportivo Shalon,846038,Deportivo Shalon,,1
Academia Deportiva Fancesa,758008,Academia Deportiva Fancesa,,1
Ciudad Nueva Santa Cruz,838994,Ciudad Nueva Santa Cruz,,1
CD Rio San Juan Humi,1136739,CD Rio San Juan Humi,,1
NK Celik Zenica,6146,NK Celik Zenica,,1
FK Sloboda Mrkonjic Grad,43258,FK Sloboda Mrkonjic Grad,,1
FK Gorazde,37221,FK Gorazde,,1
NK Zvijezda Gradacac,23924,NK Zvijezda Gradacac,,1
FK Majevica Lopare,1296591,FK Majevica Lopare,,1
Security Systems FC,406245,Security Systems FC,,1
Operario FC MS,317965,Operario FC MS,,1
Bela Vista TO,865937,Bela Vista TO,,1
Barcelona RO,430139,Barcelona RO,,1
Placido de Castro,144852,Placido de Castro,,1
Portuguesa AP,1217739,Portuguesa AP,,1
Guarani MG,21964,Guarani MG,,1
Passo Fundo,86058,Passo Fundo,,1
Fluminense SC,457463,Fluminense SC,,1
SE Paraty RJ,893149,SE Paraty RJ,,1
Rio Verde,61716,Rio Verde,,1
Teresina EC PI,1288607,Teresina EC PI,,1
Flamengo SE,1055089,Flamengo SE,,1
Belo Jardim,61684,Belo Jardim,,1
Coimbra Sports MG,547603,Coimbra Sports MG,,1
Marek Dupnica,5244,Marek Dupnica,,1
Battambang,681771,Battambang,,1
Phnom Penh Galaxy FC,876629,Phnom Penh Galaxy FC,,1
Atletico Ottawa,684069,Atletico Ottawa,,1
Pacific FC,543883,Pacific FC,,1
Vancouver FC,986603,Vancouver FC,,1
Cavalry FC,543877,Cavalry FC,,1
HFX Wanderers FC,543881,HFX Wanderers FC,,1
Valour FC,543885,Valour FC,,1
Toronto FC,7080,Toronto FC,,1
CF Montreal,22006,CF Montreal,,1
Deportes Rengo,555202,Deportes Rengo,,1
Deportes Linares,393624,Deportes Linares,,1
CD Antofagasta,5601,CD Antofagasta,,1
Brujas de Salamanca,452989,Brujas de Salamanca,,1
Chengdu Rongcheng,252167,Chengdu Rongcheng,,1
Yunnan Yukun,1009011,Yunnan Yukun,,1
Meizhou Hakka,245357,Meizhou Hakka,,1
Nantong Zhiyun,327153,Nantong Zhiyun,,1
Suzhou Dongwu,164044,Suzhou Dongwu,,1
Nanjing City,754361,Nanjing City,,1
Jiangxi Lushan,195254,Jiangxi Lushan,,1
Guangxi Lanhang,1009009,Guangxi Lanhang,,1
Hubei Istar,71556,Hubei Istar,,1
Guangdong Mingtu,1235655,Guangdong Mingtu,,1
Quanzhou Yaxin,793012,Quanzhou Yaxin,,1
Lanzhou Longyuan Athletic,1011255,Lanzhou Longyuan Athletic,,1
Qingdao Red Lions,551541,Qingdao Red Lions,,1
Henan,34692,Henan,,1
Beijing Guoan,3376,Beijing Guoan,,1
Nantong Haimen Codion,897677,Nantong Haimen Codion,,1
Hangzhou Linping Wuyue,1110229,Hangzhou Linping Wuyue,,1
Changchun Yatai,34694,Changchun Yatai,,1
Changchun Xidu,1110219,Changchun Xidu,,1
Shijiazhuang Gongfu FC,793002,Shijiazhuang Gongfu FC,,1
Quanzhou Qinggong,1110205,Quanzhou Qinggong,,1
Shenzhen Jixiang,1110207,Shenzhen Jixiang,,1
Yanbian Longding,793018,Yanbian Longding,,1
PFA Santa Cruz,1037337,Santa Cruz PFA,,1
NK Koprivnica,44981,NK Koprivnica,,1
NK Hrvatski Dragovoljac,2028,NK Hrvatski Dragovoljac,,1
NK Bedem Ivankovo,371538,NK Bedem Ivankovo,,1
NK Dinamo Predavac,619982,NK Dinamo Predavac,,1
NK Varteks,340544,NK Varteks,,1
NK Pitomaca,621320,NK Pitomaca,,1
NK Kurilovec,278043,NK Kurilovec,,1
NK Uljanik,659215,NK Uljanik,,1
NK Nehaj Senj,35217,NK Nehaj Senj,,1
NK Spansko,191892,NK Spansko,,1
La Habana,405789,La Habana,,1
Santiago de Cuba,319365,Santiago de Cuba,,1
Villa Clara,318273,Villa Clara,,1
FK Olympie Brezova,210894,FK Olympie Brezova,,1
Opava B,388842,Opava B,,1
SK Steti,106319,SK Steti,,1
SK Kosmonosy,618696,SK Kosmonosy,,1
SK Petrin Plzen,106317,SK Petrin Plzen,,1
SK Petrin Plzen B,926565,SK Petrin Plzen B,,1
FK Teplice B,607054,FK Teplice B,,1
Sparta Prague B,4866,Sparta Prague B,,1
Tatran Vsechovice,433802,Tatran Vsechovice,,1
FK Bospor Bohumin,355232,FK Bospor Bohumin,,1
SK Rapid Psary,1154883,SK Rapid Psary,,1
FC Silon Taborsko,24782,FC Silon Taborsko,,1
TJ Prestice,1153517,TJ Prestice,,1
SK Benesov,53088,SK Benesov,,1
FC Kurim,556460,FC Kurim,,1
FK Komarov,355236,FK Komarov,,1
CSK Uhersky Brod,35249,CSK Uhersky Brod,,1
MFK Havirov,43194,MFK Havirov,,1
FC Strani,335545,FC Strani,,1
Tj Sokol Lanzhot,413745,Tj Sokol Lanzhot,,1
Sokol Hostoun,307736,Sokol Hostoun,,1
TJ Tatran Bohunice,53129,TJ Tatran Bohunice,,1
FC Irp Cesky Tesin,36486,FC Irp Cesky Tesin,,1
FC Vratimov,362698,FC Vratimov,,1
FC Zlin B,214070,FC Zlin B,,1
SK Senco Doubravka,43656,SK Senco Doubravka,,1
FK Pribram B,602162,FK Pribram B,,1
FC Brumov,24774,FC Brumov,,1
FS Trebic,1042285,FS Trebic,,1
FK Kozlovice,165788,FK Kozlovice,,1
FK Hodonin,53137,FK Hodonin,,1
TJ Unie Hlubina,565847,TJ Unie Hlubina,,1
FC Zlinsko,24781,FC Zlinsko,,1
FK Pribram,2213,FK Pribram,,1
SK Hranice,2236,SK Hranice,,1
FC Kvasice,364318,FC Kvasice,,1
FC Rokycany,76763,FC Rokycany,,1
SK Slany,342616,SK Slany,,1
MSK Breclav,6669,MSK Breclav,,1
SK Unicov,25463,SK Unicov,,1
FK Nove Sady,259959,FK Nove Sady,,1
FK Prepere,463817,FK Prepere,,1
FK Blansko,106331,FK Blansko,,1
SFK Vrchovina,43193,SFK Vrchovina,,1
FC Vsetin,312398,FC Vsetin,,1
MFK Vitkovice,2235,MFK Vitkovice,,1
Spartak Kbely,1170893,Spartak Kbely,,1
SK Ujezd Praha 4,564850,SK Ujezd Praha 4,,1
TJ Skastice,573565,TJ Skastice,,1
SK Artis Brno,35264,SK Artis Brno,,1
FC Chotebor,274751,FC Chotebor,,1
Sternberk,355348,Sternberk,,1
FK Litomericko,106313,FK Litomericko,,1
FK Nachod,2222,FK Nachod,,1
FK Tachov,76759,FK Tachov,,1
SK Sulko Zabreh,34800,SK Sulko Zabreh,,1
FK Dobrovice,36487,FK Dobrovice,,1
Silkeborg IF,1285,Silkeborg IF,,1
FC Nordsjaelland,1292,FC Nordsjaelland,,1
AC Horsens,1297,AC Horsens,,1
Aarhus Fremad,4874,Aarhus Fremad,,1
Kjellerup IF,6393,Kjellerup IF,,1
GVI,1385,GVI,,1
Odder IGF,22208,Odder IGF,,1
Aarhus Fremad 2,22156,Aarhus Fremad 2,,1
Hobro IK 2,53877,Hobro IK 2,,1
Thisted FC,1403,Thisted FC,,1
MG & BK,1409,MG & BK,,1
ASA Aarhus,740743,ASA Aarhus,,1
Hedensted IF,22181,Hedensted IF,,1
FC Skanderborg,37039,FC Skanderborg,,1
FC Sydkysten,1265385,FC Sydkysten,,1
Kastrup,1384,Kastrup,,1
Aalborg Freja,1349,Aalborg Freja,,1
Moca FC,495782,Moca FC,,1
Salcedo FC,1278247,Salcedo FC,,1
22 de Julio,1234245,22 de Julio,,1
Cumbaya FC,780238,Cumbaya FC,,1
Gualaceo SC,319227,Gualaceo SC,,1
LDU Portoviejo,33560,LDU Portoviejo,,1
La Cantera FC,821240,La Cantera FC,,1
Ecuagenera SC,1148833,Ecuagenera SC,,1
CD Miguel Iturralde,795716,CD Miguel Iturralde,,1
Banos Ciudad de Fuego,1148835,Banos Ciudad de Fuego,,1
Team FC Cairo,1085296,Team FC Cairo,,1
Alo Egypt,985949,Alo Egypt,,1
FC Masar,1085298,FC Masar,,1
Asyut Cement,765180,Asyut Cement,,1
El Shams,376276,El Shams,,1
Maleyat Kafr El Zayat,188569,Maleyat Kafr El Zayat,,1
El Entag El Harby,43562,El Entag El Harby,,1
Cascada SC,1303718,Cascada SC,,1
CD Hercules,1262357,CD Hercules,,1
Welwyn Garden City,47269,Welwyn Garden City,,1
Bridlington Town,46819,Bridlington Town,,1
Exmouth Town,46989,Exmouth Town,,1
Avro FC,594938,Avro FC,,1
Hanley Town,47047,Hanley Town,,1
Merthyr Town,58167,Merthyr Town,,1
Heaton Stannington,935857,Heaton Stannington,,1
Coleshill Town,45372,Coleshill Town,,1
Farnham Town,46994,Farnham Town,,1
Didcot Town,45364,Didcot Town,,1
Gorleston,47014,Gorleston,,1
AFC Whyteleafe,1017281,AFC Whyteleafe,,1
Crowborough Athletic,46941,Crowborough Athletic,,1
Shifnal Town,47195,Shifnal Town,,1
Tadley Calleva,746275,Tadley Calleva,,1
Pickering Town,47154,Pickering Town,,1
Biggleswade FC,597806,Biggleswade FC,,1
Faversham Town,46995,Faversham Town,,1
Hallam FC,47027,Hallam FC,,1
Tallinna JK Legion,36076,Tallinna JK Legion,,1
FC Kuressaare,7106,FC Kuressaare,,1
JK Tammeka Tartu,138566,Tartu JK Tammeka,,1
Harju JK Laagri,560360,Harju JK Laagri,,1
FC Elva,37534,FC Elva,,1
Maardu Linnameeskond,37528,Maardu Linnameeskond,,1
JK Tabasalu,159832,JK Tabasalu,,1
JK Viljandi Tulevik,74497,Viljandi JK Tulevik,,1
Sheger Ketema,1114773,Sheger Ketema,,1
Negelle Arsi,1114765,Negelle Arsi,,1
Vikingur Gota,5193,Vikingur Gota,,1
HB Torshavn,5187,HB Torshavn,,1
AB Argir,36145,AB Argir,,1
B36 Torshavn II,90976,B36 Torshavn II,,1
FC Suduroy,5192,FC Suduroy,,1
EB/Streymur II,41017,EB/Streymur II,,1
Skala IF,5190,Skala IF,,1
FC Hoyvik,36136,FC Hoyvik,,1
Vikingur Gota II,36140,Vikingur Gota II,,1
IF Fuglafjordur,5188,IF Fuglafjordur,,1
NSI Runavik II,36139,NSI Runavik II,,1
IF Gnistan,2271,IF Gnistan,,1
FC Inter Turku,2247,FC Inter Turku,,1
JaPS,23422,JaPS,,1
FF Jaro,2252,FF Jaro,,1
AC Oulu,5114,AC Oulu,,1
SalPa,22394,SalPa,,1
SJK Akatemia,89908,SJK Akatemia,,1
FC Kontu,22376,FC Kontu,,1
IFK Mariehamn,5058,IFK Mariehamn,,1
Toukolan Teras,245399,Toukolan Teras,,1
FC Finnkurd,290184,FC Finnkurd,,1
Ponnistajat,2284,Ponnistajat,,1
FC Kiisto,22375,FC Kiisto,,1
LTU,283685,LTU,,1
HPS,49530,HPS,,1
Komeetat,731239,Komeetat,,1
HIFK,142654,HIFK,,1
FC Vaajakoski,23531,FC Vaajakoski,,1
Gilla FC,1232211,Gilla FC,,1
Kyparamaki Rangers,1007073,Kyparamaki Rangers,,1
FC Ylivieska,893613,FC Ylivieska,,1
PPJ/Ruoholahti,1007053,PPJ/Ruoholahti,,1
Tove,36004,Tove,,1
FC Honka,2260,FC Honka,,1
FC Jazz,35395,FC Jazz,,1
HJS,330431,HJS,,1
P-Iirot,5117,P-Iirot,,1
JS Hercules,200267,JS Hercules,,1
PK Keski-Uusimaa,22393,PK Keski-Uusimaa,,1
Narpes Kraft,2296,Narpes Kraft,,1
Kultsu FC,6273,Kultsu FC,,1
Yllatys,1131349,Yllatys,,1
FC Espoo/Heimo,22373,FC Espoo/Heimo,,1
Ajax Sarkkiranta,283625,Ajax Sarkkiranta,,1
SIF,2289,SIF,,1
TP-47,2280,TP-47,,1
Masku,35320,Masku,,1
Tervakosken Pato,722887,Tervakosken Pato,,1
Union Plaani,728541,Union Plaani,,1
Villan Pojat,1131333,Villan Pojat,,1
OPS Oulu,22392,OPS Oulu,,1
Huima/Urho,22383,Huima/Urho,,1
Sporting Kristina,65710,Sporting Kristina,,1
Stade Briochin,236320,Stade Briochin,,1
Colmar,34740,Colmar,,1
CMS Oissel,34742,CMS Oissel,,1
Hyeres FC,34743,Hyeres FC,,1
FC Chambly Oise,61612,FC Chambly Oise,,1
Sable FC,59812,Sable FC,,1
Stade Plabennecois,34735,Stade Plabennecois,,1
US Ivry,60790,US Ivry,,1
AC Seyssinet,1745,Seyssinet AC,,1
FC Fleury 91,83361,FC Fleury 91,,1
Torcy,1740,Torcy,,1
FC Chauray,39404,FC Chauray,,1
Les Herbiers,39407,Les Herbiers,,1
Epinal,35064,Epinal,,1
Pontivy GSI,6923,Pontivy GSI,,1
FA Illkirch Graffenstaden,128000,FA Illkirch Graffenstaden,,1
Cergy Pontoise FC,852401,Cergy Pontoise FC,,1
Feurs US,39121,US Feurs,,1
CA Pontarlier,59241,CA Pontarlier,,1
Lavaur FC,1305892,Lavaur FC,,1
UF Touraine,663887,UF Touraine,,1
FC Mulhouse,34737,FC Mulhouse,,1
IC Croix,132336,Croix IC,,1
Amicale Villeneuve-Garenne,1303126,Amicale Villeneuve-Garenne,,1
FC Marmande 47,603288,FC Marmande 47,,1
FC Freyming,1203795,FC Freyming,,1
FC Telavi,337647,FC Telavi,,1
FC Spaeri,531999,FC Spaeri,,1
Sioni Bolnisi,5959,Sioni Bolnisi,,1
FC Gonio,911799,FC Gonio,,1
FC Samtredia,36866,FC Samtredia,,1
Aragvi Dusheti,37314,Aragvi Dusheti,,1
FC Tbilisi 2025,531363,FC Tbilisi 2025,,1
FC Samtskhe,783404,FC Samtskhe,,1
MSV Duisburg,2543,MSV Duisburg,,1
ZFC Meuselwitz,5567,ZFC Meuselwitz,,1
SV Atlas Delmenhorst,352802,SV Atlas Delmenhorst,,1
Eintracht Frankfurt II,2545,Eintracht Frankfurt II,,1
Bahlinger SC,2584,Bahlinger SC,,1
SV Hemelingen,611282,SV Hemelingen,,1
Nations FC,964055,Nations FC,,1
Na God FC,949945,Na God FC,,1
Swedru All Blacks,781830,Swedru All Blacks,,1
Northern City FC,1072694,Northern City FC,,1
Dormaa Unity SC,973169,Dormaa Unity SC,,1
True Democracy FC,257421,True Democracy FC,,1
Nsuopun Fidelity FC,1212877,Nsuopun Fidelity FC,,1
Elmina Sharks,257423,Elmina Sharks,,1
Rospak FC,1065476,Rospak FC,,1
Asteras Karditsas,896917,Asteras Karditsas,,1
AO Mikrasiatikos,452827,AO Mikrasiatikos,,1
Aen Selefkeias,894085,Aen Selefkeias,,1
Thyella Patras,7012,Thyella Patras,,1
Diagoras Rhodes,6991,Diagoras Rhodes,,1
AE Malesinas,1133385,AE Malesinas,,1
AFF Guatemala,932199,AFF Guatemala,,1
Deportivo Iztapa,111283,Deportivo Iztapa,,1
Deportivo San Pedro,473343,Deportivo San Pedro,,1
Deportivo Carcha,269747,Deportivo Carcha,,1
Chimaltenango FC,366238,Chimaltenango FC,,1
Quiche FC,473341,Quiche FC,,1
Aguacatan FC,1046967,Aguacatan FC,,1
Deportivo Gomerano,1274238,Deportivo Gomerano,,1
Chichicasteco FC,1205767,Chichicasteco FC,,1
CA Independiente Siguatepeque,1225881,CA Independiente Siguatepeque,,1
CD Victoria La Ceiba,42214,CD Victoria La Ceiba,,1
Juventus FC Roatan,1225853,Juventus FC Roatan,,1
Cruz Azul Opoa,1275788,Cruz Azul Opoa,,1
Olimpia Occidental,792288,Olimpia Occidental,,1
Kwong Wah,518704,Kwong Wah,,1
Supreme FC,1059798,Supreme FC,,1
Tung Sing,287219,Tung Sing,,1
Fukien,401751,Fukien,,1
Kwun Tong,193922,Kwun Tong,,1
Wong Tai Sin,171492,Wong Tai Sin,,1
Kowloon Cricket Club,667359,Kowloon Cricket Club,,1
Lucky Mile,193600,Lucky Mile,,1
GFC Friends,432613,GFC Friends,,1
FC Ajka,25580,FC Ajka,,1
SC Sopron,727763,SC Sopron,,1
Dorogi FC,102007,Dorogi FC,,1
Debreceni VSC II,275249,Debreceni VSC II,,1
ETO Akademia,822456,ETO Akademia,,1
Vasas SC II,940363,Vasas SC II,,1
Budaorsi SC,25329,Budaorsi SC,,1
Veszprem FC,25399,Veszprem FC,,1
Pecsi MFC,5125,Pecsi MFC,,1
Kozarmisleny SE,25393,Kozarmisleny SE,,1
Ferencvarosi TC II,43739,Ferencvarosi TC II,,1
Kelen SC,621856,Kelen SC,,1
BFC Siofok,1928,BFC Siofok,,1
Cigand SE,25591,Cigand SE,,1
Dunaharaszti MTK,25391,Dunaharaszti MTK,,1
MTK Budapest II,36873,MTK Budapest II,,1
FC Hatvan,213786,FC Hatvan,,1
Balatonfuredi FC,79713,Balatonfuredi FC,,1
Eger SE,44142,Eger SE,,1
Majosi SE,725233,Majosi SE,,1
Godolloi SK,44205,Godolloi SK,,1
Tarpa SC,746571,Tarpa SC,,1
Zsambeki SK,746457,Zsambeki SK,,1
Dombovari FC,1269016,Dombovari FC,,1
IR Reykjavik,1907,IR Reykjavik,,1
Leiknir Reykjavik,36057,Leiknir Reykjavik,,1
Fram Reykjavik,1893,Fram Reykjavik,,1
Valur Reykjavik,1899,Valur Reykjavik,,1
Vikingur Reykjavik,1908,Vikingur Reykjavik,,1
KA Akureyri,1904,KA Akureyri,,1
FH Hafnarfjordur,1894,FH Hafnarfjordur,,1
Afturelding,1914,Afturelding,,1
Ymir Kopavogur,99179,Ymir Kopavogur,,1
Augnablik Kopavogur,47965,Augnablik Kopavogur,,1
IA Akranes,1898,IA Akranes,,1
Alafoss,341562,Alafoss,,1
IH Hafnarfjordur,41015,IH Hafnarfjordur,,1
Arborg,203479,Arborg,,1
Reynir Sandgerdi,23826,Reynir Sandgerdi,,1
KH Hlidarendi,152568,KH Hlidarendi,,1
Hviti Riddarinn,256095,Hviti Riddarinn,,1
Kari,152570,Kari,,1
Ellidi,152574,Ellidi,,1
Vaengir Jupiters,152564,Vaengir Jupiters,,1
KA Asvellir,560550,KA Asvellir,,1
KV Vesturbaer,42340,KV Vesturbaer,,1
SR Reykjavik,330099,SR Reykjavik,,1
Thor Akureyri,1903,Thor Akureyri,,1
IF Vestri,256267,IF Vestri,,1
IBV Vestmannaeyjar,1895,IBV Vestmannaeyjar,,1
Alftanes,42343,Alftanes,,1
Hamar,23825,Hamar,,1
Hafnir,876601,Hafnir,,1
Volsungur,5372,Volsungur,,1
Stokkseyri,330119,Stokkseyri,,1
KFR,51029,KFR,,1
IBU Uppsveitir,684497,IBU Uppsveitir,,1
UMF Tindastoll,65866,UMF Tindastoll,,1
Vikingur Olafsvik,36055,Vikingur Olafsvik,,1
FC Bengaluru United,750669,FC Bengaluru United,,1
SC Bengaluru,1057631,SC Bengaluru,,1
Bengaluru FC,118670,Bengaluru FC,,1
Trau FC,415469,Trau FC,,1
Kalighat MS,388666,Kalighat MS,,1
George Telegraph FC,388634,George Telegraph FC,,1
Railway FC,1033979,Railway FC,,1
Kalighat Sports Lovers,1038241,Kalighat Sports Lovers,,1
Calcutta Police Club,466767,Calcutta Police Club,,1
Bhawanipore FC,388884,Bhawanipore FC,,1
Wari AC,1026941,Wari AC,,1
Kidderpore SC,370114,Kidderpore SC,,1
Measurers Club,608546,Measurers Club,,1
Patha Chakra,399439,Patha Chakra,,1
Calcutta Customs,370108,Calcutta Customs,,1
United Kolkata SC,1173683,United Kolkata SC,,1
Aryans Sports,388226,Aryans Sports,,1
Peerless SC,388886,Peerless SC,,1
Police AC,255841,Police AC,,1
Mizoram Police FC,396600,Mizoram Police FC,,1
Tollygunje Agragami,372416,Tollygunje Agragami,,1
Mumbai City,174600,Mumbai City,,1
Persiba Balikpapan,64291,Persiba Balikpapan,,1
Nusantara United FC,948019,Nusantara United FC,,1
Enyimba,42371,Enyimba,,1
Sagrada Esperanca,203457,Sagrada Esperanca,,1
ASC Jaraaf,87306,ASC Jaraaf,,1
ASEC Mimosas,42360,ASEC Mimosas,,1
Stade Malien de Bamako,69326,Stade Malien de Bamako,,1
Djoliba AC,69324,Djoliba AC,,1
Burkina Faso,4749,Burkina Faso,,1
DR Congo,4823,Congo DR,,1
Algeria A,1296941,Algeria A,,1
Kenya Police FC,346122,Kenya Police FC,,1
Power Dynamos,195258,Power Dynamos,,1
Remo Stars,301250,Remo Stars,,1
Kaizer Chiefs,7663,Kaizer Chiefs,,1
Vipers SC,218704,Vipers SC,,1
Zesco United,194302,Zesco United,,1
Azam FC,238650,Azam FC,,1
Thailand,4730,Thailand,,1
Al Shorta SC,61532,Al Shorta SC,,1
Kawasaki Frontale,5127,Kawasaki Frontale,,1
Tainan City,435188,Tainan City,,1
Uzbekistan,4723,Uzbekistan,,1
Chinese Taipei,5937,Chinese Taipei,,1
Tajikistan,23488,Tajikistan,,1
India,4828,India,,1
Indonesia,4829,Indonesia,,1
Malaysia,6912,Malaysia,,1
Kuwait,5368,Kuwait,,1
Sri Lanka,23487,Sri Lanka,,1
Hong Kong,4765,Hong Kong,,1
Bangladesh,6080,Bangladesh,,1
Dynamic Herb Cebu FC,852453,Dynamic Herb Cebu FC,,1
Gangwon FC,34220,Gangwon FC,,1
Machida Zelvia,44409,Machida Zelvia,,1
Gamba Osaka,3138,Gamba Osaka,,1
FC Seoul,7646,FC Seoul,,1
Ratchaburi FC,85743,Ratchaburi FC,,1
Maldives,6911,Maldives,,1
Academia Quintana,1290267,Academia Quintana,,1
Central FC,214212,Central FC,,1
Sporting Gijon,2852,Sporting Gijon,,1
Xerez Deportivo FC,278257,Xerez Deportivo FC,,1
De Graafschap,2949,De Graafschap,,1
Atletico Sanluqueno,77413,Atletico Sanluqueno,,1
FC Den Bosch,2963,FC Den Bosch,,1
NK Maribor,2420,NK Maribor,,1
Neuchatel Xamax,2451,Neuchatel Xamax,,1
Siarka Tarnobrzeg,109827,Siarka Tarnobrzeg,,1
MFK Zemplin Michalovce,7885,MFK Zemplin Michalovce,,1
Miedz Legnica II,399497,Miedz Legnica II,,1
Arka Gdynia,114703,Arka Gdynia,,1
FC Thun,2454,FC Thun,,1
Wisla Krakow II,1154833,Wisla II Krakow,,1
NK Domzale,2418,NK Domzale,,1
Sokol Kleczew,54323,Sokol Kleczew,,1
AC Taverne,34776,AC Taverne,,1
Lillehammer FK,685,Lillehammer FK,,1
Unia Turza Slaska,215976,Unia Turza Slaska,,1
HamKam,666,HamKam,,1
Kristiansund BK,957,Kristiansund BK,,1
GKS Jastrzebie,7911,GKS Jastrzebie,,1
ND Beltinci,215822,ND Beltinci,,1
Warta Poznan,7922,Warta Poznan,,1
FK Macva Sabac,56019,FK Macva Sabac,,1
FC Kryvbas Kriviy Rih,3320,FC Kryvbas Kriviy Rih,,1
GKS Tychy,35272,GKS Tychy,,1
FK Zeleziarne Podbrezova,7887,FK Zeleziarne Podbrezova,,1
Ranheim,708,Ranheim,,1
Vard Haugesund,703,Vard Haugesund,,1
Waterford FC,3194,Waterford FC,,1
Spartak Myjava,37112,Spartak Myjava,,1
GKS Katowice,3112,GKS Katowice,,1
Blekitni Stargard,162296,Blekitni Stargard,,1
Olimpia Grudziadz,37179,Olimpia Grudziadz,,1
FC Monthey,34766,FC Monthey,,1
Bron Radom,307570,Bron Radom,,1
Bjarg,35610,Bjarg,,1
Lancy FC,1030641,Lancy FC,,1
Ullensaker/Kisa,692,Ullensaker/Kisa,,1
Unia Skierniewice,458143,Unia Skierniewice,,1
ND Gorica,2409,ND Gorica,,1
Ruch Chorzow,3105,Ruch Chorzow,,1
FK Jerv,862,FK Jerv,,1
Wislanie Skawina,307588,Wislanie Skawina,,1
Zaglebie Lubin II,340526,Zaglebie Lubin II,,1
FC Baden,2462,FC Baden,,1
Eidsvold TF,694,Eidsvold TF,,1
Lokomotiv Oslo,149882,Lokomotiv Oslo,,1
CS Chenois,2489,CS Chenois,,1
Aluminij Kidricevo,2424,Aluminij Kidricevo,,1
Nordstrand,807,Nordstrand,,1
Sandnes Ulf 2,7470,Sandnes Ulf 2,,1
Lysekloster,199925,Lysekloster,,1
VV Gemert,2991,VV Gemert,,1
Madla,1022,Madla,,1
Gneist,818,Gneist,,1
SK Traeff,689,SK Traeff,,1
Greece,4710,Greece,,1
Kosovo,154426,Kosovo,,1
Bulgaria,4716,Bulgaria,,1
Denmark,4476,Denmark,,1
Cyprus,4482,Cyprus,,1
Malta,4483,Malta,,1
Poland,4703,Poland,,1
Romania,4477,Romania,,1
England,4713,England,,1
Kvik Halden FK,700,Kvik Halden FK,,1
Liechtenstein,4830,Liechtenstein,,1
Montenegro,7139,Montenegro,,1
Israel,4480,Israel,,1
Wales,4702,Wales,,1
Czechia,4714,Czechia,,1
Georgia,4763,Georgia,,1
Scotland,4695,Scotland,,1
Slovenia,4484,Slovenia,,1
Hungary,4709,Hungary,,1
Lithuania,4776,Lithuania,,1
Albania,4690,Albania,,1
North Macedonia,4777,North Macedonia,,1
Gibraltar,129264,Gibraltar,,1
Estonia,4759,Estonia,,1
Norway,4475,Norway,,1
Finland,4712,Finland,,1
Faroe Islands,4760,Faroe Islands,,1
Latvia,4706,Latvia,,1
NK Brinje Grosuplje,403305,NK Brinje Grosuplje,,1
Korona Kielce,5065,Korona Kielce,,1
FC Vaduz,2463,FC Vaduz,,1
FC Rapperswil-Jona,37390,FC Rapperswil-Jona,,1
KFC Komarno,191850,KFC Komarno,,1
FK Novi Pazar,25736,FK Novi Pazar,,1
FC Sion,75231,FC Sion,,1
Fortuna Sittard,2957,Fortuna Sittard,,1
FC Bassecourt,354088,FC Bassecourt,,1
ASK Koflach,2101,ASK Koflach,,1
Zawisza Bydgoszcz,35329,Zawisza Bydgoszcz,,1
Gornik Zabrze II,215500,Gornik Zabrze II,,1
MSK Zilina B,166150,MSK Zilina B,,1
Pelister Bitola,6079,Pelister Bitola,,1
KF Trepca 89,277849,KF Trepca 89,,1
FC Etzella Ettelbruck,5379,FC Etzella Ettelbruck,,1
Metaloglobus Bucuresti,79081,Metaloglobus Bucuresti,,1
KF Istogu,279975,KF Istogu,,1
FC Milsami,53475,FC Milsami,,1
FC Lisse,25382,FC Lisse,,1
Widzew Lodz II,728523,Widzew Lodz II,,1
Karkonosze Jelenia Gora,821352,Karkonosze Jelenia Gora,,1
Istanbul Basaksehir,3086,Istanbul Basaksehir,,1
Pogon Nowe Skalmierzyce,354990,Pogon Nowe Skalmierzyce,,1
Erzurumspor FK,55603,Erzurumspor FK,,1
FC Mamer 32,46350,FC Mamer 32,,1
FC Besa Biel/Bienne,353924,FC Besa Biel/Bienne,,1
Slask Wroclaw II,216014,Slask II Wroclaw,,1
FC Mondercange,5385,FC Mondercange,,1
SD Tarazona,336771,SD Tarazona,,1
AD Ceuta,2869,AD Ceuta,,1
Albacete Balompie,2848,Albacete Balompie,,1
Athletic Bilbao B,24324,Athletic Bilbao B,,1
Riga FC,162368,Riga FC,,1
Slowianin Woliborz,671105,Slowianin Woliborz,,1
FC Black Stars,44240,FC Black Stars,,1
AC Carpi,834548,AC Carpi,,1
US Folgore Caratese,117230,US Folgore Caratese,,1
UD Samano,369172,UD Samano,,1
Real Aviles CF,77397,Real Aviles CF,,1
KF Dinamo Ferizaj,1039699,KF Dinamo Ferizaj,,1
Atletico Malagueno,4490,Atletico Malagueno,,1
UD San Sebastian Reyes,2883,UD San Sebastian Reyes,,1
Staphorst,55835,Staphorst,,1
Rayo Cantabria,24356,Rayo Cantabria,,1
FC Cartagena,24329,FC Cartagena,,1
SD Logrones,77267,SD Logrones,,1
CF Jaraiz,627082,CF Jaraiz,,1
Rayo Vallecano,37188,Rayo Vallecano,,1
Luxembourg,4478,Luxembourg,,1
Azerbaijan,4742,Azerbaijan,,1
Northern Ireland,4786,Northern Ireland,,1
Sweden,4688,Sweden,,1
Colorado Rapids,2510,Colorado Rapids,,1
Inter Miami CF,659691,Inter Miami CF,,1
Los Angeles FC,402227,Los Angeles FC,,1
FC Cincinnati,245305,FC Cincinnati,,1
Real Salt Lake,5133,Real Salt Lake,,1
Columbus Crew,2504,Columbus Crew,,1
Belize,21809,Belize,,1
Martinique,45485,Martinique,,1
Barbados,21808,Barbados,,1
Anguilla,21804,Anguilla,,1
Dominican Republic,21813,Dominican Republic,,1
Guyana,22113,Guyana,,1
Puerto Rico,21818,Puerto Rico,,1
El Salvador,4825,El Salvador,,1
Seattle Sounders,22009,Seattle Sounders,,1
New Caledonia,8045,New Caledonia,,1
New Zealand,4784,New Zealand,,1
Sportivo Luqueno,5998,Sportivo Luqueno,,1
Academia Puerto Cabello,266595,Academia Puerto Cabello,,1
Atletico Grau,428219,Atletico Grau,,1
Brazil,4748,Brazil,,1
Colombia,4820,Colombia,,1
Chile,4754,Chile,,1
Universitario de Deportes,2305,Universitario de Deportes,,1
Sporting Cristal,2302,Sporting Cristal,,1
Deportivo Tachira,6231,Deportivo Tachira,,1
Libertad Asuncion,5996,Libertad Asuncion,,1
Lokomotiv Tashkent,40261,Lokomotiv Tashkent,,1
Royal Pari FC,378100,Royal Pari FC,,1
Club Ada Jaen,1057689,Club Ada Jaen,,1
Al-Sailiya SC,44439,Al-Sailiya SC,,1
Louisville City FC,206011,Louisville City FC,,1
Egypt A,1306698,Egypt A,,1
Auckland United FC,786778,Auckland United FC,,1
Basque Country,51499,Basque Country,,1
Catalonia,39400,Catalonia,,1
Artesanos Metepec FC,981613,Artesanos Metepec FC,,1
Mes Shahr-e Babak,494590,Mes Shahr-e Babak,,1
Ario Eslamshahr,950503,Ario Eslamshahr,,1
Padyab Khalkhal,1196283,Padyab Khalkhal,,1
Shenavar Sazi Qeshm,1079718,Shenavar Sazi Qeshm,,1
North End United,203529,North End United,,1
College Corinthians FC,97167,College Corinthians FC,,1
Midleton FC,3197,Midleton FC,,1
Killester Donnycarney FC,6412,Killester Donnycarney FC,,1
Bangor Celtic FC,743469,Bangor Celtic FC,,1
Ringmahon Rangers,251343,Ringmahon Rangers,,1
Fairview Rangers AFC,3195,Fairview Rangers AFC,,1
Castlebar Celtic,35490,Castlebar Celtic,,1
Maccabi Beer Sheva,36273,Maccabi Beer Sheva,,1
Hapoel Ironi Karmiel,39530,Hapoel Ironi Karmiel,,1
Ironi Beit Dagan,389008,Ironi Beit Dagan,,1
Beitar Ramat Gan,388088,Beitar Ramat Gan,,1
Hapoel Kiryat Ono,388086,Hapoel Kiryat Ono,,1
FC Beitar Yavne,388148,FC Beitar Yavne,,1
Maccabi Neve Shaanan Eldad,618694,Maccabi Neve Shaanan Eldad,,1
Beitar Ironi Kiryat Gat,385158,Beitar Ironi Kiryat Gat,,1
Beitar Petah Tikva,388076,Beitar Petah Tikva,,1
Hapoel Mahane Yehuda,133604,Hapoel Mahane Yehuda,,1
Beitar Kfar Saba Shlomi,39518,Beitar Kfar Saba Shlomi,,1
Maccabi Ironi Netivot,39520,Maccabi Ironi Netivot,,1
Sport Club Dimona,300198,Dimona Sport Club,,1
Maccabi Bnei Jadeidi-Makr,840440,Maccabi Bnei Jadeidi-Makr,,1
AS Holon Mor,300212,AS Holon Mor,,1
Maccabi Ironi Kfar Yona,39614,Maccabi Ironi Kfar Yona,,1
Ihud Tzeirey Abu Gosh,1291807,Ihud Tzeirey Abu Gosh,,1
FC Guidonia Montecelio 1937,281373,Guidonia Montecelio 1937 FC,,1
Sarrabus Ogliastra,933657,Sarrabus Ogliastra,,1
Union Brescia,1276628,Union Brescia,,1
USD Caravaggio,117276,USD Caravaggio,,1
Yokogawa Musashino FC,38149,Yokogawa Musashino FC,,1
Criacao Shinjuku,858547,Criacao Shinjuku,,1
Maruyasu Okazaki,167420,Maruyasu Okazaki,,1
Atletico Suzuka Club,56479,Atletico Suzuka Club,,1
Okinawa SV,584559,Okinawa SV,,1
Veertien Mie,162636,Veertien Mie,,1
Verspah Oita,79881,Verspah Oita,,1
Honda FC,8061,Honda FC,,1
Toyama Shinjo Club,44526,Toyama Shinjo Club,,1
Veroskronos Tsuno,964891,Veroskronos Tsuno,,1
Belugarosso Iwami,1011859,Belugarosso Iwami,,1
Fukuyama City FC,746179,Fukuyama City FC,,1
Fukui United,584553,Fukui United,,1
Chukyo University,44520,Chukyo University,,1
Reinmeer Aomori,268313,Reinmeer Aomori,,1
Brew Saga,584563,Brew Saga,,1
Asuka FC,1146929,Asuka FC,,1
Moriyama Samurai,1143389,Moriyama Samurai,,1
Arterivo Wakayama,79905,Arterivo Wakayama,,1
FC Tokushima,281403,FC Tokushima,,1
Toyo University,526445,Toyo University,,1
University of Tsukuba,56481,University of Tsukuba,,1
International Pacific University,584923,International Pacific University,,1
Kyoto Sangyo University,861749,Kyoto Sangyo University,,1
Sahab SC,294196,Sahab SC,,1
Sahl Horan SC,1287535,Sahl Horan SC,,1
FK Atyrau,5356,FK Atyrau,,1
Tobol Kostanay,5362,Tobol Kostanay,,1
Kaisar Kyzylorda,36142,Kaisar Kyzylorda,,1
Vihiga United,346094,Vihiga United,,1
Kakamega Homeboyz,242066,Kakamega Homeboyz,,1
KF Trepca Mitrovice,278073,KF Trepca Mitrovice,,1
KF Vjosa,923253,KF Vjosa,,1
KF Vushtrria,279997,KF Vushtrria,,1
KF Ramiz Sadiku,280005,KF Ramiz Sadiku,,1
TOP Football,1213273,TOP Football,,1
Al Jahra,53845,Al Jahra,,1
Burgan SC,197328,Burgan SC,,1
FC Dordoi Bishkek,186779,FC Dordoi Bishkek,,1
FC Talant,795820,FC Talant,,1
FC Bishkek City,1236405,FC Bishkek City,,1
SK Super Nova,425115,SK Super Nova,,1
FS Jelgava,36081,FS Jelgava,,1
JDFS Alberts,106289,JDFS Alberts,,1
AFA Olaine,106301,AFA Olaine,,1
Skanstes SK,817578,Skanstes SK,,1
Marupes SC,817576,Marupes SC,,1
Riga FC II,886893,Riga FC II,,1
Ogre United,1015457,Ogre United,,1
JFK Ventspils,1000685,JFK Ventspils,,1
FK Salaspils,146786,FK Salaspils,,1
Riga Mariners,1127201,Riga Mariners,,1
FK Atmosfera,558504,FK Atmosfera,,1
FA Siauliai,557322,FA Siauliai,,1
FK Transinvest,885005,FK Transinvest,,1
FK Jonava,36065,FK Jonava,,1
FK Garliava,331435,FK Garliava,,1
FK Viltis Vilnius,171982,FK Viltis Vilnius,,1
FK Dembava,894053,FK Dembava,,1
FKS Ukmerge,570387,FKS Ukmerge,,1
FK Silute,5342,FK Silute,,1
SC Bettembourg,38996,SC Bettembourg,,1
Yellow Boys Weiler-La-Tour,82805,Yellow Boys Weiler-La-Tour,,1
Silver Strikers,463143,Silver Strikers,,1
Creck SC,1120761,Creck SC,,1
Mzuzu City Hammers,689479,Mzuzu City Hammers,,1
Chitipa United,334743,Chitipa United,,1
Ekhaya FC,1243275,Ekhaya FC,,1
Moyale Barracks,397012,Moyale Barracks,,1
Armed Forces FC,86410,Armed Forces FC,,1
Sabah FC,3329,Sabah FC,,1
Kuching City FC,413705,Kuching City FC,,1
Kedah Darul Aman,3339,Kedah Darul Aman,,1
Machan FC,1148219,Machan FC,,1
Neza FC,1278096,Neza FC,,1
Dragones de Oaxaca,1215199,Dragones de Oaxaca,,1
FC Balti,732813,FC Balti,,1
FC Politehnica Chisinau,5177,FC Politehnica Chisinau,,1
Dacia Buiucani,54679,Dacia Buiucani,,1
FC Ulaanbaatar,568389,FC Ulaanbaatar,,1
Khovd Western,725951,Khovd Western,,1
Khovd FC,725959,Khovd FC,,1
FK Ibar Rozaje,7582,FK Ibar Rozaje,,1
FK Berane,6217,FK Berane,,1
Olympique Dcheira,220518,Olympique Dcheira,,1
Ittihad Khemisset,55045,Ittihad Khemisset,,1
Desportivo Da Matola,1041347,Desportivo Da Matola,,1
Costa Do Sol,463163,Costa Do Sol,,1
Hantharwady United,403289,Hantharwady United,,1
VV Goes,355002,VV Goes,,1
USV Hercules,366470,USV Hercules,,1
IJsselmeervogels,6482,IJsselmeervogels,,1
VV Heino,1257505,VV Heino,,1
VV Scherpenzeel,1273840,VV Scherpenzeel,,1
Bay Olympic,215676,Bay Olympic,,1
Western Springs AFC,597272,Western Springs AFC,,1
East Coast Bays,388944,East Coast Bays,,1
Waterside Karori,728295,Waterside Karori,,1
Island Bay United,792420,Island Bay United,,1
Ferrymead Bays,601346,Ferrymead Bays,,1
North Wellington AFC,569989,North Wellington AFC,,1
Dunedin City Royals FC,792240,Dunedin City Royals FC,,1
Miramar Rangers,42580,Miramar Rangers,,1
Kun Khalifat FC,1235733,Kun Khalifat FC,,1
Barau FC,1238821,Barau FC,,1
Queens University,39226,Queens University,,1
Bangor FC,23895,Bangor FC,,1
Funnefoss/Vormsund,884,Funnefoss/Vormsund,,1
Os,845,Os,,1
Brodd,22243,Brodd,,1
Ullern,706,Ullern,,1
Follo,855,Follo,,1
Skjetten,7544,Skjetten,,1
Trygg/Lade,250563,Trygg/Lade,,1
Pors Grenland,729,Pors Grenland,,1
FK Union Carl Berner,1120413,FK Union Carl Berner,,1
Verdal,697,Verdal,,1
Skedsmo,7475,Skedsmo,,1
KFUM 2,35654,KFUM 2,,1
Elverum,854,Elverum,,1
Ullensaker/Kisa 2,7505,Ullensaker/Kisa 2,,1
Torvastad,806,Torvastad,,1
Surnadal,7488,Surnadal,,1
Fanja,57451,Fanja,,1
Nizwa,185582,Nizwa,,1
Muscat,185580,Muscat,,1
Salalah SC,57453,Salalah SC,,1
Sportivo San Lorenzo,90972,Sportivo San Lorenzo,,1
Guairena FC,322375,Guairena FC,,1
12 de Junio de Villa Hayes,1110171,12 de Junio de Villa Hayes,,1
Encarnacion FC,1110173,Encarnacion FC,,1
Deportivo Capiata,87470,Deportivo Capiata,,1
Guarani de Fram,1153961,Guarani de Fram,,1
Pastoreo FC,864173,Pastoreo FC,,1
Presidente Hayes,602294,Presidente Hayes,,1
Club Dr Benjamin Aceval,818716,Club Dr Benjamin Aceval,,1
Cristobal Colon JAS,585575,Cristobal Colon JAS,,1
Fulgencio Yegros,247557,Fulgencio Yegros,,1
General Caballero Campo Grande,818828,General Caballero Campo Grande,,1
Club Pilcomayo FBC,463349,Club Pilcomayo FBC,,1
Sport Colonial,584539,Sport Colonial,,1
Sportivo Oliveno,1255867,Sportivo Oliveno,,1
Cusco FC,63760,Cusco FC,,1
Juan Pablo II College,1041663,Juan Pablo II College,,1
Pirata FC,533933,Pirata FC,,1
FC Cajamarca,1065398,FC Cajamarca,,1
FC San Marcos,1068816,FC San Marcos,,1
Bentin Tacna Heroica,1199175,Bentin Tacna Heroica,,1
Carlos Mannucci,330527,Carlos Mannucci,,1
WDA Swiecie,216334,WDA Swiecie,,1
Victoria Sulejowek,343350,Victoria Sulejowek,,1
Sandecja Nowy Sacz,36766,Sandecja Nowy Sacz,,1
GKS Wikielec,355032,GKS Wikielec,,1
GKS Belchatow,3128,GKS Belchatow,,1
Zabkovia Zabki,611366,Zabkovia Zabki,,1
Lech Poznan II,391584,Lech II Poznan,,1
Cracovia Krakow II,215818,Cracovia Krakow II,,1
Wisla Plock II,673713,Wisla Plock II,,1
Avia Swidnik,354984,Avia Swidnik,,1
Wigry Suwalki,37805,Wigry Suwalki,,1
Lechia Tomaszow Mazowiecki,109831,Lechia Tomaszow Mazowiecki,,1
Sparta Kazimierza Wielka,1268526,Sparta Kazimierza Wielka,,1
Sokol Kolbuszowa Dolna,327285,Sokol Kolbuszowa Dolna,,1
Malapanew Ozimek,273509,Malapanew Ozimek,,1
Vila Caiz,497286,Vila Caiz,,1
AD Castro Daire,612950,AD Castro Daire,,1
CF Carregal Sal,1279517,CF Carregal Sal,,1
AD Ovarense,3029,AD Ovarense,,1
Vidago FC,743901,Vidago FC,,1
Atletico Clube de Portugal,35177,Atletico Clube de Portugal,,1
CD Portalegrense 1925,500358,CD Portalegrense 1925,,1
SC Espinho,3016,SC Espinho,,1
Uniao Nogueirense,1279535,Uniao Nogueirense,,1
Puerto Rico Surf SC,1290263,Puerto Rico Surf SC,,1
FC Mayaguez,1290275,FC Mayaguez,,1
Ponce FC,1290265,Ponce FC,,1
Muaither SC,68804,Muaither SC,,1
FC Bihor Oradea,5335,FC Bihor Oradea,,1
CS Blejoi,395762,CS Blejoi,,1
FC Pucioasa,494232,FC Pucioasa,,1
Unirea Bascov,344284,Unirea Bascov,,1
CS Dinamo Bucuresti,912413,CS Dinamo Bucuresti,,1
ACS Somuz Falticeni,494248,ACS Somuz Falticeni,,1
CS Sporting Liesti,116257,CS Sporting Liesti,,1
CS Lotus Baile Felix,594748,CS Lotus Baile Felix,,1
CS Gloria 2018 Bistrita-Nasaud,489628,CS Gloria 2018 Bistrita-Nasaud,,1
CS Gheorgheni,594704,CS Gheorgheni,,1
ACS Aro Muscelul C-Lung Muscel,1023781,ACS Aro Muscelul C-Lung Muscel,,1
AS Kigali,380048,AS Kigali,,1
AC Libertas,7712,AC Libertas,,1
FC Fiorentino,37857,FC Fiorentino,,1
Al Taraji,842208,Al Taraji,,1
Tuwaiq FC,851161,Tuwaiq FC,,1
Berwick Rangers,2373,Berwick Rangers,,1
Formartine United,76347,Formartine United,,1
Inverurie Loco Works,26254,Inverurie Loco Works,,1
Strathspey Thistle,170618,Strathspey Thistle,,1
Huntly,8063,Huntly,,1
Darvel FC,831504,Darvel FC,,1
Auchinleck Talbot,39118,Auchinleck Talbot,,1
Stade de Mbour,124518,Stade de Mbour,,1
AS Camberene,344160,AS Camberene,,1
Generation Foot,297288,Generation Foot,,1
Teungueth FC,297290,Teungueth FC,,1
US Ouakam,87328,US Ouakam,,1
FK Kabel Novi Sad,466627,FK Kabel Novi Sad,,1
FK Usce Novi Beograd,397462,FK Usce Novi Beograd,,1
MSK Tesla Stropkov,220424,MSK Tesla Stropkov,,1
FK Belusa,276297,FK Belusa,,1
FK Podkonice,595590,FK Podkonice,,1
MFK Dolny Kubin,25490,MFK Dolny Kubin,,1
TJ Slavoj Boleraz,168508,TJ Slavoj Boleraz,,1
MFK Snina,37105,MFK Snina,,1
FK Junior Kanianka,606344,FK Junior Kanianka,,1
TJ Spartak Kvasov,606348,TJ Spartak Kvasov,,1
FC Jelka,528701,FC Jelka,,1
FK Kolarovo,219098,FK Kolarovo,,1
SK Bernolakovo,36888,SK Bernolakovo,,1
SK Tomasov,219134,SK Tomasov,,1
SK Nova Dedinka,528697,SK Nova Dedinka,,1
TJ Jarovce Bratislava,821328,TJ Jarovce Bratislava,,1
TFK Opatova,1035163,TFK Opatova,,1
MSK Zeliezovce,1035211,MSK Zeliezovce,,1
ZFC 1939 Trencin,1270430,ZFC 1939 Trencin,,1
MFK Detva,219126,MFK Detva,,1
OSK Slovensky Grob,219128,OSK Slovensky Grob,,1
SK Sasova,730115,SK Sasova,,1
SK Slavia Lackovce,1277330,SK Slavia Lackovce,,1
Svaty Jur,219170,Svaty Jur,,1
TJ Iskra Holic,730117,TJ Iskra Holic,,1
SK Velke Zaluzie,270887,SK Velke Zaluzie,,1
TJ Druzstevnik Bitarova,821304,TJ Druzstevnik Bitarova,,1
FC Komoca,1270494,FC Komoca,,1
FK Senica,36333,FK Senica,,1
MSK Senec,358954,MSK Senec,,1
SK 1923 Gabcikovo,597034,SK 1923 Gabcikovo,,1
FC Banik Prievidza,219160,FC Banik Prievidza,,1
MSK Kysucke Nove Mesto,270939,MSK Kysucke Nove Mesto,,1
MFK Ruzomberok B,7408,MFK Ruzomberok B,,1
FK Jesenske,219116,FK Jesenske,,1
FC Rohoznik,172050,FC Rohoznik,,1
SK Senkvice,219110,SK Senkvice,,1
MFK Kezmarok,461881,MFK Kezmarok,,1
SK Pramen Kovacova,270923,SK Pramen Kovacova,,1
OFK Dunajska Luzna,77275,OFK Dunajska Luzna,,1
FK Cana,2407,FK Cana,,1
Oravan Oravska Jasenica,270867,Oravan Oravska Jasenica,,1
SK LR Crystal,361132,SK LR Crystal,,1
FK Geca 73,270889,FK Geca 73,,1
OFK Slovenska Lupca,821316,OFK Slovenska Lupca,,1
FC Nadszeg,1159679,FC Nadszeg,,1
FK Brezno,606278,FK Brezno,,1
PFK Piestany,606362,PFK Piestany,,1
ND Bistrc,1164879,ND Bistrc,,1
NK Bilje,2428,NK Bilje,,1
NK Podvinci,215824,NK Podvinci,,1
NK Ljutomer,198234,NK Ljutomer,,1
SD Videm,267761,SD Videm,,1
NK Jesenice,25474,NK Jesenice,,1
NK Odranci,2423,NK Odranci,,1
NK Ziri,267763,NK Ziri,,1
NK Makole Bar Miha,1047827,NK Makole Bar Miha,,1
NK Vrhnika,922717,NK Vrhnika,,1
Gomora United,1198829,Gomora United,,1
Midlands Wanderers FC,1208033,Midlands Wanderers FC,,1
Free Agents FC,1198827,Free Agents FC,,1
Siwelele FC,1269648,Siwelele FC,,1
Pyeongtaek Citizen FC,322945,Pyeongtaek Citizen FC,,1
Yangpyeong FC,326141,Yangpyeong FC,,1
Pyeongchang United,848765,Pyeongchang United,,1
FC Anyang,32675,FC Anyang,,1
Gimpo FC,202341,Gimpo FC,,1
Hyochang FC,708379,Hyochang FC,,1
Ulsan Citizen FC,708351,Ulsan Citizen FC,,1
Paju Citizen FC,418115,Paju Citizen FC,,1
Chuncheon FC,326145,Chuncheon FC,,1
Chungnam Asan FC,676363,Chungnam Asan FC,,1
Jeonnam Dragons,7643,Jeonnam Dragons,,1
CD Binefar,369426,CD Binefar,,1
Manises CF,1186735,Manises CF,,1
SD Beasain,336783,SD Beasain,,1
Casalarreina CF,369376,Casalarreina CF,,1
CD Ceuta 6 de Junio,951101,CD Ceuta 6 de Junio,,1
CD Getxo,276199,CD Getxo,,1
CD Lourdes,622160,CD Lourdes,,1
CD Yuncos,365966,CD Yuncos,,1
UD Los Garres,366892,UD Los Garres,,1
CD Sant Jordi,934317,CD Sant Jordi,,1
FC Coffrane,815228,FC Coffrane,,1
SV Muttenz,2475,SV Muttenz,,1
FC Prishtina Bern,1153435,FC Prishtina Bern,,1
SC Cham,2476,SC Cham,,1
SV Hongg,25222,SV Hongg,,1
Stade Payerne,34764,Stade Payerne,,1
FC Wettswil-Bonstetten,44249,FC Wettswil-Bonstetten,,1
FC Courtetelle,44251,FC Courtetelle,,1
FC Amical Saint-Prex,815220,FC Amical Saint-Prex,,1
FC Freienbach,44244,FC Freienbach,,1
FC Ajoie-Monterri,741213,FC Ajoie-Monterri,,1
FC Vernier,37392,FC Vernier,,1
FC Altstatten,2500,FC Altstatten,,1
Signal FC Bernex-Confignon,35121,Signal FC Bernex-Confignon,,1
FC Bosna Neuchatel,1154003,FC Bosna Neuchatel,,1
FC Lachen/Altendorf,549693,FC Lachen/Altendorf,,1
FC Morbio,393798,FC Morbio,,1
FC Azzurri Bienne,1255315,FC Azzurri Bienne,,1
Wohlen FC,2457,FC Wohlen,,1
Khan Shaykhun SC,1311228,Khan Shaykhun SC,,1
Ming Chuan University,569347,Ming Chuan University,,1
Taiwan Power Company,505278,Taiwan Power Company,,1
AC Taipei,910669,AC Taipei,,1
TRA United,788884,TRA United,,1
Hausang FC,1090563,Hausang FC,,1
Mbeya Kwanza FC,689399,Mbeya Kwanza FC,,1
B19 FC,1293003,B19 FC,,1
Songea United,1184919,Songea United,,1
Gunners FC,1090545,Gunners FC,,1
Songkhla FC,776324,Songkhla FC,,1
VRN Muangnont FC,765150,VRN Muangnont FC,,1
Fleet FC,546837,Fleet FC,,1
Udon United,734437,Udon United,,1
Pattani FC,371342,Pattani FC,,1
Phitsanulok FC,318481,Phitsanulok FC,,1
Burapha United,1112637,Burapha United,,1
Phichit United,840784,Phichit United,,1
Eagles FC,591943,Eagles FC,,1
US Ben Guerdane,148874,US Ben Guerdane,,1
JS Kairouanaise,59632,JS Kairouanaise,,1
Kastamonuspor,37689,Kastamonuspor,,1
Alanya 1221 FSK,743195,Alanya 1221 FSK,,1
Kahta 02 Spor,625686,Kahta 02 Spor,,1
Buhimba United Saints FC,1149565,Buhimba United Saints FC,,1
Kolos Kovalivka,213176,Kolos Kovalivka,,1
FC Metalist Kharkiv,3314,FC Metalist Kharkiv,,1
FC Viktoriya Sumy,407669,FC Viktoriya Sumy,,1
SC Poltava,586811,SC Poltava,,1
Dinaz Vyshgorod,430073,Dinaz Vyshgorod,,1
Hirnyk-Sport Horishni Plavni,43875,Hirnyk-Sport Horishni Plavni,,1
MFC Metalurh Zaporizhya,435158,MFC Metalurh Zaporizhya,,1
FC Chernigiv,460079,FC Chernigiv,,1
FC Podillya Khmelnytskyi,43877,FC Podillya Khmelnytskyi,,1
FC Nyva Vinnytsia,25557,FC Nyva Vinnytsia,,1
FC Lisne,1278705,FC Lisne,,1
FC Rebel Kyiv,1275646,FC Rebel Kyiv,,1
Holywell Town,81153,Holywell Town,,1
Briton Ferry,130034,Briton Ferry,,1
Malvern Town,47107,Malvern Town,,1
Colon FC,604000,Colon FC,,1
Rampla Juniors,6881,Rampla Juniors,,1
Deportivo Maldonado,3234,Deportivo Maldonado,,1
Atletico Florida,1271828,Atletico Florida,,1
CA Bella Vista,3226,CA Bella Vista,,1
Paysandu FC,838204,Paysandu FC,,1
Austin FC II,999245,Austin FC II,,1
New York City FC,167510,New York City FC,,1
Birmingham Legion FC,538325,Birmingham Legion FC,,1
San Antonio FC,250005,San Antonio FC,,1
Phoenix Rising FC,154018,Phoenix Rising FC,,1
Sporting Kansas City II,239006,Sporting Kansas City II,,1
New York City FC II,885985,New York City FC II,,1
Tacoma Defiance,206005,Tacoma Defiance,,1
Florida Futbol Club,1178941,Florida Futbol Club,,1
Philadelphia Union II,252131,Philadelphia Union II,,1
Hartford Athletic,538327,Hartford Athletic,,1
New Jersey Alliance FC,787762,New Jersey Alliance FC,,1
Sarasota Paradise,991617,Sarasota Paradise,,1
Asheville City SC,559142,Asheville City SC,,1
FC Motown,336437,FC Motown,,1
Appalachian FC,790940,Appalachian FC,,1
Real Monarchs SLC,206019,Real Monarchs SLC,,1
Ballard FC,874821,Ballard FC,,1
Forward Madison FC,538317,Forward Madison FC,,1
Long Island Rough Riders,42961,Long Island Rough Riders,,1
Carolina Core FC,1105885,Carolina Core FC,,1
Detroit City FC,437402,Detroit City FC,,1
New Mexico United,545601,New Mexico United,,1
Pittsburgh Riverhounds,23635,Pittsburgh Riverhounds,,1
Indy Eleven,148992,Indy Eleven,,1
El Farolito,334127,El Farolito,,1
Portland Hearts of Pine,1218559,Portland Hearts of Pine,,1
Westchester SC,1218563,Westchester SC,,1
Tampa Bay Rowdies,41617,Tampa Bay Rowdies,,1
Oakland Stompers,790870,Oakland Stompers,,1
Toronto FC II,252139,Toronto FC II,,1
One Knoxville SC,874807,One Knoxville SC,,1
Rhode Island FC,1092285,Rhode Island FC,,1
Union FC Macomb,1107705,Union FC Macomb,,1
Miami AC,585825,Miami AC,,1
Nona FC,874811,Nona FC,,1
Davis Legacy,798378,Davis Legacy,,1
AMSG FC,1107785,AMSG FC,,1
San Francisco Glens SC,433036,San Francisco Glens SC,,1
Seacoast United Phantoms,334437,Seacoast United Phantoms,,1
Kalamazoo FC,559072,Kalamazoo FC,,1
FC Motown STA,796182,FC Motown STA,,1
West Chester United,447643,West Chester United,,1
Stars FC,1232523,Stars FC,,1
Flint City Bucks,575815,Flint City Bucks,,1
Brooke House FC,1107761,Brooke House FC,,1
Patuxent Football Athletics,874803,Patuxent Football Athletics,,1
Utah United,1107773,Utah United,,1
Charlotte Eagles,23633,Charlotte Eagles,,1
Boston Bolts,334431,Boston Bolts,,1
FC Tucson,100013,FC Tucson,,1
Weston FC,334483,Weston FC,,1
Bigfoot FC,1232513,Bigfoot FC,,1
LVU Rush,334443,LVU Rush,,1
Fort Wayne FC,677609,Fort Wayne FC,,1
Ventura County Fusion,71056,Ventura County Fusion,,1
Midlakes United,1107777,Midlakes United,,1
Minneapolis City SC,559056,Minneapolis City SC,,1
South Carolina United Bantams,258553,South Carolina United Bantams,,1
City SC San Diego,1232521,City SC San Diego,,1
AFC Ann Arbor,559078,AFC Ann Arbor,,1
East Atlanta FC,681981,East Atlanta FC,,1
Alexandria Reds,895725,Alexandria Reds,,1
Houston FC,334471,Houston FC,,1
Southern California Eagles,334511,Southern California Eagles,,1
Lansing City Football,874783,Lansing City Football,,1
Peoria City,681567,Peoria City,,1
Gios Lions SC,1110779,Gios Lions SC,,1
SC Cleveland,559090,Cleveland SC,,1
Hudson Valley Hammers,794226,Hudson Valley Hammers,,1
Westchester Flames,334435,Westchester Flames,,1
Marin FC Legends,874825,Marin FC Legends,,1
Northern Virginia FC,790516,Northern Virginia FC,,1
CF10 Houston FC,895707,CF10 Houston FC,,1
Lane United FC,334497,Lane United FC,,1
Niagara 1812,1112963,Niagara 1812,,1
Northern Indiana FC,1232473,Northern Indiana FC,,1
Western Mass Pioneers,36101,Western Mass Pioneers,,1
Delaware FC,1232485,Delaware FC,,1
Rochester FC,591467,Rochester FC,,1
Snohomish United,1232515,Snohomish United,,1
RKC Third Coast,991603,RKC Third Coast,,1
Black Rock FC,434118,Black Rock FC,,1
Wake FC,575813,Wake FC,,1
Kings Hammer Sun City,1232491,Kings Hammer Sun City,,1
Philadelphia Ukrainian Nationals,895701,Philadelphia Ukrainian Nationals,,1
FC Miami City,334473,FC Miami City,,1
Fort Worth Vaqueros FC,437882,Fort Worth Vaqueros FC,,1
New England FC,1232483,New England FC,,1
Ambassadors FC Ohio,1244982,Ambassadors FC Ohio,,1
Real San Jose,1244980,Real San Jose,,1
Hartford City FC,559096,Hartford City FC,,1
Pennsylvania Classics,895699,Pennsylvania Classics,,1
Toledo Villa FC,559068,Toledo Villa FC,,1
Siouxland United FC,1107717,Siouxland United FC,,1
FC Buffalo,559086,FC Buffalo,,1
Brave SC,258509,Brave SC,,1
Project 51O,677599,Project 51O,,1
West Seattle Junction FC,1107783,West Seattle Junction FC,,1
New Jersey United AC,1107719,New Jersey United AC,,1
Tacoma Stars,677601,Tacoma Stars,,1
Kings Hammer Columbus,1232475,Kings Hammer Columbus,,1
Oakland County FC,681555,Oakland County FC,,1
Milwaukee Torrent,433696,Milwaukee Torrent,,1
AC Houston Sur,874819,AC Houston Sur,,1
FC Olympia,874823,FC Olympia,,1
Lonestar SC,1134031,Lonestar SC,,1
Ristozi FC,1244998,Ristozi FC,,1
Qizilqum Zarafshon,40265,Qizilqum Zarafshon,,1
FK Kokand 1912,194398,FK Kokand 1912,,1
FK Buxoro,48613,FK Buxoro,,1
Fardu Ferghana,467081,Fardu Ferghana,,1
Monagas SC,6233,Monagas SC,,1
Dynamo Puerto FC,539439,Dynamo Puerto FC,,1
Angostura FC,350774,Angostura FC,,1
Atletico El Vigia,7741,Atletico El Vigia,,1
Bolivar SC,671599,Bolivar SC,,1
Ynyshir Albions,823316,Ynyshir Albions,,1
Cardiff Draconians,1154015,Cardiff Draconians,,1
Holyhead Hotspur,37088,Holyhead Hotspur,,1
Kansanshi Dynamos,607490,Kansanshi Dynamos,,1
Yadah FC,325721,Yadah FC,,1
Highlanders FC,380444,Highlanders FC,,1
Herentals FC,421535,Herentals FC,,1
Telone FC,551819,Telone FC,,1
FC Platinum,412665,FC Platinum,,1
KF Oriku,225846,KF Oriku,,1
Tomori Berat,38531,Tomori Berat,,1
WAB Tissemessilt,238134,WAB Tissemessilt,,1
USM Setif,134988,USM Setif,,1
WA Boufarik,284557,WA Boufarik,,1
Newell's Old Boys,3212,Newell's Old Boys,,1
Andranik,1036023,Andranik,,1
Kahibah FC,431883,Kahibah FC,,1
NWS Spirit,2943,NWS Spirit,,1
FC Schladming,378078,FC Schladming,,1
SC Unterpremstatten,269345,SC Unterpremstatten,,1
SC Kundl,2070,SC Kundl,,1
SPG Wallern/ASV St. Marienkirchen,36094,SPG Wallern/ASV St. Marienkirchen,,1
SK Ebbs,753721,SK Ebbs,,1
SV Ludesch,653567,SV Ludesch,,1
SV Schwarzach,2078,SV Schwarzach,,1
DSG Ledenitzen,458475,DSG Ledenitzen,,1
SC Wieselburg,319439,SC Wieselburg,,1
SV Feldbach,353238,SV Feldbach,,1
Sheki City,1080924,Sheki City,,1
FC Gullegem,115151,FC Gullegem,,1
Olympic FC Cochabamba,1253037,Olympic FC Cochabamba,,1
Nico United,406235,Nico United,,1
Independente PA,65500,Independente PA,,1
URT MG,35278,URT MG,,1
Planaltina EC DF,838024,Planaltina EC DF,,1
Comercial PI,49200,Comercial PI,,1
Sao Paulo RS,133872,Sao Paulo RS,,1
Lion King FC,1189281,Lion King FC,,1
Fauve Azur de Yaounde,471167,Fauve Azur de Yaounde,,1
Dingnan Jiangxi United,204595,Jiangxi Dingnan United,,1
AD Rosario,1167979,AD Rosario,,1
NK Zadrugar Oprisavci,798578,NK Zadrugar Oprisavci,,1
NK Radnicki Dalj,1268856,NK Radnicki Dalj,,1
Las Tunas,318269,Las Tunas,,1
Geroskipou FC,1168495,Geroskipou FC,,1
Aspis Pylas,928845,Aspis Pylas,,1
Ceska Trebova,165786,Ceska Trebova,,1
Vorup FB,1393,Vorup FB,,1
Karlslunde IF,273395,Karlslunde IF,,1
CD Olimpico Litoral,1179387,CD Olimpico Litoral,,1
FC Los Laureles,599632,FC Los Laureles,,1
CD Cruzeiro,1048949,CD Cruzeiro,,1
AD Batanecos,1179391,AD Batanecos,,1
AD Espartano,530167,AD Espartano,,1
Erith Town,46986,Erith Town,,1
Flackwell Heath,37993,Flackwell Heath,,1
Shaftesbury,47191,Shaftesbury,,1
Whitstable Town,47562,Whitstable Town,,1
Fareham Town,46993,Fareham Town,,1
Epsom & Ewell,241,Epsom & Ewell,,1
Westbury United,47271,Westbury United,,1
AFC Portchester,58135,AFC Portchester,,1
Deal Town,46949,Deal Town,,1
Tallinna FC Zapoos,432671,Tallinna FC Zapoos,,1
Saint George SC,94787,Saint George SC,,1
FC Futura,35392,FC Futura,,1
Kajaanin Haka,35319,Kajaanin Haka,,1
Purha,283555,Purha,,1
Chamalieres FC,60778,FC Chamalieres,,1
Croix IC,132336,Croix IC,,1
FC Mantois 78,35062,FC Mantois 78,,1
FC Melun,519200,Melun FC,,1
AS Garchizy,1299946,AS Garchizy,,1
Bandrele FC,1303122,Bandrele FC,,1
RC Epernay,35057,RC Epernay,,1
US Ecotay Moingt,1303134,US Ecotay Moingt,,1
FC Viktoria 1889 Berlin,53027,FC Viktoria 1889 Berlin,,1
Eintracht Norderstedt,24072,Eintracht Norderstedt,,1
Sefwi All Stars FC,949949,Sefwi All Stars FC,,1
Nania FC,443776,FC Nania,,1
New Edubiase FC,81953,New Edubiase FC,,1
King Faisal,81949,King Faisal,,1
Aetos Orfanou,366438,Aetos Orfanou,,1
AO Miltiadis,1177823,AO Miltiadis,,1
PO Atsaleniou,6990,PO Atsaleniou,,1
Ermis Meligous,736363,Ermis Meligous,,1
Apollon Eupaliou,619666,Apollon Eupaliou,,1
San Benito FC,837394,San Benito FC,,1
Juventud Copalera,881019,Juventud Copalera,,1
CD San Rafael,1225887,CD San Rafael,,1
CD Sampdoria,1225855,CD Sampdoria,,1
CD Social Sol,273507,CD Social Sol,,1
CD Subirana,1275784,CD Subirana,,1
Kui Tan SC,952433,Kui Tan SC,,1
Sindri,42483,Sindri,,1
Hottur/Huginn,577979,Hottur/Huginn,,1
Spyrnir,42342,Spyrnir,,1
Kormakur/Hvot,330095,Kormakur/Hvot,,1
KF Fjallabyggd,70086,KF Fjallabyggd,,1
Valmiera FC,5353,Valmiera FC,,1
NEC Nijmegen,2962,NEC Nijmegen,,1
Timor-Leste,23497,Timor-Leste,,1
Bonaire,180236,Bonaire,,1
Sint Maarten,496028,Sint Maarten,,1
US Virgin Islands,21803,US Virgin Islands,,1
Foolad Hormozgan,772372,Foolad Hormozgan,,1
Baldoyle United,401063,Baldoyle United,,1
Atletico Uri,834556,Atletico Uri,,1
US Tchologo,1233317,US Tchologo,,1
Tokyo International University,44521,Tokyo International University,,1
Moab Club,1287283,Moab Club,,1
KF Rahoveci,279979,KF Rahoveci,,1
KF Lepenci,1208017,KF Lepenci,,1
FC Prizreni,763168,FC Prizreni,,1
FC Ozgon,1236407,FC Ozgon,,1
Reyady Abaseya,962179,Reyady Abaseya,,1
Shabab AL Ghazieh SC,187731,Shabab AL Ghazieh SC,,1
US Sandweiler,42838,US Sandweiler,,1
Union Titus Petange,5378,Union Titus Petange,,1
Bukit Tambun FC,882137,Bukit Tambun FC,,1
Mellieha SC,38478,Mellieha SC,,1
Qrendi FC,58323,Qrendi FC,,1
Ferroviario de Nampula,463215,Ferroviario de Nampula,,1
Yadanarbon,186789,Yadanarbon,,1
Urk,172194,Urk,,1
SV Huizen,2984,SV Huizen,,1
RKVV Westlandia,37802,RKVV Westlandia,,1
Velocitas 1897,1281913,Velocitas 1897,,1
SV Poortugaal,1281907,SV Poortugaal,,1
Wanaka AFC,792254,Wanaka AFC,,1
FC Esteli,563558,FC Esteli,,1
Blancos FC,1223885,Blancos FC,,1
Matiguas FC,680303,Matiguas FC,,1
Masachapa FC,740585,Masachapa FC,,1
Rathfriland Rangers,59588,Rathfriland Rangers,,1
Rana FK,558170,Rana FK,,1
IL Ulfstind,1100061,IL Ulfstind,,1
Harstad,716,Harstad,,1
Lewart Lubartow,629196,Lewart Lubartow,,1
AD Pontassolense,36366,AD Pontassolense,,1
SC Ferreira Zezere,1171713,SC Ferreira Zezere,,1
CD Celeiros,1279513,CD Celeiros,,1
AD Portomosense,637942,AD Portomosense,,1
CD Almodovar,377498,CD Almodovar,,1
Charneca Caparica FC,1279529,Charneca Caparica FC,,1
CS Diosig Bihardioszeg,344234,CS Diosig Bihardioszeg,,1
ACS FC Bacau II,1282315,ACS FC Bacau II,,1
Torpedo Moscow,2319,Torpedo Moscow,,1
Bisha FC,757872,Bisha FC,,1
Najran SC,56025,Najran SC,,1
St Mirren B,814112,St Mirren B,,1
Hibernian B,814092,Hibernian B,,1
Motherwell B,814114,Motherwell B,,1
Glasgow University,35027,Glasgow University,,1
Dundonald Bluebell,663259,Dundonald Bluebell,,1
ASC Linguere,87308,ASC Linguere,,1
Partizan Domaniza,168516,Partizan Domaniza,,1
TJ Kostolne Kracany,358952,TJ Kostolne Kracany,,1
TJ Imel,461823,TJ Imel,,1
NSK 1922 Bratislava,270791,NSK 1922 Bratislava,,1
Raca Bratislava,37104,Raca Bratislava,,1
Lokomotiva Devinska Nova Ves,219142,Lokomotiva Devinska Nova Ves,,1
CF Campanario,627066,CF Campanario,,1
FC Tuggen,35120,FC Tuggen,,1
FC Lommiswil,1154005,FC Lommiswil,,1
SV Schaffhausen,34775,SV Schaffhausen,,1
Zug 94,34757,Zug 94,,1
BSC Old Boys,34777,BSC Old Boys,,1
SC Buochs,2478,SC Buochs,,1
FC Klingnau,268619,FC Klingnau,,1
FC Oberwallis Naters,2494,FC Naters Oberwallis,,1
Damascus Al-Ahli,35891,Damascus Al-Ahli,,1
Barberian FC,1067456,Barberian FC,,1
Polisi Tanzania FC,624454,Polisi Tanzania FC,,1
Chachoengsao FC,326319,Chachoengsao FC,,1
Rogba Tataouine,669737,Rogba Tataouine,,1
BS Bouhajla,669745,BS Bouhajla,,1
Ezinespor,1282463,Ezinespor,,1
Afjet Afyonspor,275327,Afjet Afyonspor,,1
Lugazi Municipal FC,528159,Lugazi Municipal FC,,1
FC Trostianets,444843,FC Trostianets,,1
FC Minaj,451399,FC Minaj,,1
HFC Penuel Kriviy Rih,396516,HFC Penuel Kriviy Rih,,1
New York Shockers,790938,New York Shockers,,1
Foro SC,758890,Foro SC,,1
Laguna United FC,1134017,Laguna United FC,,1
Corpus Christi FC,434122,Corpus Christi FC,,1
Southern Indiana FC,1134119,Southern Indiana FC,,1
Inter San Francisco,988007,Inter San Francisco,,1
FC Arizona,437890,FC Arizona,,1
Duluth FC,437878,Duluth FC,,1
New York Pancyprian Freedoms,673431,New York Pancyprian Freedoms,,1
Soda City FC,798254,Soda City FC,,1
Cruizers FC,798388,Cruizers FC,,1
Hill Country Lobos,1107731,Hill Country Lobos,,1
Lionsbridge FC,433032,Lionsbridge FC,,1
Albion SC Colorado,991619,Albion SC Colorado,,1
Redlands FC,991625,Redlands FC,,1
Charlottesville Blues,1107707,Charlottesville Blues,,1
Christos FC,336431,Christos FC,,1
Montgomery United FC,1232501,Montgomery United FC,,1
FC Frederick,559110,FC Frederick,,1
Grove Soccer United,895721,Grove Soccer United,,1
Springfield FC,798216,Springfield FC,,1
Global Soccer Pathways,1007245,Global Soccer Pathways,,1
Cleveland SC,559090,Cleveland SC,,1
Iowa Demon Hawks,798268,Iowa Demon Hawks,,1
Erie Sports Center,1232477,Erie Sports Center,,1
Inter Gainesville KF,1107763,Inter Gainesville KF,,1
Greenville United,998545,Greenville United,,1
Electric City Shock SC,559116,Electric City Shock SC,,1
Hershey FC,559126,Hershey FC,,1
Flower City Union,886019,Flower City Union,,1
FC Brownsville,677621,FC Brownsville,,1
Colorado Storm,1232519,Colorado Storm,,1
Albany Rush,874797,Albany Rush,,1
Wisconsin Conquerors FC,1110781,Wisconsin Conquerors FC,,1
Players Development Academy,1244992,Players Development Academy,,1
Club de Lyon FC,987517,Club de Lyon FC,,1
Lexington SC II,1252803,Lexington SC II,,1
Twin City Toucans,334467,Twin City Toucans,,1
Sioux Falls Thunder FC,559050,Sioux Falls Thunder FC,,1
West Texas FC,998535,West Texas FC,,1
Syracuse FC,559084,Syracuse FC,,1
West Virginia United,334417,West Virginia United,,1
Louisiana Krewe FC,673423,Louisiana Krewe FC,,1
Columbus United FC,1110777,Columbus United FC,,1
Academica SC,559226,Academica SC,,1
Hickory FC,1107725,Hickory FC,,1
Mississippi Brilla,334463,Mississippi Brilla,,1
Salem City FC,575809,Salem City FC,,1
Florida Badgers FC,1304488,Florida Badgers FC,,1
Bikita Minerals,1109509,Bikita Minerals,,1
Platinum FC,412665,FC Platinum,,1
Triangle United,421545,Triangle United,,1
Manica Diamonds FC,551821,Manica Diamonds FC,,1
Academia de Balompie Boliviano,926557,Academia del Balompie Boliviano,,1
British Virgin Islands,21810,"Virgin Islands, British",,1
Hakoah Amidar Ramat Gan,5376,Hakoach Amidar Ramat Gan,,1
Niigata University H&W,281395,Niigata University HW,,1
ACS Vedita Colonesti MS,610890,CS Vedita Colonesti MS,,1
CS Viitorul Livezile,1269612,ACS Viitorul Livezile,,1
New York Red Bulls II,252135,Red Bull New York II,,1
Southern Indiana Guadians FC,1112965,Southern Indiana Guardians FC,,1
ES Theniet El Abed,1217423,ES Teniet El Abed,,1
Centro Espanyol,299336,Centro Espanol,,1
ASK Kohfidisch,2193,ASKO Kohfidisch,,1
VST Volkermarkt,211910,VST Voelkermarkt,,1
Dalian K'un City,1110197,Dalian Kun City,,1
Tai'an Tiankuang,897679,Taian Tiankuang,,1
NK Croatia Dakovo,35242,HNK Croatia Dakovo,,1
Misr Lel Makasa,43559,Misr Lel Makkasa,,1
AFC Los Laureles,599632,FC Los Laureles,,1
Seinajoen Sisu,1007075,Seinaajoen Sisu,,1
FC Nagykanizsa,380448,FC Nagykanizsai,,1
Food Corp. of India,1092005,Food Corp of India,,1
CS Avantul Periam,353848,CSM Avantul Periam,,1
FK Prykarpattya Ivano-Frankivsk,36382,FC Prykarpattya Ivano-Frankivsk,,1
Tulsa Athletic,559158,Tulsa Athletics,,1
West Wallsend SC,563028,West Wallsend SFC,,1
Shahr Raz Shiraz,1051291,Shahre Raz Shiraz,,1
Stromsgodset 2,658,Stroemsgodset 2,,1
SK St Johann,212840,SK St. Johann,,1
TB Tvoroyri,5191,TB Tvoeroyri,,1
Ancienne Chateau-Gontier,643506,Ancienne Chateau Gontier,,1
Measures Club,608546,Measurers Club,,1
International Pacific University SC,584923,International Pacific University,,1
Blauw Geel '38,371760,Blauw Geel 38,,1
Aalesunds FK 2,7307,Aalesund FK 2,,1
LKS Lodz III,681381,LKS Lodz II,,1
Bucak Belediyesi Oguzhanspor,119864,Bucak Belediye Oguzhanspor,,1
Gio`s Lions SC,1110779,Gios Lions SC,,1
St Croix SC,874793,St. Croix SC,,1
FC Wettswill-Bonsetetten,44249,FC Wettswil-Bonstetten,,1
SV Friedburg Pondorf,750825,SV Friedburg/Pondorf,,1
Integracion Del Norte San Juan,1252165,Integracion Del Norte San Juan FC,,1
Jaguares ES,21856,Jaguare ES,,1
Gremio Esportivo Laranjeiras,838670,Gremio Esportivo Laranjeiras ES,,1
Gremio Desportivo Valparaiso,1276626,Gremio Desportivo Valparaiso DF,,1
Wuxi Wugo,793008,Wuxi Wugou,,1
FK Trutnov,43657,MFK Trutnov,,1
SK Libcany,463809,SK Libchany,,1
BK. Skjold,1757,BK Skjold,,1
Horsholm-Usserod IK,22212,Hoersholm-Usseroed IK,,1
Atletico Sanjuaneño,1225863,Atletico Sanjuaneno,,1
Karcagi SE,25603,Karcag SE,,1
Sarvari FC,25620,Sarvar FC,,1
Calcutta Polica Club,466767,Calcutta Police Club,,1
Railways FC,1033979,Railway FC,,1
Al Zawra'a,35888,Al Zawraa,,1
Stade Lausanne-Ouchy,35162,Stade Lausanne Ouchy,,1
FC Struga Trim & Lum,299146,FC Struga Trim Lum,,1
Epitsentr Kamianets-Podilskyi,602316,FC Epitsentr Kamianets-Podilskyi,,1
Chabab Atlas Khénifra,118816,Chabab Atlas Khenifra,,1
Hapoel Tirat HaCarmel,401739,Hapoel Tirat Hacarmel,,1
FK Neptunas Klaipeda,682063,FC Neptunas Klaipeda,,1
BFA Vilnius,1246629,Vilnius FA,,1
AS Stiinta Miroslava,288579,CS Stiinta Miroslava,,1
TJ Druzstevnik Latky,1035149,Tj Druzstevnik Latky,,1
TJ Spissky Stiavnik,1035187,Tj Spissky Stiavnik,,1
Orlando Pirates B FC,7668,Orlando Pirates FC,,1
Philadelphia Union DS,1016011,Philadelphia Union Ds,,1
Southern Indiana Guardians,1112965,Southern Indiana Guardians FC,,1
Osner's FC,1245004,Osners FC,,1
St Veit SC,548487,SC St. Veit,,1
Churchill Brothers FC,40078,Churchill Brothers SC,,1
Pogon-Sokol Lubaczow,720917,Pogon Sokol Lubaczow,,1
CS Gilortul Targu Carbunesti II,594738,CS Gilortul Targu Carbunesti,,1
Terassa FC,2857,Terrassa FC,,1
Sarmiento de Resistencia,65670,CA Sarmiento de Resistencia,,1
Independiente Chivilcoy,300078,Independiente de Chivilcoy,,1
Central Cordoba Rosario,224836,CA Central Cordoba Rosario,,1
Moreton City Excelsior,1098129,Moreton City Excelsior FC,,1
Perth RedStar FC,92024,Perth Redstar FC,,1
Portuguesa Londrinense,21988,Portuguesa Londrinense PR,,1
Independente Simao Dias,840488,Independente Simao Dias SE,,1
General Velásquez,434016,General Velasquez,,1
Chongqing Tonglianglong,1009007,Chongqing Tonglianglong FC,,1
Wuhan Three Towns,1239149,Wuhan Three Towns B,,1
FK Usti nad Labem B,4868,FK Usti nad Labem,,1
Hanacka Slavia Kromeriz,4865,SK Hanacka Slavia Kromeriz,,1
Viktoria Marianske Lazne B,274747,FC Viktoria Marianske Lazne,,1
Juventud Independiente,1274592,AD Juventud Independiente,,1
Kidderminster Harriers,90,Kidderminster Harriers FC,,1
Olympique Villefontaine,1303114,Olympique de Villefontaine,,1
Mazeres Uzos Rontignon,1185421,AS Mazeres Uzos Rontignon,,1
Santa Lucia Cotzumalguapa,344922,FC Santa Lucia Cotzumalguapa,,1
Yokohama F-Marinos,3137,Yokohama F Marinos,,1
Legia Warsaw II,77055,Legia Warszawa II,,1
Sporting San Miguelito,108211,AF Sporting San Miguelito,,1
Beitar Tel Aviv Bat Yam,36264,Beitar Tel Aviv Bat Yam FC,,1
MS Shikun Hamizrah,185998,SC Shikun Hamizrah,,1
Augšdaugavas NSS,68714,Augsdaugavas NSS,,1
Héroes de Zaci FC,1215281,Heroes de Zaci FC,,1
Cimarrones de Sonora FC II,215050,Cimarrones de Sonora FC,,1
Deportivo Santaní,90962,Deportivo Santani,,1
Nacional Yby Yau,913901,Nacional Yvy Yau,,1
FK Vrsac,552141,OFK Vrsac,,1
Tj Jednota Banova,25468,TJ Jednota Banova,,1
Slavia TU Kosice,270783,Slavia Tu Kosice,,1
Tj Druzstevnik Velke Ludince,172064,Druzstevnik Velke Ludince,,1
TJ Tatran Krasno Nad Kysucou,219112,Tatran Krasno Nad Kysucou,,1
USV Eschen/Mauren,38620,USV Eschen-Mauren,,1
Kasem Bundit University,391732,Kasem Bundit University FC,,1
FK Kulykiv-Bilka,1168465,FC Kulykiv-Bilka,,1
Nacional de Nueva Helvecia,1057025,Nacional Nueva Helvecia,,1
Chattanooga Red Wolves,538315,Chattanooga Red Wolves SC,,1
Charlotte Independence II,206009,Charlotte Independence,,1
Kings Hammer FC Cincinnati,787684,Kings Hammer Cincinnati,,1
Xorazm FK Urganch,40260,Xorazm Fk Urganch,,1
Academia Puerto Cabello II,266595,Academia Puerto Cabello,,1
Sporting Club Inkberrow,1154297,Sporting Club Inkberrow FC,,1
Tapachula Soconusco FC II,1180063,Tapachula Soconusco FC,,1
Chapulineros de Oaxaca II,292102,Chapulineros de Oaxaca,,1
Palmerston North United,1268570,Palmerston North United FC,,1
Tromso 2,7065,Tromsoe 2,,1
CD Cabeza del Buey,627022,CD Cabeza Del Buey,,1
FC Schaffhausen 2,2461,FC Schaffhausen,,1
San Martin de Mendoza,4474,AC San Martin de Mendoza,,1
Dianella White Eagles,254835,Dianella White Eagles SC,,1
Canberra White Eagles,550721,Canberra White Eagles FC,,1
SK Furstenfeld,36905,SC Furstenfeld,,1
SV Wals-Grünau,74451,SV Wals-Grunau,,1
ASK Horitschon,2192,ASK Horitschon/U,,1
CD Guadalajara Qaqachaca,1255857,Guadalajara Qaqachaca,,1
EC Laranja Mecanica,889667,EC Laranja Mecanica PR,,1
Slavia Prague B,2216,Slavia Prague,,1
Slavoj Cesky Krumlov,76761,FK Slavoj Cesky Krumlov,,1
TJ Spoje Praha,924331,Tj Spoje Praha,,1
Tecnico Universitario,21941,CD Tecnico Universitario,,1
Independiente Juniors,518870,CD Independiente Juniors,,1
Abo Qir Semad,376284,Abo Qair Semads,,1
Hartpury University,1136537,Hartpury University FC,,1
KI Klaksvik II,66056,Ki Klaksvik II,,1
US Lusitanos Saint-Maur,1750,Lusitanos Saint-Maur,,1
Savigneux Montbrison,86368,AS Savigneux Montbrison,,1
Dinamo Tbilisi,79165,Dinamo-2 Tbilisi,,1
Ulfarnir,330113,Ulfanir,,1
Persikab Bandung,64289,Persib Bandung,,1
Singida Black Stars,689389,Singida Black Stars SC,,1
KF Fushë Kosova,279987,KF Fushe Kosova,,1
Christchurch United,592980,Christchurch United FC,,1
FC Baleine Shimonoseki,746181,Baleine Shimonoseki,,1
FK Kyrgyzaltyn,353880,FC Kyrgyzaltyn,,1
FK Zalgiris Vilnius II,5345,Vilnius FK Zalgiris,,1
Artesanos Metepec FC II,981613,Artesanos Metepec FC,,1
Youssoufia Berrechid,118830,CA Youssoufia Berrechid,,1
Ferroviario Lichinga,770952,Ferroviario de Lichinga,,1
Universities of Canterbury,324339,Universities of Canterbury AFC,,1
Pors Grenland 2,729,Pors Grenland,,1
Rade IL,874,Raade IL,,1
Unión Comercio,48431,Union Comercio,,1
GKS Pniowek 74 Pawlowice,216966,GKS Pniowek Pawlowice,,1
Puszcza Niepolomice II,38729,Puszcza Niepolomice,,1
CSL Hidro Mecanica Sugag 1984,1282317,Csl Hidro Mecanica Sugag 1984,,1
TJ Horny Hricov,1035151,Tj Horny Hricov,,1
TJ Tatran Oravske Vesele,172058,Tatran Oravske Vesele,,1
Sobrance Sobranecko,270911,FK Sobrance Sobranecko,,1
CD San Ignacio B,493174,CD San Ignacio,,1
CP Montehermoso,627076,Cp Montehermoso,,1
Cadiz C,4488,Cadiz CF,,1
Chernomorets Odessa,3310,FC Chernomorets Odessa,,1
Polissya Stavki,577063,Polissya Stavky,,1
Universitario de Salto,915997,Universitario Salto,,1
IA Rio Negro de San Jose,915855,Rio Negro de San Jose,,1
CA Universitario Salto,915997,Universitario Salto,,1
Minnesota United FC II,41618,Minnesota United FC,,1
Chicago Dutch Lions,874789,Chicago Dutch Lions FC,,1
Charlottetowne Hops,998539,Charlottetowne Hops FC,,1
MB Constantine,41753,MO Constantine,,1
Seaford Rangers,313167,Samford Rangers,,1
Teixeira de Freitas,558576,Teixeira de Freitas BA,,1
Araucaria ECR,686827,Araucaria EC PR,,1
Sekondi Eleven Wise FC,42616,Sekondi Eleven Wise,,1
Johor Darul Takzim II,165772,Johor Darul Takzim FC II,,1
Musselburgh Athletic,937237,Musselburgh Athletic FC,,1
Mpheni Home Defenders,982901,Mpheni Home Defenders FC,,1
Nakhon Pathom United,330037,Nakhon Pathom United FC,,1
FK Skala Stryi,54133,FC Skala Stryi,,1
Virginia Beach City,559108,Virginia Beach City FC,,1
JB Ain Kercha,659785,Jb Ain Kercha,,1
Santamarina Tandil,165912,CD Santamarina Tandil,,1
Campbelltown City,90874,Campbelltown City SC,,1
Stirling Macedonia,92034,Stirling Macedonia FC,,1
Central Coast Mariners NPL,5966,Central Coast Mariners,,1
Kingsley Westside,426859,Kingsley Westside FC,,1
Gold Coast United,35845,Gold Coast United FC,,1
Launceston United,440148,Launceston United SC,,1
Riverside Olympic,424559,Riverside Olympic FC,,1
FSC Eggendorf Hartberg II,567389,Fsc Eggendorf Hartberg II,,1
Bratstvo Gracanica,25832,NK Bratstvo Gracanica,,1
Sloboda Novi Grad,37699,FK Sloboda Novi Grad,,1
Tocantinopolis EC,245545,Tocantinopolis EC TO,,1
SC Brasil Capixaba,572499,SC Brasil Capixaba ES,,1
Duque de Caxias FC,21959,Duque de Caxias FC RJ,,1
CE Bento Goncalves,21961,CE Bento Goncalves RS,,1
FC Rio de Janeiro,893151,FC Rio de Janeiro RJ,,1
Qingdao West Coast,754363,Qingdao West Coast FC,,1
Kunming City Star FC,624692,Kunming City Star,,1
HFK Olomouc,5107,1 HFK Olomouc,,1
Chacaritas SC,676871,Chacaritas FC,,1
JK Tallinna Kalev II,7105,JK Tallinna Kalev,,1
Levadia Tallinn II,3342,FCI Levadia Tallinn,,1
Laanemaa Haapsalu,213222,Laanemaa JK Haapsalu,,1
KUPS Akatemia,879079,KuPS Akatemia,,1
La Baule Pouliguen,125970,La Baule Le Pouliguen,,1
Meshakhte Tkibuli,37305,FC Meshakhte Tkibuli,,1
KM Reykjavik,1902,KR Reykjavik,,1
Dalvik/Reynir,48115,Dalvik Reynir,,1
Kuala Lumpur City,3324,Kuala Lumpur City FC,,1
Al-Rayyan SC,40660,Al Rayyan SC,,1
Odd BK,659,Odds BK,,1
Valencia Mestalla,24337,Valencia CF Mestalla,,1
Rabotnicki Skopje,5212,FK Rabotnicki Skopje,,1
Petrolul Ploiesti,25856,FC Petrolul Ploiesti,,1
Hapoel Kfar Shalem,65204,Hapoel Kfar Shalem FC,,1
Partizan Belgrade,5152,FK Partizan Belgrade,,1
FC The Belval Belvaux,46352,The Belval Belvaux,,1
Orlando City,252137,Orlando City B,,1
Foolad Khuzestan B,377004,Foolad Khuzestan B FC,,1
Sendai University SC,526441,Sendai University,,1
Chukyo University II,44520,Chukyo University,,1
Al Shamiya FC,1301000,AL Shamiya FC,,1
FK Tukums 2000/TSS II,36080,FK Tukums 2000/TSS,,1
FK Kauno Zalgiris II,80741,FK Kauno Zalgiris,,1
Sri Pahang FC,75279,Sri Pahang FA,,1
Victoria Hotspurs,46046,Victoria Hotspurs FC,,1
Deportiva Venados II,863921,Deportiva Venados,,1
Dragones de Oaxaca II,1215199,Dragones de Oaxaca,,1
Central Stallions,725953,Central Stallions FC,,1
Ferroviario Maputo,246137,Ferroviario de Maputo,,1
Ferroviario Beira,317565,Ferroviario Da Beira,,1
HSC '21,6481,HSC 21,,1
West Coast Rangers,786776,West Coast Rangers FC,,1
Lisburn Distillery,5275,Lisburn Distillery FC,,1
AP Brera Strumica,262015,FK AP Brera Strumica,,1
Eidsvold TF 2,694,Eidsvold TF,,1
Podlasie Biala Podlaska,38728,MKS Podlasie Biala Podlaska,,1
Blekitni Stargard II,162296,Blekitni Stargard,,1
Wybrzeze Rewalskie Rewal,1154821,LKS Wybrzeze Rewalskie Rewal,,1
Naprzod Jedrzejow,38725,KS Naprzod Jedrzejow,,1
Olivais Moscavide,6155,CD Olivais Moscavide,,1
AD Fornos de Algodres,369662,Fornos de Algodres,,1
DS Edusoccer,1290273,Ds Edusoccer,,1
Cumbernauld Colts,224832,Cumbernauld Colts FC,,1
SK Cifer 1919,1159681,SK Cifer 1929,,1
Chungbuk Cheongju,567083,Chungbuk Cheongju FC,,1
FC Münsingen,2483,FC Munsingen,,1
Dardania Lausanne,213068,FC Dardania Lausanne,,1
Samut Sakhon City,264011,Samut Sakhon City FC,,1
FSC Mariupol,575661,FSK Mariupol,,1
FK Real Pharma Odessa,167742,Real Pharma Odessa,,1
Uruguay Montevideo,607848,Uruguay Montevideo FC,,1
Wanderers Durazno,1057015,CA Wanderers Durazno,,1
Des Moines Menace,100011,Des Moines Menaceusa,,1
California Odyssey,998525,California Odyssey SC,,1
Virginia Marauders,991609,Virginia Marauders FC,,1
Dayton Dutch Lions FC,71058,Dayton Dutch Lions,,1
Miami Dutch Lions FC,677623,Miami Dutch Lions,,1
Joy St Louis Park,790874,Joy AC St Louis Park,,1
WC Predators,1110783,Wc Predators,,1
San Francisco City FC,334509,San Francisco City,,1
Deportivo Miranda FC,996463,Deportivo Miranda,,1
xxClub Aurora,33714,Club Aurora,,1
Barcelona RJ,430139,Barcelona RO,,1
CD Espartano,530167,AD Espartano,,1
Broadbridge Heath,1022287,Broadbridge Heath FC,,1
Trelissac FC,1735,Trelissac APFC,,1
GAS Svoronou,473265,GAS Svoronos,,1
SSD Athletic Club Palermo,1278839,Ssd Athletic Club Palermo,,1
Strabane Athletic,131584,Strabane Athletic FC,,1
Zaglebie Sosnowiec II,7693,Zaglebie Sosnowiec,,1
Estrela da Calheta FC,1279531,Estrela Calheta FC,,1
CA Pulpileño,369334,CA Pulpileno,,1
Bayburt Ozel Idare SK,119364,Bayburt Ozel Idare,,1
Virginia Beach Utd,575811,Virginia Beach United,,1
MC El Eulma,44999,MC EL Eulma,,1
Attacking Saints,1240313,Attacking Saints FC,,1
Primero de Mayo,1254113,Primero de Mayo FC,,1
General Lamadrid,377556,CA General Lamadrid,,1
Atletico Rafaela,34976,Atletico de Rafaela,,1
Adelaide Comets,90870,Adelaide Comets FC,,1
Olympic Kingsway,319213,Olympic Kingsway SC,,1
Forrestfield Utd,407471,Forrestfield United,,1
Monaro Panthers,91574,Monaro Panthers FC,,1
Redlands United,91934,Redlands United FC,,1
Queanbeyan City,555286,Queanbeyan City FC,,1
New Town Eagles,424561,New Town Eagles SC,,1
SV Austria Salzburg,43074,Austria Salzburg,,1
FC Wacker Innsbruck,2088,Wacker Innsbruck,,1
Mohammedan Dhaka,275093,Mohammedan SC Dhaka,,1
Nacional Potosi,47700,CA Nacional Potosi,,1
Slavija Sarajevo,6150,FK Slavija Sarajevo,,1
Ljubic Prnjavor,37166,FK Ljubic Prnjavor,,1
FC Velez Nevesinje,747547,Velez Nevesinje,,1
Jedinstvo Bihac,6143,NK Jedinstvo Bihac,,1
Independente AP,792888,Independente EC AP,,1
Nacional PR,21860,Nacional PB,,1
CA Patrocinense,400991,CA Patrocinense MG,,1
Gremio Anapolis,87168,Gremio Anapolis GO,,1
FC Sevlievo,373902,FK Sevlievo,,1
Visakha FC B,409111,Visakha FC,,1
Shenzhen Juniors,1110231,Shenzhen Juniors FC,,1
Guangxi Hengchen,1110227,Guangxi Hengchen FC,,1
Slovan Liberec B,105803,FC Slovan Liberec B,,1
Sigma Olomouc B,4867,SK Sigma Olomouc B,,1
Viktoria Plzen B,603560,FC Viktoria Plzen B,,1
Viktoria Zizkov B,2211,FK Viktoria Zizkov,,1
Spartak Sobeslav,355240,FK Spartak Sobeslav,,1
SK Olympia Rajecko,310316,Olympia Rajecko,,1
CD Santo Domingo,832442,DSD Santo Domingo,,1
Hungerford Town,37995,Hungerford Town FC,,1
JK Tammeka Tartu II,138566,Tartu JK Tammeka,,1
Ethiopian Coffee,255653,Ethiopian Coffee SC,,1
EB/Streymur,5260,Eb/Streymur,,1
Ylojarvi United,1007057,Ylojarvi United FC,,1
Saumur Olympique,32494,Olympique Saumur FC,,1
Aviron Bayonnais,6914,Aviron Bayonnais FC,,1
Beaumont SA,643502,Beaumont Sa,,1
Canet Roussillon,393328,Canet Roussillon FC,,1
Merani Martvili,37303,FC Merani Martvili,,1
FC Algeti Marneuli,44219,Algeti Marneuli,,1
Deportivo Catocha,269747,Deportivo Carcha,,1
Mosonmagyarovari,25610,Mosonmagyarovari TE,,1
Southern Samity,307600,Southern Samity FC,,1
Pohang Steelers,7650,FC Pohang Steelers,,1
Dukla Banska Bystrica,4503,MFk Dukla Banska Bystrica,,1
Chojniczanka Chojnice,105963,MKS Chojniczanka Chojnice,,1
FC Tatran Presov,2403,1. FC Tatran Presov,,1
Sutjeska Niksic,6224,FK Sutjeska Niksic,,1
Sheriff Tiraspol,5173,FC Sheriff Tiraspol,,1
FC Kudrivka,543813,FK Kudrivka,,1
Beitar Jerusalem,5204,Beitar Jerusalem FC,,1
KF Ballkani,280003,FC Ballkani,,1
Jeunesse Canach,37256,FC Jeunesse Canach,,1
Zimbru Chisinau,5265,FC Zimbru Chisinau,,1
Atletico Astorga,167154,Atletico Astorga FC,,1
Seattle Sounders FC,22009,Seattle Sounders,,1
Hapoel Jerusalem,86406,Hapoel Jerusalem FC,,1
Hapoel Herzelia,7383,Hapoel Herzelia FC,,1
Minebea Mitsumi,38122,Minebea Mitsumi FC,,1
Victoria Rosport,5387,FC Victoria Rosport,,1
Mighty Wanderers,412653,Mighty Wanderers FC,,1
Kamuzu Barracks,452707,Kamuzu Barracks FC,,1
Mineros de Zacatecas II,159946,CD Mineros de Zacatecas,,1
Real Apodaca FC II,933565,Real Apodaca FC,,1
Alebrijes de Oaxaca II,109859,Alebrijes de Oaxaca FC,,1
Baía de Pemba F.C,554140,Baia de Pemba FC,,1
Yarmanya United FC,1165821,Yarmanya United,,1
Fencibles United,792194,Fencibles United FC,,1
Upper Hutt City,792248,Upper Hutt City FC,,1
Juventus Managua,285849,Juventus FC Managua,,1
Al Mudhaibi,154016,Al-Mudhaibi,,1
24 de Setiembre,466309,24 de Setiembre VP,,1
Deportivo Llacuabamba,655769,CSC Deportivo Llacuabamba,,1
Comerciantes FC,655763,AD Comerciantes FC,,1
Wieczysta Krakow II,406863,Wieczysta Krakow,,1
Caguas Sporting,1290261,Caguas Sporting FC,,1
Al Bidda SC,504058,AL Bidda SC,,1
Al Markhiya,372054,AL Markhiya,,1
Forres Mechanics,2395,Forres Mechanics FC,,1
OSK Besenova,923657,SK Besenov,,1
Slovan Brvniste,270891,TJ Slovan Brvniste,,1
MFK Gelnica,606240,MFk Gelnica,,1
Renop Liptovska Tepla,922117,Osk Renop Liptovska Tepla,,1
Trencianske Stankovce,25495,OSK Trencianske Stankovce,,1
Dangjin Citizen FC,848759,Dangjin Citizen,,1
San Fernando CD II,24334,CD San Fernando,,1
Inter de Valdemoro,625570,Inter Valdemoro,,1
Betis Valladolid,1290287,Betis CF Valladolid,,1
SCF Minerva,366890,SFC Minerva,,1
Concordia Basel,2444,FC Concordia Basel,,1
Rasi Salai United,747699,Rasisalai United,,1
Defence Force FC II,315145,Defence Force FC,,1
Kolos Kovalivka II,213176,Kolos Kovalivka,,1
FC Uzhhorod,460077,FC Uzhgorod,,1
Central Espanol,3232,Central Espanol FC,,1
Chicago Fire II,885977,Chicago Fire FC II,,1
Orlando City SC II,52237,Orlando City SC,,1
Huntsville City,999247,Huntsville City FC,,1
Vancouver Whitecaps II,22010,Vancouver Whitecaps FC,,1
Colorado Rapids II,2510,Colorado Rapids,,1
Michigan Rangers,1005495,Michigan Rangers FC,,1
Annapolis Blues,998543,Annapolis Blues FC,,1
Arkansas Wolves FC,785790,Arkansas Wolves,,1
Cleveland Force,874795,Cleveland Force SC,,1
New Jersey Copa,334131,New Jersey Copa FC,,1
Oklahoma Utd FC,1244994,Oklahoma United FC,,1
New Haven United,1245002,New Haven United FC,,1
Monterey Bay FC II,868669,Monterey Bay FC,,1
Neftchi Fargona,36256,FK Neftchi Fargona,,1
KS Sopoti Librazhd,37142,Sopoti Librazhd,,1
Jennings United,1301688,Jennings United FC,,1
Sao Francisco AC,675195,Sao Francisco FC AC,,1
NK Slavonija Pozega,35235,Slavonija Pozega,,1
Ermis Aradippou,25527,Ermis Aradippou FC,,1
Furiani Agliani,125958,AS Furiani Agliani,,1
Thonon Evian FC,21800,Thonon Evian GG FC,,1
Atletico Junior,1225865,CD Atletico Junior,,1
Pumas Las Vegas,1225867,Pumas FC Las Vegas,,1
Leicester Celtic,393256,Leicester Celtic FC,,1
Sporting Canamy II,421979,Sporting Canamy,,1
Recolta Gheorghe Doja,594744,ACS Recolta Gheorghe Doja,,1
FC Otelul Galati,3291,ASC Otelul Galati,,1
Weg Taif SC,276755,Wej Taif SC,,1
Johnstone Burgh,1285321,Johnstone Burgh FC,,1
TJ Malinovo,1035143,Tj Malinovo,,1
FK Karpaty Limbach,168500,Karpaty Limbach,,1
Ubon United,734437,Udon United,,1
Chernomorets Odessa II,3310,FC Chernomorets Odessa,,1
Portland Bangers,1232525,Portland Bangers FC,,1
Erie Commodores,437414,Erie Commodores FC,,1
Kimberley Mar del Plata,672815,Kimberley de Mar Del Plata,,1
Ararat Yerevan,5377,Ararat Yerevan FC,,1
West Adelaide,137694,West Adelaide SC,,1
Adelaide City,90868,Adelaide City FC,,1
Fremantle City FC,319209,Fremantle City,,1
Pontian Eagles,424587,Pontian Eagles SC,,1
Wynnum Wolves,91134,Wynnum Wolves FC,,1
Moreton City Excelsior B,1098133,Moreton City Excelsior FC 2,,1
Darwin Olympic,212950,Darwin Olympic SC,,1
Devonport City,135952,Devonport City SC,,1
Gosnells City,396550,Gosnells City FC,,1
Al Bahrain,60428,AL Bahrain,,1
Real Tomayapo,613958,CD Real Tomayapo,,1
BSK Banja Luka,37161,FK BSK Banja Luka,,1
Jwaneng Galaxy FC,406217,Jwaneng Galaxy,,1
Rio Branco AC,21862,Rio Branco FC AC,,1
CA Cristal,34002,Cristal AP,,1
Valeriodoce EC,1044081,Valeriodoce EC MG,,1
Sao Goncalo EC,327307,Sao Goncalo EC RJ,,1
Perolas Negras,438984,Perolas Negras RJ,,1
Santa Cruz RS,21991,FC Santa Cruz RS,,1
Santa Cruz RJ,342214,Santa Cruz FC RJ,,1
Carlos Renaux,648022,Carlos Renaux SC,,1
Metropolitano,21980,Metropolitano SC,,1
SC Rio Grande,193670,SC Rio Grande RS,,1
Prudentopolis,135322,Prudentopolis PR,,1
Santiago City,1002177,Santiago City FC,,1
Ganzhou Ruishi,1110237,Ganzhou Ruishi FC,,1
Foshan Nanshi,1110241,Foshan Nanshi FC,,1
Shaanxi Union,1110233,Shaanxi Union FC,,1
NK Granicar Kotobira,724775,NK Granicar Kotoriba,,1
MFK Vyskov,35244,MFk Vyskov,,1
Banik Sokolov,6067,FK Banik Sokolov,,1
Velke Mezirici,24776,FC Velke Mezirici,,1
Hanacka Slavia Kromeriz B,4865,SK Hanacka Slavia Kromeriz,,1
Jiskra Rymarov,35262,SK Jiskra Rymarov,,1
SK Kladno B,2223,SK Kladno,,1
Fremad Amager,35412,BK Fremad Amager,,1
Ledøje-Smørum Fodbold,22213,Ledoje-Smorum Fodbold,,1
Guayaquil City,171976,Guayaquil City FC,,1
Ala'Ab Damanhour,175004,Alaab Damanhour,,1
Bracknell Town,237,Bracknell Town FC,,1
Ilkeston Town,597880,Ilkeston Town FC,,1
Hertford Town,200,Hertford Town FC,,1
Cambridge Utd,63,Cambridge United,,1
Long Eaton Utd,48208,Long Eaton United,,1
Sevenoaks Town,47190,Sevenoaks Town FC,,1
FC Kuressaare II,7106,FC Kuressaare,,1
JK Trans Narva II,413909,JK Narva Trans,,1
Korsnäs FF,326815,Korsnas FF,,1
Hauts Lyonnais,300324,FC Hauts Lyonnais,,1
FC 93 Bobigny,184695,FC 93 Bobigny BG,,1
Sarreguemines,184699,Sarreguemines FC,,1
Stade Poitevin,47508,Stade Poitevin FC,,1
FC Iberia 1999 II,116312,FC Iberia 1999,,1
Vfb Lubeck,2560,VfB Lubeck,,1
Suchitepequez,7022,CD Suchitepequez,,1
Nueva Santa Rosa CDF,1037819,Nueva Santa Rosa Cdf,,1
AFF Guatemala II,932199,AFF Guatemala,,1
Parrillas One,110165,CD Parrillas One,,1
Diosgyori VTK II,5121,Diosgyori VTK,,1
Kecskemeti TE II,23956,Kecskemeti TE,,1
Senyo Carnifex,380440,Senyo Carnifex FC,,1
Bicskei TC,294114,Bicskei Tc,,1
Tiszakecske FC,363764,Tiszakecskei LC,,1
Magni Grenivik,70088,IF Magni Grenivik,,1
NF Railway,1033979,Railway FC,,1
Nairobi United,1080282,Nairobi United FC,,1
Rivers United,245353,Rivers United FC,,1
Andijon FK,40267,FC Andijon,,1
NK Triglav Kranj,2415,Triglav Kranj,,1
CSA Steaua Bucuresti,610880,Csa Steaua Bucuresti,,1
Sparta Nijkerk,6492,VV Sparta Nijkerk,,1
Mladost Lucani,7771,FK Mladost Lucani,,1
Lechia Gdansk,114715,KS Lechia Gdansk,,1
Chindia Targoviste,56127,AFC Chindia Targoviste,,1
Celta Fortuna,24336,RC Celta Fortuna,,1
US Latina Calcio,44069,Latina Calcio,,1
Banga Gargzdai,35388,FK Banga Gargzdai,,1
New York City,167510,New York City FC,,1
Auckland City,6909,Auckland City FC,,1
Amanat Baghdad,508990,Amanat Baghdad SC,,1
Crumlin United,35918,Crumlin United FC,,1
Salthill Devon,728621,Salthill Devon FC,,1
FC Tzeirey Tamra,497324,FC Tzeirey Tira,,1
Maccabi Amishav Petah Tikva,39611,Maccabi Ironi Amishav Petah Tikva,,1
FC Tiamo Hirakata,658001,Tiamo Hirakata,,1
Darajani Gogo,981389,Darajani Gogo FC,,1
Al Salibikhaet SC,55165,Al Salibikhaet,,1
FK Jelgava,36081,FS Jelgava,,1
FK Tauras,1238227,FK Tauras B,,1
Suduva Marijampole II,5343,FK Suduva Marijampole,,1
FK Transinvest II,885005,FK Transinvest,,1
Dedza Dynamos,801006,Dedza Dynamos FC,,1
Mighty Tigers,265521,Mighty Tigers FC,,1
Karonga United,293942,Karonga United FC,,1
Racing de Veracruz III,1038323,Racing de Veracruz,,1
Montaneses FC II,837140,Montaneses FC,,1
Tepatitlan FC II,421975,Tepatitlan FC,,1
Ulaangom City FC,1135151,Ulaangom City,,1
Union de Touarga,118834,Union Touarga,,1
Ferrovario Lichinga,770952,Ferroviario de Lichinga,,1
Yangon United FC,61530,Yangon United,,1
Ayeyawady Utd,61528,Ayeyawady United,,1
Coastal Spirit,599896,Coastal Spirit FC,,1
Nelson Suburbs,687379,Nelson Suburbs FC,,1
Selwyn United,687377,Selwyn United FC,,1
Napier City Rovers,42581,Napier City Rovers AFC,,1
Wikki Tourists,42376,Wikki Tourists FC,,1
Kvik Trondheim,327363,Fk Kvik Trondheim,,1
Strømsgodset 2,658,Stroemsgodset 2,,1
Fyllingsdalen,60968,FK Fyllingsdalen,,1
Fredrikstad 2,7545,Fredrikstad FK 2,,1
UTC Cajamarca,87854,UTC de Cajamarca,,1
Sport Huancayo II,33895,Sport Huancayo,,1
Chojniczanka Chojnice II,105963,MKS Chojniczanka Chojnice,,1
Warta Sieradz,34809,KS Warta Sieradz,,1
Chrobry Glogow II,53296,Chrobry Glogow,,1
Kluczevia Stargard,821348,Zks Kluczevia Stargard,,1
CSM Olimpia Satu Mare,594740,Csm Olimpia Satu Mare,,1
CS Sanatatea Cluj,35300,Sanatatea Cluj,,1
ACS Olimpic Zarnesti,594724,Asc Olimpic Zarnesti,,1
Clachnacuddin,26116,Clachnacuddin FC,,1
Brora Rangers FC,45622,Brora Rangers,,1
Buckie Thistle,2389,Buckie Thistle FC,,1
FC 34 Liptovsky Mikulas-Paludzka,270809,Liptovsky Mikulas-Paludzka,,1
Javornik Makov,219124,SK Javornik Makov,,1
Slovan Kendice,1159525,FK Slovan Kendice,,1
TJ Jasenov,270917,Tj Jasenov,,1
NK Rudar Trbovlje,332145,Rudar Trbovlje,,1
Geoje Citizen FC,848763,Geoje Citizen,,1
Gijang United,1234223,Gijang United FC,,1
CD Aguilas,193668,Aguilas FC,,1
Puerto de Vega,1290285,Puerto de Vega CF,,1
Arenas Armilla,934321,Arenas Armilla CD,,1
FC La Tour/Le Pâquier,37386,FC La Tour-Le Paquier,,1
Al Horiyah,388636,Al-Horiyah,,1
Prime Bangkok,256569,Prime Bangkok FC,,1
Customs United,224974,Customs United FC,,1
Lokomotiv Kyiv,310026,FC Lokomotiv Kyiv,,1
Metalurh Zaporizhya,435158,MFC Metalurh Zaporizhya,,1
Albion Rovers,2383,Albion Rovers FC,,1
Flint Town Utd,37090,Flint Town United,,1
Huracán FC,174974,Huracan FC,,1
Houston Dynamo II,2508,Houston Dynamo,,1
Columbus Crew II,2504,Columbus Crew,,1
Midwest United,874785,Midwest United FC,,1
Denton Diablos FC,559146,Denton Diablos,,1
Virginia Dream,998547,Virginia Dream FC,,1
Reading United,100015,Reading United AC,,1
Vermont Green,874799,Vermont Green FC,,1
Termez Surkhon,424837,FK Termez Surkhon,,1
Real Frontera,366078,Real Frontera FC,,1
Kwekwe United,1234213,Kwekwe United FC,,1
Carmona SC,1183717,Carmona FC,,1
South Cardiff,136230,South Cardiff FC,,1
Nova Mutum EC,663653,Nova Mutum EC MT,,1
Guaporé RO,675181,Guapore  RO,,1
Uniao Luziense,811894,Uniao Luziense MG,,1
TJ Repiste,385744,Tj Repiste,,1
FK Ostrov B,106311,FK Ostrov,,1
SK Unicov B,25463,SK Unicov,,1
SK Horice,24777,SK Horovice,,1
Barton Rovers,256,Barton Rovers FC,,1
Versailles 78,39126,FC Versailles 78,,1
Bechem United FC,115787,Bechem United,,1
Debibi United,949971,Debibi United FC,,1
Eleven Wonders,403427,Eleven Wonders FC,,1
Ionikos Nikea,3249,Ionikos Nikea FC,,1
CD Real Juventud,42218,Real Juventud,,1
Brommapojkarna,1787,IF Brommapojkarna,,1
Rilindja 1974,923249,KF Rilindja 1974,,1
Chooka Talesh,494582,Chooka Talesh FC,,1
FC Syra Mensdorf,659761,Syra Mensdorf,,1
Lorentzweiler,38991,FC Lorentzweiler,,1
Leones Negros UdeG III,501762,Leones Negros Udg II,,1
Belfast Celtic,447319,Belfast Celtic FC,,1
Gloria Baneasa,936527,CS Gloria Baneasa,,1
Mighty Eagles FC,1223769,Mighty Eagles,,1
Textil Escudo,369170,SD Textil Escudo,,1
Sporting Ceuta,1290293,Sporting de Ceuta,,1
Kamphaeng Phet,318483,Kamphaeng Phet FC,,1
Polissya Zhytomyr II,350828,FC Polissya Zhytomyr,,1
North Carolina,22003,North Carolina FC,,1
Almaden SC,1107791,Almaden FC,,1
Dothan United,1107729,Dothan United SC,,1
Jackson Lions,895697,Jackson Lions FC,,1
Ngezi Platinum FC,317869,Ngezi Platinum,,1
AE Eulma,1217437,A El Eulma,,1
CAS Theniet El Abed,1217423,ES Teniet El Abed,,1
South Hobart,124524,South Hobart FC,,1
SV Ludmannsdorf,275991,Ludmannsdorf,,1
Austria Lustenau (A),2062,Austria Lustenau,,1
Gradina Srebrenik,43257,OFK Gradina Srebrenik,,1
Galo Maringa,889669,Galo Maringa PR,,1
Americano RJ,1992,Americano FC RJ,,1
Hope Internacional FC,1280193,Hope International FC PR,,1
Tboung Khmum,685205,Tboung Khmum FC,,1
Guangdong GZ-Power,1110267,Guandong GZ-Power FC,,1
Velke Hamry B,424793,FK Velke Hamry,,1
FK Horni Redice,1008869,Horni Redice,,1
FK Trebic,1042285,FS Trebic,,1
Tarup-Paarup,1413,Tarup-Paarup IF,,1
Panamericana SD,803594,Panamericana,,1
9 de Octubre,676869,9 de Octubre FC,,1
SJK Akatemia II,89908,SJK Akatemia,,1
Lyon Duchere,6920,Lyon La Duchere,,1
Saint Priest,1744,AS Saint Priest,,1
US Granvillaise,45938,US Granville,,1
Inter Allies,115789,Inter Allies FC,,1
FC Tiszaujvaros,79721,Tiszaujvaros,,1
Balatonlelle SE,25583,Balatonlelle,,1
Rayon Sports,134272,Rayon Sports FC,,1
Tampines Rovers FC,3043,BG Tampines Rovers,,1
Wisla Pulawy,38736,KS Wisla Pulawy,,1
Sligo Rovers,3190,Sligo Rovers FC,,1
Stromsgodset,658,Stroemsgodset 2,,1
Hapoel Beer Sheva,5202,Hapoel Be`er Sheva FC,,1
FC Voluntari,44255,SC FC Voluntari,,1
FK Aktobe,5355,FC Aktobe,,1
Santa Amalia,361456,CD Santa Amalia,,1
Villarreal B,24338,Villarreal CF B,,1
Ponferradina,6195,SD Ponferradina,,1
Plaza Amador,365538,CD Plaza Amador,,1
Sepahan Novin Esfahan,313093,Sepahan Novin Isfahan FC,,1
Reilac Shiga,439336,Reilac Shiga FC,,1
Al Karmel,324307,AL Karmel,,1
FK Ulytau,991599,Ulytau FC,,1
Luanda Villa SC,988711,Luanda Villa,,1
KF FC Mitrovica,1170093,KF Mitrovica,,1
Tadamon Sour,145564,AL Tadamon Sour,,1
FK Panevezys II,197434,FK Panevezys,,1
Mineros Zacatecas CDMX,159946,CD Mineros de Zacatecas,,1
Dragones Toluca II,933563,Dragones Toluca FC,,1
Birkenhead United,390338,Birkenhead United AFC,,1
Al Rustaq,185570,Al-Rustaq,,1
River Plate Asuncion,90970,Club River Plate Asuncion,,1
Flota Swinoujscie,24158,MKS Flota Swinoujscie,,1
Beskid Andrychow,38712,AKS Beskid Andrychow,,1
Avia Swidnik II,354984,Avia Swidnik,,1
Polonia Nysa,612782,KS Polonia Nysa,,1
Korona Kielce III,36885,Korona II Kielce SA,,1
CSM Flacara Moreni,309554,Csm Flacara Moreni,,1
Unirea Alba Iulia,24802,CSM Unirea Alba Iulia,,1
Hill Of Beath Hawthorn,628370,Hill of Beath Hawthorn FC,,1
TJ M Ruzomberok Cernova,172044,MAJ Ruzomberok Cernova,,1
Banik Velky Krtis,270777,MFK Banik Velky Krtis,,1
Stand United,238672,Stand United FC,,1
Transit Camp,689379,Transit Camp FC,,1
Lopburi City FC,934779,Lopburi City,,1
Muang Trang United,39946,Muang Thong United,,1
Vorskla Poltava II,3309,FC Vorskla Poltava,,1
FC Rukh Lviv II,277645,FC Rukh Lviv,,1
Crown Legacy,999249,Crown Legacy FC,,1
Miami United FC,258511,Miami United,,1
Morris Elite,787692,Morris Elite SC,,1
Dinamo Samarqand,40259,PFK Dinamo Samarqand,,1
FC Jayhun,999241,FC Jayxun,,1
Barquisimeto,1242293,Barquisimeto SC,,1
CR Zaouia,402059,Cr Zaouia,,1
CA San Lorenzo de Alem,3201,CA San Lorenzo de Almagro,,1
Weston Bears,136232,Weston Bears FC,,1
Fortaleza EC,2020,Fortaleza EC CE,,1
Espergærde IF,1268634,Espergaerde IF,,1
Jersey Bulls,591997,Jersey Bulls FC,,1
Bargh Shiraz,369718,Bargh Shiraz FC,,1
Alebrijes de Oaxaca III,109859,Alebrijes de Oaxaca FC,,1
CF Sparta Selemet,81139,CSF Spartanii Selemet,,1
GD Portel,1043351,Gd Portel,,1
Afif,525673,Afief,,1
Dundee Utd B,814098,Dundee United B,,1
Kilmarnock B,926477,Kilmarnock FC B,,1
Bela Krajina,2426,NK Bela Krajina,,1
ND Idrija,37369,NK Idrija,,1
FC Schötz,2465,FC Schotz,,1
Samui United,1261765,Samui United FC,,1
NY Renegades,1134057,NY Renegades FC,,1
Rochester NY FC,591467,Rochester FC,,1
Berazategui,388236,AD Berazategui,,1
Defensores de Belgrano VR,52215,CA Defensores de Belgrano,,1
SWQ Thunder,137386,SWQ Thunder FC,,1
Taringa Rovers,187261,Taringa Rovers SFC,,1
SV Vols,371304,Volser SV,,1
Hertha Wels,459941,FC Hertha Wels,,1
RFC Seraing II,34985,RFC Seraing,,1
KRC Gent,2890,KRC Genk,,1
Academia FC,818844,Academia FC MT,,1
Araruama FC,342218,Araruama FC RJ,,1
Caldense MG,39621,AA Caldense MG,,1
Veranopolis,32769,Veranopolis RS,,1
Ypiranga BA,558580,EC Ypiranga BA,,1
Guarani SP B,1972,Guarani FC SP,,1
Sao Jose EC,88744,Sao Jose EC SP,,1
America EC Pedrinhas,660575,America FC Pedrinhas SE,,1
Atletico CE,33775,FC Atletico CE,,1
Spartak Pleven,45657,PFC Spartak Pleven,,1
LLB Amasipiri FC,962565,Llb Amasipiri FC,,1
Chimbarongo FC,1002181,Chimbarongo,,1
Mlada Boleslav II,2224,FK Mlada Boleslav,,1
Pardubice B,591013,FK Pardubice B,,1
Velke Hamry,424793,FK Velke Hamry,,1
SK Vysoke Myto,106309,Vysoke Myto,,1
Sparta Brno,43192,FC Sparta Brno,,1
Arsenal Ceska Lipa B,37113,FK Arsenal Ceska Lipa,,1
Middelfart 2,22163,Middelfart BK,,1
Club 9 de Octubre,676869,9 de Octubre FC,,1
Felixstowe & Walton Utd,46997,Felixstowe & Walton United FC,,1
Kingstonian,162,Kingstonian FC,,1
Thatcham Town,46915,Chatham Town,,1
Lower Breck,1024273,Lower Breck FC,,1
FC Haka,796978,FC Haka J,,1
Tampere Utd,2241,Tampere United,,1
KPV Akatemia,879079,KuPS Akatemia,,1
Versailles 78 II,39126,FC Versailles 78,,1
Sarre Union,132512,US Sarre Union,,1
Lokomotiv Tbilisi II,5170,FC Lokomotivi Tbilisi,,1
UCC Youngsters FC,1190219,Ucc Youngsters FC,,1
III Keruleti TVE,25601,III Keruleti Tve,,1
Kisvarda II,737003,Kisvarda FC II,,1
Rakospalotai Eac,5126,Rakospalotai EAC,,1
III Keruleti TUE,25601,III Keruleti Tve,,1
KFK Kopavogur,7121,HK Kopavogur,,1
Delhi FA,372710,Delhi FC,,1
BSS Sporting Club,613920,Bss Sporting Club,,1
Persitara Jakarta,64295,Persija Jakarta,,1
Black Bulls,457559,Black Bulls FC,,1
Olimpia Elblag,36769,ZKS Olimpia Elblag,,1
Breitenrain,34762,FC Breitenrain,,1
Lechia Zielona Góra,37920,KS Lechia Zielona Gora,,1
Mlawianka Mlawa,818648,MKS Mlawianka Mlawa,,1
FC Veres Rivne,213180,Veres Rivne,,1
FC Collina d'Oro,1030637,FC Collina D Oro,,1
Sportfreunde Siegen,2587,Sportfreunde Siegen 1899,,1
Valladolid Promesas,24361,Real Valladolid Promesas,,1
Real Esteli,25353,Real Esteli FC,,1
Al-Nahda,40648,Al Nahda,,1
Almere City,2990,Almere City FC,,1
Bray Wanderers,3171,Bray Wanderers AFC,,1
Niigata University of HW SC,281395,Niigata University HW,,1
KF Rilindja 1995,923249,KF Rilindja 1974,,1
Riga United FC,330897,Riga United,,1
FA Siauliai II,557322,FA Siauliai,,1
FK Neptunas Klaipeda II,682063,FC Neptunas Klaipeda,,1
FM Klaipedos,784446,Klaipedos Fsm,,1
Selangor II,61984,Selangor FC II,,1
Halcones FC II,835668,Halcones FC,,1
Real Madriz FC,285847,Real Madriz,,1
Sarpsborg 2,7483,Sarpsborg 08 2,,1
Sverresborg,199923,Sverresborg IF,,1
Rosenborg 2,873,Rosenborg BK 2,,1
Bjørkelangen,1127,Bjoerkelangen,,1
Haugesund 2,7345,FK Haugesund 2,,1
Rubio NU,36438,Rubio Nu,,1
Club 1 de Marzo,1019677,Club 1 de Marzo Fdm,,1
Sparta Katowice,401775,BKS Sparta Katowice,,1
Rakow Czestochowa II,35268,RKS Rakow Czestochowa,,1
Czarni Polaniec,38713,MKS Czarni Polaniec,,1
Arka Gdynia II,114703,Arka Gdynia,,1
Sacavenense,3020,SG Sacavenense,,1
Avantul Reghin,37403,CSM Avantul Reghin,,1
ATCS Sparta Ramnicu Valcea,823026,Atcs Sparta Ramnicu Valcea,,1
Al Draih,168082,AL Draih,,1
Gretna FC 2008,170620,Gretna 2008,,1
Deveronvale,2392,Deveronvale FC,,1
Bo'ness Athletic,1147621,Boness Athletic FC,,1
Slovan Sabinov,276293,MFk Slovan Sabinov,,1
AC Nitra,5052,FC Nitra,,1
SK Blava Jaslovské Bohunice,44593,SK Blava 1928 Jaslovske Bohunice,,1
Amorebieta B,54103,SD Amorebieta,,1
Stade Lausanne-Ouchy II,35162,Stade Lausanne Ouchy,,1
Simba FC,238670,Simba SC,,1
Atenas Tala FC,1271826,Atenas Tala,,1
Atlanta United II,305920,Atlanta United FC,,1
West Chester United NPSL,447643,West Chester United,,1
Capo FC,1129919,Capo FC 2,,1
New England,1232483,New England FC,,1
Trujillanos,6235,Trujillanos FC,,1
Urena FC,209846,Urena SC,,1
CS Maritimo de La Guaira,996465,CS Maritimo de la Guaira,,1
Simba Bhora,993217,Simba Bhora FC,,1
CAS Abdelmoumen,1217435,CA Sidi Abdelmoumen,,1
Oberperfuss,210682,SV Oberperfuss,,1
Varginha EC,835494,Varginha EC MG,,1
Candango EC,1276646,Candango EC DF,,1
Brasilia FC,40169,Brasilia FC DF,,1
Fredensborg,1338,Fredensborg BI,,1
Ashford Utd,282909,Ashford United,,1
Tunisia A,4729,Tunisia,,1
Morocco B,4778,Morocco,,1
Algeria B,4691,Algeria,,1
Navad Urmia,498296,Navad Urmia FC,,1
FC Santiago II,1038335,Santiago FC,,1
Melville United,786770,Melville United AFC,,1
Mosteirense,174990,FC Mosteirense,,1
CD Basconia II,222544,CD Basconia,,1
Altay SK Izmir,3070,Altay Izmir,,1
Harbor City,1133967,Harbor City FC,,1
Laredo Heat,153488,Laredo Heat SC,,1
Club Leandro N. Alem,337371,CDM Leandro N. Alem,,1
Barrancas FC,165916,CS Barracas,,1
SV Lafnitz II,105969,SV Lafnitz,,1
SCR Altach II,4856,SCR Altach,,1
SV Maria Gail,2163,Maria Gail,,1
Zeljeznicar Banja Luka,367168,FK Zeljeznicar Banjaluka,,1
CS Sergipe,2016,CS Sergipe SE,,1
Santana EC,274903,Santana EC AP,,1
AD Leonico,1011035,AD Leonico BA,,1
America RJ,6976,America FC RJ,,1
Galatas EC,1278054,Galatas EC ES,,1
SC Campo Mourao,1280201,Campo Mourao PR,,1
Clube 1992,1286991,Clube 1992 RS,,1
Guantanamo FC,416511,Guantanamo,,1
FC Cienfuegos,319363,Cienfuegos,,1
Port Fouad,1085278,Port Fouad SC,,1
CD Adet Aruba,1274590,Adet Aruba,,1
Rugby Town,47176,Rugby Town FC,,1
JK Nomme United,798202,FC Nomme United,,1
Aubervilliers,39401,FCM Aubervilliers,,1
Blois Foot 41,35069,Blois Foot,,1
Strasbourg Koenigshoffen,773896,FCO Strasbourg Koenigshoffen 06,,1
US Orleans II,6921,US Orleans,,1
Romorantin,6072,SO Romorantin,,1
Valenciennes II,5061,Valenciennes FC,,1
Reims St-Anne,85315,Reims Sainte-Anne,,1
Szolnoki Mav FC,25627,Szolnoki MAV FC,,1
Sribhumi FC,608746,Sreebhumi FC,,1
Terengganu,3333,Terengganu FC,,1
Al Gharafa,34312,Al Gharafa SC,,1
Swit Szczecin,432661,OKS Swit Szczecin,,1
Stjørdals/Blink,727,Stjordals-Blink,,1
Unia Swarzedz,44060,Sks Unia Swarzedz,,1
Piast Gliwice,7918,GKS Piast Gliwice,,1
Winterthur,2458,FC Winterthur,,1
Heerenveen,2964,SC Heerenveen,,1
Pozoblanco,612356,CD Pozoblanco,,1
Real Avila,77859,Real Avila CF,,1
Villarreal,2819,Villarreal CF,,1
Nomads United,599902,Nomads United AFC,,1
St Mochtas,7589,St Mochtas FC,,1
Toin University,526445,Toyo University,,1
SamWest Blackboots FC,1175575,Samwest Blackboots,,1
Hegelmann Litauen II,784444,Hegelmann Litauen B,,1
Bunga Raya,1140551,Bunga Raya FC,,1
Club Calor II,421573,Club Calor,,1
Ciervos FC II,421607,Ciervos FC,,1
Lobi Stars FC,42374,Lobi Stars,,1
Gamle Oslo,879977,Gamle Oslo FK,,1
Strindheim,707,Strindheim TF,,1
Djerv 1919,7339,SK Djerv 1919,,1
Spjelkavik,725,Spjelkavik IL,,1
Al Wahda Sur,185584,Al Wahda SC,,1
Silvio Pettirossi,584549,Club Silvio Pettirossi,,1
Odra Opole II,7916,Odra Opole,,1
CK Troszyn,1036305,KS Ck Troszyn,,1
Znicz Biala Piska,458145,Mlks Znicz Biala Piska,,1
Fazendense,750905,AD Fazendense,,1
ASA Targu Mures,24804,Asa Targu Mures,,1
Bo'ness United FC,45621,Boness United,,1
FC Drava Ptuj,4903,Drava Ptuj,,1
Villaralbo,1039997,CD Villaralbo,,1
Surin City FC,264013,Surin City,,1
FC Atlet Kyiv,493616,Atlet Kyiv,,1
Tacuarembo,3225,Tacuarembo FC,,1
Steel City,998531,Steel City FC,,1
Akron City,895723,Akron City FC,,1
USF Constantine,967317,Usf Constantine,,1
Green City FC,1086990,Green City,,1
Capitao Poco EC,848791,Capitao Poco PA,,1
Vitoria da Conquista,22430,EC Vitoria da Conquista BA,,1
Skovshoved,1386,Skovshoved IF,,1
Chadderton,46912,Chadderton FC,,1
Alencon US,32929,US Alencon 61,,1
Rio Blanco,680307,CD Rio Blanco,,1
Rabo Peixe,285835,Rabo de Peixe,,1
Aberdeen B,814094,Aberdeen FC B,,1
Geita Gold,587903,Geita Gold FC,,1
ZPC Kariba FC,421547,ZPC Kariba,,1
CRB Ain Yagout,1217425,Crb Ain Yagout,,1
Gutierrez,240856,Gutierrez SC,,1
CA Liniers,196432,CSD Liniers,,1
Magic United,266459,Magic United Tfa,,1
Stockerau,35171,SV Stockerau,,1
LASK Linz II,2058,LASK Linz,,1
Austria Klagenfurt II,43254,SK Austria Klagenfurt,,1
CD Nueva Santa Cruz,838994,Ciudad Nueva Santa Cruz,,1
NK Posusje,6147,HSK Posusje,,1
Drina HE Visegrad,37160,FK Drina He Visegrad,,1
Santos AP,144872,Santos FC AP,,1
Azuriz FC,683979,Azuriz FC PR,,1
Toledo EC,22427,Toledo EC PR,,1
Rio Verde GO,61716,Rio Verde,,1
Comercial,49200,Comercial PI,,1
FK Brandys nad Labem,216340,Brandys Nad Labem,,1
Frydlant Nad Ostravici,355186,1. Bfk Frydlant Nad Ostravici,,1
SSK Bilovec,426241,FK Bilovec,,1
Slavoj TKZ Polna,53100,Slavoj Polna,,1
Bridlicna,552647,TJ Bridlicna,,1
Jiskra Domazlice B,24775,Tj Jiskra Domazlice,,1
Holstebro,1313,Holstebro BK,,1
Esbjerg 2,5111,Esbjerg FB 2,,1
Gørslev IF,22216,Goerslev IF,,1
Redbridge,47167,Redbridge FC,,1
Tavistock,47234,Tavistock FC,,1
Avranches,35066,US Avranches,,1
Chantilly,61610,US Chantilly,,1
Chateauroux II,1666,LB Chateauroux,,1
Lapalisse,1303100,AA Lapalisse,,1
Amiens SC II,1676,Amiens SC,,1
AS Gosier,1305894,AS Le Gosier,,1
Tiszafured VSE,374912,Tiszafured Vse,,1
Budapest Honved II,36870,Budapest Honved MFA,,1
Ujpest II,43738,Ujpest FC II,,1
BKV Elore SC,1929,BKV Elore,,1
Throttur Vogar,42355,Throttur Vogum,,1
Thorlakur FC,1107807,Thorlakur,,1
Northern United FC,174602,Northeast United FC,,1
Al Seeb,71044,Al-Seeb,,1
Al Duhail,44441,Al Duhail SC,,1
Al Kuwait SC,32525,Kuwait SC,,1
Athlone Town,3198,Athlone Town AFC,,1
Fomat Martin,172056,MSK Fomat Martin,,1
Sarpsborg,822,Sarpsborg 08,,1
Haugesund,673,FK Haugesund,,1
Tre Fiori,36195,SP Tre Fiori,,1
Lausanne Sport II,1079758,FC Lausanne Sports,,1
Marino de Luanco,24349,Club Marino de Luanco,,1
Lumezzane,2738,AC Lumezzane,,1
Deportiva Minera,76317,Club Deportiva Minera,,1
Cienciano,2301,CS Cienciano,,1
Egypt B,1306698,Egypt A,,1
Hong Kong XI,4765,Hong Kong,,1
Douglas Hall,7586,Douglas Hall AFC,,1
Tolka Rovers,7590,Tolka Rovers AFC,,1
FC Hapoel Bnei Ashdod,368938,Hapoel Ashdod FC,,1
Maccabi Bnei Jadida,840440,Maccabi Bnei Jadeidi-Makr,,1
Maccabi Kiryat Gat,34524,Maccabi Ironi Kiryat Gat,,1
Maccabi Beer Yaakov,1055291,Macabi Beer Yaakov Amit,,1
Al Sulaibikhat,55165,Al Salibikhaet,,1
Rigas FS II,886893,Riga FC II,,1
Juarez FC II,215048,FC Juarez,,1
Club Celaya II,53121,Club Celaya FC,,1
Héroes de Zaci FC II,1215281,Heroes de Zaci FC,,1
Khoromkhon Club,219294,Khoromkhon FC,,1
Kloetinge,2988,VV Kloetinge,,1
Hoogeveen,736371,VV Hoogeveen,,1
SteDoco,552041,Stedoco,,1
Egersunds,920,Egersunds IK,,1
Sandviken,7472,IL Sandviken,,1
Santos FC,528045,CS Santos FC,,1
Lechia Zielona Góra II,37920,KS Lechia Zielona Gora,,1
Stal Krasnik,38731,FKS Stal Krasnik,,1
FC Castrense,226212,Castrense,,1
NK IB 1975 Ljubljana,2422,NK IB Ljubljana,,1
Mensajero,216192,CD Mensajero,,1
Munsingen,2483,FC Munsingen,,1
Stade Lausanne-Ouchy III,35162,Stade Lausanne Ouchy,,1
Al Taliya SC,186006,Taliya SC,,1
Samut Prakan FC,51498,Samut Prakan City FC,,1
VRN Muangnon,765150,VRN Muangnont FC,,1
FC Probiy Horodenka,621822,Probiy Gorodenka,,1
Ironbound,991611,Ironbound SC,,1
Olympic Mobiuz,1121785,Olimpik Mobiuz,,1
RB Constantine,41753,MO Constantine,,1
CRB Beni Tamou,1096171,Cr Beni Thamou,,1
Eendracht Aalst,1283231,Eendracht Aalst Lede,,1
AA Iguacu,21969,AA Iguacu PR,,1
Atletico Gloriense,765580,AD Atletico Gloriense SE,,1
Santa Catarina Clube,510178,Santa Catarina SC,,1
Passos FC,1277736,Passos FC MG,,1
Banik Most-Sous B,53089,FK Banik Most-Sous,,1
Chauvigny,46484,US Chauvigny,,1
Persipu FC,541965,Persipal FC,,1
Rwanda A,8037,Rwanda,,1
Hapoel Arad FC,61700,Hapoel Azor FC,,1
Harini KS FC,682663,Harini FC,,1
Radomiak Radom II,7295,RKS Radomiak Radom,,1
Deportivo Mandiyu,258463,Deportivo Madryn,,1
Sol de Mayo,337369,CSD Sol de Mayo,,1
North Brisbane FC,5968,Brisbane Roar FC,,1
Brisbane Roar NPL,5968,Brisbane Roar FC,,1
Jennersdorf,364800,Ufc Jennersdorf,,1
SV Hallwang,36343,UFC SV Hallwang,,1
Fakirapool Young Men's Club,295994,Fakirapool Young Men,,1
Universitario De Vinto,378092,FC Universitario de Vinto,,1
Portuguesa MS,1217739,Portuguesa AP,,1
Sao Raimundo PA,2015,Sao Raimundo EC AM,,1
AA Corisabba,303568,AA Corisaba PI,,1
Provincial Ovalle,434008,CD Provincial Ovalle FC,,1
Hørsholm-Usserød IK,22212,Hoersholm-Usseroed IK,,1
MLS FC Lawngtlai,1118367,Mls FC Lawtngtlai,,1
FC Livyi Bereh,822006,FC Livyi Bereh Kyiv,,1
Recreativo Huelva,216186,RC Recreativo de Huelva,,1
Sangiuliano City Nova,834504,Sangiuliano City FC,,1
LYS Sassandra,501296,Lys Sassandra,,1
Sendai University SC II,526441,Sendai University,,1
Songwe Border Utd,1243273,Songwe Border United FC,,1
Civil Service Utd,399337,Civil Service United FC,,1
Aresimi 1973,924577,FK Arsimi 1973,,1
Club Sport Colombia,39420,Sport Colombia,,1
Unia Tarnow,38735,ZKS Unia Tarnow,,1
Tluchowia Tluchowo,1268316,Gzs Tluchovia Tluchowo,,1
Swit Szczecin II,432661,OKS Swit Szczecin,,1
Stal Jasien,1268340,MKS Stal Jasien,,1
ADC Rebordelo,751717,Adc Rebordelo,,1
Gangneung City,41258,FC Gangneung,,1
CD Laguna SAD,301740,CD Laguna Sad,,1
Tres Cantos,366874,CDF Tres Cantos,,1
African Sports,238648,African Sports Club,,1
Colorado Switchbacks FC,206017,Colorado Springs Switchbacks FC,,1
American Soccer Club NY,1245000,American Soccer Club New York,,1
Recreativo do Libolo,94785,Recreativo Do Libolo,,1
St Michaels AFC,153374,St Michaels,,1
Halcones FC III,835668,Halcones FC,,1
ASPTT Constantine,55393,CS Constantine,,1
CE Casa de Portugal,1292777,CE Casa De Portugal,,1
Platense,36837,CA Platense,,1
Aldosivi,36836,CA Aldosivi,,1
Talleres Cordoba,3210,CA Talleres de Cordoba,,1
Universitario de Beni,33713,Universitario de Sucre,,1
Sousa EC,21864,Sousa EC PB,,1
North MG,995369,North EC MG,,1
Brasil de Farroupilha,407755,SERC Brasil de Farroupilha RS,,1
Deportes Colina,89506,Deportes Copiapo,,1
Shanghai Segenda,1110223,Shanghai Second,,1
Gaj Mace,25525,NK Gaj Mace,,1
Chomutov,2233,FC Chomutov,,1
FK Admira Praha,37114,FK Admira Prague,,1
Banik Sokolov B,6067,FK Banik Sokolov,,1
Brabrand,1398,Brabrand IF,,1
Glostrup,1311,Glostrup FK,,1
Tårnby FF,37211,Taarnby FF,,1
Dekernes,643242,Dekernes SC,,1
Uxbridge,227,Uxbridge FC,,1
Bowers Pitsea,46884,Bowers & Pitsea FC,,1
Beaconsfield Town,70,Mansfield Town,,1
Atlantis,5119,Atlantis FC,,1
FC Lahti II,2249,FC Lahti,,1
Caen PTT,82687,AS PTT Caen,,1
Challans,127974,FC Challans,,1
FC 08 Homburg,5824,FC 08 Homburg-Saar,,1
Paksi II,55109,Paksi FC II,,1
Delhi FC XI,372710,Delhi FC,,1
FC Bangalore United,750669,FC Bengaluru United,,1
Al Arabi SC,35892,Al Arabi,,1
Ulsan HD,7653,Ulsan HD FC,,1
Selangor,3323,Selangor FC,,1
Numancia,2855,CD Numancia,,1
Wil 1900,2455,FC Wil 1900,,1
Notodden,833,Notodden FK,,1
Levanger,866,Levanger FK,,1
Lyn 1896,657,Lyn 1896 FK,,1
Meerssen,6493,SV Meerssen,,1
Linfield,5272,Linfield FC,,1
Valencia,77909,Valencia CF,,1
Avellino,2730,US Avellino,,1
Terrassa,2857,Terrassa FC,,1
Aberdeen,2355,Aberdeen FC,,1
St Lucia,21820,Saint Lucia,,1
Carabobo,6229,Carabobo FC,,1
Shahid Ghandi,658233,Shahid Ghandi Yazd,,1
Virtus Francavilla,223534,Virtus Francavilla Calcio,,1
Tokyo 23 FC,3147,FC Tokyo,,1
Tokai University,526445,Toyo University,,1
Sama Al Sarhan,544603,Sama AL Sarhan SC,,1
Al Sahel SC,55167,Al Sahel,,1
Atletico Morelia UMSNH,36529,Atletico Morelia,,1
Irapuato II,421949,Irapuato,,1
Junkeren,94841,IK Junkeren,,1
Stabaek 2,1162,Stabaek IF,,1
Viking 2,871,Viking FK 2,,1
Victoria Wrzesnia,457299,MKS Viktoria Wrzesnia,,1
Motor Lublin II,7915,LKP Motor Lublin,,1
Znicz Pruszków II,275605,Znicz Pruszkow,,1
Bugesera,380060,Bugesera FC,,1
Celtic CF,368944,Celtiga CF,,1
Tudelano,44230,CD Tudelano,,1
Maracena,232622,UD Maracena,,1
Negreira,272337,SD Negreira,,1
Apotheos,895727,Apotheos FC,,1
Kur-Araz FK,1080930,Kur-Araz,,1
River AC,2014,River AC PI,,1
Barra FC,291538,Barra FC SC,,1
Uniao PR,405647,CE Uniao PR,,1
CE Uniao,405647,CE Uniao PR,,1
Liga de Macas,1251015,Club Liga de Macas,,1
Bideford,46818,Bideford FC,,1
Maringa FC,190,Marine FC,,1
Ilvamaddalena,933659,Ilvamaddalena 1903,,1
FC Abdysh-Ata Kant,458259,FC Abdysh-Ata,,1
Faraones Texcoco II,1180057,Faraones de Texcoco,,1
UD Songo,317855,UD Do Songo,,1
Rayados de Chiriqui,781964,Rayados De Chiriqui,,1
Angrense,25781,SC Angrense,,1
Dundee B,814078,Dundee FC B,,1
WRD Constantine,41753,MO Constantine,,1
TSV Kirchberg/Raab,458269,Tsv Kirchberg-Raab,,1
USV Halbturn,1045009,Usv Halbturn,,1
TSU Bramberg,588761,Tsu Bramberg,,1
Real Oruro,922485,Cdt Real Oruro,,1
FK Borac Kozarska,729879,FK Borac Kozarska Dubica,,1
AC Paranavai,21861,Paranavai PR,,1
Tiradentes PA,47498,AE Tiradentes CE,,1
Santa Cruz SE,1976,Santa Cruz FC PE,,1
Concon National,1051019,CD Concon National FC,,1
FC Svratka Brno,43192,FC Sparta Brno,,1
FC Tempo Prague B,106305,Tempo Prague,,1
SalPa 2,22394,SalPa,,1
Montpellier II,1642,Montpellier HSC,,1
Asc Biesheim,38757,Biesheim ASC,,1
Kwai Tsing DFA,210812,Kwai Tsing,,1
Léttir,51149,Lettir,,1
BF 108,1226271,Bf 108,,1
FC Real Bengaluru,118670,Bengaluru FC,,1
Goa FA,174594,FC Goa,,1
RSD Alcala,37053,RSD Alcala SAD,,1
St Patrick's Athletic,3169,Saint Patrick´s Athletic FC,,1
KF Vllaznia,279977,KF Vellaznimi,,1
Antigua & Barbuda,21805,Antigua and Barbuda,,1
Saint Martin,496028,Sint Maarten,,1
Shahrdari Mahshahr,851741,Shahrdari Nowshahr,,1
U.A. Zacatecas II,287485,UA Zacatecas,,1
Héroes de Zaci CDMX,1215281,Heroes de Zaci FC,,1
Sportlust '46,172196,ZSV Sportlust 46,,1
Newry City,131580,Newry City AFC,,1
Drøbak/Frogn,809,Drobak-Frogn,,1
Lyngbø,937,Lyngbo,,1
Stal Mielec II,38732,FKS Stal Mielec,,1
Termalica BB Nieciecza II,36851,Bruk-Bet Termalica Nieciecza,,1
ADC Correlha,1279515,Adc Correlha,,1
Vilafranca,614068,SP Villafranca,,1
Atletico Monzon,47330,CF Atletico de Monzon,,1
Bulancakspor,1271612,1926 Bulancakspor,,1
Nyva Ternopil,35315,FC Niva Ternopil,,1
FC Livyi Bereh II,822006,FC Livyi Bereh Kyiv,,1
Nacional de Football Florida,3230,Club Nacional de Football,,1
San Leandro Utd,798400,San Leandro United FC,,1
Minneapolis City SC Futures,559056,Minneapolis City SC,,1
Sporting JAX,1232493,Sporting Jax,,1
Nykobing 2,1154093,Nykoebing FC 2,,1
FC Besa Peja,277831,KF Besa Peje,,1
Clube Ferroviário de Nacala,463213,Ferroviario de Nacala,,1
Tromsdalen,669,Tromsdalen UIL,,1
CSM Medgidia,494240,Csm Medgidia,,1
DMV Elite FC,1107713,Dmv Elite FC,,1
Birmingham Legion FC Futures,538325,Birmingham Legion FC,,1
ICS Tlemcen,527295,Ics Tlemcen,,1
Juventud Unida Universitario,396508,CA Juventud Unida Universitario San Luis,,1
CA Pintense,36837,CA Platense,,1
Sydney CBD FC,5971,Sydney FC,,1
St Polten,2119,SKN St Polten,,1
SV Kematen,210680,Kematen,,1
SC Mils 05,569281,SC Mils,,1
UFC Hallein,729201,Ufc Hallein,,1
Dimensao Saude,402217,AA Dimensao Saude AL,,1
Trem AP,21865,Trem DC AP,,1
SE Gama,1978,SE Gama DF,,1
Bare RR,35281,Bare EC RR,,1
Bahia de Feira,39638,AD Bahia de Feira BA,,1
Hlinsko,53130,FC Hlinsko,,1
Esbjerg,1287,Esbjerg FB,,1
Cumbaya,780238,Cumbaya FC,,1
Madina SC,134188,Minya SC,,1
Horsham,206,Horsham FC,,1
Enfield,148,Enfield FC,,1
Lancing,47080,Lancing FC,,1
FF Jaro II,2252,FF Jaro,,1
EIF Academy,283501,EIF Akademi,,1
Toulouse II,1681,Toulouse FC,,1
Orvault,59253,Orvault SF,,1
Les Sables Vendée,36388,Les Sables Vendee Foot,,1
Perigny,1184945,FC Perigny,,1
Great Olympics,42609,Accra Great Olympics,,1
Komarom VSE,275267,Komarom Vse,,1
Mezoors KSE,937817,Mezoors Kse,,1
Martfui LSE,1031467,Martfui Lse,,1
Grindavik,1897,UMF Grindavik,,1
St Gallen,2496,FC St. Gallen,,1
Stabaek,1162,Stabaek IF,,1
Raufoss,668,Raufoss IL,,1
Dundalk,3179,Dundalk FC,,1
Molde 2,1160,Molde FK 2,,1
Brann 2,872,SK Brann 2,,1
Sevilla,77903,Sevilla FC,,1
Palermo,2715,Palermo FC,,1
LKS Lomza,3123,LKS Lodz,,1
Osasuna,501506,CA Osasuna,,1
Leganes,2845,CD Leganes,,1
Aguilas,193668,Aguilas FC,,1
Levante,2849,Levante UD,,1
Almeria,2858,UD Almeria,,1
Melilla,24350,UD Melilla,,1
Zamudio,168214,SD Zamudio,,1
Caracas,6230,Caracas FC,,1
Penarol,1233345,AS Penarol,,1
England XI,4713,England,,1
Granada,33779,Granada CF,,1
Telstar,2972,SC Telstar,,1
Beitar Kfar Saba,39518,Beitar Kfar Saba Shlomi,,1
Albalonga,117390,SSD Albalonga,,1
Kansai University,526441,Sendai University,,1
Al-Baqa'a,54583,Al Baqaa,,1
Al-Mabarrah,299486,AL Mabarrah,,1
Banga Gargzdai II,35388,FK Banga Gargzdai,,1
Capelle,2989,VV Capelle,,1
Brattvåg,954,Brattvaag,,1
Arendal,755,Arendal FK,,1
Staal Jørpeland,7485,Staal Joerpeland IL,,1
Torres Cue Yobai,1258135,Torres Cue - Paso Yobai,,1
FC Bacau,594718,Csm Bacau,,1
Loznica,207943,FK Loznica,,1
SK Novohrad Lucenec,270859,MSK Novohrad Lucenec,,1
SFC Kalinkovo,111055,Kalinkovo,,1
DNS Zavrc,25469,NK Zavrc,,1
CD Laguna,37588,CD Lagun Onak,,1
La Roda CF,493228,Las Rozas CF,,1
Oyonesa,44227,SD Oyonesa,,1
Moralo B,361472,Moralo CP,,1
FC Sion II,75231,FC Sion,,1
Servette II,916513,Servette FC,,1
FC Thun II,2454,FC Thun,,1
SC Cham II,2476,SC Cham,,1
Hutteen,189388,Hutteen SC,,1
Atletico Fenix Montevideo,3223,CA Fenix Montevideo,,1
Cerrito,6877,CS Cerrito,,1
Artigas,607850,CA Artigas,,1
St. Louis City SC II,874725,Saint Louis City SC,,1
North Carolina State,456793,North Carolina State Wolfpack,,1
Dong Thap,33123,CS. Dong Thap,,1
Argentinos de Rojas,377568,Argentino de Rosario,,1
Reichenau,43081,SVG Reichenau,,1
Galicia,133864,Galicia BA,,1
Paracatu FC,1044077,AE Paracatu,,1
Vere FC,889671,Vere FC PR,,1
Belisce,2043,NK Belisce,,1
Spartak Trnava XI,2406,FC Spartak Trnava,,1
SK Mirovice,24777,SK Horovice,,1
SV Kampong,1043981,Kampong,,1
Skjervøy,719,Skjervoey,,1
Aguias do Moradal,226196,GD Aguias Moradal,,1
CSM Fetesti,795026,Csm Fetesti,,1
Rangers B,45622,Brora Rangers,,1
Union Molinense CF II,934343,Union Molinense CF 2020,,1
Illueca,369444,Illueca CF,,1
Tenisca,34755,SD Tenisca,,1
CD Cebrerena,336791,CD Oberena,,1
Navarro,610152,Navarro CF,,1
Wil 1900 II,2455,FC Wil 1900,,1
El Porvenir,388934,Club El Porvenir,,1
Olympia FC Warriors,135962,Olympia Warriors Hobart,,1
Newtown Eagles,424561,New Town Eagles SC,,1
Gungahlin Utd,195356,Gungahlin United FC,,1
FC Dornbirn 1913,2178,FC Dornbirn,,1
UVB Vocklamarkt,5169,Union Vocklamarkt,,1
Olympic Charleroi,7735,Olympic Club De Charleroi,,1
Botafogo SP B,1979,Botafogo FC SP,,1
EC Vera Cruz RJ,22429,Vera Cruz PE,,1
Aparecida FC,511106,Aparecida EC GO,,1
Kampong Chhnang,550733,Kampong Cham,,1
Guangxi Pingguo Haliao,495972,Guangxi Pingguo,,1
Guangzhou Dandelion,1235673,Guangzhou Dandelion Alpha FC,,1
Dukla Praha B,607066,Dukla Prague B,,1
Milton Keynes Irish,4,Milton Keynes Dons,,1
Kuopion Elo 1919,889969,Kuopion Elo,,1
Seignosse Capbreton,1184827,Seignosse Capbreton Soustons,,1
Olympique Marcquois,36351,Olympique Marcquois Football,,1
Attram De Visser,681125,Attram de Visser,,1
Skra Czestochowa,216970,SKRA Czestochowa,,1
Chivas Guadalajara,24330,CD Guadalajara,,1
Minnesota Utd,41618,Minnesota United FC,,1
Atlanta Utd,414325,Atlanta United 2,,1
FK Smiltene/BJSS,146784,FK Smiltene/Bjss,,1
Shabab Al-Ghazieh,187731,Shabab AL Ghazieh SC,,1
CD Queretaro 3D,1951,Queretaro FC,,1
Inter Playa del Carmen II,290554,Inter Playa Del Carmen,,1
Atletico Real Morelos,36529,Atletico Morelia,,1
RKSV Mierlo-Hout,1228795,Rksv Mierlo-Hout,,1
Lillestrøm 2,6091,Lillestrom SK 2,,1
GD Os Nazarenos,1279523,Gd Nazarenos,,1
Unirea Sântana,344226,ACS Unirea Santana,,1
MFK Vranov nad Toplou,25723,MFK Vranov Nad Toplou,,1
Al Ittihad Aleppo,40652,Al Ittihad Ahli of Aleppo,,1
Tainan City Blue,435188,Tainan City,,1
Singida Big Stars FC,689389,Singida Black Stars SC,,1
Nyva Ternopil II,35315,FC Niva Ternopil,,1
Cedar Stars Rush,915111,Cedar Stars,,1
CA Metropolitano,21980,Metropolitano SC,,1
Maldon & Tiptree,47105,Maldon and Tiptree FC,,1
Clermont Foot II,1680,Clermont Foot 63,,1
Gavilanes FC Matamoros II,421971,Gavilanes de Matamoros,,1
HVV Hollandia,25385,HVV Hollandia Hoorn,,1
Ross County B,2365,Ross County FC,,1
North Carolina Lions,22003,North Carolina FC,,1
Lakeland United FC,334497,Lane United FC,,1
Cipolletti,341072,Club Cipolletti,,1
Deportivo Lujan,340928,Deportivo Muniz,,1
First Vienna 1894 Amateur,2054,First Vienna FC 1894,,1
Hohenems,2132,VfB Hohenems,,1
St Jakob/Rosental,373232,SV St Jakob im Rosental,,1
FK Dinamo Baku,1080932,Dinamo Baki,,1
Goygol FK,1080926,Goygol,,1
KLSK Londerzeel,25126,K Londerzeel SK,,1
CD Nueva Cliza,841598,Nuevo Cliza,,1
NK Igman Konjic,37250,FK Igman Konjic,,1
Olaria,39616,Olaria RJ,,1
Galicia EC,133864,Galicia BA,,1
Patrocinense,400991,CA Patrocinense MG,,1
Operario MT,317965,Operario FC MS,,1
Juventus SC,6960,CA Juventus SP,,1
Operario AM,317965,Operario FC MS,,1
Oeste Brasil FC,1280203,Oeste Brasil PR,,1
ADR Cobano,1276612,Adr Cobano,,1
Hrvace,6670,NK Hrvace,,1
FC Zdas Zdar Nad Sazavou,53143,Zdar Nad Sazavou,,1
FC Spartak Velka Bites,355228,FC PBS Velka Bites,,1
Tj Sokol Zeleznice,37115,Tj Sokol Zivanice,,1
TJ Sokol Lhota,413745,Tj Sokol Lanzhot,,1
Avarta,1379,BK Avarta,,1
Herlev,1369,Herlev IF,,1
Olmedo,5259,CD Olmedo,,1
Bootle,46880,Bootle FC,,1
Hednesford,156,Hednesford Town,,1
Shrewsbury,82,Shrewsbury Town,,1
Hallam,47027,Hallam FC,,1
B71 Sandur,36135,B71 Sandoy,,1
Kaapo,22388,KaaPo,,1
Kiffen,35393,FC Kiffen,,1
Tampere Utd II,889599,Tampere United 2,,1
SJK-j,1007667,SJK-J,,1
TP-49,2280,TP-47,,1
KaPa Kajaani,35319,Kajaanin Haka,,1
KeuPa,283615,Keupa,,1
Istres,1674,Istres FC,,1
Cannes,1755,AS Cannes,,1
Lorient II,1656,FC Lorient,,1
Dinan Lehon,184707,Dinan-Lehon FC,,1
Yvetot,235858,Yvetot AC,,1
Bayeux,46482,FC Bayeux,,1
FC Tbilisi,531363,FC Tbilisi 2025,,1
FC Gori,911799,FC Gonio,,1
FC Lok Leipzig,1270078,1. FC Lok Leipzig U19,,1
Asteras Varis,896917,Asteras Karditsas,,1
Aurora,325823,Aurora FC,,1
Leaper FC,56039,Leaper,,1
Mutual,903517,Mutual FC,,1
Csepel,174724,Csepel SC,,1
Njardvik,431251,UMF Njardvik,,1
FC Arbaer,876575,Arbaer,,1
KKS Kalisz,273491,KKS 1925 Kalisz,,1
Rigas FS,162368,Riga FC,,1
Baerum,693,Baerum SK,,1
Girona,24264,Girona FC,,1
Kjelsås,670,Kjelsaas,,1
KFUM,35654,KFUM 2,,1
Strommen,885,Stroemmen IF,,1
Oppsal,1043,Oppsal IF,,1
Honefoss,678,Hoenefoss BK,,1
Aalesund,677,Aalesunds FK,,1
Grorud,7320,Grorud IL,,1
Kriens,2464,SC Kriens,,1
FC Metalist 1925,373230,FC Metalist 1925 Kharkiv,,1
Mallorca,2826,RCD Mallorca,,1
Huesca,24265,SD Huesca,,1
Modena,2706,Modena FC,,1
Empoli,2705,Empoli FC,,1
Burgos,2854,Burgos CF,,1
Trento,347514,AC Trento,,1
Arnedo,369388,CD Arnedo,,1
Nacional De Football,3230,Club Nacional de Football,,1
Philadelphia,39833,Philadelphia Union,,1
Kariya,4499,Karsiyaka,,1
Kairat-Zhastar Almaty,554582,Kairat-Zhastar,,1
Naivas FC,346088,Naivas,,1
Sporty FC,1307706,Sporty,,1
Leevon PPK,1114609,Leevon Ppk,,1
Club Canoneros Marina II,475362,Canoneros Marina,,1
GDRT Textafrica,311002,Textafrica,,1
Tromso,7065,Tromsoe 2,,1
Ham Kam 2,666,HamKam,,1
Vålerenga 2,6095,Valerenga IF 2,,1
Alta 2,7324,Alta IF 2,,1
Samail,185588,Samail SC,,1
Al Musannah,57447,AL Musannah SC,,1
12 De Octubre Itaugua,5989,12 de Octubre de Itaugua,,1
Sportivo Iteno,5998,Sportivo Luqueno,,1
Cristobal Colon Nemby,585575,Cristobal Colon JAS,,1
Olimpia Elblag II,36769,ZKS Olimpia Elblag,,1
Lusail,636094,Lusail SC,,1
CSO Baicoi,1021963,Cso Baicoi,,1
Vultural Mintiu Gherlii,1031167,ACS Vulturul 2020 Mintiu Gherlii,,1
Mudhar FC,1058395,Mudhar,,1
Jerash,974689,Jerash FC,,1
Thorn Athletic FC,2375,Forfar Athletic FC,,1
Tj Besenov,923657,SK Besenov,,1
NK Smartno,2411,NK Smartno 1928,,1
NK Brezice,265153,NK Brezice 1919,,1
Gimhae City,41260,Gimhae FC,,1
Silla CF,369292,Sevilla FC C,,1
Deportivo Coca,43749,Caudal Deportivo,,1
CD Alegria,2858,UD Almeria,,1
Meyrin,2484,FC Meyrin,,1
Gossau,7716,FC Gossau,,1
La Luz,603998,La Luz FC,,1
St. Petersburg,992585,ST Petersburg FC,,1
Jayxun,999241,FC Jayxun,,1
Aragua,6228,Aragua FC,,1
Tre Cong An Ha Noi,196371,Cong An Ha Noi FC,,1
CPD Y Rhyl,4914,CPD Y Rhyl 1879,,1
ESF Bir El Ater,402051,Esf Bir El Ater,,1
TSU Matrei,460297,Tsu Matrei,,1
Turnov,24785,FK Turnov,,1
Grenaa,22158,Grenaa IF,,1
Talleres JR,1274588,CD Talleres Jr,,1
Wythenshawe FC,658793,Wythenshawe Town,,1
Dieppe,33766,Dieppe FC,,1
Juventud Cachacera,881019,Juventud Copalera,,1
KF Hafnir,876601,Hafnir,,1
Maccabi Bnei Jadeidi Makr,840440,Maccabi Bnei Jadeidi-Makr,,1
Tokoha University SC,526445,Toyo University,,1
SJC Noordwijk,44346,VV Noordwijk,,1
Pahonia Warsaw,114695,Polonia Warszawa,,1
CD Alcora,6585,CD Alcoyano,,1
CD Vera,1166703,CD Zuera,,1
Cadiz B,4488,Cadiz CF,,1
Tuggen,35120,FC Tuggen,,1
Chiang Mai Utd,66566,Chiangrai United,,1
FK Andijan,40267,FC Andijon,,1
Deportivo Graneros,36840,Deportivo Merlo,,1
Wiener Neustadt,23642,1. Wiener Neustadter SC,,1
Cabofriense,6978,AD Cabofriense RJ,,1
Meteor Praha VIII,35256,FK Meteor Prague VIII,,1
FK SK Polanka nad Odrou,390340,SK Polanka Nad Odrou,,1
FK Admira Praha B,37114,FK Admira Prague,,1
JK Nomme United II,798202,FC Nomme United,,1
Feignies Aulnoye FC,6919,Entente Feignies Aulnoye,,1
Panerithraikos,632694,Pangitheatikos,,1
Deportivo Ayutla,501260,Deportivo Achuapa,,1
Atletico Junior Yoro,1225865,CD Atletico Junior,,1
South China AA,35887,South China FC,,1
Puskas Academy II,275265,Puskas Akademia FC II,,1
Persiba Bantul,64289,Persib Bandung,,1
Pasuruan United,86578,Madura United,,1
Al-Hussein SC,78461,Shabab Al-Hussein SC,,1
Hutnik Krakow,38719,KS Hutnik Krakow SSA,,1
Vilanova Geltru,1274680,CF Vilanova I LA Geltru,,1
St Vincent Grenadines,21821,Saint Vincent and the Grenadines,,1
Nihon University,44520,Chukyo University,,1
Sapporo University,526445,Toyo University,,1
Konan University,526441,Sendai University,,1
Meiji University,526441,Sendai University,,1
FK Dainava Alytus II,196936,Dfk Dainava Alytus,,1
Correcaminos III,421557,CF Correcaminos Uat II,,1
SV Juliana 31,736257,SV Juliana 31 Malden,,1
Eastern Suburbs Auckland,291970,Eastern Suburbs AFC,,1
Resistencia FC,90968,Resistencia SC,,1
1 de Enero Nueva Colombia,1255865,Club Primero de Enero Nueva Colombia,,1
Piast Gliwice II,7918,GKS Piast Gliwice,,1
OFK Malzenice,219176,OFK Dynamo Malzenice,,1
CDF San Martin,1281977,CD San Marcial,,1
FC Metalist 1925 II,373230,FC Metalist 1925 Kharkiv,,1
CA Platense Montevideo,3227,CA Penarol Montevideo,,1
Port City FC,1072694,Northern City FC,,1
River Light SC,1107699,River Light FC,,1
Neftchi Fergana,36256,FK Neftchi Fargona,,1
CA Central Cordoba de Frias,224836,CA Central Cordoba Rosario,,1
Slavija Istocno Sarajevo,6150,FK Slavija Sarajevo,,1
Corumbaense,404825,Corumbaense FC MS,,1
Sheppey Utd,447543,Sheppey United FC,,1
KAC Soccer Academy,973159,Fijai Soccer Academy,,1
University College Cork,3168,University College Dublin,,1
Consadole Sapporo,3142,Hokkaido Consadole Sapporo,,1
Shabab El- Hussien,78461,Shabab Al-Hussein SC,,1
RKSV Halsteren,350742,Rksv Halsteren,,1
Musselburgh Ath,937237,Musselburgh Athletic FC,,1
Pizarra Atletico CF,612802,Atletico Porcuna CF,,1
Al-Jaish Damascus,35891,Damascus Al-Ahli,,1
Tainan City Green,435188,Tainan City,,1
Bursa Niluferspor,1187709,Bursa Nilufer FK,,1
USD Batna,41754,MSP Batna,,1
Estrella del Sur Alejandro Korn,1074128,Club Estrella Del Sur (Alejandro Korn),,1
Boca Unidos,3202,Boca Juniors,,1
CD Lujan,306574,Club Lujan,,1
University Azzurri FC,254837,Curtin University SC,,1
Adelaide Titans FC,240776,Adelaide United FC,,1
SAK Klagenfurt,2142,SAK Celovec/Klagenfurt,,1
ASV Salzburg,2046,FC Salzburg,,1
SV Bad Schallerbach,6282,Sedda Bad Schallerbach,,1
EC Resende,32878,Resende FC RJ,,1
Real Juventud San Joaquin,573181,Real San Joaquin,,1
FK Kunovice,165788,FK Kozlovice,,1
Næstved IF 2,25413,Naestved IF,,1
G FC Cairo,1085296,Team FC Cairo,,1
Wrexham,64,Wrexham AFC,,1
Edustus IPS,283537,HaPK Edustus,,1
Nantes II,1647,FC Nantes,,1
FC WIT Georgia Tbilisi,5196,FC WIT Georgia,,1
Volos NFC,373128,Volos NPS,,1
Anagennisi Ierapetras,6986,Anagennisi Arta,,1
CSD Ipala,533503,Csd Ipala,,1
Ivancsa,170384,Ivancsa KSE,,1
Selfoss,5371,UMF Selfoss,,1
Bengaluru B,118670,Bengaluru FC,,1
Singling Sporting Club,643680,Sporting Club Delhi,,1
Skorost United FC,174602,Northeast United FC,,1
Jakarta United FC,948019,Nusantara United FC,,1
Al Karamah,23479,Al-Karamah SC,,1
Al Shabab Seeb,57449,Al Shabab,,1
Massese 1919,6361,Cavese 1919,,1
FK Zhenys,5363,FC Zhenis,,1
FK Minija,557320,FK Minija 2017,,1
FK Tauras II,1238227,FK Tauras B,,1
Club Atletico Tijuana,911245,Club Atletico La Paz,,1
Khangarid Klub,331539,Khangarid,,1
Hutnik Krakow II,38719,KS Hutnik Krakow SSA,,1
Rusovce,219172,MFK Rusovce,,1
MNK Izola,25473,Mnk Izola,,1
SD Sencur,25475,NK Sencur,,1
Maties FC,90844,Magesi FC,,1
CD Moana,54119,CD Manacor,,1
FC Concordia Lausanne,213068,FC Dardania Lausanne,,1
Mahasarakham SBT FC,553552,Mahasarakham United FC,,1
Kataka FC,424753,Kitara FC,,1
Fort Lauderdale Solaiya FC,1232489,Fort Lauderdale United FC,,1
Kings Hammer FC,1232475,Kings Hammer Columbus,,1
Inter Miami CF Academy,659691,Inter Miami CF,,1
Lane Cove FC,163604,The Cove FC,,1
DSG Ferlach,2161,ATUS Ferlach,,1
Westerlo II,2893,KVC Westerlo,,1
Bastia II,1655,SC Bastia,,1
Wamanafo Mighty Royals FC,257419,Mighty Royals FC,,1
Eordaikos,8022,Eordaikos 2007,,1
Asteras Kaisarianis,896917,Asteras Karditsas,,1
Slawi United,64299,Bali United,,1
Sepahan B Isfahan,313093,Sepahan Novin Isfahan FC,,1
Kyoto Tachibana University,861749,Kyoto Sangyo University,,1
AS Bamako,134298,AS Real Bamako,,1
General Caballero ZC,818704,Club General Caballero JLM,,1
MOSP Bialystok,114683,Bialystok,,1
CSM Bacau,594718,Csm Bacau,,1
CD I'gara,37048,CD Izarra,,1
Nara United,314333,Phrae United,,1
Tigre,7628,CA Tigre,,1
Lanus de Concepcion del Uruguay,93517,Gimnasia y Esgrima de Concepcion del Uruguay,,1
Kingborough Lions,135956,Kingborough Lions United FC,,1
FC Volders,399505,FC Raika Volders,,1
Deportivo Kivon,846038,Deportivo Shalon,,1
Coxim,35287,Coxim MS,,1
Nacional de Muriae,545505,Nacional AC Muriae MG,,1
Fluminense De Feira,21963,Fluminense de Feira FC BA,,1
Gramadense,909013,CE Gramadense RS,,1
Petropolis,327309,Petropolis FC RJ,,1
Lajeadense,47790,CE Lajeadense RS,,1
Amazonia IFC,663997,Amazonas FC AM,,1
Aigle Royal Menoua,802996,Aigle Royal Du Moungo,,1
Lucko,25531,NK Lucko,,1
Krnov,216362,FK Krnov,,1
Vejle,4872,Vejle BK,,1
Nørresundby,1312,Noerresundby FB,,1
Misr El Maqasha,43559,Misr Lel Makkasa,,1
St Neots Town,47217,St. Ives Town,,1
JK Nomme Kalju II,37570,Nomme Kalju FC,,1
Skala,5190,Skala IF,,1
Lahti,2249,FC Lahti,,1
Töölön Taisto,194966,Toolon Taisto,,1
Bourgoin Jallieu,82685,Bourgoin J,,1
Vitre,32488,AS Vitre,,1
Avion,1697,CS Avion,,1
Camon,84091,US Camon,,1
Athinaikos FC,82277,Aiginiakos FC,,1
CS Deportivo Sacachispas,7604,CSD Sacachispas,,1
Aegir,70092,KF Aegir,,1
Mohammedan AC,118660,Mohammedan SC,,1
JMJ Sports Club,1198869,Geno Sports Club,,1
Bharat Bengaluru FC,118670,Bengaluru FC,,1
Pekanbaru FC,64307,PSPS Pekanbaru,,1
Raja Casablanca,41757,Raja Casablanca Athletic,,1
FC Abdish-Ata Kant,458259,FC Abdysh-Ata,,1
Sotra,94839,Sotra SK,,1
Bryne,663,Bryne FK,,1
Podbeskidzie Bielsko Biala,7919,Podbeskidzie Bielsko-Biała,,1
Vidar,709,FK Vidar,,1
Larne,5184,Larne FC,,1
LKS Goczalkowice Zdroj,552055,LKS Goczalkowice-Zdroj,,1
Elche,2846,Elche CF,,1
Forli,2783,Forli FC,,1
Monza,2729,AC Monza,,1
Duhok,47479,Duhok FC,,1
ASD Francavilla Calcio,223534,Virtus Francavilla Calcio,,1
Al Ahli Amman,167130,Al-Ahly Amman,,1
FK Babrungas,263587,FK Babrungas Plunge,,1
Perak,61990,Perak FC,,1
Deren FC,331541,Deren,,1
Khovd,725959,Khovd FC,,1
Stord,705,Stord FK,,1
Byåsen,675,Byaasen,,1
Vag FK,804,Vaag IK,,1
Flint,835,IL Flint,,1
Nardo,799,Nardo FK,,1
Club 24 de Septiembre,466309,24 de Setiembre VP,,1
Club Olimpia de Ita,5997,Club Olimpia,,1
UJD Czestochowa,216970,SKRA Czestochowa,,1
Metropolitan FA,802932,Metropolitan FA San Juan,,1
Hajer,56029,Hajer FC,,1
Keith,35026,Keith FC,,1
Zavod,731687,SK Zavod,,1
Yeoju,708353,Yeoju FC,,1
UD San Mauro,218152,UD Santa Marta,,1
BFB Pattaya City,315535,Pattaya City FC,,1
Ranong United,39946,Muang Thong United,,1
Ayutthaya FC,314323,Ayutthaya United FC,,1
Tacuarembo Capital,3225,Tacuarembo FC,,1
Ocean City Nor'easters,36099,Ocean City Nor Easters,,1
Nasr EL Fedjoudj,300412,NSR El Fedjoudj,,1
Juventud Unida Lincoln,377574,Juventud Unida San Miguel,,1
Barcelona BA,810056,Barcelona Ilheus BA,,1
Caete,846012,Caete PA,,1
FC Porto de Porto Uniao,286427,FC Do Porto De Porto Uniao SC,,1
Planaltina,838024,Planaltina EC DF,,1
Rio Grande,193670,SC Rio Grande RS,,1
Riograndense,687391,FBC Riograndense RS,,1
SK Vejprnice,626928,SK Slavia Vejprnice,,1
Cesky Brod,35249,CSK Uhersky Brod,,1
Social Sporting Club,643680,Sporting Club Delhi,,1
BTOP Hokkaido,964271,Btop Hokkaido,,1
Kirkop United FC,58327,Gzira United FC,,1
Bucaneros de Matamoros,421971,Gavilanes de Matamoros,,1
LZS Staroscin,583755,LZS Starowice,,1
NK Vir,267763,NK Ziri,,1
Zavrc,25469,NK Zavrc,,1
Nakhon Mae Sot United FC,330037,Nakhon Pathom United FC,,1
City Soccer FC,677615,Port City FC,,1
Colorado ISA,1232519,Colorado Storm,,1
Florida Wolves FC,1244990,Psc FC Florida,,1
Perth Glory NPL,2945,Perth Glory FC,,1
Playford,424591,Playford City,,1
Cooma Tigers,91572,Tigers FC,,1
Nussdorfer AC,2168,Nussdorf,,1
Confianca Sape,2017,AD Confianca SE,,1
Crixas FC,1276190,Crixas EC GO,,1
NK Tresnjevka,35223,NK Trnje,,1
NK Maksimir,189858,NK Maksimir Zagreb,,1
NK Pomorac,621320,NK Pitomaca,,1
NK Libertas,79823,NK Libertas Novska,,1
Boskovice,76771,N. Byskovice,,1
FK Trebetice,1042285,FS Trebic,,1
FK Louny,355238,FK Seko Louny,,1
Ledec nad Sazavou,439410,Ledec Nad Sazavou,,1
Cesky Tesin,36486,FC Irp Cesky Tesin,,1
VJS Vantaa,49366,TiPS Vantaa,,1
Haguenau,32493,FCSR Haguenau,,1
Golden Kick SC,864609,Golden Kicks FC,,1
AO Kerateas,401789,AO Karavas,,1
Nueva Concepcion,501258,Deportivo Nueva Concepcion,,1
CSD Chiquimulilla,768404,Csd Chiquimulilla,,1
Sabadell,219002,CE Sabadell B,,1
Santa Clara,3011,Santa Clara Azores,,1
Racing Ferrol,2843,Racing Club de Ferrol,,1
CA Defensores de Armstrong,52215,CA Defensores de Belgrano,,1
Alashkert FC,67966,FC Alashkert Yerevan,,1
South Adelaide Panthers,137692,South Adelaide FC,,1
Salzburger AK,2046,FC Salzburg,,1
Universitario Beni,33713,Universitario de Sucre,,1
Morrinhos,39631,Morrinhos FC GO,,1
Ipora EC,308928,Ipora GO,,1
Audax Rio,85341,Audax Rio EC RJ,,1
Pinheiros,572483,Pinheiros FC ES,,1
CA Porto,21987,Porto PE,,1
Motorlet Praha,215972,FK Motorlet Prague,,1
RMSK Cidlina,592337,Rmsk Cidlina,,1
SC Znojmo,34797,1. SC Znojmo FK,,1
SK Zabreh,34800,SK Sulko Zabreh,,1
City of Liverpool FC,44,Liverpool FC,,1
Downham Town,46994,Farnham Town,,1
AIFK,142654,HIFK,,1
MaPS,23422,JaPS,,1
NuPS,50019,NOPS,,1
ToTe,36004,Tove,,1
NoPS,50019,NOPS,,1
TPV,330433,TPV/2,,1
FC Haka Juniors,796978,FC Haka J,,1
KoPa,283545,Kopa,,1
VIFK,142654,HIFK,,1
EuPa,283653,Eupa,,1
PeKa,245403,Peka,,1
Aris Patron,1009799,Aris Filiaton,,1
Asteras Myrtias,896917,Asteras Karditsas,,1
Putnok,25614,Putnok VSE,,1
Kria,152570,Kari,,1
Elite Football Academy Manipur,1038239,Sail Football Academy,,1
CS Fola Esch,25929,CS Fola Esch-Alzette,,1
Sampdoria,2711,Sampdoria Genoa,,1
Napoli,1177127,SSC Napoli,,1
Hapoel Ironi Or Akiva,764298,Hapoel Ironi Arraba,,1
SC Caronnese,2761,US Cremonese,,1
Tecos II,1934,Tecos FC,,1
Deportivo Yautepec FC,1931,Deportivo Toluca FC,,1
Yangon City,61530,Yangon United,,1
De Foresters,1281905,de Foresters,,1
Auckland FC II,786778,Auckland United FC,,1
Sandefjord 2,7468,Sandefjord Fotball 2,,1
Gjovik/Lyn,142764,FK Gjoevik-Lyn,,1
Al Wehda,40648,Al Nahda,,1
Universidad de Panama,784644,Aguilas de la Universidad de Panama,,1
Club 1 de Marzo Pilar,1019677,Club 1 de Marzo Fdm,,1
AWF Katowice,3112,GKS Katowice,,1
Al Ansar,655033,AL Anwar,,1
OFK Teplicka nad Vahom,172066,Teplicka Nad Vahom,,1
NK Zalec,25469,NK Zavrc,,1
SD San Pedro,266579,UD San Pedro,,1
Sabadell II,219002,CE Sabadell B,,1
New City FC,238660,Mbeya City FC,,1
Maejo United,314333,Phrae United,,1
Burapha University,1112637,Burapha United,,1
Uttaradit FC,344394,Uttaradit Saksiam FC,,1
Singburi FC,85745,Suphanburi FC,,1
Lopburi United FC,1261765,Samui United FC,,1
FK Minai,451399,FC Minaj,,1
Westchester United,1218563,Westchester SC,,1
Charlotte FC Academy,863473,Charlotte FC,,1
Scottland FC Mabvuku,1234215,Scottland FC,,1
Caete FC,846012,Caete PA,,1
SC Genus,245537,Genus RO,,1
RUDS Batna,41754,MSP Batna,,1
Inter D'Escaldes,37946,Inter Club de Escaldes,,1
San Martin SJ,388242,CSD San Martin,,1
NK Lucko,25531,NK Lucko,,1
Criciuma,1984,Criciuma EC SC,,1
Bylis Ballsh,37123,Bylis Ballsh,,1
Vllaznia Shkoder,5418,Vllaznia Shkoder,,1
KF Tirana,5195,KF Tirana,,1
KF Teuta,5417,KF Teuta,,1
FC Dinamo City,5217,FC Dinamo City,,1
FK Vora,173810,FK Vora,,1
KF Iliria Fushe-Kruje,53062,KF Iliria Fushe-Kruje,,1
CR Temouchent,402031,CR Temouchent,,1
MO Bejaia,112469,MO Bejaia,,1
USM Annaba,42203,USM Annaba,,1
ES Mostaganem,186100,ES Mostaganem,,1
RC Kouba,238172,RC Kouba,,1
US Chaouia,133462,US Chaouia,,1
US Biskra,238168,US Biskra,,1
CR Belouizdad,42207,CR Belouizdad,,1
ESM Kolea,186086,ESM Kolea,,1
USM Alger,42206,USM Alger,,1
SC Mecheria,667731,SC Mecheria,,1
AS Khroub,44997,AS Khroub,,1
HB Chelghoum Laid,186134,HB Chelghoum Laid,,1
NA Hussein Dey,42208,NA Hussein Dey,,1
MC Alger,42204,MC Alger,,1
CA Batna,55391,CA Batna,,1
MO Constantine,41753,MO Constantine,,1
ASM Oran,133484,ASM Oran,,1
JSM Tiaret,133486,JSM Tiaret,,1
MC Saida,45000,MC Saida,,1
MCB Oued Sly,300434,MCB Oued Sly,,1
MC Oran,45001,MC Oran,,1
US Souf,667737,US Souf,,1
JS Tixeraine,1279407,JS Tixeraine,,1
WA Tlemcen,42205,WA Tlemcen,,1
CR Beni Thour,238154,CR Beni Thour,,1
FC Santa Coloma,7711,FC Santa Coloma,,1
UE Santa Coloma B,57503,UE Santa Coloma B,,1
Boca Juniors,3202,Boca Juniors,,1
CA Tigre,7628,CA Tigre,,1
Defensa y Justicia,36839,Defensa y Justicia,,1
San Martin de San Juan,7772,San Martin de San Juan,,1
Instituto AC Cordoba,4937,Instituto AC Cordoba,,1
Velez Sarsfield,3208,Velez Sarsfield,,1
CA Aldosivi,36836,CA Aldosivi,,1
Arsenal de Sarandi,3221,Arsenal de Sarandi,,1
CA Chaco For Ever,332409,CA Chaco For Ever,,1
CA San Miguel,373076,CA San Miguel,,1
CA Colegiales,112493,CA Colegiales,,1
Club Comunicaciones,112501,Club Comunicaciones,,1
Villa Dalmine,112509,Villa Dalmine,,1
CA Atlanta,53799,CA Atlanta,,1
Deportivo Merlo,36840,Deportivo Merlo,,1
Auckland FC,1156423,Auckland FC,,1
Western Sydney Wanderers,72926,Western Sydney Wanderers,,1
Melbourne Victory,5970,Melbourne Victory,,1
Macarthur FC,744369,Macarthur FC,,1
Sydney FC,5971,Sydney FC,,1
Western United FC,199320,Western United FC,,1
Melbourne Knights,2935,Melbourne Knights,,1
Bentleigh Greens,92921,Bentleigh Greens,,1
Manningham United Blues,364580,Manningham United Blues,,1
Marconi Stallions,2941,Marconi Stallions,,1
Dandenong Thunder,92923,Dandenong Thunder,,1
SK Sturm Graz,2051,SK Sturm Graz,,1
LASK Linz,2058,LASK Linz,,1
FK Qarabag,5962,Qarabag FK,,1
FK Sumqayit,44497,Sumqayit FK,,1
FK Kapaz,37750,FK Kapaz,,1
Moik Baku,37752,Moik Baku,,1
Club Brugge,2888,Club Brugge,,1
Standard Liege,2901,Standard Liege,,1
KVK Ninove,623788,KVK Ninove,,1
Cercle Brugge,2929,Cercle Brugge,,1
Patro Eisden Maasmechelen,35076,Patro Eisden Maasmechelen,,1
KV Kortrijk,4858,KV Kortrijk,,1
KFC Merelbeke,221184,KFC Merelbeke,,1
Union Rochefortoise,739069,Union Rochefortoise,,1
FK Sarajevo,5237,FK Sarajevo,,1
Colo Colo BA,21889,Colo Colo BA,,1
Club Laguna SAF,951925,Club Laguna SAF,,1
Jaguare ES,21856,Jaguare ES,,1
Caucaia,427859,Caucaia,,1
Rio Negro RR,426353,Rio Negro RR,,1
America PE,47505,America PE,,1
Essube MG,1169957,Essube MG,,1
Mossoro,507768,Mossoro,,1
Botev Plovdiv,5241,Botev Plovdiv,,1
Royal Vision 2026,1175215,Royal Vision 2026,,1
Visakha FC,409111,Visakha FC,,1
Deportes Iquique,33596,Deportes Iquique,,1
Huachipato,3164,Huachipato,,1
Nublense,7029,Nublense,,1
Deportes Copiapo,89506,Deportes Copiapo,,1
Universidad de Concepcion,5034,Universidad de Concepcion,,1
Coquimbo Unido,3165,Coquimbo Unido,,1
Deportes Limache,434002,Deportes Limache,,1
Curico Unido,33595,Curico Unido,,1
Santiago Morning,3156,Santiago Morning,,1
Union San Felipe,3152,Union San Felipe,,1
America de Cali,6102,America de Cali,,1
Independiente Santa Fe,6116,Independiente Santa Fe,,1
Atletico Cali FC,89372,Atletico FC Cali,,1
CD Real Santander,89358,CD Real Santander,,1
Jaguares de Cordoba,89370,Jaguares de Cordoba,,1
Deportivo Cali,6112,Deportivo Cali,,1
Independiente Medellin,6115,Independiente Medellin,,1
Deportes Quindio,6110,Deportes Quindio,,1
Union Magdalena,89376,Union Magdalena,,1
Tigres FC,89354,Tigres FC,,1
AD Guanacasteca,269779,AD Guanacasteca,,1
AD San Carlos,7047,AD San Carlos,,1
Municipal Liberia,6575,Municipal Liberia,,1
Inter San Carlos,1096475,Inter San Carlos,,1
Guadalupe FC,362800,Guadalupe FC,,1
San Carlos FC,1170839,San Carlos FC,,1
Limon Black Star,923387,Limon Black Star,,1
AD Cofutpa,364906,AD Cofutpa,,1
Futbol Consultants Desamparados,364896,Futbol Consultants Desamparados,,1
FC Aserri,364898,Aserri FC,,1
AD Sarchi,924565,AD Sarchi,,1
AD Carmelita,7042,AD Carmelita,,1
CS Uruguay de Coronado,75251,CS Uruguay de Coronado,,1
NK Osijek,2040,NK Osijek,,1
HNK Gorica,43917,HNK Gorica,,1
HNK Rijeka,2039,HNK Rijeka,,1
NK Varazdin,282653,NK Varazdin,,1
NK Sesvete,54297,NK Sesvete,,1
NK Jadran Porec,118514,NK Jadran Porec,,1
AEL Limassol,3407,AEL Limassol,,1
Anorthosis Famagusta,3403,Anorthosis Famagusta,,1
Pafos FC,171626,Pafos FC,,1
Doxa Katokopias,6973,Doxa Katokopias,,1
Omonia Aradippou,25542,Omonia Aradippou,,1
Apollon Limassol,3402,Apollon Limassol,,1
Asil Lysis,25532,Asil Lysis,,1
Olympiakos Nicosia,3401,Olympiakos Nicosia,,1
Akritas Chlorakas,36398,Akritas Chlorakas,,1
Othellos Athienou,36400,Othellos Athienou,,1
Ethnikos Latsion,928851,Ethnikos Latsion,,1
Kedros Ayia Marina Skylloura,1042949,Kedros Ayia Marina Skylloura,,1
FK Teplice,2208,FK Teplice,,1
FK Jablonec,2205,FK Jablonec,,1
Slavia Prague,2216,Slavia Prague,,1
Sparta Prague,2218,Sparta Prague,,1
Modern Sport FC,375678,Modern Sport FC,,1
Ghazl El Mahallah,58319,Ghazl El Mahallah,,1
Pharco FC,307074,Pharco FC,,1
Ismaily SC,42366,Ismaily SC,,1
Ceramica Cleopatra,758264,Ceramica Cleopatra,,1
Raya Ghazl SC,188587,Raya Ghazl SC,,1
Proxy SC,998831,Proxy SC,,1
Al Ittihad Al Sakandary,35187,Al Ittihad Al Sakandary,,1
Dayrout,248333,Dayrout,,1
Pyramids FC,175002,Pyramids FC,,1
CD Dragon,109319,CD Dragon,,1
Alianza FC San Salvador,24383,Alianza FC San Salvador,,1
AD Isidro Metapan,24382,AD Isidro Metapan,,1
Zacatecoluca FC,1179385,Zacatecoluca FC,,1
CD Fuerte Aguilares,572997,CD Fuerte Aguilares,,1
Oxford City,25939,Oxford City,,1
Accrington Stanley,187,Accrington Stanley,,1
Harrogate Town,159,Harrogate Town,,1
Notts County,56,Notts County,,1
Port Vale,55,Port Vale,,1
Needham Market,45370,Needham Market,,1
Scarborough Athletic,47186,Scarborough Athletic,,1
South Shields,47207,South Shields,,1
Warrington Town,36379,Warrington Town,,1
Chatham Town,46915,Chatham Town,,1
Radcliffe FC,257,Radcliffe FC,,1
Newport County,79,Newport County,,1
Aston Villa,40,Aston Villa,,1
Crystal Palace,7,Crystal Palace,,1
Bristol City,58,Bristol City,,1
Milton Keynes Dons,4,Milton Keynes Dons,,1
Eastbourne Borough,147,Eastbourne Borough,,1
Enfield Town,45361,Enfield Town,,1
Tonbridge Angels,229,Tonbridge Angels,,1
Truro City,38001,Truro City,,1
FC United of Manchester,38237,FC United of Manchester,,1
Hendon,167,Hendon,,1
Mickleover FC,38003,Mickleover FC,,1
Gosport Borough,47016,Gosport Borough,,1
Rushall Olympic,35038,Rushall Olympic,,1
Royston Town,47175,Royston Town,,1
Plymouth Parkway,80011,Plymouth Parkway,,1
AFC Wimbledon,23957,AFC Wimbledon,,1
Salford City,37998,Salford City,,1
Prescot Cables,47159,Prescot Cables,,1
AFC Totton,25934,AFC Totton,,1
Fleetwood Town,23959,Fleetwood Town,,1
AFC Fylde,38739,AFC Fylde,,1
Peterborough Sports,224846,Peterborough Sports,,1
Alvechurch,46835,Alvechurch,,1
Matlock Town,254,Matlock Town,,1
Ethiopia Nigd Bank,307288,Ethiopia Nigd Bank,,1
Ethiopian Medhin,937183,Ethiopian Medhin,,1
Mekelle 70 Enderta FC,402253,Mekelle 70 Enderta FC,,1
HJK Helsinki,2242,HJK Helsinki,,1
Paris FC,6070,Paris FC,,1
AC Ajaccio,1660,AC Ajaccio,,1
US Orleans,6921,US Orleans,,1
SC Bastia,1655,SC Bastia,,1
Paris 13 Atletico,610054,Paris 13 Atletico,,1
Jahn Regensburg,2567,Jahn Regensburg,,1
Fortuna Dusseldorf,2588,Fortuna Dusseldorf,,1
Werder Bremen,2534,Werder Bremen,,1
TSG Hoffenheim,2569,TSG Hoffenheim,,1
SSV Ulm 1846,2580,SSV Ulm 1846,,1
SC Freiburg,2538,SC Freiburg,,1
Borussia Dortmund,2673,Borussia Dortmund,,1
RB Leipzig,36360,RB Leipzig,,1
Karlsruher SC,2553,Karlsruher SC,,1
Eintracht Braunschweig,2557,Eintracht Braunschweig,,1
VfB Stuttgart,2677,VfB Stuttgart,,1
Bayern Munich,2672,Bayern Munich,,1
Holstein Kiel,2573,Holstein Kiel,,1
Eintracht Frankfurt,2674,Eintracht Frankfurt,,1
Hansa Rostock,2533,Hansa Rostock,,1
VfB Stuttgart II,2522,VfB Stuttgart II,,1
Medeama SC,81951,Medeama SC,,1
Hearts of Oak,42614,Hearts of Oak,,1
Heart of Lions,42613,Heart of Lions,,1
Lynx FC,126308,Lynx FC,,1
Lions Gibraltar,126306,Lions Gibraltar,,1
Mons Calpe SC,261759,Mons Calpe SC,,1
Chania FC,120228,Chania FC,,1
Asteras Tripolis B,1154355,Asteras Tripolis B,,1
AO Chaidari,6344,Chaidari AO,,1
Proodos Rogon 1966,1245866,Proodos Rogon 1966,,1
Ethnikos OFPF,284535,Ethnikos OFPF,,1
Doxa Dramas,6992,Doxa Dramas,,1
AE Evosmou,467295,AE Evosmou,,1
AS Sarakinos,1249115,AS Sarakinos,,1
AEK Athens,3250,AEK Athens,,1
OFI Crete,3241,OFI Crete,,1
Aris Petroupolis,561320,Aris Petroupolis,,1
Thermaikos Thermis,7010,Thermaikos Thermis,,1
Asteras Stavrou,945317,Asteras Stavrou,,1
Akrites Sykeon,1248223,Akrites Sykeon,,1
Po Elassonas,617582,Po Elassonas,,1
AO Tympakiou,359022,AO Tympakiou,,1
Thesprotos,120278,Thesprotos,,1
PAOK Kristonis,897687,PAOK Kristonis,,1
Antigua GFC,163296,Antigua GFC,,1
CSD Municipal,7025,CSD Municipal,,1
Deportivo Mixco,489698,Deportivo Mixco,,1
Huehuetecos FC,1274234,Huehuetecos FC,,1
Olancho FC,780362,Olancho FC,,1
Meluca FC,1225889,Meluca FC,,1
Hong Kong FC,180864,Hong Kong FC,,1
Lee Man FC,369374,Lee Man FC,,1
Kitchee,42199,Kitchee,,1
Diosgyori VTK,5121,Diosgyori VTK,,1
Debreceni VSC,1921,Debreceni VSC,,1
Kecskemeti TE,23956,Kecskemeti TE,,1
Kisvarda FC,25397,Kisvarda FC,,1
Odisha FC,174592,Odisha FC,,1
Jamshedpur FC,379404,Jamshedpur FC,,1
Punjab FC,275171,Punjab FC,,1
FC Goa,174594,FC Goa,,1
Chennaiyin FC,174590,Chennaiyin FC,,1
Dempo SC,34217,Dempo SC,,1
Shillong Lajong FC,58741,Shillong Lajong FC,,1
Churchill Brothers SC,40078,Churchill Brothers SC,,1
Mohammedan SC,118660,Mohammedan SC,,1
Inter Kashi FC,1061008,Inter Kashi FC,,1
Rajasthan United,820934,Rajasthan United,,1
Namdhari FC,1067806,Namdhari FC,,1
Diamond Harbour FC,923063,Diamond Harbour FC,,1
United Sports Club,46147,United Sports Club,,1
Bali United,64299,Bali United,,1
PSS Sleman,181638,PSS Sleman,,1
Persita Tangerang,86576,Persita Tangerang,,1
Persis Solo,211852,Persis Solo,,1
Persebaya Surabaya,76319,Persebaya Surabaya,,1
Madura United,86578,Madura United,,1
Persik Kediri,135866,Persik Kediri,,1
Adhyaksa Farmel FC,881555,Adhyaksa Farmel FC,,1
PSMS Medan,34225,PSMS Medan,,1
Persija Jakarta,64295,Persija Jakarta,,1
Sumsel United,1288501,Sumsel United,,1
Persikad Depok,1089137,Persikad Depok,,1
Metropolitanos FC,162480,Metropolitanos FC,,1
Montevideo City Torque,174972,Montevideo City Torque,,1
Montevideo Wanderers,3240,Montevideo Wanderers,,1
Philadelphia Union,39833,Philadelphia Union,,1
Tlaxcala FC,399447,Tlaxcala FC,,1
Havadar SC,475574,Havadar SC,,1
Aluminium Arak,390344,Aluminium Arak,,1
Shams Azar Qazvin,772370,Shams Azar Qazvin,,1
Newroz SC,845058,Newroz SC,,1
Diyala FC,861429,Diyala FC,,1
Erbil SC,35889,Erbil SC,,1
Hapoel Jerusalem FC,86406,Hapoel Jerusalem FC,,1
Maccabi Shaaraim,133606,Maccabi Shaaraim,,1
FC Holon Yermiyahu,300702,Holon Yermiyahu FC,,1
Hapoel Ironi Arraba,764298,Hapoel Ironi Arraba,,1
MS Tira,391678,MS Tira,,1
Ironi Modiin,388096,Ironi Modiin,,1
Shimshon Tel Aviv,834502,Shimshon Tel Aviv,,1
AS Nordia Jerusalem,312246,AS Nordia Jerusalem,,1
Maccabi Herzliya,7478,Maccabi Herzliya,,1
FC Kafr Qasim,238982,FC Kafr Qasim,,1
Ironi Tiberias,61702,Ironi Tiberias,,1
Hapoel Kafr Kanna,65202,Hapoel Kafr Kanna,,1
Virtus Verona,113761,Virtus Verona,,1
FBC Gravina,281379,FBC Gravina,,1
ACR Messina,2720,ACR Messina,,1
AC Nardo,43846,AC Nardo,,1
Team Altamura,368724,Team Altamura,,1
Pro Sesto,2772,Pro Sesto,,1
AC Chievo Verona,2694,AC Chievo Verona,,1
Zenith Prato,1173875,Zenith Prato,,1
AVC Vogherese 1919,1048261,AVC Vogherese 1919,,1
US Corticella,746609,US Corticella,,1
Audace Cerignola,368732,Audace Cerignola,,1
Ciliverghe Mazzano,170612,Ciliverghe Mazzano,,1
US Lavis,1154213,US Lavis,,1
ASD Terranuova Traiana,927029,ASD Terranuova Traiana,,1
Scandicci,117352,Scandicci,,1
Monastir,1278107,Monastir,,1
ASD Cannara,499922,ASD Cannara,,1
Fagiano Okayama,34034,Fagiano Okayama,,1
Sagan Tosu,21904,Sagan Tosu,,1
Ehime FC,8060,Ehime FC,,1
Tochigi SC,26009,Tochigi SC,,1
Azul Claro Numazu,312642,Azul Claro Numazu,,1
FC Osaka,223228,FC Osaka,,1
Nara Club,38148,Nara Club,,1
Tegevajaro Miyazaki,441260,Tegevajaro Miyazaki,,1
Kagoshima United,162632,Kagoshima United,,1
Giravanz Kitakyushu,40029,Giravanz Kitakyushu,,1
FC Ryukyu,44528,FC Ryukyu,,1
Renofa Yamaguchi,38146,Renofa Yamaguchi,,1
FC Gifu,21900,FC Gifu,,1
Amman FC,416493,Amman FC,,1
Shabana FC,556940,Shabana FC,,1
FC Talanta,544765,FC Talanta,,1
Bidco United,346130,Bidco United,,1
Kariobangi Sharks,315363,Kariobangi Sharks,,1
Mara Sugar FC,872787,Mara Sugar FC,,1
Bandari FC,138474,Bandari FC,,1
Sofapaka FC,138488,Sofapaka FC,,1
Mwatate United,346142,Mwatate United,,1
Gucha Stars FC,1298343,Gucha Stars FC,,1
KF Feronikeli,275019,KF Feronikeli,,1
Kazma SC,40654,Kazma SC,,1
Yarmouk,55163,Yarmouk,,1
Shabab Baalbak,187741,Shabab Baalbak,,1
Racing Beirut,187725,Racing Beirut,,1
Manjung City FC,687677,Manjung City FC,,1
Afrique Football Elite,496248,Afrique Football Elite,,1
FC Binga,791858,Binga FC,,1
FC Diarra,668533,FC Diarra,,1
AS Bakaridjan,655835,AS Bakaridjan,,1
AS Korofina,668499,AS Korofina,,1
Saint Patrick FC Zabbar,33578,Zabbar Saint Patrick FC,,1
Mosta FC,33572,Mosta FC,,1
Gudja United,74523,Gudja United,,1
Balzan FC,38304,Balzan FC,,1
Sliema Wanderers,5206,Sliema Wanderers,,1
Senglea Athletic,33575,Senglea Athletic,,1
Marsa FC,38477,Marsa FC,,1
Vittoriosa Stars,33570,Vittoriosa Stars,,1
Club Atletico La Paz,911245,Club Atletico La Paz,,1
Atletico San Luis,1950,Atletico San Luis,,1
Atletico Morelia,36529,Atletico Morelia,,1
Sporting Canamy,421979,Sporting Canamy,,1
FC Santiago,1038335,Santiago FC,,1
Cimarrones de Sonora FC,215050,Cimarrones de Sonora FC,,1
Venados FC,36531,Venados  FC,,1
Huracanes Izcalli FC,837602,Huracanes Izcalli FC,,1
Pioneros de Cancun,421937,Pioneros de Cancun,,1
Zacatepec FC,1179583,Zacatepec FC,,1
Tritones Vallarta MFC,836102,Tritones Vallarta MFC,,1
Juarez FC,215048,FC Juarez,,1
Real Apodaca FC,933565,Real Apodaca FC,,1
Agricultores FC Guasave,1179575,Agricultores FC Guasave,,1
Los Cabos United,932749,Los Cabos United,,1
Montaneses FC,837140,Montaneses FC,,1
Chapulineros de Oaxaca,292102,Chapulineros de Oaxaca,,1
FC Racing,1278098,FC Racing,,1
KAC Kenitra,55031,KAC Kenitra,,1
Rapide Oued Zem,337829,Rapide Oued Zem,,1
Renaissance Zemamra,368674,Renaissance Zemamra,,1
Dagon Port FC,1112035,Dagon Port FC,,1
Ispe FC,539595,Ispe FC,,1
Dagon Star United FC,531141,Dagon Star United FC,,1
FC Groningen,2951,FC Groningen,,1
Almere City FC,2990,Almere City FC,,1
Rancho Santana FC,680295,Rancho Santana FC,,1
CD Walter Ferretti,214210,CD Walter Ferretti,,1
Nasarawa United,193324,Nasarawa United,,1
Sunshine Stars FC,42584,Sunshine Stars FC,,1
Plateau United,242062,Plateau United,,1
Shooting Stars,193328,Shooting Stars,,1
Carrick Rangers,36783,Carrick Rangers,,1
Saham,40647,Saham,,1
CD Arabe Unido,36406,CD Arabe Unido,,1
Herrera FC,312000,Herrera FC,,1
San Francisco FC,25354,San Francisco FC,,1
Alianza FC Panama,168798,Alianza FC Panama,,1
Sportivo Trinidense,39722,Sportivo Trinidense,,1
Sportivo Ameliano,607728,Sportivo Ameliano,,1
Loyola FC,69660,Loyola FC,,1
Stallion Laguna FC,142204,Stallion Laguna FC,,1
Maharlika Taguig FC,753913,Maharlika Taguig FC,,1
Mendiola FC,554584,Mendiola FC,,1
Tuloy FC,1026993,Tuloy FC,,1
Odra Bytom Odrzanski,1031175,Odra Bytom Odrzanski,,1
UD Oliveirense,21831,UD Oliveirense,,1
UD Santarem,605666,UD Santarem,,1
SC Covilha,3037,SC Covilha,,1
CF Os Belenenses,824802,CF Os Belenenses,,1
FC Arouca,25777,FC Arouca,,1
CSM Politehnica Iasi,5334,CSM Politehnica Iasi,,1
AFC Hermannstadt,342922,AFC Hermannstadt,,1
CS Unirea Ungheni 2018,610900,CS Unirea Ungheni 2018,,1
CS Gilortul Targu Carbunesti,594738,CS Gilortul Targu Carbunesti,,1
ACS Progresul Fundulea,917713,ACS Progresul Fundulea,,1
CS Viitorul Daesti,594698,CS Viitorul Daesti,,1
ACS Academica Bals,1176927,ACS Academica Bals,,1
Gicumbi FC,380054,Gicumbi FC,,1
AS Muhanga,513672,AS Muhanga,,1
SP Cailungo,37859,SP Cailungo,,1
SS Murata,5964,SS Murata,,1
Jeddah Club,368676,Jeddah Club,,1
Neom SC,529781,Neom SC,,1
Damac FC,220298,Damac FC,,1
Bonnyrigg Rose,76341,Bonnyrigg Rose,,1
Spartans FC,2393,Spartans FC,,1
FK Zeleznicar Pancevo,425695,FK Zeleznicar Pancevo,,1
FK Indjija,35326,FK Indjija,,1
FK Zemun,5157,FK Zemun,,1
FK Trayal Krusevac,273511,FK Trayal Krusevac,,1
FK Radnik Surdulica,111127,FK Radnik Surdulica,,1
Hougang United FC,34083,Hougang United FC,,1
Balestier Khalsa FC,3039,Balestier Khalsa FC,,1
Polokwane City,25002,Polokwane City,,1
Kruger United,1175513,Kruger United,,1
Casric Stars FC,934389,Casric Stars FC,,1
Highbury FC,1175511,Highbury FC,,1
Pretoria Callies,760786,Pretoria Callies,,1
Ansan Greeners FC,319507,Ansan Greeners FC,,1
Seoul E-Land FC,191070,Seoul E-Land FC,,1
CD Mojados,1180031,CD Mojados,,1
CD Fuentes,951103,CD Fuentes,,1
CD La Almunia,366904,CD La Almunia,,1
CD Laguna de Duero,826318,CD Laguna de Duero,,1
UD Santa Marta,218152,UD Santa Marta,,1
Andorra CF,54131,Andorra CF,,1
Sevilla Atletico,7762,Sevilla Atletico,,1
CF Intercity,458599,CF Intercity,,1
CD Pamplona,369336,CD Pamplona,,1
CD Beti Onak,493700,CD Beti Onak,,1
Alcantarilla FC,621460,Alcantarilla FC,,1
Mexico FC,55781,Mexico FC,,1
Cultural Leonesa,2868,Cultural Leonesa,,1
CF Benidorm,1134611,CF Benidorm,,1
AD Parla,44229,AD Parla,,1
CD Canillas,361536,CD Canillas,,1
SAD Villaverde San Andres,274049,SAD Villaverde San Andres,,1
CD Atletico Paso,615604,CD Atletico Paso,,1
CD Calahorra B,612218,CD Calahorra B,,1
CD Cuarte,622168,CD Cuarte,,1
CD Roda,365992,CD Roda,,1
CD San Roque de Lepe,37061,CD San Roque de Lepe,,1
CD Utrera,369298,CD Utrera,,1
UD Logrones B,624828,UD Logrones B,,1
UD Llanera,369138,UD Llanera,,1
SP Villafranca,614068,SP Villafranca,,1
Real Sociedad C,306254,Real Sociedad C,,1
FC Cartagena B,163820,FC Cartagena B,,1
Atletico Onubense,369300,Atletico Onubense,,1
Viveiro CF,749445,Viveiro CF,,1
CD Galapagar,614334,CD Galapagar,,1
Deportivo Maritimo,1180039,Deportivo Maritimo,,1
UE Vilassar de Mar,369242,UE Vilassar de Mar,,1
Salamanca CF UDS,369272,Salamanca CF UDS,,1
UD Alzira,24367,UD Alzira,,1
San Fernando CD,24334,CD San Fernando,,1
L'Entregu CF,369136,L'Entregu CF,,1
CD Torreperogil,493522,CD Torreperogil,,1
Aravaca CF,377814,Aravaca CF,,1
FC Malaga City,934331,FC Malaga City,,1
PE Sant Jordi,749443,PE Sant Jordi,,1
UD Rayo Ibense,369252,UD Rayo Ibense,,1
Conil CF,460335,Conil CF,,1
CD Derio,1044711,CD Derio,,1
RB Linense,24357,RB Linense,,1
Zamora CF,24379,Zamora CF,,1
Juventud Torremolinos CF,369282,Juventud Torremolinos CF,,1
Real Madrid C,1036059,Real Madrid C,,1
CE Andratx,622146,CE Andratx,,1
Manzanares CF,619692,Manzanares CF,,1
CD Calahorra,273935,CD Calahorra,,1
UD Aretxabaleta,1179993,UD Aretxabaleta,,1
UE Porreres,1180035,UE Porreres,,1
Atletico Mancha Real,44225,Atletico Mancha Real,,1
Algeciras CF,4489,CF Algeciras,,1
Union Viera CF,493558,CF Union Viera,,1
Arucas CF,613902,Arucas CF,,1
CD Colindres,828254,CD Colindres,,1
Rayo Vallecano B,43756,Rayo Vallecano B,,1
CD El Alamo,366866,CD El Alamo,,1
CD Roces,369150,CD Roces,,1
UD Castellonense,623396,UD Castellonense,,1
CD Inter Sevilla,369296,CD Inter Sevilla,,1
Coria CF,109883,Coria CF,,1
UD Tomares,459823,UD Tomares,,1
Arroyo CP,77409,Arroyo CP,,1
Comillas CF,612216,Comillas CF,,1
CF Montanesa,274083,CF Montanesa,,1
Patacona CF,934341,Patacona CF,,1
CDF Tres Cantos,366874,CDF Tres Cantos,,1
CD Cayon,219174,CD Cayon,,1
CE Europa B,1173815,CE Europa B,,1
UD San Fernando,336769,UD San Fernando,,1
CD El Ejido,191166,CD El Ejido,,1
CD Noblejas,829738,CD Noblejas,,1
CD Monte,302070,CD Monte,,1
CD Buzanada,369330,CD Buzanada,,1
Club Atletico Central,750157,Club Atletico Central,,1
Beti Kozkor KE,366894,Beti Kozkor KE,,1
CD San Miguel,747703,CD San Miguel,,1
La Palma CF,183541,La Palma CF,,1
CD Cantolagua,369344,CD Cantolagua,,1
CD Guarnizo,369178,CD Guarnizo,,1
CE Manresa,610330,CE Manresa,,1
CA Vianes,369406,CA Vianes,,1
CD Cazalegas,926267,CD Cazalegas,,1
Atletico Santa Cruz,1216999,Atletico Santa Cruz,,1
CD Son Cladera,369302,CD Son Cladera,,1
CD Gevora,623818,CD Gevora,,1
Atletico Madrid C,1273942,Atletico Madrid C,,1
UC Cartes,610156,UC Cartes,,1
CD Cardassar,749439,CD Cardassar,,1
FC Zurich,2450,FC Zurich,,1
AC Bellinzona,2459,AC Bellinzona,,1
FC Schaffhausen,2461,FC Schaffhausen,,1
Kengold FC,776284,Kengold FC,,1
Mashujaa FC,689375,Mashujaa FC,,1
Kagera Sugar,238656,Kagera Sugar,,1
Kasetsart FC,327623,Kasetsart FC,,1
Phrae United,314333,Phrae United,,1
Bangkok FC,323291,Bangkok FC,,1
Suphanburi FC,85745,Suphanburi FC,,1
Chiangmai United,344428,Chiangmai United,,1
Uthai Thani FC,672413,Uthai Thani FC,,1
Sukhothai FC,202485,Sukhothai FC,,1
Lampang FC,344400,Lampang FC,,1
Prachuap FC,321791,Prachuap FC,,1
Trat FC,333025,Trat FC,,1
Police Tero FC,66562,Police Tero FC,,1
ES Zarzis,59630,ES Zarzis,,1
OC Kerkennah,505010,OC Kerkennah,,1
AS Soliman,378002,AS Soliman,,1
Olympique de Beja,59634,Olympique de Beja,,1
ES Metlaoui,112647,ES Metlaoui,,1
SA Menzel Bourguiba,296028,SA Menzel Bourguiba,,1
CS Redeyef,402381,CS Redeyef,,1
Stade Gabesien,83995,Stade Gabesien,,1
ES Bouchamma,516810,ES Bouchamma,,1
US Bousalem,191830,US Bousalem,,1
Caykur Rizespor,3064,Caykur Rizespor,,1
Alanyaspor,6362,Alanyaspor,,1
Kocaelispor,3065,Kocaelispor,,1
Adana Demirspor,3101,Adana Demirspor,,1
Sanliurfaspor,3090,Sanliurfaspor,,1
Antalyaspor,3056,Antalyaspor,,1
Bandirmaspor,44320,Bandirmaspor,,1
Bodrum FK,216876,Bodrum FK,,1
Adanaspor,3069,Adanaspor,,1
Sakaryaspor,3080,Sakaryaspor,,1
Sivasspor,3076,Sivasspor,,1
Kirklarelispor,56313,Kirklarelispor,,1
Eyupspor,7040,Eyupspor,,1
Corum FK,77629,Corum FK,,1
Gaziantep FK,5138,Gaziantep FK,,1
Pendikspor,7032,Pendikspor,,1
Kayserispor,3072,Kayserispor,,1
Esenler Erokspor,365676,Esenler Erokspor,,1
Ankara Keciorengucu,6366,Ankara Keciorengucu,,1
Boluspor,6414,Boluspor,,1
Konyaspor,3085,Konyaspor,,1
Serik Belediyespor,498470,Serik Belediyespor,,1
Nazilli Belediyespor,7035,Nazilli Belediyespor,,1
Ankaraspor,3057,Ankaraspor,,1
Inegolspor,5764,Inegolspor,,1
Silivrispor,77627,Silivrispor,,1
Izmir Coruhlu FK,77619,Izmir Coruhlu FK,,1
Yeni Mersin Idmanyurdu,625836,Yeni Mersin Idmanyurdu,,1
Beykoz Anadoluspor,117198,Beykoz Anadoluspor,,1
Bursaspor,3055,Bursaspor,,1
Erciyes 38 FK,1037347,Erciyes 38 FK,,1
Cankaya FK,116294,Cankaya FK,,1
Kusadasispor,823554,Kusadasispor,,1
Fatsa Belediyespor,498468,Fatsa Belediyespor,,1
Kahramanmarasspor,3092,Kahramanmarasspor,,1
Muglaspor,7034,Muglaspor,,1
1926 Polatli Belediyespor,1170673,1926 Polatli Belediyespor,,1
Ankara Demirspor,35191,Ankara Demirspor,,1
Balikesirspor,37687,Balikesirspor,,1
Giresunspor,5765,Giresunspor,,1
Erbaaspor,275325,Erbaaspor,,1
Somaspor,616722,Somaspor,,1
1461 Trabzon FK,117190,1461 Trabzon FK,,1
Denizlispor,3058,Denizlispor,,1
Etimesgut Belediyespor,170410,Etimesgut Belediyespor,,1
Suvermez Kapadokyaspor,1271536,Suvermez Kapadokyaspor,,1
Denizli Idman Yurdu,1271540,Denizli Idman Yurdu,,1
1926 Bulancakspor,1271612,1926 Bulancakspor,,1
Tire 2021 FK,1170653,Tire 2021 FK,,1
Osmaniyespor FK,119854,Osmaniyespor FK,,1
MKE Ankaragucu,3103,MKE Ankaragucu,,1
Artvin Hopaspor,370158,Artvin Hopaspor,,1
24 Erzincanspor,498464,24 Erzincanspor,,1
Kitara FC,424753,Kitara FC,,1
Miramar Misiones,6880,Miramar Misiones,,1
Plaza Colonia,3235,Plaza Colonia,,1
South Georgia Tormenta FC,334459,South Georgia Tormenta FC,,1
Inter Miami CF II,885979,Inter Miami CF II,,1
Miami FC,253137,Miami FC,,1
Deportivo Rayo Zuliano,810514,Deportivo Rayo Zuliano,,1
Portuguesa FC,6234,Portuguesa FC,,1
Academia Anzoategui FC,908321,Academia Anzoategui FC,,1
Song Lam Nghe An,33129,Song Lam Nghe An,,1
Taffs Well,37103,Taffs Well,,1
Buckley Town,37085,Buckley Town,,1
Trethomas Bluebirds,823306,Trethomas Bluebirds,,1
Llantwit Major,292362,Llantwit Major,,1
Llanelli Town,4916,Llanelli Town,,1
Trefelin BGC,123522,Trefelin BGC,,1
Gresford Athletic,37083,Gresford Athletic,,1
Caersws,4910,Caersws,,1
Cwmbran Celtic,37942,Cwmbran Celtic,,1
Prestatyn Town,23822,Prestatyn Town,,1
Nkwazi,195268,Nkwazi,,1
Green Buffaloes,195256,Green Buffaloes,,1
Kabwe Warriors,247353,Kabwe Warriors,,1
Mutondo Stars,1036027,Mutondo Stars,,1
Mufulira Wanderers,195282,Mufulira Wanderers,,1
Centro Limoeirense,21887,Centro Limoeirense,,1
Pangitheatikos,632694,Pangitheatikos,,1
Orestis Orestiadas,460895,Orestis Orestiadas,,1
CD Bullense,477038,CD Bullense,,1
Batman Petrolspor,3099,Batman Petrolspor,,1
Petroleros de Salamanca CFC,835670,Petroleros de Salamanca FC,,1
Stiinta Poli Timisoara,276395,Stinta Poli Timisoara,,1
NRB Beni Oulbene,962127,NR Beni Oulbene,,1
FK Sahdag Qusar,36579,Shahdag Qusar FK,,1
El Seka El Hadid,307068,El Sekka El Hadid,,1
Kahraba Ismailia,510490,Kahrabaa Ismailia,,1
CD Cacahuatique,502828,CD. Cacahuatique,,1
Kings Lynn Town,160,King's Lynn Town,,1
Anagennisi Artas,6986,Anagennisi Arta,,1
Zalaegerszegi TE,1922,Zalaegerszeg TE,,1
Shahrdari Noshahr,851741,Shahrdari Nowshahr,,1
Lamphun Warrior FC,544779,Lamphun Warriors FC,,1
Isparta 32 Spor,625712,Isparta 32 Sporu,,1
Belmont Swansea United SC,265509,Belmont Swansea United FC,,1
AE Zakakiou,73999,AEZ Zakakiou,,1
Kouris Erimi,735513,Kouris Erimis,,1
Once Deportivo de Ahuachapán,24391,Once Deportivo de Ahuachapan,,1
Maccabi Kiryat Ata Bialik,65198,Maccabi Kiryat Ata-Bialik,,1
Al Hashemeya,547131,Al Hashemehya,,1
Aguacateros de Peribán FC,863913,Aguacateros de Periban FC,,1
IB Khemis El Khechna,659835,Ib Khemis El Khechna,,1
FC Ranger's,5965,FC Rangers,,1
Al Moqawloon Al Arab,42365,Al Mokawloon Al Arab,,1
Maccabi Nujeidat Ahmed,543961,Maccabi Nujeidat Ahmad,,1
Hapoel Ironi Kiryat Shmona,5399,Hapoel Ironi Kiryat Shmona FC,,1
FC La Union Atletico,55121,FC LA Union Atletico,,1
CS M'saken,44464,CS Msaken,,1
KS Korabi Peshkopi,220340,KF Korabi Peshkopi,,1
Desportiva Ferroviaria,675079,Desportiva Ferroviaria ES,,1
Santos de Guápiles,7048,Santos de Guapiles,,1
National Bank of Egypt,376278,National Bank of Egypt SC,,1
Arba Minch Kenema,298864,Arba Minch Ketema,,1
ASD CastrumFavara,1173933,ASD Castrumfavara,,1
FK Kozuv Gevgelija,344636,FK Kozuf Gevgelija,,1
CF Bihorul Beius,344236,CS Bihorul Beius,,1
Gimnastica de Torrelavega,37052,RS Gimnastica de Torrelavega,,1
Nakhon Si United,344406,Nakhon SI United,,1
Karacabey Belediyespor AS,55611,Karacabey Belediyespor,,1
Tokat Belediye Plevnespor,1037363,Tokat Belediye Plevne Spor,,1
Bursa Nilüfer FK,1187709,Bursa Nilufer FK,,1
USM El Harrach,45002,USM EL Harrach,,1
RC Arba,112465,RC Arbaa,,1
Guarani de Juazeiro,33762,Guarani de Juazeiro CE,,1
Bamboutos de Mbouda,136726,Bamboutos FC de Mbouda,,1
Universidad Catolica,3151,CD Universidad Catolica,,1
Nea Salamis Famagusta,3399,Nea Salamina Famagusta,,1
Krasava ENY Ypsonas,617260,Krasava ENY Ypsonas FC,,1
Talaea El Geish,43561,Talaea El Gaish,,1
SC Preussen Munster,2590,SC Preussen 06 Munster,,1
Kheybar Khorramabad,392490,Kheybar Khorramabad FC,,1
A.C. Crema 1908,368702,AC Crema 1908,,1
SSD Casarano Calcio,43684,S.S.D. Casarano Calcio,,1
Onze Créateurs,391624,Onze Createurs,,1
Mineros de Fresnillo,421601,Mineros de Fresnillo FC,,1
CSO Teleajenul Valeni de Munte,1021965,Cso Teleajenul Valeni de Munte,,1
Geylang International,3044,Geylang International FC,,1
Ibiza Islas Pitiusas,493536,CD Ibiza Islas Pitiusas,,1
Villa Santa Brigida,24370,UD Villa Santa Brigida,,1
US Ksour Essef,239038,US Ksour Essaf,,1
Kucukcekmece Sinopspor,1037343,Kucukcekmece Sinop Spor,,1
Truong Tuoi Dong Nai,200173,Truong Tuoi Dong Nai FC,,1
Penrhiwceiber Rangers,44705,Penrhiwceiber Rangers FC,,1
Argentino Quilmes,93525,Argentino de Quilmes,,1
Racing de Cordoba,399415,CA Racing de Cordoba,,1
Wellington Phoenix,7568,Wellington Phoenix FC,,1
Austria Klagenfurt,43254,SK Austria Klagenfurt,,1
Sampaio Correa RJ,342192,Sampaio Correa FE RJ,,1
Desportivo Brasil,309282,Desportivo Brasil SP,,1
Desportiva Aracaju,1177541,Desportiva Aracaju SE,,1
San Luis Quillota,39220,San Luis de Quillota,,1
PO Achyronas Onisilos,923761,Achyronas Onisilos,,1
Bognor Regis Town,141,Bognor Regis Town FC,,1
Apollon Kalithion FC,460281,Apollon Kalithion,,1
Saronikos Anavyssou,290780,Saronikos Anavisou,,1
Estudiantes Merida,7745,Estudiantes de Merida,,1
Nassaji Mazandaran,392492,Nassaji Mazandaran FC,,1
Hapoel Petah Tikva,5199,Hapoel Petah Tikva FC,,1
MS Hapoel Lod,475014,SC Hapoel Lod,,1
Pro Palazzo,1055809,Pro Palazzolo,,1
U.A. Zacatecas,287485,UA Zacatecas,,1
Ballinamallard Utd,36785,Ballinamallard United,,1
FK Vardarski,1136391,FC Vardarski,,1
Detonit Plackovica,476426,FK Detonit Plackovica,,1
Lusitania Lourosa,35174,Lusitania FC Lourosa,,1
CE Constancia,77403,CD Constancia,,1
Platges de Calvia,369304,CF Platges de Calvia,,1
Kanchanaburi Power,766834,Kanchanaburi Power FC,,1
Beyoglu Yeni Carsi FK,170406,Beyoglu Yeni Carsi,,1
Xuan Thien Phu Tho,574499,Xuan Thien Phu Tho FC,,1
AF Elbasani,1021051,Af Elbasani,,1
Barracas Central,65668,CA Barracas Central,,1
Rosario Central,3217,CA Rosario Central,,1
Argentino Merlo,210370,Argentino de Merlo,,1
Villa San Carlos,107199,CA Villa San Carlos,,1
Adelaide United,2946,Adelaide United FC,,1
St George Saints,138216,St George Saints FC,,1
Royal Cappellen,6641,Royal Cappellen FC,,1
EC Sao Bernardo,251169,EC Sao Bernardo SP,,1
Guarany de Bage,21966,Guarany de Bage FC,,1
Atletico Mineiro,1977,Atletico Mineiro MG,,1
Uniao Barbarense,4999,Uniao Barbarense SP,,1
Sao Raimundo AM,2015,Sao Raimundo EC AM,,1
Sao Raimundo RR,90278,Sao Raimundo EC RR,,1
SE Belford Roxo,791392,SE Belford Roxo RJ,,1
Deportivo Upala,1155077,Deportivo Upala FC,,1
Spartakos Kitiou,1042947,Spartakos Kitiou FC,,1
El Mansoura,188567,El Mansurah,,1
Chichester City,46920,Chichester City FC,,1
Chippenham Town,34725,Chippenham Town FC,,1
Spennymoor Town,171,Spennymoor Town FC,,1
Athens Kallithea,3255,Athens Kallithea FC,,1
Northeast United,174602,Northeast United FC,,1
Kerala Blasters,174598,Kerala Blasters FC,,1
Sreenidi Deccan,862153,Sreenidi Deccan FC,,1
Maccabi Netanya,5395,Maccabi Netanya FC,,1
Maccabi Ahi Nazareth,34526,Maccabi Achi Nazareth FC,,1
Hapoel Kfar Saba,5200,Hapoel Kfar Saba FC,,1
Hapoel Marmorek,7384,Hapoel Marmorek FC,,1
San Donato Tavarnelle,170654,ASD San Donato Tavarnelle,,1
Acámbaro FC,1038331,Acambaro FC,,1
Limavady United,5274,Limavady United FC,,1
Veraguas United,312014,Veraguas United FC,,1
FC Voluntari II,220342,SC FC Voluntari II,,1
Al Jabalain,240150,Al-Jabalain,,1
Al Fateh SC,56023,Al-Fateh SC,,1
Marumo Gallants,367886,Marumo Gallants FC,,1
FC Marbellí,1182025,FC Marbelli,,1
Cadiz Mirandilla,369294,Cadiz CF Mirandilla,,1
Rayo Majadahonda,216190,CF Rayo Majadahonda,,1
Torrent C.F.,749377,Torrent CF,,1
Taichung Futuro,567325,Taichung Futuro FC,,1
KS Lushnja,5221,KF Lushnja,,1
US Bechar Djedid,186815,Bechar Djedid,,1
JS El Biar,967255,Js El Biar,,1
Central Cordoba SdE,65676,CA Central Cordoba SE,,1
Union Santa Fe,3204,Union de Santa Fe,,1
Melbourne City,42210,Melbourne City FC,,1
Brisbane Roar,5968,Brisbane Roar FC,,1
Brunswick City,243492,Brunswick City SC,,1
Dandenong City,243494,Dandenong City SC,,1
Kingston City,151494,Kingston City FC,,1
Bulleen Lions,181418,FC Bulleen Lions,,1
Blacktown City,92204,Blacktown City FC,,1
Baku Sporting FC,1080914,Baku Sporting,,1
Siroki Brijeg,5239,NK Siroki Brijeg,,1
Santa Cruz FC,1976,Santa Cruz FC PE,,1
Santa Cruz RN,65506,Santa Cruz FC RN,,1
Rio Branco PR,32783,Rio Branco SC PR,,1
Caravaggio SC,840432,CF Caravaggio SC,,1
AD Carmopolis,1055087,AD Carmopolis SE,,1
Rio Branco SP,6964,Rio Branco EC SP,,1
Fluminense PI,773398,Fluminense EC PI,,1
Santa Catarina,510178,Santa Catarina SC,,1
Portuguesa RJ,225938,AA Portuguesa RJ,,1
Porto Vitoria,838668,Porto Vitoria ES,,1
Rio Branco ES,49199,Rio Branco AC ES,,1
Monte Roraima,1104921,Monte Roraima RR,,1
Arda Kardzhali,364786,FC Arda Kardzhali,,1
Cariari Pococi,364910,AD Cariari Pococi,,1
Quepos Cambute FC,923161,Quepos Cambute,,1
Slaven Belupo,2042,NK Slaven Belupo,,1
Aris Limassol,3397,Aris Limassol FC,,1
Omonia Nicosia,3395,AC Omonia Nicosia,,1
Slovan Liberec,2219,FC Slovan Liberec,,1
Hradec Kralove,2217,FC Hradec Kralove,,1
Sigma Olomouc,2207,SK Sigma Olomouc,,1
Banik Ostrava,2204,FC Banik Ostrava,,1
Suez Montakhab,376272,Montakhab El Suez,,1
Alfreton Town,222,Alfreton Town FC,,1
Middlesbrough,36,Middlesbrough FC,,1
Farsley Celtic,174,Farsley Celtic FC,,1
Solihull Moors,7942,Solihull Moors FC,,1
Chertsey Town,216,Chertsey Town FC,,1
Curzon Ashton,25936,Curzon Ashton FC,,1
Hadiya Hossana,669303,Hadiya Hossana FC,,1
Wolaita Dicha,381272,Wolaita Dicha SC,,1
Clermont Foot,1680,Clermont Foot 63,,1
FC Ingolstadt,5880,FC Ingolstadt 04,,1
Glacis United FC,126302,Glacis United,,1
PS Barito Putera,86542,Barito Putera,,1
Kendal Tornado,618640,Kendal Tornado FC,,1
Mes Rafsanjan,295814,Mes Rafsanjan FC,,1
Naft Al-Basra,510194,Naft Al-Basra SC,,1
Hapoel Hadera,39525,Hapoel Hadera FC,,1
A.C. Ospitaletto,1158829,ACD Ospitaletto,,1
AC Mestre,223490,A.C. Mestre,,1
Posta Rangers,242064,Posta Rangers FC,,1
Mathare United,138482,Mathare United FC,,1
Etoiles Mande,1211299,Etoiles Du Mande,,1
Pieta Hotspurs,33577,Pieta Hotspurs FC,,1
Bayelsa United,42369,Bayelsa United FC,,1
Ballymena Utd,5269,Ballymena United,,1
Davao Aguilas FC,333471,Davao Aguilas,,1
Progresul Mogosoaia,1190781,ACS Progresul Mogosoaia,,1
Al Kholood,386360,Al-Kholood,,1
Stenhousemuir,2370,Stenhousemuir FC,,1
Edinburgh City,26252,Edinburgh City FC,,1
Annan Athletic,23955,Annan Athletic FC,,1
Airdrieonians,2367,Airdrieonians FC,,1
Sloboda Uzice,25733,FK Sloboda Uzice,,1
Cape Town City,276679,Cape Town City FC,,1
Villarrobledo,606044,CP Villarrobledo,,1
CD Valdepenas,1164679,CDEFB Valdepenas,,1
Rotlet Molinar,828286,UD Rotlet Molinar,,1
Stade Nyonnais,2490,FC Stade Nyonnais,,1
Sisaket United,764772,Sisaket United FC,,1
Aliaga Futbol AS,1037339,Aliaga Futbol,,1
Diyarbekirspor,743101,Diyarbekirspor AS,,1
Atlanta United,305920,Atlanta United FC,,1
Flint Mountain FC,934363,Flint Mountain,,1
Costa Rica MS,248569,Costa Rica EC MS,,1
Altona Magic,151492,Altona Magic SC,,1
Sabail FC,281393,Sabail FK,,1
Royal Knokke,169272,Royal Knokke FC,,1
CA Piauiense,1174583,CA Piauiense PI,,1
Nova Venecia,838666,Nova Venecia ES,,1
Pouso Alegre,673707,Pouso Alegre MG,,1
Sao Bernardo,47504,Sao Bernardo FC,,1
Comercial SP,61690,Comercial FC SP,,1
AE Jataiense,21976,AE Jataiense GO,,1
Aparecida GO,511106,Aparecida EC GO,,1
Santa Helena,32795,Santa Helena GO,,1
Cherno More Varna,3280,PFC Cherno More Varna,,1
Marek Dupnitsa,5244,Marek Dupnica,,1
Botev Plovdiv II,804238,Pfk Botev Plovdiv II,,1
Colo Colo,3155,Colo-Colo,,1
Chesterfield,68,Chesterfield FC,,1
Boreham Wood,36467,Boreham Wood FC,,1
Valenciennes,5061,Valenciennes FC,,1
Swedru All Blacks Utd,781830,Swedru All Blacks,,1
College 1975 FC,558886,College 1975,,1
Anagennisi Karditsas,6987,Anagennisi Karditsas 1904,,1
Rethymniakos,361514,AO Rethymniakos,,1
Thiva,256817,Tiva,,1
Malut United FC,1055373,Malut United,,1
Semen Padang,86066,Semen Padang FC,,1
Damash Gilan,53699,Damash Gilan FC,,1
Hapoel Afula,39521,Hapoel Afula FC,,1
Bnei Sakhnin,5392,Bnei Sakhnin FC,,1
Tzeirey Tira,497324,FC Tzeirey Tira,,1
Omiya Ardija,5130,RB Omiya Ardija,,1
Kochi United,281405,Kochi United SC,,1
Ulinzi Stars,138498,Ulinzi Stars FC,,1
Fgura United,58325,Fgura United FC,,1
General Caballero JLM,818704,Club General Caballero JLM,,1
Gloria Buzau,7732,FC Gloria Buzau,,1
Otelul Galati II,55365,ASC Otelul Galati II,,1
Al Jandal,522144,AL Jandal,,1
Kelty Hearts,225156,Kelty Hearts FC,,1
Cove Rangers,8062,Cove Rangers FC,,1
Radnicki Nis,25737,FK Radnicki Nis,,1
Cheonan City,41263,Cheonan City FC,,1
CE Campos,828284,CD Campos,,1
Villarreal C,369244,CF Villarreal C,,1
Polideportivo Almeria,493530,Club Polideportivo Almeria,,1
Mtibwa Sugar,238664,Mtibwa Sugar FC,,1
Istanbulspor,3066,Istanbulspor AS,,1
Mbale Heroes,553878,Mbale Heroes FC,,1
Newport City,934381,Newport City FC,,1
12 Bingolspor,174114,12 Bingol Spor,,1
Argentinos Jrs,3216,Argentinos Juniors,,1
Atlético Tucumán,36833,Atletico Tucuman,,1
Perth Glory,2945,Perth Glory FC,,1
Zrinjski Mostar,5178,HSK Zrinjski Mostar,,1
Botafogo PB,49196,Botafogo FC PB,,1
Nova Iguacu,6981,Nova Iguacu RJ,,1
Sport Sinop,876223,Sport Sinop MT,,1
Jacobina EC,190566,Jacobina EC BA,,1
Operario MS,317965,Operario FC MS,,1
Juventus SP,6960,CA Juventus SP,,1
Chapecoense,21845,Chapecoense SC,,1
Boavista RJ,6977,Boavista SC RJ,,1
Botafogo SP,1979,Botafogo FC SP,,1
Nacional SP,189842,Nacional AC SP,,1
Sao Jose RS,32767,EC Sao Jose RS,,1
Ypiranga RS,32766,Ypiranga FC RS,,1
Nacional AM,21859,Nacional FC AM,,1
Guanabara City FC,845616,Guanabara City GO,,1
Goytacaz FC,327311,Goytacaz FC RJ,,1
Yong Sport Academy,62234,Yong Sp. Academy,,1
Once Caldas,6118,CD Once Caldas,,1
Millonarios,6117,Millonarios FC,,1
Ethnikos Achna,3396,Ethnikos Achnas FC,,1
Karmiotissa,120838,Karmiotissa FC,,1
El Nacional,5254,CD El Nacional,,1
Aswan FC,230486,Aswan SC,,1
Southampton,45,Southampton FC,,1
Basford Utd,224854,Basford United,,1
Farnborough,88,Farnborough FC,,1
Blyth Spartans,191,Blyth Spartans AFC,,1
Stourbridge,38463,Stourbridge FC,,1
Red Star FC 93,52874,Red Star FC,,1
Chateauroux,1666,LB Chateauroux,,1
Makedonikos,25228,Makedonikos FC,,1
Panargiakos,25230,Panargiakos FC,,1
Ethnikos Neou Keramidiou,431243,Ethnikos Keramidiou,,1
AO Neas Ionias,120172,Neas Ionias,,1
Posidonas Neas Michanionas,458465,Poseidonas Michanionas,,1
Coban Imperial,7603,CSD Coban Imperial,,1
Mumbai City FC,174600,Mumbai City,,1
Dewa United FC,800032,Dewa United,,1
Al Karma,1098325,AL Karma,,1
Al Kahrabaa,405349,Al Kahrabaa SC,,1
Al Minaa,405353,AL Minaa,,1
Al Karkh,544137,AL Karkh,,1
Al Najaf,508998,AL Najaf,,1
Maccabi Kiryat Malakhi,65196,Maccabi Ironi Kiryat Malakhi,,1
Hapoel Azor,61700,Hapoel Azor FC,,1
Hapoel Acre,7380,Hapoel Acre FC,,1
AC Feralpisalo,37173,Feralpisalo,,1
Calvi Noale,223494,FC Calvi Noale,,1
ASD Caldiero Terme,621770,Caldiero Terme,,1
Real Bamako,134298,AS Real Bamako,,1
Santa Lucia,58335,Santa Lucia FC,,1
Club Celaya,53121,Club Celaya FC,,1
Inainte Modelu,227114,ACS Inainte Modelu,,1
Al Zulfi,757980,AL Zulfi,,1
Al Najma,759502,Al-Najma,,1
Al Batin,168084,Al-Batin,,1
Ross County,2365,Ross County FC,,1
Young Lions,34082,Young Lions FC,,1
Rimavska Sobota,4902,MSK Rimavska Sobota,,1
San Ignacio,493174,CD San Ignacio,,1
Pena Deportiva,116243,SCR Pena Deportiva,,1
Chanthaburi FC,344474,Chanthaburi,,1
Menemenspor,44355,Menemenspor AS,,1
Yaracuyanos,36435,Yaracuyanos FC,,1
San Marcial,1281977,CD San Marcial,,1
Deportivo Riestra,191648,Deportivo Riestra AFBC,,1
Real Pilar,374918,Real Pilar FC,,1
America RN,2023,America FC RN,,1
Central PE,21844,Central SC PE,,1
Guarani SP,1972,Guarani FC SP,,1
Capital DF,529973,Capital CF DF,,1
Monte Azul,39617,Monte Azul SP,,1
AA Guarany,529811,AA Guarany SE,,1
Vitoria ES,35280,Vitoria FC ES,,1
America MG,1973,America FC MG,,1
Sobradinho,90268,Sobradinho DF,,1
Princesa do Solimoes,144854,Princesa do Solimoes EC AM,,1
Maranguape,32669,Maranguape CE,,1
Capital TO,674989,Capital FC TO,,1
Quixada FC,32670,Quixada FC CE,,1
Guarani RS,21965,EC Guarani RS,,1
Aigle Noir,389004,Aigle Noir CS,,1
Cartagines,7044,CS Cartagines,,1
Puntarenas,7046,Puntarenas FC,,1
Dinamo Zagreb,2032,GNK Dinamo Zagreb,,1
Istra 1961,25529,NK Istra 1961,,1
Wadi Degla,43568,Wadi Degla SC,,1
Portsmouth,2,Portsmouth FC,,1
Leamington,34728,Leamington FC,,1
Gillingham,20,Gillingham FC,,1
Oxford Utd,95,Oxford United,,1
Darlington,91,Darlington FC,,1
Frome Town,45008,Frome Town FC,,1
Adama City,298866,Adama City FC,,1
Aias Salaminas,470963,Aias Salamina FC,,1
Guastatoya,163298,CD Guastatoya,,1
Malacateco,7730,CD Malacateco,,1
Real Tegus,1225875,CD Real Tegus,,1
Garudayaksa,857165,Garuda Yaksa,,1
Hapoel Nof HaGalil,5393,Hapoel Nof Hagalil FC,,1
ASD Sasso Marconi,368714,ASD Sasso Marconi 1924,,1
Campobasso,43858,Campobasso FC,,1
Club Atletico Palermo,1278839,Ssd Athletic Club Palermo,,1
Sagamihara,190658,SC Sagamihara,,1
Soy United,764522,Soy United FC,,1
Shabab Al-Sahel,135674,Shabab AL Sahel,,1
Mali Coura,1307990,FC Mali Coura,,1
Moreirense,3014,Moreirense FC,,1
SU 1 Dezembro,45144,1 dezembro,,1
Unirea Dej,55381,FC Unirea Dej,,1
Ohod Madinah,220302,Ohod Medina,,1
Kilmarnock,2347,Kilmarnock FC,,1
Tenerife B,37054,CD Tenerife B,,1
Binissalem,77405,CD Binissalem,,1
Sabadell B,219002,CE Sabadell B,,1
Las Palmas,6577,UD Las Palmas,,1
Amorebieta,54103,SD Amorebieta,,1
Plus Ultra,452933,CD Plus Ultra,,1
Llosetense,216194,CD Llosetense,,1
Juventud Cambados,1281663,Club Juventud Cambados,,1
SD Navarro CF,610152,Navarro CF,,1
Lagun Onak,37588,CD Lagun Onak,,1
Goytre Utd,26235,Goytre United,,1
Red Arrows FC,195280,Red Arrows,,1
Formentera,216774,SD Formentera,,1
Neftchi Baku,5215,Neftchi Baku PFC,,1
Dessel Sport,2924,KFC Dessel Sport,,1
Madureira,6980,Madureira RJ,,1
Moto Club,2009,Moto Club MA,,1
Pombal EC,1051397,Pombal EC PB,,1
Jequie BA,401923,AD Jequie BA,,1
Picuiense,851185,Picuiense PB,,1
Portuguesa Santista,1971,AA Portuguesa Santista SP,,1
Tuna Luso,21866,Tuna Luso PA,,1
Athletic Club MG,547561,Athletic Club Sjdr MG,,1
Vila Nova MG,7316,Villa Nova AC MG,,1
Aracatuba,682001,AE Aracatuba,,1
Legiao FC,838016,Legiao FC DF,,1
Galvez AC,245535,Galvez EC AC,,1
Araguaina,35283,Araguaina TO,,1
Potyguar Seridoense,825058,Potyguar Cn Seridoense RN,,1
Bom Jesus,1276192,Bom Jesus EC,,1
Slavia Sofia,3274,PFC Slavia Sofia,,1
Levski Sofia,3273,PFC Levski Sofia,,1
Aigle Royal du Moungo,802996,Aigle Royal Du Moungo,,1
Orsomarso,241730,Orsomarso SC,,1
Herediano,7045,CS Herediano,,1
Municipal Turrialba,316971,AD Municipal Turrialba FC,,1
Hajduk Split,2036,HNK Hajduk Split,,1
Vukovar 1991,6672,HNK Vukovar 1991,,1
Pardubice,2230,FK Pardubice,,1
Morecambe,81,Morecambe FC,,1
Eastleigh,6191,Eastleigh FC,,1
Bath City,7944,Bath City FC,,1
Salisbury,220,Salisbury FC,,1
Leek Town,213,Leek Town FC,,1
Brentford,50,Brentford FC,,1
Liverpool,44,Liverpool FC,,1
Hemel Hempstead,47045,Hemel Hempstead Town,,1
Southport,122,Southport FC,,1
Martigues,1664,FC Martigues,,1
Ilioupoli,6997,GS Ilioupoli,,1
Thyella Patron,7012,Thyella Patras,,1
Ilisiakos,59712,Ilisiakos FC,,1
Marquense,7019,CD Marquense,,1
Juticalpa,218210,Juticalpa FC,,1
Bengaluru,118670,Bengaluru FC,,1
Juventud De Las Piedras,3224,CA Juventud de Las Piedras,,1
Casertana,53857,Casertana FC,,1
Catanzaro,2796,US Catanzaro,,1
SS Nola 1925,117426,Asd SS Nola 1925,,1
Al Tura,225460,Al Tora,,1
Al Naser SC,23401,Al-Nasr SC,,1
Queretaro,1951,Queretaro FC,,1
CF Reboceros La Piedad,421613,Reboceros de La Piedad,,1
Crusaders,5180,Crusaders FC,,1
Loughgall,5276,Loughgall FC,,1
2 de Mayo,5992,CS 2 de Mayo,,1
Benfica B,74465,SL Benfica B,,1
Famalicao,49531,FC Famalicao,,1
Acs Unirea Dmo,1264179,ACS Unirea Dmo,,1
Tre Penne,37862,SP Tre Penne,,1
Al Hazm,168086,Al-Hazm,,1
St Johnstone,2348,St. Johnstone FC,,1
East Fife,2382,East Fife FC,,1
St Mirren,2359,St Mirren FC,,1
Peterhead,2385,Peterhead FC,,1
Dumbarton,2377,Dumbarton FC,,1
Stranraer,2371,Stranraer FC,,1
TS Galaxy,475016,TS Galaxy FC,,1
Almeria B,44321,UD Almeria B,,1
Navalcarnero,24352,CDA Navalcarnero,,1
Calamonte,369428,CD Calamonte,,1
Las Rozas,493228,Las Rozas CF,,1
Gran Pena,1044647,Gran Pena FC,,1
Sevilla C,369292,Sevilla FC C,,1
Antequera,24323,Antequera CF,,1
Cordoba B,115061,Cordoba CF B,,1
Agoncillo,369414,CD Agoncillo,,1
Cirbonero,273931,CA Cirbonero,,1
Tataouine,283347,US Tataouine,,1
Altinordu,24749,Altinordu FK,,1
Ingulets Petrovo,211970,FC Ingulets Petrove,,1
PFK Turan Tovuz,36951,Turan Tovuz,,1
Colorado Caieiras,808962,Colorado Caieiras FC SP,,1
Fortaleza CEIF,89368,Fortaleza FC,,1
Bournemouth,60,AFC Bournemouth,,1
Montpellier,1642,Montpellier HSC,,1
Kaiserslautern,2675,1 FC Kaiserslautern,,1
Nestos Chrisoupolis,120244,Nestos Chrysoupoli FC,,1
Hapoel Herzliya,7383,Hapoel Herzelia FC,,1
Real Monterotondo,834276,Real Monterotondo Scalo,,1
Club Milano,828586,Club Milano SSD,,1
Stal Mielec,38732,FKS Stal Mielec,,1
CSM Targu Jiu,1185485,Csm Targu Jiu,,1
Queen's Park,2379,Queens Park FC,,1
Sloven Ruma,1037795,Gfk Sloven Ruma,,1
SKAF Khemis Miliana,775314,Skaf Khemis Miliana,,1
Port Melbourne SC,92935,Port Melbourne Sharks,,1
Excelsior Virton,2931,Royal Excelsior Virton,,1
Porto BA,1126777,Porto SC BA,,1
Barcelona de Ilheus,810056,Barcelona Ilheus BA,,1
River PI,2014,River AC PI,,1
Baraunas,21840,Baraunas RN,,1
Barra SC,291538,Barra FC SC,,1
Vital'O FC,246139,Vitalo FC,,1
San Marcos De Arica,39219,San Marcos de Arica,,1
Llaneros,89374,Llaneros FC,,1
Petrojet,43567,Petrojet FC,,1
Millwall,25,Millwall FC,,1
Worthing,47289,Worthing FC,,1
Weymouth,178,Weymouth FC,,1
Hereford,107,Hereford FC,,1
Guingamp,1654,EA Guingamp,,1
Le Havre,1662,Le Havre AC,,1
Toulouse,1681,Toulouse FC,,1
Boulogne,1711,US Boulogne,,1
Borussia M'gladbach,2527,Borussia Monchengladbach,,1
Augsburg,2600,FC Augsburg,,1
Waldhof Mannheim,2680,SV Waldhof Mannheim 07,,1
CD Real Sociedad,76997,CD Real Sociedad Tocoa,,1
Costa D’Amalfi,1173921,Costa d’Amalfi FC,,1
Sambiase,1173953,AS Sambiase,,1
Brindisi,2794,Brindisi FC,,1
Santos Laguna,1948,Club Santos Laguna,,1
Amarante,226202,Amarante FC,,1
Arbroath,2366,Arbroath FC,,1
Montrose,2386,Montrose FC,,1
Basconia,222544,CD Basconia,,1
Anguiano,336793,CD Anguiano,,1
Girona B,749373,Girona FC B,,1
Alondras,368858,Alondras CF,,1
Tropezon,115051,CD Tropezon,,1
Atzeneta,493216,Atzeneta UE,,1
Huracan Balazote,749173,CD Huracan de Balazote,,1
Mirandes,35092,CD Mirandes,,1
Olivenza,361458,Olivenza FC,,1
Betanzos,621336,Betanzos CF,,1
Praviano,369142,CD Praviano,,1
Villegas,369378,CD Villegas,,1
Bizertin,59618,CA Bizertin,,1
Karakopru Belediyespor,365712,Karakopru Belediye SK,,1
Diyarbakirspor,743101,Diyarbekirspor AS,,1
Anderlecht,2900,RSC Anderlecht,,1
Votuporanguense,135524,CA Votuporanguense SP,,1
Aguia de Maraba,33998,Aguia de Maraba FC PA,,1
Botev Vratsa,36938,POFC Botev Vratsa,,1
CSKA Sofia,3275,PFC CSKA Sofia,,1
Victoria United,470913,Victoria United Limbe,,1
CD Platense Zacatecoluca,526689,CD Platense Municipal Zacatecoluca,,1
Sunderland,41,Sunderland AFC,,1
Nottm Forest,14,Nottingham Forest,,1
AE Kifisias,120224,AE Kifisia FC,,1
Foolad Khuzestan,53703,Foolad KHouzestan FC,,1
Maccabi Bnei Raina,401743,Maccabi Bney Reine,,1
Pro Vercelli,2769,Pro Vercelli 1892,,1
Academico Viseu,3022,Academico de Viseu FC,,1
IMT Novi Belgrade,425691,FK IMT Novi Beograd,,1
UDC Txantrea,266599,UDC Chantrea,,1
Mallorca B,34997,RCD Mallorca B,,1
Sestao River,24364,Sestao River Club,,1
Pozuelo Alarcon,367918,CF Pozuelo de Alarcon,,1
Ankaragucu,3103,MKE Ankaragucu,,1
Adana 1954 FK,1037357,Adana 01 FK,,1
Huracan,7629,CA Huracan,,1
Heidelberg Utd,142724,Heidelberg United FC,,1
Budaiya,193666,AL Budaiya,,1
Decisao,617186,Decisao PE,,1
FC Cascavel,21891,Cascavel PR,,1
Maguary,925353,Maguary PE,,1
Uniao Sao Joao,883055,Uniao Sao Joao EC SP,,1
EC Barretos,189840,Barretos SP,,1
Sampaio Correa,2005,Sampaio Correa FC MA,,1
Rolim de Moura EC,258545,Rolim de Moura RO,,1
Tupi MG,22428,Tupi FC MG,,1
Serra Macaense,327315,Serra Macaense FC RJ,,1
Messager Ngozi,317861,Le Messager Ngozi FC,,1
ADR Jicaral,364902,Adr Jicaral,,1
Burnley,6,Burnley FC,,1
Chester,262,Chester FC,,1
Watford,24,Watford FC,,1
Warrington Rylands,596860,Warrington Rylands 1906 FC,,1
Barwell,45376,Barwell FC,,1
Hampton & Richmond,155,Hampton & Richmond Borough,,1
Arsenal,42,Arsenal FC,,1
Everton,48,Everton FC,,1
Walsall,26,Walsall FC,,1
Chelsea,38,Chelsea FC,,1
Chorley,217,Chorley FC,,1
Bromley,180,Bromley FC,,1
Auxerre,1646,AJ Auxerre,,1
Lorient,1656,FC Lorient,,1
Le Mans,1672,Le Mans FC,,1
Dunkerque,6918,USL Dunkerque,,1
AER Afantou,945403,Aer Afantou,,1
Apollon Krya Vrysi,226860,Apollon 1960 Krya Vrysi FC,,1
Karavas,401789,AO Karavas,,1
Szeged-Csanad Grosics,25624,Szeged-Csanad Grosics Akademia,,1
Crotone,2718,FC Crotone,,1
Khaitan,55157,Khaitan SC,,1
Zurrieq FC,79647,Zurrieq,,1
Inter Playa del Carmen,290554,Inter Playa Del Carmen,,1
Tapatio,728055,CD Tapatio,,1
Tondela,38396,CD Tondela,,1
Leixoes,3018,Leixoes SC,,1
Rio Ave,3036,Rio Ave FC,,1
Falkirk,2363,Falkirk FC,,1
Namestovo,79033,MSK Namestovo,,1
Vimenor,369188,CF Vimenor,,1
Eibar B,1168911,SD Eibar B,,1
Manacor,54119,CD Manacor,,1
Oberena,336791,CD Oberena,,1
Alcudia,336777,UD Alcudia,,1
Nakhon Pathom FC,330037,Nakhon Pathom United FC,,1
Moknine,302318,SC Moknine,,1
Nilufer Belediyespor,1170669,Nilufer Belediye FK,,1
Sariyer,4952,Sariyer SK,,1
Efeler 09,917493,Efeler 09 SFK,,1
Mbarara City,325273,Mbarara FC,,1
Danubio,3228,Danubio FC,,1
Fermana,2755,Fermana FC,,1
Independiente Rivadavia De Mendoza,36842,Independiente Rivadavia,,1
Moreland City SC,422623,Moreland City FC,,1
Vasco da Gama,1974,CR Vasco da Gama RJ,,1
Marcilio Dias,21978,CN Marcilio Dias SC,,1
Volta Redonda,6982,Volta Redonda FC RJ,,1
Democrata GV,21848,EC Democrata MG,,1
Fortaleza FC,2020,Fortaleza EC CE,,1
Real Brasilia,529979,Real Brasilia FC DF,,1
Internacional,1966,SC Internacional RS,,1
Sao Cristovao,327303,Sao Cristovao FR RJ,,1
Etar 1924 Veliko Tarnovo,36941,SFC Etar Veliko Tarnovo,,1
CD Luis Angel Firpo,24388,CD Luis Angel Firpo Usulutan,,1
Maidstone Utd,26003,Maidstone United FC,,1
Walton & Hersham,137,Walton and Hersham FC,,1
PAOP Neas Amisou,1177707,Paop Neas Amisou,,1
Correcaminos II,421557,CF Correcaminos Uat II,,1
Aguacateros CDU,624484,Aguacateros CD Uruapan,,1
Al-Shahaniya SC,170364,Al Shahaniya,,1
Mardin 1969,497134,Mardin 1969 Spor,,1
Newcastle Jets,2934,Newcastle United Jets,,1
Melbourne City NPL,215652,Melbourne City FC,,1
Imisli,951655,Imisli FK,,1
Westerlo,2893,KVC Westerlo,,1
Lommel,5046,Lommel SK,,1
Serra Branca,931665,Serra Branca EC PB,,1
Falcon,840486,Falcon SE,,1
Uniao Suzano,545515,Uniao Suzano AC SP,,1
Sao Joseense,565594,IF Sao Joseense PR,,1
Aparecidense,32794,AA Aparecidense GO,,1
Taquaritinga,323481,CA Taquaritinga SP,,1
Hercilio Luz,290376,Hercilio Luz FC SC,,1
Vilavelhense,35290,Vilavelhense FC ES,,1
EC Juventude II,1980,EC Juventude RS,,1
Ludogorets Razgrad,43840,PFC Ludogorets 1945 Razgrad,,1
AS Fortuna Mfou,412579,AS Fortuna,,1
PWD de Bamenda,536821,Pwd Bamenda,,1
Rionegro Aguilas,48244,Aguilas Doradas Rionegro,,1
Deportivo Saprissa,6574,Deportivo Saprissa San Jose,,1
Enosis Paralimni,3405,Enosis Neon Paralimni FC,,1
El Gounah,43565,El Gouna FC,,1
Smouha,43563,Smouha SC,,1
El Zamalek,42368,Zamalek SC,,1
Chelmsford,23958,Chelmsford City,,1
Stamford,47220,Stamford AFC,,1
Fulham,43,Fulham FC,,1
Buxton,36381,Buxton FC,,1
Aveley,219,Aveley FC,,1
Cheltenham,69,Cheltenham Town,,1
Barnet,77,Barnet FC,,1
Marine,190,Marine FC,,1
Amiens,1676,Amiens SC,,1
Nantes,1647,FC Nantes,,1
Annecy,234888,FC Annecy,,1
Monaco,1653,AS Monaco,,1
Ionikos Nikaia,3249,Ionikos Nikea FC,,1
Kozani,37872,Kozani FC,,1
CSD Comunicaciones,7024,Comunicaciones FC,,1
Zamora,6237,Zamora FC,,1
Varese,746587,Varese FC,,1
ASD Brusaporto,621736,ASD Calcio Brusaporto,,1
Arezzo,2731,SS Arezzo,,1
Novara,2767,Novara FC,,1
ASD Trastevere,218154,ASD Trastevere Calcio,,1
US Palmese,935381,US Palmese 1914,,1
Cesena,2742,Cesena FC,,1
Vis Pesaro,2754,Vis Pesaro 1898,,1
Al Fahaheel SC,55159,Al-Fahaheel,,1
Mtarfa,58331,Mtarfa FC,,1
Colima,748323,Colima FC,,1
Bangor,23895,Bangor FC,,1
FC Inter Sibiu,912419,AFC Inter Stars Sibiu,,1
Dundee,2357,Dundee FC,,1
Queen of South,2368,Queen of the South FC,,1
Clydebank FC,2360,Clyde FC,,1
Subiza,369342,CD Subiza,,1
Laredo,216776,CD Laredo,,1
Soneja,931661,CD Soneja,,1
Ibarra,276229,UD Ibarra,,1
Tuilla,116241,CD Tuilla,,1
UCAM Murcia CF B,369480,UCAM Murcia II,,1
Llanes,366806,CD Llanes,,1
Real Union de Tenerife,233518,Real Union de Tenerife Santa Cruz,,1
Anorga KKE,1044713,Anorga Kke,,1
Beykoz Ishaklispor,44351,Beykoz Ishakli SF,,1
ASD Heraclea,1278103,Heraclea,,1
SC Lokeren-Temse,761290,KSC Lokeren-Temse,,1
Juazeirense,61724,SD Juazeirense BA,,1
Ferroviario,32672,Ferroviario AC CE,,1
Capivariano,88738,Capivariano FC SP,,1
Forca e Luz,529803,CE Forca e Luz RN,,1
Figueirense,1985,Figueirense FC SC,,1
Bandeirante,767846,Bandeirante EC SP,,1
Brasiliense,2024,Brasiliense FC DF,,1
Corinthians,1957,SC Corinthians SP,,1
Ponte Preta,1969,AA Ponte Preta SP,,1
Sertaozinho,6958,Sertaozinho FC SP,,1
Penapolense,85337,CA Penapolense SP,,1
Sao Caetano,1964,Sao Caetano FC SP,,1
Ceilandense,664001,SE Ceilandense DF,,1
Porto Velho,675171,Porto Velho EC/RO,,1
Nova Cidade,342212,EC Nova Cidade RJ,,1
Everton de Vina,5032,CD Everton Vina del Mar,,1
Atletico Nacional,6106,Atletico Nacional Medellin,,1
Escorpiones de Belen FC,831304,CD Escorpiones Belen,,1
Niroye Zamini,373324,Niroye Zamini Tehran,,1
Sanat Naft FC,53701,Sanat Naft Abadan FC,,1
SCD Progresso Calcio,621776,SCD Progresso,,1
Afragolese 1944,618312,AC Afragolese,,1
HYH Export Sebaco FC,680297,HYH Sebaco FC,,1
Incheon Utd,7648,Incheon United FC,,1
CRB Adrar,667721,Crb Adrar,,1
7 de Abril,438982,7 De Abril RJ,,1
La Equidad,6975,CD LA Equidad,,1
Fuerte San Francisco,534017,CD Fuerte San Francisco Morazan,,1
Leicester,31,Leicester City,,1
Carshalton Ath,179,Carshalton Athletic FC,,1
Atsalenios,6990,PO Atsaleniou,,1
Al Gharraf,1099265,Al-Gharraf SC,,1
Maccabi Yavne,61708,Maccabi Y.,,1
Villa d'Alme Valbrembana,493040,Villa d'Alme Valle Brembana,,1
Valenzana,2775,Valenzana Mado,,1
FK Novaci,37146,FK Novaci 2005,,1
CD Universitario,73716,CD Universitario Penonome,,1
Al Jubail Club,529647,Al Jubail,,1
Al Orubah,114259,Al-Orobah,,1
Fatih Karagumruk,4954,Fatih Karagumruk Istanbul,,1
Newtown,4918,Newtown AFC,,1
Lanus,3218,CA Lanus,,1
Western United FC NPL,791422,Western United FC Youth,,1
Hills United FC,340452,Hills United FC Brumbies,,1
Simal FK,1193645,Simal,,1
4 de Julho,65504,4 de Julho EC PI,,1
Jacuipense,87166,EC Jacuipense BA,,1
Fluminense,1961,Fluminense FC RJ,,1
Velo Clube,88736,AE Velo Clube SP,,1
Agua Santa,135510,EC Agua Santa SP,,1
Itapirense,402901,SE Itapirense SP,,1
Uberlandia,32873,Uberlandia EC MG,,1
Piaui,189920,Piaui PI,,1
Icasa,21851,Icasa CE,,1
Union La Calera,48242,Deportes Union La Calera,,1
TJ Novy Jicin,53139,FK Novy Jicin,,1
Forest Green,94,Forest Green Rovers,,1
Ashton Utd,161,Ashton United FC,,1
Rouen,4493,FC Rouen,,1
Versailles,39126,FC Versailles 78,,1
Heidenheim,5885,1. FC Heidenheim,,1
Marko,291142,GS Marko,,1
Paksi,6059,Paksi FC,,1
ASD Varesina,219094,ASD Varesina Calcio,,1
Swieqi Utd,80505,Swieqi United FC,,1
Tecos,1934,Tecos FC,,1
Correcaminos,36526,CF Correcaminos UAT,,1
Atlas,1949,Atlas FC,,1
Heartland FC,42372,Heartland FC Owerri,,1
Clyde,2360,Clyde FC,,1
Caspe,366902,CD Caspe,,1
Betis Deportivo,24358,Betis Deportivo Balompie,,1
Jerez,2882,Jerez CF,,1
Nigde Belediyespor,1170667,Nigde Belediyesi Spor,,1
Cerro,22011,CA Cerro,,1
Oued Magrane,527303,Olympique Magrane,,1
Estudiantes LP,3206,Estudiantes de La Plata,,1
Gimnasia Mendoza,189099,Gimnasia y Esgrima Mendoza,,1
Andraus Brasil,332605,Clube Andraus Brasil PR,,1
Clube Do Remo,2012,Clube do Remo PA,,1
Internacional B,1966,SC Internacional RS,,1
Ayia Napa,6971,AO Agia Napa,,1
Coventry,11,Coventry City,,1
AFC Telford,130,AFC Telford United,,1
Grenoble,1671,Grenoble Foot,,1
PAOK Salonika B,830806,PAOK Thessaloniki B,,1
Maccabi Ashdod,364844,Maccabi Ironi Ashdod FC,,1
Chieri 1955,76757,Calcio Chieri 1955,,1
Al Riyadh,168088,Al-Riyadh SC,,1
Club Africain,39618,Africain,,1
Bucaspor,6363,1928 Bucaspor,,1
Manly Utd,92208,Manly United FC,,1
Tienen,2925,KVK Tienen,,1
Penedense,1021573,SC Penedense AL,,1
Joinville,1987,Joinville EC SC,,1
Itabaiana,21853,AO Itabaiana SE,,1
Parnahyba,35282,Parnahyba SC PI,,1
Confianca,2017,AD Confianca SE,,1
Concordia,344156,Concordia AC SC,,1
Vila Nova,2021,Vila Nova FC GO,,1
Goianesia,47499,Goianesia EC GO,,1
Palmeiras,1963,SE Palmeiras SP,,1
Rio Claro,6965,Rio Claro FC SP,,1
Rio Preto,33761,Rio Preto EC SP,,1
Sao Bento,6967,EC Sao Bento SP,,1
Ceilandia,35279,Ceilandia EC DF,,1
Castanhal,529951,Castanhal EC PA,,1
Jabaquara,323461,Jabaquara AC SP,,1
Juventude,1980,EC Juventude RS,,1
Catanduva,413993,Catanduva FC SP,,1
Sao Paulo,1981,Sao Paulo FC SP,,1
Samambaia,764638,Samambaia FC DF,,1
Parintins,904597,Parintins FC AM,,1
Matonense,135528,SE Matonense SP,,1
Barrow,97,Barrow AFC,,1
St Albans,135,St. Albans City,,1
Gainsborough,6334,Gainsborough Trinity,,1
Angers,1684,Angers SCO,,1
Darmstadt,2576,SV Darmstadt 98,,1
Paderborn,2561,SC Paderborn 07,,1
Bochum,2542,VfL Bochum,,1
Vision FC,684007,Vision FC (GHA),,1
Olympiacos B,841826,Olympiacos Piraeus B,,1
AE Neas Seleukeias,894085,Aen Selefkeias,,1
MS Jerusalem,765326,FC Jerusalem,,1
Clodiense,24744,Union Clodiense,,1
Caja Oblatos CFD,1038329,Caja Oblatos Cfd,,1
FK Prespa,43873,FK Prespa Resen,,1
Al-Anwar,655033,AL Anwar,,1
Santurtzi,276201,CD Santurtzi KE,,1
Athletic Torrellano,602568,AC Torrellano,,1
Dos Hermanas,1269692,Dos Hermanas CF 1971,,1
CA Independiente,3209,CA Independiente Avellaneda,,1
K Lyra-Lierse Berlaar,35082,K. Lyra-Lierse,,1
Vasco da Gama AC,440798,AD Vasco Da Gama AC,,1
Cardiff,61,Cardiff City,,1
Swindon,53,Swindon Town,,1
Hartlepool,101,Hartlepool United,,1
Swansea,74,Swansea City,,1
Norwich,263,Norwich City,,1
Colchester,66,Colchester United,,1
Ipswich,32,Ipswich Town,,1
Grimsby,18,Grimsby Town,,1
Scunthorpe,85,Scunthorpe United,,1
Strasbourg,1659,Strasbourg Alsace,,1
Gokulam FC,393250,Gokulam Kerala FC,,1
Reggina,223522,Reggina 1914,,1
Vicenza,2722,L.R. Vicenza,,1
Kfarsoum,54591,Kufrsoum SC,,1
Lobos ULM,838728,Lobos Ulmx,,1
Sporting B,74467,Sporting Lisbon B,,1
Atletico Tordesillas,355890,SDA Tordesillas,,1
Kartal Bulvarspor,917467,Bulvarspor,,1
Sebat Genclikspor,1037361,Sebat Genclik Spor,,1
Laci,37121,KF Laci,,1
Sint-Truidense,2895,St. Truidense VV,,1
Botafogo,1958,Botafogo FR RJ,,1
Flamengo,5981,CR Flamengo RJ,,1
Coruripe,21847,AA Coruripe AL,,1
Cianorte,21892,Cianorte FC PR,,1
Coritiba,1982,Coritiba FC PR,,1
Goiatuba,646902,Goiatuba EC GO,,1
Londrina,2022,Londrina EC PR,,1
Auto Esporte,65498,Auto Esporte Clube PB,,1
Francana,135520,AA Francana SP,,1
Mirassol,21982,Mirassol FC SP,,1
Floresta,401925,Floresta EC CE,,1
Anapolis,21872,Anapolis FC GO,,1
Cruzeiro,1954,Cruzeiro EC MG,,1
Sao Luiz,32768,EC Sao Luiz RS,,1
Tombense,87202,Tombense FC MG,,1
Paulista,6963,Paulista FC SP,,1
Oeirense,830436,AA Oeirense PI,,1
Dourados,778408,Dourados AC MS,,1
Manauara,837176,Manauara EC AM,,1
Batalhao,1092099,Batalhao FC TO,,1
Pacatuba,513182,Pacatuba EC CE,,1
Digenis Morphou,3408,Digenis Akritas Morphou FC,,1
Hyde Utd,6337,Hyde United FC,,1
Caen,1667,SM Caen,,1
Metz,1651,FC Metz,,1
Verl,2593,SC Verl,,1
East Bengal Club,40655,SC East Bengal,,1
Este,43682,AC Este,,1
FCD Conegliano,1271610,Fcd Conegliano 1907,,1
Ards,5182,Ards FC,,1
Potros Del Este,173432,Potros del Este,,1
Boavista,2995,Boavista Porto,,1
FK Cukaricki,5148,FK Cukaricki Belgrade,,1
Prat,77401,AE Prat,,1
Kirsehir Belediyespor,1037351,Silifke Belediyespor,,1
Karadeniz Eregli,496544,Karadeniz Eregli Belediye SK,,1
KF Erzeni,205483,KF Erzeni Shijak,,1
Novorizontino,135514,Gremio Novorizontino SP,,1
Petrolina,21985,Petrolina SFC PE,,1
Quinho FC,1185589,Quinho FC SAF RN,,1
Municipal Perez Zeledon,6576,Perez Zeledon,,1
Doncaster,84,Doncaster Rovers,,1
Blackburn,46,Blackburn Rovers,,1
Wolverhampton,3,Wolverhampton Wanderers,,1
Sheff Utd,15,Sheffield United,,1
Newcastle,39,Newcastle United,,1
Panionios,3247,Panionios Athens,,1
Carrarese,2745,Carrarese Calcio,,1
Ciudad Torredonjimeno,218688,UDC Torredonjimeno,,1
Arnavutkoy Belediyesi,743099,Arnavutkoy Belediyesi Genclik Ve Spor,,1
River Plate,3211,CA River Plate (ARG),,1
Eupen,2926,KAS Eupen,,1
Aguia Negra-MS,21839,EC Aguia Negra MS,,1
FC Atlético Cearense,33775,FC Atletico CE,,1
Stade Renard de Melong,317961,Stade Renard,,1
Baladiyet El Mahallah,188577,Baladiyyat AL Mehalla,,1
Yeovil,131,Yeovil Town,,1
Slough,198,Slough Town,,1
Lille,1643,Lille OSC,,1
Dijon,1686,Dijon FCO,,1
Mainz,2556,FSV Mainz,,1
Panachaiki,3243,Panachaiki 1891 FC,,1
Olympiacos,3245,Olympiacos Piraeus,,1
CD Victoria,42214,CD Victoria La Ceiba,,1
Al Hudod,509008,AL Hedood,,1
Al Naft SC,508988,AL Naft,,1
Hapoel Ramat Gan,7385,Hapoel Ramat Gan Givatayim FC,,1
Arconatese,359288,GS Arconatese 1926,,1
Tuttocuoio,113765,AC Tuttocuoio 1957,,1
Cavese,6361,Cavese 1919,,1
Puebla,1941,Club Puebla,,1
CS U Craiova II,371200,CS Universitatea Craiova II,,1
Collado Villalba,625536,CUC Villalba,,1
1954 Kelkit Belediyespor,498470,Serik Belediyespor,,1
Mykonos,1177825,AE Mykonou,,1
Union Saint Gilloise,4860,Union Saint-Gilloise,,1
Vitoria,1962,EC Vitoria BA,,1
Sergipe,2016,CS Sergipe SE,,1
Maringa,135324,Maringa FC PR,,1
Taubate,135512,EC Taubate SP,,1
Linense,47503,CA Linense SP,,1
Paranoa,663999,Paranoa EC DF,,1
Lagarto,144856,Lagarto FC SE,,1
Brusque,21884,Brusque FC SC,,1
Lemense,189836,EC Lemense SP,,1
Inhumas,511102,Inhumas EC GO,,1
Goiania,280141,Goiania EC GO,,1
Monsoon,909015,Monsoon FC RS,,1
Marilia,6961,Marilia AC SP,,1
Pelotas,50919,EC Pelotas RS,,1
Avenida,32765,EC Avenida RS,,1
Serrano,327299,Serrano FC RJ,,1
Plymouth,71,Plymouth Argyle,,1
Man City,17,Manchester City,,1
Southend,99,Southend United,,1
West Ham,37,West Ham United,,1
Carlisle,78,Carlisle United,,1
Cologne,2671,1. FC Cologne,,1
Mohun Bagan SG,759052,Mohun Bagan Super Giant,,1
ASD Brian Lignano,1173873,Brian Lignano Calcio,,1
AFC Leopards,76433,Leopards SC,,1
FC Ferizaj,277837,KF Ferizaj,,1
Casa Pia,36365,Casa Pia Lisbon,,1
CD El Palo,115063,El Palo FC,,1
At. Bembibre,273589,CA Bembibre,,1
Cacereno,2878,CP Cacereno SAD,,1
At. Pueblonuevo,361452,Atletico Club Pueblonuevo,,1
San Martin De Burzaco,388242,CSD San Martin,,1
Atletico Alagoinhas,525349,Alagoinhas AC BA,,1
Atletico Goianiense,7314,AC Goianiense GO,,1
Rio Branco VN,675087,Rio Branco FC ES,,1
Magallanes,89508,Deportes Magallanes,,1
Tottenham,33,Tottenham Hotspur,,1
Niki Volou,5761,Niki Volou 1924 PAE,,1
Gyor Eto FC,1923,WKW ETO FC Gyor,,1
Persiraja Aceh,157816,Persiraja Banda,,1
Fezzanese,223336,US Fezzanese 1930,,1
Campodarsego,223496,ACD Campodarsego Calcio,,1
Atletico Arteixo,611012,CA Arteixo,,1
Hatayspor,3091,Hatayspor Antakya,,1
Inter de Bebedouro,328167,AA Internacional Bebedouro SP,,1
Lokomotiv G. Oryahovitsa,58951,Gorna Oryahovitsa,,1
Colombe du Dja et Lobo,317957,Colombe Sportive Du Dja Et Lobo,,1
Kidderminster,90,Kidderminster Harriers FC,,1
AS Ostia Mare,117334,AS Ostia Mare Lido Calcio,,1
Golden Arrows,7664,Lamontville Golden Arrows,,1
AC D'Escaldes,37962,Atletic Club d'Escaldes,,1
Sarmiento,42338,CA Sarmiento Junin,,1
CA Talleres,3210,CA Talleres de Cordoba,,1
Racing Club,3215,Racing Club Avellaneda,,1
Deportivo Laferrere,273669,CSCD Laferrere,,1
KFCO Beerschot Wilrijk,169260,K Beerschot VA,,1
Genk,2890,KRC Genk,,1
Charleroi,2898,Royal Charleroi SC,,1
Gent,2903,KAA Gent,,1
KV Mechelen,5044,Yellow-Red KV Mechelen,,1
Athletico Paranaense,1967,CA Paranaense PR,,1
Sport Recife,1959,SC Recife PE,,1
tuntum EC,838290,Tuntum MA,,1
Murici,49195,Murici FC AL,,1
ABECAT Ouvidorense,1052105,Abecat Ouvidorense GO,,1
Azuriz,683979,Azuriz FC PR,,1
Cuiaba,49202,Cuiaba EC MT,,1
Manaus,290390,Manaus FC AM,,1
Pires do Rio FC,518816,Pires Do Rio GO,,1
Junior,6105,CD Junior FC,,1
Deportes Tolima,6111,CD Tolima,,1
APEA Akrotiriou,928847,Apea Akrotiriou,,1
ZED FC,249057,Zed FC,,1
Enppi,43564,Enppi Club,,1
El Masry,43560,Al Masry Club,,1
El Daklyeh,58317,El Dakhleya Sc,,1
Chesham,177,Chesham United,,1
Luton,72,Luton Town,,1
Torquay,104,Torquay United,,1
Stoke,29,Stoke City,,1
Bradford,22,Bradford City FC,,1
Cleethorpes Town,23959,Fleetwood Town,,1
Brackley,25935,Brackley Town FC,,1
Nice,1661,OGC Nice,,1
Pau,1685,Pau FC,,1
Troyes,1652,ESTAC Troyes,,1
Kampaniakos Chalastras,120218,Kampaniakos,,1
Xanthi,3254,AO Xanthi FC,,1
CD Achuapa,501260,Deportivo Achuapa,,1
HK Rangers FC,78447,Hong Kong Rangers,,1
Ferencvarosi TC,1925,Ferencvarosi Budapest,,1
Breidablik,1901,Breidablik Kopavogur,,1
Al Nejmeh,40658,Nejmeh SC,,1
Oltrepò,1173861,Oltrepo FBC,,1
Ternana,2708,Ternana Calcio,,1
San Nicolo Notaresco,170668,Notaresco Calcio,,1
Lavagnese,117238,USD Lavagnese 1919,,1
Chisola,933627,Chisola Calcio,,1
Cosenza,2716,Cosenza Calcio,,1
Brescia,2691,Brescia Calcio,,1
Termoli Calcio,111201,Termoli,,1
Samma FC,547129,Sama,,1
USFAS Bamako,396554,Usfas Bamako,,1
US Amal Tiznit,263753,Union Sportif Amal Tiznit,,1
Alverca,3012,FC Alverca SAD,,1
Olimpia MCMXXI Satu Mare,79083,Sc Olimpia Mcmxxi Satu Mare,,1
Dinamo Bucharest II,24794,FC Dinamo Bucuresti 1948 2,,1
Al Faisaly Harmah,56035,Al-Faisaly FC,,1
Al-Bukayriyah FC,515042,Al Bukiryah,,1
Albacete B,216992,Atletico Albacete,,1
Sporting Gijon B,24365,Sporting Atletico,,1
Kasimpasa,6063,Kasimpasa Istanbul,,1
Cankayaspor,116294,Cankaya FK,,1
Igea Virtus,2807,Igea Virtus Barcellona,,1
Eskisehir Anadolu SF,1037349,Eskisehir Anadolu Spor Faaliyetleri AS,,1
Inter de Limeira,135526,AA Internacional Limeira SP,,1
Sport Clube Capixaba,929177,Capixaba SC ES,,1
Club Deportes Santa Cruz,308860,CD Santa Cruz,,1
Atletico Bucaramanga,6103,CA Bucaramanga,,1
Castelfidardo,170664,G.S.D. Castelfidardo Calcio,,1
Tepatitlan de Morelos,421975,Tepatitlan FC,,1
Dunfermline,2350,Dunfermline Athletic FC,,1
Las Palmas B,24369,UD Las Palmas Atletico,,1
Racing Madrid,1281719,Sad Racing Ciudad de Madrid,,1
Viettel FC,40019,The Cong - Viettel FC,,1
Newell's,3212,Newell's Old Boys,,1
Deportivo Liniers,196432,CSD Liniers,,1
Al Shabab Manama,45476,Al-Shabab,,1
OH Leuven,2918,Oud-Heverlee Leuven,,1
Maracanã,87156,Maracana EC CE,,1
Sporting San Jose,313515,Sporting FC,,1
Kustosija,118516,NK Kustosija Zagreb,,1
Sheff Wed,12,Sheffield Wednesday,,1
Marseille,1641,Olympique Marseille,,1
Nurnberg,2523,1 FC Nuremberg,,1
Cottbus,2532,Energie Cottbus,,1
Bechem FC,115787,Bechem United,,1
Trikala,120152,AO Trikala 1963,,1
Gyirmot SE,8057,Gyirmot FC Gyor,,1
Gol Gohar,396596,Gol Gohar Sirjan FC,,1
Excelsior,2967,Excelsior Rotterdam,,1
FK Pobeda,54307,FK Pobeda AD Prilep,,1
Al Safa,168078,Al Safa SC (SA),,1
Al Akhdoud,529779,Al-Okhdood Club,,1
Real Unión,2881,Real Union de Irun,,1
Gernika,216184,SD Gernika Club,,1
NAPSA Stars,195270,Napsa Stars,,1
Dender,2922,FCV Dender EH,,1
Anderlecht II,912459,RSC Anderlecht Futures,,1
Bedford Town,123,Bedford Town Football Club,,1
Villefranche,32934,FC Villefranche Beaujolais,,1
Xelaju,7026,CSD Xelaju MC,,1
Nyiregyhaza,5124,Nyiregyhaza Spartacus FC,,1
Teramo,2752,Teramo Calcio,,1
Padova,2741,Calcio Padova,,1
Foggia,2803,Calcio Foggia,,1
Matera,44070,Matera Calcio,,1
USV Iasi,947425,AS Usv Iasi,,1
Al Raed,56031,Al-Raed Club,,1
Tepecikspor,225942,Buyukcekmece Tepecikspor,,1
Galataspor,1271528,Galata SK,,1
Safa Baku,1080940,Safa,,1
Bangu,1993,Bangu AC RJ,,1
Globo,189924,Globo FC RN,,1
Treze,2018,Treze FC PB,,1
Altos,273503,AA Altos PI,,1
Retro,614088,Retro FC PE,,1
Bragantino,1999,Red Bull Bragantino SP,,1
Sousa,21864,Sousa EC PB,,1
Bahia,1955,EC Bahia BA,,1
Goias,1960,Goias EC GO,,1
Ceara,2001,Ceara SC CE,,1
Pantanal,1089803,FC Pantanal SAF MS,,1
Crato,39613,Crato EC CE,,1
Cobreloa,3159,CD Cobreloa Calama,,1
Apoel Nicosia,3398,APOEL Nikosia,,1
CD Aguila,24385,CD Aguila San Miguel,,1
West Brom,8,West Bromwich Albion,,1
Hull,96,Hull City,,1
Tranmere,51,Tranmere Rovers FC,,1
Reims,1682,Stade Reims,,1
Anthoupoli,1129249,AO Anthoupolis Larisas,,1
Xinabajul,23961,Huehueteco Xinabajul,,1
CD Olimpia,25358,CD Olimpia Tegucigalpa,,1
MS Dimona,300198,Dimona Sport Club,,1
Vibonese,25157,US Vibonese Calcio,,1
Correggese,117328,Correggese Calcio 1948,,1
Sanremese,5322,SSD Sanremese Calcio,,1
Al Bourj,518546,Bourj FC,,1
Leon,36534,Club Leon,,1
Ibri Club,652894,Ibri,,1
Al Taee,168072,Al-Tai,,1
Abha,168090,Abha Club,,1
Al Khaleej Saihat,167228,Al-Khaleej Club,,1
Stirling,2384,Stirling Albion FC,,1
Yagüe,369380,Yague CF,,1
Manisa FK,216878,Manisa Futbol Kulubu,,1
Altay,3070,Altay Izmir,,1
San Lorenzo,3201,CA San Lorenzo de Almagro,,1
Antwerp,2889,Royal Antwerp FC,,1
Hasselt,35081,Sporting Hasselt,,1
Deportivo Pasto,6113,AD Pasto,,1
MEAP Nisou,25536,MEAP Pera Choriou Nisou,,1
Hapoel Tel-Aviv,5396,Hapoel Tel Aviv FC,,1
Ligorna,223340,SCD Ligorna 1922,,1
Cairese,1173857,ASD Cairese 1919,,1
Bregalnica Stip,5969,FC Bregalnica 2008 AD,,1
Al-Arabi Al-Saudi,544845,Al-Arabi SC (SA),,1
FK Mladost Novi Sad,679559,FK Mladost Gat,,1
Club Atletico Progreso,3238,CA Progreso,,1
Petro Luanda,148072,Atletico Petroleos de Luanda,,1
Kavala,3262,AO Kavala 1965,,1
Genesis de Comayagua,792280,CD Genesis,,1
BVSC Zuglo,501790,Bvsc-Zuglo,,1
Triestina,2724,Triestina Calcio 1918,,1
Chieti,2748,Chieti FC 1922,,1
Giugliano,5307,Giugliano Calcio 1928,,1
Rimini,2789,Rimini FC 1912,,1
Al Merreikh,69320,Al-Merrikh SC (SDN),,1
Vojvodina,5150,FK Vojvodina Novi Sad,,1
Operario PR,39634,Operario Ferroviario EC PR,,1
Potiguar de Mossoro,34006,ACD Potiguar RN,,1
XV Piracicaba,61692,EC XV de Novembro Piracicaba SP,,1
Coimbra EC,547603,Coimbra Sports MG,,1
Alajuelense,6572,Liga Deportiva Alajuelense,,1
Omonia 29is Maiou,811266,Als Omonia,,1
Derby,27,Derby County,,1
CD Marathon,25355,CD Marathon San Pedro Sula,,1
Zob Ahan,39328,Zob Ahan Isfahan FC,,1
Pro Patria,2746,Pro Patria Busto Arsizio,,1
US Bougouba,463807,Union Sportive Bougouba,,1
Birzebbuga,53753,Birzebbuga St. Peters FC,,1
AC Juvenes Dogana,24045,AC Juvenes/Dogana,,1
Al Adalh,276757,Al-Adalah,,1
FK Egnatia,372056,KF Egnatia Rrogozhine,,1
Gimnasia LP,3205,Gimnasia y Esgrima La Plata,,1
Mt Druitt Town Rangers,264397,Western City Rangers FC,,1
Santa Ana,364904,AD Municipal Santa Ana,,1
Preston,21,Preston North End,,1
Dorking,173464,Dorking Wanderers,,1
Welling,98,Welling United FC,,1
Man Utd,35,Manchester United,,1
Melita FC Saint Julian,38305,Melita FC,,1
Al Qadisiya Al Khubar,56027,Al Qadsiah,,1
Yeclano,43759,Yeclano Deportivo,,1
Erzurum BB,55603,Erzurumspor FK,,1
Avai,7315,Avai FC SC,,1
Parana,1965,Parana Clube PR,,1
Gama,1978,SE Gama DF,,1
Eastern Long Lions,115157,Eastern SC,,1
SC Kiryat Yam,239124,MS Football Hapoel Kiryat Yam,,1
Piacenza,2700,Piacenza Calcio 1919,,1
Cynthialbalonga,117390,SSD Albalonga,,1
Homeboyz FC,242066,Kakamega Homeboyz,,1
UPDF FC,218708,Updf FC,,1
KS Luftetari Gjirokaster,1132293,Af Luftetari,,1
Los Andes,112497,Club Atletico Los Andes,,1
Sabah,382568,Sabah Masazir,,1
PAEEK,25544,PAEEK Kyrenia,,1
Aubagne,59792,SC Aubagne Air Bel,,1
Borneo FC,185095,Borneo Samarinda,,1
Hapoel Umm al-Fahm,86306,Hapoel Umm AL Fahm,,1
Prato,2740,AC Prato 1908,,1
Perugia,2698,Perugia Calcio Spa,,1
ASD Alcione,834514,Alcione Milano,,1
Partick,2358,Partick Thistle FC,,1
Elgin,2380,Elgin City FC,,1
Afogados,308344,Afogados Ingazeira PE,,1
Brasil de Pelotas,1986,Gremio Esportivo Brasil,,1
CEFAT Tirol,845622,CF Atletas do Tirol CE,,1
Associacao Esportiva Evangelica,212956,AE Evangelica GO,,1
CD FAS,24386,CD FAS Santa Ana,,1
Real Espana,36404,Real CD Espana San Pedro Sula,,1
Hapoel Ironi Baqa Al Gharbiyye,133600,Baqa Al-Gharbiyye,,1
Derthona,117226,Derthona FBC 1908 ASD,,1
Asti,43682,AC Este,,1
Al-Arabi Irbid,54581,AL Arabi,,1
Kepezspor,44979,Kepez Spor Futbol AS,,1
Yalova 77,1182939,Yalova FK 77 Spor Kulubu,,1
Araz FK,119066,Araz Nakhchivan PFK,,1
Fauve Azur Elite,471167,Fauve Azur de Yaounde,,1
St Etienne,1678,AS Saint-Etienne,,1
Sochaux,1657,Sochaux-Montbeliard,,1
Iraklis 1908 FC,326745,POT Iraklis,,1
Dorados,5291,CSD Dorados Sinaloa,,1
Club Atlético Tembetary,584551,CA Tembetary Ypane,,1
Barreda,369174,SD Barreda Balompie,,1
Belgrano,3203,CA Belgrano de Cordoba,,1
Fenix,112495,CA Fenix Pilar,,1
Antwerp II,1029163,Yound Reds Antwerpen,,1
Union Douala,62230,Sportive de Douala,,1
Brighton,30,Brighton & Hove Albion,,1
Brest,1715,Stade Brest 29,,1
Nancy,1675,Nancy-Lorraine,,1
Lamia,120154,PAS Lamia 1964,,1
Lucchese,2736,Lucchese Libertas 1905,,1
Doqarah FC,1054659,Dogra,,1
Halcones de Zapopan,835668,Halcones FC,,1
Al Feiha,168094,Al-Fayha FC,,1
Hamilton,2376,Hamilton Academical FC,,1
Cercle Brugge II,76443,Jong Cercle,,1
Caxias,2000,SER Caxias do Sul,,1
Hornchurch FC,88,Farnborough FC,,1
Al Rayyan Ar Rawdah,857289,AL Rayan,,1
Manchego,366908,CD Manchego Ciudad Real,,1
CD Sariegos,24352,CDA Navalcarnero,,1
Arenas,934321,Arenas Armilla CD,,1
Anadolu Universitesi,1037349,Eskisehir Anadolu Spor Faaliyetleri AS,,1
AOM Asteras Kaisarianis,452827,AO Mikrasiatikos,,1
Poza Rica,863923,CF Petroleros De Poza Rica,,1
JS Soualem,220514,Jeunesse Sportive Soualem,,1
Inverness CT,2362,Inverness Caledonian Thistle FC,,1
Etimesgutspor,170410,Etimesgut Belediyespor,,1
CF Esperança d'Andorra,916511,CF Esperanca D Andorra,,1
Wests APIA FC,92202,APIA Leichhardt,,1
Genk II,912461,Jong KRC Genk,,1
BDF XI,406201,Bdf Xi,,1
ABC,21838,ABC FC RN,,1
Nautico Capibaribe,2011,Nautico PE,,1
XV de Jau,792542,EC XV de Novembro de Jau SP,,1
Life FC Sihanoukville,1026405,Life FC,,1
Alianza,1098993,Alianza FC Valledupar,,1
Iraklis Yerolakkou,783164,Iraklis Gerolakkou,,1
Crewe,19,Crewe Alexandra,,1
York,73,York City FC,,1
Nimes,1663,Nimes Olympique,,1
Egaleo,3244,AO Egaleo 1931 PAE,,1
Torres,2753,SEF Torres Sassari,,1
Oita,5129,Oita Trinita,,1
Ethad Al-Ramtha,167132,Ittihad AL Ramtha,,1
Forfar,2375,Forfar Athletic FC,,1
Raith,2361,Raith Rovers FC,,1
Morton,2374,Greenock Morton FC,,1
Recreativo Granada,115065,CR Granada,,1
Alanya Kestelspor,743195,Alanya 1221 FSK,,1
Digenis Ypsonas,617260,Krasava ENY Ypsonas FC,,1
Dunaujvaros FC,37836,Dunaujvaros Palhalma Agrospecial SE,,1
Cong An HCMC II,596842,Cong An Tp Ho Chi Minh City FC,,1
Audax SP,88732,Gremio Osasco Audax EC SP,,1
AD Grecia,316969,Municipal Grecia,,1
Motagua,22047,FC Motagua Tegucigalpa,,1
AS Ashdod,368938,Hapoel Ashdod FC,,1
Thespa Gunma,21906,Thespakusatsu,,1
Al Wahda Mecca,32994,Al-Wehda FC,,1
7 Eylül Turgutlu 1984,7970,Turgutluspor,,1
Quy Nhon United,40025,Quy Nhon Binh Dinh,,1
Pontefract Collieries,66,Colchester United,,1
Martina,2756,ASD Martina Calcio 1947,,1
Venda Football Academy,826604,Venda FC,,1
US Quevilly,233162,Quevilly-Rouen Metropole,,1
Tusker,138496,Tusker Football Club,,1
CD Union Malacitano,55121,FC LA Union Atletico,,1
Colon,3207,Colon de Santa Fe,,1
Club Brugge II,76445,Club NXT,,1
Rennes,1658,Stade Rennais FC,,1
ACSD Saluzzo,219094,ASD Varesina Calcio,,1
Al-Nasr Salalah,82259,AL Nasr SC (OMA),,1
CS Urban Titu,37405,CS Electrosid Titu,,1
Alloa,2369,Alloa Athletic FC,,1
Nazillispor,7035,Nazilli Belediyespor,,1
Jaguar FC Jaboatao,925351,Jaguar PE,,1
Hawassa City FC,327591,Hawassa Kenema SC,,1
Lyon,1649,Olympique Lyon,,1
UD San Sebastián Reyes B,461933,UD Sanse,,1
Portuguesa,21896,Associacao Portuguesa de Desportos SP,,1
Gremio Sao-Carlense,413995,Gremio Desportivo SC SP,,1
FC Ilves,22386,Tampereen Ilves,,1
Unione La Rocca Altavilla,1115485,Cittadella Vis Modena,,1
Oaxaca,109859,Alebrijes de Oaxaca FC,,1
CRAC,21893,CRA Catalano GO,,1
Macae,21977,Macae Esporte FC RJ,,1
Laval,1673,Stade Lavallois MFC,,1
FCSB II,1148681,ACS Cil Blaj,,1
Lealtad,167156,CD Lealtad de Villaviciosa,,1
Club Atletico Mitre,313625,Mitre Santiago del Estero,,1
Uniao Rondonopolis,336163,Uniao EC MT,,1
APAFUT,1178425,APAFUT Caxias Do Sul RS,,1
Al Ahly Cairo,6910,AL Ahly SC (EGY),,1
76 Igdir Belediyespor,3088,Igdir FK,,1
Sete Futebol Clube Manaus,1165043,Sete FC AM,,1
Weston Super Mare,147,Eastbourne Borough,,1
Newton Aycliffe,45373,Poole Town,,1
Real Calepina FC,219094,ASD Varesina Calcio,,1
Villa Valle,219094,ASD Varesina Calcio,,1
RKC,2956,RKC Waalwijk,,1
Amed SK,225940,Amed Sportif Faaliyetler,,1
Westgate,355220,Western Knights SC,,1
Buri Cultural SC,937187,Bouri,,1
RWD Molenbeek,220436,RWDM Brussels,,1
Quorn,198,Slough Town,,1
Ayr,2364,Ayr United FC,,1
Chiclana,109883,Coria CF,,1
Rodez,6925,Rodez Aveyron Football,,1
Apia L Tigers,92202,APIA Leichhardt,,1
Grimsby Borough,2,Portsmouth FC,,1
Kedus Giorgis,94787,Saint George SC,,1
Hearts,2353,Heart of Midlothian FC,,1
Kansas City,22006,CF Montreal,,1
Gremio,5926,Gremio FB Porto Alegrense RS,,1
Lens,1648,Racing Club De Lens,,1
QPR,1,Queens Park Rangers,,1
FK Kukesi,53064,FK Kukesi,,1
Skenderbeu Korce,5224,Skenderbeu Korce,,1
Apolonia Fier,37120,Apolonia Fier,,1
Paradou AC,238138,Paradou AC,,1
JS Saoura,79565,JS Saoura,,1
NC Magra,133488,NC Magra,,1
GC Mascara,284549,GC Mascara,,1
MSP Batna,41754,MSP Batna,,1
Olympique Akbou,527315,Olympique Akbou,,1
UE Santa Coloma,37949,UE Santa Coloma,,1
FC Ordino,83851,FC Ordino,,1
FS La Massana,44844,FS La Massana,,1
CE Carroi,230988,CE Carroi,,1
Primeiro de Agosto,134318,Primeiro de Agosto,,1
Wiliete SC,621314,Wiliete SC,,1
Redonda FC,1286557,Redonda FC,,1
CA Platense,36837,CA Platense,,1
Nueva Chicago,3200,Nueva Chicago,,1
CSD Flandria,112505,CSD Flandria,,1
Ferro Carril Oeste,36841,Ferro Carril Oeste,,1
San Martin de Tucuman,23950,San Martin de Tucuman,,1
CA Guemes,266889,CA Guemes,,1
Deportivo Madryn,258463,Deportivo Madryn,,1
Chacarita Juniors,3214,Chacarita Juniors,,1
CA Alvarado,397002,CA Alvarado,,1
CA San Telmo,241512,CA San Telmo,,1
Canterbury Bankstown FC,355216,Canterbury Bankstown FC,,1
Central Coast Mariners,5966,Central Coast Mariners,,1
Oakleigh Cannons,92931,Oakleigh Cannons,,1
Northcote City,92929,Northcote City,,1
Macarthur Rams,42582,Macarthur Rams,,1
Rockdale Ilinden FC,92210,Rockdale Ilinden FC,,1
Hume City,92927,Hume City,,1
Blacktown Spartans,92206,Blacktown Spartans,,1
St George City FA,323705,St George City FA,,1
Wolfsberger AC,2076,Wolfsberger AC,,1
SCR Altach,4856,SCR Altach,,1
SK Sturm Graz II,2103,SK Sturm Graz II,,1
SV Horn,2111,SV Horn,,1
FC Mauerwerk,240358,FC Mauerwerk,,1
FCM Traiskirchen,214588,FCM Traiskirchen,,1
ASV Siegendorf,217678,ASV Siegendorf,,1
Shamakhi FK,24036,Shamakhi FK,,1
Energetik Mingechevir,36582,Energetik Mingechevir,,1
Isa Town,307102,Isa Town,,1
East Riffa,60430,East Riffa,,1
Al Hidd,45472,Al Hidd,,1
SK Beveren,4859,SK Beveren,,1
RFC Tournai,7736,RFC Tournai,,1
RAAL La Louviere,752197,RAAL La Louviere,,1
Sporting Hasselt,35081,Sporting Hasselt,,1
RFC Liege,221182,RFC Liege,,1
UR Namur,7977,UR Namur,,1
KSK Heist,43546,KSK Heist,,1
Belisia Bilzen SV,829952,Belisia Bilzen SV,,1
Crossing Schaerbeek,78645,Crossing Schaerbeek,,1
FK Igman Konjic,37250,FK Igman Konjic,,1
FK Famos Vojkovici,37164,FK Famos Vojkovici,,1
FK Sloga Doboj,37064,FK Sloga Doboj,,1
NK Travnik,7720,NK Travnik,,1
FK Kozara Gradiska,25672,FK Kozara Gradiska,,1
NK Vitez,37245,NK Vitez,,1
Gaborone United,406215,Gaborone United,,1
Extension Gunners,406211,Extension Gunners,,1
Tafic FC,406247,Tafic FC,,1
Nautico RR,144734,Nautico RR,,1
FC Lovech,3282,FC Lovech,,1
Rukinzo FC,525913,Rukinzo FC,,1
Musongati FC,301360,Musongati FC,,1
Ngozi City FC,592295,Ngozi City FC,,1
Muzinga FC,697911,Muzinga FC,,1
BG Green Farmers FC,1239299,BG Green Farmers FC,,1
Angkor Tiger FC,347986,Angkor Tiger FC,,1
MOI Kompong Dewa FC,513370,MOI Kompong Dewa FC,,1
Dynamo de Douala,471169,Dynamo de Douala,,1
Deportes Recoleta,266565,Deportes Recoleta,,1
Deportes Temuco,119072,Deportes Temuco,,1
Universidad de Chile,3161,Universidad de Chile,,1
Santiago Wanderers,3150,Santiago Wanderers,,1
Audax Italiano,3162,Audax Italiano,,1
Cobresal,3167,Cobresal,,1
Bogota FC,89352,Bogota FC,,1
Envigado FC,6114,Envigado FC,,1
Barranquilla FC,89364,Barranquilla FC,,1
HNK Sibenik,2029,HNK Sibenik,,1
NK Lokomotiva Zagreb,36246,NK Lokomotiva Zagreb,,1
NK Zrinski Osjecko 1664,173728,NK Zrinski Osjecko 1664,,1
NK Dubrava Zagreb,393756,NK Dubrava Zagreb,,1
NK Dugo Selo,89936,NK Dugo Selo,,1
NK Grobnican,35240,NK Grobnican,,1
AEK Larnaca,3404,AEK Larnaca,,1
AS Trencin,2398,AS Trencin,,1
FC Zlin,2220,FC Zlin,,1
MFK Karvina,23951,MFK Karvina,,1
FK Jablonec B,600296,FK Jablonec B,,1
Randers FC,1301,Randers FC,,1
Manta FC,33561,Manta FC,,1
Sporting Alexandria,765182,Sporting Alexandria,,1
La Viena FC,775024,La Viena FC,,1
Worksop Town,80,Worksop Town,,1
Stratford Town,38005,Stratford Town,,1
Tiverton Town,115,Tiverton Town,,1
Lowestoft Town,38464,Lowestoft Town,,1
Biggleswade Town,46866,Biggleswade Town,,1
Hebburn Town,47044,Hebburn Town,,1
Taunton Town,251,Taunton Town,,1
Wingate & Finchley,252,Wingate & Finchley,,1
Morpeth Town,47120,Morpeth Town,,1
Bamber Bridge,212,Bamber Bridge,,1
Wimborne Town,47279,Wimborne Town,,1
Bishop's Stortford,184,Bishop's Stortford,,1
Worcester City,117,Worcester City,,1
Cray Wanderers,45006,Cray Wanderers,,1
Folkestone Invicta,34726,Folkestone Invicta,,1
JK Trans Narva,3343,JK Narva Trans,,1
Bahir Dar Kenema FC,558872,Bahir Dar Kenema FC,,1
Shire Endaselassie FC,524392,Shire Endaselassie FC,,1
Welwalo Adigrat,395950,Welwalo Adigrat,,1
FC Iberia 1999,116312,FC Iberia 1999,,1
FC Gagra,36865,FC Gagra,,1
Hannover 96,2541,Hannover 96,,1
Greuther Furth,2551,Greuther Furth,,1
Union Berlin,2547,Union Berlin,,1
Bayer Leverkusen,2681,Bayer Leverkusen,,1
Arminia Bielefeld,2540,Arminia Bielefeld,,1
Dynamo Dresden,2595,Dynamo Dresden,,1
Erzgebirge Aue,2566,Erzgebirge Aue,,1
TSV Havelse,7827,TSV Havelse,,1
Dreams FC,243484,Dreams FC,,1
Hohoe United FC,1065478,Hohoe United FC,,1
Karela United FC,404171,Karela United FC,,1
Berekum Chelsea,42611,Berekum Chelsea,,1
Europa FC,126298,Europa FC,,1
Europa Point,286013,Europa Point,,1
Hellas Syrou,896919,Hellas Syrou,,1
AEK Athens B,833162,AEK Athens B,,1
Iraklis Thermaikou,1258687,Iraklis Thermaikou,,1
Kilkisiakos,120226,Kilkisiakos,,1
Atromitos Athinon,5062,Atromitos Athinon,,1
Apollon Kalamarias,1177703,Apollon Kalamarias,,1
Aris Avatou,326733,Aris Avatou,,1
Aris Filiaton,1009799,Aris Filiaton,,1
Iraklis Ammoudias,894239,Iraklis Ammoudias,,1
Mandraikos,120236,Mandraikos,,1
Lobos UPNFM,362898,Lobos UPNFM,,1
Lone FC,792286,Lone FC,,1
Tela FC,1225861,Tela FC,,1
Oro Verde FC,1225859,Oro Verde FC,,1
CD Pirata,1225873,CD Pirata,,1
Tuen Mun SA,56045,Tuen Mun SA,,1
Central & Western,401753,Central & Western,,1
Citizen AA,56041,Citizen AA,,1
Shatin,193604,Shatin,,1
MTK Budapest,1915,MTK Budapest,,1
Szentlorinc SE,25395,Szentlorinc SE,,1
Throttur Reykjavik,1910,Throttur Reykjavik,,1
Delhi FC,372710,Delhi FC,,1
Aizawl FC,238586,Aizawl FC,,1
Chanmari FC,633526,Chanmari FC,,1
Dinthar FC,1285561,Dinthar FC,,1
Persewar Waropen,542789,Persewar Waropen,,1
Persiku Kudus,623598,Persiku Kudus,,1
Persekat Kabupaten Tegal,623604,Persekat Kabupaten Tegal,,1
Persijap Jepara,135868,Persijap Jepara,,1
PSBS Biak,331325,PSBS Biak,,1
Persib Bandung,64289,Persib Bandung,,1
PSIS Semarang,181636,PSIS Semarang,,1
Persikas Subang,948539,Persikas Subang,,1
Arema FC,47465,Arema FC,,1
Dejan FC,977781,Dejan FC,,1
Persipura Jayapura,39732,Persipura Jayapura,,1
Kwara United,42373,Kwara United,,1
US Monastir,59638,US Monastir,,1
Manila Digger FC,1026991,Manila Digger FC,,1
OFK Vrsac,552141,OFK Vrsac,,1
Miedz Legnica,35330,Miedz Legnica,,1
KF Gostivari,43575,KF Gostivari,,1
OFK Beograd,5153,OFK Beograd,,1
MS Ashdod,5391,MS Ashdod,,1
FC Unirea 2004 Slobozia,44259,FC Unirea 2004 Slobozia,,1
Gornik Zabrze,3110,Gornik Zabrze,,1
OFK Petrovac,6216,OFK Petrovac,,1
Maccabi Kabilio Jaffa,39526,Maccabi Kabilio Jaffa,,1
KF Malisheva,617264,KF Malisheva,,1
Umraniyespor,55625,Umraniyespor,,1
FC Volendam,2968,FC Volendam,,1
Trabzonspor,3051,Trabzonspor,,1
Caldas SC,44881,Caldas SC,,1
US Hostert,37263,US Hostert,,1
AD Sanjoanense,25786,AD Sanjoanense,,1
Ourense CF,369052,Ourense CF,,1
Estrela Amadora,744135,Estrela Amadora,,1
Dungannon Swifts,5271,Dungannon Swifts,,1
UD Logrones,37057,UD Logrones,,1
CD Mafra,38744,CD Mafra,,1
FC Porto B,74469,FC Porto B,,1
AD Fafe,45146,AD Fafe,,1
Real Oviedo,2851,Real Oviedo,,1
SC Farense,2998,SC Farense,,1
Vivi Altotevere Sansepolcro,170662,Vivi Altotevere Sansepolcro,,1
CD Estradense,621798,CD Estradense,,1
SD Deusto,277551,SD Deusto,,1
Silva SD,214066,Silva SD,,1
FE Grama,460341,FE Grama,,1
CD Pedroneras,369456,CD Pedroneras,,1
CD Arenteiro,366802,CD Arenteiro,,1
Aviles Stadium CF,748879,Aviles Stadium CF,,1
Camaiore,117312,Camaiore,,1
CD Marino,77395,CD Marino,,1
RCD Carabanchel,475506,RCD Carabanchel,,1
Atletico Saguntino,273937,Atletico Saguntino,,1
Villarrubia CF,369452,Villarrubia CF,,1
CE Europa,135672,CE Europa,,1
CD Ebro,215218,CD Ebro,,1
Karsiyaka,4499,Karsiyaka,,1
Racing Club Villalbes,215484,Racing Club Villalbes,,1
UP Langreo,167168,UP Langreo,,1
CD Colunga,369126,CD Colunga,,1
SFC Minerva,366890,SFC Minerva,,1
CA Antoniano,462413,CA Antoniano,,1
UC Ceares,257257,UC Ceares,,1
UE Cornella,167162,UE Cornella,,1
CD Mostoles URJC,751951,CD Mostoles URJC,,1
FC Botosani,24798,FC Botosani,,1
Sporting Kansas City,2509,Sporting Kansas City,,1
Charlotte FC,863473,Charlotte FC,,1
Nacional Asuncion,33001,Nacional Asuncion,,1
Defensor Sporting,3229,Defensor Sporting,,1
Deportivo La Guaira,36437,Deportivo La Guaira,,1
Jaiba Brava,270565,Jaiba Brava,,1
Albion FC,417775,Albion FC,,1
Orlando City SC,52237,Orlando City SC,,1
Mito Hollyhock,21901,Mito Hollyhock,,1
JS Omrane,672949,JS Omrane,,1
Fujieda MYFC,118500,Fujieda MYFC,,1
Cancun FC,728019,Cancun FC,,1
Negeri Sembilan,3331,Negeri Sembilan,,1
Yokohama FC,7061,Yokohama FC,,1
Durban City,1176555,Durban City,,1
Kashiwa Reysol,3140,Kashiwa Reysol,,1
Nashville SC,668063,Nashville SC,,1
Daegu FC,7644,Daegu FC,,1
Kashima Antlers,3134,Kashima Antlers,,1
Shimizu S-Pulse,3133,Shimizu S-Pulse,,1
Ventforet Kofu,5762,Ventforet Kofu,,1
Jubilo Iwata,3132,Jubilo Iwata,,1
Alacranes de Durango,36522,Alacranes de Durango,,1
Irapuato,421949,Irapuato,,1
Shahrdari Astara,649898,Shahrdari Astara,,1
Al Quwa Al Jawiya,239026,Al Quwa Al Jawiya,,1
Cobh Ramblers,3185,Cobh Ramblers,,1
Hapoel Migdal Haemeq,133602,Hapoel Migdal Haemeq,,1
Hapoel Bueine,388834,Hapoel Bueine,,1
Hapoel Bnei Zalafa,391612,Hapoel Bnei Zalafa,,1
Ironi Nesher,61706,Ironi Nesher,,1
Hapoel Bnei Musmus,395542,Hapoel Bnei Musmus,,1
ASD Fanfulla,281269,ASD Fanfulla,,1
FC Vado,117252,Vado FC,,1
Puteolana,2795,Puteolana,,1
Sangiuliano City FC,834504,Sangiuliano City FC,,1
United Riccione,921553,United Riccione,,1
AC Vigasio,281275,AC Vigasio,,1
AC Bra,111883,AC Bra,,1
AC San Marino Calcio,1036715,AC San Marino Calcio,,1
Fidelis Andria,2798,Fidelis Andria,,1
AC Magenta 1945,1173871,AC Magenta 1945,,1
Luparense FC,621772,Luparense FC,,1
FC Pompei,1173935,FC Pompei,,1
AC Savoia 1908,34990,AC Savoia 1908,,1
Vigor Lamezia,5327,Vigor Lamezia,,1
Tropical Coriano,1273936,Tropical Coriano,,1
Zoman FC,1001279,Zoman FC,,1
Avispa Fukuoka,3143,Avispa Fukuoka,,1
V-Varen Nagasaki,38154,V-Varen Nagasaki,,1
FC Imabari,79907,FC Imabari,,1
Tokyo Verdy,3139,Tokyo Verdy,,1
Nagoya Grampus,3136,Nagoya Grampus,,1
Kyoto Sanga FC,3149,Kyoto Sanga FC,,1
FC Tokyo,3147,FC Tokyo,,1
Cerezo Osaka,3141,Cerezo Osaka,,1
Roasso Kumamoto,21903,Roasso Kumamoto,,1
Kamatamare Sanuki,38157,Kamatamare Sanuki,,1
Vegalta Sendai,3148,Vegalta Sendai,,1
Albirex Niigata,5128,Albirex Niigata,,1
Kataller Toyama,34035,Kataller Toyama,,1
Ramtha SC,54595,Ramtha SC,,1
Al Yarmouk,54589,Al Yarmouk,,1
Muranga Seal,633006,Muranga Seal,,1
KF Vellaznimi,279977,KF Vellaznimi,,1
FC Suhareka,1039701,FC Suhareka,,1
KF Tefik Canga,1208015,KF Tefik Canga,,1
FC Prishtina,277829,FC Prishtina,,1
FK Liepaja,146336,FK Liepaja,,1
FK Riteriai,547277,FK Riteriai,,1
Swift Hesperange,5382,Swift Hesperange,,1
Residence Walferdange,82799,Residence Walferdange,,1
Atert Bissen,38989,Atert Bissen,,1
Malaysia University,1012977,Malaysia University,,1
AS Police,258063,AS Police,,1
Lija Athletic,44493,Lija Athletic,,1
Zebbug Rangers FC,79649,Zebbug Rangers FC,,1
Tarxien Rainbows FC,33580,Tarxien Rainbows FC,,1
Deportiva Venados,863921,Deportiva Venados,,1
Ciervos FC,421607,Ciervos FC,,1
Halcones FC,835668,Halcones FC,,1
ACF Zapotlanejo,1180055,ACF Zapotlanejo,,1
Tapachula Soconusco FC,1180063,Tapachula Soconusco FC,,1
FK Iskra Danilovgrad,37958,FK Iskra Danilovgrad,,1
FK Jedinstvo Bijelo Polje,6219,FK Jedinstvo Bijelo Polje,,1
FK Mornar Bar,36019,FK Mornar Bar,,1
Raja Beni Mellal,80393,Raja Beni Mellal,,1
CODM Meknes,55025,CODM Meknes,,1
Myawady FC,403227,Myawady FC,,1
Koninklijke HFC,218448,Koninklijke HFC,,1
FK Skopje,8067,FK Skopje,,1
KF Shkendija Haracine,1178417,KF Shkendija Haracine,,1
Tauro FC,24064,Tauro FC,,1
Chelmianka Chelm,253593,Chelmianka Chelm,,1
Gryf Slupsk,275585,Gryf Slupsk,,1
AFC Metalul Buzau,371176,AFC Metalul Buzau,,1
ACS Speed Academy Pitesti,1031655,ACS Speed Academy Pitesti,,1
CSO Plopeni,55377,CSO Plopeni,,1
CSM Alexandria,80157,CSM Alexandria,,1
ACS Medias 2022,1026765,ACS Medias 2022,,1
CS Crisul Santandrei,918013,CS Crisul Santandrei,,1
Universitatea Alba Iulia,744413,Universitatea Alba Iulia,,1
AFC Unirea Tasnad,371204,AFC Unirea Tasnad,,1
Musanze FC,380068,Musanze FC,,1
SS Pennarossa,33821,SS Pennarossa,,1
SC Faetano,37858,SC Faetano,,1
Guediawaye FC,87318,Guediawaye FC,,1
US Goree,87326,US Goree,,1
AS Pikine,87300,AS Pikine,,1
Tanjong Pagar United,3038,Tanjong Pagar United,,1
FK Humenne,270853,FK Humenne,,1
Spisska Nova Ves,35210,Spisska Nova Ves,,1
AS Trencin B,1269950,AS Trencin B,,1
NK Skofja Loka,737887,NK Skofja Loka,,1
Cape Town Spurs,7654,Cape Town Spurs,,1
Magesi FC,90844,Magesi FC,,1
Leruma United,1175515,Leruma United,,1
Supersport United,7671,Supersport United,,1
Baroka FC,174896,Baroka FC,,1
Milford FC,243972,Milford FC,,1
Sekhukhune United,760704,Sekhukhune United,,1
Busan I Park,7642,Busan I Park,,1
Bucheon FC 1995,92539,Bucheon FC 1995,,1
Hwaseong FC,202343,Hwaseong FC,,1
UD Caravaca,828304,UD Caravaca,,1
CD Utrillas,851131,CD Utrillas,,1
CD Santa Ursula,307536,CD Santa Ursula,,1
CD Huetor Tajar,336787,CD Huetor Tajar,,1
SD Portmany,622148,SD Portmany,,1
UD San Pedro,266579,UD San Pedro,,1
CD Diocesano,361466,CD Diocesano,,1
CP San Cristobal,460351,CP San Cristobal,,1
UD Montijo,273591,UD Montijo,,1
AD San Viator,1179997,AD San Viator,,1
CF Noia,366804,CF Noia,,1
UD Tamaraceite,493560,UD Tamaraceite,,1
CD Belchite 97,369430,CD Belchite 97,,1
Llanos Aridane,366886,Llanos Aridane,,1
Epila CF,749177,CF Epila,,1
CD Bezana,309410,CD Bezana,,1
AD Cala Pozuelo,1173159,AD Cala Pozuelo,,1
CF Trujillo,361470,CF Trujillo,,1
CD Huetor Vega,369290,CD Huetor Vega,,1
CF Calamocha,493714,CF Calamocha,,1
Olimpico Totana,493690,Olimpico Totana,,1
CD Valladares,1179991,CD Valladares,,1
CFJ Mollerussa,851135,CFJ Mollerussa,,1
Pena Balsamaiso CF,934357,Pena Balsamaiso CF,,1
CDJ Tamarite,359016,CDJ Tamarite,,1
Martos CD,112475,CD Martos,,1
Ciudad Rodrigo CF,825200,Ciudad Rodrigo CF,,1
UD Telde,113743,UD Telde,,1
CD Sonseca,1186741,CD Sonseca,,1
AD San Clemente,621326,AD San Clemente,,1
CD Bunol,369168,CD Bunol,,1
Urduliz FT,610328,Urduliz FT,,1
CD Barquereno,610158,CD Barquereno,,1
Fountain Gate FC,927033,Fountain Gate FC,,1
Namungo FC,624442,Namungo FC,,1
Point Fortin FC,391138,Point Fortin FC,,1
1976 FC Phoenix,658093,FC Phoenix 1976,,1
Club Sando,315143,Club Sando,,1
Jendouba Sport,148864,Jendouba Sport,,1
CS Korba,296036,CS Korba,,1
AS Gabes,59616,AS Gabes,,1
AS Agareb,669741,AS Agareb,,1
CS Chebba,239028,CS Chebba,,1
ES Rades,239030,ES Rades,,1
Kalaa Sport,191832,Kalaa Sport,,1
Silifke Belediyespor,1037351,Silifke Belediyespor,,1
52 Orduspor FK,365678,52 Orduspor FK,,1
Pazarspor,6376,Pazarspor,,1
1922 Konyaspor,24757,1922 Konyaspor,,1
Duzcespor,216872,Duzcespor,,1
Karabuk Idmanyurdu Spor,940809,Karabuk Idmanyurdu Spor,,1
Orduspor 1967,823636,Orduspor 1967,,1
Elazigspor,3068,Elazigspor,,1
Zonguldak Komurspor,35190,Zonguldak Komurspor,,1
Eskisehirspor,6364,Eskisehirspor,,1
Corluspor 1947,1059696,Corluspor 1947,,1
Usakspor,365714,Usakspor,,1
Mazidagi Fosfat Spor,939965,Mazidagi Fosfat Spor,,1
Edirnespor,496574,Edirnespor,,1
Express FC,213480,Express FC,,1
SC Villa,375412,SC Villa,,1
Wakiso Giants FC,474814,Wakiso Giants FC,,1
Mold Alexandra FC,37089,Mold Alexandra FC,,1
Llay Miners Welfare,823322,Llay Miners Welfare,,1
Ruthin Town,37084,Ruthin Town,,1
Afan Lido,4906,Afan Lido,,1
Colwyn Bay,597088,Colwyn Bay,,1
Liverpool Montevideo,6879,Liverpool Montevideo,,1
DC United,2502,DC United,,1
Austin FC,772256,Austin FC,,1
San Jose Earthquakes,21825,San Jose Earthquakes,,1
New York Red Bulls,2506,New York Red Bulls,,1
San Diego FC,1217911,San Diego FC,,1
Ventura County FC,153490,Ventura County FC,,1
Greenville Triumph SC,538319,Greenville Triumph SC,,1
Lexington SC,980885,Lexington SC,,1
El Paso Locomotive FC,545599,El Paso Locomotive FC,,1
Chattanooga FC,153486,Chattanooga FC,,1
Monterey Bay FC,868669,Monterey Bay FC,,1
Texoma FC,1218561,Texoma FC,,1
Hoang Anh Gia Lai,33125,Hoang Anh Gia Lai,,1
Bac Ninh,1121089,Bac Ninh,,1
Denbigh Town,26190,Denbigh Town,,1
Zanaco FC,195260,Zanaco FC,,1
Nkana FC,134316,Nkana FC,,1
Nchanga Rangers,195274,Nchanga Rangers,,1
Besat Kermanshah,378922,Besat Kermanshah,,1
ASD Real Normanna,25140,ASD Real Normanna,,1
El Kanemi Warriors,193318,El Kanemi Warriors,,1
Casa Sport,87314,Casa Sport,,1
CD Colegios Diocesanos,749455,CD Colegios Diocesanos,,1
CF San Bartolome,1044761,San Bartolome CF,,1
CD Herbania,828292,CD Herbania,,1
AS Kasserine,148872,AS Kasserine,,1
Ergene Velimese Spor,365674,Ergene Velimese Spor,,1
Bulls FC Academy,559102,Bull FC Academy,,1
FC Levadia Tallinn,3342,FCI Levadia Tallinn,,1
GFK Ohrid Lichnidos,25916,GFK Ohrid Lihnidos,,1
Sonderjyske,1295,Soenderjyske,,1
St Ives Town,47217,St. Ives Town,,1
St Joseph's FC,126312,St Josephs FC,,1
FK Pelhrimov,53793,FK Pelhimov,,1
JS Djijel,238160,JS Djidjel,,1
FC Hebar Pazardzhik,45655,FK Hebar Pazardzhik,,1
Guerreros de Autlán,1215471,Guerreros de Autlan,,1
Radnicki Sremska Mitrovica,117500,FK Radnicki Sremska Mitrovica,,1
JS Bordj Menaiel,667719,Js Bordj Menaiel,,1
Defensores de Belgrano,52215,CA Defensores de Belgrano,,1
Viktoria Marianske Lazne,274747,FC Viktoria Marianske Lazne,,1
US Breno,621774,USD Breno,,1
Biellesse,2762,Biellese,,1
Moghayer Al Sarhan,547137,Moghayer AL Sarhan,,1
Ferrocarril Midland,388194,CA Ferrocarril Midland,,1
Al Tadamun Buri,150900,AL Tadamun Buri,,1
Once Lobos Chalchuapa,502794,CD Once Lobos Chalchuapa,,1
Bnei Yehuda Tel Aviv,5203,Bnei Yehuda Tel Aviv FC,,1
Hapoel Rishon Lezion,5394,Hapoel Rishon Lezion FC,,1
Esteghlal Khuzestan,109573,Esteghlal Khuzestan FC,,1
Montecchio Maggiore,933629,UC Montecchio Maggiore,,1
Koeppchen Wormeldange,37258,FC Koeppchen Wormeldange,,1
Kelantan Red Warrior,1273674,Kelantan Red Warrior FC,,1
Polonia Warsaw,3119,Polonia Warszawa,,1
Briviesca Norpetrol,493520,CF Briviesca Norpetrol,,1
Cerdanyola del Valles FC,366826,Cerdanyola del Valles,,1
WA Mostaganem,964241,Wa Mostaganem,,1
Defensores Unidos,93515,CA Defensores Unidos,,1
Wollongong Wolves,2940,Wollongong Wolves FC,,1
Adamstown Rosebud,136216,Adamstown Rosebud FC,,1
America FC Propria,21842,America FC Propria SE,,1
Pirin Blagoevgrad,5245,FC Pirin Blagoevgrad,,1
MFK Chrudim B,588621,MFk Chrudim B,,1
Independiente del Valle,39723,CSD Independiente del Valle,,1
Hodmezovasarhelyi,44206,Hodmezovasarhelyi FC,,1
Universitatea Cluj,7734,FC Universitatea Cluj,,1
Barcelona Atletic,24343,FC Barcelona Atletic,,1
Nakhon Ratchasima,189992,Nakhon Ratchasima FC,,1
US Yacoub El Mansour,1174823,US Yacoub Mansour,,1
Widad Temara,220546,Wydad Temara,,1
Tzeirei Kfar Kanna,388294,FC Tzeirei Kfar Kanna,,1
AC Dolomiti Bellunesi,834506,Dolomiti Bellunesi,,1
Vanraure Hachinohe,118478,Vanraure Hachinohe FC,,1
Nairobi City Stars,138486,Nairobi City Stars FC,,1
SC Chabab Mohammedia,626766,Chabab Mohammedia,,1
AS Dakar Sacre Coeur,267767,Dakar Sacre Coeur,,1
Leicesterford City FC,1281987,Leicesterford City,,1
KS Kastrioti Kruje,37124,Kastrioti Kruje,,1
KS Flamurtari Vlore,36387,Flamurtari Vlore,,1
Sydney United 58,2939,Sydney United 58 FC,,1
Borac Banja Luka,5235,FK Borac Banja Luka,,1
Radnik Bijeljina,6149,FK Radnik Bijeljina,,1
Septemvri Sofia,214054,FK Septemvri Sofia,,1
Ludogorets Razgrad II,212878,PFC Ludogorets Razgrad II,,1
Cucuta Deportivo,6108,Cucuta Deportivo FC,,1
Radnik Krizevci,35239,NK Radnik Krizevci,,1
Harborough Town,813492,Harborough Town FC,,1
Aubagne Air Bel,59792,SC Aubagne Air Bel,,1
Budapest Honved,1916,Budapest Honved FC,,1
Felgueiras 1932,3030,FC Felgueiras 1932,,1
Elche Ilicitano,115057,Elche Ilicitano CF,,1
CD Colonia Moscardo,350760,Colonia Moscardo,,1
Gijon Industrial,369144,UD Gijon Industrial,,1
Ayutthaya United,314323,Ayutthaya United FC,,1
Al Qasim SC,631308,Al-Qasim SC,,1
Drogheda United,3180,Drogheda United FC,,1
ASD Tau Calcio Altopascio,933647,Tau Calcio Altopascio,,1
Nagano Parceiro,79883,AC Nagano Parceiro,,1
Faraones Texcoco,1180057,Faraones de Texcoco,,1
Dragones Toluca,933563,Dragones Toluca FC,,1
Bendel Insurance,533451,Bendel Insurance FC,,1
FC Paulesti,288581,CS Paulesti,,1
Vointa 2024 Crevedia,1195113,ACS Vointa 2024 Crevedia,,1
Recambios Colon,277557,Recambios Colon CF,,1
Union Sur Yaiza,291068,CD Union Sur Yaiza,,1
Chainat Hornbill,66564,Chainat Hornbill FC,,1
Minnesota United,41618,Minnesota United FC,,1
Preston Lions,364598,Preston Lions FC,,1
Sydney Olympic,2938,Sydney Olympic FC,,1
Al-Ahli Manama,45471,Al-Ahli SC Manama,,1
Bangladesh Police Club,296000,Bangladesh Police FC,,1
Romanija Pale,37065,FK Romanija Pale,,1
Yantra Gabrovo,406859,FC Yantra Gabrovo,,1
Garage Express FC,697933,Garage Express,,1
Shanghai Port,41537,Shanghai Port FC,,1
Atletico Huila,6104,CD Atletico Huila,,1
Mlada Boleslav,2224,FK Mlada Boleslav,,1
Viktoria Plzen,4502,FC Viktoria Plzen,,1
Slovan Velvary,274759,Tj Slovan Velvary,,1
FC Krimice,1174411,FK Krimice,,1
Abu Qair Semad,376284,Abo Qair Semads,,1
Braintree Town,182,Braintree Town FC,,1
Ethio Electric FC,392500,Ethio Electric,,1
Young Apostles,443800,Young Apostles FC,,1
North District,518700,North District FC,,1
Etoile Carouge,2497,Etoile Carouge FC,,1
Longford Town,3175,Longford Town FC,,1
Maccabi Petach Tikva,5333,Maccabi Petah Tikva FC,,1
Sambenedettese,2750,US Sambenedettese,,1
Pacos Ferreira,3003,FC Pacos Ferreira,,1
Genclerbirligi,7802,Genclerbirligi SK,,1
JEF Utd Chiba,3144,JEF United Chiba,,1
Chiangrai Utd,66566,Chiangrai United,,1
Mes Soongoun Varzaghan,950423,Mes Sungun Varzaghan,,1
Galway United,3172,Galway United FC,,1
ASD San Luigi Calcio,620096,Asd San Luigi Calcio,,1
Seoul Phoenix,1273678,Seoul Phoenix FC,,1
Arsenal Tivat,37956,FK Arsenal Tivat,,1
CSO Petrolul Potcoava,733531,Cso Petrolul Potcoava,,1
Minerul Lupeni,24805,CS Minerul Lupeni,,1
Aerostar Bacau,24813,CS Aerostar Bacau,,1
Muhazi United,332435,Muhazi United FC,,1
Daejeon Korail,41264,Daejeon Korail FC,,1
Coastal Union,238652,Coastal Union FC,,1
Iskenderunspor,170408,Iskenderunspor AS,,1
CPD Bangor 1876,934387,Bangor 1876 FC,,1
Amarinthiakos FC,621476,Amarinthiakos,,1
Estrella Roja,792278,CD Estrella Roja,,1
Upington City,1021747,Upington City FC,,1
Melbourne Victory NPL,244747,Melbourne Victory,,1
Velez Mostar,6151,FK Velez Mostar,,1
UF Santos,406249,Uf Santos,,1
Itapipoca EC,32671,Itapipoca EC CE,,1
AA Carapebus,308630,AA Carapebus RJ,,1
Boston City FC Brasil,835488,Boston City FC Brazil MG,,1
Olympic Star,412621,Olympic Star FC,,1
Boyaca Chico,6107,Boyaca Chico FC,,1
Internacional FC de Palmira,39866,Internacional FC De Palmira,,1
FK Jindrichuv Hradec,463815,FK Jindrichuv Hradec 1910,,1
Spalding Utd,255,Spalding United,,1
Fasil Kenema,381014,Fasil Kenema SC,,1
Sidama Bunna,559182,Sidama Bunna SC,,1
Panserraikos,6347,Panserraikos FC,,1
Real Kashmir FC,275839,Real Kashmir,,1
Hapoel Haifa,5201,Hapoel Haifa FC,,1
Cliftonville,5181,Cliftonville FC,,1
Naxxar Lions,53755,Naxxar Lions FC,,1
Union Adarve,336767,AD Union Adarve,,1
Jedinstvo UB,401285,FK Jedinstvo UB,,1
Ikorodu City FC,927193,Ikorodu City,,1
Wydad Fès,55033,Wydad Fes,,1
Al Talaba,47485,AL Talaba,,1
Rovato Vertovese SSD,1278209,Rovato Vertovese,,1
Tochigi City,245541,Tochigi City FC,,1
Mgarr United,58341,Mgarr United FC,,1
Kano Pillars,134276,Kano Pillars FC,,1
Kotwica Kolobrzeg,36886,MKP Kotwica Kolobrzeg,,1
Unirea Branistea,912431,ASC Unirea Branistea,,1
Sighetu Marmatiei,747493,Csm Sighetu Marmatiei,,1
ACS Victoria Traian,370074,Acs Victoria Traian,,1
Odeva Lipany,25722,SK Odeva Lipany,,1
Siete Villas,369176,AD Siete Villas,,1
Las Palmas C,361494,UD Las Palmas C,,1
Bornova 1877,1037353,Bornova 1877 SY,,1
Yozgat Bozokspor,1059706,Yozgat Bld Bozokspor,,1
Entebbe UPPC,671625,Entebbe UPPC FC,,1
Bouaké FC,185296,Bouake FC,,1
UAI Urquiza,112507,CD UAI Urquiza,,1
Tristan Suarez,93513,CSD Tristan Suarez,,1
Sacachispas,184969,Sacachispas FC,,1
Green Gully,92925,Green Gully SC,,1
FK Austria Vienna,2203,FK Austria Wien,,1
Al-Riffa,40659,Al Riffa,,1
Sao Jose SP,88744,Sao Jose EC SP,,1
Rioverdense,516742,Rioverdense GO,,1
Sportist Svoge,8074,PFK Sportist Svoge,,1
Midtjylland,1289,FC Midtjylland,,1
Mushuc Runa,134976,Mushuc Runa SC,,1
Hannover II,5801,Hannover 96 II,,1
Gimnastico de Tegucigalpa,780360,CD Gimnastico Tegucigalpa,,1
Bekasi City,935811,FC Bekasi City,,1
Hapoel Raanana,5398,Hapoel Ra`anana FC,,1
Albinoleffe,2732,US Albinoleffe,,1
Asd Pineto Calcio,275501,ASD Pineto Calcio,,1
At. Pulpileno,369334,CA Pulpileno,,1
Fuenlabrada,35097,CF Fuenlabrada,,1
Castellon B,806274,CD Castellon B,,1
Naft Maysan,508994,AL Naft Maysan,,1
Fossano Calcio,598602,ASD Fossano Calcio,,1
Cjarlins Muzane,345762,ASD Cjarlins Muzane,,1
Aquila 1902 Montevarchi,2780,Aquila Montevarchi,,1
CS Trevigliese,1278211,Trevigliese,,1
KF Prishtina e Re,1039703,KF Prishtina E Re,,1
Real Zamora,421609,CD Real Zamora,,1
Akwa United,193314,Akwa United FC,,1
FC Voska Sport,819218,Voska Sport,,1
Osogovo Kocani,44679,GFK Osogovo Kocani,,1
Jiul Petrosani,5285,CSM Jiul Petrosani,,1
Dunarea Giurgiu,983393,Scm Dunarea Giurgiu,,1
Borac Cacak,5160,FK Borac Cacak,,1
ES Ben Aknoun,133444,Ben Aknoun,,1
Godoy Cruz,6074,CD Godoy Cruz,,1
NWS Spirit FC,2943,NWS Spirit,,1
Campinense,34010,Campinense PB,,1
America GO,280137,America FC GO,,1
Minyor Pernik,8073,PFC Minyor Pernik,,1
Inter Star,302764,AS Inter Star,,1
Haras El Hedoud,43566,Haras El Hodood,,1
Sutton Utd,6339,Sutton United,,1
Altrincham,110,Altrincham FC,,1
Wealdstone,238,Wealdstone FC,,1
Concarneau,6917,US Concarneau,,1
Sandhausen,6157,SV Sandhausen,,1
Derry City,3170,Derry City FC,,1
Birkirkara,5330,Birkirkara FC,,1
Motherwell,2346,Motherwell FC,,1
Alcorcon B,369256,AD Alcorcon B,,1
USD Castellanzese,618454,USD Castellanzese 1921,,1
Don Benito,25400,CD Don Benito,,1
Finn Harps,3181,Finn Harps FC,,1
Recanatese,117364,US Recanatese,,1
Celle Varazze FBC,1278201,Celle Varazze,,1
Giulianova Calcio 1924,2758,Giulianova Calcio,,1
St Andrews,44494,St Andrews FC,,1
Yadanarbon FC,186789,Yadanarbon,,1
Gasogi Utd,528591,Gasogi United,,1
Etincelles,327929,Etincelles FC,,1
Mirandes B,621976,CD Mirandes B,,1
Collerense,369312,UD Collerense,,1
Mbeya City,238660,Mbeya City FC,,1
Caerau Ely,37466,Caerau Ely FC,,1
CLB Hoa Binh,894097,Hoa Binh FC,,1
Guilsfield,21826,Guilsfield FC,,1
Tilikratis,428239,Tilikratis FC,,1
River Ebro,369412,CA River Ebro,,1
Pogradeci,37141,KS Pogradeci,,1
MC El Bayadh,133466,El Bayadh,,1
Almirante Brown,43740,Club Almirante Brown,,1
Zira IK,173406,Zira FK,,1
Al Hala,45473,AL Hala,,1
Atlético Roraima,1996,Atletico Roraima RR,,1
Montana 1921,32642,PFC Montana 1921,,1
Les Astres FC De Douala,42576,Astres FC de Douala,,1
Palestino,3157,CD Palestino,,1
Gateshead,157,Gateshead FC,,1
Stevenage,133,Stevenage FC,,1
Dila Gori,33819,FC Dila Gori,,1
AO Giouchtas,120212,Giouchtas,,1
Sriwijaya,34319,Sriwijaya FC,,1
Institute,5273,Institute FC,,1
Portimonense,3026,Portimonense SAD,,1
Cremonese,2761,US Cremonese,,1
Covadonga,369140,CD Covadonga,,1
Deportivo La Coruna,2832,RC Deportivo De La Coruna,,1
Pistoiese,2723,Pistoiese FC,,1
Osasuna B,24328,CA Osasuna B,,1
Bala Azul,366888,CD Bala Azul,,1
Ontinyent,24353,Ontinyent CF,,1
Leganes B,365600,CD Leganes B,,1
Mutilvera,275287,UD Mutilvera,,1
Real Jaen,2841,Real Jaen CF,,1
Roma City,933649,Roma City FC,,1
Gor Mahia,134306,Gor Mahia FC,,1
Gavilanes FC Matamoros,421971,Gavilanes de Matamoros,,1
Glentoran,5179,Glentoran FC,,1
Motor Lublin,7915,LKP Motor Lublin,,1
Al Jeel,168092,AL Jeel,,1
University of Pretoria,65630,Pretoria University FC,,1
Aguilas B,1180037,Aguilas FC B,,1
Santomera,1180041,CF Santomera,,1
Bala Town,36255,Bala Town FC,,1
Quang Nam,40018,Quang Nam FC,,1
Ninh Binh,330079,Ninh Binh FC,,1
Lanzarote,2866,UD Lanzarote,,1
Talleres Remedios,210418,CA Talleres de Remedios,,1
Bankstown City Lions FC,171998,Bankstown City FC,,1
Deportivo Pereira,6109,Deportivo Pereira FC SA,,1
Boca Juniors De Cali,89366,Boca Juniors de Cali,,1
FC Francavilla,117422,FC Francavilla 1931,,1
Acs Axi Arena,1114621,ACS Axi Arena,,1
El Palmar CF Estrella Grana,268349,El Palmar CF-Estrella Grana,,1
Hungry Lions FC,672777,Hungry Lion,,1
Banfield,3219,CA Banfield,,1
All Boys,36834,CA All Boys,,1
Ararat Armenia,364472,FC Ararat-Armenia,,1
Avondale,189013,Avondale FC,,1
Zaqatala,224170,Zaqatala FK,,1
Matebele FC,872963,Matebele,,1
Ivinhema,34000,Ivinhema MS,,1
Belasitza Petrich,3284,PFC Belasitsa Petrich,,1
Bumamuru,524200,Bumamuru FC,,1
Bjelovar,35221,NK Bjelovar,,1
VfL Osnabruck,2581,VfL 1899 Osnabruck,,1
Pierikos,7007,Pierikos FC,,1
Escobedo,166002,UM Escobedo,,1
Illescas,597692,CD Illescas,,1
Grosseto,2785,US Grosseto,,1
Tenerife,2822,Tenerife CD,,1
Feirense,4501,CD Feirense,,1
Trofense,6154,CD Trofense,,1
Azuqueca,218208,CD Azuqueca,,1
Poblense,308746,UD Poblense,,1
Mosconia,369146,CD Mosconia,,1
Orihuela,24354,Orihuela CF,,1
La Nucia,369248,CF La Nucia,,1
Badalona,6586,CF Badalona,,1
Alcoyano,6585,CD Alcoyano,,1
Palencia,934275,Palencia CF,,1
Samartex,204573,FC Samartex,,1
Valletta,5332,Valletta FC,,1
Penafiel,3017,FC Penafiel,,1
Daejeon Hana Citizen,7645,Daejeon Citizen FC,,1
Becerril,369266,CD Becerril,,1
Arandina,54117,Arandina CF,,1
Guijuelo,24346,CD Guijuelo,,1
Santanyi,370024,CE Santanyi,,1
Mazarron,36378,Mazarron FC,,1
Felanitx,369308,CE Felanitx,,1
Comillas,612216,Comillas CF,,1
CD Guadalajara S.A.D B,1281983,CD Guadalajara B,,1
Chonburi,35886,Chonburi FC,,1
Adana 01,1037357,Adana 01 FK,,1
Mercadal,369318,CE Mercadal,,1
NRB Teleghma,402055,Nrb Teleghma,,1
RSD Guelson FC,1286559,Guelson FC,,1
Flambeau Centre,674015,Flambeau Du Centre FC,,1
Kirivong Sok Sen Chey,550729,Kirivong Soksen Chey,,1
Real Soacha Cundinamarca,1033161,Real Cundinamarca,,1
Szekszardi,25625,Szekszardi UFC,,1
Poggibonsi,2784,USD Poggibonsi,,1
AZ Picerno ASD,223518,AZ Picerno,,1
Caravaggio,117276,USD Caravaggio,,1
Roosendaal,2969,RBC Roosendaal,,1
SP Domagnano,33818,FC Domagnano,,1
JKT Tanzania,495358,Jkt Tanzania,,1
Vilankulo FC,463175,AD Vilankulo,,1
FC Pas de la Casa,230992,FC Pas de La Casa,,1
Quilmes,4936,Quilmes AC,,1
Opatija,44480,NK Opatija,,1
TJ Svitavy,2231,Svitavy,,1
Naestved IF,1320,Naestved BK,,1
Maidenhead Utd,166,Maidenhead United FC,,1
Schalke,2530,Schalke 04,,1
Wolfsburg,2524,VFL Wolfsburg,,1
Schweinfurt 05,2544,1. FC Schweinfurt 05,,1
Korinthos,437908,PAS Korinthos,,1
FC Vion Zlate Moravce,7084,FC Vion Zlate Moravce - Vrable,,1
FK Graficar Beograd,382284,RFK Graficar Beograd,,1
Torreense,25787,SCU Torreense,,1
Almazan,369276,SD Almazan,,1
Atlante,1943,Atlante FC,,1
Figline,25141,AS Figline,,1
One Taguig FC,1119071,Taguig FC,,1
Braga B,74473,SC Braga B,,1
ACS KSE Targu Secuiesc,371170,Acs Kse Targu Secuiesc,,1
Somozas,167166,UD Somozas,,1
Lenense,610154,SD Lenense,,1
Eibar C,1179995,SD Eibar C,,1
Zarautz,1281667,Zarautz Ke,,1
Siello FC,1281721,Cdb Siello FC,,1
Karaman,81443,Karaman FK,,1
Maroons,213478,Maroons FC,,1
Ammanford AFC,37467,Ammanford,,1
CA River Plate,3237,CA River Plate (URU),,1
Ha Noi FC,33130,Hanoi FC,,1
Long An,33122,Long An FC,,1
Zakynthos,7015,APS Zakynthos,,1
Enna Calcio,1173937,Enna Calcio SCSD,,1
Ciudad Lucena,361482,CD Ciudad de Lucena,,1
NK Marsonia 1909,55455,NK Marsonia,,1
Iguatu,401927,Iguatu CE,,1
Friburguense,6979,Friburguense AC RJ,,1
Bohemians 1905,6064,Bohemians Prague 1905,,1
Hlucin,5109,FC Hlucin,,1
WE SC,879513,We SC,,1
Woking,128,Woking FC,,1
Gloucester,260,Gloucester City,,1
St Pauli,2526,FC St. Pauli,,1
Unterhaching,2555,SpVgg Unterhaching,,1
Giannina,6349,PAS Giannina,,1
Nea Artaki,633534,AO Neas Artakis,,1
Tai Po,475194,Tai Po FC,,1
Kazincbarcikai BSC,8059,Kazincbarcikai SC,,1
PSIM Yogyakarta,75653,Psim Yogyakarta,,1
Stade d'Abidjan,42361,Stade D abidjan,,1
Bavois,25196,FC Bavois,,1
Getafe,2859,Getafe CF,,1
Biel Bienne,2472,FC Biel-Bienne,,1
FK Otrant Ulcinj,37153,FK Otrant-Olympic Ulcinj,,1
Gubbio,2782,AS Gubbio,,1
Sao Joao Ver,45148,SC Sao Joao de Ver,,1
Vizela,5136,FC Vizela,,1
Izarra,37048,CD Izarra,,1
CD Guadalajara S.A.D.,24330,CD Guadalajara,,1
Alfaro,25313,CD Alfaro,,1
Naxara,55779,Naxara CD,,1
Valladolid,2831,Real Valladolid,,1
Torino,2696,Torino FC,,1
Paykan,73668,Paykan FC,,1
ASD Licata,117436,ASD Licata 1931,,1
Nissa FC,1173939,SSD Nissa FC,,1
Unipomezia,834522,Unipomezia 1938,,1
Equity FC,555508,Equity,,1
KF Gjilani,277839,SC Gjilani,,1
Penang,3330,Penang FA,,1
Sirens,80811,Sirens FC,,1
Mukura,380056,Mukura VS,,1
Berceo,369410,CD Berceo,,1
CD Touring,933889,Touring KE,,1
Castro,369192,Castro FC,,1
Torina,474014,SD Torina,,1
Huarte,369348,CD Huarte,,1
Lugo B,466487,CD Lugo B,,1
Selaya,369182,Selaya FC,,1
Bursa Yildirimspor,625710,Bursa Yildirim SK,,1
Kirsehir,498442,Kirsehir FSK,,1
Agri 1970 Spor,370326,Agrispor 1970 SK,,1
Santo Andre,6966,EC Santo Andre SP,,1
Ypiranga AP,430145,Ypiranga Clube AP,,1
City London FC,1280199,City London PR,,1
Dobrudzha 1919 Dobrich,5242,PFC Dobrudzha Dobrich,,1
Boeung Ket FC,95619,Boeung Ket Angkor FC,,1
Maleyet El Zayiat,188569,Maleyat Kafr El Zayat,,1
Leyton Orient,83,Leyton Orient London,,1
Saarbrucken,2554,1. FC Saarbrucken,,1
UD Vall De Uxo,806270,UD Vall de Uxo,,1
Montespaccato,619392,Montespaccato Calcio,,1
Mouloudia Oujda,170588,Mouloudia Club of Oujda,,1
Katsina Utd,308036,Katsina United FC,,1
Valle Egues,47326,CD Valle de Egues,,1
CA Estudiantes Caseros,93107,CA Estudiantes,,1
Grazer AK,2052,Grazer AK 1902,,1
Dukla Praha,7739,Dukla Prague,,1
Ceske Budejovice B,624248,SK Dynamo Ceske Budejovice B,,1
Mansfield,70,Mansfield Town,,1
Bekescsabai Elore SE,1927,Bekescsaba 1912 Elore,,1
FK Jezero,24312,FK Jezero Plav,,1
SCM Zalau,680113,Scm Zalau,,1
FK Dubocica,477280,Gfk Dubocica,,1
NK Fama Vipava,510712,NK Vipava,,1
JDR Stars,617966,Jdr Stars,,1
Cultural Leonesa B,494222,Cultural Deportiva Leonesa B,,1
Lugano II,916477,FC Lugano,,1
Nong Bua Pitchaya,328105,Nongbua Pitchaya FC,,1
Inkilap,1271530,Inkilap Fsk,,1
SV Stripfing/Weiden,218138,SV Stripfing,,1
Imperatriz,21852,SD Imperatriz MA,,1
Nova Mutum,663653,Nova Mutum EC MT,,1
Tanta,248321,Tanta FC,,1
Boston Utd,124,Boston United FC,,1
Elversberg,2598,SV 07 Elversberg,,1
Eibar,2839,SD Eibar,,1
Zuera,1166703,CD Zuera,,1
Cieza,362650,CD Cieza,,1
Arosa,368874,Arosa SC,,1
Carpi,834548,AC Carpi,,1
Civitanovese,117360,US Civitanovese SSD,,1
Leioa,167160,SD Leioa,,1
Utiel,621306,CD Utiel,,1
Kestel Cilekspor,1271526,Kestel Cilek SK,,1
Spartak Varna,3278,FK Spartak 1918 Varna,,1
O'Higgins,3163,CD O´Higgins,,1
Ceske Budejovice,2221,SK Dynamo Ceske Budejovice,,1
Sestri Levante,117250,USD Sestri Levante 1919,,1
Portogruaro,5316,Portogruaro Calcio,,1
AC Locri,476764,AC Locri 1909,,1
Riyadi Abbasiya,962179,Reyady Abaseya,,1
Al Shamal SC,170366,Al-Shamal,,1
Qatar SC Doha,25914,Qatar SC,,1
Real Titanico Laviana,748907,Real Titanico FC,,1
Pamba SC,587901,Pamba Jiji SC,,1
Pattaya United,344470,Pattaya Dolphins United,,1
Utas Usakspor,365714,Usakspor,,1
ASD Paterno,746705,ASD Paterno Calcio,,1
Itabirito,995367,Itabirito FC MG,,1
Magdeburg,2591,1. FC Magdeburg,,1
Techiman Eleven Wonders,403427,Eleven Wonders FC,,1
Persipal Palu,541965,Persipal FC,,1
Gzira Utd,58327,Gzira United FC,,1
Al Tadamon SC,55155,AL Tadhamon,,1
FK Bokelj,7581,FK Bokelj Kotor,,1
UNAN Managua,328943,Unan Managua,,1
Oman FC,57443,Oman Club,,1
ACSO Filiasi,288949,Acso Filiasi,,1
UD Torre del Mar,824474,UD Torre Del Mar,,1
Basel II,2487,FC Basel,,1
Almagro,4938,Club Almagro,,1
Central Norte,341070,CA Central Norte Salta,,1
Cebrayil FK,1080920,Cabrayil,,1
CSKA 1948 Sofia,288687,FC CSKA 1948,,1
Al Qanah,134190,El Qanah FC,,1
Hamburg,2676,Hamburger SV,,1
Levadiakos,5063,APO Levadiakos FC,,1
Quick Boys,8055,K.v.v. Quick Boys,,1
Mantova,2770,Mantova 1911,,1
Lentigione,223500,Lentigione Calcio,,1
ASD Ugento,1173913,ASD Ugento Calcio,,1
Sangiovannese,2791,ASD Sangiovannese 1927,,1
Sammaurese,223502,Sammaurese Calcio,,1
Real Acerrana,1173915,ASD Real Acerrana 1926,,1
CD Arcangel San Miguel,747703,CD San Miguel,,1
Pinheiro,529815,Pinheiro AC MA,,1
Paysandu,1997,Paysandu SC PA,,1
Noroeste,6962,EC Noroeste SP,,1
EC de Patos,529807,EC Patos PB,,1
Barbalha,144848,Barbalha FC CE,,1
Amazonas,663997,Amazonas FC AM,,1
Maranhao,21858,Maranhao AC MA,,1
CSKA 1948 Sofia II,682175,FK CSKA 1948 II,,1
STK Samorin,44590,FC STK 1914 Samorin,,1
Tersana SC,376192,El Terasanah,,1
Egham Town,46915,Chatham Town,,1
FC Inter,2247,FC Inter Turku,,1
Aris Salonika,3252,Aris Thessaloniki,,1
Agios Nikolaos,120164,Nikolaos,,1
Ejea,47328,SD Ejea,,1
SC Ben Arous,302320,Sporting Ben Arous,,1
Aberystwyth,4905,Aberystwyth Town FC,,1
Gimnasia y Tiro,258465,Gimnasia Y Tiro de Salta,,1
Rotherham,13,Rotherham United,,1
Dire Dawa,298868,Dire Dawa Kenema,,1
Thanh Hoa,33030,Dong A Thanh Hoa,,1
Benevento,2759,Benevento Calcio,,1
Frosinone,2801,Frosinone Calcio,,1
U.S. Ancona,2721,US Ancona 1905,,1
Scanzorosciate,281267,Usd Scanzorosciate Calcio,,1
Agropecuario,371368,Agropecuario Argentino,,1
Nacional de Patos,21860,Nacional PB,,1
HNK Cibalia,2031,HNK Cibalia Vinkovci,,1
Halkanoras Idaliou,25533,Halkanoras,,1
Exeter,86,Exeter City,,1
Doxa Vyrona,120198,Vyrona,,1
Southern District,78449,Southern District Football Club,,1
Top Oss,2978,TOP Oss,,1
Genoa,2713,Genoa CFC,,1
Socuéllamos,167164,UD Socuellamos CF,,1
FK Vozdovac,5159,FK Vozdovac Belgrade,,1
Gil Vicente,3010,Gil Vicente Barcelos,,1
Marines FC,262687,Marines FC Gisenyi,,1
AD San Juan,116239,AD San Juan Pamplona,,1
At. Albericia,369184,SD Atletico Albericia,,1
Condal,216780,Condal Club,,1
Kutahyaspor,81445,Belediye Kutahyaspor,,1
Caernarfon,4909,Caernarfon Town FC,,1
Bonnyrigg White Eagles,73712,Bonnyrigg W. E.,,1
Bahrain SC,60428,AL Bahrain,,1
KVV Thes Sport,277855,KVV Thes Sport Tessenderlo,,1
Dorense,309540,Dorense FC SE,,1
Aymores,811896,SC Aymores MG,,1
Humaita,463359,SC Humaita AC,,1
Canon de Yaounde,42577,Canon Sportif Yaounde,,1
NK Jarun,476940,NK Jarun Zagreb,,1
Hertha Berlin,2528,Hertha BSC,,1
Kalamata,6345,PAE PS Kalamata,,1
Larissa,3265,AE Larissa FC,,1
Diagoras,6991,Diagoras Rhodes,,1
Dinamo Bucharest,3292,FC Dinamo Bucuresti 1948,,1
Goztepe,3054,Goztepe Izmir,,1
Makedonija Gj. P,53841,FK Makedonija Gjorce Petrov,,1
Sassuolo,2793,Sassuolo Calcio,,1
Deportivo Aragon,54125,Real Zaragoza Deportivo Aragon,,1
Estoril,4500,Estoril Praia,,1
Avezzano,221968,Avezzano Calcio,,1
Paganese,7934,Paganese Calcio,,1
Barletta,25154,Barletta Calcio,,1
SD Revilla,494288,CD Revilla,,1
Burladés,369338,UCD Burlades,,1
Hai Phong,33124,Haiphong FC,,1
Valentine Phoenix,244767,Valentine FC,,1
FK Karvan,5963,FK Karvan Yevlakh,,1
Gremio Prudente,323451,GD Prudente SP,,1
Halesowen,35033,Halesowen Town FC,,1
Aldershot,75,Aldershot Town FC,,1
Bromsgrove,253,Bromsgrove Sporting,,1
FC Viktoria Köln,53365,FC Viktoria Cologne,,1
Smederevo,5151,FK Smederevo 1924,,1
Hibernians,5331,Hibernians FC Paola,,1
Willem II,2961,Willem II Tilburg,,1
CD Alaves B,336759,Deportivo Alaves B,,1
CD Cortes,749259,CD Cortes Navarre,,1
Crevillente,359526,Crevillente Deportivo,,1
Mahar United,403225,Mahar Sagaing United FC,,1
CS Minaur Baia Mare,169140,FCM Baia Mare,,1
CD Atletico Mineros Reocin,1044707,CD Elemental Atletico Mineros,,1
CD Alaves C,1044709,Deportivo Alaves C,,1
Montanas del Pas,1281665,CD Montanas Del Pas,,1
Chainat FC,66564,Chainat Hornbill FC,,1
Bright Stars,240850,Soltilo Bright Stars FC,,1
Mardinspor,497134,Mardin 1969 Spor,,1
Gimnasia Jujuy,5292,Gimnasia y Esgrima de Jujuy,,1
Real Sociedad B,24360,Real Sociedad San Sebastian B,,1
RB Ouargla,846836,IRB Ouargla,,1
Deportivo Armenio,93105,CD Armenio,,1
Marica,342210,Marica FC RJ,,1
Santos,1968,Santos FC SP,,1
Cariri,806652,Cariri FC CE,,1
Artsul,327295,Artsul FC RJ,,1
La Serena,5031,Deportes La Serena,,1
Libertad FC,838486,Libertad Loja,,1
Belper Town,45373,Poole Town,,1
Dulwich,145,Dulwich Hamlet,,1
Lincoln United,6339,Sutton United,,1
SG Barockstadt,459543,SG Barockstadt Fulda-Lehnerz,,1
Aduana Stars,42610,Aduana FC,,1
Panthrakikos,6348,Panthrakikos FC Komotini,,1
Real Murcia B,24359,Real Murcia Imperial FC,,1
Espanyol B,37055,Espanyol Barcelona B,,1
Maritimo,3007,Maritimo Madeira,,1
Mérida,24351,Merida AD,,1
Imolese,117318,Imolese Calcio,,1
UCV,324069,UCV FC,,1
ASD Borgaro Nobis,367994,ASD Borgaro 1965,,1
Trapani,43686,Trapani Calcio,,1
Catania,2725,Calcio Catania,,1
Siena,2709,Siena 1904,,1
Racing Club Abidjan,651414,Racing Club Dabidjan,,1
Tigres de Álica FC,1067120,Tigres de Alica FC,,1
Sohar Club,99993,Sohar,,1
Menemen,44355,Menemenspor AS,,1
Barry Town,35186,Barry Town United FC,,1
Al Ittifaq Maqaba,225858,Al Ittifaq BHR,,1
HNK Tomislav,80255,HNK Tomislav Tomislavgrad,,1
Bragantino PA,529477,Bragantino Clube do Para PA,,1
Hastings United,124,Boston United FC,,1
Panetolikos,7004,Panaitolikos Agrinio,,1
Khonkaen United,427189,Khon Kaen United FC,,1
Cordobes Futbol Club,1180065,Cordobes FC,,1
Difaa El Jadida,55043,Difaa Hassani d'el-Jadida,,1
Progres Sakiet Eddaier,302328,A Sakiet Edayer,,1
FK Partizani,5222,Partizani Tirana,,1
WSG Swarovski Tirol,5405,WSG Tirol,,1
Al-Ittihad Bahrain,183543,Al Ittihad,,1
NK Tosk Tesanj,44684,NK TOSK Tesanj,,1
Bury Town,25935,Brackley Town FC,,1
Halifax,87,FC Halifax Town,,1
CD Alaves,2885,Deportivo Alaves,,1
AS Marsa,59614,Avenir S Marsa,,1
Isernia,117366,Isernia FC 1928,,1
Deportivo Ocotal,373210,CD Ocotal,,1
Al-Rawdhah Club,647482,AL Rawdhah,,1
Lugazi FC,528159,Lugazi Municipal FC,,1
Airbus UK,4907,Airbus UK Broughton,,1
Club Atletico Temperley,112499,CA Temperley,,1
Toledo,25401,CD Toledo Sad,,1
Union Cocle,781968,Cocle FC,,1
Deportivo Recoleta,463345,Recoleta FC,,1
Wehen SV,2597,SV Wehen Wiesbaden,,1
Al Ansar Beirut,47481,AL Ansar SC,,1
Espanyol,2814,Espanyol Barcelona,,1
Desportivo Chaves,3025,GD Chaves,,1
Jove Espanol,276651,FC Jove Espanol San Vicente,,1
Sport Boys,2312,Sport Boys Association,,1
ASD Sporting Trestina,283185,SC Trestina,,1
Iwaki SC,345090,Iwaki FC,,1
Sama Club,547129,Sama,,1
Academica,3015,Academica de Coimbra,,1
Tabora United FC,788884,TRA United,,1
Inegol Kafkasspor,1037341,Inegol Kafkas Genclikspor,,1
CD Moron,93109,Deportivo Moron,,1
Deportivo Maipu,240854,CD Maipu,,1
Ferroviaria,35285,Ferroviaria Araraquara SP,,1
Al Ain FC,302738,Al-Ain FC (SA),,1
CSM Adjud,1168423,Csm Adjud 1946,,1
Inter Club d'Escaldes,37946,Inter Club de Escaldes,,1
Rapid Vienna,2055,SK Rapid,,1
Svay Rieng FC,153474,Preah Khan Reach Svay Rieng FC,,1
FC Gazelle,471189,Gazelle FA de Garoua,,1
Scafatese,25153,Scafatese Calcio 1922,,1
Stella Club d'Adjame,42362,Stella Club D'Adjame,,1
Jerash SC,547145,Jerash Club,,1
Leeds,34,Leeds United,,1
Cambridge City,212,Bamber Bridge,,1
Fehervar FC,1926,Fehervar FC Szekesfehervar,,1
PSKC Cimahi,541601,Pskc Kota Cimahi,,1
Olbia,5314,Olbia Calcio,,1
USM Oujda,626760,US Musulmane Oujda,,1
Nacional,3013,Nacional da Madeira,,1
Western Sydney Wanderers NPL,264399,Western Sydney Youth,,1
Cotonsport,42575,Coton Sport de Garoua,,1
ARO Muscelul Campulung,1023781,ACS Aro Muscelul C-Lung Muscel,,1
Sportivo Italiano,36843,CS Italiano,,1
CD INCA,832436,CD Inca,,1
Oldham,65,Oldham Athletic,,1
Cambuur Leeuwarden,2970,SC Cambuur,,1
CP Mijas,1063444,CP Mijas-Las Lagunas,,1
Difai FK,1048887,Difai Agsu,,1
Charleroi II,76463,Jeugd Royal Charleroi SC,,1
Bourg-Peronnas,35056,Football Bourg-En-Bresse Peronnas 01,,1
Safa Beirut,35893,Safa SC,,1
Maha Sarakham SBT,553552,Mahasarakham United FC,,1
Virtus Ciserano Bergamo,2744,S.S.D. Virtus Ciseranobergamo 1909,,1
Angri,933655,US Angri 1927,,1
Pavia,2766,FC Pavia 1911,,1
Pachuca II,1042289,Pachuca Premier,,1
Chilpancingo,933557,CD Avispones de Chilpancingo AC,,1
OC Khouribga,55047,Olympique Club of Khouribga,,1
Excelsior '31,34731,Excelsior Maassluis,,1
East Kilbride,2382,East Fife FC,,1
Kilis Belediyespor,223408,Kilis Bld Spor,,1
Becamex HCMC,33119,Becamex Ho Chi Minh City,,1
FC Blau Weiss Linz,2113,Blau-Weiss Linz,,1
OH Leuven II,76459,Oud Heverlee Leuven B,,1
Leones,89362,Itagui Leones FC,,1
Fylkir,1896,Fylkir Reykjavik,,1
Atletico CP Lisbon,35177,Atletico Clube de Portugal,,1
Hang Yuen,411387,New Taipei Hang Yuan,,1
Orijent,25539,Orijent 1919 Rijeka,,1
KS Burreli,37137,KS Burreli,,1
ES Setif,41756,ES Setif,,1
JS Kabylie,42202,JS Kabylie,,1
CS Constantine,55393,CS Constantine,,1
MB Rouissat,300448,MB Rouissat,,1
USM Khenchela,300444,USM Khenchela,,1
GD Interclube,76431,GD Interclube,,1
Estudiantes Rio Cuarto,369108,Estudiantes Rio Cuarto,,1
CA Brown de Adrogue,107201,CA Brown de Adrogue,,1
Club Mercedes,354964,Club Mercedes,,1
Canuelas FC,329911,Canuelas FC,,1
CA Lugano,182126,CA Lugano,,1
FC West Armenia,618772,FC West Armenia,,1
Rydalmere Lions FC,408091,Rydalmere Lions FC,,1
Northern Tigers,390314,Northern Tigers,,1
Newcastle Olympic FC,136224,Newcastle Olympic FC,,1
Adelaide Cobras,90876,Adelaide Cobras,,1
Vipers FC,424617,Vipers FC,,1
Cumberland United,90880,Cumberland United,,1
Inglewood United,92028,Inglewood United,,1
Sutherland Sharks,92214,Sutherland Sharks,,1
New Lambton FC,431877,New Lambton FC,,1
FC Melbourne Srbija,396548,FC Melbourne Srbija,,1
FC Salzburg,2046,FC Salzburg,,1
Austria Lustenau,2062,Austria Lustenau,,1
FC Liefering,7790,FC Liefering,,1
ASK Voitsberg,2081,ASK Voitsberg,,1
FC Gleisdorf 09,6280,FC Gleisdorf 09,,1
SV Ried,2049,SV Ried,,1
SC Wiener Viktoria,73885,SC Wiener Viktoria,,1
Union Gurten,162364,Union Gurten,,1
SV Wildon,213092,SV Wildon,,1
SV Leobendorf,162360,SV Leobendorf,,1
Vorwarts Steyr,34978,Vorwarts Steyr,,1
SV Strasswalchen,96427,SV Strasswalchen,,1
SPG Edelserpentin,541351,SPG Edelserpentin,,1
Nussdorf,2168,Nussdorf,,1
TSV Grafenstein,267815,TSV Grafenstein,,1
Al-Najma Manama,45475,Al-Najma Manama,,1
Busaiteen,35890,Busaiteen,,1
Brothers Union,336965,Brothers Union,,1
Fortis FC,774578,Fortis FC,,1
VV Hoogstraten,37043,Hoogstraten VV,,1
RWDM Brussels,220436,RWDM Brussels,,1
KVC Houtvenne,266837,KVC Houtvenne,,1
RSC Habay,621878,RSC Habay,,1
FK Tuzla City,269723,FK Tuzla City,,1
FK Radnicki Lukavac,74671,FK Radnicki Lukavac,,1
NK Stupcanica Olovo,839838,NK Stupcanica Olovo,,1
FK Laktasi,7719,FK Laktasi,,1
FK Rudar Prijedor,36537,FK Rudar Prijedor,,1
FK Vlasenica,168204,FK Vlasenica,,1
FK Omarska,819740,FK Omarska,,1
Mochudi Centre Chiefs,134296,Mochudi Centre Chiefs,,1
Black Lions FC,1280465,Black Lions FC,,1
Tiffy Army FC,322819,Tiffy Army FC,,1
Union Espanola,3153,Union Espanola,,1
Deportes Concepcion,3160,Deportes Concepcion,,1
Provincial Osorno,21873,Provincial Osorno,,1
Puerto Montt,3158,Puerto Montt,,1
San Antonio Unido,434000,San Antonio Unido,,1
CD Trasandino de Los Andes,555206,CD Trasandino de Los Andes,,1
NK Croatia Zmijavci,249455,NK Croatia Zmijavci,,1
NK Dugopolje,43918,NK Dugopolje,,1
NK Uskok,443452,NK Uskok,,1
MFK Chrudim,36741,MFK Chrudim,,1
FK Usti nad Labem,4868,FK Usti nad Labem,,1
FC Pisek,25417,FC Pisek,,1
AFC Humpolec,463839,AFC Humpolec,,1
FK Ostrov,106311,FK Ostrov,,1
FK Sumperk,36736,FK Sumperk,,1
TJ Dalnice Sperice,751799,TJ Dalnice Sperice,,1
SK Hrebec,53099,SK Hrebec,,1
Pusta Polom,369160,Pusta Polom,,1
SK Stonava,666767,SK Stonava,,1
FK Caslav,6069,FK Caslav,,1
Spartak Police Nad Metuji,936391,Spartak Police Nad Metuji,,1
Hobro IK,1392,Hobro IK,,1
B93 Copenhagen,1298,B93 Copenhagen,,1
AGF Aarhus,1291,AGF Aarhus,,1
FC Fredericia,1302,FC Fredericia,,1
FC Copenhagen,1284,FC Copenhagen,,1
Hvidovre IF,1305,Hvidovre IF,,1
Vendsyssel FF,1314,Vendsyssel FF,,1
FC Roskilde,4873,FC Roskilde,,1
Kolding IF,22162,Kolding IF,,1
FA 2000,44017,FA 2000,,1
Ringsted IF,24946,Ringsted IF,,1
SD Aucas,5249,SD Aucas,,1
LDU Quito,5257,LDU Quito,,1
Delfin SC,241468,Delfin SC,,1
Asyut Petroleum,391386,Asyut Petroleum,,1
Municipal Limeno,275241,Municipal Limeno,,1
Macclesfield FC,935861,Macclesfield FC,,1
Canvey Island,106,Canvey Island,,1
Lincoln City,92,Lincoln City,,1
Stockton Town,596990,Stockton Town,,1
Poole Town,45373,Poole Town,,1
AFC Sudbury,46708,AFC Sudbury,,1
Evesham United,249,Evesham United,,1
Parnu JK Vaprus,318005,Parnu JK Vaprus,,1
FC Tallinn,432665,FC Tallinn,,1
Tartu JK Welco,42740,Tartu JK Welco,,1
Viimsi JK,44459,Viimsi JK,,1
Johvi FC Phoenix,815456,FC Phoenix Johvi,,1
JK Tallinna Kalev,7105,JK Tallinna Kalev,,1
FA Kalev Tartu,794998,FA Tartu Kalev,,1
Paide Linnameeskond,32476,Paide Linnameeskond,,1
NSI Runavik,5189,NSI Runavik,,1
FC Rustavi,7703,FC Rustavi,,1
Alemannia Aachen,2546,Alemannia Aachen,,1
Borussia Dortmund II,2535,Borussia Dortmund II,,1
TSG Hoffenheim II,5887,TSG Hoffenheim II,,1
Hallescher FC,2582,Hallescher FC,,1
FC Astoria Walldorf,7872,FC Astoria Walldorf,,1
SC Freiburg II,5889,SC Freiburg II,,1
SGV Freiberg,2640,SGV Freiberg,,1
Legon Cities FC,81943,Legon Cities FC,,1
Asante Kotoko,41755,Asante Kotoko,,1
Manchester 62 FC,126310,Manchester 62 FC,,1
FCB Magpies,340394,FCB Magpies,,1
Asteras Tripolis,6342,Asteras Tripolis,,1
CD Choloma,54329,CD Choloma,,1
FC Santa Rosa,792294,Santa Rosa FC,,1
Resources Capital FC,194010,Resources Capital FC,,1
Eastern District,287217,Eastern District,,1
WSE,669563,WSE,,1
3 Sing FC,952427,3 Sing FC,,1
Hoi King,370814,Hoi King,,1
Kowloon City,397128,Kowloon City,,1
FC Tatabanya,1930,FC Tatabanya,,1
Monori SE,275255,Monori SE,,1
Fjolnir,5374,Fjolnir,,1
KR Reykjavik,1902,KR Reykjavik,,1
HK Kopavogur,7121,HK Kopavogur,,1
Neroca FC,275163,Neroca FC,,1
Saikhamakawn FC,1277290,Saikhamakawn FC,,1
Persibo Bojonegoro,86070,Persibo Bojonegoro,,1
Persikota Tangerang,881699,Persikota Tangerang,,1
Persela Lamongan,64287,Persela Lamongan,,1
PSM Makassar,135864,PSM Makassar,,1
Gresik United,64285,Gresik United,,1
CS Sfaxien,44463,CS Sfaxien,,1
Orapa United,317857,Orapa United,,1
FC Bravos do Maquis,203453,FC Bravos do Maquis,,1
Stade Tunisien,59636,Stade Tunisien,,1
AFAD Djekanou,69318,AFAD Djekanou,,1
Port FC,40661,Port FC,,1
Muang Thong United,39946,Muang Thong United,,1
Gwangju FC,48912,Gwangju FC,,1
AC Port Of Spain,473489,AC Port Of Spain,,1
FK Tekstilac Odzaci,274015,FK Tekstilac Odzaci,,1
Wisla Plock,3122,Wisla Plock,,1
Chrobry Glogow,53296,Chrobry Glogow,,1
MFK Stara Lubovna,7884,MFK Stara Lubovna,,1
AC Milan,2692,AC Milan,,1
LNZ Cherkasy,312744,LNZ Cherkasy,,1
FC Grand-Saconnex,213074,FC Grand-Saconnex,,1
Ballyclare Comrades,36780,Ballyclare Comrades,,1
MFK Zvolen,55573,MFK Zvolen,,1
CS Concordia Chiajna,24790,CS Concordia Chiajna,,1
MSK Povazska Bystrica,55575,MSK Povazska Bystrica,,1
Stomil Olsztyn,34810,Stomil Olsztyn,,1
KF Besa Doberdoll,818650,KF Besa Doberdoll,,1
Kerry FC,972503,Kerry FC,,1
Star Starachowice,1031177,Star Starachowice,,1
Elana Torun,35609,Elana Torun,,1
Wexford FC,7128,Wexford FC,,1
FK Rudar Pljevlja,6223,FK Rudar Pljevlja,,1
FK Podgorica,224978,FK Podgorica,,1
F91 Dudelange,5207,F91 Dudelange,,1
Pogon Siedlce,162252,Pogon Siedlce,,1
HHC Hardenberg,6480,HHC Hardenberg,,1
Wieczysta Krakow,406863,Wieczysta Krakow,,1
CSM Slatina,54689,CSM Slatina,,1
LKS Lodz,3123,LKS Lodz,,1
Puszcza Niepolomice,38729,Puszcza Niepolomice,,1
Zaglebie Sosnowiec,7693,Zaglebie Sosnowiec,,1
Pogon Grodzisk Mazowiecki,216968,Pogon Grodzisk Mazowiecki,,1
FC Rukh Lviv,277645,FC Rukh Lviv,,1
LKS Lodz II,681381,LKS Lodz II,,1
FK Decic Tuzi,6226,FK Decic Tuzi,,1
CS Tunari,55387,CS Tunari,,1
CD Castellon,5067,CD Castellon,,1
FC Emmen,2965,FC Emmen,,1
UD Leiria,3000,UD Leiria,,1
OFK Mladost DG,624080,OFK Mladost DG,,1
PEC Zwolle,2971,PEC Zwolle,,1
Rijnsburgse Boys,6490,Rijnsburgse Boys,,1
KF Llapi,277847,KF Llapi,,1
BFC Daugavpils,41498,BFC Daugavpils,,1
Sparta Rotterdam,2960,Sparta Rotterdam,,1
US Rumelange,5388,US Rumelange,,1
ACV Assen,2992,ACV Assen,,1
Virtus Entella,43680,Virtus Entella,,1
UE Olot,115059,UE Olot,,1
Real Oviedo Vetusta,369152,Real Oviedo Vetusta,,1
FC Astana,36155,FC Astana,,1
Karpaty Lviv,3316,Karpaty Lviv,,1
Marbella FC,24348,Marbella FC,,1
FC L'Escala,1044715,FC L'Escala,,1
CD Extremadura,1173295,CD Extremadura,,1
CD Badajoz,2853,CD Badajoz,,1
Real Zaragoza,2815,Real Zaragoza,,1
CF Lorca Deportiva,5068,CF Lorca Deportiva,,1
UD Barbastro,35096,UD Barbastro,,1
Helmond Sport,2974,Helmond Sport,,1
Juve Stabia,5324,Juve Stabia,,1
UE Tona,921727,UE Tona,,1
FC Andorra,610334,FC Andorra,,1
Unionistas de Salamanca CF,286017,Unionistas de Salamanca CF,,1
SD Sarriana,1044649,SD Sarriana,,1
KF Dukagjini,279991,KF Dukagjini,,1
CD Coria,361464,CD Coria,,1
UD Ibiza,24368,UD Ibiza,,1
CD Estepona,611094,CD Estepona,,1
Xerez CD,2838,CD Xerez,,1
UD Ourense,473994,UD Ourense,,1
Reus FC Reddis,1033891,Reus FC Reddis,,1
CE L'Hospitalet,2863,CE L'Hospitalet,,1
Atletico Madrid B,24326,Atletico Madrid B,,1
CD Quintanar del Rey,369458,CD Quintanar del Rey,,1
CD Villacanas,350748,CD Villacanas,,1
UE Sant Andreu,24363,UE Sant Andreu,,1
AD Almudevar,369420,AD Almudevar,,1
CD Tarancon,460323,CD Tarancon,,1
Gornik Leczna,3125,Gornik Leczna,,1
Aruba,21806,Aruba,,1
Managua FC,266593,Managua FC,,1
Portland Timbers,22007,Portland Timbers,,1
Houston Dynamo,2508,Houston Dynamo,,1
Mazatlan FC,1946,Mazatlan FC,,1
Ayacucho FC,33894,Ayacucho FC,,1
Urawa Red Diamonds,3145,Urawa Red Diamonds,,1
Racing de Veracruz,1038323,Racing de Veracruz,,1
Rayong FC,337511,Rayong FC,,1
Richards Bay FC,367882,Richards Bay FC,,1
Montedio Yamagata,21902,Montedio Yamagata,,1
NK Rogaska,211590,NK Rogaska,,1
FUS Rabat,55027,FUS Rabat,,1
AS Megrine,986765,AS Megrine,,1
Palayesh Naft Bandar Abbas FC,1182771,Palayesh Naft Bandar Abbas FC,,1
Hapoel Beit Shean Mesilot,186000,Hapoel Beit Shean Mesilot,,1
Cittadella Vis Modena,1115485,Cittadella Vis Modena,,1
ASD Flaminia Civita Castellana,170660,ASD Flaminia Civita Castellana,,1
Atletico Lodigiani,1182769,Atletico Lodigiani,,1
Maceratese,117378,Maceratese,,1
FC Mouna,1009627,Mouna FC,,1
Tokushima Vortis,21907,Tokushima Vortis,,1
Hokkaido Consadole Sapporo,3142,Hokkaido Consadole Sapporo,,1
3K FC,1175569,3K FC,,1
Fortune Sacco,554434,Fortune Sacco,,1
KF Drenica Skenderaj,277833,KF Drenica Skenderaj,,1
FK Panevezys,197434,FK Panevezys,,1
US Mondorf-Les-Bains,38997,US Mondorf-Les-Bains,,1
US Feulen,82803,US Feulen,,1
FC Schifflange 95,40591,FC Schifflange 95,,1
Melaka FC,991029,Melaka FC,,1
Kedah FA,1273670,Kedah FA,,1
US Bougouni,265431,US Bougouni,,1
Marsaxlokk FC,7704,Marsaxlokk FC,,1
Club Calor,421573,Club Calor,,1
Atletico Hidalgo,1278165,Atletico Hidalgo,,1
FK Lovcen,7727,FK Lovcen,,1
FK Kom Podgorica,6220,FK Kom Podgorica,,1
Chabab Ben Guerir,463647,Chabab Ben Guerir,,1
Rakhine United,397428,Rakhine United,,1
Thitsar Arman FC,1119833,Thitsar Arman FC,,1
Warri Wolves FC,157206,Warri Wolves FC,,1
Newington FC,46523,Newington FC,,1
Sur SC,57439,Sur SC,,1
La Familia FC,1222727,La Familia FC,,1
Sport Huancayo,33895,Sport Huancayo,,1
Comerciantes Unidos,241860,Comerciantes Unidos,,1
Alianza Atletico,2307,Alianza Atletico,,1
Deportivo Garcilaso,655773,Deportivo Garcilaso,,1
Podhale Nowy Targ,350248,Podhale Nowy Targ,,1
Cartusia Kartuzy,397010,Cartusia Kartuzy,,1
Pogon Szczecin II,466305,Pogon Szczecin II,,1
Gedania Gdansk,525765,Gedania Gdansk,,1
Jagiellonia Bialystok II,734689,Jagiellonia II Bialystok,,1
Vineta Wolin,719579,Vineta Wolin,,1
KS Wasilkow,609932,KS Wasilkow,,1
Al-Khor SC,44438,Al-Khor SC,,1
CSC Dumbravita,344214,CSC Dumbravita,,1
FC U Craiova 1948,515142,FC U Craiova 1948,,1
CSM Ceahlaul Piatra Neamt,3303,CSM Ceahlaul Piatra Neamt,,1
ACS Kids Tampa Brasov,742997,ACS Kids Tampa Brasov,,1
CS Timisul Sag,274041,CS Timisul Sag,,1
CSC 1599 Selimbar,594700,CSC 1599 Selimbar,,1
CS Afumati,79091,CS Afumati,,1
ACS Viitorul Arad,1031165,ACS Viitorul Arad,,1
CS Metalurgistul Cugir,258467,CS Metalurgistul Cugir,,1
CS Vulturii Farcasesti,1031169,CS Vulturii Farcasesti,,1
SC Popesti Leordeni,220910,SC Popesti Leordeni,,1
ACS LPS HD Clinceni,1023811,ACS LPS HD Clinceni,,1
CS Tricolorul Breaza,25858,CS Tricolorul Breaza,,1
ACS Progresul Pecica,344224,ACS Progresul Pecica,,1
Amagaju,380062,Amagaju,,1
SC Kiyovu,380066,SC Kiyovu,,1
Rutsiro FC,667213,Rutsiro FC,,1
Rwanda Police FC,210420,Police FC Rwanda,,1
Gorilla FC,667125,Gorilla FC,,1
SS San Giovanni,37861,SS San Giovanni,,1
Oslo FA,572455,Oslo FA,,1
Ajel de Rufisque,802326,Ajel de Rufisque,,1
Jamono Fatick,315589,Jamono Fatick,,1
FK Fap,544925,FK Fap,,1
Slovan Bratislava B,35209,Slovan Bratislava B,,1
MSK Spisske Podhradie,270931,MSK Spisske Podhradie,,1
FK Poprad,44591,FK Poprad,,1
FTC Filakovo,276291,FTC Filakovo,,1
FC Petrzalka B,1269946,FC Petrzalka B,,1
KFC Komarno B,1269952,KFC Komarno B,,1
FC Nitra,5052,FC Nitra,,1
Ofk-Sim Raslavice,276295,Ofk-Sim Raslavice,,1
NK Tolmin,2436,NK Tolmin,,1
NK Rudar Velenje,2412,NK Rudar Velenje,,1
NK Sobec Lesce,198240,NK Sobec Lesce,,1
NK Dob,43228,NK Dob,,1
NK Race,614044,NK Race,,1
The Bees FC,1223767,The Bees FC,,1
Pocheon Citizen FC,50935,Pocheon Citizen FC,,1
Suwon FC,41261,Suwon FC,,1
Suwon Bluewings,7652,Suwon Bluewings,,1
Gyeongnam FC,22020,Gyeongnam FC,,1
Gimcheon Sangmu FC,7647,Gimcheon Sangmu FC,,1
CD Atletico Mansilles,1180029,CD Atletico Mansilles,,1
SD Gama,244837,SD Gama,,1
Atletico Porcuna CF,612802,Atletico Porcuna CF,,1
AD Llerenense,461193,AD Llerenense,,1
Estrella CF,369328,Estrella CF,,1
Bollullos CF,474734,Bollullos CF,,1
CD Gares,366898,CD Gares,,1
CD Padura,933887,CD Padura,,1
UD Barbadas,368954,UD Barbadas,,1
CD Azuaga,336789,CD Azuaga,,1
CD Boiro,273933,CD Boiro,,1
Unionistas de Salamanca CF B,1281723,Unionistas de Salamanca CF B,,1
AD Ceuta FC B,828282,AD Ceuta FC B,,1
CD Naval,244683,CD Naval,,1
Pasaia KE,493170,Pasaia KE,,1
CF Can Vidalet,745199,CF Can Vidalet,,1
FC Paradiso,273553,FC Paradiso,,1
FC Widnau,25214,FC Widnau,,1
Taichung Rock FC,1190797,Taichung Rock FC,,1
Tanzania Prisons,238674,Tanzania Prisons,,1
San Juan Jabloteh,36403,San Juan Jabloteh,,1
La Horquetta Rangers FC,315139,La Horquetta Rangers FC,,1
AS Ariana,296026,AS Ariana,,1
ES Jerba Midoun,505006,ES Jerba Midoun,,1
Sfax Railways,148862,Sfax Railways,,1
EGS Gafsa,59622,EGS Gafsa,,1
ES Hammam Sousse,59626,ES Hammam Sousse,,1
AS Oued Ellil,191834,AS Oued Ellil,,1
AS Djelma,302312,AS Djelma,,1
Fethiyespor,7041,Fethiyespor,,1
Kirikkale FK,223430,Kirikkale FK,,1
Guzide Gebzespor,77623,Guzide Gebzespor,,1
Uganda Police FC,375398,Uganda Police FC,,1
Baglan Dragons,934375,Baglan Dragons,,1
Penrhyncoch,26189,Penrhyncoch,,1
New England Revolution,2511,New England Revolution,,1
North Carolina FC,22003,North Carolina FC,,1
FC Naples,1218557,FC Naples,,1
Charleston Battery,22004,Charleston Battery,,1
FC Dallas,2512,FC Dallas,,1
New England Revolution II,668763,New England Revolution II,,1
North Texas SC,538323,North Texas SC,,1
Charlotte Independence,206009,Charlotte Independence,,1
Portland Timbers II,206007,Portland Timbers II,,1
Spokane Velocity FC,1092287,Spokane Velocity FC,,1
Richmond Kickers,23841,Richmond Kickers,,1
Loudoun United FC,538329,Loudoun United FC,,1
Quang Ninh FC,1245358,Quang Ninh FC,,1
Cambrian United,37097,Cambrian United,,1
Brickfield Rangers,81167,Brickfield Rangers,,1
Treowen Stars,57235,Treowen Stars,,1
Green Eagles,195264,Green Eagles,,1
Atletico Lusaka,1118887,Atletico Lusaka,,1
Konkola Blades,195278,Konkola Blades,,1
Chicken Inn FC,421531,Chicken Inn FC,,1
Ensenada FC,1277906,Ensenada FC,,1
JS Massira,55029,JS Massira,,1
Black Leopards,7658,Black Leopards,,1
FC Kreuzlingen,25201,FC Kreuzlingen,,1
EO Sidi Bouzid,223600,EO Sidi Bouzid,,1
Lumwana Radiants,247351,Lumwana Radiants,,1
Tianjin Jinmen Tigers,3367,Tianjin Jinmen Tiger,,1
FC Progresul 1944 Spartac,370066,AFC Progresul 1944 Spartac,,1
FC Flora Tallinn,3346,Tallinna FC Flora,,1
FC Luxembourg City,36200,FC Luxemburg City,,1
Fuzesabonyi SC,1158975,Fuzesabony SC,,1
E.F. Puebla de la Calzada,626998,EF Puebla de la Calzada,,1
Swit Nowy Dwór Mazowiecki,3124,Swit Nowy Dwor Mazowiecki,,1
HNK Segesta,6671,NK Segesta,,1
Kentavros Vrilission,473271,Kentavros Vrillision,,1
Gorilas de Juanacatlán,863915,Gorilas de Juanacatlan,,1
CSM Resita,55371,ACSM Resita,,1
Adelaide Croatia Raiders,90888,Adelaide Croatia Raiders SC,,1
Pitbulls Santa Barbara,1279983,Pitbulls Santa Barbara FC,,1
Hapoel Nir Ramat Hasharon,36274,Hapoel Nir Ramat Hasharon FC,,1
Viransehir Belediyespor,1170663,Viransehir Belediye Spor,,1
North Sunshine Eagles,364602,North Sunshine Eagles FC,,1
Charlestown Azzurri,136220,Charlestown Azzurri FC,,1
SV Kapfenberg,2067,Kapfenberger SV,,1
Rahmatgonj MFS,280243,Rahmatganj MFS,,1
Lokomotiv 1929 Sofia,3277,FC Lokomotiv 1929 Sofia,,1
Benatky Nad Jizerou,274753,SK Benatky Nad Jizerou,,1
Paide Linnameeskond II,384648,Paide Linnameeskond,,1
Arzignano Valchiampo,170634,FC Arzignano Valchiampo,,1
Mineros de Zacatecas,159946,CD Mineros de Zacatecas,,1
Follonica Gavorrano,599932,US Follonica Gavorrano,,1
Deportivo Binacional,407335,Deportivo Binacional FC,,1
Soimii Gura Humorului,1177419,FC Soimii Gura Humorului,,1
Sacramento Republic,153498,Sacramento Republic FC,,1
Victoriano Arenas,377564,CA Victoriano Arenas,,1
Broadmeadow Magic,136218,Broadmeadow Magic FC,,1
Para Hills Knights,90886,Para Hills Knights SC,,1
Buducnost Banovici,5236,FK Buducnost Banovici,,1
Arsenal Ceska Lipa,37113,FK Arsenal Ceska Lipa,,1
Vinotinto Ecuador,889265,Vinotinto FC Ecuador,,1
Basake Holy Stars FC,949957,Basake Holy Stars,,1
Bibiani Gold Stars,443824,Bibiani Gold Stars FC,,1
Honduras Progreso,166204,CD Honduras Progreso,,1
Kaposvari Rakoczi,5123,Kaposvari Rakoczi FC,,1
Belasica Strumica,23566,FK Belasica Strumica,,1
Suduva Marijampole,5343,FK Suduva Marijampole,,1
Progres Niederkorn,36201,FC Progres Niederkorn,,1
KF Prishtina,277829,FC Prishtina,,1
Atletico Baleares,24325,CD Atletico Baleares,,1
Arenas Club de Getxo,216196,Arenas Club Getxo,,1
Briobecca Urayasu SC,163210,Briobecca Urayasu,,1
FC Alisontia Steinsel,180408,Alisontia Steinsel,,1
Cetatea Turnu Magurele,55373,CSM Cetatea Turnu Magurele,,1
FC Agricola Borcea,370072,AS FC Agricola Borcea,,1
Dukla Banska Bystrica B,25491,MFK Dukla Banska Bystrica B,,1
ND Ilirija Ljubljana,211584,Ilirija Ljubljana,,1
Aurrera de Vitoria,277853,CD Aurrera de Vitoria,,1
Morupule Wanderers FC,626370,Morupule Wanderers,,1
Patronato Parana,43741,CA Patronato Parana,,1
Gandzasar Kapan,36059,Gandzasar Kapan FC,,1
Western Knights,355220,Western Knights SC,,1
Adelaide Olympic,222968,Adelaide Olympic FC,,1
South Melbourne,2944,South Melbourne FC,,1
Peninsula Power,91144,Peninsula Power FC,,1
Qaradag Lokbatan,37754,FK Qaradag Lokbatan,,1
Campo Grande AC,474794,Campo Grande AC RJ,,1
Phnom Penh Crown,35605,Phnom Penh Crown FC,,1
ISI Dangkor Senchey FC,914071,Isi Dangkor Senchey FC,,1
Shanghai Shenhua,3373,Shanghai Shenhua FC,,1
Shandong Taishan,3371,Shandong Taishan FC,,1
Mladost Zdralovi,35238,NK Mladost Zdralovi,,1
Viktoria Zizkov,2211,FK Viktoria Zizkov,,1
Banik Ostrava B,610536,FC Banik Ostrava B,,1
Jiskra Domazlice,24775,Tj Jiskra Domazlice,,1
Hradec Kralove B,607060,FC Hradec Kralove B,,1
Vysocina Jihlava,4863,FC Vysocina Jihlava,,1
Banik Most-Sous,53089,FK Banik Most-Sous,,1
CD Municipal Limeno,275241,Municipal Limeno,,1
Ebbsfleet United,114,Ebbsfleet United FC,,1
Potters Bar Town,38239,Potters Bar Town FC,,1
Torpedo Kutaisi,5419,FC Torpedo Kutaisi,,1
Lincoln Red Imps FC,126304,Lincoln Red Imps,,1
Mezokovesd Zsory,25608,Mezokovesd Zsory SE,,1
Farul Constanta,3294,FC Farul Constanta,,1
Korona Kielce II,36885,Korona II Kielce SA,,1
Deportivo Fabril,24342,RC Deportivo Fabril,,1
Bohemians Dublin,3173,Bohemians Dublin FC,,1
ASDC Gozzano,117272,AC Gozzano,,1
Niger Tornadoes,242060,Niger Tornadoes FC,,1
ND Dravinja,36787,Nd Dravinja,,1
Burgos Promesas,369260,Burgos CF Promesas,,1
Panaderia Pulido,369324,CF Panaderia Pulido,,1
Vorskla Poltava,3309,FC Vorskla Poltava,,1
Las Vegas Lights FC,412157,Las Vegas Lights,,1
Prison Leopards FC,536685,Prison Leopards,,1
Excursionistas,65672,CA Excursionistas,,1
Pyunik Yerevan,5214,FC Pyunik Yerevan,,1
Eastern Lions,424763,Eastern Lions SC,,1
Lambton Jaffas,136228,Lambton Jaffas FC,,1
Brisbane City,91920,Brisbane City FC,,1
SC Bad Sauerbrunn,351774,Bad Sauerbrunn,,1
Oberpullendorf,47334,SC Oberpullendorf,,1
Sloboda Tuzla,6247,FK Sloboda Tuzla,,1
Sutjeska Foca,25835,FK Sutjeska Foca,,1
Real Noroeste,65494,Real Noroeste ES,,1
Tiradentes CE,47498,AE Tiradentes CE,,1
Bonsucesso FC,61722,Bonsucesso FC RJ,,1
Chernomorets Burgas,3283,PFC Chernomorets Burgas,,1
Qingdao Hainiu,34695,Qingdao Hainiu FC,,1
Real Cartagena,6119,Real Cartagena FC,,1
Sokol Zivanice,37115,Tj Sokol Zivanice,,1
Slovan Rosice,43655,FC Slovan Rosice,,1
Dinamo Batumi,37297,FC Dinamo Batumi,,1
Abia Warriors,193312,Abia Warriors FC,,1
Treaty United FC,779084,Treaty United,,1
Sleza Wroclaw,36036,KS Sleza Wroclaw,,1
Banik Kalinovo,79035,TJ Banik Kalinovo,,1
Javor Ivanjica,5144,FK Javor Ivanjica,,1
The New Saints,4921,The New Saints FC,,1
Vardar Skopje,5403,FK Vardar Skopje,,1
Maccabi Haifa,5197,Maccabi Haifa FC,,1
CA Independiente de la Chorrera,168802,CA Independiente de La Chorrera,,1
Hapoel Petach Tikva,5199,Hapoel Petah Tikva FC,,1
Mombasa United,857347,Mombasa United FC,,1
Annagh United,39224,Annagh United FC,,1
CD Los Chankas,330537,Los Chankas CYC,,1
Wisloka Debica,38737,KS Wisloka Debica,,1
Gloria Lunca Teuz Cermei,371190,CS Gloria Lunca-Teuz Cermei,,1
Chippa United,70946,Chippa United FC,,1
Orbit College,407263,Orbit College FC,,1
Atletic Lleida,1174847,Atletic Lleida CE,,1
Winterthur II,211838,FC Winterthur II,,1
Bukovyna Chernivtsi,43336,FSC Bukovyna Chernivtsi,,1
Ahrobiznes Volochysk,273665,Agrobiznes Volochisk,,1
Oakland Roots,598758,Oakland Roots SC,,1
Puerto Nuevo,377562,CA Puerto Nuevo,,1
Modbury Jets,188103,Modbury Jets SC,,1
St. Anna am Aigen,364778,USV St. Anna am Aigen,,1
FK Qabala,36952,Gabala FK,,1
Horizonte FC,21968,Horizonte FC CE,,1
Vila Real FC,1253523,Vila Real FC CE,,1
Lokomotiv Plovdiv,3272,PFC Lokomotiv Plovdiv,,1
Vihren Sandanski,6245,PFC Vihren Sandanski,,1
FC Tempo Prague,106305,Tempo Prague,,1
Hanwell Town,47031,Hanwell Town FC,,1
FC Flora Tallinn II,36074,Tallinna FC Flora,,1
Goppinger SV,276255,1. Goppinger SV,,1
Sham Shui Po,56049,Sham Shui Po SA,,1
Papai Perutz,501806,Papai Perutz FC,,1
Persipa Pati,624570,Persipa Pati FC,,1
FC Kosice,168476,FK Kosice,,1
Anzio Calcio 1924,117404,ASD Anzio Calcio 1924,,1
Al Sareeh,78459,AL Sareeh,,1
Dollingstown,169724,Dollingstown FC,,1
Al Mesaimeer SC,222930,Al Mesaimeer,,1
SCM Ramnicu Valcea,1023785,Scm Ramnicu Valcea,,1
Oltul Curtisoara,916491,ACS Oltul Curtisoara,,1
Odorheiu Secuiesc,396500,AFC Odorheiu Secuiesc,,1
Al Kawkab,368680,AL Kawkab,,1
Partizan Bardejov,43073,Partizan Bardejov BSK,,1
MFK Bytca,270877,MFk Bytca,,1
EM Mahdia,516812,Em Mahdia,,1
St. Louis City SC,874725,Saint Louis City SC,,1
Mines United FC,1261903,Mines United,,1
Sao Salvador,1075766,CD Sao Salvador,,1
Bucovina Radauti,388964,Csm Bucovina Radauti,,1
Luanda City,1183715,Luanda City FC,,1
Al-Muharraq,45474,Al-Muharraq SC,,1
Oratorio RC,90266,Oratorio RC AP,,1
Naga World FC,153476,Nagaworld FC,,1
Berkhamsted,562448,Berkhamsted FC,,1
Accra Lions FC,844484,Accra Lions,,1
Termalica BB Nieciecza,36851,Bruk-Bet Termalica Nieciecza,,1
FK Csikszereda Miercurea Ciuc,391688,AFK Csikszereda Miercurea Ciuc,,1
Obolon Kyiv,3312,FC Obolon Kyiv,,1
Armagh City,7682,Armagh City FC,,1
Salernitana,2710,US Salernitana,,1
UN Kaerjeng,5384,UN Kaerjeng 97,,1
Moyola Park,39227,Moyola Park FC,,1
Alianza Universidad,524872,CSDC Alianza Universidad,,1
Notec Czarnkow,1031171,MKS Notec Czarnkow,,1
Polonia Slubice,35786,MKS Polonia Slubice,,1
Al-Kharitiyath SC,44442,Al Kharaitiyat SC,,1
CSM Ramnicu Sarat,36957,Csm Ramnicu Sarat,,1
Viitorul Onesti,1168357,AFC Viitorul Onesti,,1
Spartak Medzev,172036,MFK Spartak Medzev,,1
Bergantinos,336781,Bergantinos FC,,1
Union Molinense CF,934343,Union Molinense CF 2020,,1
SD Raiders,316737,SD Raiders FC,,1
Langwarrin,364592,Langwarrin SC,,1
Paduano EC,474806,Paduano EC RJ,,1
Krumovgrad,821232,FC Krumovgrad,,1
Dunav Ruse,3286,FC Dunav Ruse,,1
SK Zdirec Nad Doubravou,34791,SK Tatran Zdirec Nad Doubravou,,1
Persepolis,34314,Persepolis FC,,1
Otelul Galati,3291,ASC Otelul Galati,,1
Livingston,2356,Livingston FC,,1
FC Rodange,59964,FC Rodange 91,,1
Compostela,2856,SD Compostela,,1
Dundee Utd,2349,Dundee United,,1
Pontevedra,4941,Pontevedra CF,,1
Cittadella,2717,AS Cittadella,,1
ASD Seravezza Calcio,357042,ASD Seravezza Pozzi Calcio,,1
Shabab Al Ordon,40646,Shabab AL Ordun,,1
Rijnvogels,282351,FC Rijnvogels,,1
Genemuiden,6479,SC Genemuiden,,1
Numancia B,369268,CD Numancia B,,1
Tenerife C,1068234,CD Tenerife C,,1
Pena Sport,6588,Pena Sport FC,,1
Adelaide United NPL,240776,Adelaide United FC,,1
Rapid Vienna II,2092,Rapid Wien II,,1
Jadran LP,258743,NK Jadran LP,,1
Varnsdorf,34789,FK Varnsdorf,,1
FK Petrvald na Morave,732809,FK Petrvald Na Morave,,1
Blackpool,67,Blackpool FC,,1
JK Nomme Kalju,8091,Nomme Kalju FC,,1
Yuen Long,115161,Yuen Long FC,,1
Aizawl FC XI,238586,Aizawl FC,,1
Police FC TT,255843,Police FC,,1
Rapid Bucuresti,3302,Rapid Bucuresti 1923,,1
Barakaldo,2879,Barakaldo CF,,1
Noordwijk,44346,VV Noordwijk,,1
La Solana,473345,CF La Solana,,1
Naft Mased Soleiman,53719,Naft Masjed Soleyman FC,,1
Al Salt,321509,AL Salt,,1
FK Dainava Alytus,196936,Dfk Dainava Alytus,,1
Club Canoneros Marina,475362,Canoneros Marina,,1
CD Ayense,1038327,CD Ayense AC,,1
Scheveningen,55841,SSV Scheveningen,,1
Portadown,5279,Portadown FC,,1
Coleraine,5270,Coleraine FC,,1
ACS Viitorul Cluj,793870,Acad Viitorul Cluj,,1
Conquense,24366,UB Conquense,,1
Bidezarra,749257,FC Bidezarra,,1
FC Zurich II,2482,FC Zurich,,1
Llandudno,37086,Llandudno FC,,1
Tiszafoldvar,746567,Tiszafoldvar Vse,,1
23 Elazig,275329,23 Elazig FK,,1
Barendrecht,37800,BVV Barendrecht,,1
Haro Deportivo,48223,Club Haro Deportivo,,1
A.C.D. Sant'Angelo,926919,ASD Sant'Angelo,,1
Matsumoto Y FC,26011,Matsumoto Yamaga FC,,1
SC Grobinas,52220,Grobinas SC/LFS,,1
Los Angeles FC II,999243,Los Angeles FC 2,,1
Acassuso,112491,CA Acassuso,,1
Armadale,92036,Armadale SC,,1
Oberwart,2139,SV Oberwart,,1
CA Cambe,1280197,CA Cambe PR,,1
Vejgaard,22173,Vejgaard BK,,1
Universidad Catolica Del Ecuador,21942,CD Universidad Catolica del Ecuador,,1
Dartford,221,Dartford FC,,1
Tamworth,102,Tamworth FC,,1
Cheshunt,46917,Cheshunt FC,,1
Wing Yee,228464,Wing Yee FT,,1
Soroksar,25621,Soroksar SC,,1
Szeged-Csanad Grosics II,1031465,Szeged-Csanad Grosics Akademia II,,1
Keflavik,1900,Keflavik IF,,1
Delemont,2456,SR Delemont,,1
Glenavon,5183,Glenavon FC,,1
Floriana,33584,Floriana FC,,1
Getafe B,43753,Getafe CF B,,1
Monopoli,25137,SS Monopoli,,1
Karbalaa FC,952971,Karbalaa,,1
UM-Damansara United,1273680,Um Damansara United,,1
Union Sportive Boujaad,1256245,Sportive Boujaad,,1
Ghiroda SI Giarmata VII,344212,CSC Ghiroda SI Giarmata Vii,,1
Peralada,76805,CF Peralada,,1
Huesca B,749749,SD Huesca B,,1
Amasyaspor FK,3089,Amasyaspor 1968 FK,,1
FC Cincinnati II,885981,FC Cincinnati 2,,1
Dong Nai,40020,Dong Nai FC,,1
Umm Al Hassam,937189,Um Alhassam,,1
Panthere Sportive Du Nde,62220,Panthere Sportive,,1
Workington,203,Workington AFC,,1
Huddersfield,59,Huddersfield Town,,1
Budafoki MTE,37285,Budafoki Mte,,1
EI San Martin,366810,El San Martin Ra,,1
Al-Arabi Doha,44444,Al Arabi Doha SC,,1
Stal Brzeg,272057,BTP Stal Brzeg,,1
ACS CIL Blaj,1148681,ACS Cil Blaj,,1
Kabuscorp,134310,Kabuscorp SCP,,1
Bohemians 1905 B,607096,Bohemians Prague 1905 B,,1
Leiston,25937,Leiston FC,,1
Reading,28,Reading FC,,1
Sepahan,8018,Sepahan SC,,1
Katwijk,44343,VV Katwijk,,1
Venezia,2688,Venezia FC,,1
Polonia Sroda Wlkp,274911,Polonia Sroda Wielkopolska,,1
Celtiga,368944,Celtiga CF,,1
Pachuca,1936,CF Pachuca,,1
Monagas,6233,Monagas SC,,1
Al Ahed,40657,Al Ahed FC,,1
Enugu Rangers Intl FC,42370,Enugu Rangers International FC,,1
Dundela,39533,Dundela FC,,1
Municipal Brasov,3297,ACS SR Municipal Brasov,,1
Cartaya,359406,AD Cartaya,,1
ASD Sancataldese,281389,ASD Sancataldese Calcio,,1
Independencia,538749,Independencia FC AC,,1
FK Loko Praha,53133,FK Loko Prague,,1
Northampton,57,Northampton Town,,1
Portugalete,25403,Club Portugalete,,1
ASD Imperia,746589,ASD Imperia 1923,,1
FK Kyzylzhar,5367,FC Kyzylzhar SK,,1
RKSV Groene Ster,35051,Groene Ster,,1
Znicz Pruszków,7923,MKS Znicz Pruszkow,,1
CSM Focsani,371172,CSM Focsani 2007,,1
CS Corvinul Hunedoara,35293,FC Corvinul Hunedoara 1921,,1
Dacia Unirea Braila,43880,AFC 1919 Dacia Unirea Braila,,1
Bekescsabai Elore SE II,275275,Bekescsaba 1912 Elore II,,1
KS Besa Kevaje,5216,Besa Kavaje,,1
Hartberg,2075,TSV Hartberg,,1
Wolfsberger AC II,357068,Wolfsberger AC (A),,1
SK Artis Brno B,618700,SK Artis B,,1
Lyngby,1756,Lyngby BK,,1
Viborg,1288,Viborg FF,,1
HB Køge,36095,HB Koege,,1
Nykobing,1323,Nykoebing FC,,1
VSK Aarhus,272767,Vsk Aarhus,,1
Emelec,5255,CS Emelec,,1
Orense,403235,Orense SC,,1
Birmingham,9,Birmingham City,,1
Billericay,146,Billericay Town,,1
Varzim,3005,Varzim SC,,1
Moralo,361472,Moralo CP,,1
Malaga,2830,Malaga CF,,1
Coruxo,43755,Coruxo FC,,1
Lleida,4942,Lleida CF,,1
Valmontone 1921,1278105,Valmontone,,1
CSM Sacele,1183231,Csm Sacele,,1
SD Hajdina,1037705,NK Hajdina,,1
Muleno,359402,Muleno CF,,1
Baath Bouhajla,669745,BS Bouhajla,,1
Carmarthen,4911,Carmarthen Town,,1
Dorchester,193,Dorchester Town,,1
Niteroiense,1125159,Niteroiense FC RJ,,1
Panathinaikos,3248,Panathinaikos Athens,,1
RANS Nusantara,278083,Rans Nusantara,,1
Citta di Fasano,476270,US Citta Di Fasano,,1
Nesebar,32644,OFC Nesebar,,1
Brondby,1281,Broendby IF,,1
Kettering,89,Kettering Town,,1
Dunarea Calarasi,37423,AFC Dunarea 2005 Calarasi,,1
FC Kosice B,7928,FC Kosice II,,1
Dodoma Jiji FC,689393,Dodoma FC,,1
Da Nang,33121,SHB Da Nang,,1
University NSW,319451,University of Nsw,,1
Luverdense,40161,Luverdense EC MT,,1
Slovacko B,276211,1. FC Slovacko B,,1
TJ Hluboka nad Vltavou,548031,TJ Hluboka Nad Vlatvou,,1
Skive,1304,Skive IK,,1
Peterborough,54,Peterborough United,,1
Lewes,116,Lewes FC,,1
Aarau,2447,FC Aarau,,1
Lecce,2689,US Lecce,,1
Utebo,48224,Utebo FC,,1
Zakho,189818,Zakho FC,,1
US Adriese,281285,USD Adriese 1906,,1
Sokol Aleksandrow,37206,TS Sokol Aleksandrow Lodzki,,1
SU Dinamo Jug,1182955,FK Dinamo Jug,,1
At. Artajones,1180043,Atletico Artajones,,1
Autol,493706,CD Autol,,1
Tulsa,206015,FC Tulsa,,1
Bijelo Brdo,44476,NK BSK Bijelo Brdo,,1
SK Batov,388618,SK Batov 1930,,1
Kolkheti Poti,37302,FC Kolkheti-1913 Poti,,1
Stade Marocain Du Rabat,220520,Stade Marocain,,1
Chadormalu SC,932055,Chadormalu Ardakan SC,,1
NovaRomentino,823400,SSD Novaromentin,,1
FK Internacional,1027153,FK Internacional Podgorica,,1
Pontypridd Utd,37937,Pontypridd Town,,1
Macara,6001,CSD Macara,,1
Puchov,2401,MSK Puchov,,1
AC Reggiana,24516,Reggiana 1919,,1
Imigresen FC II,1273668,Immigration FC II,,1
CD Barco,273933,CD Boiro,,1
Newcastle Jets NPL,136234,Newcastle Jets Youth,,1
Malkiya,45477,Malkiya Club,,1
AS Montlouis,621940,FC De Montlouis,,1
Young Boys II,437422,BSC Young Boys,,1
FK Auda,5346,FK Auda Riga,,1
SSU Politehnica Timisoara,276395,Stinta Poli Timisoara,,1
Muscelul Campulung,936539,AFC Campulung Muscel 2022,,1
Dunajska Streda B,23834,FK Dac 1904 Dunajska Streda B,,1
Basingstoke,183,Basingstoke Town FC,,1
PAOK Salonika,3251,PAOK Thessaloniki,,1
Pisa,2737,Pisa SC,,1
Lugo,24332,CD Lugo,,1
PDRM,138874,PDRM FA,,1
CS Hammam Lif,59620,Club S Hammam-Lif,,1
SK Roeselare,5021,KSV Roeselare,,1
Thyella Rafinas,120280,A.P.O. Thyella Rafina FC,,1
Hegelmann Litauen,171484,FC Hegelmann Kaunas,,1
Seongnam FC,7651,Seongnam Ilhwa,,1
Terracina,117400,Terracina Calcio,,1
Manama,45478,Manama Club,,1
Qalali,241318,Qalali Club,,1
Opava,2215,SFC Opava,,1
Aritma Praha,165784,SK Aritma Prague,,1
Ishoj,473205,Ishoej IF,,1
Cristo Atletico,336785,CD Palencia Cristo Atletico,,1
Necaxa,1944,Club Necaxa,,1
Amazulu,7655,AmaZulu FC,,1
Ghiviborgo,223506,GSD Ghiviborgo VDS,,1
Al Waab FC,639690,AL Waab,,1
Atletico Espeleno,297240,CA Espeleno,,1
Admira Wacker,2050,FC Admira Wacker Modling,,1
NK Rudes,35226,NK Rudes Zagreb,,1
Slovan Hradek nad Nisou,902417,FK Slovan Hradek Nad Nisou 1910,,1
Redditch,6338,Redditch United,,1
Cagliari,2719,Cagliari Calcio,,1
Perlis GSA,1282285,Perlis Gsa FC,,1
La Virgen del Camino,366876,CD Virgen Del Camino,,1
Ho Chi Minh City,33120,Cong An TP Ho Chi Minh City FC,,1
FC Urartu,5225,FC Urartu Yerevan,,1
FK Fratria,1038851,FC Fratria Varna,,1
SK Prostejov,76775,1.SK Prostejov,,1
Imigresen FC,682715,Immigration FC,,1
Fajr Shahid Sepasi,53717,Fajr Sepasi FC,,1
ATSV Wolfsberg,2081,ASK Voitsberg,,1
Sitra,117220,Sitra Club,,1
Al Khalidiyah,761576,AL-Khaldiya SC,,1
Etehad Al Reef,937185,Etehad Alreef,,1
KAA Gent II,76451,Jeugd KAA Gent B,,1
VTM FC,996459,Vtm FC,,1
Karlovac,25528,NK Karlovac 1919,,1
SFK Holesov,274757,Sfk Elko Holesov,,1
Odense BK,1286,Odense Boldklub,,1
Banbury,189,Banbury United,,1
KMC FC,495508,Kmc FC,,1
Bari,2712,SSC Bari,,1
Potenza,7936,Potenza Calcio,,1
Calvo Sotelo,456607,Calvo Sotelo Puertollano,,1
Jaguares de Chiapas FC,1953,Jaguares FC,,1
Al Salmiyah SC,55161,Al-Salmiya SC,,1
Racing de Casablanca,118824,Racing Athletic Club Casablanca,,1
Bahla,185578,Bahla Club,,1
CSSM Vaslui,610870,Csm FC Vaslui,,1
Al Najoom,220296,AL Nojoom FC,,1
Siheung City AC,418095,Siheung Citizen FC,,1
Umia CF,612216,Comillas CF,,1
BUL FC,375406,Bul FC,,1
URA,366558,URA FC,,1
Bunyodkor Tashkent,23481,FC Bunyodkor,,1
Sanna Khanh Hoa,33126,K. Khanh Hoa,,1
Binh Dinh,40025,Quy Nhon Binh Dinh,,1
Dai Hoc Van Hien,1116389,DH van Hien,,1
Independiente,3209,CA Independiente Avellaneda,,1
White City FK Beograd,90894,FK Beograd,,1
SW Bregenz,7786,Schwarz-Weiss Bregenz,,1
Zeljeznicar,5240,FK Zeljeznicar Sarajevo,,1
America SE,21842,America FC Propria SE,,1
FK Chlumec N.C,591961,FK Chlumec Nad Cidlinou,,1
Barcelona Guayaquil,5250,Barcelona SC,,1
Matagalpa FC,438132,Indigenas de Matagalpa FC,,1
PFF Developmental Club,1185927,Philippine Development Youth Club,,1
FC Lokomotiva Kosice,79029,Lok. Kosice,,1
Ho Chi Minh City II,596842,Cong An Tp Ho Chi Minh City FC,,1
Sydney FC NPL,321633,Sydney FC Youth,,1
ASV Neudorf/Parndorf,1159159,SPG Neudorf / Parndorf Juniors,,1
SFB Oure FA,106275,SfB-Oure FA,,1
Brentwood Town,38005,Stratford Town,,1
Carlton Town,222,Alfreton Town FC,,1
Stockport,10,Stockport County FC,,1
PSPS Pekanbaru,1182931,Psps Pekanbaru,,1
CS Petrocub,167232,Petrocub Hincesti,,1
Pescara,2728,Delfino Pescara,,1
Ravenna,5318,Ravenna FC 1913,,1
Jadran Dekani,309102,NK Dekani,,1
Askoe Oedt,35671,ASKO Oedt,,1
RAEC Mons,2906,R AEC Mons,,1
Verona,2701,Hellas Verona,,1
Spezia,2735,Spezia Calcio,,1
Mosul FC,1199409,AL Mosul SC,,1
Lucerne II,211836,FC Luzern,,1
St Albans Saints,163430,ST Albans Saints Dinamo SC,,1
Union Saint Gilloise II,1179989,Union Saint-Gilloise B,,1
Affi Academia,1225879,AFFI Academia,,1
Deltras Sidoarjo,854421,Deltras FC,,1
Al Faisaly Amman,47482,AL Faisaly (Jor),,1
Wiltz,5390,FC Wiltz 71,,1
SS Cosmos,37864,Cosmos Serravalle,,1
Yeoncheon FC,7648,Incheon United FC,,1
Ardoi,369346,CD Ardoi FE,,1
SC Bruhl,25220,SC Bruhl St Gallen,,1
CD Vida,42215,CD Vida La Ceiba,,1
Bhayangkara FC,255307,Bhayangkara Presisi Indonesia FC,,1
Treviso,4485,Treviso FBC 1993,,1
Sarnese,76755,ASD Sarnese 1926,,1
KF Bashkimi,5400,KF Bashkimi Kumanovo 1947,,1
Box Hill United,92208,Manly United FC,,1
FK Sveikata,5342,FK Silute,,1
CSKA Sofia II,275865,PFC CSKA SOFIA II,,1
Puskas Academy,25596,Puskas Akademia FC Felcsut,,1
Pontedera,24745,US Citta Di Pontedera,,1
Al Ittifaq Dammam,34318,Al-Ittifaq FC,,1
Diriangen,318725,Diriangen FC Diriamba,,1
FC Flyeralarm Admira,2050,FC Admira Wacker Modling,,1
SK Lisen B,926565,SK Petrin Plzen B,,1
Nantwich Town,70,Mansfield Town,,1
Newcastle Town,47217,St. Ives Town,,1
Littlehampton Town,222,Alfreton Town FC,,1
Carrigaline United,3172,Galway United FC,,1
Taipei City Tatung,435186,Tatung FC,,1
San Juan Huracan,1225871,CD San Juan Quimistan,,1
Parma,2690,Parma Calcio,,1
Mus Spor FC,917495,Mus 1984 Musspor,,1
FC Brno,2210,FC Zbrojovka Brno,,1
Hillerød,1371,Hillerod Fodbold,,1
Wycombe,62,Wycombe Wanderers,,1
Samgurali,44217,FC Samgurali Tskaltubo,,1
Jeonbuk Motors,6908,Jeonbuk FC,,1
Ulsan Hyundai,7653,Ulsan HD FC,,1
Al-Jazeera,54587,AL Jazeera Club Amman,,1
SS Folgore/Falciano,37863,SS Folgore Falciano Calcio,,1
A'ali Club,937191,Aali,,1
NEC FC Bugolobi,799746,NEC FC,,1
Levante B,77407,Atletico Levante UD,,1
Vision Kigali,534119,Vision FC (Rwa),,1
ND Slovan Ljubljana,827066,Nd Slovan,,1
Club 1 de Mayo,1254113,Primero de Mayo FC,,1
Moneyfields,70,Mansfield Town,,1
SC Vasas Budapest,1919,Vasas FC,,1
Turk Metal Kirikkalespor,1170647,Turk Metal 1963,,1
Werribee City,92927,Hume City,,1
Caudal,43749,Caudal Deportivo,,1
FK Jedinstvo Franca,6219,FK Jedinstvo Bijelo Polje,,1
Al-Saqer FC,861213,AL Saqer FC,,1
VPS Vaasa,2246,Vaasan Palloseura,,1
Shabab Al-Aqaba SC,251827,Al Aqaba,,1
NK Bistrica,381656,NK Bistrica Slovenska Bistrica,,1
FC Arges Pitesti,116221,ACS Champions FC Arges,,1
AD Tarma,655781,Asociacion Deportiva Tarma,,1
HUSA Agadir,55039,Hassania Union Sport Agadir,,1
FK Grbalj Radanovici,6218,OFK Grbalj,,1
ACS Sepsi II,733519,ACS Sepsi Osk Sfantu Gheorghe 2,,1
Antelope Valley Alta,1218555,Av Alta FC,,1
Jalapa,266591,Art Municipal Jalapa,,1
Lecco,7933,Calcio Lecco 1912,,1
Malavan,53709,Malavan Bandar Anzali FC,,1
OFK Igalo,53449,FK Igalo 1929,,1
Academie Deira FC,962563,Academie Deira FC,,1
Montreuil FC,1299188,Montreuil FC,,1
Pelopas Kiatou,381432,Pelopas Kiatou,,1
AO Loutraki,370734,AO Loutraki,,1
Sports Academy Tirur,785564,Sports Academy Tirur,,1
Persikabo 1973,255311,Persikabo 1973,,1
FK Borec Veles,110823,FK Borec Veles,,1
FC Ceahlaul Piatra Neamt II,37421,FC Ceahlaul Piatra Neamt II,,1
CS Agigea,1168417,CS Agigea,,1
Venda FC,826604,Venda FC,,1
Urraca CF,610150,Urraca CF,,1
Casetas,493716,Casetas,,1
CD Carinena,369432,CD Carinena,,1
CD Robres,369434,Robres CD,,1
AO Karystou,1248561,AO Karystou,,1
UD Melilla B,1281951,UD Melilla B,,1
Indeni FC,749911,Indeni FC,,1
Anagennisi Schimatariou,326777,AE Anagennisi Schimatariou,,1
Anagennisi FC Deryneia,6972,Anagennisi Deryneia,,1
Apollon Paralimniou,256981,Apollon Paralimniou FC,,1
Otrant-Olympic Ulcinj,37153,FK Otrant-Olympic Ulcinj,,1
AD Frei Paulistano,309542,AD Frei Paulistano SE,,1
Sao Francisco PA,263231,Sao Francisco FC PA,,1
Alexandroupoli,847352,Po Alexandroupolis,,1
Inter Ibiza,828288,Inter Ibiza CD,,1
Peyia 2014,783162,FC Peyia 2014,,1
AEP Polemidion,928849,Aep Polemidion,,1
Aris Pigon,1177705,Ams Aris Pigon,,1
Muhanga,513672,AS Muhanga,,1
Aquidauanense,65490,Aquidauanense FC MS,,1
Aetos Ofryniou,366438,Aetos Orfanou,,1
Gurupi,49194,Gurupi TO,,1
Nevsehir Belediyespor,498436,Nevsehir Belediye Spor,,1
CSL Nanov,1051295,Csl Nanov,,1
Rodos,7009,AS Rodos,,1
Aqaba,251827,Al Aqaba,,1
Fraga,369442,UD Fraga,,1
Olympiacos Volou,6989,AS Olympiakos Volou 1937,,1
Afyonspor,275327,Afjet Afyonspor,,1
PT Athletic FC,1148217,Putrajaya Athletic FC,,1
Ariesul Turda,24791,ACS Sticla Ariesul Turda,,1
APDC Chions,499902,Chions 1972,,1
Chapecoense B,1288087,Chapecoense SC Reserve,,1
Olimpico EC Itabaianinha,529813,Olimpico EC SE,,1
Hvidovre IF 2,24944,Hvidovre IF 2,,1
Fredensborg BI,1338,Fredensborg BI,,1
FC Marisca Mersch,38994,FC Marisca Mersch,,1
Cambodia,7929,Cambodia,,1
Gela,2800,Gela,,1
ACS Targu Mures 1898,494258,ACS Targu Mures 1898,,1
CD Hondupino,1225885,CD Hondupino,,1
ACS Unirea Sintana,344226,ACS Unirea Santana,,1
Ozd Sajovolgye,1143417,Ozd-Sajovolgye,,1
ES D'Agboville,1214735,ES Agboville,,1
FC Berdenia Berbourg,125980,Berdenia Berbourg,,1
FC Avenir Beggen,5380,Avenir Beggen,,1
FK Golemo Konjari,276311,Golemo Konjari,,1
Cetate Suceava,24788,FC Cetate Suceava,,1
Caruaru City FC,813966,Caruaru City PE,,1
CSC Peciu Nou,1019617,Csc Peciu Nou,,1
Nacional Uberaba,1048739,Nacional FC Uberaba MG,,1
Forte FC,1278052,Forte FC ES,,1
Mineiros EC,21981,Mineiros GO,,1
Al-Tadhamon,55155,AL Tadhamon,,1
Tedeon,369398,CD Tedeon,,1
Kayanza Utd,523598,Kayanza United FC,,1
EC Viana,839534,Viana MA,,1
Ji-Parana,2006,Ji-Parana FC RO,,1
Itumbiara,21974,Itumbiara EC GO,,1
Noja,44228,SD Noja,,1
Brea,369440,CD Brea,,1
FK Pencin Turnov,24785,FK Turnov,,1
VCD Athletic,47,Charlton Athletic,,1
Sport Clube Gaucho,434102,Sport Club Gaucho Passo Fundo RS,,1
Vitória das Tabocas,32673,AAD Vitoria Tabocas PE,,1
Eastbourne Town,47044,Hebburn Town,,1
Gremio Maringa,998331,GE Maringa PR,,1
CD Cuenca Jrs,1251013,Club Deportivo Cuenca Juniors,,1
CF Atletic America,230990,CF Atletic America,,1
HNK Krusevo,982881,HNK Krusevo,,1
Progresso RR,426355,Progresso RR,,1
Ypiranga PE,22431,Ypiranga PE,,1
Nsoatreman FC,779822,Nsoatreman FC,,1
CA Boca Juniors Tocoa,792268,CA Boca Juniors Tocoa,,1
Sporting Club Delhi,643680,Sporting Club Delhi,,1
Al Tora,225460,Al Tora,,1
Silves FC,500368,Silves FC,,1
Guayama FC,1290277,Guayama FC,,1
Forest Rangers,195276,Forest Rangers,,1
KF Valbona,1016929,KF Valbona,,1
Sua Flamingoes,851259,Sua Flamingoes,,1
Santa Rosa PA,655657,Santa Rosa PA,,1
Omonia Psevda,617258,Omonia Psevda,,1
Anorthosis Mouttagiakas,1168491,Anorthosis Mouttagiakas,,1
AE Alexandrias,274047,AE Alexandrias,,1
Gombak FC,1148215,Gombak FC,,1
Derby Academie,1307902,Derby Academie,,1
Desportivo de Nacala,463211,Desportivo de Nacala,,1
FK Sloga 1934 Vinica,619394,FK Sloga Vinica 1934,,1
CD Migjorn,1180033,CD Migjorn,,1
Yeni Malatyaspor,24759,Yeni Malatyaspor,,1
Atromitos Palamas,636828,Atromitos Palama,,1
SA Merignac,957017,Sa Merignac,,1
CA Serranense,547601,CA Serranense MG,,1
Barra Mansa FC,188779,Barra Mansa FC RJ,,1
Panthouriakos FC,895565,Panthouriakos,,1
Lerumo Lions,1223765,Lerumo Lions FC,,1
Santa Green,1110563,Santa Green FC,,1
Naviraiense,40168,Naviraiense MS,,1
Cruzeiro DF,838014,Cruzeiro FC DF,,1
Thoi Lakatamias,5289,EN Thoi Lakatamia,,1
CS Sporting Rosiori,391686,CS Sporting Rosiori 2008,,1
Vera Cruz,22429,Vera Cruz PE,,1
Tocantins,34001,Tocantins TO,,1
Ermis Exochis,1278175,Gams Ermis Exochis,,1
Bare EC,35281,Bare EC RR,,1
Alecrim,191174,Alecrim RN,,1
Hapoel Azur,61700,Hapoel Azor FC,,1
Fortaleza B,2020,Fortaleza EC CE,,1
Pas Amvrakikos,1121603,Pas Amvrakikos Vonitsas,,1
Al Qala'a,1282195,AL Qala,,1
Garelli United,1026985,Don Bosco Garelli United,,1
Club Atlético San Juan de Aragón,863905,CA San Juan de Aragon,,1
Jubbah,1282193,Jubbah Club,,1
Inter De Minas,835500,Inter de Minais MG,,1
AD Brasilia Suchitoto,1179389,AD Brasilia,,1
Novo Esporte Itabirinha,1277738,Novo Esporte MG,,1
Veria,326735,Veroia NPS,,1
Malatya Yesilyurtspor,616704,Malatya Yesilyurt Belediyespor,,1
Adiyamanspor,223406,Adiyaman 1954,,1
Paterna CF,369298,CD Utrera,,1
CSA Axiopolis,371178,CSA Axiopolis Sport Cernavoda,,1
FK Sasa,43874,FK Kamenica Sasa,,1
AS FC Pausesti-Otasau,1069854,Asfc Pausesti Otasau,,1
Boa,21854,Boa EC MG,,1
Boa Esporte,21854,Boa EC MG,,1
Avance,493696,CD Avance Ezcabarte,,1
1. FC Bocholt,6156,1. FC Bocholt,Women,2
68 Aksaray Belediyespor,117186,68 Aksaray Belediyespor,Professional,2
AC Boise,1312978,AC Boise,Professional,2
AC Carina,313123,AC Carina,Professional,2
AC Marinhense,369660,AC Marinhense,Professional,2
AD Camacha,35180,AD Camacha,Professional,2
AD Izalco,1326948,AD Izalco,Professional,2
AD Machico,500292,AD Machico,Professional,2
AD Marco 09,496128,AD Marco 09,Professional,2
ADO '20,35047,ADO 20 Heemskerk,Professional,2
ADO Den Haag,2966,ADO Den Haag,Professional,2
AFC Eskilstuna,5954,AFC Eskilstuna,Professional,2
AGMK,40268,AGMK FC,Professional,2
AIK,1764,AIK,Professional,2
AS Armee,669247,AS Armee,Professional,2
AS Douanes Ouagadougou,756315,AS Douanes Ouagadougou,Professional,2
AS Vallee,1317056,AS Vallee,Professional,2
ASAC Concorde,412655,ASAC Concorde,Professional,2
ASD Pineto Calcio,275501,ASD Pineto Calcio,Professional,2
ASPTT Dijon,495612,Dijon ASPTT,Youth,2
ASWH,6368,ltijd Sterker Worden Hendrik-Ido-Ambacht,Professional,2
Academia Costa Del Este,1109271,Academia Costa Del Este,Professional,2
Acireale,2809,ASD Citta di Acireale 1946,Professional,2
Adelaide Atletico,424625,Adelaide Atletico VSC,Professional,2
Adelaide Blue Eagles Reserves,550713,Adelaide Blue Eagles Reserves,Youth,2
Adelaide Cobras Reserves,678883,Adelaide Cobras Reserves,Youth,2
Adelaide Comets Reserves,613488,Adelaide Comets Reserves,Youth,2
Afghanistan,4689,Afghanistan,Professional,2
Agama FC,1316450,Agama FC,Professional,2
Ahlafors IF,7066,Ahlafors IF,Professional,2
Ajax,2953,Ajax Amsterdam,Professional,2
Al Kharaitiyat SC,44442,Al Kharaitiyat SC,Professional,2
Al Sahel,55167,Al Sahel,Professional,2
Al Urooba,290574,Al Urooba UAE,Professional,2
Al Wehda U21,296954,Al Wehda U21,Youth,2
Albion,417775,Albion FC,Professional,2
Alcione Milano,834514,Alcione Milano,Professional,2
Alcochetense,57853,Alcochetense,Professional,2
Alcorcon,24322,AD Alcorcon,Professional,2
Algeria,4691,Algeria,Professional,2
Alianza Lima,2311,Alianza Lima,Professional,2
Altona City,308086,Altona City SC,Professional,2
Amitie FC,892775,FC Amitie,Professional,2
Anaconda FC,518868,Anaconda FC,Professional,2
Anadia,21828,Anadia FC,Professional,2
Andorra,4818,Andorra,Professional,2
Anstey Nomads,58027,Anstey Nomads,Professional,2
Araucaria,1244687,Araucaria ECR PR,Youth,2
Argentina,4819,Argentina,Professional,2
Armenia,4740,Armenia,Professional,2
Asane,682,Aasane Fotball,Professional,2
Ascoli,2707,Ascoli Calcio 1898,Professional,2
Astorps FF,22367,Astorps FF,Professional,2
Atalanta,2686,Atalanta BC,Professional,2
Athletic Bilbao,2825,Athletic Bilbao,Professional,2
Atlantis FC/Akatemia,548633,Atlantis FC/Akatemia,Professional,2
Atletico Madrid,2836,Atletico Madrid,Professional,2
Atletico Pantoja,276345,Club Atletico Pantoja,Professional,2
Auckland FC Reserves,1236583,Auckland FC Reserves,Youth,2
Australia,4741,Australia,Professional,2
Austria,4718,Austria,Professional,2
Avance Ezcabarte,493696,CD Avance Ezcabarte,Professional,2
Ayacucho,33894,Ayacucho FC,Professional,2
Ayvalikgucu Belediyespor,117196,Ayvalikgucu Belediyespor,Professional,2
Azteca FC,334167,Azteca FC,Professional,2
B36 Torshavn,5185,B36 Torshavn,Professional,2
B68 Toftir,5186,Tofta Itrottarfelag B68,Professional,2
BG Pathum United,35607,BG Pathum United,Professional,2
BK Astrio,210372,BK Astrio,Professional,2
BK Forward,1809,BK Forward,Professional,2
BK Frem,1300,BK Frem,Professional,2
BK Hacken,1760,BK Hacken,Professional,2
BK Olympic,47812,BK Olympic,Professional,2
BOHFS St. Louis,1328474,BOHFS St. Louis,Professional,2
BSG Chemie Leipzig,270785,BSG Chemie Leipzig,Professional,2
Bahamas,21807,Bahamas,Professional,2
Ballarat City FC,1320594,Ballarat City FC,Women,2
Ballymacash Rangers,662951,Ballymacash Rangers,Professional,2
Bangor 1876 FC,934387,Bangor 1876 FC,Women,2
Bankstown United FC,429677,Bankstown United FC,Professional,2
Barcelona,2817,FC Barcelona,Professional,2
Bare,35281,Bare EC RR,Professional,2
Barnsley,23,Barnsley FC,Professional,2
Basel,2487,FC Basel,Professional,2
Bassano,5295,FC Bassano 1903 ASD,Professional,2
Bayern Munich II,2568,Bayern Munich II,Youth,2
Bayside Argonauts FC,415431,Bayside Argonauts FC,Professional,2
Beauvais,1669,AS Beauvais Oise,Professional,2
Beijing Pengrui,1334260,Beijing Pengrui,Professional,2
Beira Mar,2996,SC Beira Mar,Professional,2
Belarus,4743,Belarus,Professional,2
Belgium,4717,Belgium,Professional,2
Benfica,78135,SL Benfica,Youth,2
Benin,4744,Benin,Professional,2
Besiktas,340488,Besiktas,Women,2
Betim,673709,Betim Futebol MG,Professional,2
Bhutan,23490,Bhutan,Professional,2
Blaublitz Akita,44523,Blaublitz Akita,Professional,2
Blooming,6968,Blooming Santa Cruz,Professional,2
Blue Eagles,90872,Adelaide Blue Eagles,Professional,2
Blumenau,434706,Blumenau EC SC,Professional,2
Bocas,1035239,CD Bocas FC,Professional,2
Boditi Ketema,1114753,Boditi Ketema,Professional,2
Bolivar,241250,Bolivar,Youth,2
Bolivia,4746,Bolivia,Professional,2
Bologna,2685,Bologna FC,Professional,2
Bolton,5,Bolton Wanderers,Professional,2
Bordeaux,1645,Girondins Bordeaux,Professional,2
Bossekop,1000,Bossekop UL,Professional,2
Boston River,295152,Boston River,Youth,2
Botswana,4747,Botswana,Professional,2
Braga,2999,SC Braga,Professional,2
Braganca,7085,GD Braganca,Professional,2
Brikama United,507266,Brikama United,Professional,2
Brisbane Strikers,781750,Brisbane Strikers,Youth,2
Bristol Rovers,76,Bristol Rovers,Professional,2
Brito SC,461203,Brito SC,Professional,2
Brittons Hill,311996,Brittons Hill United,Professional,2
Bronshoj BK,1299,Bronshoj BK,Professional,2
Brooklyn FC,1166959,Brooklyn FC,Women,2
Brumunddal,894,Brumunddal Fotball,Professional,2
Brunei,23491,Brunei Darussalam,Professional,2
Brunswick Juventus,388184,Brunswick Juventus FC,Professional,2
Bulawayo Chiefs FC,421527,Bulawayo Chiefs FC,Professional,2
Bunyaruguru United FC,998373,Bunyaruguru United FC,Professional,2
Burgess Hill Town,26001,Burgess Hill Town,Professional,2
Buriram United,34218,Buriram United,Professional,2
Burton Albion,134,Burton Albion,Professional,2
CD Celoricense,496130,CD Celoricense,Professional,2
CD Faialense,1229175,CD Faialense,Professional,2
CD Gouveia,285829,CD Gouveia,Professional,2
CD Junior de Managua,680301,CD Junior de Managua,Professional,2
CD Platense,822802,CD Platense,Youth,2
CD Ribeira Brava,57857,CD Ribeira Brava,Professional,2
CF Talavera,762556,CF Talavera,Youth,2
CFR Cluj,5287,FC CFR 1907 Cluj,Professional,2
CS Dock Sud,388100,CS Dock Sud,Professional,2
Caboolture FC,313153,Caboolture FC,Professional,2
Cacerense,21843,Cacerense EC MT,Professional,2
Cadiz,4488,Cadiz CF,Professional,2
Caloundra,313135,Caloundra FC,Professional,2
Cameroon,4751,Cameroon,Professional,2
Canada,4752,Canada,Professional,2
Canberra Juventus,1244768,Canberra Juventus FC,Youth,2
Cape Verde,4753,Cape Verde,Professional,2
Caroline Springs George Cross,1097041,Caroline Springs George Cross FC,Youth,2
Cashmere Technical,687381,Cashmere Technical,Professional,2
Cassino,25144,ASD Cassino Calcio 1924,Professional,2
Castilleja CF,369224,Castilleja CF,Professional,2
Casuarina FC,427281,Casuarina FC,Professional,2
Catarina FC,1278379,Catarina FC,Professional,2
Cavalier,173720,Cavalier FC,Professional,2
Cayelispor,1170639,Cayelispor,Professional,2
Cayman Islands,21811,Cayman Islands,Professional,2
Cayon,219174,CD Cayon,Professional,2
Celta Vigo,2821,RC Celta de Vigo,Professional,2
Celtic,2352,Celtic Glasgow,Professional,2
Central Coast United FC,429673,Central Coast United FC,Professional,2
Cerro Largo,25009,Cerro Largo FC,Professional,2
Cerro Porteno,5991,Cerro Porteno,Professional,2
Champions FC Academy,629420,Champions FC Academy,Professional,2
Chapelton Maroons FC,957655,Chapelton Maroons FC,Professional,2
Charlton,47,Charlton Athletic,Professional,2
Chateaubriant,6929,Voltigeurs de Chateaubriant,Professional,2
Chaves,3025,GD Chaves,Professional,2
Chemal FC,954579,Chemal FC,Professional,2
Chicago Fire,2505,Chicago Fire,Professional,2
China,22677,China,Youth,2
Churriana de la Vega CF,1281949,Churriana de la Vega CF,Professional,2
City Club,1089731,City Club,Professional,2
Clitheroe,46925,Clitheroe FC,Professional,2
Club America,340986,Club America,Women,2
Club Esportiu Principat,37944,Club Esportiu Principat,Professional,2
Club Oriental,227294,Club Oriental de Football,Professional,2
Colchagua CD,308858,Colchagua CD,Professional,2
Colomiers,399451,US Colomiers,Youth,2
Como,2704,Como 1907,Professional,2
Comoros,23494,Comoros,Professional,2
Connah's Quay,4912,Connah's Quay Nomads FC,Professional,2
Cordoba,2850,Cordoba CF,Professional,2
Cork City,40896,Cork City FC,Professional,2
Costa Rica,4756,Costa Rica,Professional,2
Cove,8062,Cove Rangers FC,Professional,2
Cracovia Krakow,4901,MKS Cracovia Krakow,Professional,2
Crateus,61726,Crateus EC CE,Professional,2
Crawley Town,4875,Crawley Town,Professional,2
Croatia,4715,Croatia,Professional,2
Cruz Azul,334055,Cruz Azul,Women,2
Crvena Zvezda,5149,FK Crvena Zvezda Belgrade,Professional,2
Cuba,4824,Cuba,Professional,2
Curacao,55827,Curacao,Professional,2
Curtin University SC Reserves,1242317,Curtin University SC Reserves,Youth,2
Dalian Kewei,1334266,Dalian Kewei,Professional,2
Dalstorps IF,68856,Dalstorps IF,Professional,2
Debre Birhan Ketema,1114755,Debre Birhan Ketema,Professional,2
Defence Force FC,315145,Defence Force FC,Professional,2
Degerfors,1807,Degerfors IF,Professional,2
Deportivo Lara,7746,Deportivo Lara,Professional,2
Desportivo Moncao,751723,Desportivo Moncao,Professional,2
Dessie Ketema,1114757,Dessie Ketema,Professional,2
Deutschlandsberger SC,73883,Deutschlandsberger SC,Professional,2
Dhaka Rangers FC,1236641,Dhaka Rangers FC,Professional,2
Dhofar,57455,Dhofar SCSC,Professional,2
Dibba Al Fujairah,81309,Dibba Al Fujairah,Professional,2
Djibouti,8042,Djibouti,Professional,2
Djurgarden,1759,Djurgardens IF,Professional,2
Dominica,21812,Dominica,Professional,2
Dover,129,Dover Athletic FC,Professional,2
Drumaness Mills,85355,Drumaness Mills,Professional,2
Dubai United,779068,Dubai United FC,Professional,2
Dulwich Hill,317289,Dulwich Hill,Youth,2
Dunajska Streda,23833,DAC 1904 Dunajska Streda,Professional,2
Dunbar Rovers FC,314905,Dunbar Rovers FC,Professional,2
Dunbeholden FC,502940,Dunbeholden FC,Professional,2
Dynamo Kyiv,3305,FC Dynamo Kyiv,Professional,2
EC Juventude,265479,EC Juventude RS,Youth,2
EC Lemense,189836,EC Lemense SP,Professional,2
Eastern Suburbs,781746,Eastern Suburbs,Youth,2
Eastern United,424585,Eastern United,Professional,2
Ecuador,4757,Ecuador,Professional,2
Egypt,4758,Egypt,Professional,2
Eldense,47321,Club Deportivo Eldense,Professional,2
Electrico,81829,Electrico FC,Professional,2
Elfsborg,1762,IF Elfsborg,Professional,2
Ellerton FC,311992,Ellerton FC,Professional,2
Eltham Redbacks,349644,Eltham Redbacks,Women,2
Engers,5827,FV Engers 07,Professional,2
Enskede IK,5290,Enskede IK,Professional,2
Erdi VSE,37269,Erdi VSE,Professional,2
Eritrea,8041,Eritrea,Professional,2
Escobar FC,1298359,Escobar FC,Professional,2
Eskilsminne IF,62558,Eskilsminne IF,Professional,2
Esmtk,25595,Esmtk Budapest,Professional,2
Essendon Royals,364596,Essendon Royals SC,Professional,2
Estrella FC Santos Guardiola,1275780,Estrella FC Santos Guardiola,Professional,2
Eswatini,4733,Eswatini,Professional,2
Ethiopia,8036,Ethiopia,Professional,2
Ethnikos Keramidiou,431243,Ethnikos Keramidiou,Professional,2
FBC Melgar,2308,FBC Melgar,Professional,2
FBK Karlstad,22236,FBK Karlstad,Professional,2
FC 03 Differdange,7605,FC Differdange 03,Professional,2
FC 1980 Wien,166546,FC 1980 Wien,Women,2
FC Alpendorada,830734,FC Alpendorada,Professional,2
FC Arlanda,342150,FC Arlanda,Professional,2
FC Bars Issyk-Kul,1235887,FC Bars Issyk-Kul,Professional,2
FC Brakna,669099,FC Brakna,Professional,2
FC Bulle,4497,FC Bulle,Professional,2
FC Dabas,25390,Dabas FC,Professional,2
FC Dar El Barka,669111,FC Dar El Barka,Professional,2
FC Dietikon,35111,FC Dietikon,Professional,2
FC Dordrecht,2973,FC Dordrecht,Professional,2
FC Gladsaxe,167142,FC Gladsaxe,Professional,2
FC Gute,1795,FC Gute,Professional,2
FC Hunters,755093,Hunters FC,Professional,2
FC Kitzbuhel,53058,FC Kitzbuhel,Women,2
FC Koper,2417,FC Koper,Professional,2
FC Kufstein,2107,FC Kufstein,Women,2
FC Lasten,1007067,FC Lasten,Professional,2
FC LeKi,1333676,FC LeKi,Professional,2
FC Leivadia 2022,1168489,FC Leivadia 2022,Professional,2
FC Lustenau,2063,FC Lustenau,Women,2
FC Marchfeld Donauauen,459943,FC Marchfeld Donauauen,Professional,2
FC Mendrisio,35116,FC Mendrisio,Professional,2
FC Oasis,669097,FC Oasis,Professional,2
FC Petrzalka,2400,FC Petrzalka,Professional,2
FC Porto,3002,FC Porto,Professional,2
FC Predni Kopanina,43837,FC Predni Kopanina,Professional,2
FC San Nicolas,765078,FC San Nicolas,Professional,2
FC Santa Claus,35396,FC Santa Claus,Professional,2
FC Solothurn,2480,FC Solothurn,Professional,2
FC Stadlau,2094,FC Stadlau,Women,2
FC Stockholm Internazionale,258613,FC Stockholm Internazionale,Professional,2
FC Tirsense,38665,FC Tirsense,Professional,2
FC Utrecht,2948,FC Utrecht,Professional,2
FC Ways,885815,FC Ways,Professional,2
FC Western,792196,FC Western,Professional,2
FC Yaypan Fergana,1340360,FC Yaypan Fergana,Professional,2
FCSB,3301,Fotbal Club FCSB,Professional,2
FK Drina Zvornik,25834,FK Drina Zvornik,Professional,2
FK Ekranas,5338,FK Ekranas,Professional,2
FK Famos Hrasnica,877873,FK Famos Hrasnica,Professional,2
FK Karlskrona,87692,FK Karlskrona,Professional,2
FK Kauno Zalgiris,80741,FK Kauno Zalgiris,Professional,2
FK Metta,576161,FK Metta,Women,2
FK Radnik Hadzici,37696,FK Radnik Hadzici,Professional,2
FK Vardar Negotino,155650,FK Vardar Negotino,Professional,2
FK Zalgiris Vilnius,5345,Vilnius FK Zalgiris,Professional,2
FK Zvijezda 09,216180,FK Zvijezda 09,Professional,2
FOC Farsta,22263,FOC Farsta,Professional,2
FS Sahline,1331846,FS Sahline,Professional,2
FV Illertissen,24267,FV Illertissen,Professional,2
Falcons FC,664813,Falcons FC,Professional,2
Falkenbergs FF,1812,Falkenbergs FF,Professional,2
Falu BS FK,5948,Falu BS FK,Professional,2
Fana,721,Fana IL,Professional,2
Fatima,7760,CD Fatima,Professional,2
Fauske/Sprint,723,Fauske/Sprint,Professional,2
Favoritner AC,43848,Favoritner AC,Professional,2
Fenerbahce,305336,Fenerbahce,Youth,2
Feyenoord,2959,Feyenoord Rotterdam,Professional,2
Fiorentina,2693,ACF Fiorentina,Professional,2
Fish United,1007069,Fish United,Professional,2
Fittja IF,693257,Fittja IF,Professional,2
Florgrade FC,628684,Florgrade FC,Professional,2
Foligno,5304,ASD Citta di Foligno 1928,Professional,2
Fortaleza,2020,Fortaleza EC CE,Professional,2
Fortaleza,2020,Fortaleza EC CE,Professional,2
Fortuna Dusseldorf II,7931,Fortuna Dusseldorf II,Youth-Women,2
Fram,208129,Fram,Women,2
France,4481,France,Professional,2
Fraser Park,242396,Fraser Park FC,Professional,2
Fredrikstad,687,Fredrikstad FK,Professional,2
Frem,1300,BK Frem,Professional,2
Frigg,856,Frigg Oslo FK,Professional,2
Fu Moon,518708,Fu Moon,Professional,2
GAIS,1786,GAIS,Professional,2
GBK,2295,GBK Kokkola,Professional,2
GIF Sundsvall,1763,GIF Sundsvall,Professional,2
GVVV,25383,GVVV Veenendaal,Professional,2
Gabon,4761,Gabon,Professional,2
Gainare Tottori,38141,Gainare Tottori,Professional,2
Galatasaray,3061,Galatasaray Istanbul,Professional,2
Gambia,4762,Gambia,Professional,2
Gambia Ports Authority,317567,Gambia Ports Authority,Professional,2
Gambian Dutch Lions,1080946,Gambian Dutch Lions,Professional,2
Gamo Chencha,1114759,Gamo Chencha,Professional,2
Garuda FC,1260267,Garuda FC,Professional,2
Gefle IF,1778,Gefle IF,Professional,2
Gelbison,117412,ASD Gelbison,Professional,2
Germany,4711,Germany,Professional,2
Ghana,4764,Ghana,Professional,2
Giana Erminio,117232,AS Giana Erminio,Professional,2
Gladesville Ryde Magic,312454,Gladesville Ryde Magic,Professional,2
Glostrup FK,1311,Glostrup FK,Professional,2
Gnistan/Ogeli,144986,IF Gnistan/Ogeli,Professional,2
Go Ahead Eagles,2979,Go Ahead Eagles,Professional,2
Gokulam Kerala FC,393250,Gokulam Kerala FC,Professional,2
Grange Thistle,309548,Grange Thistle,Professional,2
Granville Rage,336057,Granville Rage,Professional,2
Greater Tomorrow FC,858007,Greater Tomorrow FC,Professional,2
Grebbestads IF,135668,Grebbestads IF,Professional,2
Grei,766,SF Grei,Professional,2
Gremio Novorizontino,135514,Gremio Novorizontino SP,Professional,2
Grenada,21814,Grenada,Professional,2
Guabira,47701,Guabira Montero,Professional,2
Guaranda FC,1338926,Guaranda FC,Professional,2
Guarani,1972,Guarani FC SP,Professional,2
Guarani Asuncion,274669,Guarani Asuncion,Youth,2
Guatemala,5163,Guatemala,Professional,2
Guimaraes,3009,Vitoria SC Guimaraes,Professional,2
Guimaraes B,74475,Vitoria Guimaraes B,Youth,2
Guinea,4826,Guinea,Professional,2
Guinea-Bissau,23478,Guinea-Bissau,Professional,2
Guiseley,223,Guiseley FC,Professional,2
Guizhou Xufengtang,1110211,Guizhou Xufengtang,Professional,2
Gwelup Croatia SC Reserves,371260,Gwelup Croatia SC Reserves,Youth,2
HB Torshavn II,36137,HB Torshavn II,Youth,2
HNK Dakovo Croatia,35242,HNK Croatia Dakovo,Professional,2
HSK Posusje,6147,HSK Posusje,Professional,2
Haiti,7229,Haiti,Professional,2
Halmstad,1767,Halmstads BK,Professional,2
Hammarby,1758,Hammarby IF,Professional,2
Hapoel Hod Hasharon,290228,Hapoel Hod Hasharon,Professional,2
Harbour View FC,22050,Harbour View FC,Professional,2
Hardrock FC,1316452,Hardrock FC,Professional,2
Harkemase Boys,37797,Harkemase Boys,Professional,2
Hashtag United,746251,Hashtag United,Professional,2
Haukar,1909,Haukar Hafnarfjordur,Professional,2
Haukar,1909,Haukar Hafnarfjordur,Professional,2
Haverfordwest,4915,Haverfordwest County AFC,Professional,2
Havlickuv Brod,338869,FC Slovan Havlickuv Brod,Professional,2
Hawkesbury City SC,317839,Hawkesbury City SC,Professional,2
Hawks FC,290832,Hawks FC,Professional,2
Hellas Kagran,53743,Hellas Kagran,Women,2
Heming,7365,Heming,Professional,2
Hercules,200267,JS Hercules,Professional,2
Herd,7397,SK Herd,Professional,2
Herlev IF,1369,Herlev IF,Professional,2
Herrestads AIF,210386,Herrestads AIF,Professional,2
Hestrafors IF,475738,Hestrafors IF,Professional,2
Hibernian,2354,Hibernian FC,Professional,2
Hinna,35613,Hinna,Professional,2
Hobart City FC,336313,Hobart City FC,Professional,2
Hobart United,424555,Hobart United FC,Professional,2
Honduras,4827,Honduras,Professional,2
Hunters FC,755093,Hunters FC,Professional,2
Huracan Las Heras,206435,CA Huracan Las Heras,Professional,2
Hurstville FC,429647,Hurstville FC,Professional,2
Husqvarna FF,1820,Husqvarna FF,Professional,2
IF Lyseng,22185,IF Lyseng,Professional,2
IFK Berga,34708,IFK Berga,Professional,2
IFK Goteborg,1761,IFK Goteborg,Professional,2
IFK Haninge,82443,IFK Haninge,Professional,2
IFK Karlshamn,342164,IFK Karlshamn,Professional,2
IFK Kumla,22287,IFK Kumla,Professional,2
IFK Stocksund,327273,IFK Stocksund,Professional,2
IFK Trelleborg,22289,IFK Trelleborg,Professional,2
IFK Varnamo,1842,IFK Varnamo,Professional,2
IK Brage,1777,IK Brage,Professional,2
IK Franke,230570,IK Franke,Professional,2
IK Oddevold,1860,IK Oddevold,Professional,2
IK Sleipner,1800,IK Sleipner,Professional,2
IK Start,667,IK Start,Professional,2
IK Tord,1828,IK Tord,Professional,2
Iceland,4708,Iceland,Professional,2
Independiente Rivadavia,36842,Independiente Rivadavia,Professional,2
Independiente Yumbo,1320598,Independiente Yumbo,Professional,2
Inglewood United Reserves,789002,Inglewood United Reserves,Youth,2
Inter Bratislava,2399,FK Inter Bratislava,Professional,2
Inter Lions,1223349,Inter Lions FC,Professional,2
Inter Toronto,543891,Inter Toronto FC,Professional,2
Internacional de Bogota,1326234,Internacional de Bogota,Professional,2
Ipswich Knights,91138,Ipswich Knights,Professional,2
Iran,49051,Iran,Youth,2
Iraq,4767,Iraq,Professional,2
Ischia,113763,SSD Ischia Calcio,Professional,2
Italy,4707,Italy,Professional,2
Itapipoca,32671,Itapipoca EC CE,Professional,2
Ivory Coast,4768,Ivory Coast,Professional,2
Iwaki FC,345090,Iwaki FC,Professional,2
JPS,41812,JPS,Professional,2
Jacksa Spears,90834,Jacksa Spears,Professional,2
Jagiellonia Bialystok,7691,Jagiellonia Bialystok,Professional,2
Jaguar PE,925351,Jaguar PE,Professional,2
Jakobstads BK,22387,Jakobstads Bollklubb,Professional,2
Jamaica,4769,Jamaica,Professional,2
Japan,4770,Japan,Professional,2
Johor Darul Ta'zim,3327,Johor Darul Ta'zim,Professional,2
Jonkopings Sodra,1841,Jonkopings Sodra IF,Professional,2
Jonsereds IF,7089,Jonsereds IF,Professional,2
Joondalup City,544767,Joondalup City,Professional,2
Jordan,4771,Jordan,Professional,2
Juventude Desportiva Lajense,632212,Juventude Desportiva Lajense,Professional,2
Juventus,2687,Juventus Turin,Professional,2
KF 2 Korriku,279985,KF 2 Korriku,Professional,2
KF Aegir,70092,KF Aegir,Professional,2
KF Liria Prizren,277843,KF Liria Prizren,Professional,2
Kalmar FF,1891,Kalmar FF,Professional,2
Karbi Anglong Morning Star FC,1181083,Karbi Anglong Morning Star FC,Professional,2
Karlbergs BK,22238,Karlbergs BK,Professional,2
Kawkab Marrakech,47696,Kawkab Athletic Club of Marrakech,Professional,2
Kazakhstan,4772,Kazakhstan,Professional,2
Keilor Park,364600,Keilor Park SC,Professional,2
Kenya,4773,Kenya,Professional,2
Khanh Hoa,33126,K. Khanh Hoa,Professional,2
Khelaghar Samaj Kalyan Samiti,1319188,Khelaghar Samaj Kalyan Samiti,Professional,2
Khor Fakkan,290572,Khor Fakkan Club,Professional,2
Kibera Black Stars,407337,Kibera Black Stars,Professional,2
Kickstart Rush,1240281,Kickstart Rush,Professional,2
Knockbreda,39228,Knockbreda FC,Professional,2
Kongsvinger,672,Kongsvinger IL Toppfotball,Professional,2
Kongsvinger 2,7542,Kongsvinger IL Toppfotball 2,Professional,2
Konnerud,7431,Konnerud,Professional,2
Kozakken Boys,6487,Kozakken Boys Werkendam,Professional,2
Kraluv Dvur,25418,FK Kraluv Dvur,Professional,2
Kristianstad FC,1830,Kristianstad FC,Professional,2
LA Galaxy,2513,Los Angeles Galaxy,Professional,2
LAC Inter,47340,LAC Inter,Women,2
LPS,2281,LPS Laajasalon,Professional,2
Lagoa,21830,GD Lagoa,Professional,2
Laholms FK,1816,Laholms FK,Professional,2
Lancaster City,111,Lancaster City,Professional,2
Landskrona,1772,Landskrona BoIS,Professional,2
Landvetter IS,342144,Landvetter IS,Professional,2
Langenthal,35153,FC Langenthal,Professional,2
Laos,23486,Laos,Professional,2
Launceston City,431543,Launceston City,Women,2
Lausanne Sports,1079758,FC Lausanne Sports,Professional,2
Lazio,2699,Lazio Rome,Professional,2
Le Puy,181754,Le Puy Foot 43 Auvergne,Professional,2
Leatherhead,232,Leatherhead FC,Professional,2
Lech Poznan,114709,Lech Poznan,Professional,2
Leoben DSV,2060,DSV Leoben,Professional,2
Leones FC,1275786,Leones FC,Professional,2
Lesotho,8033,Lesotho,Professional,2
Liberia,8034,Liberia,Professional,2
Libya,4775,Libya,Professional,2
Lilla Torg FF,22309,Lilla Torg FF,Professional,2
Lillehammer,685,Lillehammer FK,Professional,2
Limonest,85311,FC Limonest Dardilly Saint-Didier,Professional,2
Lindo FF,21874,Lindo FF,Professional,2
Lindome GIF,5949,Lindome GIF,Professional,2
Linero IF,688525,Linero IF,Professional,2
Lion City Sailors FC,3041,Lion City Sailors FC,Professional,2
Lisburn Rangers,131588,Lisburn Rangers,Professional,2
Little Friends Club,962207,Little Friends Club,Professional,2
Little Rock Rangers,559162,Little Rock Rangers,Professional,2
Livorno,2726,US Livorno 1915,Professional,2
Ljungskile SK,1824,Ljungskile SK,Professional,2
Locmine Saint-Colomban,35059,Saint-Colomban Locmine,Professional,2
Logan Roos FC,408617,Logan Roos FC,Professional,2
Lota Schwager,7028,Lota Schwager,Professional,2
Louletano DC,35175,Louletano DC,Professional,2
Lugano,2443,FC Lugano,Professional,2
Lujan,306574,Club Lujan,Professional,2
Lunds BK,1829,Lunds BK,Professional,2
Lusitania,307208,SC Lusitania Angra,Professional,2
Luthuli Brigades,1322134,Luthuli Brigades,Professional,2
MFK Ruzomberok,2397,MFK Ruzomberok,Professional,2
MFK Skalica,111061,MFK Skalica,Professional,2
MK United,1114065,MK United,Professional,2
MKS Kluczbork,36768,MKS Kluczbork,Professional,2
MSK Zilina,2402,MSK Zilina,Professional,2
Macau,23492,Macau,Professional,2
Maccabi Tel Aviv,222408,Maccabi Tel Aviv,Youth,2
Majd FC,1169057,Majd FC,Professional,2
Majestic FC,651848,Majestic FC,Professional,2
Malawi,8043,Malawi,Professional,2
Mali,4831,Mali,Professional,2
Malmo FF,1892,Malmo FF,Professional,2
Malveira,45155,AC Malveira,Professional,2
Malvern City,364590,Malvern City FC,Professional,2
Mamelodi Sundowns,7665,Mamelodi Sundowns,Professional,2
Mandalskameratene,671,FK Mandalskameratene,Professional,2
Mandurah City,194376,Mandurah City,Professional,2
Mandurah City FC Reserves,431597,Mandurah City FC Reserves,Youth,2
Manfredonia,5325,SS Manfredonia Calcio,Professional,2
Marchamalo,250225,CD Marchamalo,Professional,2
Marienlyst,1350,BK Marienlyst,Professional,2
Mauritania,4779,Mauritania,Professional,2
Mauritius,4780,Mauritius,Professional,2
Medina United FC,1081698,Medina United FC,Professional,2
Melhus,796,Melhus,Professional,2
Menge Belashangul,1304394,Menge Belashangul,Professional,2
Merida,24351,Merida AD,Professional,2
Metrostars,1319578,Metrostars,Women,2
Mexico,4781,Mexico,Professional,2
Middelfart,22163,Middelfart BK,Professional,2
Miguelense,868423,Miguelense FC AL,Youth,2
Milazzo,44071,SS Milazzo,Professional,2
Mindil Aces,427283,Mindil Aces,Professional,2
Mineros de Guayana,6232,Mineros de Guayana,Professional,2
Mjallby AIF,1783,Mjallby AIF,Professional,2
Mkhambathi FC,982905,Mkhambathi FC,Professional,2
Moggill,346774,Moggill FC,Professional,2
Molde,661,Molde FK,Professional,2
Moldova,4782,Moldova,Professional,2
Monterrey,1932,CF Monterrey,Professional,2
Moreton City Excelsior U23,1098167,Moreton City Excelsior U23,Youth,2
Morocco,4778,Morocco,Professional,2
Mortagua FC,178306,Mortagua FC,Professional,2
Moss,746893,Moss FK,Youth,2
Moss FK,662,Moss FK,Professional,2
Motala AIF FK,1784,Motala AIF FK,Professional,2
Motril,2872,CF Motril,Professional,2
Mounties Wanderers,245675,Mounties Wanderers FC,Professional,2
Mozambique,4783,Mozambique,Professional,2
Mqabba FC,33573,Mqabba FC,Professional,2
Muras United FC,1003565,Muras United FC,Professional,2
Murdoch University Melville FC Reserves,894633,Murdoch University Melville FC Reserves,Youth,2
Myanmar,22632,Myanmar,Youth,2
NK Celje,2413,NK Celje,Professional,2
NK Hajdina,1037705,NK Hajdina,Professional,2
NK Radomlje,37737,NK Radomlje,Professional,2
NK Samobor,1263053,NK Samobor,Youth,2
NK Solin,36282,NK Solin,Professional,2
NK Trnje,35223,NK Trnje,Professional,2
Nacka FC,695025,Nacka FC,Professional,2
Naesby,1319,Naesby BK,Professional,2
Nam Dinh,33127,Nam Dinh FC,Professional,2
Namibia,4832,Namibia,Professional,2
Nankatsu SC,1237461,Nankatsu SC,Women,2
Nautico,2011,Nautico PE,Professional,2
Naval 1893,3027,Naval 1893,Professional,2
Nazareno,1338932,Nazareno SC,Professional,2
Nepal,23489,Nepal,Professional,2
Nepean FC,429651,Nepean FC,Professional,2
Neusiedl,5043,SC Neusiedl am See 1919,Professional,2
Nevezis,36061,Kedainiai Nevezis,Professional,2
New York Cosmos,53903,New York Cosmos,Professional,2
Newmarket,214572,Newmarket SFC,Professional,2
Nigeria,4785,Nigeria,Professional,2
Ningbo Professional FC,252173,Ningbo Professional FC,Professional,2
Ningxia Pingluo Hengli,1110193,Ningxia Pingluo Hengli,Professional,2
Nocerina,2808,ASD Nocerina 1910,Professional,2
Nordic United FC,781030,Nordic United FC,Professional,2
Norrby IF,1849,Norrby IF,Professional,2
North Pine,244574,North Pine,Professional,2
North Star,781802,North Star,Youth,2
Northern AFC,732773,Northern AFC,Professional,2
Nosaby,22316,Nosaby IF,Professional,2
Novo Hamburgo,354010,EC Novo Hamburgo RS,Youth,2
Ntnui,789,Ntnui,Professional,2
Nunawading,310464,Nunawading City,Professional,2
Nykopings BIS,1801,Nykopings BIS,Professional,2
Nzoia Sugar,315365,Nzoia Sugar FC,Professional,2
O'Connor Knights,607414,O'Connor Knights FC,Professional,2
OKS,1408,OKS,Professional,2
Odd 2,6092,Odds BK 2,Professional,2
Odra Opole,7916,Odra Opole,Professional,2
Okzhetpes Kokshetau,584591,Okzhetpes Kokshetau,Women,2
Olimpia Asuncion,265443,Olimpia Asuncion,Youth,2
Olimpija Ljubljana,2416,Olimpija Ljubljana,Professional,2
Olympique de Sebkha,878663,Olympique de Sebkha,Professional,2
Onduparaka FC,354978,Onduparaka FC,Professional,2
Onsala BK,49956,Onsala BK,Professional,2
Operario,317965,Operario FC MS,Professional,2
Orange County SC,235850,Orange County SC,Professional,2
Oratorio,90266,Oratorio RC AP,Professional,2
Orebro SK,1768,Orebro SK,Professional,2
Orgryte IS,1766,Orgryte IS,Professional,2
Orkla,7455,Orkla,Professional,2
Orlando Pirates,509996,Orlando Pirates,Youth,2
Orvietana,933643,Orvietana Calcio,Professional,2
Oskarshamns AIK,22320,Oskarshamns AIK,Professional,2
Osterlen FF,193068,Osterlen FF,Professional,2
Osters IF,1781,Osters IF,Professional,2
Ostersunds FK,1836,Ostersunds FK,Professional,2
PAOK Dytikou,1251373,PAOK Dytikou,Professional,2
PEPO,2275,PEPO Lappeenranta,Professional,2
PFC Terdu,1126619,PFC Terdu,Professional,2
PPJ,193664,PPJ Helsinki,Professional,2
PSG,1644,Paris Saint-Germain,Professional,2
Pakistan,6081,Pakistan,Professional,2
Palmas TO,2013,Palmas TO,Professional,2
Panama,5164,Panama,Professional,2
Panama City FC,786706,Panama City FC,Professional,2
Paraguari AC,1336072,Paraguari AC,Professional,2
Paraguay,4789,Paraguay,Professional,2
Paranavai,21861,Paranavai PR,Professional,2
Parndorf,2090,SC/ESV Parndorf 1919,Professional,2
Parnu JK Vaprus II,367654,Parnu JK Vaprus II,Youth,2
Pars Jonoubi Jam,295810,FC Pars Jonoubi Jam,Professional,2
Patriotas,61504,Boyaca Patriotas,Professional,2
Pembroke Athleta FC,60766,Pembroke Athleta FC,Professional,2
Penzugyor SE,25613,Penzugyor SE,Professional,2
Perth SC,1237367,Perth SC,Youth-Women,2
Peru,4790,Peru,Professional,2
Petone FC,726577,Petone FC,Professional,2
Philippine Army,142200,Philippine Army,Professional,2
Philippines,4791,Philippines,Professional,2
Pirineus United FC,1292775,Pirineus United FC,Professional,2
Pogon Szczecin,3117,Pogon Szczecin,Professional,2
Polissya Zhytomyr,376310,Polissya Zhytomyr,Youth,2
Polonia Bytom,7692,Polonia Bytom,Professional,2
Ponnistus,23551,Helsingin Ponnistus,Professional,2
Port Darwin FC,427291,Port Darwin FC,Professional,2
Portmore United,124528,Portmore United,Professional,2
Portugal,4704,Portugal,Professional,2
Povltavska FA,53101,FA Povltavska,Professional,2
Pro Palazzolo,1055809,Pro Palazzolo,Professional,2
Puch,2114,FC Puch,Professional,2
Puente Genil,366880,Puente Genil FC,Professional,2
Puiu,2283,Puistolan Urheilijat,Professional,2
Qingdao Fuli,1334244,Qingdao Fuli,Professional,2
Quinns FC,424635,Quinns FC,Professional,2
Qviding FIF,1815,Qviding FIF,Professional,2
RFC Meux,44021,RFC Meux,Professional,2
RRC Stockay-Warfusee,626946,RRC Stockay-Warfusee,Women,2
Racing Santander,2835,Racing Santander,Professional,2
Racing United FC,1186067,Racing United FC,Professional,2
Radomiak Radom,7295,RKS Radomiak Radom,Professional,2
Rahimo FC,610664,Rahimo FC,Professional,2
Ramsgate,34727,Ramsgate FC,Professional,2
Rangers,2351,Glasgow Rangers,Professional,2
Ranheim 2,7459,Ranheim 2,Professional,2
Real Bedford,1139719,Real Bedford,Professional,2
Real Betis,2816,Real Betis Seville,Professional,2
Real Koyari,597402,Real Koyari,Professional,2
Real Madrid,2829,Real Madrid,Professional,2
Real Madrid Castilla,5069,Real Madrid Castilla,Professional,2
Real Murcia,396580,Real Murcia,Youth,2
Real Sociedad,120850,Real Sociedad,Youth,2
Real de Banjul,194904,Real de Banjul,Professional,2
Rebordosa,25783,Rebordosa AC,Professional,2
Red Force,437876,Red Force FC,Professional,2
Red Star Penzing,211906,SC Red Star Penzing,Women,2
Reipas,66870,Lahden Reipas,Professional,2
Rekord Bielsko-Biala,370106,Rekord Bielsko-Biala,Women,2
Rekord Bielsko-Biala,370106,Rekord Bielsko-Biala,Women,2
Remo,2012,Clube do Remo PA,Professional,2
Rentistas,35189,Club Atletico Rentistas,Professional,2
Rollon Pojat,621170,Rollon Pojat,Professional,2
Roma,2702,AS Roma,Professional,2
Rosenborg,731,Rosenborg BK Kvinner,Women,2
Rot-Weiss Essen,2562,Rot-Weiss Essen,Women,2
Rubio Nu,36438,Rubio Nu,Professional,2
Rwanda,8037,Rwanda,Professional,2
SC Kalsdorf,2158,SC Kalsdorf,Professional,2
SC Mirandela,45151,SC Mirandela,Professional,2
SC Ortmann,242962,SC Ortmann,Professional,2
SC Vianense,226210,SC Vianense,Professional,2
SC Vila Real,3021,SC Vila Real,Professional,2
SC Vistula Garfield,1328472,SC Vistula Garfield,Professional,2
SC Zulimanit,2285,SC Zulimanit,Professional,2
SC Zwettl,2074,SC Zwettl,Professional,2
SD Quito,5253,SD Quito,Professional,2
SK Brann,743,SK Brann,Women,2
SK Horovice,24777,SK Horovice,Professional,2
SK Kladno,2223,SK Kladno,Professional,2
SK Sokol Brozany,36739,SK Sokol Brozany,Professional,2
SK Sparta Kolin,34794,SK Sparta Kolin,Professional,2
SK Super Nova II,1332276,SK Super Nova II,Youth,2
SK Treibach,2164,SK Treibach,Professional,2
SV Biemenhorst,745535,SV Biemenhorst,Professional,2
SV Britannia,414843,SV Britannia,Professional,2
SV Caiquetio,435886,SV Caiquetio,Professional,2
SV Deportivo Nacional,431807,SV Deportivo Nacional,Professional,2
SV Estrella,416509,SV Estrella,Professional,2
SV Langenrohr,2087,SV Langenrohr,Professional,2
SV Leithaprodersdorf,2200,SV Leithaprodersdorf,Professional,2
SV Schwechat,2099,SV Schwechat,Women,2
Saint Malo,561528,Saint Malo,Women,2
Salgueiros,2997,SC Salgueiros,Professional,2
Salitas FC,522756,Salitas FC,Professional,2
Samger FC,539985,Samger FC,Professional,2
Samsunspor,3053,Samsunspor,Professional,2
San Jose,21825,San Jose Earthquakes,Professional,2
San Marcos FC,438116,San Marcos FC,Professional,2
San Marino,4833,San Marino,Professional,2
San Martin FC,366322,San Martin FC,Professional,2
San Martin Formosa,269301,Sportivo General San Martin Formosa,Professional,2
San Pedro FC,300248,FC San Pedro,Professional,2
San Ramon FC,559222,San Ramon FC,Professional,2
Sandefjord,676,Sandefjord Fotball,Professional,2
Sandnes Ulf,929,Sandnes Ulf,Professional,2
Sandvikens IF,1844,Sandvikens IF,Professional,2
Sanfrecce Hiroshima,3135,Sanfrecce Hiroshima,Professional,2
Santa Cruz,1976,Santa Cruz FC PE,Professional,2
Santiago Wanderers U20,1329116,Santiago Wanderers U20,Youth,2
Santutxu,525319,Santutxu FC,Youth,2
Sao Jose AP,35291,Sao Jose AP,Professional,2
Saudi Arabia,4834,Saudi Arabia,Professional,2
Schalke II,350336,FC Schalke 04 II,Youth-Women,2
Seekirchen,2135,SV Seekirchen,Women,2
Senegal,4739,Senegal,Professional,2
Sensunte Cabanas FC,1274594,Sensunte Cabanas FC,Professional,2
Serbia,6355,Serbia,Professional,2
Serra,34013,Serra FC ES,Professional,2
Servette,224750,Servette FC,Youth,2
Seychelles,8038,Seychelles,Professional,2
Shabab Al Ahli Dubai,370464,Shabab Al Ahli Dubai,Professional,2
Shakhtar Donetsk,107723,FC Shakhtar Donetsk,Youth,2
Shamrock Rovers,3177,Shamrock Rovers,Professional,2
Shanghai Zetian,1235651,Shanghai Zetian,Professional,2
Shanxi Chongde Ronghai,965959,Shanxi Chongde Ronghai,Professional,2
Shelbourne,3174,Shelbourne FC,Professional,2
Shirak,33817,FC Shirak Gyumri,Professional,2
Shkendija Tetovo,5413,Shkendija Tetovo,Professional,2
Sholing,45011,Sholing FC,Professional,2
Shonan Bellmare,21905,Shonan Bellmare,Professional,2
Shuktara Jubo Sangsad,1319190,Shuktara Jubo Sangsad,Professional,2
Sierra Leone,4737,Sierra Leone,Professional,2
Simmeringer SC,2140,Simmeringer SC,Women,2
Singapore,4738,Singapore,Professional,2
Sirius,1793,IK Sirius,Professional,2
Skara,22341,Skara FC,Professional,2
Skeid,679,Skeid Fotball,Professional,2
Skiljebo SK,1856,Skiljebo SK,Professional,2
Slask Wroclaw,114745,Slask Wroclaw,Professional,2
Slovacko,44158,1. FC Slovacko,Youth,2
Slovakia,4697,Slovakia,Professional,2
Slovan Bratislava,43364,Slovan Bratislava,Women,2
Slovan Galanta,219120,FC Slovan Galanta,Professional,2
Slovan HAC,47341,SK Slovan HAC,Women,2
Smari,697625,Smari,Professional,2
Smedby AIS,7096,Smedby AIS,Professional,2
Sogndal,443028,Sogndal,Youth,2
Sol de America,36439,Sol de America Villa Elisa,Professional,2
Sollentuna FK,21882,Sollentuna FK,Professional,2
Soloda Adwa,1201621,Soloda Adwa,Professional,2
Solomon Islands,23471,Solomon Islands,Professional,2
Somalia,23472,Somalia,Professional,2
Sondrio Calcio,175686,Sondrio Calcio,Professional,2
Sora,1053645,ASD Sora Calcio 1907,Professional,2
South Africa,4736,South Africa,Professional,2
South Coast Flame FC,429513,South Coast Flame FC,Professional,2
South East United FC,547123,South East United FC,Professional,2
South Sudan,88508,South Sudan,Professional,2
Souths United,150064,Souths United FC,Professional,2
Soweto Super United FC,1114585,Soweto Super United FC,Professional,2
Spain,4698,Spain,Professional,2
Spartak Subotica,391830,FK Spartak Subotica,Youth,2
Spartak Trnava,76561,Spartak Trnava,Youth,2
Sportfreunde Baumberg,75725,Sportfreunde Baumberg,Professional,2
Sporting,78151,Sporting CP,Youth,2
Sporting Cascades,1052107,Sporting Cascades,Professional,2
Springfield United,408619,Springfield United,Professional,2
Springvale White Eagles,310918,Springvale White Eagles,Professional,2
St Andrew Lions,514618,St Andrew Lions,Professional,2
Staffanstorp United,1300016,Staffanstorp United,Professional,2
Stal Rzeszow,114771,Stal Rzeszow,Professional,2
Stal Stalowa Wola,7920,ZKS Stal Stalowa Wola,Professional,2
Stal Stalowa Wola,7920,ZKS Stal Stalowa Wola,Professional,2
Star Arafat,978925,Star Arafat,Professional,2
Stellenbosch FC,43555,Stellenbosch FC,Professional,2
Stenungsunds IF,22347,Stenungsunds IF,Professional,2
Steve Biko FC,134302,Steve Biko FC,Professional,2
Stirling University,190588,Stirling University,Women,2
Stjarnan,48019,Stjarnan,Women,2
Sturt Lions,222542,Sturt Lions,Professional,2
Subiaco AFC,141536,Subiaco AFC,Professional,2
Sudan,4734,Sudan,Professional,2
Sudeva Delhi FC,307602,Sudeva Delhi FC,Professional,2
Sululta Ketema,1201615,Sululta Ketema,Professional,2
Sundby,1339,Sundby BK,Professional,2
Sunnersta AIF,102061,Sunnersta AIF,Professional,2
Suriname,21822,Suriname,Professional,2
Swidniczanka Swidnik,1031179,Swidniczanka Swidnik,Professional,2
Switzerland,4699,Switzerland,Professional,2
Sydney University,321519,Sydney University SFC,Professional,2
Syrianska FC,5951,Syrianska FC,Professional,2
TJ Start Brno,475010,TJ Start Brno,Professional,2
TPS,143854,TPS,Women,2
TSV St. Johann,23831,TSV St. Johann,Women,2
TWL Elektra,810954,TWL Elektra,Professional,2
Tabor Sezana,162238,Tabor Sezana,Professional,2
Tacuary,5999,Tacuary Asuncion,Professional,2
Tanabi,682005,Tanabi EC SP,Professional,2
Tanzania,4835,Tanzania,Professional,2
Tauranga City AFC,792168,Tauranga City AFC,Professional,2
Temperley,112499,CA Temperley,Professional,2
Tennessee Tempo FC,988005,Tennessee Tempo FC,Professional,2
Teruel,43751,CD Teruel,Professional,2
The Cove FC Reserves,1233319,The Cove FC Reserves,Youth,2
TiPS,49366,TiPS Vantaa,Professional,2
Tigers FC,91572,Tigers FC,Professional,2
Tigres UANL,1940,Tigres UANL,Professional,2
Tigres de Chinandega,1278377,Tigres de Chinandega,Professional,2
Tijuana,334053,Club Tijuana de Caliente,Women,2
Tivoli Gardens,173734,Tivoli Gardens,Professional,2
Tocantinopolis,245545,Tocantinopolis EC TO,Professional,2
Toledo PR,22427,Toledo EC PR,Professional,2
Toluca,1931,Deportivo Toluca FC,Professional,2
Toolon Taisto,194966,Toolon Taisto,Professional,2
Torns IF,62560,Torns IF,Professional,2
Torrejon,369058,AD Torrejon CF,Professional,2
Torslanda IK,1790,Torslanda IK,Professional,2
Township Rollers,400491,Township Rollers,Professional,2
Treasure Beach FC,1072968,Treasure Beach FC,Professional,2
Trelleborgs FF,1771,Trelleborgs FF,Professional,2
Trinec,6068,FK Fotbal Trinec,Professional,2
Tubarao,1988,CA Tubarao SC,Professional,2
Tukums 2000,36080,FK Tukums 2000/TSS,Professional,2
Tunisia,4729,Tunisia,Professional,2
Turkmenistan,4728,Turkmenistan,Professional,2
US Forces Armees,640922,US Forces Armees,Professional,2
USA,4724,USA,Professional,2
USC Eugendorf,111053,USC Eugendorf,Professional,2
USV Gnas,2153,USV Gnas,Professional,2
Udelas FC,780124,Udelas FC,Professional,2
Udinese,2695,Udinese Calcio,Professional,2
Ukraine,4701,Ukraine,Professional,2
Ulverstone,369284,Ulverstone SC,Professional,2
Umea FC,1774,Umea FC,Professional,2
Umm Salal,1280763,Umm Salal,Youth,2
Unam Pumas,334073,Pumas Unam,Women,2
Uniao Lamas,3034,CF Uniao de Lamas,Professional,2
Union Brescia U19,395598,Union Brescia U19,Youth,2
Union Minas,2309,Union Minas,Professional,2
Urena SC,209846,Urena SC,Professional,2
Uruguay,4725,Uruguay,Professional,2
Ussa Vertou,532511,Vertou Ussa,Youth,2
Utsiktens BK,7536,Utsiktens BK,Professional,2
VV Eemdijk,500918,VV Eemdijk,Professional,2
Valerenga,1165,Vaalerenga IF,Professional,2
Valerenga 2,6095,Valerenga IF 2,Professional,2
Valley 559 FC,1134171,Valley 559 FC,Professional,2
Valtti,548657,Valtti,Professional,2
Vanersborgs FK,157254,Vanersborgs FK,Professional,2
Varea,167564,CD Varea,Professional,2
Varegg,847,Varegg,Professional,2
Vasalunds IF,5950,Vasalunds IF,Professional,2
Venezuela,4722,Venezuela,Professional,2
Viby,1361,Viby IF,Professional,2
Vietnam,7050,Vietnam,Professional,2
Viking FK,1164,Viking FK,Professional,2
Vilaverdense,81835,Lank FC Vilaverdense,Professional,2
Villanovense,37051,CF Villanovense,Professional,2
Vilnius Football Academy,1243827,Vilnius Football Academy,Professional,2
Vindbjart,803,Vindbjart FK,Professional,2
Virginia United,344390,Virginia United,Women,2
Vissel Kobe,3146,Vissel Kobe,Professional,2
Vitesse,802534,Vitesse,Youth,2
Vitesse FC,746739,Vitesse FC,Professional,2
Volda,7311,Volda TI Football,Professional,2
Vonds Ichihara,1254683,Vonds Ichihara FC,Women,2
Wari Club,520800,Wari Club,Professional,2
Warrenpoint Town,43204,Warrenpoint Town FC,Professional,2
Wasquehal,1668,Wasquehal Football,Professional,2
Ways FC,885815,FC Ways,Professional,2
Wellington Olympic,329249,Wellington Olympic,Professional,2
West Torrens Birkalla Reserves,872857,West Torrens Birkalla Reserves,Youth-Women,2
Whitby,120,Whitby Town,Professional,2
Whitehawk,45377,Whitehawk FC,Professional,2
Widad Arafat,978751,Widad Arafat,Professional,2
Widzew Lodz,3115,Widzew Lodz,Professional,2
Wigan,49,Wigan Athletic,Professional,2
Wisla Krakow,3111,Wisla Krakow,Professional,2
Wotton FC,676877,Wotton FC,Professional,2
Wuxi Wugou,793008,Wuxi Wugou,Professional,2
Xiamen Chengyi,1235663,Xiamen Chengyi,Professional,2
Xiamen Feilu,1334280,Xiamen Feilu,Professional,2
Yate Town,47292,Yate Town,Professional,2
Yeronga Eagles FC,871907,Yeronga Eagles FC,Professional,2
Young Boys,2445,Young Boys Bern,Professional,2
Yunnan Cuanhe,1334278,Yunnan Cuanhe,Professional,2
Yverdon Sport FC,571761,Yverdon Sport FC,Women,2
Zaglebie Lubin,3113,Zaglebie Lubin,Professional,2
Zambia,4720,Zambia,Professional,2
Zhetysu,5364,Zhetysu Taldykorgan,Professional,2
Zweigen Kanazawa,38138,Zweigen Kanazawa,Professional,2
Newcastle Olympic FC Reserves,730347,Newcastle Olympic FC Reserve,Youth,2
Deportivo Maldonado Reserves,682545,Deportivo Maldonado Reserve,Youth,2
Cumberland United Reserves,686223,Cumberland United Reserve,Youth,2
Fulham United FC Reserves,433740,Fulham United FC Reserve,Youth,2
Salisbury United Reserves,781180,Salisbury United Reserve,Youth,2
Central Espanol Reserves,203605,Central Espanol Reserve,Youth,2
Eastern United Reserves,797004,Eastern United Reserve,Youth,2
South Adelaide Reserves,610548,South Adelaide Reserve,Youth,2
Sport Huancayo Reserves,203583,Sport Huancayo Reserve,Youth,2
West Adelaide Reserves,732175,West Adelaide Reserve,Youth-Women,2
Maitland FC Reserves,740569,Maitland FC Reserve,Youth,2
Sturt Lions Reserves,547977,Sturt Lions Reserve,Youth,2
Subiaco AFC Reserves,371276,Subiaco AFC Reserve,Youth,2
Kahibah FC Reserves,776862,Kahibah FC Reserve,Youth,2
Metrostars Reserves,1319604,Metrostars Reserve,Youth-Women,2
Quinns FC Reserves,576321,Quinns FC Reserve,Youth,2
Colon FC Reserves,1333556,Colon FC Reserve,Youth,2
Karlslunds IF FK,1867,Karlslunds IF HFK,Professional,2
Kazincbarcika SC,8059,Kazincbarcikai SC,Professional,2
Montego Bay Utd,173724,Montego Bay United,Professional,2
Atvidabergs FF,1789,Aatvidabergs FF,Professional,2
FK Nove Zamky,36890,FKM Nove Zamky,Professional,2
North Stars FC,91142,North Star FC,Professional,2
Athletic Club,37962,Atletic Club d'Escaldes,Professional,2
FC Helsingor,6392,FC Helsingoer,Professional,2
TJ Jiskra Usti Nad Orlici,35252,Tj Jiskra Usti Nad Orlici,Professional,2
Ajaccio GFCA,495686,GFC Ajaccio,Youth,2
Dalstorp IF,68856,Dalstorps IF,Professional,2
Grasshoppers,2449,Grasshopper Club Zurich,Professional,2
Helsingborg,1890,Helsingborgs IF,Professional,2
Inter Milan,2697,Inter Milano,Professional,2
Ragsveds IF,35643,Raagsveds IF,Professional,2
Universidad Catolica del Ecuador,21942,CD Universidad Catolica del Ecuador,Professional,2
Bodo/Glimt,656,Bodoe/Glimt,Professional,2
Lillestrom,664,Lillestroem SK,Professional,2
Vejgaard B,22173,Vejgaard BK,Professional,2
Haukar Hafnarfjördur,1909,Haukar Hafnarfjordur,Professional,2
MOI Kompong Dewa FC B,513370,MOI Kompong Dewa FC,Professional,2
NK Medimurje Cakovec,792872,Ns Medimurje Cakovec,Women,2
SV Drochtersen-Assel,24148,SV Drochtersen/Assel,Professional,2
TJ Valasske Mezirici,37116,Tj Valasske Mezirici,Professional,2
US Creteil Lusitanos,1677,US Creteil-Lusitanos,Professional,2
AEK Athen,3250,AEK Athens,Professional,2
Atletico Saguntino C,273937,Atletico Saguntino,Professional,2
Falcon FC,664813,Falcons FC,Professional,2
IFK Lulea,1852,IFK Luleaa,Professional,2
Kalonji Pro Profile,793354,Kalonji Pro-Profile,Professional,2
Mjondalen,903,Mjoendalen IF,Professional,2
Schwarz Weiss Essen,6175,Schwarz-Weiss Essen,Women,2
Etoile Filante Ouagadougou,412633,Etoile Filante de Ouagadougou,Professional,2
Kelantan The Real Warriors,532665,Kelantan The Real Warriors FC,Professional,2
Johor Darul Takzim,3327,Johor Darul Ta'zim,Professional,2
Dianella White Eagles U23,1329658,Dianella White Eagles SC U23,Youth-Women,2
Sol de America de Formosa,330655,CA Sol de America de Formosa,Professional,2
Adelaide Croatia Raiders Reserves,551811,Adelaide Croatia Raiders SC Reserve,Youth,2
Al Ittihad Jeddah,393202,AL Ittihad Jeddah,Youth,2
Al-Wehdat,32994,Al-Wehda FC,Women,2
El Hammam,669749,WS El Hamma,Professional,2
Inter de Santa Maria U20,1277386,Inter de Santa Maria RS U20,Youth,2
Jwaya FC,1188733,Jwaaya FC,Professional,2
Mount Pleasant FA,502938,Mount Pleasant FC,Professional,2
Portol FC,3002,FC Porto,Professional,2
RC Bobo Dioulasso,660295,RC Bobo-Dioulasso,Professional,2
Young Africans FC,134320,Young Africans SC,Professional,2
Floreat Athena Reserves,789012,Floreat Athena FC Reserves,Youth,2
Hakoah Sydney City East,364616,Hakoah Sydney City East FC,Youth,2
SE Uniao Cacoalense U20,1312960,SE Uniao Cacoalense RO U20,Youth,2
ASD Flaminia Civita Castellana U19,170660,ASD Flaminia Civita Castellana,Professional,2
Al Ittihad Kalba,1177789,AL Ittihad Kalba,Youth,2
Camden Tigers SC,429663,Camden Tigers FC,Professional,2
Estudiantes Rio Cuarto Reserves,774154,Estudiantes de Rio Cuarto Reserve,Youth,2
KUPS Akatemia II,1335298,KuPS Akatemia II,Youth,2
West Torrens Birkalla (W) Reserves,872857,West Torrens Birkalla Reserves,Youth-Women,2
West Torrens Birkalla Reserves (W),872857,West Torrens Birkalla Reserves,Youth-Women,2
Cockburn City Reserves,1115005,Cockburn City SC Reserves,Youth,2
Estudiantes Merida U20,1329112,Estudiantes de Merida U20,Youth,2
Racing Club de Montevideo,25010,Racing Club Montevideo,Professional,2
Caroline Springs George Cross U23,1097041,Caroline Springs George Cross FC,Youth,2
Al-Fath,56023,Al-Fateh SC,Professional,2
Atletico Cajazeirense,529805,Atletico Cajazeirense PB,Professional,2
Clube Oriental Lisboa,38392,Clube Oriental de Lisboa,Professional,2
EC Primavera MT,689755,Primavera AC MT,Youth,2
Charlestown Azzurri Reserves,740595,Charlestown Azzurri FC Reserve,Youth,2
FC Guidonia Montecelio 1937 U19,281373,Guidonia Montecelio 1937 FC,Professional,2
Arkonia Szczecin U19,1272222,KS Arkonia Szczecin U19,Youth,2
Bergisch Gladbach 09,6173,SV Bergisch Gladbach 09,Professional,2
Gimnastica Segoviana,6578,Gimnastica Segoviana CF,Professional,2
Goulburn Valley Suns FC,142726,Goulburn Valley Suns,Professional,2
Sporting FC Teotonio,1334252,Sporting FC Teotonio AL,Youth,2
Western City Rangers,264397,Western City Rangers FC,Professional,2
Al Ettifaq U21,1282211,AL Ettifaq U21,Youth,2
Al Kholood U21,1282203,AL Kholood U21,Youth,2
Atletico Clube de Portugal U19,35177,Atletico Clube de Portugal,Professional,2
Calender Stars,1269664,Calendar Stars,Professional,2
FC Trollhättan,1791,FC Trollhattan,Professional,2
Hässleholms IF,22274,Hassleholms IF,Professional,2
IF Eker Örebro,22276,IF Eker Orebro,Professional,2
KSZO Ostrowiec,3118,KSZO Ostrowiec Swietokrzyski,Professional,2
Kungsängens IF,539791,Kungsangens IF,Professional,2
Para Hills Knights Reserves,550717,Para Hills Knights SC Reserve,Youth,2
Vänersborgs IF,102047,Vanersborgs IF,Professional,2
Västerås SK FK,347926,Västeras SK FK,Youth,2
WAC Casablanca,118824,Racing Athletic Club Casablanca,Professional,2
Wellington Phoenix Reserves,182819,Wellington Phoenix FC Reserve,Youth,2
West Canberra Wanderers FC (W),431791,West Canberra Wanderers FC,Women,2
GD Vitoria de Sernache,178312,GD Vitoria Sernache,Professional,2
Kaohsiung Attackers FC,698249,Kaohsiung Attackers,Women,2
SV Atlantico Deportivo,1111451,Atlantico Deportivo,Professional,2
Spanish Town Police,1282579,Spanish Town Police FC,Professional,2
Vancouver Whitecaps,22010,Vancouver Whitecaps FC,Professional,2
Adamstown Rosebud Reserves,740561,Adamstown Rosebud FC Reserve,Youth,2
Broadmeadow Magic Reserves,740563,Broadmeadow Magic FC Reserve,Youth,2
Cooks Hill United Reserves,776854,Cooks Hill United FC Reserve,Youth,2
USV Scheiblingkirchen-Warth,260755,Scheiblingkirchen-Warth Usv,Women,2
Universitario de Deportes (W),2305,Universitario de Deportes,Professional,2
Adelaide Comets (W) Reserves,613488,Adelaide Comets Reserves,Youth,2
Adelaide Comets Reserves (W),613488,Adelaide Comets Reserves,Youth,2
Adelaide Olympic Reserves,551841,Adelaide Olympic FC Reserve,Youth,2
Al Dhafra SCC,81305,Al Dhafra SSC,Professional,2
Bollstanäs SK,35625,Bollstanas SK,Professional,2
CA Votuporanguense,135524,CA Votuporanguense SP,Professional,2
CF Lorca Deportiva II,5068,CF Lorca Deportiva,Professional,2
Chifure AS Elfen Saitama (W),297312,Chifure AS Elfen Saitama,Women,2
Dragons,109319,CD Dragon,Professional,2
Frydek Mistek,24779,FK Frydek-Mistek,Professional,2
Galtabäcks BK,1321832,Galtabacks BK,Professional,2
Gimnasia Mendoza Reserves,774156,Gimnasia de Mendoza Reserve,Youth,2
Guarani de Palhoca,344150,Guarani de Palhoca SC,Professional,2
IFK Skövde FK,191150,IFK Skovde FK,Professional,2
IK Kongahälla,1846,IK Kongahalla,Professional,2
Johor Darul Ta'zim II,3327,Johor Darul Ta'zim,Professional,2
Lagunak,951925,Club Laguna SAF,Professional,2
Legia Warsaw,3106,Legia Warszawa,Professional,2
Lidköpings FK,1823,Lidkopings FK,Professional,2
MFK Karvina B,662715,MFk Karvina B,Youth,2
Mariano,77395,CD Marino,Professional,2
Platges de Calvia B,369304,CF Platges de Calvia,Professional,2
Ponferradina B,6195,SD Ponferradina,Professional,2
Portimonense B,452097,Portimonense,Youth,2
Pride of Gall Hill FC,442766,Pride of Gall Hill,Professional,2
Real Soccer FC U20,1312962,Real Soccer FC SP U20,Youth,2
Redcliffe Dolphins SC,870691,Redcliffe Dolphins,Professional,2
SC Mannswörth,190998,SC Mannsworth,Professional,2
Sunshine Coast Wanderers U23,434044,Sunshine Coast Wanderers,Professional,2
TJ Jiskra Usti Nad Orlici B,35252,Tj Jiskra Usti Nad Orlici,Professional,2
Tatran Liptovsky Mikulas,25488,MFK Tatran Liptovsky Mikulas,Professional,2
Victoria Wanderers,58329,SK Victoria Wanderers,Professional,2
Yulin Mobei Miners,1334262,Yulin Mobei Miners FC,Professional,2
Alianza FC San Salvador (W),24383,Alianza FC San Salvador,Professional,2
Canterbury Bankstown FC U20,355216,Canterbury Bankstown FC,Professional,2
Independiente Rivadavia U20,36842,Independiente Rivadavia,Professional,2
Internacional de Bogota (W),1326234,Internacional de Bogota,Professional,2
Dunamis 04 Carchi,896045,CD Dunamis 04 Carchi,Professional,2
EC Meia Noite U20,1312954,EC Meia Noite SP U20,Youth,2
FC Silon Taborsko II,24782,FC Silon Taborsko,Professional,2
Leones de Rosario,1314460,Leones de Rosario FC,Professional,2
Oliveira Hospital,35176,FC Oliveira do Hospital,Professional,2
Palmerston Rovers FC,427285,Palmerston Rovers,Professional,2
Petrolul Ploiesti II,25856,FC Petrolul Ploiesti,Professional,2
Racing Club Aruba,221162,SV Racing Club Aruba,Professional,2
Saint Eloi Lupopo,760768,FC Saint Eloi Lupopo,Professional,2
Svoboda Ljubljana,476956,NK Svoboda Ljubljana,Professional,2
Whittlesea United,414515,Whittlesea United SC,Professional,2
Antequera FC,24323,Antequera CF,Professional,2
British Virgin Islands U20,855635,British Virgin Islands,Youth,2
CD Lunda-Sul,839874,CD Lunda Sul,Professional,2
Estudiantes Rio Cuarto U20,369108,Estudiantes Rio Cuarto,Professional,2
Fuenlabrada B,35097,CF Fuenlabrada,Professional,2
Fukushima Utd,38140,Fukushima United FC,Professional,2
Independiente Medellin (W),6115,Independiente Medellin,Professional,2
Independiente Medellin U19,6115,Independiente Medellin,Professional,2
Independiente Medellin U20,6115,Independiente Medellin,Professional,2
Independiente Santa Fe (W),6116,Independiente Santa Fe,Professional,2
Lambton Jaffas Reserves,730343,Lambton Jaffas FC Reserve,Youth,2
Modbury Vista (W) Reserves,872855,Modbury Vista Reserves,Youth-Women,2
Modbury Vista Reserves (W),872855,Modbury Vista Reserves,Youth-Women,2
Moreton City Excelsior (W),1098165,Moreton City Excelsior,Women,2
OK Castkovce,172070,Ok Castkovce,Professional,2
Real Union de Tenerife (W),233518,Real Union de Tenerife Santa Cruz,Professional,2
CF Salamanca UDS II,369272,Salamanca CF UDS,Professional,2
Deportivo Masaya,680293,Deportivo Masaya FC,Professional,2
Esteghlal Tehran,34316,Esteghlal FC Tehran,Professional,2
FC Rosengård 1917,7095,FC Rosengaard 1917,Professional,2
Galo Maringa U20,1324674,Galo Maringa PR U20,Youth,2
Gornik Polkowice,3131,KS Gornik Polkowice,Professional,2
Independiente FBC,781966,CA Independiente B,Youth,2
Inner West Hawks,774534,Inner West Hawks FC,Professional,2
Kisumu All Stars,554436,Kisumu All Stars FC,Professional,2
Sambenedettese U19,2750,US Sambenedettese,Professional,2
Varzea Grande EC,513674,Varzea Grande EC MT,Professional,2
Vigor Senigallia,921117,FC Vigor Senigallia,Professional,2
ACS Kids Tampa Brasov (W),742997,ACS Kids Tampa Brasov,Professional,2
AD Centro Olimpico SP U20,1252759,AD Centro Olimpico SP,Youth,2
Adelaide City Reserves,558798,Adelaide City FC Reserve,Youth,2
Canberra White Eagles U23,770192,Canberra White Eagles FC,Youth,2
Defensores Del Ilucan (W),998731,Defensores Del Ilucan,Professional,2
FC Kryvbas Kriviy Rih (W),3320,FC Kryvbas Kriviy Rih,Professional,2
Geylang International U23,3044,Geylang International FC,Professional,2
Jagiellonia Bialystok U19,7691,Jagiellonia Bialystok,Professional,2
Maccabi Kabilio Jaffa U19,39526,Maccabi Kabilio Jaffa,Professional,2
Mekelle 70 Enderta FC (W),402253,Mekelle 70 Enderta FC,Professional,2
North Sunshine Eagles U23,1097081,North Sunshine Eagles FC,Youth,2
West Torrens Birkalla (W),90890,West Torrens Birkalla,Professional,2
Belmont Swansea United SC Reserves,776846,Belmont Swansea United FC Reserves,Youth,2
ACF Zapotlanejo II,1180055,ACF Zapotlanejo,Professional,2
Al Hamriyah,290576,Al-Hamriyah,Professional,2
Al Mokawloon Al Arab (W),42365,Al Mokawloon Al Arab,Professional,2
Anagennisi Karditsas U19,6987,Anagennisi Karditsas 1904,Professional,2
Atletico Andahuaylas (W),1201597,Atletico Andahuaylas,Professional,2
Bishoftu Ketema,1114751,Bishoftu FC Ketema,Professional,2
Brindabella Blues FC U23,430675,Brindabella Blues FC,Professional,2
CD Badajoz B,2853,CD Badajoz,Professional,2
CO Korhogo,84053,Club Omnisports de Korhogo,Professional,2
CS Concordia Chiajna (W),24790,CS Concordia Chiajna,Professional,2
CSM Politehnica Iasi (W),5334,CSM Politehnica Iasi,Professional,2
Carl Zeiss Jena,2614,FC Carl Zeiss Jena,Professional,2
Diavorosso Hiroshima (W),858219,Diavorosso Hiroshima,Women,2
Esperance de Tunis,59628,Esperance Sportive de Tunis,Professional,2
FK Iskra Danilovgrad U19,37958,FK Iskra Danilovgrad,Professional,2
FK Zalgiris Vilnius (W),93557,Vilnius FK Zalgiris B,Youth,2
FSV 63 Luckenwalde,36358,FSV Luckenwalde,Professional,2
Fuerte San Francisco (W),1043821,CD Fuerte San Francisco,Youth,2
Hamrun Spartans,33583,Hamrun Spartans FC,Professional,2
Irtysh Pavlodar,5365,FC Irtysh Pavlodar,Professional,2
Juventude de Evora,21829,Juventude SC Evora,Professional,2
KF Drenica Skenderaj U21,277833,KF Drenica Skenderaj,Professional,2
Lion City Sailors FC U23,3041,Lion City Sailors FC,Professional,2
Mjällby AIF,1783,Mjallby AIF,Professional,2
Modbury Jets Reserves,559070,Modbury Jets SC Reserve,Youth,2
Newcastle Olympic FC (W),136224,Newcastle Olympic FC,Professional,2
Osasco Sporting,32779,Osasco Sporting SP,Professional,2
Paradise FC,273553,FC Paradiso,Professional,2
Pontevedra B,4941,Pontevedra CF,Professional,2
Progreso FC,3238,CA Progreso,Professional,2
Real Betis C,2816,Real Betis Seville,Professional,2
Rezeknes FA,50402,Rezeknes Fa/Bjss,Professional,2
Rubio NU Reserves,274679,Rubio Nu Reserve,Youth,2
SD Atletico Nacional (W),181086,SD Atletico Nacional,Professional,2
Sao Domingos AL,1167065,AS Sao Domingos AL,Youth,2
Serra Branca EC,931665,Serra Branca EC PB,Professional,2
Shabab Al Ahli Dubai U19,370464,Shabab Al Ahli Dubai,Professional,2
Shabab Al Ahli Dubai U21,370464,Shabab Al Ahli Dubai,Professional,2
Shabab Al Ahli Dubai U23,370464,Shabab Al Ahli Dubai,Professional,2
Slovan Liberec II,105803,FC Slovan Liberec B,Youth,2
Sportivo San Lorenzo (W),90972,Sportivo San Lorenzo,Professional,2
St. Joseph's,126312,St Josephs FC,Professional,2
Tanjong Pagar United U23,3038,Tanjong Pagar United,Professional,2
UR FC,366558,URA FC,Professional,2
United Arab Emirates U23,49108,United Arab Emirates,Youth,2
Vorwarts Brigittenau,167774,WAF Vorwarts Brigittenau,Women,2
Wattenscheid 09,2594,SG Wattenscheid 09,Women,2
Western Suburbs,887143,Western Suburbs FC,Professional,2
Wiener Sportclub,2066,Wiener Sport-Club,Professional,2
AS Nordia Jerusalem U19,312246,AS Nordia Jerusalem,Professional,2
Adelaide University (W),270761,Adelaide University,Women,2
Antigua and Barbuda (W),312616,Antigua and Barbuda,Youth,2
Antigua and Barbuda U20,312616,Antigua and Barbuda,Youth,2
Bahir Dar Kenema FC (W),558872,Bahir Dar Kenema FC,Professional,2
Balestier Khalsa FC U23,3039,Balestier Khalsa FC,Professional,2
Brisbane Olympic FC (W),91928,Olympic FC Brisbane,Professional,2
Brisbane Olympic FC U23,91928,Olympic FC Brisbane,Professional,2
CD Luis Angel Firpo (W),781566,CD Luis Angel Firpo,Youth,2
Canberra Croatia FC (W),91568,Canberra Croatia FC,Professional,2
Canberra Croatia FC U23,91568,Canberra Croatia FC,Professional,2
Charlestown Azzurri (W),136220,Charlestown Azzurri FC,Professional,2
Clube de Albergaria (W),374792,Clube de Albergaria,Women,2
Eintracht Frankfurt U19,2674,Eintracht Frankfurt,Professional,2
Excelsior Maassluis U21,34731,Excelsior Maassluis,Professional,2
Excelsior Rotterdam U21,2967,Excelsior Rotterdam,Professional,2
Hapoel Hod Hasharon U19,290228,Hapoel Hod Hasharon,Professional,2
Independiente Yumbo U19,1320598,Independiente Yumbo,Professional,2
Independiente Yumbo U20,1320598,Independiente Yumbo,Professional,2
NK Brinje Grosuplje U19,403305,NK Brinje Grosuplje,Professional,2
Oud-Heverlee Leuven u23,2918,Oud-Heverlee Leuven,Professional,2
Rockdale Ilinden FC U20,92210,Rockdale Ilinden FC,Professional,2
St George Willawong U23,871395,St George Willawong,Youth,2
US Folgore Caratese U19,117230,US Folgore Caratese,Professional,2
Arnett Gardens,173716,Arnett Gardens FC,Professional,2
Atletico Avila,1329652,Atletico Avila FC,Professional,2
Ballymun United,5269,Ballymena United,Professional,2
Bangkok United,85741,Bangkok United FC,Professional,2
Calendar Stars FC,1269664,Calendar Stars,Professional,2
Cong An Ha Noi,196371,Cong An Ha Noi FC,Professional,2
Cosmos Koblenz,1032601,FC Cosmos Koblenz,Professional,2
Dinamo Tbilisi II,5171,FC Dinamo Tbilisi,Professional,2
IFK Norrkoping,1769,IFK Norrkoping FK,Professional,2
Manukau United,597270,Manukau United FC,Professional,2
SV Brazil Juniors,388594,Brazil Juniors,Professional,2
SV Sporting Aruba,597398,Sporting Aruba,Professional,2
Samora Correia,1274222,Gd Samora Correia,Professional,2
Sokol Tasovice,53142,TJ Sokol Tasovice,Professional,2
Sparta Prague II,4866,Sparta Prague B,Youth,2
Stafford Rangers,313167,Samford Rangers,Professional,2
Standard Liege II,2901,Standard Liege,Professional,2
Sölvesborgs GoIF,7098,Solvesborgs GIF,Professional,2
Viggbyholms IK,956875,Viggbyholms IK FF,Professional,2
Weymouth Wales,263641,Weymouth Wales FC,Professional,2
Wuhan Lianzhen,1235667,Wuhan Lianzhen FC,Professional,2
Hakoah Amidar Ramat Gan U19,5376,Hakoach Amidar Ramat Gan,Professional,2
Salisbury Inter (W) Reserves,732173,Salisbury Inter Reserve,Youth-Women,2
Salisbury Inter Reserves (W),732173,Salisbury Inter Reserve,Youth-Women,2
Universidad Catolica del Ecuador U20,21942,CD Universidad Catolica del Ecuador,Professional,2
ASD Ferrandina 17890,1272346,Asd Ferrandina 17890,Professional,2
Addis Ababa Ketema (W),391684,Addis Ababa Ketema,Professional,2
Al Nasr SC,23401,Al-Nasr SC,Professional,2
Al Wasl SC,47674,Al Wasl FC,Professional,2
Austria Klagenfurt (W),43254,SK Austria Klagenfurt,Professional,2
Barcelona B,2817,FC Barcelona,Professional,2
Bel Air FC,923119,SC Air Bel,Youth,2
Beykoz Anadoluspor U19,117198,Beykoz Anadoluspor,Professional,2
Blacktown Spartans U20,92206,Blacktown Spartans,Professional,2
Brunswick Juventus U23,388184,Brunswick Juventus FC,Professional,2
Central SC,214212,Central FC,Professional,2
Chindia Targoviste (W),56127,AFC Chindia Targoviste,Professional,2
Cuervos FC,421607,Ciervos FC,Professional,2
Defensa y Justicia U20,36839,Defensa y Justicia,Professional,2
Deportivo Saprissa U19,588083,Deportivo Saprissa,Women,2
Deportivo Saprissa U21,588083,Deportivo Saprissa,Women,2
Diamond Harbour FC U21,923063,Diamond Harbour FC,Professional,2
Dominican Republic (W),21813,Dominican Republic,Professional,2
Dominican Republic U20,21813,Dominican Republic,Professional,2
Ethiopia Nigd Bank (W),307288,Ethiopia Nigd Bank,Professional,2
FC Arkadag,1005469,Arkadag FK,Professional,2
FK Sutjeska Niksic U19,6224,FK Sutjeska Niksic,Professional,2
FN Rangers,5965,FC Rangers,Professional,2
Ferro Carril Oeste U20,36841,Ferro Carril Oeste,Professional,2
GD Peniche,462391,Gd Peniche,Professional,2
GD Resende,377500,Gd Resende,Professional,2
Gold Coast Knights U23,391734,Gold Coast Knights,Professional,2
Holland Park Hawks U23,244576,Holland Park Hawks,Professional,2
Jaguar FC,1953,Jaguares FC,Professional,2
Las Rozas B,493228,Las Rozas CF,Professional,2
Milton Keynes Dons (W),4,Milton Keynes Dons,Professional,2
Murcia Promises CF U19,1180093,Murcia Promises CF,Youth,2
Naxara CD B,55779,Naxara CD,Professional,2
Olimpija Ljubljana (W),2416,Olimpija Ljubljana,Professional,2
Olimpija Ljubljana U19,2416,Olimpija Ljubljana,Professional,2
Olympiakos,3245,Olympiacos Piraeus,Professional,2
Persebaya Surabaya U20,76319,Persebaya Surabaya,Professional,2
Persiba Balikpapan U19,64291,Persiba Balikpapan,Professional,2
RC Roubaix Wervicq (W),1090789,RC Roubaix Wervicq,Women,2
Rydalmere Lions FC U20,408091,Rydalmere Lions FC,Professional,2
Räppe GOIF,327037,Rappe GOIF,Professional,2
San Marino Academy U19,1043355,San Marino Academy,Professional,2
San Marino Academy U22,1043355,San Marino Academy,Professional,2
Sao Tome e Principe,33813,Sao Tome and Principe,Professional,2
Skövde AIK,7063,Skovde AIK,Professional,2
Stallion Laguna FC (W),142204,Stallion Laguna FC,Professional,2
Stirling Macedonia U23,92034,Stirling Macedonia FC,Professional,2
Virtus Francavilla U19,223534,Virtus Francavilla Calcio,Professional,2
Vitoria EC,637872,Vitoria SC,Women,2
Clube Oriental Lisboa U19,38392,Clube Oriental de Lisboa,Professional,2
Universitatea Craiova (W),116223,CS Universitatea Craiova,Professional,2
AS Maniema Union,412619,Maniema Union,Professional,2
Admira Wacker II,2050,FC Admira Wacker Modling,Professional,2
Albinoleffe U19,2732,US Albinoleffe,Professional,2
Cesar Vallejo,5281,CD Universidad Cesar Vallejo,Professional,2
Darwin Hearts,427287,Darwin Hearts FC,Professional,2
EC Agua Santa,135510,EC Agua Santa SP,Professional,2
FC Tevragh Zeina,555274,Tevragh Zeina,Professional,2
IFK Mariehamn II,5058,IFK Mariehamn,Professional,2
Iganga United,1289543,Iganga United FC,Professional,2
Itagui Leones,89362,Itagui Leones FC,Professional,2
Kairat Almaty,5172,FC Kairat Almaty,Professional,2
Lipno Steszew,1268448,KS Lipno Steszew,Professional,2
Orange County FC,235850,Orange County SC,Professional,2
Salernitana U19,2710,US Salernitana,Professional,2
Santa Cruz MT,751815,Santa Cruz EC MT,Professional,2
Shenzhen 2028,1235671,Shenzhen 2028 FC,Professional,2
Trearddur Bay FC,44865,Trearddur Bay United,Women,2
Varbergs BoIS FC,7101,Varbergs BoIS,Professional,2
Vasco da Gama CT,1974,CR Vasco da Gama RJ,Professional,2
AD Isidro Metapan (W),24382,AD Isidro Metapan,Professional,2
ASD Pineto Calcio U19,275501,ASD Pineto Calcio,Professional,2
Al Quwa Al Jawiya U21,239026,Al Quwa Al Jawiya,Professional,2
Atletico Nacional (W),6106,Atletico Nacional Medellin,Professional,2
Atletico Nacional U19,6106,Atletico Nacional Medellin,Professional,2
Atletico San Luis U19,1950,Atletico San Luis,Professional,2
Borussia Dortmund U19,2673,Borussia Dortmund,Professional,2
Borussia Dortmund U21,2673,Borussia Dortmund,Professional,2
Bosnia-Herzegovina,22585,Bosnia & Herzegovina,Youth,2
Brisbane Strikers U23,781750,Brisbane Strikers,Youth,2
Broadbeach United U23,266321,Broadbeach United,Professional,2
CD Real Santander (W),89358,CD Real Santander,Professional,2
Canberra Juventus U23,1244768,Canberra Juventus FC,Youth,2
Capalaba Bulldogs U23,47709,Capalaba Bulldogs,Professional,2
Dandenong Thunder U23,92923,Dandenong Thunder,Professional,2
Dibba Al Fujairah U23,81309,Dibba Al Fujairah,Professional,2
FC 03 Differdange (W),7605,FC Differdange 03,Professional,2
Fremantle City FC U23,434266,Fremantle City FC,Women,2
Glenorchy Knights (W),777306,Glenorchy Knights,Women,2
Gokulam Kerala FC (W),393250,Gokulam Kerala FC,Professional,2
Heidelberg United (W),142724,Heidelberg United FC,Professional,2
Hoang Anh Gia Lai U19,33125,Hoang Anh Gia Lai,Professional,2
Hougang United FC U23,34083,Hougang United FC,Professional,2
Instituto Cordoba U20,4937,Instituto AC Cordoba,Professional,2
Juventud Italiana,1338930,Cde Juventud Italiana,Professional,2
Kingborough Lions (W),135956,Kingborough Lions United FC,Professional,2
Launceston United (W),441430,Launceston United,Women,2
Levadia Tallinn III,3342,FCI Levadia Tallinn,Professional,2
Libertad Asuncion (W),5996,Libertad Asuncion,Professional,2
Marconi Stallions U20,2941,Marconi Stallions,Professional,2
Melbourne Knights U23,2935,Melbourne Knights,Professional,2
Municipal Liberia U19,6575,Municipal Liberia,Professional,2
Municipal Liberia U21,6575,Municipal Liberia,Professional,2
Newell's Old Boys (W),3212,Newell's Old Boys,Professional,2
Persita Tangerang U20,86576,Persita Tangerang,Professional,2
Petrolul Ploiesti (W),25856,FC Petrolul Ploiesti,Professional,2
Polissya Zhytomyr (W),376310,Polissya Zhytomyr,Youth,2
Rabotnicki Skopje U19,5212,FK Rabotnicki Skopje,Professional,2
Rakow Czestochowa,35268,RKS Rakow Czestochowa,Professional,2
Riverside Olympic (W),441436,Riverside Olympic,Women,2
SE Uniao Cacoalense,675187,Uniao Cacoalense RO,Professional,2
Sejong Sportstoto (W),195556,Sejong Sportstoto WFC,Professional,2
St George City FA U20,316663,St George City FA,Youth,2
Sutherland Sharks U20,92214,Sutherland Sharks,Professional,2
US Virgin Islands U20,21803,US Virgin Islands,Professional,2
Valadares Gaia FC (W),374802,Valadares Gaia FC,Women,2
Washington Spirit (W),151012,Washington Spirit,Women,2
Wollongong Wolves U20,364628,Wollongong Wolves FC,Youth,2
Arzignano Valchiampo U19,170634,FC Arzignano Valchiampo,Professional,2
Centro Espanyol Reserves,203605,Central Espanol Reserve,Youth,2
Gimnastica Segoviana (W),6578,Gimnastica Segoviana CF,Professional,2
Gorilas de Juanacatlán II,863915,Gorilas de Juanacatlan,Professional,2
West Adelaide (W) Reserves,732175,West Adelaide Reserve,Youth-Women,2
West Adelaide Reserves (W),732175,West Adelaide Reserve,Youth-Women,2
AFC Hermannstadt (W),342922,AFC Hermannstadt,Professional,2
ASF Bobo Dioulasso,522842,Asf Bobo Dioulasso,Professional,2
Addis Ketema FC,1117401,Addis Ketema,Professional,2
Adelaide University (W) Reserves,872859,Adelaide University SC Reserves,Youth,2
Adelaide University Reserves (W),872859,Adelaide University SC Reserves,Youth,2
Al Bataeh,1178293,AL Bataeh,Youth,2
Al Futowa,328079,Al Futuwa,Professional,2
Al Jazira Al Hamra,838594,AL Jazira AL Hamra,Professional,2
Amsterdamsche FC U21,34729,Amsterdamsche FC,Professional,2
Apollon Limassol (W),3402,Apollon Limassol,Professional,2
Atlantis FC/PM,1122245,Atlantis FC/2,Professional,2
Audace Cerignola U19,368732,Audace Cerignola,Professional,2
Bayer Leverkusen U19,2681,Bayer Leverkusen,Professional,2
Belconnen United (W),91564,Belconnen United,Professional,2
Belconnen United U23,91564,Belconnen United,Professional,2
Bentleigh Greens U23,92921,Bentleigh Greens,Professional,2
Boston Legacy FC (W),1319036,Boston Legacy FC,Women,2
Bravos Primavera,438136,Bravos del Primavera,Youth,2
CA Douglas Haig,76199,Douglas Haig,Professional,2
CD Estudiantil CNI,944223,CD Estudiantil Cni,Professional,2
CD FAS San Lorenzo,1275792,CD Fas San Lorenzo,Professional,2
CE Uniao U20,1324670,CE Uniao PR U20,Youth,2
CF Os Marialvas,931681,Os Marialvas,Professional,2
CT United,2502,DC United,Professional,2
Canberra Olympic (W),91570,Canberra Olympic,Professional,2
Canberra Olympic U23,91570,Canberra Olympic,Professional,2
Centro Oeste,941411,Centro Oeste GO,Professional,2
Ceske Budejovice (W),2221,SK Dynamo Ceske Budejovice,Professional,2
Denver Summit FC (W),1319038,Denver Summit FC,Women,2
Deportes Copiapo (W),89506,Deportes Copiapo,Professional,2
Deportes Limache (W),434002,Deportes Limache,Professional,2
Deportivo Ibarra (W),798628,Deportivo Ibarra,Women,2
Dhaka Rangers FC (W),1236641,Dhaka Rangers FC,Professional,2
Dubai United II,779068,Dubai United FC,Professional,2
EF Alhama,616674,Alhama CF,Women,2
Eastern District U22,287217,Eastern District,Professional,2
Esenler Erokspor U19,365676,Esenler Erokspor,Professional,2
FA Odisha,174592,Odisha FC,Professional,2
FC America Spurs,1111475,FC America Cfl Spurs,Professional,2
FC Naters,1647,FC Nantes,Professional,2
FK Kom Podgorica U19,6220,FK Kom Podgorica,Professional,2
Flekkerøy,781,Flekkeroy IL,Professional,2
Futuro FC,35392,FC Futura,Professional,2
Guzide Gebzespor U19,77623,Guzide Gebzespor,Professional,2
Hapoel Jerusalem (W),86406,Hapoel Jerusalem FC,Professional,2
Hapoel Jerusalem U19,86406,Hapoel Jerusalem FC,Professional,2
Hodd,70538,Hoedd,Women,2
IJsselmeervogels U21,6482,IJsselmeervogels,Professional,2
Independiente del Valle (W),39723,CSD Independiente del Valle,Professional,2
Izmir Coruhlu FK U19,77619,Izmir Coruhlu FK,Professional,2
Kabati Youth,1288783,Kabati Youth FC,Youth,2
Melbourne Srbija U23,1097071,FC Melbourne Srbija,Youth,2
Mighty Wanderers (W),412653,Mighty Wanderers FC,Professional,2
Migori Youth,552043,Migori Youth FC,Youth,2
Mostoles B,751951,CD Mostoles URJC,Professional,2
Municipal Limeno (W),275241,Municipal Limeno,Professional,2
NK Rudar Velenje U19,2412,NK Rudar Velenje,Professional,2
Navalcarnero II,24352,CDA Navalcarnero,Professional,2
Northern Ireland (W),4786,Northern Ireland,Professional,2
Northern Ireland U21,4786,Northern Ireland,Professional,2
O'Connor Knights U23,607414,O'Connor Knights FC,Professional,2
Oakleigh Cannons U23,92931,Oakleigh Cannons,Professional,2
Odisha FA,174592,Odisha FC,Professional,2
Olimpia Asuncion U20,265443,Olimpia Asuncion,Youth,2
Olympic Kingsway U23,319213,Olympic Kingsway SC,Professional,2
PK Keski-Uusimaa (W),22393,PK Keski-Uusimaa,Professional,2
Parintins FC,904597,Parintins FC AM,Professional,2
Patriotas FC,846906,Patriotas FC PR,Professional,2
Patriotas FC,846906,Patriotas FC PR,Professional,2
Primavera SP,189838,EC Primavera SP,Youth,2
Punjab FA,275171,Punjab FC,Professional,2
RAAL La Louviere (W),752197,RAAL La Louviere,Professional,2
Racing Santander (W),2835,Racing Santander,Professional,2
Rajasthan United U21,820934,Rajasthan United,Professional,2
Renofa Yamaguchi (W),38146,Renofa Yamaguchi,Professional,2
Ringkøbing IF,24994,Ringkoebing IF,Professional,2
Rochedale Rovers U23,91146,Rochedale Rovers,Professional,2
San Marcial B,1281977,CD San Marcial,Professional,2
Sao Martinho,218364,Ar Sao Martinho,Professional,2
Shakhtar Donetsk (W),107723,FC Shakhtar Donetsk,Youth,2
Sila,214066,Silva SD,Professional,2
Skellefteå FF,1833,Skellefteaa FF,Professional,2
Song Lam Nghe An U19,33129,Song Lam Nghe An,Professional,2
Sparta Rotterdam  (W),2960,Sparta Rotterdam,Professional,2
Sparta Rotterdam U19,2960,Sparta Rotterdam,Professional,2
Sporting Cristal (W),2302,Sporting Cristal,Professional,2
Sporting Cristal U20,2302,Sporting Cristal,Professional,2
Stocksbridge P S,218,Stocksbridge Park Steels FC,Professional,2
Swift Hesperange (W),5382,Swift Hesperange,Professional,2
Sydney United 58 U20,339023,Sydney United 58 FC,Youth,2
Talleres Cordoba U20,3210,CA Talleres de Cordoba,Professional,2
Thitsar Arman FC (W),1119833,Thitsar Arman FC,Professional,2
Tigers SC,91572,Tigers FC,Professional,2
Union San Felipe (W),3152,Union San Felipe,Professional,2
Vevey Sports 05,2466,Vevey-Sports,Professional,2
Västra Frölunda IF,1785,Vastra Frolunda IF,Professional,2
Western Sydney Wanderers B (W),72926,Western Sydney Wanderers,Professional,2
ASD Atletico Ascoli,466253,Atletico Ascoli,Professional,2
Aguia de Maraba U20,33998,Aguia de Maraba FC PA,Professional,2
Al-Najma Manama U21,45475,Al-Najma Manama,Professional,2
America de Cali (W),6102,America de Cali,Professional,2
America de Cali U19,6102,America de Cali,Professional,2
CA Pontalinense U20,1239059,CA Pontalinense GO,Youth,2
CD Cacahuatique (W),1168769,CD Cacahuatique,Youth,2
CF Villanovense (W),37051,CF Villanovense,Professional,2
Cheltenham Town (W),69,Cheltenham Town,Professional,2
Deportes Temuco (W),119072,Deportes Temuco,Professional,2
Drogheda United U20,3180,Drogheda United FC,Professional,2
Dunajska Streda U19,23833,DAC 1904 Dunajska Streda,Professional,2
Eastern Suburbs U23,781746,Eastern Suburbs,Youth,2
Eltham Redbacks U23,349644,Eltham Redbacks,Women,2
FK Transinvest (W),1121733,FK Transinvest B,Youth,2
Ferencvarosi TC (W),345378,Ferencvarosi TC,Youth,2
Fortuna Sittard U19,2957,Fortuna Sittard,Professional,2
Fortuna Sittard U21,2957,Fortuna Sittard,Professional,2
Gamla Upsala SK (W),291458,Gamla Upsala SK,Women,2
Green Buffaloes (W),195256,Green Buffaloes,Professional,2
Hapoel Marmorek U19,7384,Hapoel Marmorek FC,Professional,2
Hapoel Tel Aviv (W),307300,Hapoel Tel Aviv,Youth,2
Hills United FC (W),325603,Hills United FC,Youth,2
Hills United FC U20,325603,Hills United FC,Youth,2
Kolos Kovalivka (W),213176,Kolos Kovalivka,Professional,2
Koninklijke HFC U21,218448,Koninklijke HFC,Professional,2
Kristiansund BK U19,957,Kristiansund BK,Professional,2
Launceston City (W),431543,Launceston City,Women,2
Logan Lightning (W),91140,Logan Lightning,Professional,2
Logan Lightning U23,91140,Logan Lightning,Professional,2
Modern Sport FC (W),375678,Modern Sport FC,Professional,2
NK Celik Zenica U19,6146,NK Celik Zenica,Professional,2
North Macedonia (W),4777,North Macedonia,Professional,2
North Macedonia U19,4777,North Macedonia,Professional,2
Northern Tigers U20,390314,Northern Tigers,Professional,2
Olympique Akbou U20,527315,Olympique Akbou,Professional,2
Peninsula Power (W),771088,Peninsula Power,Youth,2
Peninsula Power U23,771088,Peninsula Power,Youth,2
Persija Jakarta U20,64295,Persija Jakarta,Professional,2
Persijap Jepara U20,135868,Persijap Jepara,Professional,2
Prospect United U20,317837,Prospect United,Professional,2
Queanbeyan City U23,770196,Queanbeyan City FC,Youth,2
Quilmes Reserves,295178,CA Quilmes Reserve,Youth,2
Rayo Vallecano (W),43756,Rayo Vallecano B,Youth,2
Real Sociedad C (W),306254,Real Sociedad C,Professional,2
Redlands United U23,781748,Redlands United,Youth,2
Silver Strikers (W),463143,Silver Strikers,Professional,2
Slovan Liberec (W),105803,FC Slovan Liberec B,Youth,2
Solomon Islands (W),23471,Solomon Islands,Professional,2
South Melbourne U23,2944,South Melbourne FC,Professional,2
Sporting Cascajos,1052107,Sporting Cascades,Professional,2
Sudeva Delhi FC U21,307602,Sudeva Delhi FC,Professional,2
Tuggeranong Utd (W),91576,Tuggeranong Utd,Professional,2
Ullensaker/Kisa U19,692,Ullensaker/Kisa,Professional,2
Velez Sarsfield U20,3208,Velez Sarsfield,Professional,2
Western Knights U23,355220,Western Knights SC,Professional,2
Zacatecoluca FC (W),1179385,Zacatecoluca FC,Professional,2
Zrinjski Mostar U19,5178,HSK Zrinjski Mostar,Professional,2
Campbelltown City (W) Reserves,895465,Campbelltown City SC Reserves,Youth-Women,2
Campbelltown City Reserves (W),895465,Campbelltown City SC Reserves,Youth-Women,2
ASFA-Yennenga,134282,ASFA Yennega,Professional,2
Anapolis FC,21872,Anapolis FC GO,Professional,2
Benfica Castelo Branco,56557,Sport Benfica Castelo Branco,Professional,2
Catanzaro U19,2796,US Catanzaro,Professional,2
Cremonese U20,2761,US Cremonese,Professional,2
Eik Tønsberg,797,FK Eik Toensberg 871,Professional,2
FK Riteriai II,547277,FK Riteriai,Professional,2
Gulf United FC,768614,Gulf United,Professional,2
IFK Lidingo,1870,IFK Lidingo FK,Professional,2
Inter Miami,659691,Inter Miami CF,Professional,2
Kattaqorgon,1332866,FC Kattaqorgon,Professional,2
Lyn 1896 II,1223835,Lyn 1896 FK II,Youth,2
Nyiregyhaza II,5124,Nyiregyhaza Spartacus FC,Professional,2
Peimari United,283687,Peimari Utd,Professional,2
River Plate FC,3211,CA River Plate (ARG),Professional,2
Rondoniense,258535,Rondoniense RO,Professional,2
SV Estudiantes,93107,CA Estudiantes,Professional,2
SV River Plate,3211,CA River Plate (ARG),Professional,2
Tamale City,443820,Tamale City FC,Professional,2
UCAM Murcia CF,55785,UCAM Murcia,Professional,2
Union Omaha,668761,Union Omaha SC,Professional,2
AD Sanjoanense U19,25786,AD Sanjoanense,Professional,2
Adelaide Atletico VSC Reserves,1319582,Adelaide Atletico Victory Reserves,Youth,2
Al Jaish,40651,Al-Jaish SC (Syr),Professional,2
Al Washm,495480,AL Washm FC,Professional,2
Alcione Milano U19,834514,Alcione Milano,Professional,2
Alverca B,3012,FC Alverca SAD,Professional,2
Amanat Baghdad U21,508990,Amanat Baghdad SC,Professional,2
Bayswater City U23,92018,Bayswater City,Professional,2
Bieshiem,38757,Biesheim ASC,Professional,2
Binfield,3219,CA Banfield,Professional,2
Blacktown City U20,364622,Blacktown City FC,Youth,2
Bray Wanderers U20,3171,Bray Wanderers AFC,Professional,2
Brikama United (W),507266,Brikama United,Professional,2
Bristol Rovers (W),76,Bristol Rovers,Professional,2
Brommapojkarna (W),1787,IF Brommapojkarna,Professional,2
Brunswick City U23,243492,Brunswick City SC,Professional,2
CD Antofagasta (W),5601,CD Antofagasta,Professional,2
CS Constantine (W),55393,CS Constantine,Professional,2
CS Constantine U20,55393,CS Constantine,Professional,2
Cayman Islands U20,21811,Cayman Islands,Professional,2
Coquimbo Unido (W),3165,Coquimbo Unido,Professional,2
Dandenong City U23,243494,Dandenong City SC,Professional,2
Deportivo Cali (W),6112,Deportivo Cali,Professional,2
Etoile Carouge (W),2497,Etoile Carouge FC,Professional,2
FK Sloga Doboj U19,37064,FK Sloga Doboj,Professional,2
FK Zvijezda 09 U19,216180,FK Zvijezda 09,Professional,2
Floreat Athena U23,92026,Floreat Athena,Professional,2
Fram Reykjavik (W),1893,Fram Reykjavik,Professional,2
Fredrikstad FK U19,687,Fredrikstad FK,Professional,2
Gil Vicente FC (W),452133,Gil Vicente FC,Youth,2
Grange Thistle (W),309548,Grange Thistle,Professional,2
HHC Hardenberg U21,6480,HHC Hardenberg,Professional,2
Heracles,1278103,Heraclea,Professional,2
IFK Umeå,415249,IFK Umea,Professional,2
Immigration FC (W),682715,Immigration FC,Professional,2
Ironi Tiberias U19,61702,Ironi Tiberias,Professional,2
Ittihad Tanger (W),87180,Ittihad Tanger,Professional,2
Joondalup City Reserves,452385,Joondalop City FC Reserve,Youth,2
KF Drita,277835,FC Drita,Professional,2
Kachin United FC,1186067,Racing United FC,Professional,2
L'Aquila,2747,L’Aquila Calcio 1927,Professional,2
Lake Macquarie (W),136226,Lake Macquarie City FC,Professional,2
Lillestrom SK (W),6091,Lillestrom SK 2,Professional,2
Luminense,24357,RB Linense,Professional,2
MO Constantine U20,41753,MO Constantine,Professional,2
Macarthur Rams U20,42582,Macarthur Rams,Professional,2
Motar FC,33572,Mosta FC,Professional,2
NA Hussein Dey U20,42208,NA Hussein Dey,Professional,2
New Lambton FC (W),431877,New Lambton FC,Professional,2
Northcote City U23,92929,Northcote City,Professional,2
OFK Mladost DG U19,624080,OFK Mladost DG,Professional,2
Pacos Ferreira U19,78121,Pacos Ferreira,Youth,2
Persib Bandung U20,64289,Persib Bandung,Professional,2
Potenza Calcio U19,7936,Potenza Calcio,Professional,2
Real Aviles CF (W),77397,Real Aviles CF,Professional,2
Sampaio Correa (W),2005,Sampaio Correa FC MA,Professional,2
Sampaio Correa U20,2005,Sampaio Correa FC MA,Professional,2
Setagaya Sfida (W),371254,Sfida Setagaya FC,Women,2
Sondrio Calcio U19,175686,Sondrio Calcio,Professional,2
Sporting Gijon (W),2852,Sporting Gijon,Professional,2
Sunshine Coast U23,342730,Sunshine Coast Wanderers FC,Women,2
Sydney Olympic U20,2938,Sydney Olympic FC,Professional,2
Trelleborgs FF (W),1771,Trelleborgs FF,Professional,2
UD Oliveirense U19,21831,UD Oliveirense,Professional,2
Uniao Sao Joao U20,883055,Uniao Sao Joao EC SP,Professional,2
Union Santa Fe (W),3204,Union de Santa Fe,Professional,2
Union Santa Fe U20,3204,Union de Santa Fe,Professional,2
Union Viera CF (W),473615,CF Union Viera,Youth,2
University NSW (W),315509,University of NSW,Youth,2
University NSW U20,315509,University of NSW,Youth,2
Vasco Da Gama Vidigueira,3019,Vasco da Gama Vidigueira,Professional,2
Virtus Entella U19,43680,Virtus Entella,Professional,2
Vonds Ichihara (W),1254683,Vonds Ichihara FC,Women,2
Wexford Youths (W),211932,Wexford Youths AFC,Youth-Women,2
Worcester City (W),117,Worcester City,Professional,2
Yeclano B,43759,Yeclano Deportivo,Professional,2
Zaglebie Lubin U19,3113,Zaglebie Lubin,Professional,2
Znicz Pruszkow U19,275605,Znicz Pruszkow,Professional,2
Atletico Rafaela U20,34976,Atletico de Rafaela,Professional,2
Bohemians Dublin U20,3173,Bohemians Dublin FC,Professional,2
FK Ohrid Lihnidos U19,25916,GFK Ohrid Lihnidos,Professional,2
Fencibles United  (W),792194,Fencibles United FC,Professional,2
Kyanos Astir Varis,120230,Kyanous Asteras Varis,Professional,2
Avellino U19,2730,US Avellino,Professional,2
BFA Sporting,313515,Sporting FC,Professional,2
BO Rangers FC,5965,FC Rangers,Professional,2
Capital CF,529973,Capital CF DF,Professional,2
Chapada FC,1268058,Chapada FC MT,Professional,2
Chiangmai FC,633526,Chanmari FC,Professional,2
FC La Calzada,493708,CDFC La Calzada,Professional,2
HW Welders,39534,Harland And Wolff Welders,Professional,2
Hammarby TFF,1758,Hammarby IF,Professional,2
IF Karlstad,22236,FBK Karlstad,Professional,2
ISI Dangkor Senchey FC B,914071,Isi Dangkor Senchey FC,Professional,2
Jacarei FC,135532,Jacarei FC SP,Professional,2
NK Dobrovce,36487,FK Dobrovice,Professional,2
Panaigialios,8027,Panegialios FC,Professional,2
SV Jong Aruba,530427,Jong Aruba,Professional,2
Strasbourg II,495628,RC Strasbourg Alsace,Youth,2
Team Rhino FC,569343,Team Rhino,Professional,2
Waterhouse,173736,Waterhouse FC,Professional,2
Wit Georgia,1342642,West Georgia,Professional,2
Young Boys FD,2445,Young Boys Bern,Professional,2
Hakoah Sydney City East U20,364616,Hakoah Sydney City East FC,Youth,2
AD San Carlos U19,7047,AD San Carlos,Professional,2
AD San Carlos U21,7047,AD San Carlos,Professional,2
AFC Wimbledon (W),23957,AFC Wimbledon,Professional,2
Adelaide Atletico Reserves,1319582,Adelaide Atletico Victory Reserves,Youth,2
Al-Sailiya SC U23,44439,Al-Sailiya SC,Professional,2
Aris Limassol (W),3397,Aris Limassol FC,Professional,2
Balikesirspor U19,37687,Balikesirspor,Professional,2
Brisbane City U23,776058,Brisbane City,Youth,2
Bulleen Lions U23,181418,FC Bulleen Lions,Professional,2
CR Belouizdad (W),42207,CR Belouizdad,Professional,2
CR Belouizdad U20,42207,CR Belouizdad,Professional,2
CR Temouchent U20,402031,CR Temouchent,Professional,2
CSD Municipal (W),7025,CSD Municipal,Professional,2
Caboolture FC (W),313153,Caboolture FC,Professional,2
Caboolture FC U23,313153,Caboolture FC,Professional,2
Cobh Ramblers U20,3185,Cobh Ramblers,Professional,2
Colon Reserves,1333556,Colon FC Reserve,Youth,2
Debreceni VSC U19,1921,Debreceni VSC,Professional,2
Defence Force ETH,315145,Defence Force FC,Professional,2
Deportivo Roca,334057,Deportivo Toluca FC,Women,2
Deportivo Zamora,7746,Deportivo Lara,Professional,2
Dinamo Zagreb U21,2032,GNK Dinamo Zagreb,Professional,2
Diosgyori VTK (W),5121,Diosgyori VTK,Professional,2
ES Mostaganem U20,186100,ES Mostaganem,Professional,2
Emirates Club RAK,47466,Emirates Club,Professional,2
Emirates Club U21,47466,Emirates Club,Professional,2
FC Cartagena (W),163820,FC Cartagena B,Youth,2
FC Copenhagen (W),1284,FC Copenhagen,Professional,2
FK Kaspyi Aktau,36688,FC Kaspiy Aktau,Professional,2
Faroe Islands (W),4760,Faroe Islands,Professional,2
Faroe Islands U21,4760,Faroe Islands,Professional,2
Giana Erminio U19,117232,AS Giana Erminio,Professional,2
Gornik Zabrze U19,3110,Gornik Zabrze,Professional,2
Helmond Sport U21,2974,Helmond Sport,Professional,2
Hurstville FC U20,429647,Hurstville FC,Professional,2
Hwacheon KSPO (W),195558,Hwacheon KSPO FC,Professional,2
Independiente U20,348518,CA Independiente,Women,2
Internacional (W),1966,SC Internacional RS,Professional,2
Jecheon Citizen,50935,Pocheon Citizen FC,Professional,2
Kastamonuspor U19,37689,Kastamonuspor,Professional,2
Kidderminster (W),90,Kidderminster Harriers FC,Professional,2
Kristianstads (W),8086,Kristianstads DFF,Women,2
Lech Poznan U19,1312820,KKS Lech Poznan Uam,Women,2
Lechia Gdansk U19,7913,KS Lechia Gdansk,Professional,2
Leyton Orient U21,83,Leyton Orient London,Professional,2
Liechtenstein (W),4830,Liechtenstein,Professional,2
Longford Town U20,3175,Longford Town FC,Professional,2
Madura United U20,86578,Madura United,Professional,2
Miedz Legnica U19,35330,Miedz Legnica,Professional,2
Mitchelton FC (W),187263,Mitchelton FC,Professional,2
Modbury Vista (W),424611,Modbury Vista,Professional,2
Mynavi Sendai (W),249387,Mynavi Sendai Ladies,Women,2
NWS Spirit FC U20,264417,NWS Spirit FC,Youth,2
Novorizontino U20,334229,Gremio Novorizontino SP,Youth,2
PPJ/Lauttasaari,1124271,Ppj/Lauttasaari,Professional,2
Palm Beach SC (W),877539,Palm Beach SC,Women,2
Persedikab Kediri,135866,Persik Kediri,Professional,2
Persik Kediri U20,135866,Persik Kediri,Professional,2
Portuguesa AP (W),1334662,Portuguesa AP,Women,2
Preston Lions U23,349654,Preston Lions,Women,2
Real Sociedad U21,120850,Real Sociedad,Youth,2
Real Zaragoza (W),2815,Real Zaragoza,Professional,2
Sandvikens IF (W),1844,Sandvikens IF,Professional,2
Santos Laguna U19,1269258,Santos Laguna,Youth,2
Sheger Ketema (W),1114773,Sheger Ketema,Professional,2
Siroki Brijeg U19,5239,NK Siroki Brijeg,Professional,2
Slask Wroclaw (W),114745,Slask Wroclaw,Professional,2
Slask Wroclaw U19,114745,Slask Wroclaw,Professional,2
Slavia Prague U20,2216,Slavia Prague,Professional,2
Sumsel United U19,1288501,Sumsel United,Professional,2
Team Altamura U19,368724,Team Altamura,Professional,2
Tiradentes PA U20,854843,Tiradentes PA,Women,2
USM Khenchela U20,300444,USM Khenchela,Professional,2
Varzea Grande (W),552267,Varzea Grande EC MT,Women,2
Vasco da Gama U20,1974,CR Vasco da Gama RJ,Professional,2
VfB Stuttgart U19,2677,VfB Stuttgart,Professional,2
Vikingur Gota (W),5193,Vikingur Gota,Professional,2
Virtus Verona U19,113761,Virtus Verona,Professional,2
Volta Redonda U20,6982,Volta Redonda FC RJ,Professional,2
Winchester City,17,Manchester City,Professional,2
Wolaita Dicha (W),381272,Wolaita Dicha SC,Professional,2
Wolverhampton (W),3,Wolverhampton Wanderers,Professional,2
Wuhan Jiangda (W),380892,Wuhan Jiangda,Women,2
Atletico Barinas,1329650,Club Atletico Barinas,Professional,2
EC Primeiro de Maio,896053,CD Primero de Mayo,Professional,2
Phnom Penh Crown B,35605,Phnom Penh Crown FC,Professional,2
Prosperidade FC (W),850663,Prosperidade FC ES,Women,2
ZFK Crvena Zvezda (W),206249,FK Crvena Zvezda,Youth,2
Al Moqawloon Al Arab (W),42365,Al Mokawloon Al Arab,Professional,2
Guangdong Red Treasure,1110217,Guangzhou Red Treasure,Professional,2
Karacabey Belediyespor AS U19,55611,Karacabey Belediyespor,Professional,2
Internacional FC de Palmira (W),39866,Internacional FC De Palmira,Professional,2
ADO Den Haag U19,2966,ADO Den Haag,Professional,2
ASEC Mimosas (W),42360,ASEC Mimosas,Professional,2
Al Jazira SC,8090,Al Jazira (UAE),Professional,2
Al Qadsia SC,23480,Qadsia SC,Professional,2
Al Shabab SC,57449,Al Shabab,Professional,2
Al Shorta SC U21,61532,Al Shorta SC,Professional,2
Al-Ahli Manama U21,45471,Al-Ahli SC Manama,Professional,2
Alhaurino,275119,CD Alhaurino,Professional,2
Alianza Lima (W),2311,Alianza Lima,Professional,2
Altona Magic U23,151492,Altona Magic SC,Professional,2
Athlone Town U20,3198,Athlone Town AFC,Professional,2
B36 Torshavn (W),5185,B36 Torshavn,Professional,2
Bandirmaspor U19,44320,Bandirmaspor,Professional,2
Bnei Sakhnin U19,5392,Bnei Sakhnin FC,Professional,2
Boca Juniors U20,3202,Boca Juniors,Professional,2
Brasilia,287237,CR Brasil AL,Youth,2
Burkina Faso (W),4749,Burkina Faso,Professional,2
CD Calahorra (W),273935,CD Calahorra,Professional,2
CSA,49721,CSKA Moscow,Youth,2
CUS Palermo,2715,Palermo FC,Professional,2
Cardiff City (W),61,Cardiff City,Professional,2
Carina Gubin,821350,Mkp Carina Gubin,Professional,2
Celtic B,2352,Celtic Glasgow,Professional,2
Cerezo Osaka (W),3141,Cerezo Osaka,Professional,2
Chatham Town (W),46915,Chatham Town,Professional,2
Chaves B,3025,GD Chaves,Professional,2
Chippa United Reserves,1319648,Ghan United Reserves,Youth,2
Chorrillo,1227541,Chorrillo FC,Professional,2
Club America U19,340986,Club America,Women,2
Croydon FC Reserves,1333556,Colon FC Reserve,Youth,2
Curico Unido (W),33595,Curico Unido,Professional,2
Deportivo Chiantla,87470,Deportivo Capiata,Professional,2
Dinamo Minsk U19,3361,FC Dinamo Minsk,Professional,2
Dinoko City FC,5217,FC Dinamo City,Professional,2
Dubai City,174600,Mumbai City,Professional,2
Dulwich Hill U20,317289,Dulwich Hill,Youth,2
Echallens,2481,FC Echallens Region,Professional,2
FA Siauliai (W),724773,FA Siauliai B,Youth,2
FC Arad,5182,Ards FC,Professional,2
FC Den Bosch U21,2963,FC Den Bosch,Professional,2
FC Dordrecht U21,2973,FC Dordrecht,Professional,2
FC Eindhoven U21,2994,FC Eindhoven,Professional,2
FC Martinenc,190,Marine FC,Professional,2
FC Prishtina U21,277829,FC Prishtina,Professional,2
FC Solothurn (W),2480,FC Solothurn,Professional,2
FK Alay,138964,FC Alay,Professional,2
FK Alga,219292,FC Alga,Professional,2
FK Pardubice U19,2230,FK Pardubice,Professional,2
FK Podgorica U19,224978,FK Podgorica,Professional,2
FK Raca,558170,Rana FK,Professional,2
FK Tekstilac,103135,FK Tekstilac Derventa,Professional,2
Fasil Kenema (W),381014,Fasil Kenema SC,Professional,2
Flamengo FBC (W),1201579,Flamengo FBC,Professional,2
Flinders United (W) Reserves,996349,Flinders United Wfc Reserves,Youth-Women,2
Flinders United Reserves (W),996349,Flinders United Wfc Reserves,Youth-Women,2
GAS,1786,GAIS,Professional,2
Gazalkent,1332862,FK Gazalkent,Professional,2
Gompa FC,174594,FC Goa,Professional,2
Green Eagles (W),195264,Green Eagles,Professional,2
Guadalupe FC U19,362800,Guadalupe FC,Professional,2
Guadalupe FC U21,362800,Guadalupe FC,Professional,2
HIK,142654,HIFK,Professional,2
HJK Helsinki U19,2242,HJK Helsinki,Professional,2
HJK Helsinki U21,2242,HJK Helsinki,Professional,2
Hapoel Afula U19,39521,Hapoel Afula FC,Professional,2
Hellas Syrou U19,896919,Hellas Syrou,Professional,2
Holbæk B&I,1378,Holbaek B&I,Professional,2
Hong Kong FC U22,132936,Hong Kong FC,Women,2
Huddersfield (W),59,Huddersfield Town,Professional,2
Husqvarna FF (W),1820,Husqvarna FF,Professional,2
IFK Goteborg (W),1761,IFK Goteborg,Professional,2
IFK Norrkoping (W),1769,IFK Norrkoping FK,Professional,2
Ipswich Town (W),32,Ipswich Town,Professional,2
Ironi Nesher U19,61706,Ironi Nesher,Professional,2
JS Tixeraine U20,1279407,JS Tixeraine,Professional,2
KF Dukagjini U21,279991,KF Dukagjini,Professional,2
KF Malisheva U21,617264,KF Malisheva,Professional,2
Kirikkale FK U19,223430,Kirikkale FK,Professional,2
Korsnäs,35636,Korsnas IF FK,Professional,2
Kowloon City U22,397128,Kowloon City,Professional,2
Las Rozas CF (W),493228,Las Rozas CF,Professional,2
Legnano,117262,Legnago Salus,Professional,2
Luftetari,1132293,Af Luftetari,Professional,2
MTK Budapest (W),1915,MTK Budapest,Professional,2
Magic United U23,266459,Magic United Tfa,Professional,2
Manly United U20,364620,Manly United FC,Youth,2
Marseille II,1641,Olympique Marseille,Professional,2
Mictlán,7020,CD Mictlan,Professional,2
Montpelier FC,1642,Montpellier HSC,Professional,2
Mount Gravatt Hawks,346776,MT Gravatt Hawks,Professional,2
NRB Beni Oulbene U20,962127,NR Beni Oulbene,Professional,2
Nittaidai FC (W),371256,Nittaidai FC,Women,2
Notts County (W),56,Notts County,Professional,2
OFK Banik Lehota,461815,OFK Banik Lehota Pod Vtacnikom,Professional,2
OFK Petrovac U19,6216,OFK Petrovac,Professional,2
PSM Makassar U20,135864,PSM Makassar,Professional,2
Pakhtakor Tashkent,290822,FC Pakhtakor Tashkent II,Youth,2
Peterborough (W),54,Peterborough United,Professional,2
Ponferradina (W),6195,SD Ponferradina,Professional,2
RSB Berkane,80395,Rs Berkane,Professional,2
Rayon Sports (W),134272,Rayon Sports FC,Professional,2
Real Bedford (W),1139719,Real Bedford,Professional,2
Real Madrid (W),835128,Real Madrid B,Youth-Women,2
Roda JC,365992,CD Roda,Professional,2
SF Damaiense (W),522396,SF Damaiense,Women,2
SU Sintrense,79903,Sintrense,Professional,2
Saudi Arabia (W),4834,Saudi Arabia,Professional,2
Saudi Arabia U23,4834,Saudi Arabia,Professional,2
Semen Padang U20,86066,Semen Padang FC,Professional,2
Sharjah SCC,34060,Sharjah FC,Professional,2
Sidama Bunna (W),559182,Sidama Bunna SC,Professional,2
Sint Maarten U20,496028,Sint Maarten,Professional,2
Sligo Rovers U20,869181,Sligo Rovers,Women,2
South Hobart (W),124524,South Hobart FC,Professional,2
Sport Recife (W),1959,SC Recife PE,Professional,2
Stal Rzeszow U19,114771,Stal Rzeszow,Professional,2
Tokyo United FC,764522,Soy United FC,Professional,2
TuPS,143854,TPS,Women,2
Täby FK,274873,Taby FK,Professional,2
Türkiye,4700,Turkiye,Professional,2
UCSA,4724,USA,Professional,2
USV Hercules U21,366470,USV Hercules,Professional,2
UWI Blackbirds,311984,Uwi Blackbirds,Professional,2
Umraniyespor U19,55625,Umraniyespor,Professional,2
VVV,25383,GVVV Veenendaal,Professional,2
Vanløse,1374,Vanloese IF,Professional,2
Velez Mostar U19,6151,FK Velez Mostar,Professional,2
Victoria CF,637872,Vitoria SC,Women,2
Vilavelhense U20,35290,Vilavelhense FC ES,Professional,2
Villarreal (W) B,24338,Villarreal CF B,Youth,2
Wisla Krakow U19,3111,Wisla Krakow,Professional,2
Wroxham,64,Wrexham AFC,Professional,2
Zalaegerszegi TE (W),1922,Zalaegerszeg TE,Professional,2
Atletico Nacional Medellin Reserves,6106,Atletico Nacional Medellin,Professional,2
ES Molsheim Emolsheim (W),1313630,ES Molsheim Ernolsheim,Women,2
Manningham Utd Blues U23,364580,Manningham United Blues,Professional,2
Western City Rangers (W),264397,Western City Rangers FC,Professional,2
Western City Rangers U20,264397,Western City Rangers FC,Professional,2
Hapoel Kfar Shalem U19,65204,Hapoel Kfar Shalem FC,Professional,2
Hapoel Nof HaGalil U19,5393,Hapoel Nof Hagalil FC,Professional,2
Hertha Zehlendorf,164518,FC Hertha 03 Zehlendorf,Professional,2
CS Maruinense U20,815262,CS Maruinense SE,Youth,2
Wynnum Wolves U23,771092,Wynnum Wolves FC,Youth,2
ASC New Stars,23621,Asc New Stars,Professional,2
Cardiff Met Uni,167106,Cardiff Metropolitan University FC,Professional,2
Club Brugge U19,283389,Club Brugge,Youth,2
Dukla Praha (W),223878,Dukla Prague,Women,2
Kongsvinger U19,332081,Kongsvinger IL Toppfotball,Youth,2
Maitland FC (W),776872,Maitland FC,Women,2
Nankatsu SC (W),1237461,Nankatsu SC,Women,2
Netherlands U19,22543,Netherlands,Youth,2
Philippines (W),203115,Philippines,Women,2
Real Madrid U21,1281309,Real Madrid,Youth,2
Switzerland (W),38103,Switzerland,Women,2
Switzerland U21,4876,Switzerland,Youth,2
Chongqing Handa,1334270,Chongqing Han Da,Professional,2
Veertien Mie (W),761072,Veertien Mie FC,Women,2
Anderlecht U21,76465,RSC Anderlecht,Youth,2
Azerbaijan (W),38080,Azerbaijan,Women,2
Azerbaijan U21,7849,Azerbaijan,Youth,2
HooGee,283717,Hoogee,Professional,2
Ipswich FC U23,1098169,Ipswich FC,Youth,2
Kazakhstan (W),38094,Kazakhstan,Women,2
Kazakhstan U21,7851,Kazakhstan,Youth,2
Luxembourg (W),38097,Luxembourg,Women,2
Luxembourg U21,6039,Luxembourg,Youth,2
Montenegro (W),70488,Montenegro,Women,2
Montenegro U21,7852,Montenegro,Youth,2
Moreirense U19,218178,Moreirense FC,Youth,2
North Star U23,781802,North Star,Youth,2
RB Leipzig U21,1175983,RB Leipzig,Youth,2
Santa Cruz Acre,1261391,Santa Cruz Acre EC AC,Professional,2
Sobradinho U20,895711,Sobradinho,Youth,2
Trinidad & Tobago,5162,Trinidad and Tobago,Professional,2
US Pergolettese,113757,US Pergolettese Crema,Professional,2
Broadmeadow Magic (W),776874,Broadmeadow Magic FC,Women,2
Bombada FC,400141,Bombada,Professional,2
Cinfaes,26059,CD Cinfaes,Professional,2
FC Jokerit,2245,FC Jokerit Helsinki,Professional,2
Argentina (W),7409,Argentina,Women,2
Bagatelle SSC,341646,Bagatelle,Professional,2
Bosnia-Herzegovina U21,4882,Bosnia and Herzegovina,Youth,2
CD Espuce (W),791868,CD Espuce,Women,2
Feyenoord U21,742521,Feyenoord Rotterdam,Youth,2
LDU Quito U20,866799,LDU Quito,Youth,2
Lithuania (W),38096,Lithuania,Women,2
Lithuania U21,6037,Lithuania,Youth,2
Liverpool U19,90134,Liverpool,Youth,2
Newcastle U21,43511,Newcastle United FC,Youth,2
Tottenham U19,90146,Tottenham Hotspur,Youth,2
Venezuela (W),325141,Venezuela,Women,2
Inter Milan U19,42728,Inter Milano,Youth,2
Independente AP U20,562520,Independente EC AP,Youth,2
Neftchi Kochkor,353920,FK Neftchi Kochkor-Ata,Professional,2
Osasco Sporting U20,397722,Osasco Sporting SP,Youth,2
Adamstown Rosebud (W),437588,Adamstown Rosebud JFC,Women,2
Al Dhafra SCC U23,1279341,AL Dhafra U23,Youth,2
Alftanes (W),48028,Alftanes,Women,2
Anguilla U20,855031,Anguilla,Youth,2
BST Galaxy,977595,Bst Galaxy,Professional,2
Bulgaria (W),38083,Bulgaria,Women,2
Bulgaria U21,4884,Bulgaria,Youth,2
FC Honka (W),37186,FC Honka,Women,2
FC Lahti (W),1036745,FC Lahti,Women,2
FC Yamato Sylphid (W),557444,Yamato Sylphid,Women,2
Flamengo U20,210338,CR Flamengo RJ,Youth,2
Itaquaquecetuba U20,1252767,Itaquaquecetuba AC SP,Youth,2
Legia Warsaw U19,114685,Legia Warszawa,Youth,2
Man City U19,120856,Manchester City FC,Youth,2
Portugal (W),22027,Portugal,Women,2
Portugal U21,6045,Portugal,Youth,2
SV Bubali,389036,Bubali,Professional,2
Scotland U21,6051,Scotland,Youth,2
Serpa,38663,Uniao Serra,Professional,2
Slovakia U21,6052,Slovakia,Youth,2
Slovenia (W),37373,Slovenia,Women,2
Slovenia U19,22559,Slovenia,Youth,2
Slovenia U21,6371,Slovenia,Youth,2
Sporting U21,1175989,Sporting Cp,Youth,2
Carlos Renaux U20,889059,Carlos Renaux SC,Youth,2
Desenzano Calvina,499914,Calcio Desenzano,Professional,2
Ethnikos Assias,25530,Ethnikos Ashias FC,Professional,2
3B Sport AM (W),435218,3B Sport AM,Women,2
AE Lefkimmis,326753,AE Lefkimmi FC,Professional,2
Al Orubah U21,1282209,AL Orobah U21,Youth,2
Atletico Matogrossense,751813,Club Atletico Matogrossense MT,Professional,2
Avondale FC (W),795828,Avondale FC,Women,2
Campo Novo FC,1265635,Campo Novo MT,Professional,2
Djurgardens (W),1878,Djurgardens IF DFF,Women,2
FK Dobromerice,36487,FK Dobrovice,Professional,2
Green Gully U23,1097021,Green Gully SC,Youth,2
Hannover 96 U19,43700,Hannover 96,Youth,2
Mazatlan FC U19,1269054,Mazatlan FC,Youth,2
Real Madrid U19,120854,Real Madrid,Youth,2
Robina City U23,342866,Robina City,Youth,2
Sandnes Ulf U19,331927,Sandnes Ulf,Youth,2
Subiaco AFC (W),371230,Subiaco AFC,Women,2
Tigres UANL U19,1270666,Tigres UANL,Youth,2
Trabzonspor U19,305396,Trabzonspor,Youth,2
UD Leiria U19,1274228,UD Leiria U23,Youth,2
AB Tårnby,1348,AB Taarnby,Professional,2
Acambaro,1038331,Acambaro FC,Professional,2
Cruzeiro AL,1954,Cruzeiro EC MG,Professional,2
FC Martigny,2493,FC Martigny Sports,Professional,2
FC Milevsko,109793,ZVVZ Milevsko,Professional,2
FC Obermais,1278203,Obermais,Professional,2
FK Napredak,7674,FK Napredak Krusevac,Professional,2
Guingamp II,495666,EA Guingamp,Youth,2
Hercules II,623648,Hercules CF,Youth,2
La Roche VF,1714,La Roche Vendee Football,Professional,2
Lørenskog,684,Loerenskog IF,Professional,2
Metalourg Bekabad,40266,PFK Metallurg Bekabad,Professional,2
Monagas II,566609,Monagas SC B,Youth,2
Montaneros,274083,CF Montanesa,Professional,2
Operario VG,317965,Operario FC MS,Professional,2
Playford Reserves,547979,Playford City Reserve,Youth,2
River RR,991063,River EC RR,Professional,2
Rumilly Vallieres,38762,GFA Rumilly-Vallieres,Professional,2
SV Unistars,530417,Unistars,Professional,2
Shan Utd,69658,Shan United,Professional,2
US Siracusa,37177,Siracusa Calcio,Professional,2
Zhejiang,34697,Zhejiang FC,Professional,2
Jinju Citizen FC,418115,Paju Citizen FC,Professional,2
Vila Nova GO (W),840334,Vila Nova FC GO,Women,2
Atletico Rafaela Reserves,295166,At Rafaela Reserve,Youth,2
Tuggeranong United U23,730353,Tuggeranong United FC,Youth,2
Bermeo,369410,CD Berceo,Professional,2
Breidablik (W),38158,Breidablik Kopavogur,Women,2
CF Pachuca III,1936,CF Pachuca,Professional,2
Celta Vigo U19,154820,RC Celta de Vigo,Youth,2
Changwon City,41262,Changwon FC,Professional,2
Cittadella U19,42733,AS Cittadella,Youth,2
Enskede IK (W),112691,Enskede IK,Women,2
Fiorentina U20,1175345,ACF Fiorentina,Youth,2
Fluminense (W),552281,Fluminense FC RJ,Women,2
Godoy Cruz U20,295194,CD Godoy Cruz,Youth,2
Heerenveen U19,802516,SC Heerenveen,Youth,2
Heerenveen U21,802516,SC Heerenveen,Youth,2
IA Akranes (W),267573,IA Akranes,Women,2
IF Gnistan (W),474730,IF Gnistan,Women,2
Langwarrin U23,1097057,Langwarrin SC,Youth,2
Levadiakos U19,497180,FC Levadiakos,Youth,2
London City U20,1261425,City London FC PR U20,Youth,2
Mauritania U20,168834,Mauritania,Youth,2
Monzón,47330,CF Atletico de Monzon,Professional,2
Niger,4785,Nigeria,Professional,2
PK-35,889965,PK-35/2,Professional,2
Penarol AM (W),857279,Penarol AM,Women,2
Pontevedra U19,552025,Pontevedra CF,Youth,2
Real Betis U19,388582,Real Betis Balompie,Youth,2
SC Farense U19,823544,SC Farense,Youth,2
Szombathelyi Haladas,77545,Szombathelyi Mav Haladas VSE,Professional,2
TPV II,725021,TPS II,Youth,2
UNA Strassen,46353,FC Una Strassen,Professional,2
Uzbekistan U19,49109,Uzbekistan,Youth,2
Vitoria SC (W),637872,Vitoria SC,Women,2
Young Boys U19,499310,BSC Young Boys,Youth,2
Kahramanmaras Istiklal Spor,1170829,Kahramanmaras Istiklalspor,Professional,2
Gold Coast United (W),406875,Gold Coast United FC,Women,2
Gold Coast United U23,776002,Gold Coast United FC,Youth,2
MetroStars Reserves (W),1319604,Metrostars Reserve,Youth-Women,2
Batalhao FC U20,917567,Batalhao FC TO,Youth,2
Doce Mel EC (W),830444,Doce Mel EC BA,Women,2
LSK Kvinner (W),733,LSK Kvinner FK,Women,2
Orlando City II,252137,Orlando City B,Youth,2
Slovan Duslo Šala,6666,FK Slovan Duslo Sala,Professional,2
Union Adarve B,427517,AD Union Adarve,Youth,2
Anapolina,21872,Anapolis FC GO,Professional,2
Auxerre II,495616,AJ Auxerre,Youth,2
Blackburn Reserves,36543,Blackburn Rovers,Youth,2
Enköping,1780,Enkopings SK,Professional,2
FC Malacky,219114,FC Zolik Malacky,Professional,2
Fortune FC,543651,Fortune,Professional,2
Ha Tinh,541735,Ha Tinh FC,Professional,2
Horsens fS,1297,AC Horsens,Professional,2
JJ Urquiza,112507,CD UAI Urquiza,Professional,2
La Chaux-de-Fonds,2499,FC La Chaux De Fonds,Professional,2
Lecce U19,90186,US Lecce,Youth,2
Lecce U20,90186,US Lecce,Youth,2
MS Netanya,5395,Maccabi Netanya FC,Professional,2
Piteå IF,1873,Piteaa IF,Professional,2
Rælingen,883,Raelingen,Professional,2
SV La Fama,530415,La Fama,Professional,2
Vitoria PE,1962,EC Vitoria BA,Professional,2
AD Uirapuru,1265485,Uirapuru MT,Professional,2
ASC Gendrim,878717,Asc Gendrim,Professional,2
Araucaria U20,1244687,Araucaria ECR PR,Youth,2
Atletico GO,33775,FC Atletico CE,Professional,2
Beaucouze U19,1167697,SC Beaucouze,Youth,2
Benevento U19,277569,Benevento Calcio,Youth,2
Bosnia-Herzegovina U19,4882,Bosnia and Herzegovina,Youth,2
Cruz Azul U19,1269044,Cruz Azul,Youth,2
FC Järfälla,22262,FC Jarfalla,Professional,2
Feyenoord U19,742521,Feyenoord Rotterdam,Youth,2
Gibraltar (W),472971,Gibraltar,Women,2
Haugesund U19,331943,Haugesund FK,Youth,2
Hibernian (W),38358,Hibernian LFC,Women,2
Hume City U23,1097031,Hume City FC,Youth,2
Itabirito (W),1174827,Itabirito FC MG,Women,2
Itabirito U20,1243391,Itabirito FC MG,Youth,2
Joinville U20,234514,Joinville EC SC,Youth,2
Juarez FC U19,1269046,FC Juarez,Youth,2
Majura FC (W),1247755,Majura FC,Women,2
Marseille U19,120862,Olympique Marseille,Youth,2
Palmeiras (W),552275,SE Palmeiras SP,Women,2
Patriotas U20,1091003,Patriotas FC PR,Youth,2
Rosenborg (W),731,Rosenborg BK Kvinner,Women,2
St Gallen II,1036823,FC St. Gallen 1879,Youth,2
St Margarethen/Bur,2198,St. Margarethen/Burgenland,Professional,2
Sundby BK (W),327197,Sundby BK,Women,2
Tigers FC U23,730351,Tigers FC,Youth,2
Tvååkers IF,22356,Tvaakers IF,Professional,2
Umm Salal U19,1280763,Umm Salal,Youth,2
Umm Salal U23,1280763,Umm Salal,Youth,2
Valerenga (W),62202,Vaalerenga Oslo,Women,2
Växjö Norra,1877,Vaxjo Norra,Professional,2
Campbelltown Reserves,547105,Campbelltown City SC Reserve,Youth,2
Sportivo San Lorenzo Reserves,533461,Sportivo San Lorenzo,Youth,2
Catarina FC 1992,1278379,Catarina FC,Professional,2
Cray Valley (PM),372122,Cray Valley Paper Mills FC,Professional,2
Faenza Calcio,2716,Cosenza Calcio,Professional,2
Inter Milan U20,1175363,Inter Milano,Youth,2
Inter Milan U23,1175363,Inter Milano,Youth,2
PFC Oleksandria,25479,FC Oleksandriya,Professional,2
South Adelaide Panthers Reserves,610548,South Adelaide Reserve,Youth,2
Uniao EC U20,1324670,CE Uniao PR U20,Youth,2
Villena CF B,24338,Villarreal CF B,Youth,2
Aracatuba U20,1312950,AE Aracatuba SP U20,Youth,2
Asane Fotball U19,332101,Aasane Football,Youth,2
BRTC Sports Club,1236639,Brtc Sports Club,Professional,2
Bullas Deportivo,2885,Deportivo Alaves,Professional,2
EL Nacional (W),778158,El Nacional (Ecu),Women,2
Juventude U20,1312968,SE Juventude MA U20,Youth,2
LZS Starowice Dolne,583755,LZS Starowice,Professional,2
Independente EC U20,562520,Independente EC AP,Youth,2
Monaro Panthers U23,730359,Monaro Panthers FC,Youth,2
Virginia United SC (W),344390,Virginia United,Women,2
Melbourne Victory NPL (W),174100,Melbourne Victory,Women,2
AC Milan U20,460707,AC Milan,Youth,2
AC Milan U23,460707,AC Milan,Youth,2
ASD Celano Calcio,746705,ASD Paterno Calcio,Professional,2
Al Shatrah SC,61532,Al Shorta SC,Professional,2
Allerød,22148,Alleroed FK,Professional,2
Anapolis U20,1240437,Anapolis FC GO,Youth,2
Angers II,453075,Angers SCO,Youth,2
Aris Saloniki,3252,Aris Thessaloniki,Professional,2
Ashington,161,Ashton United FC,Professional,2
Atalanta U20,1175349,Atalanta BC,Youth,2
Atalanta U23,1175349,Atalanta BC,Youth,2
Avondale U23,1097017,Avondale FC,Youth,2
Banfield U20,295170,CA Banfield,Youth,2
Belgrano U20,295176,CA Belgrano,Youth,2
Bourne Town,26002,Bury Town FC,Professional,2
Bradford P A,22,Bradford City FC,Professional,2
CD Neo Pipil,664007,CD Pipil,Professional,2
CFI Alicante,2877,Hercules de Alicante CF,Professional,2
Cacereno (W),384678,Cacereno Femenino,Women,2
Cagliari U20,1175353,Cagliari Calcio,Youth,2
Castenaso Calcio,2716,Cosenza Calcio,Professional,2
Cianorte U20,1324672,Cianorte FC PR U20,Youth,2
Cisanese,117356,US Pianese,Professional,2
Congo DR (W),559066,Congo DR,Women,2
Coritiba U20,210334,Coritiba FC PR,Youth,2
Cruzeiro (W),552283,Cruzeiro EC MG,Women,2
DR Congo U23,49036,DR Congo,Youth,2
Defensores de Boca,260593,CAS Defensores de Belgrano,Professional,2
Ehime FC (W),371242,Ehime FC Ladies,Women,2
Espanyol (W),38323,RCD Espanyol Barcelona,Women,2
FC Altai Semey,998457,FC Altai Oskemen,Professional,2
FC Lochin,783814,Lochin,Professional,2
Famalicao (W),637878,FC Famalicao,Women,2
Flamengo (W),321495,CR Flamengo RJ,Women,2
Gyeongju HNP,41257,Gyeongju FC,Professional,2
Hapoel Yeruham,86406,Hapoel Jerusalem FC,Professional,2
Heidelberg Utd U23,1097027,Heidelberg United FC,Youth,2
Hercules U19,623648,Hercules CF,Youth,2
Juventus (W),377716,Juventus Turin,Women,2
Juventus U20,1175365,Juventus Turin,Youth,2
Juventus U23,1175365,Juventus Turin,Youth,2
Kerala FA,174598,Kerala Blasters FC,Professional,2
Laguna RN,951925,Club Laguna SAF,Professional,2
Lierse SK,76447,Jeugd Lierse Kempenzonen,Youth,2
Linköpings FC (W),7391,Linkopings FC,Women,2
Malmo FF (W),675109,Malmo FF,Women,2
Mauaense (W),1294323,Mauaense GE SP,Women,2
Molde FK (W),250579,Molde FK,Women,2
Monopoli U19,395722,SS Monopoli,Youth,2
Montilla CF,2872,CF Motril,Professional,2
NK Dren Vrhnika,922717,NK Vrhnika,Professional,2
Necaxa II,1269056,Necaxa,Youth,2
PAOK Saloniki,3251,PAOK Thessaloniki,Professional,2
Paraguay U20,48854,Paraguay,Youth,2
Pargas IF,2267,Pargas Idrottsforening,Professional,2
Platense U20,299998,CA Platense,Youth,2
Quito FC (W),791870,Quito FC,Women,2
Reggiana U19,395630,AC Reggiana 1919,Youth,2
Rubio Nu (W),1334198,Rubio Nu,Women,2
Santutxu U19,525319,Santutxu FC,Youth,2
Sao Luiz U20,354028,EC Sao Luiz RS,Youth,2
Sassuolo U20,1175369,Sassuolo Calcio,Youth,2
Servette U19,224750,Servette FC,Youth,2
Slovacko U19,44158,1. FC Slovacko,Youth,2
Sporting U19,78151,Sporting CP,Youth,2
Syunik,920989,FC Syunik,Professional,2
Tenerife U19,368994,CD Tenerife,Youth,2
Thailand (W),75029,Thailand,Women,2
Thap Luang United,39946,Muang Thong United,Professional,2
VG-62,2286,Vg-62,Professional,2
Wuhan Three Towns Reserves,1239149,Wuhan Three Towns B,Youth,2
Yongin FC,41266,Yongin City FC,Professional,2
Deportivo Tacana,6231,Deportivo Tachira,Professional,2
Puerto Rico U20,85297,Puerto Rico,Youth,2
Martinique U20,516028,Martinique,Youth,2
Barcelona (W),77889,FC Barcelona,Women,2
Sokoto United FC,150064,Souths United FC,Professional,2
Barbados U20,516030,Barbados,Youth,2
Chinese Taipei U20 (W),36912,Chinese Taipei U17,Youth-Women,2
Dominica U20,516026,Dominica,Youth,2
Hammarby (W),1884,Hammarby IF,Women,2
Suriname U20,48820,Suriname,Youth,2
Trinidad & Tobago U20,34371,Trinidad and Tobago,Youth,2
Zweigen Kanazawa,38138,Zweigen Kanazawa,japan
Zulte-Waregem,2933,SV Zulte Waregem,belgium
Zorya,5987,FC Zorya Luhansk,ukraine
Znicz Pruszków,7923,MKS Znicz Pruszkow,poland
Zhejiang,34697,Zhejiang FC,china
ZED FC,249057,Zed FC,egypt
Zawisza Bydgoszcz,35329,Zawisza Bydgoszcz,poland
Zamora CF,24379,Zamora CF,spain
Zalaegerszegi TE,1922,Zalaegerszeg TE,hungary
Zaglebie Sosnowiec,7693,Zaglebie Sosnowiec,poland
Zaglebie Lubin,3113,Zaglebie Lubin,poland
Yverdon Sport FC,2460,Yverdon-Sport,switzerland
Yupanqui,377558,Yupanqui,argentina
Yunnan Yukun,1009011,Yunnan Yukun,china
Ypiranga RS,32766,Ypiranga FC RS,brazil
Young Lions,34082,Young Lions FC,singapore
Young Boys,2445,Young Boys Bern,switzerland
York,73,York City FC,england
Yongin FC,41266,Yongin City FC,republic-of-korea
Yokohama FC,7061,Yokohama FC,japan
Yokohama F-Marinos,3137,Yokohama F Marinos,japan
Yeovil,131,Yeovil Town,england
Yanbian Longding,793018,Yanbian Longding,china
XV Piracicaba,61692,EC XV de Novembro Piracicaba SP,brazil
Wynnum Wolves,91134,Wynnum Wolves FC,australia
Wycombe,62,Wycombe Wanderers,england
Wuxi Wugo,793008,Wuxi Wugou,china
Wuhan Three Towns,475928,Wuhan Three Towns FC,china
WSG Swarovski Tirol,5405,WSG Tirol,austria
Wrexham,64,Wrexham AFC,england
Worthing,47289,Worthing FC,england-amateur
Worksop Town,80,Worksop Town,england-amateur
Wolverhampton,3,Wolverhampton Wanderers,england
Wollongong Wolves U20,364628,Wollongong Wolves FC,australia
Wollongong Wolves,2940,Wollongong Wolves FC,australia
Wolfsburg (W),5556,VfL Wolfsburg,germany-amateur
Wolfsburg,2524,VFL Wolfsburg,germany
Wolfsberger AC,2076,Wolfsberger AC,austria
Woking,128,Woking FC,england
Wisla Plock,3122,Wisla Plock,poland
Wisla Krakow,3111,Wisla Krakow,poland
Winterthur,2458,FC Winterthur,switzerland
Willem II,2961,Willem II Tilburg,netherlands
Wil 1900,2455,FC Wil 1900,switzerland
Wigan,49,Wigan Athletic,england
Wieczysta Krakow,406863,Wieczysta Krakow,poland
Widzew Lodz,3115,Widzew Lodz,poland
White City FK Beograd,90894,FK Beograd,australia
Wexford FC,7128,Wexford FC,ireland
Weston Super Mare,6341,Weston-super-Mare,england-amateur
Weston Super Mare,147,Eastbourne Borough,england-amateur
Western Sydney Wanderers NPL,264399,Western Sydney Youth,australia
Western Sydney Wanderers (W),174108,Western Sydney Wanderers,australia
Western Sydney Wanderers,72926,Western Sydney Wanderers,australia
Western Knights U23,1237383,Western Knights SC,australia
Western Knights,1237383,Western Knights SC,australia
Western Knights,355220,Western Knights SC,australia
Westerlo,2893,KVC Westerlo,belgium
Westchester SC,1218563,Westchester SC,usa
West Torrens Birkalla,90890,West Torrens Birkalla,australia
West Ham (W),499630,West Ham United FC,england-amateur
West Ham,37,West Ham United,england
West Brom,8,West Bromwich Albion,england
West Adelaide,137694,West Adelaide SC,australia
Werder Bremen (W),36656,Werder Bremen,germany-amateur
Werder Bremen,2534,Werder Bremen,germany
Wellington Phoenix (W),841742,Wellington Phoenix,australia
Wellington Phoenix,7568,Wellington Phoenix FC,australia
Wehen SV,2597,SV Wehen Wiesbaden,germany
Wealdstone,238,Wealdstone FC,england
Watford,24,Watford FC,england
Waterford FC,3194,Waterford FC,ireland
Washington Spirit (W),151012,Washington Spirit,usa
Warta Poznan,7922,Warta Poznan,poland
Walsall,26,Walsall FC,england
Wales,4702,Wales,international
Waldhof Mannheim,2680,SV Waldhof Mannheim 07,germany
Wadi Degla,43568,Wadi Degla SC,egypt
Vysocina Jihlava,4863,FC Vysocina Jihlava,czechia
VVV,2980,VVV Venlo,netherlands
Vukovar 1991,6672,HNK Vukovar 1991,croatia
VSK Aarhus,272767,Vsk Aarhus,denmark
VPS Vaasa,2246,Vaasan Palloseura,finland
Volta Redonda,6982,Volta Redonda FC RJ,brazil
Volsungur,5372,Volsungur,iceland
Volos NFC,373128,Volos NPS,greece
Vojvodina,5150,FK Vojvodina Novi Sad,serbia
VJS Vantaa,283741,VJS,finland
Vizela,5136,FC Vizela,portugal
Vitoria ES,35280,Vitoria FC ES,brazil
Vitoria,1962,EC Vitoria BA,brazil
Vitesse,2958,Vitesse Arnhem,netherlands
Vissel Kobe,3146,Vissel Kobe,international-clubs
Vissel Kobe,3146,Vissel Kobe,japan
Vis Pesaro,2754,Vis Pesaro 1898,italy
Virtus Verona,113761,Virtus Verona,italy
Virtus Entella,43680,Virtus Entella,italy
Villefranche,32934,FC Villefranche Beaujolais,france
Villarreal B,24338,Villarreal CF B,spain
Villarreal,2819,Villarreal CF,spain
Villa San Carlos,107199,CA Villa San Carlos,argentina
Villa Dalmine,112509,Villa Dalmine,argentina
Vila Nova,2021,Vila Nova FC GO,brazil
Viktoria Zizkov,2211,FK Viktoria Zizkov,czechia
Viktoria Plzen,4502,FC Viktoria Plzen,czechia
Vikingur Reykjavik,1908,Vikingur Reykjavik,iceland
Viking FK,1164,Viking FK,norway
Viggbyholms IK,956875,Viggbyholms IK FF,sweden
Viettel FC,40019,The Cong - Viettel FC,vietnam
Vietnam,7050,Vietnam,international
Vidar,709,FK Vidar,norway
Victoriano Arenas,377564,CA Victoriano Arenas,argentina
Vicenza,2722,L.R. Vicenza,italy
Viborg,1288,Viborg FF,denmark
VfL Osnabruck,2581,VfL 1899 Osnabruck,germany
VfB Stuttgart II,2522,VfB Stuttgart II,germany
VfB Stuttgart,2677,VfB Stuttgart,germany
VfB Stuttgart,2677,VfB Stuttgart,international-clubs
Versailles,39126,FC Versailles 78,france
Verona,2701,Hellas Verona,italy
Vermont Green,874799,Vermont Green FC,usa
Verl,2593,SC Verl,germany
Ventforet Kofu,5762,Ventforet Kofu,japan
Venezuela (W),325141,Venezuela,international
Venezuela,4722,Venezuela,international
Venezia,2688,Venezia FC,italy
Vendsyssel FF,1314,Vendsyssel FF,denmark
Velo Clube,88736,AE Velo Clube SP,brazil
Velez Sarsfield,3208,Velez Sarsfield,argentina
Vejle,4872,Vejle BK,denmark
Vegalta Sendai,3148,Vegalta Sendai,japan
Växjö Norra,1877,Vaxjo Norra,sweden
Västra Frölunda IF,1785,Vastra Frolunda IF,sweden
Västerås SK FK,1775,Vasteraas SK,sweden
Vasco da Gama AC,440798,AD Vasco Da Gama AC,brazil
Vasco da Gama,1974,CR Vasco da Gama RJ,brazil
Vasco da Gama,1974,CR Vasco da Gama RJ,international-clubs
Vasalunds IF,5950,Vasalunds IF,sweden
Varbergs BoIS FC,7101,Varbergs BoIS,sweden
Vanspor FK,24750,Van Spor FK,turkiye
Vanraure Hachinohe,118478,Vanraure Hachinohe FC,japan
Vänersborgs IF,102047,Vanersborgs IF,sweden
Vanersborgs FK,157254,Vanersborgs FK,sweden
Vancouver Whitecaps II,22010,Vancouver Whitecaps FC,usa
Vancouver Whitecaps,22010,Vancouver Whitecaps FC,usa
Vancouver Whitecaps,22010,Vancouver Whitecaps FC,international-clubs
Vancouver FC,986603,Vancouver FC,canada
Valur Reykjavik,1899,Valur Reykjavik,iceland
Valley 559 FC,1134171,Valley 559 FC,usa
Valladolid,2831,Real Valladolid,spain
Valerenga,1165,Vaalerenga IF,norway
Valenciennes,5061,Valenciennes FC,france
Valencia,2828,Valencia CF,spain
V-Varen Nagasaki,38154,V-Varen Nagasaki,japan
Uzbekistan (W),132956,Uzbekistan,international
Uzbekistan,4723,Uzbekistan,international
Utsiktens BK,7536,Utsiktens BK,sweden
Uthai Thani FC,672413,Uthai Thani FC,thailand
UTC Cajamarca,87854,UTC de Cajamarca,peru
Utah Royals (W),417001,Utah Royals FC,usa
UTA Arad,221210,FC Uta Arad,romania
USM Khenchela,300444,USM Khenchela,algeria
USM Alger,42206,USM Alger,algeria
USM Alger,42206,USM Alger,international-clubs
USA (W),7424,USA,international
USA,4724,USA,international
US Yacoub El Mansour,1174823,US Yacoub Mansour,morocco
US Siracusa,37177,Siracusa Calcio,italy
US Quevilly,233162,Quevilly-Rouen Metropole,france
US Pianese,117356,US Pianese,italy
US Pergolettese,113757,US Pergolettese Crema,italy
US Orleans,6921,US Orleans,france
US Latina Calcio,44069,Latina Calcio,italy
Uruguay (W),60270,Uruguay,international
Urawa Red Diamonds,3145,Urawa Red Diamonds,japan
University NSW U20,315509,University of NSW,australia
University NSW,315509,University of NSW,australia
University NSW,319451,University of Nsw,australia
Universitatea Cluj,7734,FC Universitatea Cluj,romania
Universitario De Vinto,378092,FC Universitario de Vinto,bolivia
Universitario de Deportes,2305,Universitario de Deportes,peru
Universitario de Deportes,2305,Universitario de Deportes,international-clubs
Universidad de Concepcion,5034,Universidad de Concepcion,chile
Universidad de Chile,3161,Universidad de Chile,chile
Universidad de Chile,3161,Universidad de Chile,international-clubs
Universidad Catolica del Ecuador,21942,CD Universidad Catolica del Ecuador,ecuador
Universidad Catolica,3151,CD Universidad Catolica,chile
Universidad Catolica,3151,CD Universidad Catolica,international-clubs
Unionistas de Salamanca CF,286017,Unionistas de Salamanca CF,spain
Union Santa Fe,3204,Union de Santa Fe,argentina
Union Saint Gilloise,4860,Union Saint-Gilloise,belgium
Union Plaani,728541,Union Plaani,finland
Union La Calera,48242,Deportes Union La Calera,chile
Union Brescia,1276628,Union Brescia,italy
Union Berlin (W),36618,FC Union Berlin,germany-amateur
Union Berlin,2547,Union Berlin,germany
Unia Skierniewice,458143,Unia Skierniewice,poland
Unam Pumas (W),334073,Pumas Unam,mexico
Unam Pumas,1933,Pumas UNAM,mexico
Umraniyespor,55625,Umraniyespor,turkiye
Umm Salal,32490,Umm-Salal SC,qatar
Umea FC,1774,Umea FC,sweden
Ulsan HD,7653,Ulsan HD FC,republic-of-korea
Ullensaker/Kisa,692,Ullensaker/Kisa,norway
Ukraine,4701,Ukraine,international
Ujpest,1924,Ujpest FC Budapest,hungary
Udinese,2695,Udinese Calcio,italy
UD Oliveirense,21831,UD Oliveirense,portugal
UD Leiria,3000,UD Leiria,portugal
UD Ibiza,24368,UD Ibiza,spain
UCV,324069,UCV FC,international-clubs
Uberlandia,32873,Uberlandia EC MG,brazil
UAI Urquiza,112507,CD UAI Urquiza,argentina
Tvååkers IF,22356,Tvaakers IF,sweden
Türkiye,4700,Turkiye,international
Tunisia (W),680665,Tunisia,international
Tuna Luso,21866,Tuna Luso PA,brazil
Tulsa,206015,FC Tulsa,usa
Tukums 2000,36080,FK Tukums 2000/TSS,latvia
Tucuman Central,1319304,Club Tucuman Central Deportes,argentina
TSV Havelse,7827,TSV Havelse,germany
TSG Hoffenheim II,5887,TSG Hoffenheim II,germany
TSG Hoffenheim,2569,TSG Hoffenheim,germany
TSG 1899 Hoffenheim (W),36652,TSG Hoffenheim,germany-amateur
TS Galaxy,475016,TS Galaxy FC,south-africa
Trygg/Lade,250563,Trygg/Lade,norway
Truro City,38001,Truro City,england
Troyes,1652,ESTAC Troyes,france
Tromso,660,Tromsoe IL,norway
Tromsdalen,669,Tromsdalen UIL,norway
Tristan Suarez,93513,CSD Tristan Suarez,argentina
Triestina,2724,Triestina Calcio 1918,italy
Treze,2018,Treze FC PB,brazil
Trento,347514,AC Trento,italy
Trem AP,21865,Trem DC AP,brazil
Trelleborgs FF,1771,Trelleborgs FF,sweden
Treaty United FC,779084,Treaty United,ireland
Trapani,43686,Trapani Calcio,italy
Tranmere,51,Tranmere Rovers FC,england
Tractor Sazi,53715,Tractor Tabriz,international-clubs
Trabzonspor,3051,Trabzonspor,turkiye
TP-47,2280,TP-47,finland
Toulouse,1681,Toulouse FC,france
Toukolan Teras,245399,Toukolan Teras,finland
Tottenham (W),301890,Tottenham Hotspur FC,england-amateur
Tottenham,33,Tottenham Hotspur,england
Tottenham,33,Tottenham Hotspur,international-clubs
Torslanda IK,1790,Torslanda IK,sweden
Torres,2753,SEF Torres Sassari,italy
Torreense,25787,SCU Torreense,portugal
Torquay,104,Torquay United,england-amateur
Toronto FC,7080,Toronto FC,usa
Torns IF,62560,Torns IF,sweden
Torino,2696,Torino FC,italy
Top Oss,2978,TOP Oss,netherlands
Töölön Taisto,194966,Toolon Taisto,finland
Tondela,38396,CD Tondela,portugal
Tonbridge Angels,229,Tonbridge Angels,england-amateur
Tombense,87202,Tombense FC MG,brazil
Toluca (W),334057,Deportivo Toluca FC,mexico
Toluca,1931,Deportivo Toluca FC,mexico
Toluca,1931,Deportivo Toluca FC,international-clubs
Tokyo Verdy,3139,Tokyo Verdy,japan
Tokushima Vortis,21907,Tokushima Vortis,japan
Tochigi SC,26009,Tochigi SC,japan
Tochigi City,245541,Tochigi City FC,japan
Tocantinopolis,245545,Tocantinopolis EC TO,brazil
Tijuana (W),334053,Club Tijuana de Caliente,mexico
Tijuana,36525,Club Tijuana de Caliente,mexico
Tigres UANL (W),334075,CF Tigres UANL,mexico
Tigres UANL,1940,Tigres UANL,mexico
Tigres UANL,1940,Tigres UANL,international-clubs
Tigre,7628,CA Tigre,argentina
Tigre,7628,CA Tigre,international-clubs
Tianjin Jinmen Tigers,3367,Tianjin Jinmen Tiger,china
Throttur Reykjavik,1910,Throttur Reykjavik,iceland
Thor Akureyri,1903,Thor Akureyri,iceland
Thisted FC,1403,Thisted FC,denmark
Thespa Gunma,21906,Thespakusatsu,japan
The Strongest,32529,The Strongest,bolivia
The New Saints,4921,The New Saints FC,wales
Thanh Hoa,33030,Dong A Thanh Hoa,vietnam
Thailand (W),75029,Thailand,international
Thailand,4730,Thailand,international
Teruel,43751,CD Teruel,spain
Ternana (W),943869,Ternana,italy
Ternana,2708,Ternana Calcio,italy
Termalica BB Nieciecza,36851,Bruk-Bet Termalica Nieciecza,poland
Tenerife (W),218002,CD Tenerife,spain
Tenerife,2822,Tenerife CD,spain
Temperley,112499,CA Temperley,argentina
Telstar,2972,SC Telstar,netherlands
Tegevajaro Miyazaki,441260,Tegevajaro Miyazaki,japan
Tecnico Universitario,21941,CD Tecnico Universitario,ecuador
Team Altamura,368724,Team Altamura,italy
Tanjong Pagar United,3038,Tanjong Pagar United,singapore
Tamworth,102,Tamworth FC,england
Tampines Rovers FC,3043,BG Tampines Rovers,singapore
Tampere Utd,2241,Tampere United,finland
Tampa Bay Sun (W),1166969,Tampa Bay Sun FC,usa
Tampa Bay Rowdies,41617,Tampa Bay Rowdies,usa
Talleres Remedios,210418,CA Talleres de Remedios,argentina
Talleres Cordoba,3210,CA Talleres de Cordoba,argentina
Talaea El Geish,43561,Talaea El Gaish,egypt
Tajikistan,23488,Tajikistan,international
Täfteå IK,325375,Taftea IK,sweden
Taby FK,274873,Taby FK,sweden
Syrianska FC,5951,Syrianska FC,sweden
Sydney United U20,339023,Sydney United 58 FC,australia
Sydney United 58,2939,Sydney United 58 FC,australia
Sydney Olympic U20,2938,Sydney Olympic FC,australia
Sydney Olympic,2938,Sydney Olympic FC,australia
Sydney FC NPL,264415,Sydney FC,australia
Sydney FC NPL,321633,Sydney FC Youth,australia
Sydney FC (W),174106,Sydney FC,australia
Sydney FC,5971,Sydney FC,australia
Switzerland U20,22472,Switzerland,international-youth
Switzerland,4699,Switzerland,international
Swit Szczecin,432661,OKS Swit Szczecin,poland
Swindon,53,Swindon Town,england
Sweden,4688,Sweden,international
Swansea,74,Swansea City,england
SW Bregenz,7786,Schwarz-Weiss Bregenz,austria
SV Ried,2049,SV Ried,austria
SV Kapfenberg,2067,Kapfenberger SV,austria
SV Austria Salzburg,43074,Austria Salzburg,austria
Suzhou Dongwu,164044,Suzhou Dongwu,china
Suwon FC,41261,Suwon FC,republic-of-korea
Suwon Bluewings,7652,Suwon Bluewings,republic-of-korea
Sutton Utd,6339,Sutton United,england
Sutherland Sharks U20,92214,Sutherland Sharks,australia
Sutherland Sharks,92214,Sutherland Sharks,australia
Sur SC,57439,Sur SC,oman
Supra du Quebec,1319810,FC Supra Du Quebec,canada
Sunderland,41,Sunderland AFC,england
Sukhothai FC,202485,Sukhothai FC,thailand
Suduva Marijampole,5343,FK Suduva Marijampole,lithuania
Sudtirol,2760,FC Sudtirol Bolzano,italy
Sturt Lions,222542,Sturt Lions,australia
Stromsgodset,1163,Stroemsgodset IF,norway
Strommen,885,Stroemmen IF,norway
Strasbourg (W),659303,RC Strasbourg,france
Strasbourg,1659,Strasbourg Alsace,france
Strasbourg,1659,Strasbourg Alsace,international-clubs
Stranraer,2371,Stranraer FC,scotland
Stoke,29,Stoke City,england
Stockport,10,Stockport County FC,england
Stjørdals/Blink,727,Stjordals-Blink,norway
Stjarnan,1912,Stjarnan Gardabae,iceland
Stirling Macedonia U23,92034,Stirling Macedonia FC,australia
Stirling Macedonia,1237389,Stirling Macedonia FC,australia
Stirling Macedonia,92034,Stirling Macedonia FC,australia
Stirling,2384,Stirling Albion FC,scotland
Stevenage,133,Stevenage FC,england
Stenungsunds IF,22347,Stenungsunds IF,sweden
Stenhousemuir,2370,Stenhousemuir FC,scotland
Stellenbosch FC,43555,Stellenbosch FC,south-africa
Standard Liege,2901,Standard Liege,belgium
Stal Stalowa Wola,7920,ZKS Stal Stalowa Wola,poland
Stal Rzeszow,37207,ZKS Stal Rzeszow,poland
Stal Mielec,38732,FKS Stal Mielec,poland
Staffanstorp United,1300016,Staffanstorp United,sweden
Stade Nyonnais,2490,FC Stade Nyonnais,switzerland
Stade Malien de Bamako,69326,Stade Malien de Bamako,international-clubs
Stade Lausanne-Ouchy,35162,Stade Lausanne Ouchy,switzerland
Stade Briochin,236320,Stade Briochin,france
Stabaek,1162,Stabaek IF,norway
St. Louis City SC,874725,Saint Louis City SC,usa
St. Louis City,874725,Saint Louis City SC,usa
St Polten,2119,SKN St Polten,austria
St Pauli,2526,FC St. Pauli,germany
St Patrick's Athletic,3169,Saint Patrick´s Athletic FC,ireland
St Mirren,2359,St Mirren FC,scotland
St Kitts & Nevis,21819,Saint Kitts and Nevis,international
St Johnstone,2348,St. Johnstone FC,scotland
St George Saints,264425,St George FC,australia
St George Saints,138216,St George Saints FC,australia
St George City FA,316663,St George City FA,australia
St George City FA,323705,St George City FA,australia
St Gallen,2442,FC St. Gallen 1879,switzerland
St Etienne (W),78489,AS Saint-Etienne,france
St Etienne,1678,AS Saint-Etienne,france
St Albans Saints,163430,ST Albans Saints Dinamo SC,australia
SSV Ulm 1846,2580,SSV Ulm 1846,germany
SSD Casarano Calcio,43684,S.S.D. Casarano Calcio,italy
Sreenidi Deccan,862153,Sreenidi Deccan FC,india
Sportivo Trinidense,39722,Sportivo Trinidense,paraguay
Sportivo Trinidense,39722,Sportivo Trinidense,international-clubs
Sportivo San Lorenzo,90972,Sportivo San Lorenzo,paraguay
Sportivo Luqueno,5998,Sportivo Luqueno,paraguay
Sportivo Las Parejas,348532,Sportivo Las Parejas,argentina
Sportivo Italiano,36843,CS Italiano,argentina
Sportivo Belgrano,65664,CS Belgrano,argentina
Sportivo Barracas,165916,CS Barracas,argentina
Sportivo Atenas,475492,CSB Atenas,argentina
Sportivo Ameliano,607728,Sportivo Ameliano,paraguay
Sporting San Jose,313515,Sporting FC,costa-rica
Sporting JAX (W),1232571,Sporting Jacksonville,usa
Sporting JAX,1232493,Sporting Jax,usa
Sporting Gijon,2852,Sporting Gijon,spain
Sporting Cristal,2302,Sporting Cristal,peru
Sporting Cristal,2302,Sporting Cristal,international-clubs
Sporting Club Delhi,643680,Sporting Club Delhi,india
Sporting B,74467,Sporting Lisbon B,portugal
Sporting,3001,Sporting CP,international-clubs
Sporting,3001,Sporting CP,portugal
Sport Recife,1959,SC Recife PE,brazil
Sport Huancayo,33895,Sport Huancayo,peru
Sport Boys,2312,Sport Boys Association,peru
Spokane Zephyr (W),1166967,Spokane Zephyr FC,usa
Spezia,2735,Spezia Calcio,italy
Spennymoor Town,171,Spennymoor Town FC,england-amateur
Spartans FC,2393,Spartans FC,scotland
Spartak Varna,3278,FK Spartak 1918 Varna,bulgaria
Spartak Trnava,2406,FC Spartak Trnava,slovakia
Spartak Subotica,36967,FK Spartak Subotica,serbia
Sparta Rotterdam,2960,Sparta Rotterdam,netherlands
Sparta Prague B,4866,Sparta Prague B,czechia
Sparta Prague,2218,Sparta Prague,czechia
Spain (W),37371,Spain,international
Spain,4698,Spain,international
Southport,122,Southport FC,england-amateur
Southend,99,Southend United,england
Southampton,45,Southampton FC,england
South Shields,47207,South Shields,england-amateur
South Melbourne U23,2944,South Melbourne FC,australia
South Melbourne,2944,South Melbourne FC,australia
South Africa (W),65336,South Africa,international
South Africa,4736,South Africa,international
Sousa,21864,Sousa EC PB,brazil
Sotra,94839,Sotra SK,norway
Sorrento U23,1237377,Sorrento FC,australia
Sorrento FC,1237377,Sorrento FC,australia
Sorrento FC,92032,Sorrento FC,australia
Sorrento,7937,ASD Sorrento 1945,italy
Song Lam Nghe An,33129,Song Lam Nghe An,vietnam
Sonderjyske,1295,Soenderjyske,denmark
Somalia,23472,Somalia,international
Sölvesborgs GoIF,7098,Solvesborgs GIF,sweden
Sollentuna FK,21882,Sollentuna FK,sweden
Solihull Moors,7942,Solihull Moors FC,england
Sol de Mayo,337369,CSD Sol de Mayo,argentina
Sol de America de Formosa,330655,CA Sol de America de Formosa,argentina
Sokol Kleczew,54323,Sokol Kleczew,poland
Sohar Club,99993,Sohar,oman
Sogndal,665,Sogndal Fotball,norway
Sochaux,1657,Sochaux-Montbeliard,france
Smouha,43563,Smouha SC,egypt
Smedby AIS,7096,Smedby AIS,sweden
Slovan Liberec,2219,FC Slovan Liberec,czechia
Slovan Bratislava,2404,SK Slovan Bratislava,slovakia
Slovakia,4697,Slovakia,international
Slovacko,4871,1. FC Slovacko Uherske Hradiste,czechia
Slough,198,Slough Town,england-amateur
Sligo Rovers,3190,Sligo Rovers FC,ireland
Slavia Sofia,3274,PFC Slavia Sofia,bulgaria
Slavia Prague B,602164,SK Slavia Prague B,czechia
Slavia Prague,2216,Slavia Prague,czechia
Slaven Belupo,2042,NK Slaven Belupo,croatia
Slask Wroclaw II,216014,Slask II Wroclaw,poland
Slask Wroclaw,3108,WKS Slask Wroclaw,poland
SKU Amstetten,6281,SKU Amstetten,austria
Skövde AIK,7063,Skovde AIK,sweden
Skive,1304,Skive IK,denmark
Skiljebo SK,1856,Skiljebo SK,sweden
Skeid,679,Skeid Fotball,norway
Skara,22341,Skara FC,sweden
SK Traeff,689,SK Traeff,norway
SK Super Nova,425115,SK Super Nova,latvia
SK Sturm Graz II,2103,SK Sturm Graz II,austria
SK Sturm Graz,2051,SK Sturm Graz,austria
SK Prostejov,76775,1.SK Prostejov,czechia
SK Brann,1159,SK Brann,norway
SK Beveren,4859,SK Beveren,belgium
SK Artis Brno,35264,SK Artis Brno,czechia
SJK Akatemia II,1008155,SJK Akatemia/2,finland
SJK Akatemia,89908,SJK Akatemia,finland
Siwelele FC,1269648,Siwelele FC,south-africa
Sivasspor,3076,Sivasspor,turkiye
Sitra,117220,Sitra Club,bahrain
Sirius,1793,IK Sirius,sweden
Sint-Truidense,2895,St. Truidense VV,belgium
Silkeborg IF,1285,Silkeborg IF,denmark
Sigma Olomouc,2207,SK Sigma Olomouc,czechia
Sigma Olomouc,2207,SK Sigma Olomouc,international-clubs
Shrewsbury,82,Shrewsbury Town,england
Shonan Bellmare,21905,Shonan Bellmare,japan
Shimizu S-Pulse,3133,Shimizu S-Pulse,japan
Shillong Lajong FC,58741,Shillong Lajong FC,india
Shijiazhuang Gongfu FC,793002,Shijiazhuang Gongfu FC,china
Shenzhen Xinpengcheng,422227,Shenzhen Peng City,china
Shenzhen Juniors,1110231,Shenzhen Juniors FC,china
Shelbourne,3174,Shelbourne FC,ireland
Sheff Wed,12,Sheffield Wednesday,england
Sheff Utd,15,Sheffield United,england
Sharjah SCC,34060,Sharjah FC,united-arab-emirates
Shanghai Shenhua,3373,Shanghai Shenhua FC,china
Shanghai Port,41537,Shanghai Port FC,china
Shandong Taishan,3371,Shandong Taishan FC,china
Shamrock Rovers,3177,Shamrock Rovers,ireland
Shakhtar Donetsk,3313,FC Shakhtar Donetsk,ukraine
Shakhtar Donetsk,3313,FC Shakhtar Donetsk,international-clubs
Shabab Al Ordon,40646,Shabab AL Ordun,jordan
Shabab Al Ahli Dubai,370464,Shabab Al Ahli Dubai,united-arab-emirates
Shaanxi Union,1110233,Shaanxi Union FC,china
Sevilla Atletico,7762,Sevilla Atletico,spain
Sevilla (W),77903,Sevilla FC,spain
Sevilla,2833,Sevilla FC,spain
Servette,2448,Servette Geneva,switzerland
Serra Branca EC,931665,Serra Branca EC PB,brazil
Serra Branca,931665,Serra Branca EC PB,brazil
Serik Belediyespor,498470,Serik Belediyespor,turkiye
Sergipe,2016,CS Sergipe SE,brazil
Serbia,6355,Serbia,international
Septemvri Sofia,214054,FK Septemvri Sofia,bulgaria
Seoul E-Land FC,191070,Seoul E-Land FC,republic-of-korea
Seongnam FC,7651,Seongnam Ilhwa,republic-of-korea
Senegal,4739,Senegal,international
Sekhukhune United,760704,Sekhukhune United,south-africa
Seattle Sounders,22009,Seattle Sounders,usa
Seattle Sounders,22009,Seattle Sounders,international-clubs
SE Gama,1978,SE Gama DF,brazil
SD Tarazona,336771,SD Tarazona,spain
SD Raiders,687675,SD Raiders FC,australia
SD Raiders,316737,SD Raiders FC,australia
SD Aucas,5249,SD Aucas,ecuador
SD Atletico Nacional,6106,Atletico Nacional Medellin,colombia
SD Atletico Nacional,6106,Atletico Nacional Medellin,international-clubs
Scunthorpe,85,Scunthorpe United,england
SCR Altach,4856,SCR Altach,austria
Scotland,4695,Scotland,international
Schweinfurt 05,2544,1. FC Schweinfurt 05,germany
Schalke,2530,Schalke 04,germany
Scarborough Athletic,47186,Scarborough Athletic,england-amateur
SC Preussen Munster,2590,SC Preussen 06 Munster,germany
SC Poltava,586811,SC Poltava,ukraine
SC Lokeren-Temse,761290,KSC Lokeren-Temse,belgium
SC Kiryat Yam,239124,MS Football Hapoel Kiryat Yam,israel
SC Grobinas,52220,Grobinas SC/LFS,latvia
SC Freiburg,2538,SC Freiburg,germany
SC Freiburg,2538,SC Freiburg,international-clubs
SC Farense,2998,SC Farense,portugal
SC Bastia,1655,SC Bastia,france
Saudi Arabia,4834,Saudi Arabia,international
Sassuolo (W),377720,Sassuolo Calcio,italy
Sassuolo,2793,Sassuolo Calcio,italy
Sarpsborg,822,Sarpsborg 08,norway
Sarmiento Reserves,295218,CA Sarmiento de Junin,argentina
Sarmiento de Resistencia,65670,CA Sarmiento de Resistencia,argentina
Sarmiento,42338,CA Sarmiento Junin,argentina
Sariyer,4952,Sariyer SK,turkiye
Sao Raimundo RR,90278,Sao Raimundo EC RR,brazil
Sao Paulo (W),552291,Sao Paulo FC SP,brazil
Sao Paulo,1981,Sao Paulo FC SP,brazil
Sao Paulo,1981,Sao Paulo FC SP,international-clubs
Sao Luiz,32768,EC Sao Luiz RS,brazil
Sao Joseense,565594,IF Sao Joseense PR,brazil
Sao Jose RS,32767,EC Sao Jose RS,brazil
Sao Bernardo,47504,Sao Bernardo FC,brazil
Santos Laguna (W),334065,Club Santos Laguna,mexico
Santos Laguna,1948,Club Santos Laguna,mexico
Santos (W),263077,Santos FC SP,brazil
Santos,1968,Santos FC SP,brazil
Santos,1968,Santos FC SP,international-clubs
Santamarina Tandil,165912,CD Santamarina Tandil,argentina
Santa Cruz,1976,Santa Cruz FC PE,brazil
Santa Clara,3011,Santa Clara Azores,portugal
Santa Catarina,510178,Santa Catarina SC,brazil
Sanfrecce Hiroshima,3135,Sanfrecce Hiroshima,japan
Sanfrecce Hiroshima,3135,Sanfrecce Hiroshima,international-clubs
Sandvikens IF,1844,Sandvikens IF,sweden
Sandviken,7472,IL Sandviken,norway
Sandnes Ulf,929,Sandnes Ulf,norway
Sandefjord,676,Sandefjord Fotball,norway
Sandecja Nowy Sacz,36766,Sandecja Nowy Sacz,poland
San Martin SJ,7772,San Martin de San Juan,argentina
San Martin Formosa,269301,Sportivo General San Martin Formosa,argentina
San Martin de Tucuman,23950,San Martin de Tucuman,argentina
San Martin de Mendoza,4474,AC San Martin de Mendoza,argentina
San Martin De Burzaco,388242,CSD San Martin,argentina
San Marino,4833,San Marino,international
San Lorenzo,3201,CA San Lorenzo de Almagro,argentina
San Lorenzo,3201,CA San Lorenzo de Almagro,international-clubs
San Jose,21825,San Jose Earthquakes,usa
San Diego Wave (W),874723,San Diego Wave FC,usa
San Diego FC,1217911,San Diego FC,usa
San Diego FC,1217911,San Diego FC,international-clubs
San Antonio FC,250005,San Antonio FC,usa
San Antonio Bulo Bulo,846036,San Antonio Bulo Bulo,bolivia
Samsunspor,3053,Samsunspor,international-clubs
Samsunspor,3053,Samsunspor,turkiye
Sampdoria,2711,Sampdoria Genoa,italy
Sampaio Correa RJ,342192,Sampaio Correa FE RJ,brazil
Sampaio Correa,342192,Sampaio Correa FE RJ,brazil
Sampaio Correa,2005,Sampaio Correa FC MA,brazil
Sambenedettese,2750,US Sambenedettese,italy
Samail,185588,Samail SC,oman
Sama Al Sarhan,544603,Sama AL Sarhan SC,jordan
SalPa,22394,SalPa,finland
Salisbury,220,Salisbury FC,england-amateur
Salford City,37998,Salford City,england
Salernitana,2710,US Salernitana,italy
Sakaryaspor,3080,Sakaryaspor,turkiye
Saham,40647,Saham,oman
Sagan Tosu,21904,Sagan Tosu,japan
Sagamihara,190658,SC Sagamihara,japan
Sacramento Republic,153498,Sacramento Republic FC,usa
Sacachispas,184969,Sacachispas FC,argentina
Sabadell,24335,CE Sabadell FC,spain
Saarbrucken,2554,1. FC Saarbrucken,germany
RWDM Brussels,220436,RWDM Brussels,belgium
Rwanda,8037,Rwanda,international
Ruch Chorzow,3105,Ruch Chorzow,poland
Rubio Nu,36438,Rubio Nu,paraguay
RSB Berkane,80395,Rs Berkane,international-clubs
RSB Berkane,80395,Rs Berkane,morocco
Rouen,4493,FC Rouen,france
Rotherham,13,Rotherham United,england
Rot-Weiss Essen,2562,Rot-Weiss Essen,germany
Ross County,2365,Ross County FC,scotland
Rosenborg,1161,Rosenborg BK,norway
Rosario Central,3217,CA Rosario Central,argentina
Rosario Central,3217,CA Rosario Central,international-clubs
Romania U20,48813,Romania,international-youth
Roma,2702,AS Roma,italy
Roma,2702,AS Roma,international-clubs
Rodez,6925,Rodez Aveyron Football,france
Roda JC,2954,Roda JC Kerkrade,netherlands
Rockdale Ilinden FC U20,736397,Rockdale Ilinden FC,australia
Rockdale Ilinden FC U20,92210,Rockdale Ilinden FC,australia
Rockdale Ilinden FC,736397,Rockdale Ilinden FC,australia
Rockdale Ilinden FC,92210,Rockdale Ilinden FC,australia
Rochedale Rovers,91146,Rochedale Rovers,australia
Rochdale,103,Rochdale AFC,england
Roasso Kumamoto,21903,Roasso Kumamoto,japan
RKC,2956,RKC Waalwijk,netherlands
River Plate,3211,CA River Plate (ARG),argentina
River Plate,3211,CA River Plate (ARG),international-clubs
Rionegro Aguilas,48244,Aguilas Doradas Rionegro,colombia
Rio Branco ES,49199,Rio Branco AC ES,brazil
Rio Ave,3036,Rio Ave FC,portugal
Riga FC,162368,Riga FC,latvia
Richmond Kickers,23841,Richmond Kickers,usa
Richards Bay FC,367882,Richards Bay FC,south-africa
Rhode Island FC,1092285,Rhode Island FC,usa
RFS,68718,FC RFS,latvia
RFC Seraing,34985,RFC Seraing,belgium
RFC Liege,221182,RFC Liege,belgium
Retro,614088,Retro FC PE,brazil
Resovia Rzeszow,37204,CWKS Resovia,poland
Rep of Ireland,4693,Ireland,international
Renofa Yamaguchi,38146,Renofa Yamaguchi,japan
Rennes,1658,Stade Rennais FC,france
Renate,36586,AC Renate,italy
Renaissance Zemamra,368674,Renaissance Zemamra,morocco
Remo,2012,Clube do Remo PA,brazil
Rekord Bielsko-Biala,240366,Rekord Bielsko Biala,poland
Reipas,66870,Lahden Reipas,finland
Reims,1682,Stade Reims,france
Reilac Shiga,439336,Reilac Shiga FC,japan
Reign FC (W),151010,Seattle Reign FC,usa
Red Star FC 93,52874,Red Star FC,france
Real Zaragoza,2815,Real Zaragoza,spain
Real Tomayapo,613958,CD Real Tomayapo,bolivia
Real Sociedad B,24360,Real Sociedad San Sebastian B,spain
Real Sociedad (W),77897,Real Sociedad San Sebastian,spain
Real Sociedad,2824,Real Sociedad San Sebastian,spain
Real Salt Lake,5133,Real Salt Lake,usa
Real Potosi,7060,Real Potosi,bolivia
Real Pilar,374918,Real Pilar FC,argentina
Real Oviedo,2851,Real Oviedo,spain
Real Oruro,922485,Cdt Real Oruro,bolivia
Real Noroeste,65494,Real Noroeste ES,brazil
Real Murcia,4487,Real Murcia CF,spain
Real Madrid U19,120854,Real Madrid,international-youth
Real Madrid Castilla,5069,Real Madrid Castilla,spain
Real Madrid (W),522312,Real Madrid,international-clubs
Real Madrid (W),522312,Real Madrid,spain
Real Madrid,2829,Real Madrid,spain
Real Madrid,2829,Real Madrid,international-clubs
Real Kashmir FC,275839,Real Kashmir,india
Real Betis,2816,Real Betis Seville,spain
Real Betis,2816,Real Betis Seville,international-clubs
Real Aviles CF,77397,Real Aviles CF,spain
Reading,28,Reading FC,england
RB Leipzig (W),599780,RB Leipzig,germany-amateur
RB Leipzig,36360,RB Leipzig,germany
Rayong FC,337511,Rayong FC,thailand
Rayo Vallecano,2818,Rayo Vallecano,spain
Rayo Vallecano,2818,Rayo Vallecano,international-clubs
Ravenna,5318,Ravenna FC 1913,italy
Raufoss,668,Raufoss IL,norway
Ratchaburi FC,85743,Ratchaburi FC,thailand
Räppe GOIF,327037,Rappe GOIF,sweden
Rapid Vienna II,2092,Rapid Wien II,austria
Rapid Vienna,2055,SK Rapid,austria
Rapid Bucuresti,3302,Rapid Bucuresti 1923,romania
Ranheim,708,Ranheim,norway
Rangers,2351,Glasgow Rangers,scotland
Randers FC,1301,Randers FC,denmark
Rana FK,558170,Rana FK,norway
Ramtha SC,54595,Ramtha SC,jordan
Rakow Czestochowa,35268,RKS Rakow Czestochowa,poland
Rakow Czestochowa,35268,RKS Rakow Czestochowa,international-clubs
Rajasthan United,820934,Rajasthan United,india
Raja Casablanca,41757,Raja Casablanca Athletic,morocco
Raith,2361,Raith Rovers FC,scotland
Ragsveds IF,35643,Raagsveds IF,sweden
Radomiak Radom,7295,RKS Radomiak Radom,poland
Radnicki Nis,25737,FK Radnicki Nis,serbia
Radcliffe FC,257,Radcliffe FC,england-amateur
Racing Santander,2835,Racing Santander,spain
Racing Louisville FC (W),781492,Racing Louisville FC,usa
Racing Ferrol,2843,Racing Club de Ferrol,spain
Racing de Cordoba,399415,CA Racing de Cordoba,argentina
Racing Club de Montevideo,25010,Racing Club Montevideo,uruguay
Racing Club,3215,Racing Club Avellaneda,argentina
Racing Club,3215,Racing Club Avellaneda,international-clubs
RAAL La Louviere,752197,RAAL La Louviere,belgium
Qviding FIF,1815,Qviding FIF,sweden
Quilmes,4936,Quilmes AC,argentina
Queretaro (W),376768,Queretaro FC,mexico
Queretaro,1951,Queretaro FC,mexico
Queen's Park,2379,Queens Park FC,scotland
Queen of South,2368,Queen of the South FC,scotland
QPR,1,Queens Park Rangers,england
Qingdao West Coast,754363,Qingdao West Coast FC,china
Qingdao Hainiu,34695,Qingdao Hainiu FC,china
Qatar SC Doha,25914,Qatar SC,qatar
Pyramids FC,175002,Pyramids FC,international-clubs
Pyramids FC,175002,Pyramids FC,egypt
PVF-CAND,340516,PVF Cong An Nhan Dan FC,vietnam
Puszcza Niepolomice,38729,Puszcza Niepolomice,poland
Puskas Academy,25596,Puskas Akademia FC Felcsut,hungary
Puntarenas,7046,Puntarenas FC,costa-rica
Punjab FC,275171,Punjab FC,india
Puiu,2283,Puistolan Urheilijat,finland
Puerto Nuevo,377562,CA Puerto Nuevo,argentina
Puebla (W),458511,Club Puebla,mexico
Puebla,1941,Club Puebla,mexico
PSV Reserves,46168,Jong PSV Eindhoven,netherlands
PSG,1644,Paris Saint-Germain,france
PSG,1644,Paris Saint-Germain,international-clubs
Pro Vercelli,2769,Pro Vercelli 1892,italy
Pro Patria,2746,Pro Patria Busto Arsizio,italy
Preston Lions,364598,Preston Lions FC,australia
Preston,21,Preston North End,england
Prachuap FC,321791,Prachuap FC,thailand
PPJ/Lauttasaari,1124271,Ppj/Lauttasaari,finland
PPJ,193664,PPJ Helsinki,finland
Pouso Alegre,673707,Pouso Alegre MG,brazil
Potenza,7936,Potenza Calcio,italy
Portuguesa RJ,225938,AA Portuguesa RJ,brazil
Portuguesa,21896,Associacao Portuguesa de Desportos SP,brazil
Portugal U20,22708,Portugal,international-youth
Portsmouth,2,Portsmouth FC,england
Porto Vitoria,838668,Porto Vitoria ES,brazil
Porto Velho,675171,Porto Velho EC/RO,brazil
Porto BA,1126777,Porto SC BA,brazil
Portland Timbers,22007,Portland Timbers,usa
Portland Thorns (W),151008,Portland Thorns FC,usa
Portimonense,3026,Portimonense SAD,portugal
Portadown,5279,Portadown FC,northern-ireland
Port Vale,55,Port Vale,england
Port FC,40661,Port FC,thailand
Pors Grenland,729,Pors Grenland,norway
Pontevedra,4941,Pontevedra CF,spain
Pontedera,24745,US Citta Di Pontedera,italy
Ponte Preta,1969,AA Ponte Preta SP,brazil
Ponferradina,6195,SD Ponferradina,spain
Polonia Warsaw,3119,Polonia Warszawa,poland
Polonia Bytom,7692,Polonia Bytom,poland
Polokwane City,25002,Polokwane City,south-africa
Polissya Zhytomyr,350828,FC Polissya Zhytomyr,ukraine
Poland U20,22707,Poland,international-youth
Poland,4703,Poland,international
Pohang Steelers,7650,FC Pohang Steelers,republic-of-korea
Pogon Szczecin,3117,Pogon Szczecin,poland
Pogon Siedlce,162252,Pogon Siedlce,poland
Pogon Grodzisk Mazowiecki,216968,Pogon Grodzisk Mazowiecki,poland
Podhale Nowy Targ,350248,Podhale Nowy Targ,poland
Podbeskidzie Bielsko Biala,7919,Podbeskidzie Bielsko-Biała,poland
Plymouth,71,Plymouth Argyle,england
Playford,424591,Playford City,australia
Platense,36837,CA Platense,argentina
Platense,36837,CA Platense,international-clubs
PK Keski-Uusimaa,22393,PK Keski-Uusimaa,finland
Pittsburgh Riverhounds,23635,Pittsburgh Riverhounds,usa
Pitea IF (W),32871,Piteaa IF DFF,sweden
Piteå IF,1873,Piteaa IF,sweden
Pisa,2737,Pisa SC,italy
Piaui,189920,Piaui PI,brazil
Piast Gliwice,7918,GKS Piast Gliwice,poland
Phoenix Rising FC,154018,Phoenix Rising FC,usa
Philadelphia,39833,Philadelphia Union,international-clubs
Philadelphia,39833,Philadelphia Union,usa
Pharco FC,307074,Pharco FC,egypt
PFC Oleksandria,25479,FC Oleksandriya,ukraine
Petrolul Ploiesti,25856,FC Petrolul Ploiesti,romania
Petrojet,43567,Petrojet FC,egypt
Peterhead,2385,Peterhead FC,scotland
Peterborough Sports,224846,Peterborough Sports,england-amateur
Peterborough,54,Peterborough United,england
Pescara,2728,Delfino Pescara,italy
Perugia,2698,Perugia Calcio Spa,italy
Peru (W),589045,Peru,international
Peru,4790,Peru,international
Perth SC,1237367,Perth SC,australia
Perth SC,92030,Perth Azzurri,australia
Perth RedStar FC U23,1237385,Perth Redstar FC,australia
Perth RedStar FC,1237385,Perth Redstar FC,australia
Perth RedStar FC,92024,Perth Redstar FC,australia
Perth Glory NPL,141538,Perth Glory FC,australia
Perth Glory (W),174104,Perth Glory FC,australia
Perth Glory,2945,Perth Glory FC,australia
PEPO,2275,PEPO Lappeenranta,finland
Penybont,115185,Pen-y-Bont FC,wales
Peninsula Power,91144,Peninsula Power FC,australia
Pendikspor,7032,Pendikspor,turkiye
Penarol,3227,CA Penarol Montevideo,uruguay
Penarol,3227,CA Penarol Montevideo,international-clubs
Penafiel,3017,FC Penafiel,portugal
PEC Zwolle,2971,PEC Zwolle,netherlands
Paysandu,1997,Paysandu SC PA,brazil
Pau,1685,Pau FC,france
Patronato Parana,43741,CA Patronato Parana,argentina
Patro Eisden Maasmechelen,35076,Patro Eisden Maasmechelen,belgium
Partizan Belgrade,5152,FK Partizan Belgrade,serbia
Partick,2358,Partick Thistle FC,scotland
Parnu JK Vaprus,318005,Parnu JK Vaprus,estonia
Parnahyba,35282,Parnahyba SC PI,brazil
Parma,2690,Parma Calcio,italy
Paris FC (W),308650,Paris FC,france
Paris FC,6070,Paris FC,france
Paris 13 Atletico,610054,Paris 13 Atletico,france
Pardubice,2230,FK Pardubice,czechia
Paraguay (W),603278,Paraguay,international
Paradou AC,238138,Paradou AC,algeria
Para Hills Knights,90886,Para Hills Knights SC,australia
PAOK Salonika,3251,PAOK Thessaloniki,greece
Panserraikos,6347,Panserraikos FC,greece
Panetolikos,7004,Panaitolikos Agrinio,greece
Panathinaikos,3248,Panathinaikos Athens,greece
Panathinaikos,3248,Panathinaikos Athens,international-clubs
Palmeiras (W),552275,SE Palmeiras SP,brazil
Palmeiras,1963,SE Palmeiras SP,brazil
Palmeiras,1963,SE Palmeiras SP,international-clubs
Palestino,3157,CD Palestino,chile
Palestino,3157,CD Palestino,international-clubs
Palermo,2715,Palermo FC,italy
Paksi,6059,Paksi FC,hungary
Paju Frontier FC,418115,Paju Citizen FC,republic-of-korea
Paide Linnameeskond,32476,Paide Linnameeskond,estonia
Pafos FC,171626,Pafos FC,cyprus
Padova,2741,Calcio Padova,italy
Paderborn,2561,SC Paderborn 07,germany
Pacos Ferreira,3003,FC Pacos Ferreira,portugal
Pacific FC,543883,Pacific FC,canada
Pachuca (W),334069,CF Pachuca,mexico
Pachuca,1936,CF Pachuca,mexico
P-Iirot,5117,P-Iirot,finland
Oxford Utd,95,Oxford United,england
Oxford City,25939,Oxford City,england-amateur
Ourense CF,369052,Ourense CF,spain
Otelul Galati,3291,ASC Otelul Galati,romania
Ostersunds FK,1836,Ostersunds FK,sweden
Osters IF,1781,Osters IF,sweden
Oskarshamns AIK,22320,Oskarshamns AIK,sweden
Osasuna B,24328,CA Osasuna B,spain
Osasuna,2820,CA Osasuna,spain
Orlando Pride (W),245093,Orlando Pride,usa
Orlando Pirates,7668,Orlando Pirates FC,south-africa
Orlando City,52237,Orlando City SC,usa
Orijent,25539,Orijent 1919 Rijeka,croatia
Oriente Petrolero,33820,Oriente Petrolero,bolivia
Orgryte IS,1766,Orgryte IS,sweden
Orense,403235,Orense SC,ecuador
Orense,403235,Orense SC,international-clubs
Örebro Syrianska IF,22370,Orebro Syrianska IF,sweden
Orebro SK,1768,Orebro SK,sweden
Orbit College,407263,Orbit College FC,south-africa
Oratorio,90266,Oratorio RC AP,brazil
Orange County SC,235850,Orange County SC,usa
Orange County FC,235850,Orange County SC,usa
Operario VG,35276,CE Operario Varzea-Grandense MT,brazil
Operario PR,39634,Operario Ferroviario EC PR,brazil
Operario MS,317965,Operario FC MS,brazil
Opava,2215,SFC Opava,czechia
Opatija,44480,NK Opatija,croatia
Onsala BK,49956,Onsala BK,sweden
Once Caldas,6118,CD Once Caldas,colombia
Omonia Nicosia,3395,AC Omonia Nicosia,cyprus
Omonia Aradippou,25542,Omonia Aradippou,cyprus
Omiya Ardija,5130,RB Omiya Ardija,japan
Oman FC,57443,Oman Club,oman
Olympique Akbou,527315,Olympique Akbou,algeria
Olympic Kingsway U23,319213,Olympic Kingsway SC,australia
Olympic Kingsway,319213,Olympic Kingsway SC,australia
Olympic Charleroi,7735,Olympic Club De Charleroi,belgium
Olympiakos Nicosia,3401,Olympiakos Nicosia,cyprus
Olympiacos,3245,Olympiacos Piraeus,greece
Olimpo B Blanca,3222,Club Olimpo,argentina
Olimpija Ljubljana,2416,Olimpija Ljubljana,slovenia
Olimpia Grudziadz,37179,Olimpia Grudziadz,poland
Olimpia Asuncion,5997,Club Olimpia,paraguay
Olimpia Asuncion,5997,Club Olimpia,international-clubs
Oldham,65,Oldham Athletic,england
Oita,5129,Oita Trinita,japan
OH Leuven,2918,Oud-Heverlee Leuven,belgium
Ogre United,1015457,Ogre United,latvia
OFK Beograd,5153,OFK Beograd,serbia
OFI Crete,3241,OFI Crete,greece
Odra Opole,7916,Odra Opole,poland
Odisha FC,174592,Odisha FC,india
Odense BK,1286,Odense Boldklub,denmark
Odd BK,659,Odds BK,norway
Obolon Kyiv,3312,FC Obolon Kyiv,ukraine
Oakleigh Cannons U23,92931,Oakleigh Cannons,australia
Oakleigh Cannons,92931,Oakleigh Cannons,australia
Oakland Roots,598758,Oakland Roots SC,usa
O'Higgins,3163,CD O´Higgins,international-clubs
O'Higgins,3163,CD O´Higgins,chile
Nyiregyhaza,5124,Nyiregyhaza Spartacus FC,hungary
NY Red Bulls,2506,New York Red Bulls,usa
NWS Spirit FC,264417,NWS Spirit FC,australia
NWS Spirit FC,2943,NWS Spirit,australia
Nurnberg (W),164534,1. FC Nuremberg,germany-amateur
Nurnberg,2523,1 FC Nuremberg,germany
Nueva Chicago,3200,Nueva Chicago,argentina
Nublense,7029,Nublense,chile
Novorizontino,135514,Gremio Novorizontino SP,brazil
Novo Hamburgo,21983,EC Novo Hamburgo RS,brazil
Novara,2767,Novara FC,italy
Nova Iguacu,6981,Nova Iguacu RJ,brazil
Notts County,56,Notts County,england
Nottm Forest,14,Nottingham Forest,england
Nottm Forest,14,Nottingham Forest,international-clubs
Notodden,833,Notodden FK,norway
Nosaby,22316,Nosaby IF,sweden
Norwich,263,Norwich City,england
Norway U21,6044,Norway,international-youth
Norway,4475,Norway,international
Northeast United,174602,Northeast United FC,india
Northampton,57,Northampton Town,england
North MG,995369,North EC MG,brazil
North Carolina Courage (W),49787,North Carolina Courage,usa
Norrby IF,1849,Norrby IF,sweden
Noroeste,6962,EC Noroeste SP,brazil
Nordic United FC,781030,Nordic United FC,sweden
NK Varazdin,282653,NK Varazdin,croatia
NK Sesvete,54297,NK Sesvete,croatia
NK Rudes,35226,NK Rudes Zagreb,croatia
NK Radomlje,37737,NK Radomlje,slovenia
NK Osijek,2040,NK Osijek,croatia
NK Maribor,2420,NK Maribor,slovenia
NK Lokomotiva Zagreb,36246,NK Lokomotiva Zagreb,croatia
NK Jarun,476940,NK Jarun Zagreb,croatia
NK Dugopolje,43918,NK Dugopolje,croatia
NK Dubrava Zagreb,393756,NK Dubrava Zagreb,croatia
NK Croatia Zmijavci,249455,NK Croatia Zmijavci,croatia
NK Celje,2413,NK Celje,slovenia
NK Celje,2413,NK Celje,international-clubs
Ninh Binh,330079,Ninh Binh FC,vietnam
Ningbo Professional FC,252173,Ningbo Professional FC,china
Nice,1661,OGC Nice,france
Newport County,79,Newport County,england
Newington FC,46523,Newington FC,northern-ireland
Newell's,3212,Newell's Old Boys,argentina
Newcastle Jets (W),174102,Newcastle Jets,australia
Newcastle Jets,2934,Newcastle United Jets,australia
Newcastle,39,Newcastle United,england
Newcastle,39,Newcastle United,international-clubs
New Zealand,4784,New Zealand,international
New York City,167510,New York City FC,usa
New Mexico United,545601,New Mexico United,usa
New England Revolution II,2511,New England Revolution,usa
New England,2511,New England Revolution,usa
New Caledonia,8045,New Caledonia,international
Neuchatel Xamax,2451,Neuchatel Xamax,switzerland
Netherlands U21,5024,Netherlands,international-youth
Neom SC,529781,Neom SC,saudi-arabia
Necaxa (W),334067,Club Necaxa,mexico
Necaxa,1944,Club Necaxa,mexico
ND Primorje,2414,Primorje Ajdovscina,slovenia
Nautico,2011,Nautico PE,brazil
National Bank of Egypt,376278,National Bank of Egypt SC,egypt
Nashville SC,668063,Nashville SC,usa
Nashville SC,668063,Nashville SC,international-clubs
Nara Club,38148,Nara Club,japan
Napoli (W),659283,SSD Napoli,italy
Napoli,2714,SSC Napoli,italy
Nantong Zhiyun,327153,Nantong Zhiyun,china
Nantes (W),518484,FC Nantes,france
Nantes,1647,FC Nantes,france
Nanjing City,754361,Nanjing City,china
Nancy,1675,Nancy-Lorraine,france
Namibia,4832,Namibia,international
Namdhari FC,1067806,Namdhari FC,india
Nam Dinh,33127,Nam Dinh FC,vietnam
Nakhon Ratchasima,189992,Nakhon Ratchasima FC,thailand
Nagoya Grampus,3136,Nagoya Grampus,japan
Nagano Parceiro,79883,AC Nagano Parceiro,japan
Naestved IF,1320,Naestved BK,denmark
Nacka FC,695025,Nacka FC,sweden
Nacional Potosi,47700,CA Nacional Potosi,bolivia
Nacional De Football,3230,Club Nacional de Football,uruguay
Nacional De Football,3230,Club Nacional de Football,international-clubs
Nacional Asuncion,33001,Nacional Asuncion,paraguay
Nacional Asuncion,33001,Nacional Asuncion,international-clubs
Nacional AM,21859,Nacional FC AM,brazil
Nacional,3013,Nacional da Madeira,portugal
NAC,2947,NAC Breda,netherlands
Mushuc Runa,134976,Mushuc Runa SC,ecuador
MuSa,192684,Musan Salama,finland
Municipal Perez Zeledon,6576,Perez Zeledon,costa-rica
Municipal Liberia,6575,Municipal Liberia,costa-rica
Mumbai City FC,174600,Mumbai City,india
Muang Thong United,39946,Muang Thong United,thailand
MTK Budapest,1915,MTK Budapest,hungary
MSV Duisburg,2543,MSV Duisburg,germany
MSK Zilina,2402,MSK Zilina,slovakia
MS Ashdod,5391,MS Ashdod,israel
Mount Pleasant FA,502938,Mount Pleasant FC,international-clubs
Motor Lublin,7915,LKP Motor Lublin,poland
Moto Club,2009,Moto Club MA,brazil
Motherwell,2346,Motherwell FC,scotland
Motala AIF FK,1784,Motala AIF FK,sweden
Moss,662,Moss FK,norway
Morton,2374,Greenock Morton FC,scotland
Morocco (W),362624,Morocco,international
Morocco,4778,Morocco,international
Moreton City Excelsior,1098129,Moreton City Excelsior FC,australia
Moreirense,3014,Moreirense FC,portugal
Morecambe,81,Morecambe FC,england
Monza,2729,AC Monza,italy
Montrose,2386,Montrose FC,scotland
Montpellier (W),36701,Montpellier HSC,france
Montpellier,1642,Montpellier HSC,france
Montevideo Wanderers,3240,Montevideo Wanderers,uruguay
Montevideo City Torque,174972,Montevideo City Torque,uruguay
Montevideo City Torque,174972,Montevideo City Torque,international-clubs
Monterrey (W),334061,CF Monterrey,mexico
Monterrey,1932,CF Monterrey,mexico
Monterrey,1932,CF Monterrey,international-clubs
Monterey Bay FC,868669,Monterey Bay FC,usa
Montenegro,7139,Montenegro,international
Montedio Yamagata,21902,Montedio Yamagata,japan
Monte Roraima,1104921,Monte Roraima RR,brazil
Montana 1921,32642,PFC Montana 1921,bulgaria
Monopoli,25137,SS Monopoli,italy
Monaco,1653,AS Monaco,france
Molde,661,Molde FK,norway
Mohun Bagan SG,759052,Mohun Bagan Super Giant,india
Modern Sport FC,375678,Modern Sport FC,egypt
Modena,2706,Modena FC,italy
Mladost Lucani,7771,FK Mladost Lucani,serbia
Mlada Boleslav,2224,FK Mlada Boleslav,czechia
Mjondalen,903,Mjoendalen IF,norway
Mjällby AIF,1783,Mjallby AIF,sweden
Mixto (W),782104,Mixto EC MT,brazil
Mixto,34005,Mixto EC MT,brazil
Mito Hollyhock,21901,Mito Hollyhock,japan
Mirassol,21982,Mirassol FC SP,brazil
Mirassol,21982,Mirassol FC SP,international-clubs
Mirandes,35092,CD Mirandes,spain
Minnesota Utd,41618,Minnesota United FC,usa
Milton Keynes Dons,4,Milton Keynes Dons,england
Millwall,25,Millwall FC,england
Millonarios,6117,Millonarios FC,colombia
Millonarios,6117,Millonarios FC,international-clubs
Miedz Legnica,35330,Miedz Legnica,poland
Midtjylland,1289,FC Midtjylland,denmark
Midtjylland,1289,FC Midtjylland,international-clubs
Middlesbrough,36,Middlesbrough FC,england
Middelfart,22163,Middelfart BK,denmark
Miami FC,253137,Miami FC,usa
MFK Zemplin Michalovce,7885,MFK Zemplin Michalovce,slovakia
MFK Skalica,111061,MFK Skalica,slovakia
MFK Ruzomberok,2397,MFK Ruzomberok,slovakia
MFK Karvina,23951,MFK Karvina,czechia
MFK Chrudim,36741,MFK Chrudim,czechia
Mexico,4781,Mexico,international
Metz,1651,FC Metz,france
Metrostars,90884,North Eastern Metrostars SC,australia
Metaloglobus Bucuresti,79081,Metaloglobus Bucuresti,romania
Merthyr Town,58167,Merthyr Town,england-amateur
Merida,24351,Merida AD,spain
Melbourne Victory (W),174100,Melbourne Victory,australia
Melbourne Victory,5970,Melbourne Victory,australia
Melbourne City NPL,1320578,Melbourne City FC 2,australia
Melbourne City (W),227542,Melbourne City FC,australia
Melbourne City,42210,Melbourne City FC,australia
Meizhou Hakka,245357,Meizhou Hakka,china
MC Oran,45001,MC Oran,algeria
MC El Bayadh,133466,El Bayadh,algeria
MC Alger,42204,MC Alger,algeria
MB Rouissat,300448,MB Rouissat,algeria
Mazatlan FC (W),334059,Mazatlan FC,mexico
Mazatlan FC,1946,Mazatlan FC,mexico
Matsumoto Y FC,26011,Matsumoto Yamaga FC,japan
Masku,35320,Masku,finland
Marumo Gallants,367886,Marumo Gallants FC,south-africa
Marseille,1641,Olympique Marseille,france
Maritimo,3007,Maritimo Madeira,portugal
Maringa,135324,Maringa FC PR,brazil
Marine,190,Marine FC,england-amateur
Marica,342210,Marica FC RJ,brazil
Marconi Stallions,264413,Marconi Stallions FC,australia
Marconi Stallions,2941,Marconi Stallions,australia
Marcilio Dias,21978,CN Marcilio Dias SC,brazil
Marbella FC,24348,Marbella FC,spain
Maranhao,21858,Maranhao AC MA,brazil
Maracanã,87156,Maracana EC CE,brazil
Mantova,2770,Mantova 1911,italy
Manta FC,33561,Manta FC,ecuador
Mansfield,70,Mansfield Town,england
Manly Utd,92208,Manly United FC,australia
Manly United U20,364620,Manly United FC,australia
Manisa FK,216878,Manisa Futbol Kulubu,turkiye
Manaus,290390,Manaus FC AM,brazil
Manauara,837176,Manauara EC AM,brazil
Man Utd (W),494374,Manchester United WFC,england-amateur
Man Utd (W),494374,Manchester United WFC,international-clubs
Man Utd,35,Manchester United,england
Man City (W),142658,Manchester City WFC,england-amateur
Man City,17,Manchester City,england
Man City,17,Manchester City,international-clubs
Mamelodi Sundowns,7665,Mamelodi Sundowns,international-clubs
Mamelodi Sundowns,7665,Mamelodi Sundowns,south-africa
Malta,4483,Malta,international
Malmo FF (W),675109,Malmo FF,sweden
Malmo FF,1892,Malmo FF,sweden
Mallorca,2826,RCD Mallorca,spain
Malkiya,45477,Malkiya Club,bahrain
Malaga,2830,Malaga CF,spain
Mainz,2556,FSV Mainz,germany
Mainz,2556,FSV Mainz,international-clubs
Maidstone Utd,26003,Maidstone United FC,england-amateur
Maidenhead Utd,166,Maidenhead United FC,england-amateur
Maguary,925353,Maguary PE,brazil
Magic United,781806,Magic United TFA,australia
Magic United,266459,Magic United Tfa,australia
Magesi FC,90844,Magesi FC,south-africa
Magdeburg,2591,1. FC Magdeburg,germany
Madureira,6980,Madureira RJ,brazil
Madrid CFF (W),335007,Madrid CFF,spain
Machida Zelvia,44409,Machida Zelvia,international-clubs
Machida Zelvia,44409,Machida Zelvia,japan
Macclesfield FC,935861,Macclesfield FC,england-amateur
Maccabi Tel Aviv,5198,Maccabi Tel Aviv FC,israel
Maccabi Petach Tikva,5333,Maccabi Petah Tikva FC,israel
Maccabi Netanya,5395,Maccabi Netanya FC,israel
Maccabi Kabilio Jaffa,39526,Maccabi Kabilio Jaffa,israel
Maccabi Herzliya,7478,Maccabi Herzliya,israel
Maccabi Haifa,5197,Maccabi Haifa FC,israel
Maccabi Bnei Raina,401743,Maccabi Bney Reine,israel
Macarthur FC,744369,Macarthur FC,australia
Macara,6001,CSD Macara,ecuador
Macara,6001,CSD Macara,international-clubs
Maastricht,2976,MVV Maastricht,netherlands
Lysekloster,199925,Lysekloster,norway
Lyon,1649,Olympique Lyon,france
Lyon,1649,Olympique Lyon,international-clubs
Lyngby,1756,Lyngby BK,denmark
Lyn 1896,657,Lyn 1896 FK,norway
Luxembourg,4478,Luxembourg,international
Luverdense,40161,Luverdense EC MT,brazil
Luton,72,Luton Town,england
Lusitania Lourosa,35174,Lusitania FC Lourosa,portugal
Lunds BK,1829,Lunds BK,sweden
Lumezzane,2738,AC Lumezzane,italy
Lujan,306574,Club Lujan,argentina
Lugo,24332,CD Lugo,spain
Lugano,2443,FC Lugano,switzerland
Ludogorets Razgrad,43840,PFC Ludogorets 1945 Razgrad,bulgaria
Lucerne,2453,FC Luzern,switzerland
Louisville City FC,206011,Louisville City FC,usa
Loughgall,5276,Loughgall FC,northern-ireland
Loudoun United FC,538329,Loudoun United FC,usa
Los Andes,112497,Club Atletico Los Andes,argentina
Lorient,1656,FC Lorient,france
Lørenskog,684,Loerenskog IF,norway
Longford Town,3175,Longford Town FC,ireland
Londrina,2022,Londrina EC PR,brazil
London City Lionesses (W),606004,London City Lionesses,england-amateur
Lommel,5046,Lommel SK,belgium
Lokomotiv Plovdiv,3272,PFC Lokomotiv Plovdiv,bulgaria
Lokomotiv 1929 Sofia,3277,FC Lokomotiv 1929 Sofia,bulgaria
LNZ Cherkasy,312744,LNZ Cherkasy,ukraine
Llaneros,89374,Llaneros FC,colombia
Llanelli Town,4916,Llanelli Town,wales
LKS Lodz II,681381,LKS Lodz II,poland
LKS Lodz,3123,LKS Lodz,poland
Ljungskile SK,1824,Ljungskile SK,sweden
Livorno,2726,US Livorno 1915,italy
Livingston,2356,Livingston FC,scotland
Liverpool Montevideo,6879,Liverpool Montevideo,uruguay
Liverpool (W),66774,Liverpool LFC,england-amateur
Liverpool,44,Liverpool FC,england
Liverpool,44,Liverpool FC,international-clubs
Lithuania,4776,Lithuania,international
Lions FC,47708,Lions FC,australia
Lion City Sailors FC,3041,Lion City Sailors FC,singapore
Linfield,5272,Linfield FC,northern-ireland
Linero IF,688525,Linero IF,sweden
Lindome GIF,5949,Lindome GIF,sweden
Lindo FF,21874,Lindo FF,sweden
Lincoln City,92,Lincoln City,england
Lillestrom,664,Lillestroem SK,norway
Lille,1643,Lille OSC,france
Lille,1643,Lille OSC,international-clubs
Lilla Torg FF,22309,Lilla Torg FF,sweden
Lierse SK,116075,Koninklijke Lierse Sportkring,belgium
Lidköpings FK,1823,Lidkopings FK,sweden
Libertad FC,838486,Libertad Loja,ecuador
Libertad Asuncion,5996,Libertad Asuncion,paraguay
Libertad Asuncion,5996,Libertad Asuncion,international-clubs
Liaoning Ironman,252175,Liaoning Tieren FC,china
Leyton Orient,83,Leyton Orient London,england
Lexington SC (W),991815,Lexington SC,usa
Lexington SC,980885,Lexington SC,usa
Levski Sofia,3273,PFC Levski Sofia,bulgaria
Levante UD (W),38322,Levante UD,spain
Levante,2849,Levante UD,spain
Levanger,866,Levanger FK,norway
Levadiakos,5063,APO Levadiakos FC,greece
Leones FC,671275,Leones Futbol Club,ecuador
Leones de Rosario,1314460,Leones de Rosario FC,argentina
Leon (W),376764,Club Leon,mexico
Leon,36534,Club Leon,mexico
Lens,1648,Racing Club De Lens,france
Leixoes,3018,Leixoes SC,portugal
Leicester (W),438552,Leicester City WFC,england-amateur
Leicester,31,Leicester City,england
Legia Warsaw,3106,Legia Warszawa,poland
Leganes,2845,CD Leganes,spain
Leeds,34,Leeds United,england
Lechia Gdansk,7913,KS Lechia Gdansk,poland
Lech Poznan,3121,KKS Lech Poznan,poland
Lech Poznan,3121,KKS Lech Poznan,international-clubs
Lecco,7933,Calcio Lecco 1912,italy
Lecce,2689,US Lecce,italy
Leamington,34728,Leamington FC,england-amateur
Le Puy,181754,Le Puy Foot 43 Auvergne,france
Le Mans,1672,Le Mans FC,france
Le Havre,1662,Le Havre AC,france
LDU Quito U20,866799,LDU Quito,international-youth
LDU Quito,5257,LDU Quito,ecuador
LDU Quito,5257,LDU Quito,international-clubs
Lazio,2699,Lazio Rome,italy
Laval,1673,Stade Lavallois MFC,france
Lausanne Sports,2446,Lausanne-Sport,switzerland
Latvia,4706,Latvia,international
LASK Linz,2058,LASK Linz,austria
Las Vegas Lights FC,412157,Las Vegas Lights,usa
Las Palmas,6577,UD Las Palmas,spain
Larne,5184,Larne FC,northern-ireland
Larissa,3265,AE Larissa FC,greece
Laredo Heat,153488,Laredo Heat SC,usa
Lanus,3218,CA Lanus,argentina
Lanus,3218,CA Lanus,international-clubs
Landvetter IS,342144,Landvetter IS,sweden
Landskrona,1772,Landskrona BoIS,sweden
Lamphun Warrior FC,544779,Lamphun Warriors FC,thailand
Lahti,2249,FC Lahti,finland
Laholms FK,1816,Laholms FK,sweden
Laguna RN,951925,Club Laguna SAF,brazil
Lagarto,144856,Lagarto FC SE,brazil
La Serena,5031,Deportes La Serena,chile
LA Galaxy,2513,Los Angeles Galaxy,usa
LA Galaxy,2513,Los Angeles Galaxy,international-clubs
Kyoto Sanga FC,3149,Kyoto Sanga FC,japan
Kvik Halden FK,700,Kvik Halden FK,norway
KV Mechelen,5044,Yellow-Red KV Mechelen,belgium
KV Kortrijk,4858,KV Kortrijk,belgium
Kuopion Elo 1919,889969,Kuopion Elo,finland
Kungsängens IF,539791,Kungsangens IF,sweden
KTP,2255,FC KTP Kotka,finland
Kristiansund BK,957,Kristiansund BK,norway
Kristianstads (W),8086,Kristianstads DFF,sweden
Kristianstad FC,1830,Kristianstad FC,sweden
Krasava ENY Ypsonas,617260,Krasava ENY Ypsonas FC,cyprus
KR Reykjavik,1902,KR Reykjavik,iceland
Kosovo,154426,Kosovo,international
Korona Kielce,5065,Korona Kielce,poland
Konyaspor,3085,Konyaspor,turkiye
Kongsvinger,672,Kongsvinger IL Toppfotball,norway
Kolos Kovalivka,213176,Kolos Kovalivka,ukraine
Kolding IF,22162,Kolding IF,denmark
Kochi United,281405,Kochi United SC,japan
Kocaelispor,3065,Kocaelispor,turkiye
Klubi-04,5918,HJK Klubi 04,finland
KKS Kalisz,273491,KKS 1925 Kalisz,poland
Kjelsås,670,Kjelsaas,norway
Kisvarda FC,25397,Kisvarda FC,hungary
Kings Lynn Town,160,King's Lynn Town,england-amateur
Kimberley Mar del Plata,672815,Kimberley de Mar Del Plata,argentina
Kilmarnock,2347,Kilmarnock FC,scotland
Kiffen,35393,FC Kiffen,finland
Kidderminster,90,Kidderminster Harriers FC,england-amateur
Khor Fakkan,290572,Khor Fakkan Club,united-arab-emirates
KFUM,786,KFUM Oslo,norway
KFCO Beerschot Wilrijk,169260,K Beerschot VA,belgium
KFC Komarno,191850,KFC Komarno,slovakia
Kerry FC,972503,Kerry FC,ireland
Kerala Blasters,174598,Kerala Blasters FC,india
Kenya,4773,Kenya,international
Kelty Hearts,225156,Kelty Hearts FC,scotland
Keflavik,1900,Keflavik IF,iceland
Kazincbarcikai BSC,8059,Kazincbarcikai SC,hungary
Kayserispor,3072,Kayserispor,turkiye
Kawkab Marrakech,47696,Kawkab Athletic Club of Marrakech,morocco
Kawasaki Frontale,5127,Kawasaki Frontale,japan
Kataller Toyama,34035,Kataller Toyama,japan
Kasimpasa,6063,Kasimpasa Istanbul,turkiye
Kashiwa Reysol,3140,Kashiwa Reysol,japan
Kashima Antlers,3134,Kashima Antlers,japan
Karpaty Lviv,3316,Karpaty Lviv,ukraine
Karlsruher SC,2553,Karlsruher SC,germany
Karlslunds IF FK,1867,Karlslunds IF HFK,sweden
Karlovac,25528,NK Karlovac 1919,croatia
Karlbergs BK,22238,Karlbergs BK,sweden
Kansas City Current (W),781494,Kansas City NWSL,usa
Kansas City,2509,Sporting Kansas City,usa
Kanchanaburi Power,766834,Kanchanaburi Power FC,thailand
Kamatamare Sanuki,38157,Kamatamare Sanuki,japan
Kalmar FF,1891,Kalmar FF,sweden
Kaizer Chiefs,7663,Kaizer Chiefs,south-africa
Kaiserslautern,2675,1 FC Kaiserslautern,germany
Kahraba Ismailia,510490,Kahrabaa Ismailia,egypt
Kagoshima United,162632,Kagoshima United,japan
KA Akureyri,1904,KA Akureyri,iceland
Juventus U23,474236,Juventus Next Gen,italy
Juventus (W),377716,Juventus Turin,italy
Juventus,2687,Juventus Turin,italy
Juventude (W),838430,EC Juventude RS,brazil
Juventude,1980,EC Juventude RS,brazil
Juventud Unida Universitario,396508,CA Juventud Unida Universitario San Luis,argentina
Juventud Unida San Miguel,377574,Juventud Unida San Miguel,argentina
Juventud Torremolinos CF,369282,Juventud Torremolinos CF,spain
Juventud De Las Piedras,3224,CA Juventud de Las Piedras,international-clubs
Juventud De Las Piedras,3224,CA Juventud de Las Piedras,uruguay
Juventud Antoniana,93519,Juventud Antoniana,argentina
Juve Stabia,5324,Juve Stabia,italy
Junkeren,94841,IK Junkeren,norway
Junior,6105,CD Junior FC,colombia
Junior,6105,CD Junior FC,international-clubs
Jubilo Iwata,3132,Jubilo Iwata,japan
Juazeirense,61724,SD Juazeirense BA,brazil
Juarez FC (W),600136,FC Juarez,mexico
Juarez FC,215048,FC Juarez,mexico
Juan Pablo II College,1041663,Juan Pablo II College,peru
JS Saoura,79565,JS Saoura,algeria
JS Kabylie,42202,JS Kabylie,algeria
JS Hercules,200267,JS Hercules,finland
Jordan,4771,Jordan,international
Jonsereds IF,7089,Jonsereds IF,sweden
Jonkopings Sodra,1841,Jonkopings Sodra IF,sweden
Joinville,1987,Joinville EC SC,brazil
JK Trans Narva,3343,JK Narva Trans,estonia
JK Tammeka Tartu,138566,Tartu JK Tammeka,estonia
JK Nomme United,37572,FC Nomme United,estonia
JK Nomme Kalju,8091,Nomme Kalju FC,estonia
JJ Urquiza,211856,ASD Justo Jose de Urquiza,argentina
Jippo,2263,JIPPO,finland
Ji-Parana,2006,Ji-Parana FC RO,brazil
Jeonbuk Motors,6908,Jeonbuk FC,republic-of-korea
Jeju United,7649,Jeju SK FC,republic-of-korea
JEF Utd Chiba,3144,JEF United Chiba,japan
Javor Ivanjica,5144,FK Javor Ivanjica,serbia
JaPS,23422,JaPS,finland
Japan (W),7418,Japan,international
Jamshedpur FC,379404,Jamshedpur FC,india
Jahn Regensburg,2567,Jahn Regensburg,germany
Jaguares de Cordoba,89370,Jaguares de Cordoba,colombia
Jagiellonia Bialystok,7691,Jagiellonia Bialystok,poland
Jacuipense,87166,EC Jacuipense BA,brazil
Iwaki FC,345090,Iwaki FC,japan
Ivinhema,34000,Ivinhema MS,brazil
Ituano,2025,Ituano FC SP,brazil
Italy,4707,Italy,international
Itabaiana,21853,AO Itabaiana SE,brazil
Istra 1961,25529,NK Istra 1961,croatia
Istanbulspor,3066,Istanbulspor AS,turkiye
Istanbul Basaksehir,3086,Istanbul Basaksehir,turkiye
Ismaily SC,42366,Ismaily SC,egypt
Ishoj,473205,Ishoej IF,denmark
IRT Tanger,87180,Ittihad Tanger,morocco
Ironi Tiberias,61702,Ironi Tiberias,israel
Ironi Modiin,388096,Ironi Modiin,israel
Iraq,4767,Iraq,international
Iran,4766,IR Iran,international
Ipswich,32,Ipswich Town,england
Inverness CT,2362,Inverness Caledonian Thistle FC,scotland
Internacional de Bogota,1317886,Internacional de Bogota.,colombia
Internacional (W),425633,SC Internacional RS,brazil
Internacional,1966,SC Internacional RS,brazil
Inter Toronto,543891,Inter Toronto FC,canada
Inter Milan U23,1275976,Inter Milano,italy
Inter Milan U19,42728,Inter Milano,international-youth
Inter Milan (W),618606,Inter Milano,italy
Inter Milan,2697,Inter Milano,italy
Inter Miami CF Academy,659691,Inter Miami CF,usa
Inter Miami,659691,Inter Miami CF,usa
Inter Miami,659691,Inter Miami CF,international-clubs
Inter Kashi FC,1061008,Inter Kashi FC,india
Inter de Limeira,135526,AA Internacional Limeira SP,brazil
Instituto AC Cordoba,4937,Instituto AC Cordoba,argentina
Inhumas,511102,Inhumas EC GO,brazil
Indy Eleven,148992,Indy Eleven,usa
Indonesia,4829,Indonesia,international
Independiente Santa Fe,6116,Independiente Santa Fe,colombia
Independiente Santa Fe,6116,Independiente Santa Fe,international-clubs
Independiente Rivadavia,36842,Independiente Rivadavia,international-clubs
Independiente Rivadavia,36842,Independiente Rivadavia,argentina
Independiente Petrolero,498412,Independiente Petrolero,international-clubs
Independiente Petrolero,498412,Independiente Petrolero,bolivia
Independiente Medellin,6115,Independiente Medellin,colombia
Independiente Medellin,6115,Independiente Medellin,international-clubs
Independiente del Valle,39723,CSD Independiente del Valle,ecuador
Independiente del Valle,39723,CSD Independiente del Valle,international-clubs
Independiente Chivilcoy,300078,Independiente de Chivilcoy,argentina
Independiente,3209,CA Independiente Avellaneda,argentina
Independencia,538749,Independencia FC AC,brazil
Incheon Utd,7648,Incheon United FC,republic-of-korea
IMT Novi Belgrade,425691,FK IMT Novi Beograd,serbia
Imperatriz,21852,SD Imperatriz MA,brazil
IK Tord,1828,IK Tord,sweden
IK Start,667,IK Start,norway
IK Sleipner,1800,IK Sleipner,sweden
IK Oddevold,1860,IK Oddevold,sweden
IK Kongahälla,1846,IK Kongahalla,sweden
IK Franke,230570,IK Franke,sweden
IK Brage,1777,IK Brage,sweden
Iguatu,401927,Iguatu CE,brazil
IFK Varnamo,1842,IFK Varnamo,sweden
IFK Umeå,415249,IFK Umea,sweden
IFK Trelleborg,22289,IFK Trelleborg,sweden
IFK Stocksund,327273,IFK Stocksund,sweden
IFK Skövde FK,191150,IFK Skovde FK,sweden
IFK Norrkoping (W),102033,IFK Norrkoping DFK,sweden
IFK Norrkoping,1769,IFK Norrkoping FK,sweden
IFK Mariehamn,5058,IFK Mariehamn,finland
IFK Lidingo,1870,IFK Lidingo FK,sweden
IFK Kumla,22287,IFK Kumla,sweden
IFK Haninge,82443,IFK Haninge,sweden
IFK Goteborg,1761,IFK Goteborg,sweden
IFK Berga,34708,IFK Berga,sweden
IF Vestri,256267,IF Vestri,iceland
IF Karlstad II,802592,IF Karlstad Fotbollutveckling,sweden
IF Karlstad,732797,IF Karlstad Fotbol,sweden
IF Gnistan,2271,IF Gnistan,finland
IF Eker Örebro,22276,IF Eker Orebro,sweden
IF Boljan,1225617,IF Boljan Falkenberg,sweden
Iceland (W),22024,Iceland,international
IBV Vestmannaeyjar,1895,IBV Vestmannaeyjar,iceland
Ibri Club,652894,Ibri,oman
IAPE,49203,Iape MA,brazil
IA Akranes,1898,IA Akranes,iceland
Hwaseong FC,202343,Hwaseong FC,republic-of-korea
HW Welders,39534,Harland And Wolff Welders,northern-ireland
Hvidovre IF,1305,Hvidovre IF,denmark
Hutnik Krakow,38719,KS Hutnik Krakow SSA,poland
Husqvarna FF,1820,Husqvarna FF,sweden
Huracan Las Heras,206435,CA Huracan Las Heras,argentina
Huracan,7629,CA Huracan,argentina
Hungary U21,6030,Hungary,international-youth
Hungary,4709,Hungary,international
Hume City,92927,Hume City,australia
Hull,96,Hull City,england
Huima/Urho,22383,Huima/Urho,finland
Huesca,24265,SD Huesca,spain
Huddersfield,59,Huddersfield Town,england
Huachipato,3164,Huachipato,chile
Hrvace,6670,NK Hrvace,croatia
Hradec Kralove,2217,FC Hradec Kralove,czechia
HPS,49530,HPS,finland
Houston Dynamo,2508,Houston Dynamo,usa
Houston Dash (W),151006,Houston Dash,usa
Hougang United FC,34083,Hougang United FC,singapore
Horsham,206,Horsham FC,england-amateur
Hornchurch FC,25940,Hornchurch FC,england-amateur
Hong Linh Ha Tinh,541735,Ha Tinh FC,vietnam
Honefoss,678,Hoenefoss BK,norway
Holstein Kiel,2573,Holstein Kiel,germany
Holland,4705,Netherlands,international
Hokkaido Consadole Sapporo,3142,Hokkaido Consadole Sapporo,japan
Hodd,680,Hoedd IL,norway
Hobro IK,1392,Hobro IK,denmark
Hoang Anh Gia Lai,33125,Hoang Anh Gia Lai,vietnam
HNK Rijeka,2039,HNK Rijeka,croatia
HNK Rijeka,2039,HNK Rijeka,international-clubs
HNK Gorica,43917,HNK Gorica,croatia
HNK Cibalia,2031,HNK Cibalia Vinkovci,croatia
HK Kopavogur,7121,HK Kopavogur,iceland
HJS,330431,HJS,finland
HJK Helsinki,2242,HJK Helsinki,finland
Hillerød,1371,Hillerod Fodbold,denmark
HIFK,142654,HIFK,finland
Hibernian,2354,Hibernian FC,scotland
HFX Wanderers FC,543881,HFX Wanderers FC,canada
Hestrafors IF,475738,Hestrafors IF,sweden
Hertha Wels,459941,FC Hertha Wels,austria
Hertha Berlin,2528,Hertha BSC,germany
Herrestads AIF,210386,Herrestads AIF,sweden
Hereford,107,Hereford FC,england-amateur
Herediano,7045,CS Herediano,costa-rica
Hercules,2877,Hercules de Alicante CF,spain
Heracles,2977,Heracles Almelo,netherlands
Henan,34692,Henan,china
Hemel Hempstead,47045,Hemel Hempstead Town,england-amateur
Helsingborg,1890,Helsingborgs IF,sweden
Helmond Sport,2974,Helmond Sport,netherlands
Heidenheim,5885,1. FC Heidenheim,germany
Heidelberg Utd,142724,Heidelberg United FC,australia
Hegelmann Litauen,171484,FC Hegelmann Kaunas,lithuania
Heerenveen,2964,SC Heerenveen,netherlands
Hearts,2353,Heart of Midlothian FC,scotland
HB Køge,36095,HB Koege,denmark
Haverfordwest,4915,Haverfordwest County AFC,wales
Haugesund,673,FK Haugesund,norway
Hatayspor,3091,Hatayspor Antakya,turkiye
Hässleholms IF,22274,Hassleholms IF,sweden
Hartlepool,101,Hartlepool United,england
Hartford Athletic,538327,Hartford Athletic,usa
Hartberg,2075,TSV Hartberg,austria
Harrogate Town,159,Harrogate Town,england
Harju JK Laagri,560360,Harju JK Laagri,estonia
Haras El Hedoud,43566,Haras El Hodood,egypt
Hapoel Tel-Aviv,5396,Hapoel Tel Aviv FC,israel
Hapoel Rishon Lezion,5394,Hapoel Rishon Lezion FC,israel
Hapoel Ramat Gan,7385,Hapoel Ramat Gan Givatayim FC,israel
Hapoel Raanana,5398,Hapoel Ra`anana FC,israel
Hapoel Petach Tikva,5199,Hapoel Petah Tikva FC,israel
Hapoel Nof HaGalil,5393,Hapoel Nof Hagalil FC,israel
Hapoel Kfar Shalem,65204,Hapoel Kfar Shalem FC,israel
Hapoel Kfar Saba,5200,Hapoel Kfar Saba FC,israel
Hapoel Jerusalem,86406,Hapoel Jerusalem FC,israel
Hapoel Ironi Kiryat Shmona,5399,Hapoel Ironi Kiryat Shmona FC,israel
Hapoel Haifa,5201,Hapoel Haifa FC,israel
Hapoel Hadera,39525,Hapoel Hadera FC,israel
Hapoel Beer Sheva,5202,Hapoel Be`er Sheva FC,israel
Hapoel Afula,39521,Hapoel Afula FC,israel
Hapoel Acre,7380,Hapoel Acre FC,israel
Hansa Rostock,2533,Hansa Rostock,germany
Hannover 96,2541,Hannover 96,germany
Hanacka Slavia Kromeriz,4865,SK Hanacka Slavia Kromeriz,czechia
Hampton & Richmond,155,Hampton & Richmond Borough,england-amateur
Hammarby TFF,785288,Hammarby Talang FF,sweden
Hammarby,1758,Hammarby IF,sweden
HamKam,666,HamKam,norway
Hamilton,2376,Hamilton Academical FC,scotland
Hamburger SV (W),5548,Hamburger SV,germany-amateur
Hamburg,2676,Hamburger SV,germany
Halmstad,1767,Halmstads BK,sweden
Halifax,87,FC Halifax Town,england
Hajduk Split,2036,HNK Hajduk Split,croatia
Haiti,7229,Haiti,international
Hai Phong,33124,Haiphong FC,vietnam
Ha Noi FC,33130,Hanoi FC,vietnam
Gyor Eto FC,1923,WKW ETO FC Gyor,hungary
Gyeongnam FC,22020,Gyeongnam FC,republic-of-korea
Gwangju FC,48912,Gwangju FC,republic-of-korea
GV San Jose,1015661,GV Club Deportivo San Jose de Oruro,bolivia
Guingamp,1654,EA Guingamp,france
Guimaraes,3009,Vitoria SC Guimaraes,portugal
Guillermo Brown,53801,Guillermo Brown,argentina
Gubbio,2782,AS Gubbio,italy
Guayaquil City,171976,Guayaquil City FC,ecuador
Guarany de Bage,21966,Guarany de Bage FC,brazil
Guarani Asuncion,5994,Club Guarani Asuncion,paraguay
Guarani,1972,Guarani FC SP,brazil
Guaporé RO,675181,Guapore  RO,brazil
Guangxi Hengchen,1110227,Guangxi Hengchen FC,china
Guangdong GZ-Power,1110267,Guandong GZ-Power FC,china
Guadalupe FC,362800,Guadalupe FC,costa-rica
Guabira,47701,Guabira Montero,bolivia
Grotta Seltjarnarnes,41099,Grotta,iceland
Grorud,7320,Grorud IL,norway
Grindavik,1897,UMF Grindavik,iceland
Grimsby,18,Grimsby Town,england
Greuther Furth,2551,Greuther Furth,germany
Grenoble,1671,Grenoble Foot,france
Grenada,21814,Grenada,international
Gremio Novorizontino,135514,Gremio Novorizontino SP,brazil
Gremio,5926,Gremio FB Porto Alegrense RS,brazil
Gremio,5926,Gremio FB Porto Alegrense RS,international-clubs
Green Gully,92925,Green Gully SC,australia
Greece,4710,Greece,international
Grazer AK,2052,Grazer AK 1902,austria
Grasshoppers,2449,Grasshopper Club Zurich,switzerland
Granada (W),114819,Granada CF,spain
Granada,33779,Granada CF,spain
Goztepe,3054,Goztepe Izmir,turkiye
Gotham FC (W),34718,Gotham FC,usa
Gornik Zabrze,3110,Gornik Zabrze,poland
Gornik Leczna,3125,Gornik Leczna,poland
Golden Arrows,7664,Lamontville Golden Arrows,south-africa
Gold Coast Knights,391734,Gold Coast Knights,australia
Gokulam FC,393250,Gokulam Kerala FC,india
Goiatuba,646902,Goiatuba EC GO,brazil
Goias,1960,Goias EC GO,brazil
Godoy Cruz,6074,CD Godoy Cruz,argentina
Go Ahead Eagles,2979,Go Ahead Eagles,netherlands
Glentoran,5179,Glentoran FC,northern-ireland
Glenavon,5183,Glenavon FC,northern-ireland
GKS Tychy,35272,GKS Tychy,poland
GKS Katowice,3112,GKS Katowice,poland
GKS Jastrzebie,7911,GKS Jastrzebie,poland
Giugliano,5307,Giugliano Calcio 1928,italy
Girona,24264,Girona FC,spain
Giravanz Kitakyushu,40029,Giravanz Kitakyushu,japan
Gimnastic,2840,Gimnastic de Tarragona,spain
Gimnasia y Tiro,258465,Gimnasia Y Tiro de Salta,argentina
Gimnasia Y Esgrima De Chivilcoy,1191759,Gimnasia de Chivilcoy,argentina
Gimnasia Mendoza,189099,Gimnasia y Esgrima Mendoza,argentina
Gimnasia LP Reserves,295192,Gimnasia de la Plata Reserve,argentina
Gimnasia LP,3205,Gimnasia y Esgrima La Plata,argentina
Gimnasia Jujuy,5292,Gimnasia y Esgrima de Jujuy,argentina
Gimnasia C. Uruguay,93517,Gimnasia y Esgrima de Concepcion del Uruguay,argentina
Gimhae FC 2008,41260,Gimhae FC,republic-of-korea
Gimcheon Sangmu FC,7647,Gimcheon Sangmu FC,republic-of-korea
Gillingham,20,Gillingham FC,england
Gilla FC,1232211,Gilla FC,finland
Gil Vicente,3010,Gil Vicente Barcelos,portugal
GIF Sundsvall,1763,GIF Sundsvall,sweden
Gibraltar,129264,Gibraltar,international
Giana Erminio,117232,AS Giana Erminio,italy
Ghazl El Mahallah,58319,Ghazl El Mahallah,egypt
Geylang International,3044,Geylang International FC,singapore
Getafe,2859,Getafe CF,spain
Germany U20,22473,Germany,international-youth
Germany,4711,Germany,international
Georgia,4763,Georgia,international
Gent,2903,KAA Gent,belgium
Genoa (W),512870,Genoa CFC Women,italy
Genoa,2713,Genoa CFC,italy
Genk II,912461,Jong KRC Genk,belgium
Genk,2890,KRC Genk,belgium
Genk,2890,KRC Genk,international-clubs
General Lamadrid,377556,CA General Lamadrid,argentina
Genclerbirligi,7802,Genclerbirligi SK,turkiye
Gefle IF,1778,Gefle IF,sweden
GBK,2295,GBK Kokkola,finland
Gaziantep FK,5138,Gaziantep FK,turkiye
Gateshead,157,Gateshead FC,england
Gangwon FC,34220,Gangwon FC,republic-of-korea
Gamba Osaka,3138,Gamba Osaka,japan
Gama,1978,SE Gama DF,brazil
Galway United,3172,Galway United FC,ireland
Galvez AC,245535,Galvez EC AC,brazil
Galtabäcks BK,1321832,Galtabacks BK,sweden
Galatasaray U19,3061,Galatasaray Istanbul,turkiye
Galatasaray,3061,Galatasaray Istanbul,turkiye
Galatasaray,3061,Galatasaray Istanbul,international-clubs
GAIS,1786,GAIS,sweden
Gainare Tottori,38141,Gainare Tottori,japan
Fylkir Reykjavik,1896,Fylkir Reykjavik,iceland
FUS Rabat,55027,FUS Rabat,morocco
Fulham,43,Fulham FC,england
Fukushima Utd,38140,Fukushima United FC,japan
Fujieda MYFC,118500,Fujieda MYFC,japan
FSV 63 Luckenwalde,36358,FSV Luckenwalde,germany-amateur
FS Jelgava,36081,FS Jelgava,latvia
Frosinone,2801,Frosinone Calcio,italy
Fremantle City FC,319209,Fremantle City,australia
Fremad Amager,35412,BK Fremad Amager,denmark
Freiburg (W),5550,SC Freiburg,germany-amateur
Fredrikstad,687,Fredrikstad FK,norway
Francs Borains,280181,Royal Francs Borains,belgium
France (W),32485,France,international
Fram Reykjavik,1893,Fram Reykjavik,iceland
Foshan Nanshi,1110241,Foshan Nanshi FC,china
Fortuna Sittard,2957,Fortuna Sittard,netherlands
Fortuna Dusseldorf,2588,Fortuna Dusseldorf,germany
Fortaleza CEIF,89368,Fortaleza FC,colombia
Fortaleza,2020,Fortaleza EC CE,brazil
Fort Lauderdale Utd (W),1166965,Fort Lauderdale United FC,usa
Forli,2783,Forli FC,italy
Forge FC,543879,Forge FC Hamilton,canada
Forfar,2375,Forfar Athletic FC,scotland
Forest Green,94,Forest Green Rovers,england
Follo,855,Follo,norway
Foggia,2803,Calcio Foggia,italy
FOC Farsta,22263,FOC Farsta,sweden
Fluminense PI,773398,Fluminense EC PI,brazil
Fluminense (W),552281,Fluminense FC RJ,brazil
Fluminense,1961,Fluminense FC RJ,brazil
Fluminense,1961,Fluminense FC RJ,international-clubs
Floresta,401925,Floresta EC CE,brazil
Flint Town Utd,37090,Flint Town United,wales
Flint City Bucks,575815,Flint City Bucks,usa
Fleetwood Town,23959,Fleetwood Town,england
Flamengo (W),321495,CR Flamengo RJ,brazil
Flamengo,5981,CR Flamengo RJ,brazil
Flamengo,5981,CR Flamengo RJ,international-clubs
FK Zeleznicar Pancevo,425695,FK Zeleznicar Pancevo,serbia
FK Zeleziarne Podbrezova,7887,FK Zeleziarne Podbrezova,slovakia
FK Zalgiris Vilnius,5345,Vilnius FK Zalgiris,lithuania
FK Usti nad Labem,4868,FK Usti nad Labem,czechia
FK Transinvest,885005,FK Transinvest,lithuania
FK Teplice,2208,FK Teplice,czechia
FK Riteriai,547277,FK Riteriai,lithuania
FK Radnik Surdulica,111127,FK Radnik Surdulica,serbia
FK Radnicki 1923,43981,FK Radnicki 1923 Kragujevac,serbia
FK Pribram,2213,FK Pribram,czechia
FK Panevezys,197434,FK Panevezys,lithuania
FK Novi Pazar,25736,FK Novi Pazar,serbia
FK Napredak,7674,FK Napredak Krusevac,serbia
FK Liepaja,146336,FK Liepaja,latvia
FK Kauno Zalgiris,80741,FK Kauno Zalgiris,lithuania
FK Karlskrona,87692,FK Karlskrona,sweden
FK Jerv,862,FK Jerv,norway
FK Jablonec,2205,FK Jablonec,czechia
FK Dziugas Telsiai,168446,Dziugas,lithuania
FK Cukaricki,5148,FK Cukaricki Belgrade,serbia
FK Csikszereda Miercurea Ciuc,391688,AFK Csikszereda Miercurea Ciuc,romania
FK Austria Vienna,2203,FK Austria Wien,austria
FK Auda,5346,FK Auda Riga,latvia
Fittja IF,693257,Fittja IF,sweden
First Vienna FC 1894,2054,First Vienna FC 1894,austria
Fiorentina (W),373090,ACF Fiorentina,italy
Fiorentina,2693,ACF Fiorentina,italy
Fiorentina,2693,ACF Fiorentina,international-clubs
Finn Harps,3181,Finn Harps FC,ireland
Figueirense,1985,Figueirense FC SC,brazil
FH Hafnarfjordur,1894,FH Hafnarfjordur,iceland
FF Jaro II,283591,FF Jaro Akademia,finland
FF Jaro,2252,FF Jaro,finland
Feyenoord,2959,Feyenoord Rotterdam,netherlands
Fethiyespor,7041,Fethiyespor,turkiye
Ferroviario,32672,Ferroviario AC CE,brazil
Ferroviaria (W),263071,Ferroviaria SP,brazil
Ferroviaria,35285,Ferroviaria Araraquara SP,brazil
Ferrocarril Midland,388194,CA Ferrocarril Midland,argentina
Ferro Carril Oeste,36841,Ferro Carril Oeste,argentina
Ferencvarosi TC,1925,Ferencvarosi Budapest,hungary
Ferencvarosi TC,1925,Ferencvarosi Budapest,international-clubs
Fenix,112495,CA Fenix Pilar,argentina
Fenerbahce,3052,Fenerbahce Istanbul,turkiye
Felgueiras 1932,3030,FC Felgueiras 1932,portugal
Feirense,4501,CD Feirense,portugal
FCSB,3301,Fotbal Club FCSB,romania
FC Zurich,2450,FC Zurich,switzerland
FC Zlin,2220,FC Zlin,czechia
FC Volendam,2968,FC Volendam,netherlands
FC Viktoria Köln,53365,FC Viktoria Cologne,germany
FC Veres Rivne,213180,Veres Rivne,ukraine
FC Vaduz,2463,FC Vaduz,switzerland
FC Vaajakoski,23531,FC Vaajakoski,finland
FC Utrecht Reserves,53067,Jong FC Utrecht,netherlands
FC Utrecht,2948,FC Utrecht,netherlands
FC Unirea 2004 Slobozia,44259,FC Unirea 2004 Slobozia,romania
FC Twente,2955,FC Twente Enschede,netherlands
FC Trollhättan,1791,FC Trollhattan,sweden
FC Tokyo,3147,FC Tokyo,japan
FC Thun,2454,FC Thun,switzerland
FC Tatran Presov,2403,1. FC Tatran Presov,slovakia
FC Stockholm Internazionale,258613,FC Stockholm Internazionale,sweden
FC Sion,2452,FC Sion,switzerland
FC Silon Taborsko,24782,FC Silon Taborsko,czechia
FC Seoul,7646,FC Seoul,republic-of-korea
FC Salzburg,2046,FC Salzburg,austria
FC Ryukyu,44528,FC Ryukyu,japan
FC Rukh Lviv,277645,FC Rukh Lviv,ukraine
FC Roskilde,4873,FC Roskilde,denmark
FC Rosengård 1917,7095,FC Rosengaard 1917,sweden
FC Rapperswil-Jona,37390,FC Rapperswil-Jona,switzerland
FC Porto B,74469,FC Porto B,portugal
FC Porto,3002,FC Porto,portugal
FC Porto,3002,FC Porto,international-clubs
FC Osaka,223228,FC Osaka,japan
FC Nordsjaelland,1292,FC Nordsjaelland,denmark
FC Naples,1218557,FC Naples,usa
FC Metalist 1925,373230,FC Metalist 1925 Kharkiv,ukraine
FC Lok Leipzig,24093,1. FC Lokomotive Leipzig,germany-amateur
FC Liefering,7790,FC Liefering,austria
FC Levadia Tallinn,3342,FCI Levadia Tallinn,estonia
FC Kuressaare,7106,FC Kuressaare,estonia
FC Kudrivka,543813,FK Kudrivka,ukraine
FC Kryvbas Kriviy Rih,3320,FC Kryvbas Kriviy Rih,ukraine
FC Kosice,168476,FK Kosice,slovakia
FC Koper,2417,FC Koper,slovenia
FC Kafr Qasim,238982,FC Kafr Qasim,israel
FC Jokerit,2245,FC Jokerit Helsinki,finland
FC Jazz,35395,FC Jazz,finland
FC Järfälla,22262,FC Jarfalla,sweden
FC Inter Turku,2247,FC Inter Turku,finland
FC Inter II,283675,FC Inter Turku 2,finland
FC Inter,2247,FC Inter Turku,finland
FC Ingolstadt,5880,FC Ingolstadt 04,germany
FC Imabari,79907,FC Imabari,japan
FC Helsingor,6392,FC Helsingoer,denmark
FC Guidonia Montecelio 1937,281373,Guidonia Montecelio 1937 FC,italy
FC Groningen,2951,FC Groningen,netherlands
FC Goa,174594,FC Goa,india
FC Gifu,21900,FC Gifu,japan
FC Fredericia,1302,FC Fredericia,denmark
FC Flora Tallinn,3346,Tallinna FC Flora,estonia
FC Fleury 91 (W),373326,FC Fleury,france
FC Fleury 91,83361,FC Fleury 91,france
FC Emmen,2965,FC Emmen,netherlands
FC Eindhoven,2994,FC Eindhoven,netherlands
FC Dordrecht,2973,FC Dordrecht,netherlands
FC Den Bosch,2963,FC Den Bosch,netherlands
FC Dallas,2512,FC Dallas,usa
FC Copenhagen,1284,FC Copenhagen,denmark
FC Como (W),865429,SSD FC Como,italy
FC Cologne (W),278255,1 FC Cologne,germany-amateur
FC Cincinnati,245305,FC Cincinnati,usa
FC Cincinnati,245305,FC Cincinnati,international-clubs
FC Cascavel,21891,Cascavel PR,brazil
FC Cartagena,24329,FC Cartagena,spain
FC Cajamarca,1065398,FC Cajamarca,peru
FC Brno,2210,FC Zbrojovka Brno,czechia
FC Botosani,24798,FC Botosani,romania
FC Blau Weiss Linz,2113,Blau-Weiss Linz,austria
FC Badalona (W),77893,FC Badalona Women,spain
FC Atlético Cearense,33775,FC Atletico CE,brazil
FC Arouca,25777,FC Arouca,portugal
FC Arlanda,342150,FC Arlanda,sweden
FC Arges Pitesti,116221,ACS Champions FC Arges,romania
FC Anyang,32675,FC Anyang,republic-of-korea
FC Andorra,610334,FC Andorra,spain
FBK Karlstad,22236,FBK Karlstad,sweden
FBC Melgar,2308,FBC Melgar,peru
Fatih Karagumruk U19,4954,Fatih Karagumruk Istanbul,turkiye
Fatih Karagumruk,4954,Fatih Karagumruk Istanbul,turkiye
Farul Constanta,3294,FC Farul Constanta,romania
Farnborough,88,Farnborough FC,england-amateur
FAR Rabat,24394,AS Far Rabat,international-clubs
FAR Rabat,24394,AS Far Rabat,morocco
Famalicao,49531,FC Famalicao,portugal
Falkirk,2363,Falkirk FC,scotland
Falkenbergs FF,1812,Falkenbergs FF,sweden
Fagiano Okayama,34034,Fagiano Okayama,japan
FA Siauliai,557322,FA Siauliai,lithuania
Eyupspor,7040,Eyupspor,turkiye
Exeter,86,Exeter City,england
Excursionistas,65672,CA Excursionistas,argentina
Excelsior,2967,Excelsior Rotterdam,netherlands
Everton de Vina,5032,CD Everton Vina del Mar,chile
Everton (W),36704,Everton FC,england-amateur
Everton,48,Everton FC,england
Eupen,2926,KAS Eupen,belgium
Etoile Carouge,2497,Etoile Carouge FC,switzerland
Ethnikos Achna,3396,Ethnikos Achnas FC,cyprus
Estudiantes Rio Cuarto,369108,Estudiantes Rio Cuarto,argentina
Estudiantes LP,3206,Estudiantes de La Plata,argentina
Estudiantes LP,3206,Estudiantes de La Plata,international-clubs
Estrella del Sur Alejandro Korn,1074128,Club Estrella Del Sur (Alejandro Korn),argentina
Estrela Amadora,744135,Estrela Amadora,portugal
Estoril,4500,Estoril Praia,portugal
Esperance de Tunis,59628,Esperance Sportive de Tunis,international-clubs
Espanyol (W),38323,RCD Espanyol Barcelona,spain
Espanyol,2814,Espanyol Barcelona,spain
Eskilstuna Utd (W),112689,Eskilstuna United DFF,sweden
Eskilsminne IF,62558,Eskilsminne IF,sweden
Esenler Erokspor,365676,Esenler Erokspor,turkiye
Escobar FC,1298359,Escobar FC,argentina
Esbjerg,1287,Esbjerg FB,denmark
ES Setif,41756,ES Setif,algeria
ES Mostaganem,186100,ES Mostaganem,algeria
ES Ben Aknoun,133444,Ben Aknoun,algeria
Erzurumspor FK,55603,Erzurumspor FK,turkiye
Erzgebirge Aue,2566,Erzgebirge Aue,germany
Epitsentr Kamianets-Podilskyi,602316,FC Epitsentr Kamianets-Podilskyi,ukraine
Enskede IK,5290,Enskede IK,sweden
Enppi,43564,Enppi Club,egypt
Enosis Paralimni,3405,Enosis Neon Paralimni FC,cyprus
Enköping,1780,Enkopings SK,sweden
England (W),7415,England,international
England,4713,England,international
Enfield Town,45361,Enfield Town,england-amateur
Empoli,2705,Empoli FC,italy
Emelec,5255,CS Emelec,ecuador
Elversberg,2598,SV 07 Elversberg,germany
Elgin,2380,Elgin City FC,scotland
Elfsborg,1762,IF Elfsborg,sweden
Eldense,47321,Club Deportivo Eldense,spain
Elche,2846,Elche CF,spain
El Zamalek,42368,Zamalek SC,international-clubs
El Zamalek,42368,Zamalek SC,egypt
El Porvenir,388934,Club El Porvenir,argentina
El Paso Locomotive FC,545599,El Paso Locomotive FC,usa
El Masry,43560,Al Masry Club,egypt
El Masry,43560,Al Masry Club,international-clubs
El Gounah,43565,El Gouna FC,egypt
Eintracht Frankfurt (W),5541,Eintracht Frankfurt,germany-amateur
Eintracht Frankfurt,2674,Eintracht Frankfurt,germany
Eintracht Braunschweig,2557,Eintracht Braunschweig,germany
Eik Tønsberg,797,FK Eik Toensberg 871,norway
Eidsvold TF,694,Eidsvold TF,norway
Eibar (W),562732,SD Eibar,spain
Eibar,2839,SD Eibar,spain
Ehime FC,8060,Ehime FC,japan
Egersunds,920,Egersunds IK,norway
Edinburgh City,26252,Edinburgh City FC,scotland
Ecuador (W),182526,Ecuador,international
EC Primavera MT,689755,Primavera AC MT,brazil
Ebbsfleet United,114,Ebbsfleet United FC,england-amateur
Eastleigh,6191,Eastleigh FC,england
Eastern Suburbs,91136,Eastern Suburbs FC,australia
Eastbourne Borough,147,Eastbourne Borough,england-amateur
East Kilbride,170622,East Kilbride FC,scotland
East Fife,2382,East Fife FC,scotland
East Bengal Club,40655,SC East Bengal,india
Dynamo Kyiv,3305,FC Dynamo Kyiv,ukraine
Dynamo Dresden,2595,Dynamo Dresden,germany
DUX Logrono (W),441022,Cdef Logrono,spain
Durban City,1176555,Durban City,south-africa
Dunkerque,6918,USL Dunkerque,france
Dungannon Swifts,5271,Dungannon Swifts,northern-ireland
Dunfermline,2350,Dunfermline Athletic FC,scotland
Dundee Utd,2349,Dundee United,scotland
Dundee,2357,Dundee FC,scotland
Dundalk,3179,Dundalk FC,ireland
Dunajska Streda,23833,DAC 1904 Dunajska Streda,slovakia
Dumbarton,2377,Dumbarton FC,scotland
Dukla Praha,7739,Dukla Prague,czechia
Dubai United,779068,Dubai United FC,united-arab-emirates
Drogheda United,3180,Drogheda United FC,ireland
DR Congo,4823,Congo DR,international
Dover,129,Dover Athletic FC,england-amateur
Dorking,173464,Dorking Wanderers,england-amateur
Doncaster,84,Doncaster Rovers,england
Dominican Republic,21813,Dominican Republic,international
Dobrudzha 1919 Dobrich,5242,PFC Dobrudzha Dobrich,bulgaria
Djurgardens (W),1878,Djurgardens IF DFF,sweden
Djurgarden,1759,Djurgardens IF,sweden
Diosgyori VTK,5121,Diosgyori VTK,hungary
Dingnan Ganilan FC,204595,Jiangxi Dingnan United,china
Dinamo Zagreb,2032,GNK Dinamo Zagreb,croatia
Dinamo Bucharest,3292,FC Dinamo Bucuresti 1948,romania
Dijon (W),477222,Dijon FCO,france
Dijon,1686,Dijon FCO,france
Difaa El Jadida,55043,Difaa Hassani d'el-Jadida,morocco
Dibba Al Fujairah,81309,Dibba Al Fujairah,united-arab-emirates
Dianella White Eagles U23,1329658,Dianella White Eagles SC U23,australia
Dianella White Eagles,254835,Dianella White Eagles SC,australia
Diamond Harbour FC,923063,Diamond Harbour FC,india
Dhofar,57455,Dhofar SCSC,oman
Detroit City FC,437402,Detroit City FC,usa
Desportiva Ferroviaria,34011,Desportiva Ferroviaria ES,brazil
Derry City,3170,Derry City FC,ireland
Derby,27,Derby County,england
Deportivo Saprissa,6574,Deportivo Saprissa San Jose,costa-rica
Deportivo Rincon,405425,Deportivo Rincon,argentina
Deportivo Riestra,191648,Deportivo Riestra AFBC,argentina
Deportivo Riestra,191648,Deportivo Riestra AFBC,international-clubs
Deportivo Recoleta,463345,Recoleta FC,paraguay
Deportivo Recoleta,463345,Recoleta FC,international-clubs
Deportivo Pereira,6109,Deportivo Pereira FC SA,colombia
Deportivo Pasto,6113,AD Pasto,colombia
Deportivo Paraguayo,377554,Deportivo Paraguayo,argentina
Deportivo Muniz,340928,Deportivo Muniz,argentina
Deportivo Moquegua,1084092,CD Moquegua,peru
Deportivo Merlo,36840,Deportivo Merlo,argentina
Deportivo Maldonado,3234,Deportivo Maldonado,uruguay
Deportivo Maipu,240854,CD Maipu,argentina
Deportivo Madryn,258463,Deportivo Madryn,argentina
Deportivo Liniers,196432,CSD Liniers,argentina
Deportivo Laferrere,273669,CSCD Laferrere,argentina
Deportivo La Guaira,36437,Deportivo La Guaira,international-clubs
Deportivo La Coruna (W),355084,RC Deportivo De La Coruna,spain
Deportivo La Coruna,2832,RC Deportivo De La Coruna,spain
Deportivo Garcilaso,655773,Deportivo Garcilaso,peru
Deportivo Fabril,24342,RC Deportivo Fabril,spain
Deportivo Español,165914,CSDC Espanol,argentina
Deportivo Cuenca,5251,CD Cuenca,ecuador
Deportivo Camioneros,336147,Deportivo Camioneros,argentina
Deportivo Cali,6112,Deportivo Cali,colombia
Deportivo Armenio,93105,CD Armenio,argentina
Deportes Tolima,6111,CD Tolima,colombia
Deportes Tolima,6111,CD Tolima,international-clubs
Deportes Limache,434002,Deportes Limache,chile
Deportes Concepcion,3160,Deportes Concepcion,chile
Denver Summit FC (W),1319038,Denver Summit FC,usa
Denmark (W),7414,Denmark,international
Denmark,4476,Denmark,international
Dender,2922,FCV Dender EH,belgium
Dempo SC,34217,Dempo SC,india
Democrata GV,21848,EC Democrata MG,brazil
Delfin SC,241468,Delfin SC,ecuador
Degerfors,1807,Degerfors IF,sweden
Defensores Unidos,93515,CA Defensores Unidos,argentina
Defensores Puerto Vilelas,790236,CA Defensores de Vilelas,argentina
Defensores de Cambaceres,306572,Defensores de Cambaceres,argentina
Defensores de Belgrano VR,260593,CAS Defensores de Belgrano,argentina
Defensores de Belgrano,260593,CAS Defensores de Belgrano,argentina
Defensores de Belgrano,52215,CA Defensores de Belgrano,argentina
Defensor Sporting,3229,Defensor Sporting,uruguay
Defensa y Justicia,36839,Defensa y Justicia,argentina
Decisao,617186,Decisao PE,brazil
Debreceni VSC,1921,Debreceni VSC,hungary
De Graafschap,2949,De Graafschap,netherlands
DC United,2502,DC United,usa
DC Power (W),1166963,DC Power FC,usa
Darmstadt,2576,SV Darmstadt 98,germany
Darlington,91,Darlington FC,england-amateur
Danubio,3228,Danubio FC,uruguay
Dandenong Thunder,92923,Dandenong Thunder,australia
Dandenong City U23,243494,Dandenong City SC,australia
Dandenong City,243494,Dandenong City SC,australia
Damac FC,220298,Damac FC,saudi-arabia
Dalstorp IF,68856,Dalstorps IF,sweden
Dallas Trinity (W),1166961,Dallas Trinity FC,usa
Dalian Young Boy,1009005,Dalian Yingbo FC,china
Dalian K'un City,1110197,Dalian Kun City,china
Dag & Red,121,Dagenham and Redbridge FC,england-amateur
Daejeon Hana Citizen,7645,Daejeon Citizen FC,republic-of-korea
Daegu FC,7644,Daegu FC,republic-of-korea
Da Nang,33121,SHB Da Nang,vietnam
Czechia U20,22678,Czechia,international-youth
Czechia,4714,Czechia,international
Cyprus,4482,Cyprus,international
Cusco FC,63760,Cusco FC,peru
Cusco FC,63760,Cusco FC,international-clubs
Curzon Ashton,25936,Curzon Ashton FC,england-amateur
Cultural Leonesa,2868,Cultural Leonesa,spain
Cuiaba,49202,Cuiaba EC MT,brazil
Cucuta Deportivo,6108,Cucuta Deportivo FC,colombia
CSKA Sofia,3275,PFC CSKA Sofia,bulgaria
CSKA 1948 Sofia,288687,FC CSKA 1948,bulgaria
CSD Flandria,112505,CSD Flandria,argentina
CS U Craiova,116223,CS Universitatea Craiova,romania
CS Dock Sud,388100,CS Dock Sud,argentina
CS Constantine,55393,CS Constantine,algeria
Crystal Palace,7,Crystal Palace,england
Crystal Palace,7,Crystal Palace,international-clubs
Crvena Zvezda,5149,FK Crvena Zvezda Belgrade,serbia
Cruzeiro (W),552283,Cruzeiro EC MG,brazil
Cruzeiro,1954,Cruzeiro EC MG,brazil
Cruzeiro,1954,Cruzeiro EC MG,international-clubs
Cruz Azul (W),334055,Cruz Azul,mexico
Cruz Azul,1947,CF Cruz Azul,mexico
Cruz Azul,1947,CF Cruz Azul,international-clubs
Crusaders,5180,Crusaders FC,northern-ireland
Croydon FC,90878,Croydon FC,australia
Crotone,2718,FC Crotone,italy
Criciuma,1984,Criciuma EC SC,brazil
Crewe,19,Crewe Alexandra,england
Cremonese,2761,US Cremonese,italy
CRB,22032,CR Brasil AL,brazil
Crawley Town,4875,Crawley Town,england
Cracovia Krakow,4901,MKS Cracovia Krakow,poland
CRAC,21893,CRA Catalano GO,brazil
CR Belouizdad,42207,CR Belouizdad,algeria
CR Belouizdad,42207,CR Belouizdad,international-clubs
Coventry,11,Coventry City,england
Cove Rangers,8062,Cove Rangers FC,scotland
Cottbus,2532,Energie Cottbus,germany
Cosenza,2716,Cosenza Calcio,italy
Corum FK,77629,Corum FK,turkiye
Cork City,40896,Cork City FC,ireland
Coritiba,1982,Coritiba FC PR,brazil
Corinthians (W),260739,SC Corinthians SP,brazil
Corinthians,1957,SC Corinthians SP,brazil
Corinthians,1957,SC Corinthians SP,international-clubs
Cordoba,2850,Cordoba CF,spain
Coquimbo Unido,3165,Coquimbo Unido,chile
Coquimbo Unido,3165,Coquimbo Unido,international-clubs
Connah's Quay,4912,Connah's Quay Nomads FC,wales
Cong An Ha Noi,196371,Cong An Ha Noi FC,vietnam
Confianca,2017,AD Confianca SE,brazil
Concarneau,6917,US Concarneau,france
Como,2704,Como 1907,italy
Comerciantes Unidos,241860,Comerciantes Unidos,peru
Colwyn Bay,597088,Colwyn Bay,wales
Columbus Crew,2504,Columbus Crew,usa
Colorado Switchbacks FC,206017,Colorado Springs Switchbacks FC,usa
Colorado Rapids,2510,Colorado Rapids,usa
Colon,3207,Colon de Santa Fe,argentina
Colombia (W),46631,Colombia,international
Colombia,4820,Colombia,international
Cologne,2671,1. FC Cologne,germany
Colo Colo,3155,Colo-Colo,chile
Coleraine,5270,Coleraine FC,northern-ireland
Colchester,66,Colchester United,england
CODM Meknes,55025,CODM Meknes,morocco
Cobresal,3167,Cobresal,chile
Cobresal,3167,Cobresal,international-clubs
Cobh Ramblers,3185,Cobh Ramblers,ireland
Clyde,2360,Clyde FC,scotland
Club Villa Mitre,269551,Villa Mitre de Bahia Blanca,argentina
Club Mercedes,354964,Club Mercedes,argentina
Club Leandro N. Alem,337371,CDM Leandro N. Alem,argentina
Club Comunicaciones,112501,Club Comunicaciones,argentina
Club Ciudad de Bolivar,672813,Club Ciudad de Bolivar,argentina
Club Brugge U19,283389,Club Brugge,international-youth
Club Brugge II,76445,Club NXT,belgium
Club Brugge,2888,Club Brugge,belgium
Club Aurora,33714,Club Aurora,bolivia
Club Atletico Progreso,3238,CA Progreso,uruguay
Club Atletico Mitre,313625,Mitre Santiago del Estero,argentina
Club Atlético El Linqueño,354960,CA Linqueno,argentina
Club America (W),340986,Club America,mexico
Club America,1939,CF America,mexico
Club America,1939,CF America,international-clubs
Cliftonville,5181,Cliftonville FC,northern-ireland
Clermont Foot,1680,Clermont Foot 63,france
Cittadella,2717,AS Cittadella,italy
Cipolletti,341072,Club Cipolletti,argentina
Cienciano,2301,CS Cienciano,peru
Cienciano,2301,CS Cienciano,international-clubs
Cianorte,21892,Cianorte FC PR,brazil
Chungnam Asan FC,676363,Chungnam Asan FC,republic-of-korea
Chungbuk Cheongju,567083,Chungbuk Cheongju FC,republic-of-korea
Chrobry Glogow,53296,Chrobry Glogow,poland
Chorley,217,Chorley FC,england-amateur
Chongqing Tonglianglong,1009007,Chongqing Tonglianglong FC,china
Chonburi,35886,Chonburi FC,thailand
Chojniczanka Chojnice,105963,MKS Chojniczanka Chojnice,poland
Chivas Guadalajara (W),334071,CD Guadalajara,mexico
Chivas Guadalajara,1938,CD Guadalajara,mexico
Chippenham Town,34725,Chippenham Town FC,england-amateur
Chippa United,70946,Chippa United FC,south-africa
Chinese Taipei (W),39990,Chinese Taipei,international
China U23,49032,China,international-youth
China PR (W),7413,China PR,international
China,4755,China PR,international
Chile (W),49281,Chile,international
Chile,4754,Chile,international
Chicago Stars (W),34714,Chicago Stars FC,usa
Chicago Fire,2505,Chicago Fire,usa
Chiangrai Utd,66566,Chiangrai United,thailand
Chesterfield,68,Chesterfield FC,england
Chester,262,Chester FC,england-amateur
Chesham,177,Chesham United,england-amateur
Cherno More Varna,3280,PFC Cherno More Varna,bulgaria
Cheonan City,41263,Cheonan City FC,republic-of-korea
Chennaiyin FC,174590,Chennaiyin FC,india
Chengdu Rongcheng,252167,Chengdu Rongcheng,china
Cheltenham,69,Cheltenham Town,england
Chelsea (W),66768,Chelsea FC,england-amateur
Chelsea (W),66768,Chelsea FC,international-clubs
Chelsea,38,Chelsea FC,england
Chelsea,38,Chelsea FC,international-clubs
Chelmsford,23958,Chelmsford City,england-amateur
Chaves,3025,GD Chaves,portugal
Chattanooga FC,153486,Chattanooga FC,usa
Chateauroux,1666,LB Chateauroux,france
Charlton,47,Charlton Athletic,england
Charlotte Independence,206009,Charlotte Independence,usa
Charlotte FC,863473,Charlotte FC,usa
Charleston Battery,22004,Charleston Battery,usa
Charleroi,2898,Royal Charleroi SC,belgium
Chapecoense,21845,Chapecoense SC,brazil
Chanmari FC,633526,Chanmari FC,india
Changchun Yatai,34694,Changchun Yatai,china
Chacarita Juniors,3214,Chacarita Juniors,argentina
CFR Cluj,5287,FC CFR 1907 Cluj,romania
CF Talavera,47567,CF Talavera de La Reina,spain
CF Montreal,22006,CF Montreal,usa
Ceske Budejovice,2221,SK Dynamo Ceske Budejovice,czechia
Cesena,2742,Cesena FC,italy
Cerro Porteno,5991,Cerro Porteno,paraguay
Cerro Porteno,5991,Cerro Porteno,international-clubs
Cerro Largo,25009,Cerro Largo FC,uruguay
Cerro,22011,CA Cerro,uruguay
Cerezo Osaka,3141,Cerezo Osaka,japan
Cercle Brugge,2929,Cercle Brugge,belgium
Ceramica Cleopatra,758264,Ceramica Cleopatra,egypt
Centro Espanyol,299336,Centro Espanol,argentina
Central PE,21844,Central SC PE,brazil
Central Norte,341070,CA Central Norte Salta,argentina
Central Espanol,3232,Central Espanol FC,uruguay
Central Cordoba SdE,65676,CA Central Cordoba SE,argentina
Central Cordoba Rosario,224836,CA Central Cordoba Rosario,argentina
Central Coast Mariners FC (W),771208,Central Coast Mariners,australia
Central Coast Mariners,5966,Central Coast Mariners,australia
Central Ballester,377552,Central Ballester,argentina
Celtic,2352,Celtic Glasgow,scotland
Celta Vigo,2821,RC Celta de Vigo,spain
Celta Vigo,2821,RC Celta de Vigo,international-clubs
Celta Fortuna,24336,RC Celta Fortuna,spain
Ceilandia,35279,Ceilandia EC DF,brazil
CEFAT Tirol,845622,CF Atletas do Tirol CE,brazil
Ceara,2001,Ceara SC CE,brazil
CE Europa,135672,CE Europa,spain
CDA Monte Maiz,854829,CD Argentino Monte Maiz,argentina
CD Moron,93109,Deportivo Moron,argentina
CD Los Chankas,330537,Los Chankas CYC,peru
CD Guadalajara S.A.D.,24330,CD Guadalajara,spain
CD Castellon,5067,CD Castellon,spain
CD Arenteiro,366802,CD Arenteiro,spain
CD Alaves,2885,Deportivo Alaves,spain
Caykur Rizespor,3064,Caykur Rizespor,turkiye
Caxias,2000,SER Caxias do Sul,brazil
Cavese,6361,Cavese 1919,italy
Cavalry FC,543877,Cavalry FC,canada
Catanzaro,2796,US Catanzaro,italy
Catania,2725,Calcio Catania,italy
Castanhal,529951,Castanhal EC PA,brazil
Casertana,53857,Casertana FC,italy
Casa Pia,36365,Casa Pia Lisbon,portugal
Cartagines,7044,CS Cartagines,costa-rica
Carrick Rangers,36783,Carrick Rangers,northern-ireland
Carrarese,2745,Carrarese Calcio,italy
Caroline Springs George Cross,610642,Caroline Springs George Cross FC,australia
Carolina Ascent (W),1108137,Carolina Ascent,usa
Carlisle,78,Carlisle United,england
Carl Zeiss Jena (W),23954,FC Carl Zeiss Jena,germany-amateur
Cardiff Met Uni,167106,Cardiff Metropolitan University FC,wales
Cardiff,61,Cardiff City,england
Caracas,6230,Caracas FC,international-clubs
Carabobo,6229,Carabobo FC,international-clubs
Carabobo,6229,Carabobo FC,venezuela
Capital TO,674989,Capital FC TO,brazil
Capital DF,529973,Capital CF DF,brazil
Cape Verde,4753,Cape Verde,international
Canuelas FC,329911,Canuelas FC,argentina
Canberra Utd (W),174098,Canberra United FC,australia
Canada (W),7412,Canada,international
Canada,4752,Canada,international
Campobasso,43858,Campobasso FC,italy
Campbelltown City,90874,Campbelltown City SC,australia
Cameroon,4751,Cameroon,international
Cambuur Leeuwarden,2970,SC Cambuur,netherlands
Cambridge Utd,63,Cambridge United,england
Cagliari,2719,Cagliari Calcio,italy
Caernarfon,4909,Caernarfon Town FC,wales
Caen,1667,SM Caen,france
Cadiz,4488,Cadiz CF,spain
Cacereno,2878,CP Cacereno SAD,spain
CA Sarmiento de la Banda,593568,CA Sarmiento de la Banda,argentina
CA San Telmo,241512,CA San Telmo,argentina
CA San Miguel,373076,CA San Miguel,argentina
CA Lugano,182126,CA Lugano,argentina
CA Ituzaingo,374916,CA Ituzaingo,argentina
CA Guemes,266889,CA Guemes,argentina
CA Germinal,855199,CA Germinal,argentina
CA Estudiantes Caseros,93107,CA Estudiantes,argentina
CA Douglas Haig,76199,Douglas Haig,argentina
CA Colegiales,112493,CA Colegiales,argentina
CA Claypole,377570,CA Claypole,argentina
CA Chaco For Ever,332409,CA Chaco For Ever,argentina
CA Brown de Adrogue,107201,CA Brown de Adrogue,argentina
CA Bartolome Mitre,855135,CA Bartolome Mitre,argentina
CA Atlas,182701,CA Atlas,argentina
CA Atlanta,53799,CA Atlanta,argentina
CA Alvarado,397002,CA Alvarado,argentina
CA 9 de Julio Rafaela,331181,CA 9 de Julio Rafaela,argentina
Buxton,36381,Buxton FC,england-amateur
Busan I Park,7642,Busan I Park,republic-of-korea
Burton Albion,134,Burton Albion,england
Burnley,6,Burnley FC,england
Burkina Faso,4749,Burkina Faso,international
Buriram United,34218,Buriram United,international-clubs
Buriram United,34218,Buriram United,thailand
Burgos,2854,Burgos CF,spain
Budapest Honved,1916,Budapest Honved FC,hungary
Budaiya,193666,AL Budaiya,bahrain
Bucheon FC 1995,92539,Bucheon FC 1995,republic-of-korea
BSG Chemie Leipzig,270785,BSG Chemie Leipzig,germany-amateur
Bryne,663,Bryne FK,norway
Brusque,21884,Brusque FC SC,brazil
Brooklyn FC,1312976,Brooklyn FC,usa
Brooklyn (W),1166959,Brooklyn FC,usa
Brondby,1281,Broendby IF,denmark
Brommapojkarna (W),112697,IF Brommapojkarna,sweden
Brommapojkarna,1787,IF Brommapojkarna,sweden
Bromley,180,Bromley FC,england
Briton Ferry,130034,Briton Ferry,wales
Bristol Rovers,76,Bristol Rovers,england
Bristol City,58,Bristol City,england
Brisbane Roar NPL,137384,Brisbane Roar FC,australia
Brisbane Roar (W),174078,Brisbane Roar FC,australia
Brisbane Roar,5968,Brisbane Roar FC,australia
Brisbane Olympic FC U23,91928,Olympic FC Brisbane,australia
Brisbane Olympic FC,91928,Olympic FC Brisbane,australia
Brisbane City,91920,Brisbane City FC,australia
Brighton (W),372788,Brighton and Hove Albion WFC,england-amateur
Brighton,30,Brighton & Hove Albion,england
Brest,1715,Stade Brest 29,france
Brentford,50,Brentford FC,england
Breidablik,1901,Breidablik Kopavogur,iceland
Brazil (W),7411,Brazil,international
Brazil,4748,Brazil,international
Bray Wanderers,3171,Bray Wanderers AFC,ireland
Brattvåg,954,Brattvaag,norway
Brasiliense,2024,Brasiliense FC DF,brazil
Brasil de Pelotas,1986,Gremio Esportivo Brasil,brazil
Braintree Town,182,Braintree Town FC,england
Bragantino (W),749357,Red Bull Bragantino SP,brazil
Bragantino,1999,Red Bull Bragantino SP,brazil
Bragantino,1999,Red Bull Bragantino SP,international-clubs
Braga,2999,SC Braga,portugal
Braga,2999,SC Braga,international-clubs
Bradford,22,Bradford City FC,england
Brackley,25935,Brackley Town FC,england
Brabrand,1398,Brabrand IF,denmark
Boyaca Chico,6107,Boyaca Chico FC,colombia
Bournemouth,60,AFC Bournemouth,england
Bourg-Peronnas,35056,Football Bourg-En-Bresse Peronnas 01,france
Boulogne,1711,US Boulogne,france
Botev Vratsa,36938,POFC Botev Vratsa,bulgaria
Botev Plovdiv,5241,Botev Plovdiv,bulgaria
Botafogo SP,1979,Botafogo FC SP,brazil
Botafogo PB,49196,Botafogo FC PB,brazil
Botafogo (W),552289,Botafogo Fr RJ,brazil
Botafogo,1958,Botafogo FR RJ,brazil
Botafogo,1958,Botafogo FR RJ,international-clubs
Boston Utd,124,Boston United FC,england
Boston River,174970,CA Boston River,international-clubs
Boston River,174970,CA Boston River,uruguay
Boston Legacy FC (W),1319036,Boston Legacy FC,usa
Bosnia-Herzegovina,4479,Bosnia and Herzegovina,international
Borussia M'gladbach,2527,Borussia Monchengladbach,germany
Borussia Dortmund,2673,Borussia Dortmund,germany
Boreham Wood,36467,Boreham Wood FC,england
Boluspor,6414,Boluspor,turkiye
Bolton,5,Bolton Wanderers,england
Bologna,2685,Bologna FC,italy
Bologna,2685,Bologna FC,international-clubs
Bollstanäs SK,35625,Bollstanas SK,sweden
Bolivia,4746,Bolivia,international
Bolivar,7059,Club Bolivar,bolivia
Bolivar,7059,Club Bolivar,international-clubs
Bohemians Dublin,3173,Bohemians Dublin FC,ireland
Bohemians 1905,6064,Bohemians Prague 1905,czechia
Bodrum FK,216876,Bodrum FK,turkiye
Bodo/Glimt,656,Bodoe/Glimt,international-clubs
Bodo/Glimt,656,Bodoe/Glimt,norway
Bodens BK,1839,Bodens BK FF,sweden
Bochum,2542,VfL Bochum,germany
Boca Unidos,36835,CA Boca Unidos Corrientes,argentina
Boca Juniors,3202,Boca Juniors,argentina
Boca Juniors,3202,Boca Juniors,international-clubs
Boavista RJ,6977,Boavista SC RJ,brazil
Bnei Yehuda Tel Aviv,5203,Bnei Yehuda Tel Aviv FC,israel
Bnei Sakhnin,5392,Bnei Sakhnin FC,israel
Blumenau,434706,Blumenau EC SC,brazil
Blooming,6968,Blooming Santa Cruz,international-clubs
Blooming,6968,Blooming Santa Cruz,bolivia
Blaublitz Akita,44523,Blaublitz Akita,japan
Blacktown City U20,364622,Blacktown City FC,australia
Blacktown City,92204,Blacktown City FC,australia
Blackpool,67,Blackpool FC,england
Blackburn,46,Blackburn Rovers,england
BK Olympic,47812,BK Olympic,sweden
BK Hacken,1760,BK Hacken,sweden
BK Forward,1809,BK Forward,sweden
BK Astrio,210372,BK Astrio,sweden
Bjarg,35610,Bjarg,norway
Birmingham Legion FC,538325,Birmingham Legion FC,usa
Birmingham,9,Birmingham City,england
Bijelo Brdo,44476,NK BSK Bijelo Brdo,croatia
BG Pathum United,35607,BG Pathum United,thailand
BFC Daugavpils,41498,BFC Daugavpils,latvia
Beyoglu Yeni Carsi FK,170406,Beyoglu Yeni Carsi,turkiye
Betis Deportivo,24358,Betis Deportivo Balompie,spain
Betim,673709,Betim Futebol MG,brazil
Besiktas,3050,Besiktas Istanbul,turkiye
Berazategui,388236,AD Berazategui,argentina
Bentleigh Greens,92921,Bentleigh Greens,australia
Bengaluru,118670,Bengaluru FC,india
Benfica U19,78135,SL Benfica,international-youth
Benfica B,74465,SL Benfica B,portugal
Benfica,3006,SL Benfica,portugal
Benevento,2759,Benevento Calcio,italy
Belgrano,3203,CA Belgrano de Cordoba,argentina
Beitar Jerusalem,5204,Beitar Jerusalem FC,israel
Beijing Guoan,3376,Beijing Guoan,china
Bedford Town,123,Bedford Town Football Club,england-amateur
Becamex HCMC,33119,Becamex Ho Chi Minh City,vietnam
Bayswater City,92018,Bayswater City,australia
Bayern Munich (W),5543,Bayern Munich,germany-amateur
Bayern Munich (W),5543,Bayern Munich,international-clubs
Bayern Munich,2672,Bayern Munich,germany
Bayern Munich,2672,Bayern Munich,international-clubs
Bayer Leverkusen (W),36623,Bayer Leverkusen,germany-amateur
Bayer Leverkusen,2681,Bayer Leverkusen,germany
Bayer Leverkusen,2681,Bayer Leverkusen,international-clubs
Bay FC (W),1100237,Bay FC,usa
Bath City,7944,Bath City FC,england-amateur
Basel,2501,FC Basel 1893,switzerland
Barry Town,35186,Barry Town United FC,wales
Barrow,97,Barrow AFC,england
Barracas Central,65668,CA Barracas Central,argentina
Barracas Central,65668,CA Barracas Central,international-clubs
Barra SC,291538,Barra FC SC,brazil
Barnsley,23,Barnsley FC,england
Barnet,77,Barnet FC,england
Bari,2712,SSC Bari,italy
Bare EC,35281,Bare EC RR,brazil
Barcelona Guayaquil,5250,Barcelona SC,ecuador
Barcelona Guayaquil,5250,Barcelona SC,international-clubs
Barcelona (W),77889,FC Barcelona,spain
Barcelona (W),77889,FC Barcelona,international-clubs
Barcelona,2817,FC Barcelona,spain
Barcelona,2817,FC Barcelona,international-clubs
Barakaldo,2879,Barakaldo CF,spain
Baniyas SC,58689,Baniyas Club,united-arab-emirates
Banik Ostrava B,610536,FC Banik Ostrava B,czechia
Banik Ostrava,2204,FC Banik Ostrava,czechia
Bangor,23895,Bangor FC,northern-ireland
Bangkok United,85741,Bangkok United FC,thailand
Banga Gargzdai,35388,FK Banga Gargzdai,lithuania
Banfield,3219,CA Banfield,argentina
Bandirmaspor,44320,Bandirmaspor,turkiye
Ballymena Utd,5269,Ballymena United,northern-ireland
Balestier Khalsa FC,3039,Balestier Khalsa FC,singapore
Balcatta,1237369,Balcatta Etna FC,australia
Balcatta,42505,Balcatta,australia
Bala Town,36255,Bala Town FC,wales
Bahrain SC,60428,AL Bahrain,bahrain
Bahla,185578,Bahla Club,oman
Bahia,1955,EC Bahia BA,brazil
B93 Copenhagen,1298,B93 Copenhagen,denmark
Azuriz FC,683979,Azuriz FC PR,brazil
Azerbaijan,4742,Azerbaijan,international
AZ Picerno ASD,223518,AZ Picerno,italy
Ayutthaya United,314323,Ayutthaya United FC,thailand
Ayr,2364,Ayr United FC,scotland
Avondale,189013,Avondale FC,australia
Avispa Fukuoka,3143,Avispa Fukuoka,japan
Avellino,2730,US Avellino,italy
Avai,7315,Avai FC SC,brazil
Auxerre,1646,AJ Auxerre,france
Austria Lustenau,2062,Austria Lustenau,austria
Austria Klagenfurt,43254,SK Austria Klagenfurt,austria
Austria,4718,Austria,international
Australia (W),7410,Australia,international
Australia,4741,Australia,international
Austin FC,772256,Austin FC,usa
Augsburg,2600,FC Augsburg,germany
Audax Italiano,3162,Audax Italiano,chile
Audax Italiano,3162,Audax Italiano,international-clubs
Audace Cerignola,368732,Audace Cerignola,italy
Auckland FC,1156423,Auckland FC,australia
Aubagne Air Bel,59792,SC Aubagne Air Bel,france
Atvidabergs FF,1789,Aatvidabergs FF,sweden
Atromitos Athinon,5062,Atromitos Athinon,greece
Atlético Tucumán,36833,Atletico Tucuman,argentina
Atletico Sanluqueno,77413,Atletico Sanluqueno,spain
Atletico San Luis (W),600138,Atletico San Luis,mexico
Atletico San Luis,1950,Atletico San Luis,mexico
Atletico Rafaela,34976,Atletico de Rafaela,argentina
Atletico Ottawa,684069,Atletico Ottawa,canada
Atletico Mineiro (W),552277,Atletico Mineiro MG,brazil
Atletico Mineiro,1977,Atletico Mineiro MG,brazil
Atletico Mineiro,1977,Atletico Mineiro MG,international-clubs
Atletico Madrid U19,72022,Atletico Madrid,international-youth
Atletico Madrid B,24326,Atletico Madrid B,spain
Atletico Madrid (W),77879,Atletico Madrid,spain
Atletico Madrid,2836,Atletico Madrid,spain
Atletico Madrid,2836,Atletico Madrid,international-clubs
Atletico Grau,428219,Atletico Grau,peru
Atletico Escobar FC,1298359,Escobar FC,argentina
Atletico Bucaramanga,6103,CA Bucaramanga,colombia
Atletico Alagoinhas,525349,Alagoinhas AC BA,brazil
Atlas (W),376766,Atlas FC,mexico
Atlas,1949,Atlas FC,mexico
Atlantis,5119,Atlantis FC,finland
Atlanta Utd,305920,Atlanta United FC,usa
Athlone Town,3198,Athlone Town AFC,ireland
Athletico Paranaense,1967,CA Paranaense PR,brazil
Athletic Club MG,547561,Athletic Club Sjdr MG,brazil
Athletic Club (W),77877,Athletic Bilbao,spain
Athletic Club,2825,Athletic Bilbao,spain
Athletic Bilbao B,24324,Athletic Bilbao B,spain
Atalanta U23,1037333,Atalanta BC,italy
Atalanta,2686,Atalanta BC,italy
Atalanta,2686,Atalanta BC,international-clubs
Astorps FF,22367,Astorps FF,sweden
Aston Villa (W),372786,Aston Villa WFC,england-amateur
Aston Villa,40,Aston Villa,england
Aston Villa,40,Aston Villa,international-clubs
Asteras Tripolis,6342,Asteras Tripolis,greece
Assyriska Föreningen,1782,Assyriska FF,sweden
ASO Chlef,42201,ASO Chlef,algeria
Asheville City SC,559142,Asheville City SC,usa
ASD Pineto Calcio,275501,ASD Pineto Calcio,italy
Ascoli,2707,Ascoli Calcio 1898,italy
Asane,682,Aasane Fotball,norway
AS Trencin,2398,AS Trencin,slovakia
AS Otoho d'Oyo,407289,AS Otoho,international-clubs
AS Maniema Union,412619,Maniema Union,international-clubs
Arzignano Valchiampo,170634,FC Arzignano Valchiampo,italy
Aruba,21806,Aruba,international
Arsenal de Sarandi,3221,Arsenal de Sarandi,argentina
Arsenal (W),26243,Arsenal WFC,england-amateur
Arsenal (W),26243,Arsenal WFC,international-clubs
Arsenal,42,Arsenal FC,international-clubs
Arsenal,42,Arsenal FC,england
Arminia Bielefeld,2540,Arminia Bielefeld,germany
Armenia,4740,Armenia,international
Armadale,1237379,Armadale SC,australia
Armadale,92036,Armadale SC,australia
Arka Gdynia,5064,MKS Arka Gdynia,poland
Aris Salonika,3252,Aris Thessaloniki,greece
Aris Limassol,3397,Aris Limassol FC,cyprus
Ariana FC Malmo,870811,Ariana FC,sweden
Argentinos Jrs,3216,Argentinos Juniors,argentina
Argentino Quilmes,93525,Argentino de Quilmes,argentina
Argentino Merlo,210370,Argentino de Merlo,argentina
Argentino de Rosario,377568,Argentino de Rosario,argentina
Argentina (W),7409,Argentina,international
Arezzo,2731,SS Arezzo,italy
Arendal,755,Arendal FK,norway
Arenas Club de Getxo,216196,Arenas Club Getxo,spain
Arema FC,47465,Arema FC,indonesia
Ards,5182,Ards FC,northern-ireland
Arda Kardzhali,364786,FC Arda Kardzhali,bulgaria
Arbroath,2366,Arbroath FC,scotland
Araguaina,35283,Araguaina TO,brazil
Apollon Limassol,3402,Apollon Limassol,cyprus
Apoel Nicosia,3398,APOEL Nikosia,cyprus
Apia L Tigers U20,64145,APIA Leichhardt Tigers,australia
Apia L Tigers,64145,APIA Leichhardt Tigers,australia
Apia L Tigers,92202,APIA Leichhardt,australia
Aparecidense,32794,AA Aparecidense GO,brazil
Antwerp,2889,Royal Antwerp FC,belgium
Antequera,24323,Antequera CF,spain
Antalyaspor,3056,Antalyaspor,turkiye
Ansan Greeners FC,319507,Ansan Greeners FC,republic-of-korea
Anorthosis Famagusta,3403,Anorthosis Famagusta,cyprus
Annecy,234888,FC Annecy,france
Annan Athletic,23955,Annan Athletic FC,scotland
Annagh United,39224,Annagh United FC,northern-ireland
Ankara Keciorengucu,6366,Ankara Keciorengucu,turkiye
Angers,1684,Angers SCO,france
Ängelholms FF,1788,Angelholms FF,sweden
Angel City FC (W),874721,Angel City FC,usa
Ängby IF,22371,Angby IF,sweden
Anderlecht II,912459,RSC Anderlecht Futures,belgium
Anderlecht,2900,RSC Anderlecht,belgium
Anapolis,21872,Anapolis FC GO,brazil
Amiens,1676,Amiens SC,france
America SE,21842,America FC Propria SE,brazil
America RN,2023,America FC RN,brazil
America RJ,6976,America FC RJ,brazil
America MG (W),440896,America FC MG,brazil
America MG,1973,America FC MG,brazil
America de Cali,6102,America de Cali,colombia
America de Cali,6102,America de Cali,international-clubs
Amed SK,225940,Amed Sportif Faaliyetler,turkiye
Amazulu,7655,AmaZulu FC,south-africa
Amazonas,663997,Amazonas FC AM,brazil
Always Ready,378096,Always Ready,bolivia
Always Ready,378096,Always Ready,international-clubs
Alverca,3012,FC Alverca SAD,portugal
Aluminij Kidricevo,2424,Aluminij Kidricevo,slovenia
Altrincham,110,Altrincham FC,england
Altos,273503,AA Altos PI,brazil
Altona Magic U23,151492,Altona Magic SC,australia
Altona Magic,151492,Altona Magic SC,australia
Almirante Brown,43740,Club Almirante Brown,argentina
Almeria,2858,UD Almeria,spain
Almere City,2990,Almere City FC,netherlands
Almagro,4938,Club Almagro,argentina
Alloa,2369,Alloa Athletic FC,scotland
All Boys,36834,CA All Boys,argentina
Alianza Lima,2311,Alianza Lima,peru
Alianza Atletico,2307,Alianza Atletico,peru
Alianza Atletico,2307,Alianza Atletico,international-clubs
Alianza,1098993,Alianza FC Valledupar,colombia
Aliaga Futbol AS,1037339,Aliaga Futbol,turkiye
Alhama CF (W),616674,Alhama CF,spain
Algeria,4691,Algeria,international
Algeciras CF,4489,CF Algeciras,spain
Alfreton Town,222,Alfreton Town FC,england-amateur
Alemannia Aachen,2546,Alemannia Aachen,germany
Aldosivi,36836,CA Aldosivi,argentina
Aldershot,75,Aldershot Town FC,england
Alcorcon,24322,AD Alcorcon,spain
Alcione Milano,834514,Alcione Milano,italy
Albirex Niigata Singapore,5128,Albirex Niigata,japan
Albirex Niigata Singapore,34081,Albirex Niigata (S),singapore
Albion FC,417775,Albion FC,uruguay
Albinoleffe,2732,US Albinoleffe,italy
Albacete Balompie,2848,Albacete Balompie,spain
Alanyaspor,6362,Alanyaspor,turkiye
Alajuelense,6572,Liga Deportiva Alajuelense,costa-rica
Alajuelense,6572,Liga Deportiva Alajuelense,international-clubs
Al-Wehdat,40650,Al Wehdat,jordan
Al-Wakrah SC,44440,AL Wakrah SC,qatar
Al-Shahaniya SC,170364,Al Shahaniya,qatar
Al-Sailiya SC,44439,Al-Sailiya SC,qatar
Al-Sadd SC,39733,Al Sadd SC,qatar
Al-Sadd SC,39733,Al Sadd SC,international-clubs
Al-Riffa,40659,Al Riffa,bahrain
Al-Rayyan SC,40660,Al Rayyan SC,qatar
Al-Nassr Riyadh,23400,Al Nassr Club,saudi-arabia
Al-Nasr Salalah,82259,AL Nasr SC (OMA),oman
Al-Najma Manama,45475,Al-Najma Manama,bahrain
Al-Nahda,40648,Al Nahda,oman
Al-Muharraq,45474,Al-Muharraq SC,bahrain
Al-Jazeera,54587,AL Jazeera Club Amman,jordan
Al-Hussein SC,117204,Al Hussein Irbid,jordan
Al-Baqa'a,54583,Al Baqaa,jordan
Al-Arabi Doha,44444,Al Arabi Doha SC,qatar
Al-Ahli Manama,45471,Al-Ahli SC Manama,bahrain
Al-Ahli Doha,44443,Al Ahli Doha SC,qatar
Al Wasl SC,47674,Al Wasl FC,united-arab-emirates
Al Wahda Abu Dhabi,342882,Al Wahda FC (UAE),united-arab-emirates
Al Taawon Buraidah,56021,Al-Taawoun FC,saudi-arabia
Al Shamal SC,170366,Al-Shamal,qatar
Al Shabab Seeb,57449,Al Shabab,oman
Al Shabab Riyadh,34313,Al-Shabab FC (SA),saudi-arabia
Al Shabab Manama,45476,Al-Shabab,bahrain
Al Seeb,71044,Al-Seeb,oman
Al Salt,321509,AL Salt,jordan
Al Rustaq,185570,Al-Rustaq,oman
Al Riyadh,168088,Al-Riyadh SC,saudi-arabia
Al Najma,759502,Al-Najma,saudi-arabia
Al Moqawloon Al Arab,42365,Al Mokawloon Al Arab,egypt
Al Kholood,386360,Al-Kholood,saudi-arabia
Al Khalidiyah,761576,AL-Khaldiya SC,bahrain
Al Khaleej Saihat,167228,Al-Khaleej Club,saudi-arabia
Al Khaburah,173430,Al-Khaboora,oman
Al Jazira SC,8090,Al Jazira (UAE),united-arab-emirates
Al Ittihad Kalba,55705,Ittihad Kalba FC,united-arab-emirates
Al Ittihad Jeddah,34315,Al-Ittihad Club,saudi-arabia
Al Ittihad Aleppo,40652,Al Ittihad Ahli of Aleppo,syria
Al Ittihad Al Sakandary,35187,Al Ittihad Al Sakandary,egypt
Al Ittifaq Dammam,34318,Al-Ittifaq FC,saudi-arabia
Al Horiyah,388636,Al-Horiyah,syria
Al Hilal Riyadh,21895,Al Hilal SFC,saudi-arabia
Al Hilal Omdurman,69322,AL Hilal (SDN),international-clubs
Al Hidd,45472,Al Hidd,bahrain
Al Hazm,168086,Al-Hazm,saudi-arabia
Al Gharafa,34312,Al Gharafa SC,qatar
Al Feiha,168094,Al-Fayha FC,saudi-arabia
Al Fateh SC,56023,Al-Fateh SC,saudi-arabia
Al Faisaly Amman,47482,AL Faisaly (Jor),jordan
Al Duhail,44441,Al Duhail SC,qatar
Al Dhafra SCC,81305,Al Dhafra SSC,united-arab-emirates
Al Bataeh,634516,AL Bataeh (UAE),united-arab-emirates
Al Akhdoud,529779,Al-Okhdood Club,saudi-arabia
Al Ain SCC,37082,Al Ain FC,united-arab-emirates
Al Ahly Cairo,6910,AL Ahly SC (EGY),egypt
Al Ahli Jeddah,34469,Al Ahli Saudi FC,saudi-arabia
Al Ahli Jeddah,34469,Al Ahli Saudi FC,international-clubs
Al Ahli Amman,167130,Al-Ahly Amman,jordan
Akritas Chlorakas,36398,Akritas Chlorakas,cyprus
Ajman SCC,58687,Ajman Club,united-arab-emirates
Ajax Reserves,46160,Jong Ajax Amsterdam,netherlands
Ajax,2953,Ajax Amsterdam,netherlands
Aizawl FC,238586,Aizawl FC,india
Airdrieonians,2367,Airdrieonians FC,scotland
AIK,1764,AIK,sweden
Ahlafors IF,7066,Ahlafors IF,sweden
Aguia de Maraba,33998,Aguia de Maraba FC PA,brazil
Agua Santa,135510,EC Agua Santa SP,brazil
Agropecuario,371368,Agropecuario Argentino,argentina
AGF Aarhus,1291,AGF Aarhus,denmark
Afturelding,1914,Afturelding,iceland
AFC Wimbledon,23957,AFC Wimbledon,england
AFC Totton,25934,AFC Totton,england-amateur
AFC Telford,130,AFC Telford United,england-amateur
AFC Hermannstadt,342922,AFC Hermannstadt,romania
AFC Fylde,38739,AFC Fylde,england-amateur
AFC Eskilstuna,5954,AFC Eskilstuna,sweden
AEL Limassol,3407,AEL Limassol,cyprus
AEK Larnaca,3404,AEK Larnaca,cyprus
AEK Larnaca,3404,AEK Larnaca,international-clubs
AEK Athens,3250,AEK Athens,international-clubs
AEK Athens,3250,AEK Athens,greece
AE Kifisias,120224,AE Kifisia FC,greece
ADO Den Haag,2966,ADO Den Haag,netherlands
Admira Wacker,2050,FC Admira Wacker Modling,austria
Adelaide United NPL,240776,Adelaide United FC,australia
Adelaide United (W),174076,Adelaide United FC,australia
Adelaide United,2946,Adelaide United FC,australia
Adelaide Comets,90870,Adelaide Comets FC,australia
Adelaide City,90868,Adelaide City FC,australia
AD Tarma,655781,Asociacion Deportiva Tarma,peru
AD San Carlos,7047,AD San Carlos,costa-rica
AD Ceuta,2869,AD Ceuta,spain
Accrington Stanley,187,Accrington Stanley,england
Acassuso,112491,CA Acassuso,argentina
Academico Viseu,3022,Academico de Viseu FC,portugal
Academia Puerto Cabello,266595,Academia Puerto Cabello,international-clubs
AC Reggiana,24516,Reggiana 1919,italy
AC Oulu,5114,AC Oulu,finland
AC Milan (W),502832,AC Milan,italy
AC Milan,2692,AC Milan,italy
AC Horsens,1297,AC Horsens,denmark
AC Dolomiti Bellunesi,834506,Dolomiti Bellunesi,italy
AC Carpi,834548,AC Carpi,italy
AC Bra,111883,AC Bra,italy
AC Bellinzona,2459,AC Bellinzona,switzerland
Aberdeen,2355,Aberdeen FC,scotland
ABECAT Ouvidorense,1052105,Abecat Ouvidorense GO,brazil
ABC,21838,ABC FC RN,brazil
Aarhus Fremad,4874,Aarhus Fremad,denmark
Aarau,2447,FC Aarau,switzerland
Aalesund,677,Aalesunds FK,norway
AaB,1290,Aalborg BK,denmark
A'ali Club,937191,Aali,bahrain
A.C. Ospitaletto,1158829,ACD Ospitaletto,italy
76 Igdir Belediyespor,3088,Igdir FK,turkiye
2 de Mayo,5992,CS 2 de Mayo,paraguay
1860 Munich,2536,TSV 1860 Munich,germany
Anapolis FC,21872,Anapolis FC GO,brazil
Gimpo FC,202341,Gimpo FC,republic-of-korea
Jeonnam Dragons,7643,Jeonnam Dragons,republic-of-korea
Gold Coast United,35845,Gold Coast United FC,australia
Sutherland Sharks U20,364626,Sutherland Sharks FC,australia
Hornchurch FC,88,Farnborough FC,england-amateur
Fremantle City FC U23,1237373,Fremantle City FC,australia
Dianella White Eagles,1329658,Dianella White Eagles SC U23,australia
Northern Ireland,4786,Northern Ireland,international
FC Ilves,22386,Tampereen Ilves,finland
Leiknir Reykjavik,36057,Leiknir Reykjavik,iceland
AEK Athen,3250,AEK Athens,greece
KUPS Akatemia,879079,KuPS Akatemia,finland
FC Seoul,7646,FC Seoul,international-clubs
Sunnersta AIF,102061,Sunnersta AIF,sweden
Bangladesh,6080,Bangladesh,international
Trinidad & Tobago,5162,Trinidad and Tobago,international
Colorado Rapids II,2510,Colorado Rapids,usa
Philippines (W),203115,Philippines,international
Gabon,4761,Gabon,international
Belgium,4717,Belgium,international
Portugal,4704,Portugal,international
Western Sydney Wanderers NPL,733965,Western Sydney Wanderers,australia
Albania,4690,Albania,international
Romania,4477,Romania,international
Comoros (W),616232,Comoros,international
Oratorio RC,90266,Oratorio RC AP,brazil
Shabab Al Ahli Dubai,370464,Shabab Al Ahli Dubai,international-clubs
Valtti,548657,Valtti,finland
AD Fafe,45146,AD Fafe,portugal
IFK Karlshamn,342164,IFK Karlshamn,sweden
Njardvik,431251,UMF Njardvik,iceland
IR Reykjavik,1907,IR Reykjavik,iceland
Congo DR (W),559066,Congo DR,international
Turkmenistan,4728,Turkmenistan,international
Philippines,4791,Philippines,international
Skellefteå FF,1833,Skellefteaa FF,sweden
Sydney Olympic U20,364614,Sydney Olympic FC,australia
Blacktown City,364622,Blacktown City FC,australia
Sutherland Sharks,364626,Sutherland Sharks FC,australia
Marconi Stallions U20,2941,Marconi Stallions,australia
Le Havre (W),561522,Le Havre AC,france
Perth Glory NPL,1237371,Perth Glory FC,australia
Grebbestads IF,135668,Grebbestads IF,sweden
Solomon Islands,23471,Solomon Islands,international
Mohammedan SC,118660,Mohammedan SC,india
Brooklyn City FC (W),1166959,Brooklyn FC,usa
Ukraine (W),32483,Ukraine,international
Egypt,4758,Egypt,international
Algeria (W),180004,Algeria,international
Panama,5164,Panama,international
Mauritius,4780,Mauritius,international
PK-35,50525,PK-35 Helsinki,finland
Athletic Bilbao,2825,Athletic Bilbao,spain
Gambia,4762,Gambia,international
Japan,4770,Japan,international
Ivory Coast,4768,Ivory Coast,international
Instituto Cordoba Reserves,854363,Instituto AC Cordoba Reserves,argentina
Serikspor,498470,Serik Belediyespor,turkiye
Johor Darul Ta'zim,3327,Johor Darul Ta'zim,international-clubs
CA Costa Brava,672871,Costa Brava de General Pico,argentina
Faroe Islands,4760,Faroe Islands,international
Andorra,4818,Andorra,international
Deportivo Cuenca,5251,CD Cuenca,international-clubs
Estonia,4759,Estonia,international
MAS Fes,55035,Maghreb AS de Fes,morocco
Olympique Dcheira,220518,Olympique Dcheira,morocco
St George City FA U20,316663,St George City FA,australia
North Macedonia,4777,North Macedonia,international
Sporting U19,78151,Sporting CP,international-youth
Virginia Dream,998547,Virginia Dream FC,usa
Vittsjö GIK (W),61572,Vittsjo GIK,sweden
Honduras,4827,Honduras,international
Bayswater City U23,1237375,Bayswater City SC,australia
Olympic Kingsway,1237387,Olympic Kingsway SC,australia
Olympiakos,3245,Olympiacos Piraeus,greece
Aris Saloniki,3252,Aris Thessaloniki,greece
Western Knights U23,355220,Western Knights SC,australia
Bentleigh Greens U23,92921,Bentleigh Greens,australia
Sydney United 58,339023,Sydney United 58 FC,australia
URT,35278,URT MG,brazil
Finland,4712,Finland,international
FC Cincinnati II,245305,FC Cincinnati,usa
Jamaica,4769,Jamaica,international
Belgium U21,4877,Belgium,international-youth
Comoros,23494,Comoros,international
Cong An HCMC,33120,Cong An TP Ho Chi Minh City FC,vietnam
FC Honka,2260,FC Honka,finland
Tanzania (W),427001,Tanzania,international
Ecuador,4757,Ecuador,international
Paraguay,4789,Paraguay,international
Defensor Sporting,3229,Defensor Sporting,international-clubs
Slovenia,4484,Slovenia,international
Uniao Rondonopolis,336163,Uniao EC MT,brazil
Iceland,4708,Iceland,international
AIFK,22399,Abo IFK Turku,finland
Manly Utd,364620,Manly United FC,australia
IK Uppsala (W),352792,IK Uppsala Fotboll,sweden
Central SC,21844,Central SC PE,brazil
Gold Coast Knights,771086,Gold Coast Knights FC,australia
Al Ittihad Jeddah,34315,Al-Ittihad Club,international-clubs
Gangwon FC,34220,Gangwon FC,international-clubs
Hapoel Jerusalem FC,86406,Hapoel Jerusalem FC,israel
Penedense,1021573,SC Penedense AL,brazil
Osterlen FF,193068,Osterlen FF,sweden
Santiago Wanderers U20,1329116,Santiago Wanderers U20,international-youth
Korsnäs,35636,Korsnas IF FK,sweden
Vaxjo (W),224596,Vaxjo DFF,sweden
Nykopings BIS,1801,Nykopings BIS,sweden
ASA,2019,AS Arapiraquense AL,brazil
Costa Rica,4756,Costa Rica,international
Nigeria,4785,Nigeria,international
Pantanal,1089803,FC Pantanal SAF MS,brazil
Independente AP,792888,Independente EC AP,brazil
Lazio (W),826672,Lazio Rome,italy
Inland Empire FC,52237,Orlando City SC,usa
Union Omaha,668761,Union Omaha SC,usa
Bulgaria,4716,Bulgaria,international
Guabira,47701,Guabira Montero,international-clubs
Humaita,463359,SC Humaita AC,brazil
IFK Luleå,1852,IFK Luleaa,sweden
Dalstorps IF,68856,Dalstorps IF,sweden
Limavady United,5274,Limavady United FC,northern-ireland
Israel U21,6032,Israel,international-youth
Aegir,70092,KF Aegir,iceland
Tunisia,4729,Tunisia,international
Wuxi Wugou,793008,Wuxi Wugou,china
Velez Sarsfield Reserves,295226,Velez Sarsfield Reserve,argentina
Ghana,4764,Ghana,international
Israel,4480,Israel,international
Fenerbahce U19,3052,Fenerbahce Istanbul,turkiye
Netherlands (W),32484,Netherlands,international
Bahia (W),682327,EC Bahia BA,brazil
Azuriz,683979,Azuriz FC PR,brazil
Narpes Kraft,2296,Narpes Kraft,finland
FC America Spurs,1111475,FC America Cfl Spurs,usa
Carl Zeiss Jena,2614,FC Carl Zeiss Jena,germany-amateur
Hallescher FC,2582,Hallescher FC,germany-amateur
CS Gloria 2018 Bistrita-Nasaud,489628,CS Gloria 2018 Bistrita-Nasaud,romania
Al Ahly Cairo,6910,AL Ahly SC (EGY),international-clubs
FC Gute,1795,FC Gute,sweden
Uruguay,4725,Uruguay,international
Bragantino PA,529477,Bragantino Clube do Para PA,brazil
Cuba,4824,Cuba,international
AFC Metalul Buzau,371176,AFC Metalul Buzau,romania
Atletico Astorga,167154,Atletico Astorga FC,spain
Italy (W),22025,Italy,international
One Knoxville SC,874807,One Knoxville SC,usa
Al Qadisiya Al Khubar,56027,Al Qadsiah,saudi-arabia
Belarus,4743,Belarus,international
Moldova,4782,Moldova,international
Spokane Velocity FC,1092287,Spokane Velocity FC,usa
France,4481,France,international
FBC Melgar,2308,FBC Melgar,international-clubs
EC Juventude,1980,EC Juventude RS,brazil
North Korea (W),7421,DPR Korea,international
Vietnam U23,49111,Vietnam,international-youth
Curacao,55827,Curacao,international
Tennessee Tempo FC,988005,Tennessee Tempo FC,usa
Primavera SP,189838,EC Primavera SP,brazil
Metropolitanos FC,162480,Metropolitanos FC,international-clubs
Metropolitanos FC,162480,Metropolitanos FC,venezuela
Zambia (W),378458,Zambia,international
Guinea-Bissau,23478,Guinea-Bissau,international
Melbourne City,42210,Melbourne City FC,international-clubs
Hertha Zehlendorf,164518,FC Hertha 03 Zehlendorf,germany-amateur
Hammarby (W),1884,Hammarby IF,sweden
Eastern Suburbs U23,91136,Eastern Suburbs FC,australia
South Korea (W),21922,Korea Republic,international
Croatia,4715,Croatia,international
Bangu,1993,Bangu AC RJ,brazil
Racing Club de Montevideo,25010,Racing Club Montevideo,international-clubs
Suriname,21822,Suriname,international
Storfors AIK,572993,Storfors AIK,sweden
San Antonio Bulo Bulo,846036,San Antonio Bulo Bulo,international-clubs
NWS Spirit FC U20,264417,NWS Spirit FC,australia
Fremantle City FC,1237373,Fremantle City FC,australia
Sierra Leone,4737,Sierra Leone,international
Malawi (W),378472,Malawi,international
LAFC,402227,Los Angeles FC,usa
Atletico GO,7314,AC Goianiense GO,brazil
Liechtenstein,4830,Liechtenstein,international
Bali United,64299,Bali United,indonesia
Warrenpoint Town,43204,Warrenpoint Town FC,northern-ireland
Falu BS FK,5948,Falu BS FK,sweden
GA Sampaio,426351,Gremio Atletico Sampaio RR,brazil
Vitoria (W),321493,EC Vitoria BA,brazil
Atletico Bucaramanga,6103,CA Bucaramanga,international-clubs
Dandenong Thunder U23,92923,Dandenong Thunder,australia
Deportivo Garcilaso,655773,Deportivo Garcilaso,international-clubs
Guatemala,5163,Guatemala,international
LAFC,402227,Los Angeles FC,international-clubs
Homs Al Fidaa SC,388276,Homs Al-Fidaa SC,syria
Omayya,1311226,Omaya SC,syria
Al Karamah,23479,Al-Karamah SC,syria
Al Duhail,44441,Al Duhail SC,international-clubs
PAOK Saloniki,3251,PAOK Thessaloniki,greece
Monagas,6233,Monagas SC,international-clubs
FC Den Bosch,2963,FC Den Bosch,netherlands
PEC Zwolle,2971,PEC Zwolle,netherlands
Fortuna Sittard,2957,Fortuna Sittard,netherlands
AC Bellinzona,2459,AC Bellinzona,switzerland
Olimpija Ljubljana,2416,Olimpija Ljubljana,slovenia
FC Koper,2417,FC Koper,slovenia
Athletic Bilbao,2825,Athletic Bilbao,spain
Botev Plovdiv,5241,Botev Plovdiv,bulgaria
FC Groningen,2951,FC Groningen,netherlands
FC Volendam,2968,FC Volendam,netherlands
NK Celje,2413,NK Celje,slovenia
FK Zalgiris Vilnius,5345,Vilnius FK Zalgiris,lithuania
NK Maribor,2420,NK Maribor,slovenia
Unam Pumas,1933,Pumas UNAM,mexico
FK Novi Pazar,25736,FK Novi Pazar,serbia
Houston Dynamo,2508,Houston Dynamo,usa
FC Utrecht,2948,FC Utrecht,netherlands
Delfin SC,241468,Delfin SC,ecuador
Charleston Battery,22004,Charleston Battery,usa
NK Radomlje,37737,NK Radomlje,slovenia
Al-Wakrah SC,44440,AL Wakrah SC,qatar
Nara Club,38148,Nara Club,japan
Atletico Madrid,77879,Atletico Madrid,spain
NK Dubrava Zagreb,393756,NK Dubrava Zagreb,croatia
First Vienna FC 1894,2054,First Vienna FC 1894,austria
Thisted FC,1403,Thisted FC,denmark
Villa Dalmine,112509,Villa Dalmine,argentina
Al-Rayyan SC,40660,Al Rayyan SC,qatar
SD Aucas,5249,SD Aucas,ecuador
VSK Aarhus,272767,Vsk Aarhus,denmark
Deportivo Madryn,258463,Deportivo Madryn,argentina
Algeciras CF,4489,CF Algeciras,spain
Deportivo Camioneros,336147,Deportivo Camioneros,argentina
Argentino de Rosario,377568,Argentino de Rosario,argentina
FC Unirea 2004 Slobozia,44259,FC Unirea 2004 Slobozia,romania
Deportivo Muniz,340928,Deportivo Muniz,argentina
CS Dock Sud,388100,CS Dock Sud,argentina
Nueva Chicago,3200,Nueva Chicago,argentina
CD Castellon,5067,CD Castellon,spain
Independiente Santa Fe,6116,Independiente Santa Fe,colombia
Sportivo Trinidense,39722,Sportivo Trinidense,paraguay
Club Comunicaciones,112501,Club Comunicaciones,argentina
Jaguares de Cordoba,89370,Jaguares de Cordoba,colombia
Rubio NU,36438,Rubio Nu,paraguay
NK Croatia Zmijavci,249455,NK Croatia Zmijavci,croatia
FC Osaka,223228,FC Osaka,japan
Athletic Bilbao,77877,Athletic Bilbao,spain
Centro Espanol,299336,Centro Espanol,argentina
Defensor Sporting,3229,Defensor Sporting,uruguay
IFK Karlshamn,342164,IFK Karlshamn,sweden
SKU Amstetten,6281,SKU Amstetten,austria
KV Kortrijk,4858,KV Kortrijk,belgium
SalPa,22394,SalPa,finland
PK Keski-Uusimaa,22393,PK Keski-Uusimaa,finland
Lyngby,615492,Lyngby,denmark
GIF Sundsvall,1763,GIF Sundsvall,sweden
ES Setif,41756,ES Setif,algeria
CA Atlas,182701,CA Atlas,argentina
JS Saoura,79565,JS Saoura,algeria
Rana FK,558170,Rana FK,norway
KUPS Akatemia,879079,KuPS Akatemia,finland
Lysekloster,199925,Lysekloster,norway
Sparta Rotterdam,2960,Sparta Rotterdam,netherlands
LNZ Cherkasy,1031463,LNZ Cherkasy,ukraine
Hapoel Jerusalem FC,86406,Hapoel Jerusalem FC,israel
CA Germinal,855199,CA Germinal,argentina
FC Vaajakoski,23531,FC Vaajakoski,finland
Velez Sarsfield,3208,Velez Sarsfield,argentina
Jippo,2263,JIPPO,finland
PK Keski-Uusimaa,22393,PK Keski-Uusimaa,finland
Kajaanin Haka,35319,Kajaanin Haka,finland
FC Santa Claus,35396,FC Santa Claus,finland
FC Ylivieska,893613,FC Ylivieska,finland
Aluminij Kidricevo,2424,Aluminij Kidricevo,slovenia
AEL Limassol,3407,AEL Limassol,cyprus
FC Lasten,1007067,FC Lasten,finland
FF Jaro,2252,FF Jaro,finland
Rekord Bielsko-Biala,240366,Rekord Bielsko Biala,poland
HFX Wanderers FC,543881,HFX Wanderers FC,canada
Deportivo Rincon,405425,Deportivo Rincon,argentina
Marbella FC,24348,Marbella FC,spain
IK Oddevold,1860,IK Oddevold,sweden
Columbus Crew,2504,Columbus Crew,usa
Go Ahead Eagles,2979,Go Ahead Eagles,netherlands
FC Liefering,7790,FC Liefering,austria
Gold Coast Knights,391734,Gold Coast Knights,australia
Harju JK Laagri,560360,Harju JK Laagri,estonia
Narpes Kraft,2296,Narpes Kraft,finland
FC Jazz,35395,FC Jazz,finland
Huima/Urho,22383,Huima/Urho,finland
FA Siauliai,557322,FA Siauliai,lithuania
Real Madrid,522312,Real Madrid,spain
Pacific FC,543883,Pacific FC,canada
JPS,41812,JPS,finland
Rollon Pojat,621170,Rollon Pojat,finland
MC Alger,42204,MC Alger,algeria
Olympique Dcheira,220518,Olympique Dcheira,morocco
Melbourne Victory,174100,Melbourne Victory,australia
FK Riteriai,547277,FK Riteriai,lithuania
SCR Altach,4856,SCR Altach,austria
Al Salt,321509,AL Salt,jordan
FC Roskilde,4873,FC Roskilde,denmark
Inter Kashi FC,1061008,Inter Kashi FC,india
FC Rukh Lviv,277645,FC Rukh Lviv,ukraine
P-Iirot,5117,P-Iirot,finland
Fylkir Reykjavik,1896,Fylkir Reykjavik,iceland
FK Zeleziarne Podbrezova,7887,FK Zeleziarne Podbrezova,slovakia
AC Oulu,5114,AC Oulu,finland
AS Trencin,2398,AS Trencin,slovakia
America de Cali,6102,America de Cali,colombia
Independiente Medellin,6115,Independiente Medellin,colombia
Yupanqui,377558,Yupanqui,argentina
CA Claypole,377570,CA Claypole,argentina
CA Colegiales,112493,CA Colegiales,argentina
Club Mercedes,354964,Club Mercedes,argentina
Club America,340986,Club America,mexico
San Diego FC,1217911,San Diego FC,usa
LDU Quito,5257,LDU Quito,ecuador
FK Zeleznicar Pancevo,425695,FK Zeleznicar Pancevo,serbia
FK Radnik Surdulica,111127,FK Radnik Surdulica,serbia
Renaissance Zemamra,368674,Renaissance Zemamra,morocco
IA Akranes,1898,IA Akranes,iceland
The Strongest,32529,The Strongest,bolivia
Estudiantes Rio Cuarto,369108,Estudiantes Rio Cuarto,argentina
Neuchatel Xamax,2451,Neuchatel Xamax,switzerland
FC Volendam,2968,FC Volendam,netherlands
Spartans FC,2393,Spartans FC,scotland
Internacional de Bogota,1317886,Internacional de Bogota.,colombia
SK Sturm Graz II,2103,SK Sturm Graz II,austria
Pittsburgh Riverhounds,23635,Pittsburgh Riverhounds,usa
FC Dallas,2512,FC Dallas,usa
SK Brann,1159,SK Brann,norway
FC Emmen,2965,FC Emmen,netherlands
Albirex Niigata,5128,Albirex Niigata,japan
CA Brown de Adrogue,107201,CA Brown de Adrogue,argentina
Real Aviles CF,77397,Real Aviles CF,spain
Metaloglobus Bucuresti,79081,Metaloglobus Bucuresti,romania
Club Ciudad de Bolivar,672813,Club Ciudad de Bolivar,argentina
Austria Lustenau,2062,Austria Lustenau,austria
Cultural Leonesa,2868,Cultural Leonesa,spain
Team Altamura,368724,Team Altamura,italy
Sportivo Ameliano,607728,Sportivo Ameliano,paraguay
Cobh Ramblers,3185,Cobh Ramblers,ireland
CA Lugano,182126,CA Lugano,argentina
Canuelas FC,329911,Canuelas FC,argentina
Liverpool Montevideo,6879,Liverpool Montevideo,uruguay
Albion FC,417775,Albion FC,uruguay
Lexington SC,991815,Lexington SC,usa
Osterlen FF,193068,Osterlen FF,sweden
Helmond Sport,2974,Helmond Sport,netherlands
AC Horsens,746453,AC Horsens,denmark
Ternana,943869,Ternana,italy
Austin FC,772256,Austin FC,usa
Nordic United FC,781030,Nordic United FC,sweden
Anorthosis Famagusta,3403,Anorthosis Famagusta,cyprus
JS Kabylie,42202,JS Kabylie,algeria
Trygg/Lade,250563,Trygg/Lade,norway
Deportivo Camioneros,336147,Deportivo Camioneros,argentina
SJK Akatemia,89908,SJK Akatemia,finland
IF Gnistan,2271,IF Gnistan,finland
RFC Liege,221182,RFC Liege,belgium
Rhode Island FC,1092285,Rhode Island FC,usa
FC Honka,2260,FC Honka,finland
CA Alvarado,397002,CA Alvarado,argentina
Brisbane Olympic FC,91928,Olympic FC Brisbane,australia
TP-47,2280,TP-47,finland
Osters IF,1781,Osters IF,sweden
JaPS,23422,JaPS,finland
Libertad Asuncion,5996,Libertad Asuncion,paraguay
Colorado Rapids,2510,Colorado Rapids,usa
JK Tammeka Tartu,138566,Tartu JK Tammeka,estonia
HIFK,142654,HIFK,finland
Real Madrid Castilla,5069,Real Madrid Castilla,spain
HJK Helsinki,2242,HJK Helsinki,finland
FK Transinvest,885005,FK Transinvest,lithuania
Escobar FC,1298359,Escobar FC,argentina
SJK Akatemia,89908,SJK Akatemia,finland
Olympique Akbou,527315,Olympique Akbou,algeria
Wellington Phoenix,841742,Wellington Phoenix,australia
LASK Linz,2058,LASK Linz,austria
Al-Wehdat,40650,Al Wehdat,jordan
Malmo FF,675109,Malmo FF,sweden
IF Vestri,256267,IF Vestri,iceland
Jippo,2263,JIPPO,finland
KFC Komarno,191850,KFC Komarno,slovakia
Deportivo Cali,6112,Deportivo Cali,colombia
Central Ballester,377552,Central Ballester,argentina
Juventud Unida San Miguel,377574,Juventud Unida San Miguel,argentina
Cerro Porteno,5991,Cerro Porteno,paraguay
Juarez FC,600136,FC Juarez,mexico
Cruz Azul,334055,Cruz Azul,mexico
Aarhus Fremad,4874,Aarhus Fremad,denmark
B93 Copenhagen,1298,B93 Copenhagen,denmark
Hobro IK,1392,Hobro IK,denmark
AC Horsens,1297,AC Horsens,denmark
OFK Beograd,5153,OFK Beograd,serbia
FUS Rabat,55027,FUS Rabat,morocco
Guillermo Brown,53801,Guillermo Brown,argentina
Defensa y Justicia,36839,Defensa y Justicia,argentina
Instituto AC Cordoba,4937,Instituto AC Cordoba,argentina
Boca Juniors,3202,Boca Juniors,argentina
FC Flora Tallinn,3346,Tallinna FC Flora,estonia
Universidad Catolica Del Ecuador,21942,CD Universidad Catolica del Ecuador,ecuador
Villarreal C,2819,Villarreal CF,spain
Inter Milan,618606,Inter Milano,italy
Tenerife C,218002,CD Tenerife,spain
RSB Berkane,80395,Rs Berkane,morocco
Guaporé RO,675181,Guapore  RO,brazil
Juventud De Las Piedras,3224,CA Juventud de Las Piedras,uruguay
Cheltenham Town (W),69,Cheltenham Town,england
New England Revolution II,2511,New England Revolution,usa
Universitario De Vinto,378092,FC Universitario de Vinto,bolivia
Independiente Chivilcoy,300078,Independiente de Chivilcoy,argentina
Kimberley Mar del Plata,672815,Kimberley de Mar Del Plata,argentina
Racing Club de Montevideo,25010,Racing Club Montevideo,uruguay
Newell's Old Boys (W),3212,Newell's Old Boys,argentina
Gyor Eto FC (W),1923,WKW ETO FC Gyor,hungary
Austria Klagenfurt (W),43254,SK Austria Klagenfurt,austria
Orlando Pride (W),245093,Orlando Pride,usa
Krasava ENY Ypsonas,617260,Krasava ENY Ypsonas FC,cyprus
Atlético Tucumán,36833,Atletico Tucuman,argentina
Talaea El Geish,43561,Talaea El Gaish,egypt
FC Inter Turku,283675,FC Inter Turku 2,finland
Lokomotiv 1929 Sofia,3277,FC Lokomotiv 1929 Sofia,bulgaria
Minnesota United FC II,41618,Minnesota United FC,usa
Sporting Kansas City II,2509,Sporting Kansas City,usa
EC Primavera MT,689755,Primavera AC MT,brazil
Tecnico Universitario,21941,CD Tecnico Universitario,ecuador
SKN St Polten (W),2119,SKN St Polten,austria
Ittihad Tanger (W),87180,Ittihad Tanger,morocco
Shabab Al Ordon,40646,Shabab AL Ordun,jordan
Estrella del Sur Alejandro Korn,1074128,Club Estrella Del Sur (Alejandro Korn),argentina
Racing de Cordoba,399415,CA Racing de Cordoba,argentina
Partizan Belgrade,5152,FK Partizan Belgrade,serbia
Universitatea Cluj,7734,FC Universitatea Cluj,romania
Argentino Quilmes,93525,Argentino de Quilmes,argentina
Defensores de Belgrano,260593,CAS Defensores de Belgrano,argentina
Victoriano Arenas,377564,CA Victoriano Arenas,argentina
US Yacoub El Mansour,1174823,US Yacoub Mansour,morocco
Santamarina Tandil,165912,CD Santamarina Tandil,argentina
Aalesunds FK 2,677,Aalesunds FK,norway
Al Ahli Amman,167130,Al-Ahly Amman,jordan
Club Olimpia (W),5997,Club Olimpia,paraguay
Independiente del Valle,39723,CSD Independiente del Valle,ecuador
Leones de Rosario,1314460,Leones de Rosario FC,argentina
Gold Coast United,35845,Gold Coast United FC,australia
Huracan Las Heras,206435,CA Huracan Las Heras,argentina
Atletico Rafaela,34976,Atletico de Rafaela,argentina
Argentino Merlo,210370,Argentino de Merlo,argentina
Spartak Subotica,36967,FK Spartak Subotica,serbia
Esbjerg fB (W),1287,Esbjerg FB,denmark
Barracas Central,65668,CA Barracas Central,argentina
Villa San Carlos,107199,CA Villa San Carlos,argentina
Atletico Mineiro,552277,Atletico Mineiro MG,brazil
Brommapojkarna (W),112697,IF Brommapojkarna,sweden
Levante UD (W),2849,Levante UD,spain
Orlando City SC II,52237,Orlando City SC,usa
Shakhtar Donetsk,107723,FC Shakhtar Donetsk,ukraine
Beitar Jerusalem,5204,Beitar Jerusalem FC,israel
Sao Raimundo RR,90278,Sao Raimundo EC RR,brazil
SV Austria Salzburg,43074,Austria Salzburg,austria
Vasco da Gama AC,440798,AD Vasco Da Gama AC,brazil
Cucuta Deportivo,6108,Cucuta Deportivo FC,colombia
Northeast United,174602,Northeast United FC,india
Javor Ivanjica,5144,FK Javor Ivanjica,serbia
Excelsior Rotterdam U21,2967,Excelsior Rotterdam,netherlands
Mladost Lucani,7771,FK Mladost Lucani,serbia
Los Angeles FC II,402227,Los Angeles FC,usa
Salernitana U19,2710,US Salernitana,italy
Gotham FC (W),34718,Gotham FC,usa
Inter Miami CF II,659691,Inter Miami CF,usa
Real Noroeste,65494,Real Noroeste ES,brazil
Fluminense PI,773398,Fluminense EC PI,brazil
Brisbane Roar,137384,Brisbane Roar FC,australia
Treaty United FC,779084,Treaty United,ireland
Monte Roraima,1104921,Monte Roraima RR,brazil
Brisbane Roar,174078,Brisbane Roar FC,australia
Union Santa Fe,3204,Union de Santa Fe,argentina
Central Cordoba SdE,65676,CA Central Cordoba SE,argentina
Arda Kardzhali,364786,FC Arda Kardzhali,bulgaria
CFR 1907 Cluj (W),5287,FC CFR 1907 Cluj,romania
Guayaquil City,171976,Guayaquil City FC,ecuador
Blacktown City,364622,Blacktown City FC,australia
East Kilbride,170622,East Kilbride FC,scotland
CFR 1907 Cluj (W),5287,FC CFR 1907 Cluj,romania
SSD Casarano Calcio,43684,S.S.D. Casarano Calcio,italy
Fremad Amager,35412,BK Fremad Amager,denmark
Fluminense PI,773398,Fluminense EC PI,brazil
Melbourne City,227542,Melbourne City FC,australia
Longford Town,3175,Longford Town FC,ireland
Spartak Trnava,2406,FC Spartak Trnava,slovakia
FC Järfälla,22262,FC Jarfalla,sweden
Universitatea Craiova (W),116223,CS Universitatea Craiova,romania
Universitatea Craiova (W),116223,CS Universitatea Craiova,romania
Ferroviaria (W),263071,Ferroviaria SP,brazil
Boyaca Chico,6107,Boyaca Chico FC,colombia
Boston River,174970,CA Boston River,uruguay
EC Juventude,838430,EC Juventude RS,brazil
Puerto Nuevo,377562,CA Puerto Nuevo,argentina
Villarreal B,24338,Villarreal CF B,spain
Real Murcia B,4487,Real Murcia CF,spain
Al-Ahli Doha,44443,Al Ahli Doha SC,qatar
Lokomotiv Plovdiv,3272,PFC Lokomotiv Plovdiv,bulgaria
EC Juventude,1980,EC Juventude RS,brazil
Al Futowa,328079,Al Futuwa,syria
Valenciennes,5061,Valenciennes FC,france
Bray Wanderers,3171,Bray Wanderers AFC,ireland
Giulianova Calcio 1924,5307,Giugliano Calcio 1928,italy
Botafogo PB,49196,Botafogo FC PB,brazil
Ethnikos Achna,3396,Ethnikos Achnas FC,cyprus
KUPS Akatemia,22397,VPS Akatemia,finland
Botafogo SP,1979,Botafogo FC SP,brazil
Nacional AM,21859,Nacional FC AM,brazil
Tampere Utd,2241,Tampere United,finland
Tristan Suarez,93513,CSD Tristan Suarez,argentina
Berazategui,388236,AD Berazategui,argentina
KUPS Akatemia,22397,VPS Akatemia,finland
Tigres UANL,334075,CF Tigres UANL,mexico
Heerenveen (W),2964,SC Heerenveen,netherlands
Heerenveen (W),2964,SC Heerenveen,netherlands
Anapolis FC,21872,Anapolis FC GO,brazil
FK Csikszereda Miercurea Ciuc,391688,AFK Csikszereda Miercurea Ciuc,romania
Once Caldas,6118,CD Once Caldas,colombia
Mushuc Runa,134976,Mushuc Runa SC,ecuador
UAI Urquiza,112507,CD UAI Urquiza,argentina
IFK Norrkoping,102033,IFK Norrkoping DFK,sweden
Wadi Degla (W),43568,Wadi Degla SC,egypt
Enna Calcio,2708,Ternana Calcio,italy
Tampere Utd,2241,Tampere United,finland
Nacional AM,21859,Nacional FC AM,brazil
Millonarios,6117,Millonarios FC,colombia
Chateauroux,1666,LB Chateauroux,france
Sacachispas,184969,Sacachispas FC,argentina
Sao Jose RS,32767,EC Sao Jose RS,brazil
ACS Campionii FC Arges (W),116221,ACS Champions FC Arges,romania
Otelul Galati,3291,ASC Otelul Galati,romania
Al Gharafa,34312,Al Gharafa SC,qatar
Vitoria EC,321493,EC Vitoria BA,brazil
America MG,440896,America FC MG,brazil
Hammarby TFF,1884,Hammarby IF,sweden
Middelfart,22163,Middelfart BK,denmark
Vittsjö GIK (W),61572,Vittsjo GIK,sweden
Capital CF,529973,Capital CF DF,brazil
America MG,1973,America FC MG,brazil
Capital CF,529973,Capital CF DF,brazil
JK Nomme United,37572,FC Nomme United,estonia
Cork City (W),40896,Cork City FC,ireland
Deportivo La Coruna (W),355084,RC Deportivo De La Coruna,spain
ES Ben Aknoun,133444,Ben Aknoun,algeria
Vitoria ES,35280,Vitoria FC ES,brazil
Gillingham,20,Gillingham FC,england
Finn Harps,3181,Finn Harps FC,ireland
Deportivo Riestra,191648,Deportivo Riestra AFBC,argentina
Stranraer,2371,Stranraer FC,scotland
Montana 1921,32642,PFC Montana 1921,bulgaria
Portland Thorns (W),151008,Portland Thorns FC,usa
FC Fleury 91,373326,FC Fleury,france
Mixto EC (W),782104,Mixto EC MT,brazil
Palestino,3157,CD Palestino,chile
Rapid Vienna II,2092,Rapid Wien II,austria
Athlone Town,3198,Athlone Town AFC,ireland
MC El Bayadh,133466,El Bayadh,algeria
Ninh Binh,330079,Ninh Binh FC,vietnam
Moto Club,2009,Moto Club MA,brazil
Cruz Azul,1947,CF Cruz Azul,mexico
Belgrano (W),65664,CS Belgrano,argentina
Azuriz FC,683979,Azuriz FC PR,brazil
Monterrey,334061,CF Monterrey,mexico
HB Køge,36095,HB Koege,denmark
Galvez AC,245535,Galvez EC AC,brazil
Monterrey,1932,CF Monterrey,mexico
Temperley,112499,CA Temperley,argentina
Slavia Sofia,3274,PFC Slavia Sofia,bulgaria
Al Shamal SC,170366,Al-Shamal,qatar
Almirante Brown,43740,Club Almirante Brown,argentina
Levski Sofia,3273,PFC Levski Sofia,bulgaria
Mixto EC (W),34005,Mixto EC MT,brazil
Sporting B,3001,Sporting CP,portugal
Club Leandro N. Alem,337371,CDM Leandro N. Alem,argentina
Banfield (W),3219,CA Banfield,argentina
Atletico Nacional Medellin Reserves,6106,Atletico Nacional Medellin,colombia
Sol de Mayo,337369,CSD Sol de Mayo,argentina
Fortaleza CEIF,89368,Fortaleza FC,colombia
Montpellier,36701,Montpellier HSC,france
Deportivo Pereira,6109,Deportivo Pereira FC SA,colombia
SC Dinamo 1948 Bucharest (W),3292,FC Dinamo Bucuresti 1948,romania
Gimnastic Tarragona U19,2840,Gimnastic de Tarragona,spain
Le Havre,561522,Le Havre AC,france
Monopoli,25137,SS Monopoli,italy
Petrojet,43567,Petrojet FC,egypt
Alcorcon,24322,AD Alcorcon,spain
Asane Fotball U19,682,Aasane Fotball,norway
Osasuna B,2820,CA Osasuna,spain
Benfica (W),3006,SL Benfica,portugal
Talleres Cordoba,3210,CA Talleres de Cordoba,argentina
SC Dinamo 1948 Bucharest (W),3292,FC Dinamo Bucuresti 1948,romania
UTA Arad,221210,FC Uta Arad,romania
Valencia,2828,Valencia CF,spain
Porto BA,1126777,Porto SC BA,brazil
Atalanta,1037333,Atalanta BC,italy
Seattle Reign (W),151010,Seattle Reign FC,usa
Porto BA,1126777,Porto SC BA,brazil
Acassuso,112491,CA Acassuso,argentina
Maastricht,2976,MVV Maastricht,netherlands
Botev Vratsa,36938,POFC Botev Vratsa,bulgaria
Tromsdalen,669,Tromsdalen UIL,norway
Vila Nova GO (W),2021,Vila Nova FC GO,brazil
Fiorentina,373090,ACF Fiorentina,italy
AZ Picerno ASD,223518,AZ Picerno,italy
CF Pachuca III,1936,CF Pachuca,mexico
SJK Akatemia,889625,VJS/Akatemia,finland
Valerenga 2,1165,Vaalerenga IF,norway
CSKA Sofia,3275,PFC CSKA Sofia,bulgaria
IMT Novi Belgrade,425691,FK IMT Novi Beograd,serbia
Aguia de Maraba,33998,Aguia de Maraba FC PA,brazil
Confianca Sape,2017,AD Confianca SE,brazil
San Martin de San Juan Reserves,7772,San Martin de San Juan,argentina
Telstar,2972,SC Telstar,netherlands
FC Luzern U19,2453,FC Luzern,switzerland
CD Cuenca Jrs,5251,CD Cuenca,ecuador
FC Gladsaxe,218750,AB Gladsaxe,denmark
Danubio,3228,Danubio FC,uruguay
Granada,114819,Granada CF,spain
Huracan,7629,CA Huracan,argentina
Internacional (W),425633,SC Internacional RS,brazil
Huracan,7629,CA Huracan,argentina
Tampere Utd,2269,TPV Tampere,finland
Naestved IF,1320,Naestved BK,denmark
Tocantinopolis,245545,Tocantinopolis EC TO,brazil
Luton (W),72,Luton Town,england
Crotone,2718,FC Crotone,italy
Tampere Utd,2269,TPV Tampere,finland
Tocantinopolis,245545,Tocantinopolis EC TO,brazil
Rio Ave,3036,Rio Ave FC,portugal
Club America,1939,CF America,mexico
Ha Tinh,541735,Ha Tinh FC,vietnam
Decisao,617186,Decisao PE,brazil
Telstar,2972,SC Telstar,netherlands
Nautico,2011,Nautico PE,brazil
Francs Borains,280181,Royal Francs Borains,belgium
Al Khaburah,173430,Al-Khaboora,oman
Sampaio Correa,2005,Sampaio Correa FC MA,brazil
Juventud Unida Universitario,396508,CA Juventud Unida Universitario San Luis,argentina
Getafe B,2859,Getafe CF,spain
SE Gama,1978,SE Gama DF,brazil
Al-Baqa'a,54583,Al Baqaa,jordan
Ludogorets Razgrad (F),43840,PFC Ludogorets 1945 Razgrad,bulgaria
Tampere Utd,889599,Tampere United 2,finland
El Porvenir,388934,Club El Porvenir,argentina
Chivas Guadalajara,1938,CD Guadalajara,mexico
Olympic Charleroi,7735,Olympic Club De Charleroi,belgium
Fortaleza FC,2020,Fortaleza EC CE,brazil
Al Ittihad Aleppo,40652,Al Ittihad Ahli of Aleppo,syria
Independencia,538749,Independencia FC AC,brazil
Bullas Deportivo,2885,Deportivo Alaves,spain
St. Louis City,874725,Saint Louis City SC,usa
Faenza Calcio,2716,Cosenza Calcio,italy
Gimnasia Y Esgrima De Chivilcoy,1191759,Gimnasia de Chivilcoy,argentina
FC Eindhoven,2952,PSV Eindhoven,netherlands
FC Utrecht,53067,Jong FC Utrecht,netherlands
FC Eindhoven,2952,PSV Eindhoven,netherlands
Atletico Goianiense,7314,AC Goianiense GO,brazil
Mallorca,2826,RCD Mallorca,spain
Rionegro Aguilas,48244,Aguilas Doradas Rionegro,colombia
Ho Chi Minh City,33119,Becamex Ho Chi Minh City,vietnam
Orense,403235,Orense SC,ecuador
Emelec,5255,CS Emelec,ecuador
Cuiabá EC,49202,Cuiaba EC MT,brazil
Eibar (W),562732,SD Eibar,spain
Castenaso Calcio,2725,Calcio Catania,italy
Corinthians (W),260739,SC Corinthians SP,brazil
Atletico Goianiense,7314,AC Goianiense GO,brazil
Teruel,43751,CD Teruel,spain
Klubi-04,5918,HJK Klubi 04,finland
FC Como (W),865429,SSD FC Como,italy
Nantes,518484,FC Nantes,france
Atletico Goianiense,7314,AC Goianiense GO,brazil
Bryne (W),663,Bryne FK,norway
Vis Pesaro,2754,Vis Pesaro 1898,italy
Lommel,5046,Lommel SK,belgium
Enosis Paralimni,3405,Enosis Neon Paralimni FC,cyprus
Lugano,2443,FC Lugano,switzerland
Gubbio,2782,AS Gubbio,italy
Iguatu,401927,Iguatu CE,brazil
Cipolletti,341072,Club Cipolletti,argentina
KKS Kalisz,273491,KKS 1925 Kalisz,poland
Vis Pesaro,2754,Vis Pesaro 1898,italy
Juazeirense,61724,SD Juazeirense BA,brazil
Fluminense De Feira U20,552281,Fluminense FC RJ,brazil
Fluminense De Feira U20,1961,Fluminense FC RJ,brazil
Juazeirense,61724,SD Juazeirense BA,brazil
Ponte Preta,1969,AA Ponte Preta SP,brazil
Napoli,659283,SSD Napoli,italy
Uniao Rondonopolis,336163,Uniao EC MT,brazil
Raja Casablanca,41757,Raja Casablanca Athletic,morocco
Lens,864167,RC Lens,france
Betis Deportivo,24358,Betis Deportivo Balompie,spain
Palmeiras U20 (W),552275,SE Palmeiras SP,brazil
Imperatriz,21852,SD Imperatriz MA,brazil
Djurgarden,1878,Djurgardens IF DFF,sweden
Skive,1304,Skive IK,denmark
Spezia,2735,Spezia Calcio,italy
Lugo,24332,CD Lugo,spain
Sao Paulo U20 (W),552291,Sao Paulo FC SP,brazil
Juventus,377716,Juventus Turin,italy
Lanus,3218,CA Lanus,argentina
Elche,2846,Elche CF,spain
Cerro,22011,CA Cerro,uruguay
CA Piauiense,189920,Piaui PI,brazil
Vidar,709,FK Vidar,norway
Stockport,10,Stockport County FC,england
Rouen,4493,FC Rouen,france
Jacuipense,87166,EC Jacuipense BA,brazil
Tijuana,36525,Club Tijuana de Caliente,mexico
DC Power (W),1166963,DC Power FC,usa
Spartak Varna,3278,FK Spartak 1918 Varna,bulgaria
Gimnasia Mendoza,189099,Gimnasia y Esgrima Mendoza,argentina
Playford,424591,Playford City,australia
Santa Clara,3011,Santa Clara Azores,portugal
Toluca,1931,Deportivo Toluca FC,mexico
Macara,6001,CSD Macara,ecuador
Botafogo,552289,Botafogo Fr RJ,brazil
Itabaiana,21853,AO Itabaiana SE,brazil
Sabadell,24335,CE Sabadell FC,spain
Parnahyba,35282,Parnahyba SC PI,brazil
HPS,1114181,Hps/2,finland
Paysandu U20,1997,Paysandu SC PA,brazil
Flamengo,321495,CR Flamengo RJ,brazil
Genoa,2711,Sampdoria Genoa,italy
Dijon,1686,Dijon FCO,france
Tromso,660,Tromsoe IL,norway
Dijon,477222,Dijon FCO,france
Toluca,1269256,Deportivo Toluca FC,mexico
Sandefjord,676,Sandefjord Fotball,norway
Flamengo,5981,CR Flamengo RJ,brazil
Cruzeiro AL,552283,Cruzeiro EC MG,brazil
Toluca,334057,Deportivo Toluca FC,mexico
Ceilandia,35279,Ceilandia EC DF,brazil
Marseille,284559,Olympique Marseille,france
Colon,3207,Colon de Santa Fe,argentina
Mantova,2770,Mantova 1911,italy
Real Betis,2816,Real Betis Seville,spain
Lyon,26245,Olympique Lyon,france
Roma,509432,AS Roma,italy
Moss,662,Moss FK,norway
FK Cukaricki,5148,FK Cukaricki Belgrade,serbia
Tombense,87202,Tombense FC MG,brazil
Goiatuba,646902,Goiatuba EC GO,brazil
Londrina,2022,Londrina EC PR,brazil
Thanh Hoa,33030,Dong A Thanh Hoa,vietnam
Parma,924573,Parma Calcio,italy
Independiente,3209,CA Independiente Avellaneda,argentina
Independiente,3209,CA Independiente Avellaneda,argentina
Gil Vicente,3010,Gil Vicente Barcelos,portugal
Gimnasia Jujuy,5292,Gimnasia y Esgrima de Jujuy,argentina
Frosinone,2801,Frosinone Calcio,italy
Benevento,2759,Benevento Calcio,italy
Eupen,2926,KAS Eupen,belgium
Lazio,826672,Lazio Rome,italy
Sassuolo,377720,Sassuolo Calcio,italy
Agropecuario,371368,Agropecuario Argentino,argentina
Heracles,2977,Heracles Almelo,netherlands
ØB,1290,Aalborg BK,denmark
FC 1980 Wien,7785,FAC Wien,austria
Santos AP,263077,Santos FC SP,brazil
Servette,2448,Servette Geneva,switzerland
Penarol,3227,CA Penarol Montevideo,uruguay
Humaita,463359,SC Humaita AC,brazil
NK Jarun,476940,NK Jarun Zagreb,croatia
Piteå IF,32871,Piteaa IF DFF,sweden
Sergipe,2016,CS Sergipe SE,brazil
Ujpest,1924,Ujpest FC Budapest,hungary
St Gallen,2442,FC St. Gallen 1879,switzerland
Bragantino,749357,Red Bull Bragantino SP,brazil
Sogndal,665,Sogndal Fotball,norway
Eldense,47321,Club Deportivo Eldense,spain
Perugia,2698,Perugia Calcio Spa,italy
Gremio,426351,Gremio Atletico Sampaio RR,brazil
Gremio,426351,Gremio Atletico Sampaio RR,brazil
San Lorenzo,3201,CA San Lorenzo de Almagro,argentina
Feyenoord,2959,Feyenoord Rotterdam,netherlands
Vitesse,2958,Vitesse Arnhem,netherlands
Juventus,474236,Juventus Next Gen,italy
Junior,6105,CD Junior FC,colombia
Sport Recife U20,1959,SC Recife PE,brazil
Bahia,682327,EC Bahia BA,brazil
PSV,46168,PSV Eindhoven,netherlands
AIK,7388,AIK DFF,sweden
Lujan,306574,Club Lujan,argentina
Genk,912461,Jong KRC Genk,belgium
Juventus,474236,Juventus Next Gen,italy
Sport Recife U20,1959,SC Recife PE,brazil
Karlovac,25528,NK Karlovac 1919,croatia
Enppi,43564,Enppi Club,egypt
VJS Vantaa,283741,VJS,finland
Kawkab Marrakech,47696,Kawkab Athletic Club of Marrakech,morocco
Barcelona Guayaquil,5250,Barcelona SC,ecuador
Guimaraes,3009,Vitoria SC Guimaraes,portugal
Stjarnan,1912,Stjarnan Gardabae,iceland
Gremio,321491,Gremio FB Porto Alegrense RS,brazil
Genoa,512870,Genoa CFC Women,italy
Operario,35276,CE Operario Varzea-Grandense MT,brazil
Sorrento,7937,ASD Sorrento 1945,italy
Pescara,2728,Delfino Pescara,italy
KTP,2255,FC KTP Kotka,finland
Nyiregyhaza,5124,Nyiregyhaza Spartacus FC,hungary
RKC,2956,RKC Waalwijk,netherlands
KFUM,786,KFUM Oslo,norway
Hercules,2877,Hercules de Alicante CF,spain
KFUM,786,KFUM Oslo,norway
RKC,2956,RKC Waalwijk,netherlands
Villefranche,32934,FC Villefranche Beaujolais,france
VVV,2980,VVV Venlo,netherlands
Ferroviario,39634,Operario Ferroviario EC PR,brazil
Sousa,21864,Sousa EC PB,brazil
Deportivo Recoleta,463345,Recoleta FC,paraguay
Ferroviario,39634,Operario Ferroviario EC PR,brazil
Ferroviario,39634,Operario Ferroviario EC PR,brazil
MP,22386,Tampereen Ilves,finland
Olimpo B Blanca,3222,Club Olimpo,argentina
Kongsvinger,672,Kongsvinger IL Toppfotball,norway
Sochaux,1657,Sochaux-Montbeliard,france
Retro,614088,Retro FC PE,brazil
Retro,614088,Retro FC PE,brazil
Olimpo B Blanca,3222,Club Olimpo,argentina
Treze,2018,Treze FC PB,brazil
Beroe,3281,PFK Beroe Stara Zagora,bulgaria
ØB,1371,Hillerod Fodbold,denmark
Basel,2501,FC Basel 1893,switzerland
Metrostars,90884,North Eastern Metrostars SC,australia
PVF,340516,PVF Cong An Nhan Dan FC,vietnam
Vojvodina,5150,FK Vojvodina Novi Sad,serbia
Ajax,2953,Ajax Amsterdam,netherlands
Sudtirol,2760,FC Sudtirol Bolzano,italy
Queretaro,1269048,Gallos Blancos de Queretaro,mexico
Nacional,3013,Nacional da Madeira,portugal
Ajax,2953,Ajax Amsterdam,netherlands
NEC,2962,NEC Nijmegen,netherlands
NEC,2962,NEC Nijmegen,netherlands
MP,283673,Tampereen Ilves 2,finland
San Jose,21825,San Jose Earthquakes,usa
Cambuur Leeuwarden,2970,SC Cambuur,netherlands
HIK,1308,HIK Hellerup,denmark
Rouen,233162,Quevilly-Rouen Metropole,france
Fenix,112495,CA Fenix Pilar,argentina
FADEP Mendoza,855165,Fadep,argentina
FK Dziugas Telsiai,168446,Dziugas,lithuania
FCSB,3301,Fotbal Club FCSB,romania
KPV,2256,KPV Kokkola,finland
KPV,2256,KPV Kokkola,finland
Zorya,5987,FC Zorya Luhansk,ukraine
NAC,2947,NAC Breda,netherlands
KaPa,2273,KaPa Kapylan Pallo,finland
KaPa,2273,KaPa Kapylan Pallo,finland
MuSa,192684,Musan Salama,finland
Alkmaarse FC 1934 U21,2950,AZ Alkmaar,netherlands
Alkmaarse FC 1934 U21,2950,AZ Alkmaar,netherlands
JJK,7298,JJK Jyvaskyla,finland
JJK,7298,JJK Jyvaskyla,finland
Ajax,46160,Jong Ajax Amsterdam,netherlands
TSC,368638,FK TSC Backa Topola,serbia
Gent,76451,Jeugd KAA Gent B,belgium
Alianza,1098993,Alianza FC Valledupar,colombia
AVS,1031053,AVS Futebol SAD,portugal
PEPO,2275,PEPO Lappeenranta,finland
KaPa,195214,Nurmijarven Jalkapalloseura,finland
Assyriska Föreningen,1782,Assyriska FF,sweden
CDA Monte Maiz,854829,CD Argentino Monte Maiz,argentina
Grasshopper (W),2449,Grasshopper Club Zurich,switzerland
Barracas Central,165916,CS Barracas,argentina
Barracas Central,165916,CS Barracas,argentina
SW Bregenz,7786,Schwarz-Weiss Bregenz,austria
APIA Leichardt (W),64145,APIA Leichhardt Tigers,australia
Gimnasia C. Uruguay,93517,Gimnasia y Esgrima de Concepcion del Uruguay,argentina
SC Brasil Capixaba U20,22032,CR Brasil AL,brazil
SC Brasil Capixaba U20,22032,CR Brasil AL,brazil
SC Brasil Capixaba U20,22032,CR Brasil AL,brazil
Estudiantes LP,3206,Estudiantes de La Plata,argentina
CA Estudiantes Caseros,93107,CA Estudiantes,argentina
San Martin SJ,269301,Sportivo General San Martin Formosa,argentina
ZFK Crvena Zvezda (W),5149,FK Crvena Zvezda Belgrade,serbia
De Treffers,6475,De Treffers Groesbeek,netherlands
ND Primorje,2414,Primorje Ajdovscina,slovenia
IK Uppsala (W),352792,IK Uppsala Fotboll,sweden
Gimnasia LP,3205,Gimnasia y Esgrima La Plata,argentina
SC Lokeren-Temse,761290,KSC Lokeren-Temse,belgium
St Etienne,78489,AS Saint-Etienne,france
FK Napredak,7674,FK Napredak Krusevac,serbia
CF Talavera,47567,CF Talavera de La Reina,spain
Al-Jazeera,54587,AL Jazeera Club Amman,jordan
Al-Jazeera,54587,AL Jazeera Club Amman,jordan
Club Atletico Progreso,3238,CA Progreso,uruguay
HUSA Agadir,55039,Hassania Union Sport Agadir,morocco
Dobrudzha 1919 Dobrich,5242,PFC Dobrudzha Dobrich,bulgaria
LA Galaxy,2513,Los Angeles Galaxy,usa
Ferencvarosi TC,1925,Ferencvarosi Budapest,hungary
Atletico Bucaramanga (W),6103,CA Bucaramanga,colombia
Sportivo Atenas,475492,CSB Atenas,argentina
Sportivo Atenas,475492,CSB Atenas,argentina
White City FK Beograd,90894,FK Beograd,australia
JJ Urquiza,211856,ASD Justo Jose de Urquiza,argentina
Lierse SK,116075,Koninklijke Lierse Sportkring,belgium
Willem II,2961,Willem II Tilburg,netherlands
Deportes Tolima,6111,CD Tolima,colombia
FC Twente,2955,FC Twente Enschede,netherlands
FC Twente,2955,FC Twente Enschede,netherlands
BK Hacken,1889,Hacken Gothenburg,sweden
Leones FC,671275,Leones Futbol Club,ecuador
CA Costa Brava,672871,Costa Brava de General Pico,argentina
HJK Helsinki,50525,PK-35 Helsinki,finland
Gimnasia CDU,258465,Gimnasia Y Tiro de Salta,argentina
HJK Helsinki,50525,PK-35 Helsinki,finland
Desportiva Aracaju,529969,CS Esportiva AL,brazil
Atletico Alagoinhas,525349,Alagoinhas AC BA,brazil