Match ID,liga_original,liga_nova
149323454,Guatemala Liga Nacional,Guatemala Primera Division
149354602,Guatemala Liga Nacional,Guatemala Primera Division
149423103,Guatemala Liga Nacional,Guatemala Primera Division
149292669,Scotland Women Premier League,Scotland Premier League Women
537632,Scotland Women Premier League,Scotland Premier League Women
149292672,Scotland Women Premier League,Scotland Premier League Women
149292677,Scotland Women Premier League,Scotland Premier League Women
149292684,Scotland Women Premier League,Scotland Premier League Women
149292686,Scotland Women Premier League,Scotland Premier League Women
149292688,Scotland Women Premier League,Scotland Premier League Women
149354607,Guatemala Liga Nacional,Guatemala Primera Division
149354754,Guatemala Liga Nacional,Guatemala Primera Division
149354756,Guatemala Liga Nacional,Guatemala Primera Division
149390318,Guatemala Liga Nacional,Guatemala Primera Division
149354758,Guatemala Liga Nacional,Guatemala Primera Division
149578631,Guatemala Liga Nacional,Guatemala Primera Division
149636189,Guatemala Liga Nacional,Guatemala Primera Division
149636306,Guatemala Liga Nacional,Guatemala Primera Division
149636193,Guatemala Liga Nacional,Guatemala Primera Division
149636196,Guatemala Liga Nacional,Guatemala Primera Division
149636252,Guatemala Liga Nacional,Guatemala Primera Division
149621751,Guatemala Liga Nacional,Guatemala Primera Division
149621812,Guatemala Liga Nacional,Guatemala Primera Division
149636255,Guatemala Liga Nacional,Guatemala Primera Division
149822564,Guatemala Liga Nacional,Guatemala Primera Division
149621592,Guatemala Liga Nacional,Guatemala Primera Division
149621637,Guatemala Liga Nacional,Guatemala Primera Division
149621862,Guatemala Liga Nacional,Guatemala Primera Division
149621893,Guatemala Liga Nacional,Guatemala Primera Division
149636263,Guatemala Liga Nacional,Guatemala Primera Division
149636204,Guatemala Liga Nacional,Guatemala Primera Division
149636268,Guatemala Liga Nacional,Guatemala Primera Division
149636208,Guatemala Liga Nacional,Guatemala Primera Division
149636222,Guatemala Liga Nacional,Guatemala Primera Division
149636273,Guatemala Liga Nacional,Guatemala Primera Division
149636279,Guatemala Liga Nacional,Guatemala Primera Division
149636286,Guatemala Liga Nacional,Guatemala Primera Division
150012165,Scotland Women Premier League,Scotland Premier League Women
150012167,Scotland Women Premier League,Scotland Premier League Women
150028258,Scotland Women Premier League,Scotland Premier League Women
150012163,Scotland Women Premier League,Scotland Premier League Women
150012169,Scotland Women Premier League,Scotland Premier League Women
150028260,Scotland Women Premier League,Scotland Premier League Women
149636227,Guatemala Liga Nacional,Guatemala Primera Division
149636289,Guatemala Liga Nacional,Guatemala Primera Division
149636292,Guatemala Liga Nacional,Guatemala Primera Division
149636294,Guatemala Liga Nacional,Guatemala Primera Division
149636231,Guatemala Liga Nacional,Guatemala Primera Division
149636300,Guatemala Liga Nacional,Guatemala Primera Division
149636213,Guatemala Liga Nacional,Guatemala Primera Division
150271048,Scotland Women Premier League,Scotland Premier League Women
149636236,Guatemala Liga Nacional,Guatemala Primera Division
149636238,Guatemala Liga Nacional,Guatemala Primera Division
149636241,Guatemala Liga Nacional,Guatemala Primera Division
149636303,Guatemala Liga Nacional,Guatemala Primera Division
149636244,Guatemala Liga Nacional,Guatemala Primera Division
149636246,Guatemala Liga Nacional,Guatemala Primera Division
149636249,Guatemala Liga Nacional,Guatemala Primera Division
149933024,Guatemala Liga Nacional,Guatemala Primera Division
149933061,Guatemala Liga Nacional,Guatemala Primera Division
149933031,Guatemala Liga Nacional,Guatemala Primera Division
149933051,Guatemala Liga Nacional,Guatemala Primera Division
149933037,Guatemala Liga Nacional,Guatemala Primera Division
149933056,Guatemala Liga Nacional,Guatemala Primera Division
149933058,Guatemala Liga Nacional,Guatemala Primera Division
149933041,Guatemala Liga Nacional,Guatemala Primera Division
149933068,Guatemala Liga Nacional,Guatemala Primera Division
149933074,Guatemala Liga Nacional,Guatemala Primera Division
149933077,Guatemala Liga Nacional,Guatemala Primera Division
149933046,Guatemala Liga Nacional,Guatemala Primera Division
150609226,Guatemala Liga Nacional,Guatemala Primera Division
150558870,Scotland Women Premier League,Scotland Premier League Women
150433721,Scotland Women Premier League,Scotland Premier League Women
150433777,Scotland Women Premier League,Scotland Premier League Women
150433773,Scotland Women Premier League,Scotland Premier League Women
149933093,Guatemala Liga Nacional,Guatemala Primera Division
149933102,Guatemala Liga Nacional,Guatemala Primera Division
149933104,Guatemala Liga Nacional,Guatemala Primera Division
149933106,Guatemala Liga Nacional,Guatemala Primera Division
149933082,Guatemala Liga Nacional,Guatemala Primera Division
149933108,Guatemala Liga Nacional,Guatemala Primera Division
149933110,Guatemala Liga Nacional,Guatemala Primera Division
150266903,Guatemala Liga Nacional,Guatemala Primera Division
150683793,Guatemala Liga Nacional,Guatemala Primera Division
150729053,Guatemala Liga Nacional,Guatemala Primera Division
150266905,Guatemala Liga Nacional,Guatemala Primera Division
150266908,Guatemala Liga Nacional,Guatemala Primera Division
150715760,Scotland Women Premier League,Scotland Premier League Women
150715765,Scotland Women Premier League,Scotland Premier League Women
150715767,Scotland Women Premier League,Scotland Premier League Women
150715771,Scotland Women Premier League,Scotland Premier League Women
150715779,Scotland Women Premier League,Scotland Premier League Women
150729060,Guatemala Liga Nacional,Guatemala Primera Division
150729065,Guatemala Liga Nacional,Guatemala Primera Division
150729071,Guatemala Liga Nacional,Guatemala Primera Division
150266911,Guatemala Liga Nacional,Guatemala Primera Division
150729077,Guatemala Liga Nacional,Guatemala Primera Division
150729084,Guatemala Liga Nacional,Guatemala Primera Division
150266914,Guatemala Liga Nacional,Guatemala Primera Division
150266916,Guatemala Liga Nacional,Guatemala Primera Division
150922423,Israel Women Cup,Israel Cup Women
150961146,Israel Women Cup,Israel Cup Women
150922427,Israel Women Cup,Israel Cup Women
151062943,Israel Women Cup,Israel Cup Women
150922430,Israel Women Cup,Israel Cup Women
150609206,Guatemala Liga Nacional,Guatemala Primera Division
150953112,Guatemala Liga Nacional,Guatemala Primera Division
150609208,Guatemala Liga Nacional,Guatemala Primera Division
150953118,Guatemala Liga Nacional,Guatemala Primera Division
150953124,Guatemala Liga Nacional,Guatemala Primera Division
150609211,Guatemala Liga Nacional,Guatemala Primera Division
150953132,Guatemala Liga Nacional,Guatemala Primera Division
151002004,Scotland Women Premier League,Scotland Premier League Women
151002006,Scotland Women Premier League,Scotland Premier League Women
151002014,Scotland Women Premier League,Scotland Premier League Women
150999813,Scotland Women Premier League,Scotland Premier League Women
150999809,Scotland Women Premier League,Scotland Premier League Women
151002018,Scotland Women Premier League,Scotland Premier League Women
150609213,Guatemala Liga Nacional,Guatemala Primera Division
150953135,Guatemala Liga Nacional,Guatemala Primera Division
150953139,Guatemala Liga Nacional,Guatemala Primera Division
150953144,Guatemala Liga Nacional,Guatemala Primera Division
150609216,Guatemala Liga Nacional,Guatemala Primera Division
150953159,Guatemala Liga Nacional,Guatemala Primera Division
150609219,Guatemala Liga Nacional,Guatemala Primera Division
150953173,Guatemala Liga Nacional,Guatemala Primera Division
150953178,Guatemala Liga Nacional,Guatemala Primera Division
150953187,Guatemala Liga Nacional,Guatemala Primera Division
151261413,Guatemala Liga Nacional,Guatemala Primera Division
150953195,Guatemala Liga Nacional,Guatemala Primera Division
150953066,Guatemala Liga Nacional,Guatemala Primera Division
150953197,Guatemala Liga Nacional,Guatemala Primera Division
150953202,Guatemala Liga Nacional,Guatemala Primera Division
150947537,Romania Liga 2,Romania Liga II
150953052,Guatemala Liga Nacional,Guatemala Primera Division
150947547,Romania Liga 2,Romania Liga II
150947550,Romania Liga 2,Romania Liga II
150947553,Romania Liga 2,Romania Liga II
150947556,Romania Liga 2,Romania Liga II
150947558,Romania Liga 2,Romania Liga II
150947560,Romania Liga 2,Romania Liga II
150953214,Guatemala Liga Nacional,Guatemala Primera Division
150953056,Guatemala Liga Nacional,Guatemala Primera Division
151426098,Guatemala Liga Nacional,Guatemala Primera Division
150947562,Romania Liga 2,Romania Liga II
150947564,Romania Liga 2,Romania Liga II
150953071,Guatemala Liga Nacional,Guatemala Primera Division
150953221,Guatemala Liga Nacional,Guatemala Primera Division
150953223,Guatemala Liga Nacional,Guatemala Primera Division
150953227,Guatemala Liga Nacional,Guatemala Primera Division
150953229,Guatemala Liga Nacional,Guatemala Primera Division
150953078,Guatemala Liga Nacional,Guatemala Primera Division
150953233,Guatemala Liga Nacional,Guatemala Primera Division
150953236,Guatemala Liga Nacional,Guatemala Primera Division
150947566,Romania Liga 2,Romania Liga II
150953080,Guatemala Liga Nacional,Guatemala Primera Division
151594701,Swiss Cup,Switzerland Cup
151594704,Swiss Cup,Switzerland Cup
151594706,Swiss Cup,Switzerland Cup
150953083,Guatemala Liga Nacional,Guatemala Primera Division
150953085,Guatemala Liga Nacional,Guatemala Primera Division
150953087,Guatemala Liga Nacional,Guatemala Primera Division
150953089,Guatemala Liga Nacional,Guatemala Primera Division
150953091,Guatemala Liga Nacional,Guatemala Primera Division
151594708,Swiss Cup,Switzerland Cup
151299623,Romania Liga 2,Romania Liga II
151299626,Romania Liga 2,Romania Liga II
151299630,Romania Liga 2,Romania Liga II
151299632,Romania Liga 2,Romania Liga II
151299635,Romania Liga 2,Romania Liga II
151299637,Romania Liga 2,Romania Liga II
151299641,Romania Liga 2,Romania Liga II
151099267,nan,England League 1
151099269,nan,England League 1
151099271,nan,England League 1
151099273,nan,England League 1
151099275,nan,England League 1
151099277,nan,England League 1
151099279,nan,England League 1
151099281,nan,England League 1
151099283,nan,England League 1
151099285,nan,England League 1
151099288,nan,England League 1
151099298,nan,England League 1
150953093,Guatemala Liga Nacional,Guatemala Primera Division
151304642,Guatemala Liga Nacional,Guatemala Primera Division
151304644,Guatemala Liga Nacional,Guatemala Primera Division
150953095,Guatemala Liga Nacional,Guatemala Primera Division
150953097,Guatemala Liga Nacional,Guatemala Primera Division
151299643,Romania Liga 2,Romania Liga II
151774866,Scotland Women Premier League,Scotland Premier League Women
151774872,Scotland Women Premier League,Scotland Premier League Women
151774888,Scotland Women Premier League,Scotland Premier League Women
151774882,Scotland Women Premier League,Scotland Premier League Women
151774885,Scotland Women Premier League,Scotland Premier League Women
151774891,Scotland Women Premier League,Scotland Premier League Women
150953099,Guatemala Liga Nacional,Guatemala Primera Division
151304649,Guatemala Liga Nacional,Guatemala Primera Division
151304653,Guatemala Liga Nacional,Guatemala Primera Division
150953101,Guatemala Liga Nacional,Guatemala Primera Division
151304657,Guatemala Liga Nacional,Guatemala Primera Division
151304659,Guatemala Liga Nacional,Guatemala Primera Division
150953104,Guatemala Liga Nacional,Guatemala Primera Division
151304661,Guatemala Liga Nacional,Guatemala Primera Division
151299650,Romania Liga 2,Romania Liga II
151099303,nan,England League 1
151099311,nan,England League 1
151099317,nan,England League 1
151304663,Guatemala Liga Nacional,Guatemala Primera Division
151304668,Guatemala Liga Nacional,Guatemala Primera Division
151304683,Guatemala Liga Nacional,Guatemala Primera Division
151304690,Guatemala Liga Nacional,Guatemala Primera Division
151304704,Guatemala Liga Nacional,Guatemala Primera Division
151304707,Guatemala Liga Nacional,Guatemala Primera Division
151993847,Romania Liga 2,Romania Liga II
152002642,Romania Liga 2,Romania Liga II
152002644,Romania Liga 2,Romania Liga II
152002651,Romania Liga 2,Romania Liga II
152002662,Romania Liga 2,Romania Liga II
152002667,Romania Liga 2,Romania Liga II
152002640,Romania Liga 2,Romania Liga II
151638719,nan,England League 1
151638724,nan,England League 1
151638729,nan,England League 1
151638731,nan,England League 1
151638735,nan,England League 1
151638737,nan,England League 1
151638741,nan,England League 1
151638743,nan,England League 1
151638745,nan,England League 1
151638747,nan,England League 1
151638749,nan,England League 1
151638751,nan,England League 1
151690422,Guatemala Liga Nacional,Guatemala Primera Division
151690425,Guatemala Liga Nacional,Guatemala Primera Division
151690428,Guatemala Liga Nacional,Guatemala Primera Division
151690450,Guatemala Liga Nacional,Guatemala Primera Division
152002638,Romania Liga 2,Romania Liga II
151690430,Guatemala Liga Nacional,Guatemala Primera Division
151690453,Guatemala Liga Nacional,Guatemala Primera Division
151690467,Guatemala Liga Nacional,Guatemala Primera Division
151690470,Guatemala Liga Nacional,Guatemala Primera Division
151690433,Guatemala Liga Nacional,Guatemala Primera Division
151690435,Guatemala Liga Nacional,Guatemala Primera Division
151690476,Guatemala Liga Nacional,Guatemala Primera Division
151690478,Guatemala Liga Nacional,Guatemala Primera Division
151690480,Guatemala Liga Nacional,Guatemala Primera Division
152002646,Romania Liga 2,Romania Liga II
151638756,nan,England League 1
151638761,nan,England League 1
151638765,nan,England League 1
151638769,nan,England League 1
151638776,nan,England League 1
151638778,nan,England League 1
151638781,nan,England League 1
151638783,nan,England League 1
151638785,nan,England League 1
151638787,nan,England League 1
151638789,nan,England League 1
151690437,Guatemala Liga Nacional,Guatemala Primera Division
152043006,Guatemala Liga Nacional,Guatemala Primera Division
152327831,Romania Liga 2,Romania Liga II
152327834,Romania Liga 2,Romania Liga II
152327837,Romania Liga 2,Romania Liga II
152327840,Romania Liga 2,Romania Liga II
152327842,Romania Liga 2,Romania Liga II
152327848,Romania Liga 2,Romania Liga II
152327850,Romania Liga 2,Romania Liga II
152327853,Romania Liga 2,Romania Liga II
152327858,Romania Liga 2,Romania Liga II
151989485,nan,England League 1
151989488,nan,England League 1
151989490,nan,England League 1
151989492,nan,England League 1
151989494,nan,England League 1
151989499,nan,England League 1
151989507,nan,England League 1
151989515,nan,England League 1
151989529,nan,England League 1
151989533,nan,England League 1
151989536,nan,England League 1
151989539,nan,England League 1
152043018,Guatemala Liga Nacional,Guatemala Primera Division
152043010,Guatemala Liga Nacional,Guatemala Primera Division
152043020,Guatemala Liga Nacional,Guatemala Primera Division
152043022,Guatemala Liga Nacional,Guatemala Primera Division
152043026,Guatemala Liga Nacional,Guatemala Primera Division
152386235,Scotland Women Premier League,Scotland Premier League Women
152386240,Scotland Women Premier League,Scotland Premier League Women
152386248,Scotland Women Premier League,Scotland Premier League Women
152386261,Scotland Women Premier League,Scotland Premier League Women
152386281,Scotland Women Premier League,Scotland Premier League Women
152386271,Scotland Women Premier League,Scotland Premier League Women
152043014,Guatemala Liga Nacional,Guatemala Primera Division
152043042,Guatemala Liga Nacional,Guatemala Primera Division
152043047,Guatemala Liga Nacional,Guatemala Primera Division
152043050,Guatemala Liga Nacional,Guatemala Primera Division
152043016,Guatemala Liga Nacional,Guatemala Primera Division
152649369,Israel Women Cup,Israel Cup Women
152649360,Israel Women Cup,Israel Cup Women
152649364,Israel Women Cup,Israel Cup Women
152357447,Guatemala Liga Nacional,Guatemala Primera Division
152151774,nan,England League 1
152151778,nan,England League 1
152151784,nan,England League 1
152357455,Guatemala Liga Nacional,Guatemala Primera Division
152357468,Guatemala Liga Nacional,Guatemala Primera Division
152357524,Guatemala Liga Nacional,Guatemala Primera Division
152357495,Guatemala Liga Nacional,Guatemala Primera Division
152357465,Guatemala Liga Nacional,Guatemala Primera Division
152357517,Guatemala Liga Nacional,Guatemala Primera Division
152357521,Guatemala Liga Nacional,Guatemala Primera Division
152357528,Guatemala Liga Nacional,Guatemala Primera Division
152357480,Guatemala Liga Nacional,Guatemala Primera Division
152955778,Guatemala Liga Nacional,Guatemala Primera Division
152955785,Guatemala Liga Nacional,Guatemala Primera Division
152955782,Guatemala Liga Nacional,Guatemala Primera Division
153055514,Guatemala Liga Nacional,Guatemala Primera Division
152357471,Guatemala Liga Nacional,Guatemala Primera Division
153038050,Guatemala Liga Nacional,Guatemala Primera Division
153039853,Guatemala Liga Nacional,Guatemala Primera Division
152357474,Guatemala Liga Nacional,Guatemala Primera Division
153057363,Romania Liga 2,Romania Liga II
152357477,Guatemala Liga Nacional,Guatemala Primera Division
152357482,Guatemala Liga Nacional,Guatemala Primera Division
152625702,nan,England League 1
152625704,nan,England League 1
152625708,nan,England League 1
152625714,nan,England League 1
152625725,nan,England League 1
152625730,nan,England League 1
152625740,nan,England League 1
152625748,nan,England League 1
152625753,nan,England League 1
152625755,nan,England League 1
152625757,nan,England League 1
152625759,nan,England League 1
153078642,Romania Liga 2,Romania Liga II
153078663,Romania Liga 2,Romania Liga II
153078665,Romania Liga 2,Romania Liga II
153078667,Romania Liga 2,Romania Liga II
153078669,Romania Liga 2,Romania Liga II
153078673,Romania Liga 2,Romania Liga II
152357485,Guatemala Liga Nacional,Guatemala Primera Division
153132246,Scotland Women Premier League,Scotland Premier League Women
153132248,Scotland Women Premier League,Scotland Premier League Women
153132250,Scotland Women Premier League,Scotland Premier League Women
153132252,Scotland Women Premier League,Scotland Premier League Women
153132260,Scotland Women Premier League,Scotland Premier League Women
153132256,Scotland Women Premier League,Scotland Premier League Women
152710376,nan,England League 1
152710378,nan,England League 1
152710381,nan,England League 1
152710395,nan,England League 1
152710398,nan,England League 1
152710400,nan,England League 1
152710403,nan,England League 1
152710405,nan,England League 1
152710408,nan,England League 1
152710411,nan,England League 1
152710419,nan,England League 1
153078646,Romania Liga 2,Romania Liga II
152710430,nan,England League 1
153081617,Guatemala Liga Nacional,Guatemala Primera Division
153078650,Romania Liga 2,Romania Liga II
153081619,Guatemala Liga Nacional,Guatemala Primera Division
153078678,Romania Liga 2,Romania Liga II
153078685,Romania Liga 2,Romania Liga II
153078695,Romania Liga 2,Romania Liga II
153078701,Romania Liga 2,Romania Liga II
153078706,Romania Liga 2,Romania Liga II
153078652,Romania Liga 2,Romania Liga II
153028758,nan,England League 1
153028760,nan,England League 1
153028763,nan,England League 1
153028765,nan,England League 1
153028767,nan,England League 1
153028769,nan,England League 1
153028771,nan,England League 1
153028773,nan,England League 1
153028775,nan,England League 1
153028777,nan,England League 1
153081621,Guatemala Liga Nacional,Guatemala Primera Division
153081623,Guatemala Liga Nacional,Guatemala Primera Division
153081625,Guatemala Liga Nacional,Guatemala Primera Division
153081646,Guatemala Liga Nacional,Guatemala Primera Division
153078655,Romania Liga 2,Romania Liga II
153081653,Guatemala Liga Nacional,Guatemala Primera Division
153081657,Guatemala Liga Nacional,Guatemala Primera Division
153081662,Guatemala Liga Nacional,Guatemala Primera Division
153081627,Guatemala Liga Nacional,Guatemala Primera Division
153081629,Guatemala Liga Nacional,Guatemala Primera Division
153081671,Guatemala Liga Nacional,Guatemala Primera Division
153028779,nan,England League 1
153028781,nan,England League 1
153028783,nan,England League 1
153028788,nan,England League 1
153028796,nan,England League 1
153028804,nan,England League 1
153078657,Romania Liga 2,Romania Liga II
153078659,Romania Liga 2,Romania Liga II
153081633,Guatemala Liga Nacional,Guatemala Primera Division
153028811,nan,England League 1
153028815,nan,England League 1
153081631,Guatemala Liga Nacional,Guatemala Primera Division
153771155,Romania Liga 2,Romania Liga II
153774090,Scotland Women Premier League,Scotland Premier League Women
153784238,Romania Liga 2,Romania Liga II
153784240,Romania Liga 2,Romania Liga II
153784242,Romania Liga 2,Romania Liga II
153784248,Romania Liga 2,Romania Liga II
153784250,Romania Liga 2,Romania Liga II
153784252,Romania Liga 2,Romania Liga II
153233672,nan,England League 1
153233676,nan,England League 1
153233679,nan,England League 1
153233681,nan,England League 1
153233684,nan,England League 1
153233686,nan,England League 1
153233688,nan,England League 1
153233691,nan,England League 1
153233693,nan,England League 1
153233696,nan,England League 1
153233698,nan,England League 1
153233701,nan,England League 1
153436431,Guatemala Liga Nacional,Guatemala Primera Division
153436410,Guatemala Liga Nacional,Guatemala Primera Division
153436412,Guatemala Liga Nacional,Guatemala Primera Division
153436415,Guatemala Liga Nacional,Guatemala Primera Division
153436417,Guatemala Liga Nacional,Guatemala Primera Division
153784254,Romania Liga 2,Romania Liga II
153931271,Scotland Women Premier League,Scotland Premier League Women
153931255,Scotland Women Premier League,Scotland Premier League Women
153962131,Israel Women Cup,Israel Cup Women
153931250,Scotland Women Premier League,Scotland Premier League Women
154055626,Estonia Women’s Meistriliiga,Estonia Meistriliiga Women
153931267,Scotland Women Premier League,Scotland Premier League Women
153931274,Scotland Women Premier League,Scotland Premier League Women
153962138,Israel Women Cup,Israel Cup Women
153436434,Guatemala Liga Nacional,Guatemala Primera Division
153436442,Guatemala Liga Nacional,Guatemala Primera Division
153436464,Guatemala Liga Nacional,Guatemala Primera Division
153436467,Guatemala Liga Nacional,Guatemala Primera Division
153436422,Guatemala Liga Nacional,Guatemala Primera Division
153436473,Guatemala Liga Nacional,Guatemala Primera Division
153436426,Guatemala Liga Nacional,Guatemala Primera Division
153436476,Guatemala Liga Nacional,Guatemala Primera Division
153784256,Romania Liga 2,Romania Liga II
153233706,nan,England League 1
153233715,nan,England League 1
153233722,nan,England League 1
153233725,nan,England League 1
153233728,nan,England League 1
153233731,nan,England League 1
153233733,nan,England League 1
154093441,Estonia Women’s Meistriliiga,Estonia Meistriliiga Women
154096721,Scotland Women Premier League,Scotland Premier League Women
154096711,Scotland Women Premier League,Scotland Premier League Women
154096718,Scotland Women Premier League,Scotland Premier League Women
154096725,Scotland Women Premier League,Scotland Premier League Women
154096727,Scotland Women Premier League,Scotland Premier League Women
154096731,Scotland Women Premier League,Scotland Premier League Women
153436428,Guatemala Liga Nacional,Guatemala Primera Division
154192943,Estonia Women’s Meistriliiga,Estonia Meistriliiga Women
153782645,nan,England League 1
154140765,Romania Liga 2,Romania Liga II
154140774,Romania Liga 2,Romania Liga II
154140778,Romania Liga 2,Romania Liga II
154140784,Romania Liga 2,Romania Liga II
154140786,Romania Liga 2,Romania Liga II
154140790,Romania Liga 2,Romania Liga II
154140793,Romania Liga 2,Romania Liga II
153782647,nan,England League 1
153782649,nan,England League 1
153782652,nan,England League 1
153782655,nan,England League 1
153782657,nan,England League 1
153782659,nan,England League 1
153782661,nan,England League 1
153782664,nan,England League 1
153782666,nan,England League 1
153782674,nan,England League 1
153782686,nan,England League 1
154140798,Romania Liga 2,Romania Liga II
154140802,Romania Liga 2,Romania Liga II
154250450,Scotland Women Premier League,Scotland Premier League Women
154250452,Scotland Women Premier League,Scotland Premier League Women
154250454,Scotland Women Premier League,Scotland Premier League Women
154250456,Scotland Women Premier League,Scotland Premier League Women
154250458,Scotland Women Premier League,Scotland Premier League Women
153791276,Guatemala Liga Nacional,Guatemala Primera Division
153791278,Guatemala Liga Nacional,Guatemala Primera Division
153791280,Guatemala Liga Nacional,Guatemala Primera Division
153791284,Guatemala Liga Nacional,Guatemala Primera Division
153791300,Guatemala Liga Nacional,Guatemala Primera Division
153791309,Guatemala Liga Nacional,Guatemala Primera Division
153791258,Guatemala Liga Nacional,Guatemala Primera Division
153791260,Guatemala Liga Nacional,Guatemala Primera Division
153791262,Guatemala Liga Nacional,Guatemala Primera Division
153791264,Guatemala Liga Nacional,Guatemala Primera Division
153791266,Guatemala Liga Nacional,Guatemala Primera Division
153791268,Guatemala Liga Nacional,Guatemala Primera Division
153782690,nan,England League 1
153782692,nan,England League 1
154140808,Romania Liga 2,Romania Liga II
154140804,Romania Liga 2,Romania Liga II
154516094,Guatemala Liga Nacional,Guatemala Primera Division
154516133,Guatemala Liga Nacional,Guatemala Primera Division
154562878,Guatemala Liga Nacional,Guatemala Primera Division
154516104,Guatemala Liga Nacional,Guatemala Primera Division
154140812,Romania Liga 2,Romania Liga II
154516114,Guatemala Liga Nacional,Guatemala Primera Division
154516142,Guatemala Liga Nacional,Guatemala Primera Division
154516120,Guatemala Liga Nacional,Guatemala Primera Division
154595158,Estonia Women’s Meistriliiga,Estonia Meistriliiga Women
154637047,Estonia Women’s Meistriliiga,Estonia Meistriliiga Women
154138871,nan,England League 1
154138873,nan,England League 1
154138880,nan,England League 1
154138886,nan,England League 1
154138890,nan,England League 1
154138892,nan,England League 1
154138895,nan,England League 1
154138898,nan,England League 1
154138901,nan,England League 1
154138905,nan,England League 1
154138907,nan,England League 1
154138909,nan,England League 1
154597882,Scotland Women Premier League,Scotland Premier League Women
154595162,Estonia Women’s Meistriliiga,Estonia Meistriliiga Women
154516110,Guatemala Liga Nacional,Guatemala Primera Division
154469530,Swiss Cup,Switzerland Cup
154516096,Guatemala Liga Nacional,Guatemala Primera Division
154701450,Guatemala Liga Nacional,Guatemala Primera Division
154516135,Guatemala Liga Nacional,Guatemala Primera Division
154502659,Romania Liga 2,Romania Liga II
154469538,Swiss Cup,Switzerland Cup
154516131,Guatemala Liga Nacional,Guatemala Primera Division
154516144,Guatemala Liga Nacional,Guatemala Primera Division
154516117,Guatemala Liga Nacional,Guatemala Primera Division
154516124,Guatemala Liga Nacional,Guatemala Primera Division
154516140,Guatemala Liga Nacional,Guatemala Primera Division
154502661,Romania Liga 2,Romania Liga II
154851310,Scotland Women Premier League,Scotland Premier League Women
154822157,Scotland Women Premier League,Scotland Premier League Women
154822162,Scotland Women Premier League,Scotland Premier League Women
154822164,Scotland Women Premier League,Scotland Premier League Women
154822160,Scotland Women Premier League,Scotland Premier League Women
154874102,Guatemala Liga Nacional,Guatemala Primera Division
154874113,Guatemala Liga Nacional,Guatemala Primera Division
154874176,Guatemala Liga Nacional,Guatemala Primera Division
154851676,Estonia Women’s Meistriliiga,Estonia Meistriliiga Women
154874189,Guatemala Liga Nacional,Guatemala Primera Division
154874108,Guatemala Liga Nacional,Guatemala Primera Division
154874195,Guatemala Liga Nacional,Guatemala Primera Division
154864774,Romania Liga 2,Romania Liga II
154736390,nan,England League 1
154864779,Romania Liga 2,Romania Liga II
154874171,Guatemala Liga Nacional,Guatemala Primera Division
154736392,nan,England League 1
154874105,Guatemala Liga Nacional,Guatemala Primera Division
154959059,Scotland Women Premier League,Scotland Premier League Women
154959061,Scotland Women Premier League,Scotland Premier League Women
154959057,Scotland Women Premier League,Scotland Premier League Women
154959063,Scotland Women Premier League,Scotland Premier League Women
154959065,Scotland Women Premier League,Scotland Premier League Women
155000675,Estonia Women’s Meistriliiga,Estonia Meistriliiga Women
155000682,Estonia Women’s Meistriliiga,Estonia Meistriliiga Women
154874110,Guatemala Liga Nacional,Guatemala Primera Division
154874192,Guatemala Liga Nacional,Guatemala Primera Division
155000279,Scotland Women Premier League,Scotland Premier League Women
154736400,nan,England League 1
154864794,Romania Liga 2,Romania Liga II
154864782,Romania Liga 2,Romania Liga II
155257913,Israel Women Cup,Israel Cup Women
154736406,nan,England League 1
155253834,Estonia Women’s Meistriliiga,Estonia Meistriliiga Women
155211318,Estonia Women’s Meistriliiga,Estonia Meistriliiga Women
155286167,Scotland Women Premier League,Scotland Premier League Women
155336605,Estonia Women’s Meistriliiga,Estonia Meistriliiga Women
155235478,Guatemala Liga Nacional,Guatemala Primera Division
155265664,Scotland Women Premier League,Scotland Premier League Women
155265662,Scotland Women Premier League,Scotland Premier League Women
155265666,Scotland Women Premier League,Scotland Premier League Women
155265668,Scotland Women Premier League,Scotland Premier League Women
155265670,Scotland Women Premier League,Scotland Premier League Women
155405288,Guatemala Liga Nacional,Guatemala Primera Division
155405284,Guatemala Liga Nacional,Guatemala Primera Division
155536327,Scotland Women Premier League,Scotland Premier League Women
155540859,Scotland Women Premier League,Scotland Premier League Women
155540868,Scotland Women Premier League,Scotland Premier League Women
155540856,Scotland Women Premier League,Scotland Premier League Women
155540861,Scotland Women Premier League,Scotland Premier League Women
155540864,Scotland Women Premier League,Scotland Premier League Women
155642603,Estonia Women’s Meistriliiga,Estonia Meistriliiga Women
155642607,Estonia Women’s Meistriliiga,Estonia Meistriliiga Women
155642615,Estonia Women’s Meistriliiga,Estonia Meistriliiga Women
155339620,nan,England League 1
155593334,Guatemala Liga Nacional,Guatemala Primera Division
155615884,Scotland Women Premier League,Scotland Premier League Women
155615888,Scotland Women Premier League,Scotland Premier League Women
155615891,Scotland Women Premier League,Scotland Premier League Women
155615899,Scotland Women Premier League,Scotland Premier League Women
155615902,Scotland Women Premier League,Scotland Premier League Women
155615905,Scotland Women Premier League,Scotland Premier League Women
155235483,Guatemala Liga Nacional,Guatemala Primera Division
156045409,Guatemala Liga Nacional,Guatemala Primera Division
156363918,Swiss Cup,Switzerland Cup
156045411,Guatemala Liga Nacional,Guatemala Primera Division
156540851,Estonia Women’s Meistriliiga,Estonia Meistriliiga Women
156638765,Estonia Women’s Meistriliiga,Estonia Meistriliiga Women
156638769,Estonia Women’s Meistriliiga,Estonia Meistriliiga Women
156638779,Estonia Women’s Meistriliiga,Estonia Meistriliiga Women
156748777,Guatemala Liga Nacional,Guatemala Primera Division
156836794,Estonia Women’s Meistriliiga,Estonia Meistriliiga Women
157038095,Estonia Women’s Meistriliiga,Estonia Meistriliiga Women
157102005,Estonia Women’s Meistriliiga,Estonia Meistriliiga Women
157100789,Estonia Women’s Meistriliiga,Estonia Meistriliiga Women
157100794,Estonia Women’s Meistriliiga,Estonia Meistriliiga Women
158161771,Estonia Women’s Meistriliiga,Estonia Meistriliiga Women
158161780,Estonia Women’s Meistriliiga,Estonia Meistriliiga Women
158860054,Estonia Women’s Meistriliiga,Estonia Meistriliiga Women
158860056,Estonia Women’s Meistriliiga,Estonia Meistriliiga Women
158860058,Estonia Women’s Meistriliiga,Estonia Meistriliiga Women
158860060,Estonia Women’s Meistriliiga,Estonia Meistriliiga Women
159106241,Estonia Women’s Meistriliiga,Estonia Meistriliiga Women
159266423,Estonia Women’s Meistriliiga,Estonia Meistriliiga Women
159251991,Guatemala Liga Nacional,Guatemala Primera Division
159252009,Guatemala Liga Nacional,Guatemala Primera Division
159252019,Guatemala Liga Nacional,Guatemala Primera Division
159252025,Guatemala Liga Nacional,Guatemala Primera Division
159252031,Guatemala Liga Nacional,Guatemala Primera Division
159252033,Guatemala Liga Nacional,Guatemala Primera Division
159252001,Guatemala Liga Nacional,Guatemala Primera Division
159324843,Estonia Women’s Meistriliiga,Estonia Meistriliiga Women
159151013,Guatemala Liga Nacional,Guatemala Primera Division
159304563,Romania Liga 2,Romania Liga II
159304565,Romania Liga 2,Romania Liga II
159304570,Romania Liga 2,Romania Liga II
159304573,Romania Liga 2,Romania Liga II
159304576,Romania Liga 2,Romania Liga II
159304579,Romania Liga 2,Romania Liga II
159529673,Estonia Women’s Meistriliiga,Estonia Meistriliiga Women
159529666,Estonia Women’s Meistriliiga,Estonia Meistriliiga Women
159703459,Estonia Women’s Meistriliiga,Estonia Meistriliiga Women
159304568,Romania Liga 2,Romania Liga II
159151016,Guatemala Liga Nacional,Guatemala Primera Division
159252037,Guatemala Liga Nacional,Guatemala Primera Division
159151021,Guatemala Liga Nacional,Guatemala Primera Division
159252041,Guatemala Liga Nacional,Guatemala Primera Division
159151035,Guatemala Liga Nacional,Guatemala Primera Division
159304602,Romania Liga 2,Romania Liga II
159252043,Guatemala Liga Nacional,Guatemala Primera Division
159252045,Guatemala Liga Nacional,Guatemala Primera Division
159252047,Guatemala Liga Nacional,Guatemala Primera Division
159151043,Guatemala Liga Nacional,Guatemala Primera Division
159151049,Guatemala Liga Nacional,Guatemala Primera Division
159304630,Romania Liga 2,Romania Liga II
159304642,Romania Liga 2,Romania Liga II
159840124,Romania Liga 2,Romania Liga II
157794512,nan,England League 1
159501171,Guatemala Liga Nacional,Guatemala Primera Division
159852058,Romania Liga 2,Romania Liga II
159852066,Romania Liga 2,Romania Liga II
159852074,Romania Liga 2,Romania Liga II
159852080,Romania Liga 2,Romania Liga II
159852082,Romania Liga 2,Romania Liga II
159852084,Romania Liga 2,Romania Liga II
159852086,Romania Liga 2,Romania Liga II
159501191,Guatemala Liga Nacional,Guatemala Primera Division
157794774,nan,England League 1
157794776,nan,England League 1
157794778,nan,England League 1
157794780,nan,England League 1
157794782,nan,England League 1
157794791,nan,England League 1
157794812,nan,England League 1
157794818,nan,England League 1
157794822,nan,England League 1
157794824,nan,England League 1
157794826,nan,England League 1
159501203,Guatemala Liga Nacional,Guatemala Primera Division
159501173,Guatemala Liga Nacional,Guatemala Primera Division
159501175,Guatemala Liga Nacional,Guatemala Primera Division
159501215,Guatemala Liga Nacional,Guatemala Primera Division
159501177,Guatemala Liga Nacional,Guatemala Primera Division
159501218,Guatemala Liga Nacional,Guatemala Primera Division
159959673,Estonia Women’s Meistriliiga,Estonia Meistriliiga Women
159890782,Scotland Women Premier League,Scotland Premier League Women
159890784,Scotland Women Premier League,Scotland Premier League Women
159961111,Scotland Women Premier League,Scotland Premier League Women
160032260,Scotland Women Premier League,Scotland Premier League Women
159959680,Estonia Women’s Meistriliiga,Estonia Meistriliiga Women
159852088,Romania Liga 2,Romania Liga II
159961113,Scotland Women Premier League,Scotland Premier League Women
159959685,Estonia Women’s Meistriliiga,Estonia Meistriliiga Women
159934162,Scotland Women Premier League,Scotland Premier League Women
159501180,Guatemala Liga Nacional,Guatemala Primera Division
159501220,Guatemala Liga Nacional,Guatemala Primera Division
159501222,Guatemala Liga Nacional,Guatemala Primera Division
159501224,Guatemala Liga Nacional,Guatemala Primera Division
159501183,Guatemala Liga Nacional,Guatemala Primera Division
159501230,Guatemala Liga Nacional,Guatemala Primera Division
377143,Guatemala Liga Nacional,Guatemala Primera Division
159852090,Romania Liga 2,Romania Liga II
383296,England Premier League,
160164614,Estonia Women’s Meistriliiga,Estonia Meistriliiga Women
180446,England Premier League,
160224040,Swiss Cup,Switzerland Cup
160224042,Swiss Cup,Switzerland Cup
160224045,Swiss Cup,Switzerland Cup
160224047,Swiss Cup,Switzerland Cup
160332052,Swiss Cup,Switzerland Cup
159859713,Guatemala Liga Nacional,Guatemala Primera Division
160212022,Romania Liga 2,Romania Liga II
160212024,Romania Liga 2,Romania Liga II
160212026,Romania Liga 2,Romania Liga II
160212028,Romania Liga 2,Romania Liga II
160212030,Romania Liga 2,Romania Liga II
160212032,Romania Liga 2,Romania Liga II
160212662,Estonia Women’s Meistriliiga,Estonia Meistriliiga Women
159849806,nan,England League 1
159849809,nan,England League 1
159849813,nan,England League 1
159849816,nan,England League 1
159849818,nan,England League 1
159849821,nan,England League 1
159849823,nan,England League 1
159849826,nan,England League 1
159849829,nan,England League 1
159849832,nan,England League 1
159849846,nan,England League 1
160319515,Swiss Cup,Switzerland Cup
160319529,Swiss Cup,Switzerland Cup
160340244,Swiss Cup,Switzerland Cup
160319524,Swiss Cup,Switzerland Cup
159859692,Guatemala Liga Nacional,Guatemala Primera Division
159859715,Guatemala Liga Nacional,Guatemala Primera Division
159859697,Guatemala Liga Nacional,Guatemala Primera Division
159859717,Guatemala Liga Nacional,Guatemala Primera Division
159859701,Guatemala Liga Nacional,Guatemala Primera Division
159859719,Guatemala Liga Nacional,Guatemala Primera Division
160212034,Romania Liga 2,Romania Liga II
160212036,Romania Liga 2,Romania Liga II
160212669,Estonia Women’s Meistriliiga,Estonia Meistriliiga Women
160368945,Swiss Cup,Switzerland Cup
160268718,Scotland Women Premier League,Scotland Premier League Women
160368947,Swiss Cup,Switzerland Cup
159849849,nan,England League 1
160368949,Swiss Cup,Switzerland Cup
160296579,Swiss Cup,Switzerland Cup
160268732,Scotland Women Premier League,Scotland Premier League Women
160268721,Scotland Women Premier League,Scotland Premier League Women
159859709,Guatemala Liga Nacional,Guatemala Primera Division
159859721,Guatemala Liga Nacional,Guatemala Primera Division
159859703,Guatemala Liga Nacional,Guatemala Primera Division
159859736,Guatemala Liga Nacional,Guatemala Primera Division
159859705,Guatemala Liga Nacional,Guatemala Primera Division
159859707,Guatemala Liga Nacional,Guatemala Primera Division
160212038,Romania Liga 2,Romania Liga II
754324,England Premier League,
160212040,Romania Liga 2,Romania Liga II
160212042,Romania Liga 2,Romania Liga II
159859743,Guatemala Liga Nacional,Guatemala Primera Division
159859747,Guatemala Liga Nacional,Guatemala Primera Division
159859749,Guatemala Liga Nacional,Guatemala Primera Division
159859751,Guatemala Liga Nacional,Guatemala Primera Division
160399506,Scotland Women Premier League,Scotland Premier League Women
160495539,Scotland Women Premier League,Scotland Premier League Women
160495548,Scotland Women Premier League,Scotland Premier League Women
160632333,Guatemala Liga Nacional,Guatemala Primera Division
160495567,Scotland Women Premier League,Scotland Premier League Women
160495559,Scotland Women Premier League,Scotland Premier League Women
159859753,Guatemala Liga Nacional,Guatemala Primera Division
159859759,Guatemala Liga Nacional,Guatemala Primera Division
159859761,Guatemala Liga Nacional,Guatemala Primera Division
159859763,Guatemala Liga Nacional,Guatemala Primera Division
287914,England Premier League,
64377,England Premier League,
160693979,Israel Women Cup,Israel Cup Women
160693981,Israel Women Cup,Israel Cup Women
160693985,Israel Women Cup,Israel Cup Women
160563537,Romania Liga 2,Romania Liga II
160255744,Guatemala Liga Nacional,Guatemala Primera Division
160563546,Romania Liga 2,Romania Liga II
160563552,Romania Liga 2,Romania Liga II
160563559,Romania Liga 2,Romania Liga II
160563563,Romania Liga 2,Romania Liga II
160563566,Romania Liga 2,Romania Liga II
160563568,Romania Liga 2,Romania Liga II
160563571,Romania Liga 2,Romania Liga II
160212675,Estonia Women’s Meistriliiga,Estonia Meistriliiga Women
160212677,Estonia Women’s Meistriliiga,Estonia Meistriliiga Women
160212680,Estonia Women’s Meistriliiga,Estonia Meistriliiga Women
160204517,nan,England League 1
160204520,nan,England League 1
160212682,Estonia Women’s Meistriliiga,Estonia Meistriliiga Women
160204522,nan,England League 1
160204525,nan,England League 1
160204527,nan,England League 1
160204529,nan,England League 1
160204531,nan,England League 1
160204533,nan,England League 1
160204538,nan,England League 1
160204544,nan,England League 1
160204556,nan,England League 1
160204570,nan,England League 1
160255759,Guatemala Liga Nacional,Guatemala Primera Division
160255746,Guatemala Liga Nacional,Guatemala Primera Division
160255764,Guatemala Liga Nacional,Guatemala Primera Division
160255749,Guatemala Liga Nacional,Guatemala Primera Division
160255766,Guatemala Liga Nacional,Guatemala Primera Division
160563573,Romania Liga 2,Romania Liga II
160603100,Scotland Women Premier League,Scotland Premier League Women
160603110,Scotland Women Premier League,Scotland Premier League Women
160563575,Romania Liga 2,Romania Liga II
160603107,Scotland Women Premier League,Scotland Premier League Women
160603113,Scotland Women Premier League,Scotland Premier League Women
160255771,Guatemala Liga Nacional,Guatemala Primera Division
160255775,Guatemala Liga Nacional,Guatemala Primera Division
160255786,Guatemala Liga Nacional,Guatemala Primera Division
160255751,Guatemala Liga Nacional,Guatemala Primera Division
160255754,Guatemala Liga Nacional,Guatemala Primera Division
160255756,Guatemala Liga Nacional,Guatemala Primera Division
160563577,Romania Liga 2,Romania Liga II
160783532,Israel Women Cup,Israel Cup Women
160888887,Israel Women Cup,Israel Cup Women
160875692,Israel Women Cup,Israel Cup Women
160876317,Scotland Women Premier League,Scotland Premier League Women
161037938,Israel Women Cup,Israel Cup Women
161037940,Israel Women Cup,Israel Cup Women
161037944,Israel Women Cup,Israel Cup Women
160925978,Romania Liga 2,Romania Liga II
160993572,Scotland Women Premier League,Scotland Premier League Women
160925981,Romania Liga 2,Romania Liga II
160925984,Romania Liga 2,Romania Liga II
160925992,Romania Liga 2,Romania Liga II
160926001,Romania Liga 2,Romania Liga II
160926010,Romania Liga 2,Romania Liga II
160568583,Estonia Women’s Meistriliiga,Estonia Meistriliiga Women
160561242,nan,England League 1
160561244,nan,England League 1
160561246,nan,England League 1
160561248,nan,England League 1
160561250,nan,England League 1
160561252,nan,England League 1
160561254,nan,England League 1
160561256,nan,England League 1
160561259,nan,England League 1
160561261,nan,England League 1
160561264,nan,England League 1
160561278,nan,England League 1
160568585,Estonia Women’s Meistriliiga,Estonia Meistriliiga Women
160568587,Estonia Women’s Meistriliiga,Estonia Meistriliiga Women
160571676,Guatemala Liga Nacional,Guatemala Primera Division
160571633,Guatemala Liga Nacional,Guatemala Primera Division
160571635,Guatemala Liga Nacional,Guatemala Primera Division
160571660,Guatemala Liga Nacional,Guatemala Primera Division
160571637,Guatemala Liga Nacional,Guatemala Primera Division
160926022,Romania Liga 2,Romania Liga II
160926025,Romania Liga 2,Romania Liga II
160995962,Scotland Women Premier League,Scotland Premier League Women
160995967,Scotland Women Premier League,Scotland Premier League Women
160995983,Scotland Women Premier League,Scotland Premier League Women
160995995,Scotland Women Premier League,Scotland Premier League Women
160571641,Guatemala Liga Nacional,Guatemala Primera Division
160571668,Guatemala Liga Nacional,Guatemala Primera Division
160571680,Guatemala Liga Nacional,Guatemala Primera Division
160571682,Guatemala Liga Nacional,Guatemala Primera Division
160571685,Guatemala Liga Nacional,Guatemala Primera Division
160571644,Guatemala Liga Nacional,Guatemala Primera Division
160926027,Romania Liga 2,Romania Liga II
160926029,Romania Liga 2,Romania Liga II
160926031,Romania Liga 2,Romania Liga II
53286,England Premier League,
161343706,Israel Women Cup,Israel Cup Women
161343702,Israel Women Cup,Israel Cup Women
303400,England Premier League,
161313855,Scotland Women Premier League,Scotland Premier League Women
160972256,Guatemala Liga Nacional,Guatemala Primera Division
160927735,Estonia Women’s Meistriliiga,Estonia Meistriliiga Women
160918634,nan,England League 1
160918636,nan,England League 1
160918669,nan,England League 1
160927737,Estonia Women’s Meistriliiga,Estonia Meistriliiga Women
160972281,Guatemala Liga Nacional,Guatemala Primera Division
160972265,Guatemala Liga Nacional,Guatemala Primera Division
160972291,Guatemala Liga Nacional,Guatemala Primera Division
160972298,Guatemala Liga Nacional,Guatemala Primera Division
160972267,Guatemala Liga Nacional,Guatemala Primera Division
160972302,Guatemala Liga Nacional,Guatemala Primera Division
160972306,Guatemala Liga Nacional,Guatemala Primera Division
161413434,Scotland Women Premier League,Scotland Premier League Women
161413438,Scotland Women Premier League,Scotland Premier League Women
161413432,Scotland Women Premier League,Scotland Premier League Women
160972308,Guatemala Liga Nacional,Guatemala Primera Division
160972310,Guatemala Liga Nacional,Guatemala Primera Division
160972312,Guatemala Liga Nacional,Guatemala Primera Division
160972270,Guatemala Liga Nacional,Guatemala Primera Division
160972316,Guatemala Liga Nacional,Guatemala Primera Division
160972318,Guatemala Liga Nacional,Guatemala Primera Division
160972323,Guatemala Liga Nacional,Guatemala Primera Division
160972321,Guatemala Liga Nacional,Guatemala Primera Division
161583122,Guatemala Liga Nacional,Guatemala Primera Division
160972343,Guatemala Liga Nacional,Guatemala Primera Division
160972273,Guatemala Liga Nacional,Guatemala Primera Division
161278703,Romania Liga 2,Romania Liga II
160972356,Guatemala Liga Nacional,Guatemala Primera Division
160920396,Swiss Cup,Switzerland Cup
160920401,Swiss Cup,Switzerland Cup
160920406,Swiss Cup,Switzerland Cup
161278714,Romania Liga 2,Romania Liga II
161278727,Romania Liga 2,Romania Liga II
161278729,Romania Liga 2,Romania Liga II
161278731,Romania Liga 2,Romania Liga II
161278735,Romania Liga 2,Romania Liga II
161278739,Romania Liga 2,Romania Liga II
161278741,Romania Liga 2,Romania Liga II
161276835,nan,England League 1
161276841,nan,England League 1
160920411,Swiss Cup,Switzerland Cup
161276846,nan,England League 1
161276849,nan,England League 1
161276851,nan,England League 1
161276853,nan,England League 1
161276855,nan,England League 1
161276857,nan,England League 1
161276859,nan,England League 1
161276861,nan,England League 1
161276863,nan,England League 1
160920413,Swiss Cup,Switzerland Cup
160920416,Swiss Cup,Switzerland Cup
160920418,Swiss Cup,Switzerland Cup
161722871,Guatemala Liga Nacional,Guatemala Primera Division
161285633,Guatemala Liga Nacional,Guatemala Primera Division
161690007,Guatemala Liga Nacional,Guatemala Primera Division
161285635,Guatemala Liga Nacional,Guatemala Primera Division
483163,England Premier League,
161278720,Romania Liga 2,Romania Liga II
161723075,Scotland Women Premier League,Scotland Premier League Women
161723081,Scotland Women Premier League,Scotland Premier League Women
160920423,Swiss Cup,Switzerland Cup
160920426,Swiss Cup,Switzerland Cup
160920430,Swiss Cup,Switzerland Cup
161723088,Scotland Women Premier League,Scotland Premier League Women
160920443,Swiss Cup,Switzerland Cup
161723094,Scotland Women Premier League,Scotland Premier League Women
161723100,Scotland Women Premier League,Scotland Premier League Women
161723102,Scotland Women Premier League,Scotland Premier League Women
161690009,Guatemala Liga Nacional,Guatemala Primera Division
161690011,Guatemala Liga Nacional,Guatemala Primera Division
161285637,Guatemala Liga Nacional,Guatemala Primera Division
161690013,Guatemala Liga Nacional,Guatemala Primera Division
161285639,Guatemala Liga Nacional,Guatemala Primera Division
161726564,Romania Liga 2,Romania Liga II
161276865,nan,England League 1
161826873,Romania Liga 2,Romania Liga II
161278743,Romania Liga 2,Romania Liga II
161961415,Spanish Copa de Catalunya Women,Spain Copa de Catalunya Women
161689938,Guatemala Liga Nacional,Guatemala Primera Division
161961421,Spanish Copa de Catalunya Women,Spain Copa de Catalunya Women
161689945,Guatemala Liga Nacional,Guatemala Primera Division
162031412,Guatemala Liga Nacional,Guatemala Primera Division
162005468,Romania Liga 2,Romania Liga II
162022253,Scotland Women Premier League,Scotland Premier League Women
162005473,Romania Liga 2,Romania Liga II
161647597,Estonia Women’s Meistriliiga,Estonia Meistriliiga Women
161689950,Guatemala Liga Nacional,Guatemala Primera Division
162005483,Romania Liga 2,Romania Liga II
162005492,Romania Liga 2,Romania Liga II
162005497,Romania Liga 2,Romania Liga II
162005500,Romania Liga 2,Romania Liga II
162005502,Romania Liga 2,Romania Liga II
162005504,Romania Liga 2,Romania Liga II
162005507,Romania Liga 2,Romania Liga II
161647600,Estonia Women’s Meistriliiga,Estonia Meistriliiga Women
161647602,Estonia Women’s Meistriliiga,Estonia Meistriliiga Women
161647606,Estonia Women’s Meistriliiga,Estonia Meistriliiga Women
161635901,nan,England League 1
161635904,nan,England League 1
161635906,nan,England League 1
161635909,nan,England League 1
161635911,nan,England League 1
161635914,nan,England League 1
161635916,nan,England League 1
161635920,nan,England League 1
161635927,nan,England League 1
161635934,nan,England League 1
161635940,nan,England League 1
161635948,nan,England League 1
651094,Guatemala Liga Nacional,Guatemala Primera Division
161690029,Guatemala Liga Nacional,Guatemala Primera Division
161689962,Guatemala Liga Nacional,Guatemala Primera Division
161689974,Guatemala Liga Nacional,Guatemala Primera Division
161690037,Guatemala Liga Nacional,Guatemala Primera Division
161690046,Guatemala Liga Nacional,Guatemala Primera Division
161690044,Guatemala Liga Nacional,Guatemala Primera Division
161689986,Guatemala Liga Nacional,Guatemala Primera Division
162144964,Scotland Women Premier League,Scotland Premier League Women
162144978,Scotland Women Premier League,Scotland Premier League Women
162144971,Scotland Women Premier League,Scotland Premier League Women
162144973,Scotland Women Premier League,Scotland Premier League Women
162144955,Scotland Women Premier League,Scotland Premier League Women
161689994,Guatemala Liga Nacional,Guatemala Primera Division
161690048,Guatemala Liga Nacional,Guatemala Primera Division
161690050,Guatemala Liga Nacional,Guatemala Primera Division
161690053,Guatemala Liga Nacional,Guatemala Primera Division
161690057,Guatemala Liga Nacional,Guatemala Primera Division
162005509,Romania Liga 2,Romania Liga II
161689999,Guatemala Liga Nacional,Guatemala Primera Division
162005511,Romania Liga 2,Romania Liga II
161635953,nan,England League 1
162237629,nan,England League 1
162237638,nan,England League 1
162005513,Romania Liga 2,Romania Liga II
162011922,Guatemala Liga Nacional,Guatemala Primera Division
162011911,Guatemala Liga Nacional,Guatemala Primera Division
162011913,Guatemala Liga Nacional,Guatemala Primera Division
162011935,Guatemala Liga Nacional,Guatemala Primera Division
162011944,Guatemala Liga Nacional,Guatemala Primera Division
162011946,Guatemala Liga Nacional,Guatemala Primera Division
162011949,Guatemala Liga Nacional,Guatemala Primera Division
162374167,Romania Liga 2,Romania Liga II
162374170,Romania Liga 2,Romania Liga II
162374174,Romania Liga 2,Romania Liga II
162374176,Romania Liga 2,Romania Liga II
162374179,Romania Liga 2,Romania Liga II
162374181,Romania Liga 2,Romania Liga II
162374184,Romania Liga 2,Romania Liga II
162374186,Romania Liga 2,Romania Liga II
162374190,Romania Liga 2,Romania Liga II
162008695,Estonia Women’s Meistriliiga,Estonia Meistriliiga Women
162002212,nan,England League 1
162002214,nan,England League 1
162002219,nan,England League 1
162002225,nan,England League 1
162002235,nan,England League 1
162002243,nan,England League 1
162002247,nan,England League 1
162002251,nan,England League 1
162002254,nan,England League 1
162002257,nan,England League 1
162002259,nan,England League 1
162011951,Guatemala Liga Nacional,Guatemala Primera Division
162002262,nan,England League 1
162011896,Guatemala Liga Nacional,Guatemala Primera Division
162011955,Guatemala Liga Nacional,Guatemala Primera Division
162011898,Guatemala Liga Nacional,Guatemala Primera Division
162011957,Guatemala Liga Nacional,Guatemala Primera Division
162374193,Romania Liga 2,Romania Liga II
162008697,Estonia Women’s Meistriliiga,Estonia Meistriliiga Women
162011959,Guatemala Liga Nacional,Guatemala Primera Division
162011961,Guatemala Liga Nacional,Guatemala Primera Division
162011969,Guatemala Liga Nacional,Guatemala Primera Division
162011903,Guatemala Liga Nacional,Guatemala Primera Division
162011973,Guatemala Liga Nacional,Guatemala Primera Division
162011905,Guatemala Liga Nacional,Guatemala Primera Division
162011907,Guatemala Liga Nacional,Guatemala Primera Division
162374195,Romania Liga 2,Romania Liga II
162002264,nan,England League 1
162002267,nan,England League 1
162002269,nan,England League 1
162002272,nan,England League 1
162002274,nan,England League 1
162002278,nan,England League 1
162002282,nan,England League 1
162002285,nan,England League 1
162002291,nan,England League 1
162002299,nan,England League 1
162002308,nan,England League 1
162002311,nan,England League 1
162768819,Scotland Women Premier League,Scotland Premier League Women
162432459,Guatemala Liga Nacional,Guatemala Primera Division
162536539,Romania Liga 2,Romania Liga II
162536541,Romania Liga 2,Romania Liga II
162536545,Romania Liga 2,Romania Liga II
162536549,Romania Liga 2,Romania Liga II
162536553,Romania Liga 2,Romania Liga II
162536562,Romania Liga 2,Romania Liga II
162536578,Romania Liga 2,Romania Liga II
162536581,Romania Liga 2,Romania Liga II
162376503,Estonia Women’s Meistriliiga,Estonia Meistriliiga Women
162368940,nan,England League 1
162368947,nan,England League 1
162368957,nan,England League 1
162368960,nan,England League 1
162368963,nan,England League 1
162368965,nan,England League 1
162368967,nan,England League 1
162368969,nan,England League 1
162368981,nan,England League 1
162368983,nan,England League 1
162368985,nan,England League 1
162368999,nan,England League 1
162376508,Estonia Women’s Meistriliiga,Estonia Meistriliiga Women
162432462,Guatemala Liga Nacional,Guatemala Primera Division
162432464,Guatemala Liga Nacional,Guatemala Primera Division
162432490,Guatemala Liga Nacional,Guatemala Primera Division
162432498,Guatemala Liga Nacional,Guatemala Primera Division
162432467,Guatemala Liga Nacional,Guatemala Primera Division
162783120,Scotland Women Premier League,Scotland Premier League Women
162783114,Scotland Women Premier League,Scotland Premier League Women
162376516,Estonia Women’s Meistriliiga,Estonia Meistriliiga Women
162432506,Guatemala Liga Nacional,Guatemala Primera Division
162432509,Guatemala Liga Nacional,Guatemala Primera Division
162863234,Guatemala Liga Nacional,Guatemala Primera Division
162432469,Guatemala Liga Nacional,Guatemala Primera Division
162432511,Guatemala Liga Nacional,Guatemala Primera Division
162432472,Guatemala Liga Nacional,Guatemala Primera Division
162536535,Romania Liga 2,Romania Liga II
162536537,Romania Liga 2,Romania Liga II
781366,England Premier League,
162747337,Guatemala Liga Nacional,Guatemala Primera Division
162535755,nan,England League 1
162535762,nan,England League 1
163140549,Scotland Women Premier League,Scotland Premier League Women
162747340,Guatemala Liga Nacional,Guatemala Primera Division
162747297,Guatemala Liga Nacional,Guatemala Primera Division
162747306,Guatemala Liga Nacional,Guatemala Primera Division
162747350,Guatemala Liga Nacional,Guatemala Primera Division
162747309,Guatemala Liga Nacional,Guatemala Primera Division
162747357,Guatemala Liga Nacional,Guatemala Primera Division
163210703,Scotland Women Premier League,Scotland Premier League Women
163210705,Scotland Women Premier League,Scotland Premier League Women
163210709,Scotland Women Premier League,Scotland Premier League Women
163210713,Scotland Women Premier League,Scotland Premier League Women
163210717,Scotland Women Premier League,Scotland Premier League Women
162747366,Guatemala Liga Nacional,Guatemala Primera Division
162747373,Guatemala Liga Nacional,Guatemala Primera Division
162747375,Guatemala Liga Nacional,Guatemala Primera Division
162747378,Guatemala Liga Nacional,Guatemala Primera Division
162747313,Guatemala Liga Nacional,Guatemala Primera Division
162747315,Guatemala Liga Nacional,Guatemala Primera Division
162747380,Guatemala Liga Nacional,Guatemala Primera Division
163423535,Spanish Copa de Catalunya Women,Spain Copa de Catalunya Women
163423538,Spanish Copa de Catalunya Women,Spain Copa de Catalunya Women
163423542,Spanish Copa de Catalunya Women,Spain Copa de Catalunya Women
163423547,Spanish Copa de Catalunya Women,Spain Copa de Catalunya Women
162747382,Guatemala Liga Nacional,Guatemala Primera Division
162747384,Guatemala Liga Nacional,Guatemala Primera Division
162747393,Guatemala Liga Nacional,Guatemala Primera Division
162747398,Guatemala Liga Nacional,Guatemala Primera Division
162747402,Guatemala Liga Nacional,Guatemala Primera Division
163107472,Romania Liga 2,Romania Liga II
163105162,nan,England League 1
163107514,Romania Liga 2,Romania Liga II
163566477,Estonia Women’s Meistriliiga,Estonia Meistriliiga Women
163597139,Estonia Women’s Meistriliiga,Estonia Meistriliiga Women
162747318,Guatemala Liga Nacional,Guatemala Primera Division
163107474,Romania Liga 2,Romania Liga II
163107478,Romania Liga 2,Romania Liga II
163107481,Romania Liga 2,Romania Liga II
163107485,Romania Liga 2,Romania Liga II
163107488,Romania Liga 2,Romania Liga II
163566480,Estonia Women’s Meistriliiga,Estonia Meistriliiga Women
163107491,Romania Liga 2,Romania Liga II
163105164,nan,England League 1
163105167,nan,England League 1
163105169,nan,England League 1
163105173,nan,England League 1
163105175,nan,England League 1
163105177,nan,England League 1
163105179,nan,England League 1
163105182,nan,England League 1
163105185,nan,England League 1
163105188,nan,England League 1
162747320,Guatemala Liga Nacional,Guatemala Primera Division
163113894,Guatemala Liga Nacional,Guatemala Primera Division
163113908,Guatemala Liga Nacional,Guatemala Primera Division
162747325,Guatemala Liga Nacional,Guatemala Primera Division
163107500,Romania Liga 2,Romania Liga II
163572031,Scotland Women Premier League,Scotland Premier League Women
163572033,Scotland Women Premier League,Scotland Premier League Women
163572036,Scotland Women Premier League,Scotland Premier League Women
163572038,Scotland Women Premier League,Scotland Premier League Women
163572046,Scotland Women Premier League,Scotland Premier League Women
163572040,Scotland Women Premier League,Scotland Premier League Women
163113901,Guatemala Liga Nacional,Guatemala Primera Division
162747328,Guatemala Liga Nacional,Guatemala Primera Division
163113903,Guatemala Liga Nacional,Guatemala Primera Division
163113906,Guatemala Liga Nacional,Guatemala Primera Division
163113913,Guatemala Liga Nacional,Guatemala Primera Division
162747330,Guatemala Liga Nacional,Guatemala Primera Division
163107507,Romania Liga 2,Romania Liga II
163105191,nan,England League 1
163105195,nan,England League 1
163105205,nan,England League 1
163105207,nan,England League 1
163105209,nan,England League 1
163105211,nan,England League 1
163105213,nan,England League 1
163105215,nan,England League 1
163105217,nan,England League 1
163105219,nan,England League 1
163105223,nan,England League 1
163801009,nan,England League 1
163796428,Guatemala Liga Nacional,Guatemala Primera Division
162747333,Guatemala Liga Nacional,Guatemala Primera Division
163818219,Romania Liga 2,Romania Liga II
163818223,Romania Liga 2,Romania Liga II
163818228,Romania Liga 2,Romania Liga II
163818234,Romania Liga 2,Romania Liga II
163818243,Romania Liga 2,Romania Liga II
163818254,Romania Liga 2,Romania Liga II
163818260,Romania Liga 2,Romania Liga II
163818266,Romania Liga 2,Romania Liga II
163818275,Romania Liga 2,Romania Liga II
163474779,nan,England League 1
163474783,nan,England League 1
163474786,nan,England League 1
163474788,nan,England League 1
163474791,nan,England League 1
163474794,nan,England League 1
163474796,nan,England League 1
163474799,nan,England League 1
163474801,nan,England League 1
163474804,nan,England League 1
163474807,nan,England League 1
163483192,Guatemala Liga Nacional,Guatemala Primera Division
163483198,Guatemala Liga Nacional,Guatemala Primera Division
163483209,Guatemala Liga Nacional,Guatemala Primera Division
163818280,Romania Liga 2,Romania Liga II
163483221,Guatemala Liga Nacional,Guatemala Primera Division
163483227,Guatemala Liga Nacional,Guatemala Primera Division
163483229,Guatemala Liga Nacional,Guatemala Primera Division
163483233,Guatemala Liga Nacional,Guatemala Primera Division
163483236,Guatemala Liga Nacional,Guatemala Primera Division
163483239,Guatemala Liga Nacional,Guatemala Primera Division
163483213,Guatemala Liga Nacional,Guatemala Primera Division
163483217,Guatemala Liga Nacional,Guatemala Primera Division
163474814,nan,England League 1
691565,England Premier League,
163474818,nan,England League 1
163474826,nan,England League 1
163474834,nan,England League 1
164235127,Guatemala Liga Nacional,Guatemala Primera Division
164249031,Guatemala Liga Nacional,Guatemala Primera Division
164265271,Guatemala Liga Nacional,Guatemala Primera Division
164216395,Romania Liga 2,Romania Liga II
164328036,Estonia Women’s Meistriliiga,Estonia Meistriliiga Women
163852129,Estonia Women’s Meistriliiga,Estonia Meistriliiga Women
164216398,Romania Liga 2,Romania Liga II
163853229,Guatemala Liga Nacional,Guatemala Primera Division
164216406,Romania Liga 2,Romania Liga II
164216417,Romania Liga 2,Romania Liga II
164216423,Romania Liga 2,Romania Liga II
164216430,Romania Liga 2,Romania Liga II
164216437,Romania Liga 2,Romania Liga II
164216443,Romania Liga 2,Romania Liga II
163852132,Estonia Women’s Meistriliiga,Estonia Meistriliiga Women
163852134,Estonia Women’s Meistriliiga,Estonia Meistriliiga Women
163853231,Guatemala Liga Nacional,Guatemala Primera Division
163853233,Guatemala Liga Nacional,Guatemala Primera Division
163853235,Guatemala Liga Nacional,Guatemala Primera Division
163853239,Guatemala Liga Nacional,Guatemala Primera Division
164216446,Romania Liga 2,Romania Liga II
164253347,Scotland Women Premier League,Scotland Premier League Women
164253387,Scotland Women Premier League,Scotland Premier League Women
164471024,Scotland Women Premier League,Scotland Premier League Women
164471016,Scotland Women Premier League,Scotland Premier League Women
164253424,Scotland Women Premier League,Scotland Premier League Women
164253493,Scotland Women Premier League,Scotland Premier League Women
164265248,Guatemala Liga Nacional,Guatemala Primera Division
163853241,Guatemala Liga Nacional,Guatemala Primera Division
164265189,Guatemala Liga Nacional,Guatemala Primera Division
164216449,Romania Liga 2,Romania Liga II
528375,England Premier League,
560149,England Premier League,
163844847,nan,England League 1
163844850,nan,England League 1
164216451,Romania Liga 2,Romania Liga II
164526903,Scotland Women Premier League,Scotland Premier League Women
163853251,Guatemala Liga Nacional,Guatemala Primera Division
163853257,Guatemala Liga Nacional,Guatemala Primera Division
164569411,Romania Liga 2,Romania Liga II
164593522,Guatemala Liga Nacional,Guatemala Primera Division
164593531,Guatemala Liga Nacional,Guatemala Primera Division
164593537,Guatemala Liga Nacional,Guatemala Primera Division
304122,England Premier League,
164220192,Estonia Women’s Meistriliiga,Estonia Meistriliiga Women
164014589,nan,England League 1
164589322,Romania Liga 2,Romania Liga II
164589325,Romania Liga 2,Romania Liga II
164589328,Romania Liga 2,Romania Liga II
164589337,Romania Liga 2,Romania Liga II
164589342,Romania Liga 2,Romania Liga II
164589347,Romania Liga 2,Romania Liga II
164014591,nan,England League 1
164014594,nan,England League 1
164014596,nan,England League 1
164014599,nan,England League 1
164014601,nan,England League 1
164014604,nan,England League 1
164014606,nan,England League 1
164014609,nan,England League 1
164014615,nan,England League 1
164014621,nan,England League 1
164014626,nan,England League 1
164223290,Guatemala Liga Nacional,Guatemala Primera Division
164223292,Guatemala Liga Nacional,Guatemala Primera Division
164593520,Guatemala Liga Nacional,Guatemala Primera Division
164589359,Romania Liga 2,Romania Liga II
164223294,Guatemala Liga Nacional,Guatemala Primera Division
164593528,Guatemala Liga Nacional,Guatemala Primera Division
164718013,Guatemala Liga Nacional,Guatemala Primera Division
164718002,Guatemala Liga Nacional,Guatemala Primera Division
164223296,Guatemala Liga Nacional,Guatemala Primera Division
164223298,Guatemala Liga Nacional,Guatemala Primera Division
164223300,Guatemala Liga Nacional,Guatemala Primera Division
164589364,Romania Liga 2,Romania Liga II
164589366,Romania Liga 2,Romania Liga II
164952134,Spanish Copa de Catalunya Women,Spain Copa de Catalunya Women
164593498,Guatemala Liga Nacional,Guatemala Primera Division
164582853,nan,England League 1
164582859,nan,England League 1
164582863,nan,England League 1
164582865,nan,England League 1
164582886,nan,England League 1
164593500,Guatemala Liga Nacional,Guatemala Primera Division
165005435,Guatemala Liga Nacional,Guatemala Primera Division
164983116,Scotland Women Premier League,Scotland Premier League Women
164983122,Scotland Women Premier League,Scotland Premier League Women
164983124,Scotland Women Premier League,Scotland Premier League Women
164983130,Scotland Women Premier League,Scotland Premier League Women
164983128,Scotland Women Premier League,Scotland Premier League Women
164589589,Estonia Women’s Meistriliiga,Estonia Meistriliiga Women
164593502,Guatemala Liga Nacional,Guatemala Primera Division
165005442,Guatemala Liga Nacional,Guatemala Primera Division
495759,Tajikistan Vysshaya Liga,
164593504,Guatemala Liga Nacional,Guatemala Primera Division
164593512,Guatemala Liga Nacional,Guatemala Primera Division
164593506,Guatemala Liga Nacional,Guatemala Primera Division
165275860,Romania Liga 2,Romania Liga II
165321264,Romania Liga 2,Romania Liga II
165321278,Romania Liga 2,Romania Liga II
165321287,Romania Liga 2,Romania Liga II
165321292,Romania Liga 2,Romania Liga II
165321296,Romania Liga 2,Romania Liga II
165321272,Romania Liga 2,Romania Liga II
165321299,Romania Liga 2,Romania Liga II
164740443,nan,England League 1
164740449,nan,England League 1
164740456,nan,England League 1
164740463,nan,England League 1
164740466,nan,England League 1
164740469,nan,England League 1
164740474,nan,England League 1
164740477,nan,England League 1
164740480,nan,England League 1
164740483,nan,England League 1
164740485,nan,England League 1
164740489,nan,England League 1
165005437,Guatemala Liga Nacional,Guatemala Primera Division
165321301,Romania Liga 2,Romania Liga II
635938,Scotland Women Premier League,Scotland Premier League Women
165413084,Scotland Women Premier League,Scotland Premier League Women
165413090,Scotland Women Premier League,Scotland Premier League Women
165413075,Scotland Women Premier League,Scotland Premier League Women
165413078,Scotland Women Premier League,Scotland Premier League Women
165005445,Guatemala Liga Nacional,Guatemala Primera Division
165005423,Guatemala Liga Nacional,Guatemala Primera Division
165005425,Guatemala Liga Nacional,Guatemala Primera Division
165005427,Guatemala Liga Nacional,Guatemala Primera Division
165005429,Guatemala Liga Nacional,Guatemala Primera Division
165005431,Guatemala Liga Nacional,Guatemala Primera Division
165005433,Guatemala Liga Nacional,Guatemala Primera Division
165321306,Romania Liga 2,Romania Liga II
164740491,nan,England League 1
164740495,nan,England League 1
164740498,nan,England League 1
164740506,nan,England League 1
164740511,nan,England League 1
164740516,nan,England League 1
164740522,nan,England League 1
164740527,nan,England League 1
164740530,nan,England League 1
165681196,Spanish Copa de Catalunya Women,Spain Copa de Catalunya Women
165730221,Guatemala Liga Nacional,Guatemala Primera Division
165730227,Guatemala Liga Nacional,Guatemala Primera Division
165321309,Romania Liga 2,Romania Liga II
165727782,Guatemala Liga Nacional,Guatemala Primera Division
165727785,Guatemala Liga Nacional,Guatemala Primera Division
165321312,Romania Liga 2,Romania Liga II
165321314,Romania Liga 2,Romania Liga II
165321317,Romania Liga 2,Romania Liga II
165321319,Romania Liga 2,Romania Liga II
165321322,Romania Liga 2,Romania Liga II
165321324,Romania Liga 2,Romania Liga II
165321337,Romania Liga 2,Romania Liga II
165813029,Guatemala Liga Nacional,Guatemala Primera Division
165813031,Guatemala Liga Nacional,Guatemala Primera Division
165882914,Guatemala Liga Nacional,Guatemala Primera Division
165321344,Romania Liga 2,Romania Liga II
165321347,Romania Liga 2,Romania Liga II
165813040,Guatemala Liga Nacional,Guatemala Primera Division
165813033,Guatemala Liga Nacional,Guatemala Primera Division
165118986,Swiss Cup,Switzerland Cup
165118989,Swiss Cup,Switzerland Cup
165114466,nan,England League 1
165114469,nan,England League 1
165114471,nan,England League 1
165114473,nan,England League 1
165114475,nan,England League 1
165114487,nan,England League 1
165114493,nan,England League 1
165114500,nan,England League 1
165114505,nan,England League 1
165118991,Swiss Cup,Switzerland Cup
165118994,Swiss Cup,Switzerland Cup
165118996,Swiss Cup,Switzerland Cup
165114512,nan,England League 1
165114514,nan,England League 1
165114516,nan,England League 1
166067155,Guatemala Liga Nacional,Guatemala Primera Division
165118999,Swiss Cup,Switzerland Cup
165119001,Swiss Cup,Switzerland Cup
165119004,Swiss Cup,Switzerland Cup
166067160,Guatemala Liga Nacional,Guatemala Primera Division
166040383,Romania Liga 2,Romania Liga II
166040391,Romania Liga 2,Romania Liga II
166063858,Romania Liga 2,Romania Liga II
166063861,Romania Liga 2,Romania Liga II
166063866,Romania Liga 2,Romania Liga II
166063874,Romania Liga 2,Romania Liga II
165698348,nan,England League 1
165698350,nan,England League 1
165698354,nan,England League 1
165698360,nan,England League 1
165698362,nan,England League 1
165698366,nan,England League 1
165698368,nan,England League 1
165698375,nan,England League 1
166067157,Guatemala Liga Nacional,Guatemala Primera Division
166063878,Romania Liga 2,Romania Liga II
166063883,Romania Liga 2,Romania Liga II
166067164,Guatemala Liga Nacional,Guatemala Primera Division
166067162,Guatemala Liga Nacional,Guatemala Primera Division
165698381,nan,England League 1
166063885,Romania Liga 2,Romania Liga II
166372966,Scotland Women Premier League,Scotland Premier League Women
166372971,Scotland Women Premier League,Scotland Premier League Women
166372978,Scotland Women Premier League,Scotland Premier League Women
166372986,Scotland Women Premier League,Scotland Premier League Women
166372989,Scotland Women Premier League,Scotland Premier League Women
166063897,Romania Liga 2,Romania Liga II
166063899,Romania Liga 2,Romania Liga II
166063902,Romania Liga 2,Romania Liga II
166063904,Romania Liga 2,Romania Liga II
166063906,Romania Liga 2,Romania Liga II
166063923,Romania Liga 2,Romania Liga II
166063909,Romania Liga 2,Romania Liga II
166059888,nan,England League 1
166059890,nan,England League 1
166059893,nan,England League 1
166059895,nan,England League 1
166059898,nan,England League 1
166059900,nan,England League 1
166059905,nan,England League 1
166059909,nan,England League 1
166059923,nan,England League 1
166059928,nan,England League 1
166059936,nan,England League 1
166059941,nan,England League 1
166434943,Guatemala Liga Nacional,Guatemala Primera Division
166063892,Romania Liga 2,Romania Liga II
166372991,Scotland Women Premier League,Scotland Premier League Women
166372994,Scotland Women Premier League,Scotland Premier League Women
166372996,Scotland Women Premier League,Scotland Premier League Women
166372999,Scotland Women Premier League,Scotland Premier League Women
166373002,Scotland Women Premier League,Scotland Premier League Women
166063894,Romania Liga 2,Romania Liga II
166426803,nan,England League 1
166426809,nan,England League 1
166426815,nan,England League 1
166426823,nan,England League 1
166426828,nan,England League 1
166426830,nan,England League 1
166426834,nan,England League 1
166426836,nan,England League 1
166426840,nan,England League 1
166426842,nan,England League 1
166426845,nan,England League 1
166434947,Guatemala Liga Nacional,Guatemala Primera Division
166428843,Scotland Women Premier League,Scotland Premier League Women
166428848,Scotland Women Premier League,Scotland Premier League Women
166428853,Scotland Women Premier League,Scotland Premier League Women
166428860,Scotland Women Premier League,Scotland Premier League Women
166428855,Scotland Women Premier League,Scotland Premier League Women
166426848,nan,England League 1
166426857,nan,England League 1
166426859,nan,England League 1
166426864,nan,England League 1
166426868,nan,England League 1
166426874,nan,England League 1
166426877,nan,England League 1
166426883,nan,England League 1
166426892,nan,England League 1
166426895,nan,England League 1
166426897,nan,England League 1
166426899,nan,England League 1
166426901,nan,England League 1
167130689,Israel Women Cup,Israel Cup Women
167130700,Israel Women Cup,Israel Cup Women
167130693,Israel Women Cup,Israel Cup Women
166589435,nan,England League 1
166589437,nan,England League 1
166589441,nan,England League 1
166589446,nan,England League 1
166589450,nan,England League 1
166589452,nan,England League 1
166589457,nan,England League 1
166589463,nan,England League 1
166589465,nan,England League 1
166589470,nan,England League 1
166589477,nan,England League 1
166589481,nan,England League 1
166589483,nan,England League 1
166589485,nan,England League 1
166589487,nan,England League 1
166589489,nan,England League 1
166589491,nan,England League 1
166589495,nan,England League 1
166589497,nan,England League 1
166589503,nan,England League 1
166589505,nan,England League 1
166589510,nan,England League 1
166896943,nan,England League 1
166896945,nan,England League 1
166896947,nan,England League 1
166896949,nan,England League 1
166896951,nan,England League 1
166896953,nan,England League 1
166896958,nan,England League 1
166896960,nan,England League 1
166896963,nan,England League 1
166896965,nan,England League 1
166896969,nan,England League 1
166896971,nan,England League 1
166896978,nan,England League 1
167801727,Guatemala Liga Nacional,Guatemala Primera Division
167801740,Guatemala Liga Nacional,Guatemala Primera Division
167801746,Guatemala Liga Nacional,Guatemala Primera Division
167801730,Guatemala Liga Nacional,Guatemala Primera Division
167801737,Guatemala Liga Nacional,Guatemala Primera Division
167801750,Guatemala Liga Nacional,Guatemala Primera Division
167434601,nan,England League 1
167839845,Scotland Women Premier League,Scotland Premier League Women
167839863,Scotland Women Premier League,Scotland Premier League Women
167839865,Scotland Women Premier League,Scotland Premier League Women
167839867,Scotland Women Premier League,Scotland Premier League Women
167839869,Scotland Women Premier League,Scotland Premier League Women
167839871,Scotland Women Premier League,Scotland Premier League Women
167834345,nan,England League 1
167834350,nan,England League 1
167834354,nan,England League 1
167834358,nan,England League 1
167834363,nan,England League 1
167834369,nan,England League 1
167834379,nan,England League 1
167834383,nan,England League 1
167834387,nan,England League 1
167834389,nan,England League 1
167834392,nan,England League 1
167834395,nan,England League 1
168237587,Guatemala Liga Nacional,Guatemala Primera Division
168237596,Guatemala Liga Nacional,Guatemala Primera Division
168237601,Guatemala Liga Nacional,Guatemala Primera Division
168367378,Guatemala Liga Nacional,Guatemala Primera Division
168349714,Guatemala Liga Nacional,Guatemala Primera Division
168237609,Guatemala Liga Nacional,Guatemala Primera Division
168203252,Scotland Women Premier League,Scotland Premier League Women
168347383,Guatemala Liga Nacional,Guatemala Primera Division
168439186,Guatemala Liga Nacional,Guatemala Primera Division
168431917,Guatemala Liga Nacional,Guatemala Primera Division
168237613,Guatemala Liga Nacional,Guatemala Primera Division
168431921,Guatemala Liga Nacional,Guatemala Primera Division
167834398,nan,England League 1
167834401,nan,England League 1
167834404,nan,England League 1
168360761,Guatemala Liga Nacional,Guatemala Primera Division
168360763,Guatemala Liga Nacional,Guatemala Primera Division
168360765,Guatemala Liga Nacional,Guatemala Primera Division
168360767,Guatemala Liga Nacional,Guatemala Primera Division
167834407,nan,England League 1
168360773,Guatemala Liga Nacional,Guatemala Primera Division
167834414,nan,England League 1
167834417,nan,England League 1
167834422,nan,England League 1
167834426,nan,England League 1
167834431,nan,England League 1
167834433,nan,England League 1
167834441,nan,England League 1
167834448,nan,England League 1
167834451,nan,England League 1
167834453,nan,England League 1
167834455,nan,England League 1
168580404,Guatemala Liga Nacional,Guatemala Primera Division
168360791,Guatemala Liga Nacional,Guatemala Primera Division
168360779,Guatemala Liga Nacional,Guatemala Primera Division
168360783,Guatemala Liga Nacional,Guatemala Primera Division
168203259,Scotland Women Premier League,Scotland Premier League Women
168203265,Scotland Women Premier League,Scotland Premier League Women
168203269,Scotland Women Premier League,Scotland Premier League Women
168203271,Scotland Women Premier League,Scotland Premier League Women
168203273,Scotland Women Premier League,Scotland Premier League Women
168580430,Guatemala Liga Nacional,Guatemala Primera Division
168580411,Guatemala Liga Nacional,Guatemala Primera Division
168580433,Guatemala Liga Nacional,Guatemala Primera Division
168203255,Scotland Women Premier League,Scotland Premier League Women
168360797,Guatemala Liga Nacional,Guatemala Primera Division
168580449,Guatemala Liga Nacional,Guatemala Primera Division
168580455,Guatemala Liga Nacional,Guatemala Primera Division
168360800,Guatemala Liga Nacional,Guatemala Primera Division
167834458,nan,England League 1
168569785,nan,England League 1
168569789,nan,England League 1
168569791,nan,England League 1
168569794,nan,England League 1
168569801,nan,England League 1
168569803,nan,England League 1
168569809,nan,England League 1
168569815,nan,England League 1
168569819,nan,England League 1
168569824,nan,England League 1
168569831,nan,England League 1
168203275,Scotland Women Premier League,Scotland Premier League Women
168580347,Guatemala Liga Nacional,Guatemala Primera Division
168580351,Guatemala Liga Nacional,Guatemala Primera Division
168580356,Guatemala Liga Nacional,Guatemala Primera Division
168580361,Guatemala Liga Nacional,Guatemala Primera Division
168580366,Guatemala Liga Nacional,Guatemala Primera Division
168580458,Guatemala Liga Nacional,Guatemala Primera Division
168569837,nan,England League 1
168569840,nan,England League 1
168569842,nan,England League 1
168569845,nan,England League 1
168569847,nan,England League 1
168569850,nan,England League 1
168569852,nan,England League 1
168569855,nan,England League 1
168569857,nan,England League 1
168569864,nan,England League 1
168569866,nan,England League 1
168580460,Guatemala Liga Nacional,Guatemala Primera Division
168580371,Guatemala Liga Nacional,Guatemala Primera Division
168580378,Guatemala Liga Nacional,Guatemala Primera Division
168580463,Guatemala Liga Nacional,Guatemala Primera Division
168580465,Guatemala Liga Nacional,Guatemala Primera Division
168569870,nan,England League 1
168580382,Guatemala Liga Nacional,Guatemala Primera Division
168580384,Guatemala Liga Nacional,Guatemala Primera Division
168580470,Guatemala Liga Nacional,Guatemala Primera Division
168580386,Guatemala Liga Nacional,Guatemala Primera Division
168575385,Scotland Women Premier League,Scotland Premier League Women
168580388,Guatemala Liga Nacional,Guatemala Primera Division
168580390,Guatemala Liga Nacional,Guatemala Primera Division
168580392,Guatemala Liga Nacional,Guatemala Primera Division
168580395,Guatemala Liga Nacional,Guatemala Primera Division
169337476,Israel Women Cup,Israel Cup Women
169333733,Israel Women Cup,Israel Cup Women
169337488,Israel Women Cup,Israel Cup Women
168580397,Guatemala Liga Nacional,Guatemala Primera Division
168738798,nan,England League 1
168738800,nan,England League 1
168738802,nan,England League 1
168738796,nan,England League 1
168738804,nan,England League 1
168738806,nan,England League 1
168738808,nan,England League 1
168738810,nan,England League 1
168945671,Guatemala Liga Nacional,Guatemala Primera Division
168945715,Guatemala Liga Nacional,Guatemala Primera Division
168945673,Guatemala Liga Nacional,Guatemala Primera Division
169560104,Scotland Women Premier League,Scotland Premier League Women
168939514,Scotland Women Premier League,Scotland Premier League Women
168945725,Guatemala Liga Nacional,Guatemala Primera Division
168945707,Guatemala Liga Nacional,Guatemala Primera Division
168945727,Guatemala Liga Nacional,Guatemala Primera Division
168945675,Guatemala Liga Nacional,Guatemala Primera Division
168945677,Guatemala Liga Nacional,Guatemala Primera Division
169511573,Guatemala Liga Nacional,Guatemala Primera Division
168945679,Guatemala Liga Nacional,Guatemala Primera Division
168738812,nan,England League 1
168738820,nan,England League 1
168738825,nan,England League 1
168738831,nan,England League 1
168738836,nan,England League 1
168738842,nan,England League 1
168738846,nan,England League 1
168945686,Guatemala Liga Nacional,Guatemala Primera Division
168945746,Guatemala Liga Nacional,Guatemala Primera Division
168945751,Guatemala Liga Nacional,Guatemala Primera Division
168945744,Guatemala Liga Nacional,Guatemala Primera Division
168945688,Guatemala Liga Nacional,Guatemala Primera Division
168945699,Guatemala Liga Nacional,Guatemala Primera Division
168945767,Guatemala Liga Nacional,Guatemala Primera Division
169331212,Guatemala Liga Nacional,Guatemala Primera Division
168945701,Guatemala Liga Nacional,Guatemala Primera Division
168945771,Guatemala Liga Nacional,Guatemala Primera Division
169307108,Scotland Women Premier League,Scotland Premier League Women
169303739,nan,England League 1
169303745,nan,England League 1
169303751,nan,England League 1
169303753,nan,England League 1
169303755,nan,England League 1
169303757,nan,England League 1
169303759,nan,England League 1
169303761,nan,England League 1
169303763,nan,England League 1
169303765,nan,England League 1
169303767,nan,England League 1
169303774,nan,England League 1
169317792,Guatemala Liga Nacional,Guatemala Primera Division
169317799,Guatemala Liga Nacional,Guatemala Primera Division
169317818,Guatemala Liga Nacional,Guatemala Primera Division
169307110,Scotland Women Premier League,Scotland Premier League Women
169307118,Scotland Women Premier League,Scotland Premier League Women
169307123,Scotland Women Premier League,Scotland Premier League Women
169307127,Scotland Women Premier League,Scotland Premier League Women
169317827,Guatemala Liga Nacional,Guatemala Primera Division
169317806,Guatemala Liga Nacional,Guatemala Primera Division
169317832,Guatemala Liga Nacional,Guatemala Primera Division
169331210,Guatemala Liga Nacional,Guatemala Primera Division
169317808,Guatemala Liga Nacional,Guatemala Primera Division
169317810,Guatemala Liga Nacional,Guatemala Primera Division
169303776,nan,England League 1
169303779,nan,England League 1
169303781,nan,England League 1
169303785,nan,England League 1
169915979,nan,England League 1
169915982,nan,England League 1
169998432,Spanish Copa de Catalunya Women,Spain Copa de Catalunya Women
169682894,Guatemala Liga Nacional,Guatemala Primera Division
169674166,Romania Liga 2,Romania Liga II
169674172,Romania Liga 2,Romania Liga II
169674181,Romania Liga 2,Romania Liga II
169674186,Romania Liga 2,Romania Liga II
169674197,Romania Liga 2,Romania Liga II
169674199,Romania Liga 2,Romania Liga II
169674179,Romania Liga 2,Romania Liga II
169627045,nan,England League 1
169627047,nan,England League 1
169627051,nan,England League 1
169627057,nan,England League 1
169627060,nan,England League 1
169627066,nan,England League 1
169627075,nan,England League 1
169627078,nan,England League 1
169627080,nan,England League 1
169627082,nan,England League 1
169627084,nan,England League 1
169682864,Guatemala Liga Nacional,Guatemala Primera Division
169682884,Guatemala Liga Nacional,Guatemala Primera Division
169682870,Guatemala Liga Nacional,Guatemala Primera Division
169682890,Guatemala Liga Nacional,Guatemala Primera Division
169627086,nan,England League 1
169682896,Guatemala Liga Nacional,Guatemala Primera Division
169682902,Guatemala Liga Nacional,Guatemala Primera Division
169682878,Guatemala Liga Nacional,Guatemala Primera Division
169682882,Guatemala Liga Nacional,Guatemala Primera Division
169682866,Guatemala Liga Nacional,Guatemala Primera Division
169674195,Romania Liga 2,Romania Liga II
169674161,Romania Liga 2,Romania Liga II
170367144,Swiss Cup,Switzerland Cup
169627088,nan,England League 1
169627090,nan,England League 1
169627092,nan,England League 1
170367149,Swiss Cup,Switzerland Cup
170367154,Swiss Cup,Switzerland Cup
169682913,Guatemala Liga Nacional,Guatemala Primera Division
169682916,Guatemala Liga Nacional,Guatemala Primera Division
169682929,Guatemala Liga Nacional,Guatemala Primera Division
169682933,Guatemala Liga Nacional,Guatemala Primera Division
169682938,Guatemala Liga Nacional,Guatemala Primera Division
170051300,Romania Liga 2,Romania Liga II
170367156,Swiss Cup,Switzerland Cup
170533788,Guatemala Liga Nacional,Guatemala Primera Division
170051283,Romania Liga 2,Romania Liga II
170051285,Romania Liga 2,Romania Liga II
170051287,Romania Liga 2,Romania Liga II
170051294,Romania Liga 2,Romania Liga II
170051309,Romania Liga 2,Romania Liga II
170051317,Romania Liga 2,Romania Liga II
170044390,nan,England League 1
170044393,nan,England League 1
170044396,nan,England League 1
170044399,nan,England League 1
170044402,nan,England League 1
170044404,nan,England League 1
170044407,nan,England League 1
170044410,nan,England League 1
170044414,nan,England League 1
170044423,nan,England League 1
170044430,nan,England League 1
170044438,nan,England League 1
170056861,Guatemala Liga Nacional,Guatemala Primera Division
170056837,Guatemala Liga Nacional,Guatemala Primera Division
170056840,Guatemala Liga Nacional,Guatemala Primera Division
170056864,Guatemala Liga Nacional,Guatemala Primera Division
170056872,Guatemala Liga Nacional,Guatemala Primera Division
170517652,Romania Liga 2,Romania Liga II
170050737,Scotland Women Premier League,Scotland Premier League Women
170050743,Scotland Women Premier League,Scotland Premier League Women
170050748,Scotland Women Premier League,Scotland Premier League Women
170050759,Scotland Women Premier League,Scotland Premier League Women
170050757,Scotland Women Premier League,Scotland Premier League Women
170050761,Scotland Women Premier League,Scotland Premier League Women
170056842,Guatemala Liga Nacional,Guatemala Primera Division
170056878,Guatemala Liga Nacional,Guatemala Primera Division
170056844,Guatemala Liga Nacional,Guatemala Primera Division
170056846,Guatemala Liga Nacional,Guatemala Primera Division
170044443,nan,England League 1
170044449,nan,England League 1
170044455,nan,England League 1
170044556,nan,England League 1
170044558,nan,England League 1
170044560,nan,England League 1
170044567,nan,England League 1
170044569,nan,England League 1
170044573,nan,England League 1
170044575,nan,England League 1
170044579,nan,England League 1
170044584,nan,England League 1
170056891,Guatemala Liga Nacional,Guatemala Primera Division
170056848,Guatemala Liga Nacional,Guatemala Primera Division
170056850,Guatemala Liga Nacional,Guatemala Primera Division
170056852,Guatemala Liga Nacional,Guatemala Primera Division
170056854,Guatemala Liga Nacional,Guatemala Primera Division
170056859,Guatemala Liga Nacional,Guatemala Primera Division
170432125,Guatemala Liga Nacional,Guatemala Primera Division
170591018,Romania Liga 2,Romania Liga II
170591024,Romania Liga 2,Romania Liga II
170591026,Romania Liga 2,Romania Liga II
170796004,Romania Liga 2,Romania Liga II
170796009,Romania Liga 2,Romania Liga II
170591020,Romania Liga 2,Romania Liga II
170418726,nan,England League 1
170418728,nan,England League 1
170418730,nan,England League 1
170418732,nan,England League 1
170418734,nan,England League 1
170418740,nan,England League 1
170418743,nan,England League 1
170418746,nan,England League 1
170418750,nan,England League 1
170418756,nan,England League 1
170418758,nan,England League 1
170418764,nan,England League 1
170432121,Guatemala Liga Nacional,Guatemala Primera Division
170591016,Romania Liga 2,Romania Liga II
170432092,Guatemala Liga Nacional,Guatemala Primera Division
170591014,Romania Liga 2,Romania Liga II
170591022,Romania Liga 2,Romania Liga II
170432096,Guatemala Liga Nacional,Guatemala Primera Division
170432138,Guatemala Liga Nacional,Guatemala Primera Division
170432103,Guatemala Liga Nacional,Guatemala Primera Division
170432142,Guatemala Liga Nacional,Guatemala Primera Division
170432147,Guatemala Liga Nacional,Guatemala Primera Division
170432105,Guatemala Liga Nacional,Guatemala Primera Division
170432112,Guatemala Liga Nacional,Guatemala Primera Division
170418773,nan,England League 1
170418776,nan,England League 1
170418778,nan,England League 1
170418780,nan,England League 1
170418782,nan,England League 1
170418784,nan,England League 1
170906307,Guatemala Liga Nacional,Guatemala Primera Division
170906309,Guatemala Liga Nacional,Guatemala Primera Division
170906320,Guatemala Liga Nacional,Guatemala Primera Division
170906322,Guatemala Liga Nacional,Guatemala Primera Division
170906324,Guatemala Liga Nacional,Guatemala Primera Division
170906327,Guatemala Liga Nacional,Guatemala Primera Division
171101460,Guatemala Liga Nacional,Guatemala Primera Division
171171883,Scotland Women Premier League,Scotland Premier League Women
170796011,Romania Liga 2,Romania Liga II
170796014,Romania Liga 2,Romania Liga II
170796032,Romania Liga 2,Romania Liga II
170796036,Romania Liga 2,Romania Liga II
170796038,Romania Liga 2,Romania Liga II
170796050,Romania Liga 2,Romania Liga II
170796061,Romania Liga 2,Romania Liga II
170796066,Romania Liga 2,Romania Liga II
171288008,Romania Liga 2,Romania Liga II
170787758,nan,England League 1
170787760,nan,England League 1
170787762,nan,England League 1
170787764,nan,England League 1
170787770,nan,England League 1
170787775,nan,England League 1
170787777,nan,England League 1
170787779,nan,England League 1
170787783,nan,England League 1
170787788,nan,England League 1
170787794,nan,England League 1
170787801,nan,England League 1
170906331,Guatemala Liga Nacional,Guatemala Primera Division
171178359,Guatemala Liga Nacional,Guatemala Primera Division
171171892,Scotland Women Premier League,Scotland Premier League Women
171171898,Scotland Women Premier League,Scotland Premier League Women
171171901,Scotland Women Premier League,Scotland Premier League Women
171171905,Scotland Women Premier League,Scotland Premier League Women
171171908,Scotland Women Premier League,Scotland Premier League Women
170906348,Guatemala Liga Nacional,Guatemala Primera Division
170906352,Guatemala Liga Nacional,Guatemala Primera Division
170906354,Guatemala Liga Nacional,Guatemala Primera Division
171342903,Guatemala Liga Nacional,Guatemala Primera Division
171178361,Guatemala Liga Nacional,Guatemala Primera Division
170787804,nan,England League 1
171178368,Guatemala Liga Nacional,Guatemala Primera Division
171178390,Guatemala Liga Nacional,Guatemala Primera Division
171178386,Guatemala Liga Nacional,Guatemala Primera Division
171178392,Guatemala Liga Nacional,Guatemala Primera Division
171714422,Guatemala Liga Nacional,Guatemala Primera Division
171178396,Guatemala Liga Nacional,Guatemala Primera Division
170961404,nan,England League 1
170961419,nan,England League 1
170961423,nan,England League 1
170961430,nan,England League 1
170961435,nan,England League 1
170961456,nan,England League 1
171178402,Guatemala Liga Nacional,Guatemala Primera Division
171700935,Guatemala Liga Nacional,Guatemala Primera Division
171231239,Guatemala Liga Nacional,Guatemala Primera Division
171178421,Guatemala Liga Nacional,Guatemala Primera Division
171178425,Guatemala Liga Nacional,Guatemala Primera Division
171178428,Guatemala Liga Nacional,Guatemala Primera Division
171178430,Guatemala Liga Nacional,Guatemala Primera Division
171178434,Guatemala Liga Nacional,Guatemala Primera Division
171716133,Guatemala Liga Nacional,Guatemala Primera Division
171558872,Guatemala Liga Nacional,Guatemala Primera Division
171716143,Guatemala Liga Nacional,Guatemala Primera Division
171558883,Guatemala Liga Nacional,Guatemala Primera Division
171558886,Guatemala Liga Nacional,Guatemala Primera Division
171558888,Guatemala Liga Nacional,Guatemala Primera Division
171554243,Romania Liga 2,Romania Liga II
171554238,Romania Liga 2,Romania Liga II
171547578,nan,England League 1
171558865,Guatemala Liga Nacional,Guatemala Primera Division
171554571,Estonia Women’s Meistriliiga,Estonia Meistriliiga Women
171554575,Estonia Women’s Meistriliiga,Estonia Meistriliiga Women
171554583,Estonia Women’s Meistriliiga,Estonia Meistriliiga Women
171965386,Scotland Women Premier League,Scotland Premier League Women
171231248,Guatemala Liga Nacional,Guatemala Primera Division
171554254,Romania Liga 2,Romania Liga II
171554257,Romania Liga 2,Romania Liga II
171554261,Romania Liga 2,Romania Liga II
171554263,Romania Liga 2,Romania Liga II
171554269,Romania Liga 2,Romania Liga II
171554275,Romania Liga 2,Romania Liga II
171547580,nan,England League 1
171547582,nan,England League 1
171547584,nan,England League 1
171547587,nan,England League 1
171547598,nan,England League 1
171547600,nan,England League 1
171547604,nan,England League 1
171547606,nan,England League 1
171547612,nan,England League 1
171547616,nan,England League 1
171547624,nan,England League 1
171231254,Guatemala Liga Nacional,Guatemala Primera Division
171231265,Guatemala Liga Nacional,Guatemala Primera Division
171231241,Guatemala Liga Nacional,Guatemala Primera Division
171231274,Guatemala Liga Nacional,Guatemala Primera Division
171558899,Guatemala Liga Nacional,Guatemala Primera Division
171554240,Romania Liga 2,Romania Liga II
172063284,Scotland Women Premier League,Scotland Premier League Women
172063287,Scotland Women Premier League,Scotland Premier League Women
172063281,Scotland Women Premier League,Scotland Premier League Women
172063289,Scotland Women Premier League,Scotland Premier League Women
172063296,Scotland Women Premier League,Scotland Premier League Women
171558910,Guatemala Liga Nacional,Guatemala Primera Division
171558917,Guatemala Liga Nacional,Guatemala Primera Division
171547632,nan,England League 1
171547636,nan,England League 1
171547640,nan,England League 1
171547643,nan,England League 1
171547645,nan,England League 1
171547647,nan,England League 1
171547649,nan,England League 1
171547651,nan,England League 1
171547653,nan,England League 1
171547662,nan,England League 1
171547668,nan,England League 1
171547671,nan,England League 1
171231278,Guatemala Liga Nacional,Guatemala Primera Division
171231282,Guatemala Liga Nacional,Guatemala Primera Division
171231284,Guatemala Liga Nacional,Guatemala Primera Division
171231286,Guatemala Liga Nacional,Guatemala Primera Division
172312556,Guatemala Liga Nacional,Guatemala Primera Division
171932328,Romania Liga 2,Romania Liga II
171932308,Romania Liga 2,Romania Liga II
171932310,Romania Liga 2,Romania Liga II
171932313,Romania Liga 2,Romania Liga II
171932322,Romania Liga 2,Romania Liga II
171932324,Romania Liga 2,Romania Liga II
171932326,Romania Liga 2,Romania Liga II
171932332,Romania Liga 2,Romania Liga II
171873809,nan,England League 1
171873814,nan,England League 1
171873818,nan,England League 1
171873820,nan,England League 1
171873822,nan,England League 1
171873824,nan,England League 1
171873827,nan,England League 1
171873829,nan,England League 1
171873836,nan,England League 1
171873843,nan,England League 1
171873846,nan,England League 1
171873849,nan,England League 1
171938229,Guatemala Liga Nacional,Guatemala Primera Division
171938265,Guatemala Liga Nacional,Guatemala Primera Division
171938287,Guatemala Liga Nacional,Guatemala Primera Division
171938238,Guatemala Liga Nacional,Guatemala Primera Division
171938275,Guatemala Liga Nacional,Guatemala Primera Division
171932339,Romania Liga 2,Romania Liga II
171938285,Guatemala Liga Nacional,Guatemala Primera Division
171938290,Guatemala Liga Nacional,Guatemala Primera Division
171938245,Guatemala Liga Nacional,Guatemala Primera Division
171938281,Guatemala Liga Nacional,Guatemala Primera Division
171938251,Guatemala Liga Nacional,Guatemala Primera Division
171938255,Guatemala Liga Nacional,Guatemala Primera Division
172496514,Romania Liga 2,Romania Liga II
171873852,nan,England League 1
171873858,nan,England League 1
171873863,nan,England League 1
171873869,nan,England League 1
171873872,nan,England League 1
171873874,nan,England League 1
171932344,Romania Liga 2,Romania Liga II
171932349,Romania Liga 2,Romania Liga II
171938257,Guatemala Liga Nacional,Guatemala Primera Division
171938259,Guatemala Liga Nacional,Guatemala Primera Division
171938261,Guatemala Liga Nacional,Guatemala Primera Division
171938263,Guatemala Liga Nacional,Guatemala Primera Division
172421848,Romania Liga 2,Romania Liga II
172421850,Romania Liga 2,Romania Liga II
172421854,Romania Liga 2,Romania Liga II
172421863,Romania Liga 2,Romania Liga II
172418407,nan,England League 1
172418410,nan,England League 1
172418412,nan,England League 1
172418414,nan,England League 1
172418419,nan,England League 1
172418428,nan,England League 1
172418435,nan,England League 1
172418437,nan,England League 1
172418439,nan,England League 1
172418441,nan,England League 1
172424685,Guatemala Liga Nacional,Guatemala Primera Division
172424688,Guatemala Liga Nacional,Guatemala Primera Division
172700441,Estonia Women’s Meistriliiga,Estonia Meistriliiga Women
172700444,Estonia Women’s Meistriliiga,Estonia Meistriliiga Women
172421867,Romania Liga 2,Romania Liga II
172725382,Scotland Women Premier League,Scotland Premier League Women
172773846,Scotland Women Premier League,Scotland Premier League Women
172725380,Scotland Women Premier League,Scotland Premier League Women
172744748,Scotland Women Premier League,Scotland Premier League Women
172700449,Estonia Women’s Meistriliiga,Estonia Meistriliiga Women
172744758,Scotland Women Premier League,Scotland Premier League Women
172725385,Scotland Women Premier League,Scotland Premier League Women
172700458,Estonia Women’s Meistriliiga,Estonia Meistriliiga Women
172424718,Guatemala Liga Nacional,Guatemala Primera Division
172424744,Guatemala Liga Nacional,Guatemala Primera Division
172424751,Guatemala Liga Nacional,Guatemala Primera Division
172424691,Guatemala Liga Nacional,Guatemala Primera Division
172424693,Guatemala Liga Nacional,Guatemala Primera Division
172424695,Guatemala Liga Nacional,Guatemala Primera Division
172421877,Romania Liga 2,Romania Liga II
173100608,Guatemala Liga Nacional,Guatemala Primera Division
172744765,Scotland Women Premier League,Scotland Premier League Women
172744776,Scotland Women Premier League,Scotland Premier League Women
172744780,Scotland Women Premier League,Scotland Premier League Women
172744782,Scotland Women Premier League,Scotland Premier League Women
172744784,Scotland Women Premier League,Scotland Premier League Women
172744786,Scotland Women Premier League,Scotland Premier League Women
172424698,Guatemala Liga Nacional,Guatemala Primera Division
172424700,Guatemala Liga Nacional,Guatemala Primera Division
172424702,Guatemala Liga Nacional,Guatemala Primera Division
173093118,Guatemala Liga Nacional,Guatemala Primera Division
172697178,Romania Liga 2,Romania Liga II
172424705,Guatemala Liga Nacional,Guatemala Primera Division
172424707,Guatemala Liga Nacional,Guatemala Primera Division
172697159,Romania Liga 2,Romania Liga II
172697164,Romania Liga 2,Romania Liga II
172697169,Romania Liga 2,Romania Liga II
172697172,Romania Liga 2,Romania Liga II
172697174,Romania Liga 2,Romania Liga II
172697176,Romania Liga 2,Romania Liga II
172697180,Romania Liga 2,Romania Liga II
172687242,nan,England League 1
172687244,nan,England League 1
172687247,nan,England League 1
172687259,nan,England League 1
172687263,nan,England League 1
172687265,nan,England League 1
172687273,nan,England League 1
172687283,nan,England League 1
172687292,nan,England League 1
172687299,nan,England League 1
172687303,nan,England League 1
172687307,nan,England League 1
172697182,Romania Liga 2,Romania Liga II
172700465,Estonia Women’s Meistriliiga,Estonia Meistriliiga Women
172700467,Estonia Women’s Meistriliiga,Estonia Meistriliiga Women
172751641,Guatemala Liga Nacional,Guatemala Primera Division
173129357,Guatemala Liga Nacional,Guatemala Primera Division
172700469,Estonia Women’s Meistriliiga,Estonia Meistriliiga Women
172744795,Scotland Women Premier League,Scotland Premier League Women
172744798,Scotland Women Premier League,Scotland Premier League Women
172744800,Scotland Women Premier League,Scotland Premier League Women
172744816,Scotland Women Premier League,Scotland Premier League Women
172700475,Estonia Women’s Meistriliiga,Estonia Meistriliiga Women
172744802,Scotland Women Premier League,Scotland Premier League Women
172744818,Scotland Women Premier League,Scotland Premier League Women
173129371,Guatemala Liga Nacional,Guatemala Primera Division
172751643,Guatemala Liga Nacional,Guatemala Primera Division
172751645,Guatemala Liga Nacional,Guatemala Primera Division
172751647,Guatemala Liga Nacional,Guatemala Primera Division
172687310,nan,England League 1
172687312,nan,England League 1
172687314,nan,England League 1
172687317,nan,England League 1
172687319,nan,England League 1
172687321,nan,England League 1
172687323,nan,England League 1
172687325,nan,England League 1
172687329,nan,England League 1
172687332,nan,England League 1
172687336,nan,England League 1
172687344,nan,England League 1
172751649,Guatemala Liga Nacional,Guatemala Primera Division
172751651,Guatemala Liga Nacional,Guatemala Primera Division
173486252,Guatemala Liga Nacional,Guatemala Primera Division
172751653,Guatemala Liga Nacional,Guatemala Primera Division
173077384,Romania Liga 2,Romania Liga II
173474078,Guatemala Liga Nacional,Guatemala Primera Division
173069108,nan,England League 1
172751656,Guatemala Liga Nacional,Guatemala Primera Division
173502883,Guatemala Liga Nacional,Guatemala Primera Division
172751658,Guatemala Liga Nacional,Guatemala Primera Division
173474082,Guatemala Liga Nacional,Guatemala Primera Division
173077391,Romania Liga 2,Romania Liga II
755554,Romania Liga 2,Romania Liga II
173077395,Romania Liga 2,Romania Liga II
173081517,Estonia Women’s Meistriliiga,Estonia Meistriliiga Women
173069110,nan,England League 1
173069112,nan,England League 1
173069114,nan,England League 1
173069116,nan,England League 1
173069118,nan,England League 1
173069120,nan,England League 1
173069123,nan,England League 1
173069128,nan,England League 1
173069131,nan,England League 1
173069133,nan,England League 1
173568937,Swiss Cup,Switzerland Cup
173502881,Guatemala Liga Nacional,Guatemala Primera Division
173502878,Guatemala Liga Nacional,Guatemala Primera Division
173081523,Estonia Women’s Meistriliiga,Estonia Meistriliiga Women
173069137,nan,England League 1
173578495,Swiss Cup,Switzerland Cup
173069146,nan,England League 1
173502886,Guatemala Liga Nacional,Guatemala Primera Division
173502892,Guatemala Liga Nacional,Guatemala Primera Division
173077402,Romania Liga 2,Romania Liga II
173069153,nan,England League 1
173077405,Romania Liga 2,Romania Liga II
173077400,Romania Liga 2,Romania Liga II
173448640,Scotland Women Premier League,Scotland Premier League Women
173448642,Scotland Women Premier League,Scotland Premier League Women
173069155,nan,England League 1
173069157,nan,England League 1
173448644,Scotland Women Premier League,Scotland Premier League Women
173448646,Scotland Women Premier League,Scotland Premier League Women
173448648,Scotland Women Premier League,Scotland Premier League Women
173448650,Scotland Women Premier League,Scotland Premier League Women
173806944,Guatemala Liga Nacional,Guatemala Primera Division
173806935,Guatemala Liga Nacional,Guatemala Primera Division
173457118,Estonia Women’s Meistriliiga,Estonia Meistriliiga Women
173457127,Estonia Women’s Meistriliiga,Estonia Meistriliiga Women
173839385,Guatemala Liga Nacional,Guatemala Primera Division
173839394,Guatemala Liga Nacional,Guatemala Primera Division
173457134,Estonia Women’s Meistriliiga,Estonia Meistriliiga Women
173240950,nan,England League 1
173240952,nan,England League 1
173240954,nan,England League 1
173240956,nan,England League 1
173240958,nan,England League 1
173240960,nan,England League 1
173240963,nan,England League 1
173240966,nan,England League 1
173240970,nan,England League 1
173240973,nan,England League 1
173240979,nan,England League 1
173240987,nan,England League 1
173839374,Guatemala Liga Nacional,Guatemala Primera Division
173839376,Guatemala Liga Nacional,Guatemala Primera Division
173912848,Guatemala Liga Nacional,Guatemala Primera Division
173452335,Romania Liga 2,Romania Liga II
173827523,Scotland Women Premier League,Scotland Premier League Women
173827528,Scotland Women Premier League,Scotland Premier League Women
173827537,Scotland Women Premier League,Scotland Premier League Women
173827541,Scotland Women Premier League,Scotland Premier League Women
173827543,Scotland Women Premier League,Scotland Premier League Women
173972457,Guatemala Liga Nacional,Guatemala Primera Division
173839390,Guatemala Liga Nacional,Guatemala Primera Division
173839397,Guatemala Liga Nacional,Guatemala Primera Division
173452337,Romania Liga 2,Romania Liga II
174158826,Israel Women Cup,Israel Cup Women
173452339,Romania Liga 2,Romania Liga II
174158828,Israel Women Cup,Israel Cup Women
173827547,Scotland Women Premier League,Scotland Premier League Women
173827549,Scotland Women Premier League,Scotland Premier League Women
174290605,Guatemala Liga Nacional,Guatemala Primera Division
174237835,Guatemala Liga Nacional,Guatemala Primera Division
173832320,Romania Liga 2,Romania Liga II
174081004,nan,England League 1
174297203,Guatemala Liga Nacional,Guatemala Primera Division
174327274,Guatemala Liga Nacional,Guatemala Primera Division
173832322,Romania Liga 2,Romania Liga II
173834720,Estonia Women’s Meistriliiga,Estonia Meistriliiga Women
174355384,Scotland Women Premier League,Scotland Premier League Women
174355397,Scotland Women Premier League,Scotland Premier League Women
174383445,Scotland Women Premier League,Scotland Premier League Women
174355381,Scotland Women Premier League,Scotland Premier League Women
174355388,Scotland Women Premier League,Scotland Premier League Women
174355375,Scotland Women Premier League,Scotland Premier League Women
174351761,Guatemala Liga Nacional,Guatemala Primera Division
174081011,nan,England League 1
174351415,Guatemala Liga Nacional,Guatemala Primera Division
173832316,Romania Liga 2,Romania Liga II
174207594,Scotland Women Premier League,Scotland Premier League Women
174207597,Scotland Women Premier League,Scotland Premier League Women
174207601,Scotland Women Premier League,Scotland Premier League Women
174081121,nan,England League 1
174207605,Scotland Women Premier League,Scotland Premier League Women
174081127,nan,England League 1
174566106,Guatemala Liga Nacional,Guatemala Primera Division
174215554,Estonia Women’s Meistriliiga,Estonia Meistriliiga Women
174625785,Romania Liga 2,Romania Liga II
174629704,Guatemala Liga Nacional,Guatemala Primera Division
174588859,Romania Liga 2,Romania Liga II
174215562,Estonia Women’s Meistriliiga,Estonia Meistriliiga Women
174215572,Estonia Women’s Meistriliiga,Estonia Meistriliiga Women
174207610,Scotland Women Premier League,Scotland Premier League Women
174207619,Scotland Women Premier League,Scotland Premier League Women
174207629,Scotland Women Premier League,Scotland Premier League Women
174207633,Scotland Women Premier League,Scotland Premier League Women
174207636,Scotland Women Premier League,Scotland Premier League Women
174207639,Scotland Women Premier League,Scotland Premier League Women
174597477,Guatemala Liga Nacional,Guatemala Primera Division
174969038,Romania Liga 2,Romania Liga II
174744745,nan,England League 1
175066323,Israel Women Cup,Israel Cup Women
175066279,Guatemala Liga Nacional,Guatemala Primera Division
175422234,Guatemala Liga Nacional,Guatemala Primera Division
175386121,Swiss Cup,Switzerland Cup
175354625,Estonia Women’s Meistriliiga,Estonia Meistriliiga Women
175354628,Estonia Women’s Meistriliiga,Estonia Meistriliiga Women
175354632,Estonia Women’s Meistriliiga,Estonia Meistriliiga Women
175354645,Estonia Women’s Meistriliiga,Estonia Meistriliiga Women
176131398,Estonia Women’s Meistriliiga,Estonia Meistriliiga Women
175717203,Estonia Women’s Meistriliiga,Estonia Meistriliiga Women
175717212,Estonia Women’s Meistriliiga,Estonia Meistriliiga Women
175717220,Estonia Women’s Meistriliiga,Estonia Meistriliiga Women
176089887,Estonia Women’s Meistriliiga,Estonia Meistriliiga Women
176089884,Estonia Women’s Meistriliiga,Estonia Meistriliiga Women
176089890,Estonia Women’s Meistriliiga,Estonia Meistriliiga Women
176089896,Estonia Women’s Meistriliiga,Estonia Meistriliiga Women
177635418,Guatemala Liga Nacional,Guatemala Primera Division
177635420,Guatemala Liga Nacional,Guatemala Primera Division
177635422,Guatemala Liga Nacional,Guatemala Primera Division
177635426,Guatemala Liga Nacional,Guatemala Primera Division
177635428,Guatemala Liga Nacional,Guatemala Primera Division
177635424,Guatemala Liga Nacional,Guatemala Primera Division
178001225,Guatemala Liga Nacional,Guatemala Primera Division
177954177,Estonia Women’s Meistriliiga,Estonia Meistriliiga Women
177954179,Estonia Women’s Meistriliiga,Estonia Meistriliiga Women
177954181,Estonia Women’s Meistriliiga,Estonia Meistriliiga Women
178001227,Guatemala Liga Nacional,Guatemala Primera Division
178001229,Guatemala Liga Nacional,Guatemala Primera Division
178001231,Guatemala Liga Nacional,Guatemala Primera Division
178001235,Guatemala Liga Nacional,Guatemala Primera Division
178492519,Guatemala Liga Nacional,Guatemala Primera Division
178517773,Guatemala Liga Nacional,Guatemala Primera Division
178406562,Guatemala Liga Nacional,Guatemala Primera Division
178001240,Guatemala Liga Nacional,Guatemala Primera Division
178492513,Guatemala Liga Nacional,Guatemala Primera Division
178492515,Guatemala Liga Nacional,Guatemala Primera Division
178492517,Guatemala Liga Nacional,Guatemala Primera Division
178603112,Guatemala Liga Nacional,Guatemala Primera Division
178612045,Guatemala Liga Nacional,Guatemala Primera Division
178656385,Estonia Women’s Meistriliiga,Estonia Meistriliiga Women
176953461,nan,England League 1
178329440,Guatemala Liga Nacional,Guatemala Primera Division
178711537,Romania Liga 2,Romania Liga II
178711547,Romania Liga 2,Romania Liga II
178711552,Romania Liga 2,Romania Liga II
178711556,Romania Liga 2,Romania Liga II
178711560,Romania Liga 2,Romania Liga II
178711564,Romania Liga 2,Romania Liga II
178711570,Romania Liga 2,Romania Liga II
178931096,Romania Liga 2,Romania Liga II
285232,Romania Liga 2,Romania Liga II
178322478,Estonia Women’s Meistriliiga,Estonia Meistriliiga Women
176953468,nan,England League 1
178322480,Estonia Women’s Meistriliiga,Estonia Meistriliiga Women
176953471,nan,England League 1
176953473,nan,England League 1
176953476,nan,England League 1
176953479,nan,England League 1
176953497,nan,England League 1
176953499,nan,England League 1
176953502,nan,England League 1
176953506,nan,England League 1
176953509,nan,England League 1
178329450,Guatemala Liga Nacional,Guatemala Primera Division
178766415,Guatemala Liga Nacional,Guatemala Primera Division
178329462,Guatemala Liga Nacional,Guatemala Primera Division
178766367,Guatemala Liga Nacional,Guatemala Primera Division
178766421,Guatemala Liga Nacional,Guatemala Primera Division
178766425,Guatemala Liga Nacional,Guatemala Primera Division
178766428,Guatemala Liga Nacional,Guatemala Primera Division
178711577,Romania Liga 2,Romania Liga II
176953512,nan,England League 1
178329470,Guatemala Liga Nacional,Guatemala Primera Division
178766431,Guatemala Liga Nacional,Guatemala Primera Division
178766371,Guatemala Liga Nacional,Guatemala Primera Division
178329474,Guatemala Liga Nacional,Guatemala Primera Division
178329477,Guatemala Liga Nacional,Guatemala Primera Division
178711542,Romania Liga 2,Romania Liga II
176953856,nan,England League 1
178711631,Romania Liga 2,Romania Liga II
178711615,Romania Liga 2,Romania Liga II
178711596,Romania Liga 2,Romania Liga II
178711621,Romania Liga 2,Romania Liga II
178711626,Romania Liga 2,Romania Liga II
179156186,Romania Liga 2,Romania Liga II
179161444,Romania Liga 2,Romania Liga II
179161454,Romania Liga 2,Romania Liga II
178711606,Romania Liga 2,Romania Liga II
178756483,Estonia Women’s Meistriliiga,Estonia Meistriliiga Women
176953852,nan,England League 1
176953860,nan,England League 1
176953790,nan,England League 1
176953798,nan,England League 1
176953808,nan,England League 1
176953817,nan,England League 1
176953825,nan,England League 1
176953836,nan,England League 1
176953847,nan,England League 1
176953863,nan,England League 1
176953866,nan,England League 1
178766354,Guatemala Liga Nacional,Guatemala Primera Division
178766349,Guatemala Liga Nacional,Guatemala Primera Division
178766433,Guatemala Liga Nacional,Guatemala Primera Division
178766358,Guatemala Liga Nacional,Guatemala Primera Division
178766435,Guatemala Liga Nacional,Guatemala Primera Division
178711584,Romania Liga 2,Romania Liga II
178756486,Estonia Women’s Meistriliiga,Estonia Meistriliiga Women
178766437,Guatemala Liga Nacional,Guatemala Primera Division
179202745,Guatemala Liga Nacional,Guatemala Primera Division
178766360,Guatemala Liga Nacional,Guatemala Primera Division
178766406,Guatemala Liga Nacional,Guatemala Primera Division
178766442,Guatemala Liga Nacional,Guatemala Primera Division
178766362,Guatemala Liga Nacional,Guatemala Primera Division
178766365,Guatemala Liga Nacional,Guatemala Primera Division
179382965,Romania Liga 2,Romania Liga II
179484282,Israel Women Cup,Israel Cup Women
179087000,Romania Liga 2,Romania Liga II
179439347,Swiss Cup,Switzerland Cup
179141058,Guatemala Liga Nacional,Guatemala Primera Division
179086984,Romania Liga 2,Romania Liga II
179086989,Romania Liga 2,Romania Liga II
179086992,Romania Liga 2,Romania Liga II
179086996,Romania Liga 2,Romania Liga II
179086998,Romania Liga 2,Romania Liga II
179087582,Estonia Women’s Meistriliiga,Estonia Meistriliiga Women
179024699,nan,England League 1
179024702,nan,England League 1
179087584,Estonia Women’s Meistriliiga,Estonia Meistriliiga Women
179024704,nan,England League 1
179024706,nan,England League 1
179024708,nan,England League 1
179024710,nan,England League 1
179024712,nan,England League 1
179024714,nan,England League 1
179024716,nan,England League 1
179024718,nan,England League 1
179024722,nan,England League 1
179024725,nan,England League 1
179086973,Romania Liga 2,Romania Liga II
179087586,Estonia Women’s Meistriliiga,Estonia Meistriliiga Women
179555584,Swiss Cup,Switzerland Cup
179140999,Guatemala Liga Nacional,Guatemala Primera Division
179141014,Guatemala Liga Nacional,Guatemala Primera Division
179555581,Swiss Cup,Switzerland Cup
179582297,Spanish Copa de Catalunya Women,Spain Copa de Catalunya Women
179141010,Guatemala Liga Nacional,Guatemala Primera Division
179141025,Guatemala Liga Nacional,Guatemala Primera Division
179141027,Guatemala Liga Nacional,Guatemala Primera Division
179141050,Guatemala Liga Nacional,Guatemala Primera Division
179087002,Romania Liga 2,Romania Liga II
179637757,Romania Liga 2,Romania Liga II
179638796,Swiss Cup,Switzerland Cup
179086548,Scotland Women Premier League,Scotland Premier League Women
179086551,Scotland Women Premier League,Scotland Premier League Women
179086555,Scotland Women Premier League,Scotland Premier League Women
179638789,Swiss Cup,Switzerland Cup
179658781,Swiss Cup,Switzerland Cup
179638791,Swiss Cup,Switzerland Cup
179638794,Swiss Cup,Switzerland Cup
179086553,Scotland Women Premier League,Scotland Premier League Women
179086558,Scotland Women Premier League,Scotland Premier League Women
179141029,Guatemala Liga Nacional,Guatemala Primera Division
179141033,Guatemala Liga Nacional,Guatemala Primera Division
179141017,Guatemala Liga Nacional,Guatemala Primera Division
179141063,Guatemala Liga Nacional,Guatemala Primera Division
179141065,Guatemala Liga Nacional,Guatemala Primera Division
179141021,Guatemala Liga Nacional,Guatemala Primera Division
179141023,Guatemala Liga Nacional,Guatemala Primera Division
179086994,Romania Liga 2,Romania Liga II
179768123,Romania Liga 2,Romania Liga II
179024729,nan,England League 1
179024741,nan,England League 1
179024748,nan,England League 1
179024750,nan,England League 1
179024752,nan,England League 1
179024756,nan,England League 1
179024758,nan,England League 1
179024760,nan,England League 1
179024764,nan,England League 1
179024768,nan,England League 1
219943,Estonia Women’s Meistriliiga,Estonia Meistriliiga Women
179087590,Estonia Women’s Meistriliiga,Estonia Meistriliiga Women
179087592,Estonia Women’s Meistriliiga,Estonia Meistriliiga Women
179087594,Estonia Women’s Meistriliiga,Estonia Meistriliiga Women
179141096,Guatemala Liga Nacional,Guatemala Primera Division
179141137,Guatemala Liga Nacional,Guatemala Primera Division
179024770,nan,England League 1
179141037,Guatemala Liga Nacional,Guatemala Primera Division
179141139,Guatemala Liga Nacional,Guatemala Primera Division
179141067,Guatemala Liga Nacional,Guatemala Primera Division
179466766,Romania Liga 2,Romania Liga II
179466099,Scotland Women Premier League,Scotland Premier League Women
179524509,Guatemala Liga Nacional,Guatemala Primera Division
179466742,Romania Liga 2,Romania Liga II
179466744,Romania Liga 2,Romania Liga II
179466746,Romania Liga 2,Romania Liga II
179466749,Romania Liga 2,Romania Liga II
179466759,Romania Liga 2,Romania Liga II
179962037,Romania Liga 2,Romania Liga II
179962040,Romania Liga 2,Romania Liga II
179962043,Romania Liga 2,Romania Liga II
179517186,Estonia Women’s Meistriliiga,Estonia Meistriliiga Women
179962046,Romania Liga 2,Romania Liga II
179456912,nan,England League 1
179456915,nan,England League 1
179466106,Scotland Women Premier League,Scotland Premier League Women
179517193,Estonia Women’s Meistriliiga,Estonia Meistriliiga Women
179456917,nan,England League 1
179456920,nan,England League 1
179456922,nan,England League 1
179456925,nan,England League 1
179456927,nan,England League 1
179456930,nan,England League 1
179456933,nan,England League 1
179456940,nan,England League 1
179456949,nan,England League 1
179456953,nan,England League 1
179517200,Estonia Women’s Meistriliiga,Estonia Meistriliiga Women
179524523,Guatemala Liga Nacional,Guatemala Primera Division
179524513,Guatemala Liga Nacional,Guatemala Primera Division
179524534,Guatemala Liga Nacional,Guatemala Primera Division
179524515,Guatemala Liga Nacional,Guatemala Primera Division
179466740,Romania Liga 2,Romania Liga II
179466101,Scotland Women Premier League,Scotland Premier League Women
179466104,Scotland Women Premier League,Scotland Premier League Women
179466109,Scotland Women Premier League,Scotland Premier League Women
179524517,Guatemala Liga Nacional,Guatemala Primera Division
179524527,Guatemala Liga Nacional,Guatemala Primera Division
179524519,Guatemala Liga Nacional,Guatemala Primera Division
179524529,Guatemala Liga Nacional,Guatemala Primera Division
179524553,Guatemala Liga Nacional,Guatemala Primera Division
179524561,Guatemala Liga Nacional,Guatemala Primera Division
179524521,Guatemala Liga Nacional,Guatemala Primera Division
179853315,Romania Liga 2,Romania Liga II
179853323,Romania Liga 2,Romania Liga II
180361202,Romania Liga 2,Romania Liga II
180361209,Romania Liga 2,Romania Liga II
180361217,Romania Liga 2,Romania Liga II
180361221,Romania Liga 2,Romania Liga II
179853313,Romania Liga 2,Romania Liga II
179853325,Romania Liga 2,Romania Liga II
179844783,nan,England League 1
179844785,nan,England League 1
179844787,nan,England League 1
179844791,nan,England League 1
179844793,nan,England League 1
179844795,nan,England League 1
179844798,nan,England League 1
179844800,nan,England League 1
179844806,nan,England League 1
179844812,nan,England League 1
179844821,nan,England League 1
179844829,nan,England League 1
179909691,Guatemala Liga Nacional,Guatemala Primera Division
179909693,Guatemala Liga Nacional,Guatemala Primera Division
179909757,Guatemala Liga Nacional,Guatemala Primera Division
179909695,Guatemala Liga Nacional,Guatemala Primera Division
179909759,Guatemala Liga Nacional,Guatemala Primera Division
179853321,Romania Liga 2,Romania Liga II
180519781,Romania Liga 2,Romania Liga II
179852519,Scotland Women Premier League,Scotland Premier League Women
179852515,Scotland Women Premier League,Scotland Premier League Women
179852517,Scotland Women Premier League,Scotland Premier League Women
179909761,Guatemala Liga Nacional,Guatemala Primera Division
179909739,Guatemala Liga Nacional,Guatemala Primera Division
179909697,Guatemala Liga Nacional,Guatemala Primera Division
179909753,Guatemala Liga Nacional,Guatemala Primera Division
179909766,Guatemala Liga Nacional,Guatemala Primera Division
179909699,Guatemala Liga Nacional,Guatemala Primera Division
179909701,Guatemala Liga Nacional,Guatemala Primera Division
180563501,Romania Liga 2,Romania Liga II
179909714,Guatemala Liga Nacional,Guatemala Primera Division
179909720,Guatemala Liga Nacional,Guatemala Primera Division
180718796,Israel Women Cup,Israel Cup Women
643528,Estonia Women’s Meistriliiga,Estonia Meistriliiga Women
675958,Estonia Women’s Meistriliiga,Estonia Meistriliiga Women
180233347,nan,England League 1
180233350,nan,England League 1
180233352,nan,England League 1
180233354,nan,England League 1
180233359,nan,England League 1
180233362,nan,England League 1
180233364,nan,England League 1
180233378,nan,England League 1
146798,Guatemala Liga Nacional,Guatemala Primera Division
336962,Guatemala Liga Nacional,Guatemala Primera Division
344209,Guatemala Liga Nacional,Guatemala Primera Division
495981,Guatemala Liga Nacional,Guatemala Primera Division
762379,Guatemala Liga Nacional,Guatemala Primera Division
268545,Scotland Women Premier League,Scotland Premier League Women
97383,Scotland Women Premier League,Scotland Premier League Women
180632606,Scotland Women Premier League,Scotland Premier League Women
180244828,Scotland Women Premier League,Scotland Premier League Women
595213,Guatemala Liga Nacional,Guatemala Primera Division
717077,Guatemala Liga Nacional,Guatemala Primera Division
149546,Guatemala Liga Nacional,Guatemala Primera Division
682188,Guatemala Liga Nacional,Guatemala Primera Division
180298351,Guatemala Liga Nacional,Guatemala Primera Division
180298343,Guatemala Liga Nacional,Guatemala Primera Division
180298345,Guatemala Liga Nacional,Guatemala Primera Division
180298347,Guatemala Liga Nacional,Guatemala Primera Division
180298353,Guatemala Liga Nacional,Guatemala Primera Division
181074826,Guatemala Liga Nacional,Guatemala Primera Division
180298355,Guatemala Liga Nacional,Guatemala Primera Division
180298349,Guatemala Liga Nacional,Guatemala Primera Division
180298357,Guatemala Liga Nacional,Guatemala Primera Division
180633325,Romania Liga 2,Romania Liga II
180991217,Romania Liga 2,Romania Liga II
180633296,Romania Liga 2,Romania Liga II
180686566,Guatemala Liga Nacional,Guatemala Primera Division
180686564,Guatemala Liga Nacional,Guatemala Primera Division
180633281,Romania Liga 2,Romania Liga II
180633305,Romania Liga 2,Romania Liga II
180633315,Romania Liga 2,Romania Liga II
180633330,Romania Liga 2,Romania Liga II
180633344,Romania Liga 2,Romania Liga II
180633346,Romania Liga 2,Romania Liga II
180681682,Estonia Women’s Meistriliiga,Estonia Meistriliiga Women
180633337,Romania Liga 2,Romania Liga II
180620695,nan,England League 1
180620698,nan,England League 1
180620706,nan,England League 1
180620713,nan,England League 1
180620715,nan,England League 1
180620717,nan,England League 1
180620719,nan,England League 1
180620722,nan,England League 1
180620724,nan,England League 1
180620726,nan,England League 1
180620728,nan,England League 1
180620730,nan,England League 1
181209560,Guatemala Liga Nacional,Guatemala Primera Division
180686573,Guatemala Liga Nacional,Guatemala Primera Division
180686581,Guatemala Liga Nacional,Guatemala Primera Division
181158374,Guatemala Liga Nacional,Guatemala Primera Division
180686583,Guatemala Liga Nacional,Guatemala Primera Division
180632588,Scotland Women Premier League,Scotland Premier League Women
180632591,Scotland Women Premier League,Scotland Premier League Women
180632595,Scotland Women Premier League,Scotland Premier League Women
180632600,Scotland Women Premier League,Scotland Premier League Women
180686585,Guatemala Liga Nacional,Guatemala Primera Division
180686587,Guatemala Liga Nacional,Guatemala Primera Division
180686589,Guatemala Liga Nacional,Guatemala Primera Division
181350324,Estonia Women’s Meistriliiga,Estonia Meistriliiga Women
180686591,Guatemala Liga Nacional,Guatemala Primera Division
180686593,Guatemala Liga Nacional,Guatemala Primera Division
180686595,Guatemala Liga Nacional,Guatemala Primera Division
180686597,Guatemala Liga Nacional,Guatemala Primera Division
181020943,Romania Liga 2,Romania Liga II
181019743,Swiss Cup,Switzerland Cup
181465769,Guatemala Liga Nacional,Guatemala Primera Division
181020920,Romania Liga 2,Romania Liga II
181020928,Romania Liga 2,Romania Liga II
181020938,Romania Liga 2,Romania Liga II
181020947,Romania Liga 2,Romania Liga II
181020949,Romania Liga 2,Romania Liga II
181020951,Romania Liga 2,Romania Liga II
181020953,Romania Liga 2,Romania Liga II
181020955,Romania Liga 2,Romania Liga II
181067833,Estonia Women’s Meistriliiga,Estonia Meistriliiga Women
181008085,nan,England League 1
181008087,nan,England League 1
181008089,nan,England League 1
181008091,nan,England League 1
181008093,nan,England League 1
181008098,nan,England League 1
181008101,nan,England League 1
181008103,nan,England League 1
181008110,nan,England League 1
181008115,nan,England League 1
181008118,nan,England League 1
181008124,nan,England League 1
181019781,Swiss Cup,Switzerland Cup
181019788,Swiss Cup,Switzerland Cup
181465779,Guatemala Liga Nacional,Guatemala Primera Division
181465784,Guatemala Liga Nacional,Guatemala Primera Division
181465786,Guatemala Liga Nacional,Guatemala Primera Division
181465855,Guatemala Liga Nacional,Guatemala Primera Division
181020930,Romania Liga 2,Romania Liga II
181067837,Estonia Women’s Meistriliiga,Estonia Meistriliiga Women
181019790,Swiss Cup,Switzerland Cup
181020026,Scotland Women Premier League,Scotland Premier League Women
181020035,Scotland Women Premier League,Scotland Premier League Women
181020028,Scotland Women Premier League,Scotland Premier League Women
181019792,Swiss Cup,Switzerland Cup
181019794,Swiss Cup,Switzerland Cup
181019796,Swiss Cup,Switzerland Cup
181020030,Scotland Women Premier League,Scotland Premier League Women
181020037,Scotland Women Premier League,Scotland Premier League Women
181465819,Guatemala Liga Nacional,Guatemala Primera Division
181465860,Guatemala Liga Nacional,Guatemala Primera Division
181465788,Guatemala Liga Nacional,Guatemala Primera Division
181465868,Guatemala Liga Nacional,Guatemala Primera Division
181558021,Guatemala Liga Nacional,Guatemala Primera Division
181618364,Guatemala Liga Nacional,Guatemala Primera Division
181719575,Guatemala Liga Nacional,Guatemala Primera Division
181465790,Guatemala Liga Nacional,Guatemala Primera Division
181020945,Romania Liga 2,Romania Liga II
181414851,Estonia Women’s Meistriliiga,Estonia Meistriliiga Women
161482,Guatemala Liga Nacional,Guatemala Primera Division
181465792,Guatemala Liga Nacional,Guatemala Primera Division
181862791,Guatemala Liga Nacional,Guatemala Primera Division
181411687,Romania Liga 2,Romania Liga II
181411689,Romania Liga 2,Romania Liga II
181411691,Romania Liga 2,Romania Liga II
181411693,Romania Liga 2,Romania Liga II
181411700,Romania Liga 2,Romania Liga II
181411706,Romania Liga 2,Romania Liga II
181411713,Romania Liga 2,Romania Liga II
181411715,Romania Liga 2,Romania Liga II
181131794,nan,England League 1
181131796,nan,England League 1
181131798,nan,England League 1
181131800,nan,England League 1
181131802,nan,England League 1
181131804,nan,England League 1
181131806,nan,England League 1
181131808,nan,England League 1
181131810,nan,England League 1
181131816,nan,England League 1
181131819,nan,England League 1
181131824,nan,England League 1
181862735,Guatemala Liga Nacional,Guatemala Primera Division
181465794,Guatemala Liga Nacional,Guatemala Primera Division
181465796,Guatemala Liga Nacional,Guatemala Primera Division
181862743,Guatemala Liga Nacional,Guatemala Primera Division
181862749,Guatemala Liga Nacional,Guatemala Primera Division
181862807,Guatemala Liga Nacional,Guatemala Primera Division
181411697,Romania Liga 2,Romania Liga II
181405076,Scotland Women Premier League,Scotland Premier League Women
181405084,Scotland Women Premier League,Scotland Premier League Women
181405080,Scotland Women Premier League,Scotland Premier League Women
181405082,Scotland Women Premier League,Scotland Premier League Women
181405086,Scotland Women Premier League,Scotland Premier League Women
181862751,Guatemala Liga Nacional,Guatemala Primera Division
181465798,Guatemala Liga Nacional,Guatemala Primera Division
181862803,Guatemala Liga Nacional,Guatemala Primera Division
181862805,Guatemala Liga Nacional,Guatemala Primera Division
181465800,Guatemala Liga Nacional,Guatemala Primera Division
181465806,Guatemala Liga Nacional,Guatemala Primera Division
182139438,Romania Liga 2,Romania Liga II
182059949,nan,England League 1
182059952,nan,England League 1
181862809,Guatemala Liga Nacional,Guatemala Primera Division
181862812,Guatemala Liga Nacional,Guatemala Primera Division
181799886,Scotland Women Premier League,Scotland Premier League Women
181862753,Guatemala Liga Nacional,Guatemala Primera Division
181862755,Guatemala Liga Nacional,Guatemala Primera Division
181862757,Guatemala Liga Nacional,Guatemala Primera Division
181862814,Guatemala Liga Nacional,Guatemala Primera Division
181862759,Guatemala Liga Nacional,Guatemala Primera Division
181862818,Guatemala Liga Nacional,Guatemala Primera Division
181797906,nan,England League 1
181807167,Romania Liga 2,Romania Liga II
181807116,Romania Liga 2,Romania Liga II
181807124,Romania Liga 2,Romania Liga II
181807139,Romania Liga 2,Romania Liga II
181807157,Romania Liga 2,Romania Liga II
181807171,Romania Liga 2,Romania Liga II
181807173,Romania Liga 2,Romania Liga II
181807175,Romania Liga 2,Romania Liga II
181807131,Romania Liga 2,Romania Liga II
181797908,nan,England League 1
181797910,nan,England League 1
181797912,nan,England League 1
181797914,nan,England League 1
181797916,nan,England League 1
181797918,nan,England League 1
181797924,nan,England League 1
181797928,nan,England League 1
181797932,nan,England League 1
181797939,nan,England League 1
181797944,nan,England League 1
181862698,Guatemala Liga Nacional,Guatemala Primera Division
181862820,Guatemala Liga Nacional,Guatemala Primera Division
181862702,Guatemala Liga Nacional,Guatemala Primera Division
181862706,Guatemala Liga Nacional,Guatemala Primera Division
181862764,Guatemala Liga Nacional,Guatemala Primera Division
181807127,Romania Liga 2,Romania Liga II
181862711,Guatemala Liga Nacional,Guatemala Primera Division
182396004,Guatemala Liga Nacional,Guatemala Primera Division
181862718,Guatemala Liga Nacional,Guatemala Primera Division
181862827,Guatemala Liga Nacional,Guatemala Primera Division
181862833,Guatemala Liga Nacional,Guatemala Primera Division
181862727,Guatemala Liga Nacional,Guatemala Primera Division
181807150,Romania Liga 2,Romania Liga II
182530795,Guatemala Liga Nacional,Guatemala Primera Division
182530800,Guatemala Liga Nacional,Guatemala Primera Division
182632502,Estonia Women’s Meistriliiga,Estonia Meistriliiga Women
182686011,Estonia Women’s Meistriliiga,Estonia Meistriliiga Women
182205046,nan,England League 1
182205048,nan,England League 1
182205054,nan,England League 1
182205056,nan,England League 1
182205060,nan,England League 1
182205071,nan,England League 1
182205073,nan,England League 1
182735516,Guatemala Liga Nacional,Guatemala Primera Division
182530804,Guatemala Liga Nacional,Guatemala Primera Division
182746768,Guatemala Liga Nacional,Guatemala Primera Division
182530813,Guatemala Liga Nacional,Guatemala Primera Division
182748569,Guatemala Liga Nacional,Guatemala Primera Division
182256581,Scotland Women Premier League,Scotland Premier League Women
182256583,Scotland Women Premier League,Scotland Premier League Women
182256585,Scotland Women Premier League,Scotland Premier League Women
182256588,Scotland Women Premier League,Scotland Premier League Women
182530811,Guatemala Liga Nacional,Guatemala Primera Division
182773586,Guatemala Liga Nacional,Guatemala Primera Division
182773574,Guatemala Liga Nacional,Guatemala Primera Division
182530815,Guatemala Liga Nacional,Guatemala Primera Division
182773580,Guatemala Liga Nacional,Guatemala Primera Division
182773593,Guatemala Liga Nacional,Guatemala Primera Division
182530817,Guatemala Liga Nacional,Guatemala Primera Division
182530819,Guatemala Liga Nacional,Guatemala Primera Division
182773583,Guatemala Liga Nacional,Guatemala Primera Division
182937175,Estonia Women’s Meistriliiga,Estonia Meistriliiga Women
183057993,Israel Women Cup,Israel Cup Women
183058007,Guatemala Liga Nacional,Guatemala Primera Division
182964949,Guatemala Liga Nacional,Guatemala Primera Division
182964958,Guatemala Liga Nacional,Guatemala Primera Division
182964960,Guatemala Liga Nacional,Guatemala Primera Division
182964962,Guatemala Liga Nacional,Guatemala Primera Division
183058336,Guatemala Liga Nacional,Guatemala Primera Division
182964947,Guatemala Liga Nacional,Guatemala Primera Division
182964964,Guatemala Liga Nacional,Guatemala Primera Division
182657157,nan,England League 1
182257449,Romania Liga 2,Romania Liga II
182653065,Guatemala Liga Nacional,Guatemala Primera Division
182257419,Romania Liga 2,Romania Liga II
182257421,Romania Liga 2,Romania Liga II
182257427,Romania Liga 2,Romania Liga II
182257441,Romania Liga 2,Romania Liga II
182257443,Romania Liga 2,Romania Liga II
182257447,Romania Liga 2,Romania Liga II
182257455,Romania Liga 2,Romania Liga II
182257457,Romania Liga 2,Romania Liga II
182257423,Romania Liga 2,Romania Liga II
182999999,Estonia Women’s Meistriliiga,Estonia Meistriliiga Women
183000001,Estonia Women’s Meistriliiga,Estonia Meistriliiga Women
182657162,nan,England League 1
182657165,nan,England League 1
182657167,nan,England League 1
182657169,nan,England League 1
182657171,nan,England League 1
182657173,nan,England League 1
182657175,nan,England League 1
182657177,nan,England League 1
182657179,nan,England League 1
182657181,nan,England League 1
182657187,nan,England League 1
182653060,Guatemala Liga Nacional,Guatemala Primera Division
182653063,Guatemala Liga Nacional,Guatemala Primera Division
183131945,Guatemala Liga Nacional,Guatemala Primera Division
183131939,Guatemala Liga Nacional,Guatemala Primera Division
183262973,Guatemala Liga Nacional,Guatemala Primera Division
182257425,Romania Liga 2,Romania Liga II
182659067,Scotland Women Premier League,Scotland Premier League Women
182659071,Scotland Women Premier League,Scotland Premier League Women
182659075,Scotland Women Premier League,Scotland Premier League Women
182659069,Scotland Women Premier League,Scotland Premier League Women
182659082,Scotland Women Premier League,Scotland Premier League Women
183194096,Guatemala Liga Nacional,Guatemala Primera Division
183194094,Guatemala Liga Nacional,Guatemala Primera Division
182653067,Guatemala Liga Nacional,Guatemala Primera Division
183194101,Guatemala Liga Nacional,Guatemala Primera Division
182653069,Guatemala Liga Nacional,Guatemala Primera Division
182653071,Guatemala Liga Nacional,Guatemala Primera Division
182657190,nan,England League 1
183053489,Guatemala Liga Nacional,Guatemala Primera Division
183053496,Guatemala Liga Nacional,Guatemala Primera Division
182939591,nan,England League 1
182989473,Romania Liga 2,Romania Liga II
182989475,Romania Liga 2,Romania Liga II
182989477,Romania Liga 2,Romania Liga II
182989479,Romania Liga 2,Romania Liga II
182989481,Romania Liga 2,Romania Liga II
182989485,Romania Liga 2,Romania Liga II
182989487,Romania Liga 2,Romania Liga II
182989493,Romania Liga 2,Romania Liga II
182989501,Romania Liga 2,Romania Liga II
182989469,Romania Liga 2,Romania Liga II
182939593,nan,England League 1
182939599,nan,England League 1
182939602,nan,England League 1
182939607,nan,England League 1
182939615,nan,England League 1
182939621,nan,England League 1
182939630,nan,England League 1
182939640,nan,England League 1
182939645,nan,England League 1
182939647,nan,England League 1
183053511,Guatemala Liga Nacional,Guatemala Primera Division
183053522,Guatemala Liga Nacional,Guatemala Primera Division
183053527,Guatemala Liga Nacional,Guatemala Primera Division
183053531,Guatemala Liga Nacional,Guatemala Primera Division
182989491,Romania Liga 2,Romania Liga II
183542437,Guatemala Liga Nacional,Guatemala Primera Division
183573126,Guatemala Liga Nacional,Guatemala Primera Division
183573129,Guatemala Liga Nacional,Guatemala Primera Division
183649936,Guatemala Liga Nacional,Guatemala Primera Division
183589922,Spanish Copa de Catalunya Women,Spain Copa de Catalunya Women
183053533,Guatemala Liga Nacional,Guatemala Primera Division
183053535,Guatemala Liga Nacional,Guatemala Primera Division
182939649,nan,England League 1
182939651,nan,England League 1
183169322,nan,England League 1
183896651,Guatemala Liga Nacional,Guatemala Primera Division
183393545,Romania Liga 2,Romania Liga II
183389059,Scotland Women Premier League,Scotland Premier League Women
183393519,Romania Liga 2,Romania Liga II
183393521,Romania Liga 2,Romania Liga II
183393524,Romania Liga 2,Romania Liga II
183393535,Romania Liga 2,Romania Liga II
183393540,Romania Liga 2,Romania Liga II
183393551,Romania Liga 2,Romania Liga II
183393517,Romania Liga 2,Romania Liga II
183398956,Estonia Women’s Meistriliiga,Estonia Meistriliiga Women
183398965,Estonia Women’s Meistriliiga,Estonia Meistriliiga Women
183445817,Guatemala Liga Nacional,Guatemala Primera Division
183445820,Guatemala Liga Nacional,Guatemala Primera Division
183445822,Guatemala Liga Nacional,Guatemala Primera Division
183965036,Guatemala Liga Nacional,Guatemala Primera Division
183393560,Romania Liga 2,Romania Liga II
183393563,Romania Liga 2,Romania Liga II
183389061,Scotland Women Premier League,Scotland Premier League Women
183389064,Scotland Women Premier League,Scotland Premier League Women
183389067,Scotland Women Premier League,Scotland Premier League Women
183389070,Scotland Women Premier League,Scotland Premier League Women
183445824,Guatemala Liga Nacional,Guatemala Primera Division
184039906,Guatemala Liga Nacional,Guatemala Primera Division
184039908,Guatemala Liga Nacional,Guatemala Primera Division
183445826,Guatemala Liga Nacional,Guatemala Primera Division
183445828,Guatemala Liga Nacional,Guatemala Primera Division
183393529,Romania Liga 2,Romania Liga II
183169330,nan,England League 1
183398976,Estonia Women’s Meistriliiga,Estonia Meistriliiga Women
183445830,Guatemala Liga Nacional,Guatemala Primera Division
183445832,Guatemala Liga Nacional,Guatemala Primera Division
183445836,Guatemala Liga Nacional,Guatemala Primera Division
446236,Guatemala Liga Nacional,Guatemala Primera Division
183445839,Guatemala Liga Nacional,Guatemala Primera Division
183595909,nan,England League 1
184265535,Guatemala Liga Nacional,Guatemala Primera Division
183445844,Guatemala Liga Nacional,Guatemala Primera Division
183445851,Guatemala Liga Nacional,Guatemala Primera Division
184265542,Guatemala Liga Nacional,Guatemala Primera Division
183791941,Romania Liga 2,Romania Liga II
183791949,Romania Liga 2,Romania Liga II
183791955,Romania Liga 2,Romania Liga II
183791957,Romania Liga 2,Romania Liga II
183791959,Romania Liga 2,Romania Liga II
183791963,Romania Liga 2,Romania Liga II
183791965,Romania Liga 2,Romania Liga II
183791967,Romania Liga 2,Romania Liga II
183791947,Romania Liga 2,Romania Liga II
183595915,nan,England League 1
183595925,nan,England League 1
183595936,nan,England League 1
183595944,nan,England League 1
183595951,nan,England League 1
183595956,nan,England League 1
183595958,nan,England League 1
183595963,nan,England League 1
183595969,nan,England League 1
183595971,nan,England League 1
183595977,nan,England League 1
183843391,Guatemala Liga Nacional,Guatemala Primera Division
183843393,Guatemala Liga Nacional,Guatemala Primera Division
390336,Guatemala Liga Nacional,Guatemala Primera Division
183843395,Guatemala Liga Nacional,Guatemala Primera Division
183843397,Guatemala Liga Nacional,Guatemala Primera Division
184480855,Guatemala Liga Nacional,Guatemala Primera Division
183843399,Guatemala Liga Nacional,Guatemala Primera Division
183843401,Guatemala Liga Nacional,Guatemala Primera Division
183791961,Romania Liga 2,Romania Liga II
183791945,Romania Liga 2,Romania Liga II
183843403,Guatemala Liga Nacional,Guatemala Primera Division
184175176,Scotland Women Premier League,Scotland Premier League Women
184173284,nan,England League 1
184173286,nan,England League 1
184173288,nan,England League 1
184173291,nan,England League 1
184173299,nan,England League 1
184228666,Guatemala Liga Nacional,Guatemala Primera Division
184228675,Guatemala Liga Nacional,Guatemala Primera Division
184773612,Guatemala Liga Nacional,Guatemala Primera Division
184175191,Scotland Women Premier League,Scotland Premier League Women
184175201,Scotland Women Premier League,Scotland Premier League Women
184175187,Scotland Women Premier League,Scotland Premier League Women
184175203,Scotland Women Premier League,Scotland Premier League Women
184228682,Guatemala Liga Nacional,Guatemala Primera Division
184228693,Guatemala Liga Nacional,Guatemala Primera Division
184827458,Guatemala Liga Nacional,Guatemala Primera Division
184228700,Guatemala Liga Nacional,Guatemala Primera Division
184574134,Romania Liga 2,Romania Liga II
184564046,nan,England League 1
184629560,Guatemala Liga Nacional,Guatemala Primera Division
184574126,Romania Liga 2,Romania Liga II
184574136,Romania Liga 2,Romania Liga II
184574143,Romania Liga 2,Romania Liga II
184574150,Romania Liga 2,Romania Liga II
184574152,Romania Liga 2,Romania Liga II
184574154,Romania Liga 2,Romania Liga II
184574159,Romania Liga 2,Romania Liga II
184574140,Romania Liga 2,Romania Liga II
184564050,nan,England League 1
184564052,nan,England League 1
184564055,nan,England League 1
184564058,nan,England League 1
184564065,nan,England League 1
184564067,nan,England League 1
184564073,nan,England League 1
184564076,nan,England League 1
184564078,nan,England League 1
184564083,nan,England League 1
184629550,Guatemala Liga Nacional,Guatemala Primera Division
184629556,Guatemala Liga Nacional,Guatemala Primera Division
184629558,Guatemala Liga Nacional,Guatemala Primera Division
185204401,Guatemala Liga Nacional,Guatemala Primera Division
184574121,Romania Liga 2,Romania Liga II
184566283,Scotland Women Premier League,Scotland Premier League Women
184566288,Scotland Women Premier League,Scotland Premier League Women
184566293,Scotland Women Premier League,Scotland Premier League Women
184566296,Scotland Women Premier League,Scotland Premier League Women
184566303,Scotland Women Premier League,Scotland Premier League Women
185136453,Guatemala Liga Nacional,Guatemala Primera Division
184629562,Guatemala Liga Nacional,Guatemala Primera Division
184629564,Guatemala Liga Nacional,Guatemala Primera Division
184574156,Romania Liga 2,Romania Liga II
184564085,nan,England League 1
184564087,nan,England League 1
102849,Spanish Copa de Catalunya Women,Spain Copa de Catalunya Women
185448604,Spanish Copa de Catalunya Women,Spain Copa de Catalunya Women
184629566,Guatemala Liga Nacional,Guatemala Primera Division
185351609,Spanish Copa de Catalunya Women,Spain Copa de Catalunya Women
184956467,Romania Liga 2,Romania Liga II
184956469,Romania Liga 2,Romania Liga II
184956471,Romania Liga 2,Romania Liga II
184956480,Romania Liga 2,Romania Liga II
184956485,Romania Liga 2,Romania Liga II
184956489,Romania Liga 2,Romania Liga II
184956495,Romania Liga 2,Romania Liga II
184956499,Romania Liga 2,Romania Liga II
184956504,Romania Liga 2,Romania Liga II
184907602,nan,England League 1
184907604,nan,England League 1
184907609,nan,England League 1
184907611,nan,England League 1
184907613,nan,England League 1
184907615,nan,England League 1
184907617,nan,England League 1
184907619,nan,England League 1
184907621,nan,England League 1
184907623,nan,England League 1
184907630,nan,England League 1
184907638,nan,England League 1
184956506,Romania Liga 2,Romania Liga II
185013054,Guatemala Liga Nacional,Guatemala Primera Division
185013058,Guatemala Liga Nacional,Guatemala Primera Division
185013061,Guatemala Liga Nacional,Guatemala Primera Division
185013064,Guatemala Liga Nacional,Guatemala Primera Division
185013066,Guatemala Liga Nacional,Guatemala Primera Division
185013071,Guatemala Liga Nacional,Guatemala Primera Division
185596875,Guatemala Liga Nacional,Guatemala Primera Division
184956508,Romania Liga 2,Romania Liga II
185658192,Swiss Cup,Switzerland Cup
185658196,Swiss Cup,Switzerland Cup
185658183,Swiss Cup,Switzerland Cup
185356634,nan,England League 1
185712235,Swiss Cup,Switzerland Cup
185712237,Swiss Cup,Switzerland Cup
185711748,Swiss Cup,Switzerland Cup
185711746,Swiss Cup,Switzerland Cup
185765819,Romania Liga 2,Romania Liga II
185794077,Romania Liga 2,Romania Liga II
185794080,Romania Liga 2,Romania Liga II
185794083,Romania Liga 2,Romania Liga II
185794085,Romania Liga 2,Romania Liga II
185794091,Romania Liga 2,Romania Liga II
185794094,Romania Liga 2,Romania Liga II
185356637,nan,England League 1
185356647,nan,England League 1
185794096,Romania Liga 2,Romania Liga II
185769553,Guatemala Liga Nacional,Guatemala Primera Division
185769545,Guatemala Liga Nacional,Guatemala Primera Division
185794098,Romania Liga 2,Romania Liga II
185794100,Romania Liga 2,Romania Liga II
185794103,Romania Liga 2,Romania Liga II
185932777,Guatemala Liga Nacional,Guatemala Primera Division
185796747,Guatemala Liga Nacional,Guatemala Primera Division
185796752,Guatemala Liga Nacional,Guatemala Primera Division
185356649,nan,England League 1
185356651,nan,England League 1
185356653,nan,England League 1
185356669,nan,England League 1
185356680,nan,England League 1
185356689,nan,England League 1
185356700,nan,England League 1
185356702,nan,England League 1
185356704,nan,England League 1
185356706,nan,England League 1
185796759,Guatemala Liga Nacional,Guatemala Primera Division
185796768,Guatemala Liga Nacional,Guatemala Primera Division
185796761,Guatemala Liga Nacional,Guatemala Primera Division
185796755,Guatemala Liga Nacional,Guatemala Primera Division
185794157,Romania Liga 2,Romania Liga II
185794110,Romania Liga 2,Romania Liga II
185794124,Romania Liga 2,Romania Liga II
185794128,Romania Liga 2,Romania Liga II
185794131,Romania Liga 2,Romania Liga II
185794133,Romania Liga 2,Romania Liga II
185794140,Romania Liga 2,Romania Liga II
185794151,Romania Liga 2,Romania Liga II
185794159,Romania Liga 2,Romania Liga II
185794146,Romania Liga 2,Romania Liga II
185870164,nan,England League 1
185870171,nan,England League 1
185870175,nan,England League 1
185870179,nan,England League 1
185870183,nan,England League 1
185870186,nan,England League 1
185870194,nan,England League 1
185870201,nan,England League 1
185870208,nan,England League 1
185870214,nan,England League 1
185870219,nan,England League 1
185870224,nan,England League 1
185794105,Romania Liga 2,Romania Liga II
185792062,Scotland Women Premier League,Scotland Premier League Women
185792071,Scotland Women Premier League,Scotland Premier League Women
185792073,Scotland Women Premier League,Scotland Premier League Women
185792075,Scotland Women Premier League,Scotland Premier League Women
186317504,Guatemala Liga Nacional,Guatemala Primera Division
186317506,Guatemala Liga Nacional,Guatemala Primera Division
186474283,Guatemala Liga Nacional,Guatemala Primera Division
185870230,nan,England League 1
186476620,Guatemala Liga Nacional,Guatemala Primera Division
185870236,nan,England League 1
186071682,nan,England League 1
186071684,nan,England League 1
186071686,nan,England League 1
186071697,nan,England League 1
186071705,nan,England League 1
186071708,nan,England League 1
186071712,nan,England League 1
186071715,nan,England League 1
186071718,nan,England League 1
186071724,nan,England League 1
185884323,Scotland Women Premier League,Scotland Premier League Women
185884327,Scotland Women Premier League,Scotland Premier League Women
185884330,Scotland Women Premier League,Scotland Premier League Women
185884396,Scotland Women Premier League,Scotland Premier League Women
185884333,Scotland Women Premier League,Scotland Premier League Women
186733610,Guatemala Liga Nacional,Guatemala Primera Division
186496929,nan,England League 1
186496932,nan,England League 1
186496936,nan,England League 1
186496940,nan,England League 1
186496942,nan,England League 1
186496944,nan,England League 1
186496950,nan,England League 1
186496953,nan,England League 1
186496955,nan,England League 1
186496957,nan,England League 1
186496959,nan,England League 1
186496961,nan,England League 1
186939885,Guatemala Liga Nacional,Guatemala Primera Division
186496963,nan,England League 1
186496965,nan,England League 1
186496967,nan,England League 1
186496973,nan,England League 1
186496981,nan,England League 1
186496991,nan,England League 1
186496996,nan,England League 1
186497005,nan,England League 1
186497009,nan,England League 1
186497016,nan,England League 1
186497019,nan,England League 1
186497021,nan,England League 1
186497023,nan,England League 1
186497025,nan,England League 1
186497027,nan,England League 1
186497029,nan,England League 1
186497031,nan,England League 1
186497033,nan,England League 1
186497040,nan,England League 1
186497046,nan,England League 1
186497051,nan,England League 1
186497057,nan,England League 1
186497061,nan,England League 1
186497065,nan,England League 1
186823302,nan,England League 1
186823304,nan,England League 1
186823306,nan,England League 1
186823311,nan,England League 1
186823329,nan,England League 1
186823334,nan,England League 1
186823344,nan,England League 1
186823357,nan,England League 1
187177691,nan,England League 1
187177693,nan,England League 1
187177713,nan,England League 1
187177719,nan,England League 1
187594523,nan,England League 1
187594531,nan,England League 1
187594538,nan,England League 1
187594542,nan,England League 1
187594544,nan,England League 1
187594546,nan,England League 1
187594549,nan,England League 1
187594551,nan,England League 1
187594553,nan,England League 1
187594555,nan,England League 1
187594557,nan,England League 1
187594561,nan,England League 1
188096904,Guatemala Liga Nacional,Guatemala Primera Division
188096906,Guatemala Liga Nacional,Guatemala Primera Division
188096908,Guatemala Liga Nacional,Guatemala Primera Division
188112222,Guatemala Liga Nacional,Guatemala Primera Division
187596213,Scotland Women Premier League,Scotland Premier League Women
187596208,Scotland Women Premier League,Scotland Premier League Women
187596225,Scotland Women Premier League,Scotland Premier League Women
188069648,Guatemala Liga Nacional,Guatemala Primera Division
188069639,Guatemala Liga Nacional,Guatemala Primera Division
188069655,Guatemala Liga Nacional,Guatemala Primera Division
188069660,Guatemala Liga Nacional,Guatemala Primera Division
188178683,Guatemala Liga Nacional,Guatemala Primera Division
187594567,nan,England League 1
188038263,Guatemala Liga Nacional,Guatemala Primera Division
188038268,Guatemala Liga Nacional,Guatemala Primera Division
188038272,Guatemala Liga Nacional,Guatemala Primera Division
188038278,Guatemala Liga Nacional,Guatemala Primera Division
187977546,nan,England League 1
188038283,Guatemala Liga Nacional,Guatemala Primera Division
188038281,Guatemala Liga Nacional,Guatemala Primera Division
187977549,nan,England League 1
187977554,nan,England League 1
187977558,nan,England League 1
187977561,nan,England League 1
187977563,nan,England League 1
187977565,nan,England League 1
187977567,nan,England League 1
187977569,nan,England League 1
187977571,nan,England League 1
187977573,nan,England League 1
187977577,nan,England League 1
188455977,Guatemala Liga Nacional,Guatemala Primera Division
188038285,Guatemala Liga Nacional,Guatemala Primera Division
188038287,Guatemala Liga Nacional,Guatemala Primera Division
187979592,Scotland Women Premier League,Scotland Premier League Women
187979598,Scotland Women Premier League,Scotland Premier League Women
187979609,Scotland Women Premier League,Scotland Premier League Women
187979615,Scotland Women Premier League,Scotland Premier League Women
188038289,Guatemala Liga Nacional,Guatemala Primera Division
188555275,Guatemala Liga Nacional,Guatemala Primera Division
188038291,Guatemala Liga Nacional,Guatemala Primera Division
188555280,Guatemala Liga Nacional,Guatemala Primera Division
188555284,Guatemala Liga Nacional,Guatemala Primera Division
188038295,Guatemala Liga Nacional,Guatemala Primera Division
188455979,Guatemala Liga Nacional,Guatemala Primera Division
188038300,Guatemala Liga Nacional,Guatemala Primera Division
188663067,Israel Women Cup,Israel Cup Women
188663077,Israel Women Cup,Israel Cup Women
421038,Israel Women Cup,Israel Cup Women
187977580,nan,England League 1
187977584,nan,England League 1
187977589,nan,England League 1
187977593,nan,England League 1
187977597,nan,England League 1
187977602,nan,England League 1
187977608,nan,England League 1
187977610,nan,England League 1
187977612,nan,England League 1
187977614,nan,England League 1
187977617,nan,England League 1
188038305,Guatemala Liga Nacional,Guatemala Primera Division
188720019,Guatemala Liga Nacional,Guatemala Primera Division
188720030,Guatemala Liga Nacional,Guatemala Primera Division
188363156,Scotland Women Premier League,Scotland Premier League Women
188038309,Guatemala Liga Nacional,Guatemala Primera Division
188038313,Guatemala Liga Nacional,Guatemala Primera Division
188038318,Guatemala Liga Nacional,Guatemala Primera Division
188720014,Guatemala Liga Nacional,Guatemala Primera Division
188720022,Guatemala Liga Nacional,Guatemala Primera Division
188769106,Guatemala Liga Nacional,Guatemala Primera Division
188720024,Guatemala Liga Nacional,Guatemala Primera Division
188720034,Guatemala Liga Nacional,Guatemala Primera Division
188038322,Guatemala Liga Nacional,Guatemala Primera Division
188038324,Guatemala Liga Nacional,Guatemala Primera Division
188720026,Guatemala Liga Nacional,Guatemala Primera Division
188361193,nan,England League 1
188361198,nan,England League 1
188361202,nan,England League 1
188361204,nan,England League 1
188361206,nan,England League 1
188361208,nan,England League 1
188361210,nan,England League 1
188361212,nan,England League 1
188361215,nan,England League 1
188361217,nan,England League 1
188361221,nan,England League 1
188361226,nan,England League 1
188371129,Guatemala Liga Nacional,Guatemala Primera Division
188786081,Guatemala Liga Nacional,Guatemala Primera Division
188371131,Guatemala Liga Nacional,Guatemala Primera Division
188371133,Guatemala Liga Nacional,Guatemala Primera Division
188371135,Guatemala Liga Nacional,Guatemala Primera Division
188363158,Scotland Women Premier League,Scotland Premier League Women
188371138,Guatemala Liga Nacional,Guatemala Primera Division
188916969,Guatemala Liga Nacional,Guatemala Primera Division
188946659,Guatemala Liga Nacional,Guatemala Primera Division
188946673,Guatemala Liga Nacional,Guatemala Primera Division
188992023,Guatemala Liga Nacional,Guatemala Primera Division
188371144,Guatemala Liga Nacional,Guatemala Primera Division
189068363,Swiss Cup,Switzerland Cup
188995962,nan,England League 1
189068365,Swiss Cup,Switzerland Cup
188361236,nan,England League 1
188995967,nan,England League 1
189068367,Swiss Cup,Switzerland Cup
189068369,Swiss Cup,Switzerland Cup
189101031,Spanish Copa de Catalunya Women,Spain Copa de Catalunya Women
188808302,Guatemala Liga Nacional,Guatemala Primera Division
188741253,nan,England League 1
188741255,nan,England League 1
188741260,nan,England League 1
188741267,nan,England League 1
188741274,nan,England League 1
188741279,nan,England League 1
188741282,nan,England League 1
188741288,nan,England League 1
188741293,nan,England League 1
188741297,nan,England League 1
188741299,nan,England League 1
188741301,nan,England League 1
188808306,Guatemala Liga Nacional,Guatemala Primera Division
188808311,Guatemala Liga Nacional,Guatemala Primera Division
107353,Guatemala Liga Nacional,Guatemala Primera Division
188808315,Guatemala Liga Nacional,Guatemala Primera Division
189247930,Guatemala Liga Nacional,Guatemala Primera Division
189283480,Guatemala Liga Nacional,Guatemala Primera Division
188750724,Scotland Women Premier League,Scotland Premier League Women
188750730,Scotland Women Premier League,Scotland Premier League Women
188750734,Scotland Women Premier League,Scotland Premier League Women
188750740,Scotland Women Premier League,Scotland Premier League Women
188750745,Scotland Women Premier League,Scotland Premier League Women
680658,Guatemala Liga Nacional,Guatemala Primera Division
131526,Guatemala Liga Nacional,Guatemala Primera Division
326555,Guatemala Liga Nacional,Guatemala Primera Division
188808317,Guatemala Liga Nacional,Guatemala Primera Division
80681,Guatemala Liga Nacional,Guatemala Primera Division
188808319,Guatemala Liga Nacional,Guatemala Primera Division
188741305,nan,England League 1
188741309,nan,England League 1
189555114,Spanish Copa de Catalunya Women,Spain Copa de Catalunya Women
189462414,Guatemala Liga Nacional,Guatemala Primera Division
189462417,Guatemala Liga Nacional,Guatemala Primera Division
189462419,Guatemala Liga Nacional,Guatemala Primera Division
189462406,Guatemala Liga Nacional,Guatemala Primera Division
189462421,Guatemala Liga Nacional,Guatemala Primera Division
189485164,Guatemala Liga Nacional,Guatemala Primera Division
189540234,Guatemala Liga Nacional,Guatemala Primera Division
189124938,nan,England League 1
189124944,nan,England League 1
189124947,nan,England League 1
189124950,nan,England League 1
189124952,nan,England League 1
189124954,nan,England League 1
189124958,nan,England League 1
189124960,nan,England League 1
189188617,Guatemala Liga Nacional,Guatemala Primera Division
189188619,Guatemala Liga Nacional,Guatemala Primera Division
189694907,Guatemala Liga Nacional,Guatemala Primera Division
189188621,Guatemala Liga Nacional,Guatemala Primera Division
189188626,Guatemala Liga Nacional,Guatemala Primera Division
189712591,Guatemala Liga Nacional,Guatemala Primera Division
189712605,Guatemala Liga Nacional,Guatemala Primera Division
189712593,Guatemala Liga Nacional,Guatemala Primera Division
189188634,Guatemala Liga Nacional,Guatemala Primera Division
189712613,Guatemala Liga Nacional,Guatemala Primera Division
189712618,Guatemala Liga Nacional,Guatemala Primera Division
189712596,Guatemala Liga Nacional,Guatemala Primera Division
189188645,Guatemala Liga Nacional,Guatemala Primera Division
189124962,nan,England League 1
189124964,nan,England League 1
189124968,nan,England League 1
189124971,nan,England League 1
189124975,nan,England League 1
189124979,nan,England League 1
189124981,nan,England League 1
189124983,nan,England League 1
189124990,nan,England League 1
189124993,nan,England League 1
189124995,nan,England League 1
189188653,Guatemala Liga Nacional,Guatemala Primera Division
189124997,nan,England League 1
189188662,Guatemala Liga Nacional,Guatemala Primera Division
189188672,Guatemala Liga Nacional,Guatemala Primera Division
189938803,Guatemala Liga Nacional,Guatemala Primera Division
189188679,Guatemala Liga Nacional,Guatemala Primera Division
189519829,Romania Liga 2,Romania Liga II
189188684,Guatemala Liga Nacional,Guatemala Primera Division
189188688,Guatemala Liga Nacional,Guatemala Primera Division
189519840,Romania Liga 2,Romania Liga II
189519843,Romania Liga 2,Romania Liga II
189519845,Romania Liga 2,Romania Liga II
189519847,Romania Liga 2,Romania Liga II
189519850,Romania Liga 2,Romania Liga II
189519854,Romania Liga 2,Romania Liga II
189510247,nan,England League 1
189510253,nan,England League 1
189510261,nan,England League 1
189519833,Romania Liga 2,Romania Liga II
189510266,nan,England League 1
189510273,nan,England League 1
189510277,nan,England League 1
189510279,nan,England League 1
189510281,nan,England League 1
189510283,nan,England League 1
189510285,nan,England League 1
189510287,nan,England League 1
189510289,nan,England League 1
190092506,Guatemala Liga Nacional,Guatemala Primera Division
189568141,Guatemala Liga Nacional,Guatemala Primera Division
190092515,Guatemala Liga Nacional,Guatemala Primera Division
189568143,Guatemala Liga Nacional,Guatemala Primera Division
189958506,Guatemala Liga Nacional,Guatemala Primera Division
189958513,Guatemala Liga Nacional,Guatemala Primera Division
190092527,Guatemala Liga Nacional,Guatemala Primera Division
189568145,Guatemala Liga Nacional,Guatemala Primera Division
189519852,Romania Liga 2,Romania Liga II
189519859,Romania Liga 2,Romania Liga II
497736,Scotland Women Premier League,Scotland Premier League Women
217681,Scotland Women Premier League,Scotland Premier League Women
513929,Scotland Women Premier League,Scotland Premier League Women
421141,Scotland Women Premier League,Scotland Premier League Women
142961,Scotland Women Premier League,Scotland Premier League Women
189568147,Guatemala Liga Nacional,Guatemala Primera Division
189568149,Guatemala Liga Nacional,Guatemala Primera Division
190157461,Guatemala Liga Nacional,Guatemala Primera Division
189568151,Guatemala Liga Nacional,Guatemala Primera Division
189519866,Romania Liga 2,Romania Liga II
189510291,nan,England League 1
189510296,nan,England League 1
189510301,nan,England League 1
189568155,Guatemala Liga Nacional,Guatemala Primera Division
189568159,Guatemala Liga Nacional,Guatemala Primera Division
190283887,Guatemala Liga Nacional,Guatemala Primera Division
189568163,Guatemala Liga Nacional,Guatemala Primera Division
190283894,Guatemala Liga Nacional,Guatemala Primera Division
190309725,Guatemala Liga Nacional,Guatemala Primera Division
190340441,Guatemala Liga Nacional,Guatemala Primera Division
190339209,Guatemala Liga Nacional,Guatemala Primera Division
189568167,Guatemala Liga Nacional,Guatemala Primera Division
189568171,Guatemala Liga Nacional,Guatemala Primera Division
189904985,Romania Liga 2,Romania Liga II
189568176,Guatemala Liga Nacional,Guatemala Primera Division
189904988,Romania Liga 2,Romania Liga II
189904990,Romania Liga 2,Romania Liga II
189904993,Romania Liga 2,Romania Liga II
189904995,Romania Liga 2,Romania Liga II
189904998,Romania Liga 2,Romania Liga II
189905001,Romania Liga 2,Romania Liga II
189905006,Romania Liga 2,Romania Liga II
189905012,Romania Liga 2,Romania Liga II
189905017,Romania Liga 2,Romania Liga II
189906003,Guatemala Liga Nacional,Guatemala Primera Division
189906010,Guatemala Liga Nacional,Guatemala Primera Division
189906015,Guatemala Liga Nacional,Guatemala Primera Division
189905023,Romania Liga 2,Romania Liga II
189906022,Guatemala Liga Nacional,Guatemala Primera Division
190523248,Guatemala Liga Nacional,Guatemala Primera Division
190307992,nan,Jamaica Premier League
190483896,nan,Jamaica Premier League
190518498,nan,Jamaica Premier League
190518503,nan,Jamaica Premier League
189906029,Guatemala Liga Nacional,Guatemala Primera Division
190420807,Guatemala Liga Nacional,Guatemala Primera Division
190420813,Guatemala Liga Nacional,Guatemala Primera Division
190482317,Guatemala Liga Nacional,Guatemala Primera Division
190532077,Guatemala Liga Nacional,Guatemala Primera Division
190482311,Guatemala Liga Nacional,Guatemala Primera Division
189906034,Guatemala Liga Nacional,Guatemala Primera Division
190518507,nan,Jamaica Premier League
636798,nan,UAE FA Cup
190581854,nan,Jamaica Premier League
444775,nan,Jamaica Premier League
189906038,Guatemala Liga Nacional,Guatemala Primera Division
190723987,nan,Jamaica Premier League
189906042,Guatemala Liga Nacional,Guatemala Primera Division
189906046,Guatemala Liga Nacional,Guatemala Primera Division
189906050,Guatemala Liga Nacional,Guatemala Primera Division
190720566,nan,Jamaica Premier League
189906054,Guatemala Liga Nacional,Guatemala Primera Division
190758482,nan,Jamaica Premier League
189906060,Guatemala Liga Nacional,Guatemala Primera Division
190335676,Romania Liga 2,Romania Liga II
615379,Guatemala Liga Nacional,Guatemala Primera Division
190335643,Romania Liga 2,Romania Liga II
190335645,Romania Liga 2,Romania Liga II
190335647,Romania Liga 2,Romania Liga II
190335651,Romania Liga 2,Romania Liga II
190335688,Romania Liga 2,Romania Liga II
190335666,Romania Liga 2,Romania Liga II
190335695,Romania Liga 2,Romania Liga II
190807461,Guatemala Liga Nacional,Guatemala Primera Division
190833642,Guatemala Liga Nacional,Guatemala Primera Division
190826243,Guatemala Liga Nacional,Guatemala Primera Division
190833925,Guatemala Liga Nacional,Guatemala Primera Division
190807469,Guatemala Liga Nacional,Guatemala Primera Division
190335683,Romania Liga 2,Romania Liga II
190335649,Romania Liga 2,Romania Liga II
190907259,Guatemala Liga Nacional,Guatemala Primera Division
190911698,Guatemala Liga Nacional,Guatemala Primera Division
190907285,Guatemala Liga Nacional,Guatemala Primera Division
190927989,nan,Jamaica Premier League
190927993,nan,Jamaica Premier League
190854977,Guatemala Liga Nacional,Guatemala Primera Division
190927995,nan,Jamaica Premier League
190907264,Guatemala Liga Nacional,Guatemala Primera Division
190919644,nan,Jamaica Premier League
190907279,Guatemala Liga Nacional,Guatemala Primera Division
190907270,Guatemala Liga Nacional,Guatemala Primera Division
190335657,Romania Liga 2,Romania Liga II
190949051,nan,Jamaica Premier League
190919653,nan,Jamaica Premier League
191047118,nan,Nepal National League
683419,nan,Netherlands U21 League
692808,nan,England Reserve Matches
637295,nan,Serbia League Women
191049983,nan,Uzbekistan PFL
123550,nan,Netherlands Youth Eredivisie
191029153,nan,America Friendlies
191025101,nan,Honduras Reserve League
191025124,nan,Honduras Reserve League
191025146,nan,Honduras Reserve League
191025169,nan,Honduras Reserve League
191025195,nan,Honduras Reserve League
191050939,nan,Colombia Liga Femenina
191050190,nan,Mauritania Division 2
191047683,nan,Mauritania Division 2
189849174,Brazil Serie A,Série A
191023444,nan,CONCACAF Champions Cup
191047838,nan,Barbados Premier League
191023460,nan,Honduras Liga Nacional
191050943,nan,Costa Rica Primera Division Women
191062684,nan,Nepal National League
190994998,nan,Ethiopia Premier League Women
191023438,nan,Philippines PFL
191001494,nan,Australia Queensland Pro Series
191057317,nan,Australia Queensland Pro Series
190332242,nan,Türkiye 2 Lig Beyaz
190335187,nan,Czechia Youth League
190997801,nan,Türkiye U19 League
190997803,nan,Türkiye U19 League
191021005,nan,Ethiopia Premier League Women
191022696,nan,Türkiye U19 League
191066597,nan,Kosovo U21 League
191085321,nan,Türkiye U19 League
191067236,nan,Nepal National League
190332218,nan,Türkiye 2 Lig Beyaz
190332224,nan,Türkiye 2 Lig Beyaz
191000621,nan,Hong Kong U22 League
190724716,nan,Azerbaijan Division 1
190779880,nan,Georgia First League
190779882,nan,Georgia First League
190779885,nan,Georgia First League
190779887,nan,Georgia First League
190994339,nan,Tanzania Premier League
190997370,nan,Cambodia Cup
190997373,nan,Cambodia Cup
191023787,nan,Philippines PFL
191023905,nan,Poland Youth League
191001437,nan,Uzbekistan PFL
190779930,nan,Lithuania A Lyga
191000617,nan,Hong Kong U22 League
191000623,nan,Hong Kong League Cup
191001415,nan,Spain Segunda Division RFEF Group 5
191066599,nan,Kosovo U21 League
190998402,nan,AFC Champions League Two
190332249,nan,Türkiye 2 Lig Beyaz
191000663,nan,Spain Tercera Group 10
191000619,nan,Hong Kong U22 League
190999605,nan,Uganda Premier League
191000625,nan,Montenegro Prva Liga
191001425,nan,Spain Youth League
191022701,nan,Zambia Super League
191057324,nan,Zambia Super League
191066593,nan,Kosovo U21 League
191074011,nan,Rwanda Cup
191074017,nan,Rwanda Cup
191074033,nan,Zambia Super League
191086054,nan,Zambia League Women
190994357,nan,Tanzania Premier League
190997780,nan,Malaysia Cup
190779934,nan,Lithuania A Lyga
190997426,nan,Italy Campionato Nazionale
191000627,nan,Montenegro Prva Liga
191087820,nan,Italy Campionato Nazionale
408724,nan,Italy Campionato Nazionale
191108183,nan,Burundi Premier League
190997791,nan,Malaysia Cup
191000630,nan,Montenegro Prva Liga
191001012,nan,Czechia Div 1 Women
191002602,nan,Greece Amateur Cup
191002606,nan,Greece Amateur Cup
191022690,nan,Slovenia Cup
191023910,nan,Poland Youth League
191023914,nan,Poland Youth League
191066595,nan,Kosovo U21 League
191090248,nan,Uruguay Reserve League
191127740,nan,Bosnia & Herzegovina 1st League Women
191000634,nan,Montenegro Prva Liga
191001439,nan,Uzbekistan PFL
191023596,nan,Norway U19 Elite League
191057333,nan,Italy Campionato Nazionale
191088117,nan,Croatia First League Women
191001443,nan,Uzbekistan PFL
190779806,nan,Georgia Erovnuli Liga
191000674,nan,Spain Tercera Group 5
191132991,nan,Nigeria League Women
190286992,nan,France Division 1 Women
190286997,nan,France Division 1 Women
191000339,nan,Finland Cup Women
191000555,nan,Bosnia & Herzegovina Cup
191000638,nan,Montenegro Prva Liga
191001403,nan,Spain Segunda Division RFEF Group 4
190779794,nan,Georgia Erovnuli Liga
190779798,nan,Georgia Erovnuli Liga
191000123,nan,Estonia Cup
191000125,nan,Estonia Cup
191001417,nan,Spain Segunda Division RFEF Group 5
191001629,nan,Portugal League Cup Women
191002610,nan,Greece Amateur Cup
191073679,nan,Gambia Division 2
191084901,nan,Senegal FA Cup
190994368,nan,Tanzania Premier League
191001433,nan,Spain Youth League
191036106,nan,Iceland League Cup
191057946,nan,Sierra Leone Premier League
191073673,nan,Gambia Division 2
191073675,nan,Gambia Division 2
191084898,nan,Senegal FA Cup
190999607,nan,Uganda Premier League
190999610,nan,Uganda Premier League
191001435,nan,Spain Youth League
191023948,nan,Poland Cup Women
191036150,nan,Coppa Italia Women
191057950,nan,Slovakia Cup
191074014,nan,Rwanda Cup
191088105,nan,Botswana Premier League
190726149,nan,UAE Pro League
190726151,nan,UAE Pro League
190779936,nan,Lithuania A Lyga
190998271,nan,UAE Reserve League
190998273,nan,UAE Reserve League
190998275,nan,UAE Pro League
190998591,nan,Germany DFB Pokal Women
190998595,nan,Germany DFB Pokal Women
190998597,nan,Germany DFB Pokal Women
190998599,nan,Germany DFB Pokal Women
191001394,nan,Spain U19 Cup
191069009,nan,Mexico Liga MX U19
190997532,nan,Netherlands Eredivisie Women
191024392,nan,Bosnia & Herzegovina Cup
190287000,nan,France Division 1 Women
190287003,nan,France Division 1 Women
190287006,nan,France Division 1 Women
190999628,nan,Brazil Campeonato Paulista A3
190999637,nan,Brazil Campeonato Paulista A3
191000665,nan,Spain Tercera Group 10
191000672,nan,Sweden Cup Women
191001389,nan,Spain Copa De La Reina
191001397,nan,Spain Primera Division RFEF Group 2
191001428,nan,Spain Youth League
191022688,nan,Portugal Campeonato Nacional
191023657,nan,Oman League
191024396,nan,Brazil Copa Rio U20
191052007,nan,Spain Primera Division RFEF Group 2
191057958,nan,UAE Cup
191069077,nan,Mexico Liga TDP
191074007,nan,Oman League
191078314,nan,Brazil Campeonato Baiano U20
191078319,nan,Brazil Campeonato Baiano U20
191087843,nan,Mexico Liga TDP
191110106,nan,Oman League
191117126,nan,UAE Cup
191129921,nan,Oman League
191110094,nan,Mexico Liga TDP
191001430,nan,Spain Youth League
191001123,nan,Switzerland 1.Liga Promotion
191001126,nan,Switzerland 1.Liga Promotion
191001263,nan,Austria Amateur Cup
191057954,nan,Spain Tercera Group 9
191000053,nan,England FA WSL 2
191000667,nan,Spain Tercera Group 6
191000669,nan,Spain Tercera Group 6
191001130,nan,Switzerland 1.Liga Classic
191001385,nan,Spain Regional League
191023916,nan,England FA WSL 2
191087826,nan,Jordan League
191117419,nan,Guatemala Segunda Division
191000661,nan,Spain Tercera Group 10
191001128,nan,Switzerland 1.Liga Classic
191001132,nan,Switzerland 1.Liga Classic
191082852,nan,Switzerland 1.Liga Classic
191001387,nan,Spain Regional League
191024389,nan,Andorra Cup
191057940,nan,Scotland Highland League
190996439,nan,England Isthmian Division One South
190996598,nan,Scotland Lowland League Cup
191001523,nan,England Southern League Div One
191001525,nan,England National League Division 1 Women
191001528,nan,England National League Division 1 Women
191098532,nan,England Northern League Division One
191098536,nan,England Northern League Division One
191098543,nan,England Northern League Division One
191110130,nan,Republic of Ireland Leinster Senior League
190996364,nan,Scotland Highland League
191083620,nan,Panama Liga Prom
190999798,nan,Honduras Liga Nacional
191000055,nan,Guatemala Primera Division
191000058,nan,Guatemala Primera Division
191000060,nan,Guatemala Primera Division
191000067,nan,Guatemala Primera Division
191014022,Guatemala Liga Nacional,Guatemala Primera Division
191019923,nan,Costa Rica Segunda
191021812,nan,El Salvador Cup
191088125,nan,Guatemala Segunda Division
191117128,nan,Guatemala Segunda Division
191117131,nan,Panama Liga Prom
191132637,nan,America Friendlies
191000062,nan,Guatemala Primera Division
189849176,Brazil Serie A,Série A
189849178,Brazil Serie A,Série A
190999656,nan,Brazil Campeonato Paulista A3
191000065,nan,Guatemala Primera Division
191022692,nan,Copa Libertadores U20
191066643,nan,Mauritania Division 2
190997290,nan,Copa do Brasil
190997293,nan,Copa do Brasil
190997298,nan,Copa do Brasil
190997301,nan,Copa do Brasil
190997303,nan,Copa do Brasil
190999666,nan,Brazil Campeonato Paulista A3
190999673,nan,Brazil Campeonato Paulista A3
190999685,nan,Brazil Campeonato Paulista A3
189849180,Brazil Serie A,Série A
190997283,nan,Copa do Brasil
190997305,nan,Copa do Brasil
190999622,nan,Brazil Campeonato Amapaense
190999676,nan,Brazil Campeonato Paulista A3
190999679,nan,Brazil Campeonato Paulista A3
191021817,nan,El Salvador Cup
191024398,nan,Copa do Brasil
190997629,nan,Honduras Liga Nacional
191001531,nan,CONCACAF Champions Cup
191069459,nan,America Friendlies
191117165,nan,Copa do Brasil
760585,nan,USA UPSL
191117145,nan,Mauritania Division 2
191076376,nan,Copa Libertadores U20
189849182,Brazil Serie A,Série A
189849189,Brazil Serie A,Série A
191019806,nan,Copa do Brasil
191019808,nan,Copa do Brasil
191117153,nan,Guatemala Segunda Division
191117158,nan,Guatemala Segunda Division
191019635,nan,CONCACAF Champions Cup
191023918,nan,Honduras Liga Nacional
191019936,nan,Costa Rica Segunda
191154420,nan,Guatemala Segunda Division
191154422,nan,Guatemala Segunda Division
191154424,nan,Costa Rica Primera Division Women
191087833,nan,Mexico Segunda Division
191019638,nan,CONCACAF Champions Cup
191067221,nan,Nepal National League
191118603,nan,World Club Friendlies
191118730,nan,World Club Friendlies
191021010,nan,Ethiopia Premier League Women
191163690,nan,Nepal National League
191024301,nan,Ethiopia Premier League Women
191026346,nan,Georgia Liga 3
191026348,nan,Georgia Liga 3
191034548,nan,Türkiye Womens League
191034562,nan,Türkiye Womens League
190332155,nan,Türkiye 1 Lig
638979,nan,Ukraine Division 1 Women
190724722,nan,Azerbaijan Division 1
190724729,nan,Azerbaijan Division 1
190724739,nan,Azerbaijan Division 1
191074009,nan,Kosovo U21 League
191074042,nan,Georgia Liga 3
191021214,nan,AFC Challenge League
191024319,nan,Ethiopia Premier League Women
191034550,nan,Türkiye Womens League
191034555,nan,Türkiye Womens League
191039829,nan,Burundi Premier League
191077485,nan,Poland II Liga
191127340,nan,Iraq U21 League
191127347,nan,Iraq U21 League
191127350,nan,Iraq U21 League
191127358,nan,Iraq U21 League
191020048,nan,AFC Champions League Two
190332258,nan,Türkiye 2 Lig Beyaz
191034559,nan,Türkiye 2 Lig Beyaz
191022273,nan,Algeria U20 League
190332157,nan,Türkiye 1 Lig
191022276,nan,Algeria U20 League
191024879,nan,India I-League
191025302,nan,Europe Friendlies
191028962,nan,Rwanda Cup
191034595,nan,Zambia Super League
191034600,nan,Zambia Super League
191039816,nan,Brazil Copa Rio U20
191039835,nan,Burundi Premier League
191077736,nan,Zambia Super League
191021208,nan,AFC Challenge League
191025947,nan,Indonesia Super League
191034565,nan,Uzbekistan PFL
190779801,nan,Georgia Erovnuli Liga
191026351,nan,Georgia Liga 3
191028949,nan,Nigeria Premier League
191034569,nan,Uzbekistan PFL
190779803,nan,Georgia Erovnuli Liga
191024510,nan,Estonia Esiliiga
191077732,nan,Senegal FA Cup
191128530,nan,Senegal FA Cup
191165291,nan,Sierra Leone Premier League
191028481,nan,Gambia Division 2
191028485,nan,Gambia Division 2
191033093,nan,Slovenia Cup
191169227,nan,Gambia Division 2
190332160,nan,Türkiye 1 Lig
191027302,nan,Coppa Italia Women
191033119,nan,Tanzania Premier League
190726139,nan,UAE Pro League
190726147,nan,UAE Pro League
191034577,nan,UAE Reserve League
191034588,nan,UAE Reserve League
191034591,nan,UAE Reserve League
191077734,nan,Spain U19 Cup
190464539,nan,UEFA Europa League
190464558,nan,UEFA Europa League
190464567,nan,UEFA Europa League
190464601,nan,UEFA Europa League
190466848,nan,UEFA Conference League
190466855,nan,UEFA Conference League
190466857,nan,UEFA Conference League
190466859,nan,UEFA Conference League
191026453,nan,Netherlands Eredivisie Women
191027273,nan,Iraq Stars League
191027286,nan,Iraq Stars League
191028951,nan,Oman League
191033108,nan,Sweden Cup Women
191073867,nan,Oman League
191024776,nan,Bahrain Premier League
191024778,nan,Bahrain Premier League
191028955,nan,Qatar Stars League
191028958,nan,Qatar Stars League
191028968,nan,Saudi Arabia Division 1
191020308,nan,Saudi Arabia Pro League
191020315,nan,Saudi Arabia Pro League
191020318,nan,Saudi Arabia Pro League
191024859,nan,Faroe Islands Div 1
191025543,nan,Belgium First Division B
191027309,nan,Jordan League
191027315,nan,Jordan League
191166885,nan,Spain Tercera Federacion Women
191020376,nan,Andorra Cup
191059820,nan,Iceland League Cup B
191073959,nan,Egypt Division 2
191073971,nan,Egypt Division 2
191073988,nan,Egypt Division 2
191073998,nan,Egypt Division 2
191074002,nan,Egypt Division 2
189849157,nan,Argentina Liga Profesional
189849159,nan,Argentina Liga Profesional
190464498,nan,UEFA Europa League
190464516,nan,UEFA Europa League
190464577,nan,UEFA Europa League
190464587,nan,UEFA Europa League
190466850,nan,UEFA Conference League
190466853,nan,UEFA Conference League
190466861,nan,UEFA Conference League
190466864,nan,UEFA Conference League
191019941,nan,Costa Rica Segunda
191033102,nan,Spain Primera Women
191077730,nan,Iceland League Cup B
191027292,nan,Iraq Stars League
191027298,nan,Iraq Stars League
229656,nan,Spain Women Regional League
191024467,nan,El Salvador Cup
191039838,nan,Copa do Brasil
190749808,nan,Mexico Liga MX Femenil
189849195,nan,Série A
191039840,nan,Copa do Brasil
191074619,nan,Mauritania Division 2
191074792,nan,Copa Libertadores U20
189849164,nan,Argentina Liga Profesional
189849168,nan,Argentina Liga Profesional
189849207,nan,Série A
191039842,nan,Copa do Brasil
191039844,nan,Copa do Brasil
189849213,nan,Série A
191039846,nan,Copa do Brasil
191060265,nan,USA USL Super League Women
191126821,nan,El Salvador Cup
191165296,nan,Nicaragua Liga de Ascenso
191039823,nan,Campeonato Rondoniense
191039850,nan,Copa do Brasil
191165298,nan,Mauritania Division 2
190749810,nan,Mexico Liga MX Femenil
191076699,nan,CONCACAF Champions Cup
191077362,nan,Copa Libertadores U20
191126685,nan,America Friendlies
189849170,nan,Argentina Liga Profesional
189849222,nan,Série A
190440006,nan,Copa Libertadores Qualification
191077127,nan,Copa do Brasil
191077175,nan,Copa do Brasil
190749813,nan,Mexico Liga MX Femenil
191139312,nan,Panama Liga Prom
190749817,nan,Mexico Liga MX Femenil
191077762,nan,Honduras Liga Nacional
190749821,nan,Mexico Liga MX Femenil
191019930,nan,Costa Rica Segunda
191019938,nan,Costa Rica Segunda
191076704,nan,CONCACAF Champions Cup
190749828,nan,Mexico Liga MX Femenil
191127410,nan,Nepal National League
191078543,nan,South Korea K3 League
191138775,nan,Ethiopia Higher League Women
191168577,nan,Australia Northern NSW Reserves League
191168579,nan,Australia Northern NSW Reserves League
190722608,nan,Australia Victoria PL 1 U23
191092458,nan,Australia NPL Victoria U23
191092465,nan,Australia NPL Victoria U23
191076388,nan,Australia SA Premier League Women
189961123,nan,Australia A-League
191022267,nan,Australia A-League Women
191022270,nan,Australia A-League Women
191127418,nan,Nepal National League
190693425,nan,Australia New South Wales Premier League
191058553,nan,Australia South Australia State League 1
191058935,nan,Australia NPL Victoria
191059018,nan,Australia Victoria Premier League 1
191093049,nan,Australia Victoria Premier League 2
677238,nan,Australia NPL Victoria Women
267597,nan,Bangladesh Premier League
191080475,nan,Bangladesh Premier League
191093052,nan,Australia Victoria Premier League 2
191058564,nan,Australia South Australia State League 1
191058863,nan,Australia Northern NSW Premier League
191058867,nan,Australia Northern NSW Premier League
191060913,nan,Australia New South Wales League 2
191060918,nan,Australia New South Wales League 2
191060927,nan,Australia New South Wales League 2
191060938,nan,Australia New South Wales League 2
191082125,nan,Australia Northern NSW Premier League Women
191169860,nan,Kyrgyzstan Top Liga
191058939,nan,Australia NPL Victoria
190694202,nan,Australia NPL Queensland
190694515,nan,Australia South Australia Premier League
191058943,nan,Australia NPL Victoria
191059022,nan,Australia Victoria Premier League 1
191059026,nan,Australia Victoria Premier League 1
191091760,nan,India Mumbai Elite League
191093057,nan,Australia Victoria Premier League 2
779890,nan,Australia NPL Victoria Women
190694447,nan,Australia South Australia Premier League
190694450,nan,Australia South Australia Premier League
191053307,nan,AFC Asian Cup Women
191080441,nan,Vietnam V-League 2
191080447,nan,Vietnam V-League 2
191155096,nan,Türkiye U19 League
191169527,nan,South Africa National Div 2
191082117,nan,Australia Queensland Premier League Women
191090927,nan,India I-League
190724742,nan,Azerbaijan Division 1
191057837,nan,Ukraine Vyscha Liga
191080248,nan,Vietnam V-League
191080251,nan,Vietnam V-League
190635169,nan,China Super League
86340,nan,Seychelles Premier League
423011,nan,Europe Friendlies
191083683,nan,Kenya Premier League
191132389,nan,Cameroon League Women
191085086,nan,Paraguay Reserve League
191058823,Romania Liga 2,Romania Liga II
191058828,Romania Liga 2,Romania Liga II
191058833,Romania Liga 2,Romania Liga II
191058840,Romania Liga 2,Romania Liga II
191058849,Romania Liga 2,Romania Liga II
191058854,Romania Liga 2,Romania Liga II
191058860,Romania Liga 2,Romania Liga II
191058865,Romania Liga 2,Romania Liga II
191058869,Romania Liga 2,Romania Liga II
191058873,Romania Liga 2,Romania Liga II
191058877,Romania Liga 2,Romania Liga II
191207689,Guatemala Liga Nacional,Guatemala Primera Division
191113039,Guatemala Liga Nacional,Guatemala Primera Division
191113045,Guatemala Liga Nacional,Guatemala Primera Division
191207685,Guatemala Liga Nacional,Guatemala Primera Division
191245041,Guatemala Liga Nacional,Guatemala Primera Division
191245044,Guatemala Liga Nacional,Guatemala Primera Division
191207676,Guatemala Liga Nacional,Guatemala Primera Division
191113057,Guatemala Liga Nacional,Guatemala Primera Division
191057726,Scotland Women Premier League,Scotland Premier League Women
191057734,Scotland Women Premier League,Scotland Premier League Women
191057737,Scotland Women Premier League,Scotland Premier League Women
191057740,Scotland Women Premier League,Scotland Premier League Women
191057742,Scotland Women Premier League,Scotland Premier League Women
191113061,Guatemala Liga Nacional,Guatemala Primera Division
191248549,Guatemala Liga Nacional,Guatemala Primera Division
191113067,Guatemala Liga Nacional,Guatemala Primera Division
191113072,Guatemala Liga Nacional,Guatemala Primera Division
191317526,Guatemala Liga Nacional,Guatemala Primera Division
191303038,Guatemala Liga Nacional,Guatemala Primera Division
191057744,Scotland Women Premier League,Scotland Premier League Women
191057746,Scotland Women Premier League,Scotland Premier League Women
191057748,Scotland Women Premier League,Scotland Premier League Women
191113074,Guatemala Liga Nacional,Guatemala Primera Division
191113076,Guatemala Liga Nacional,Guatemala Primera Division
191113078,Guatemala Liga Nacional,Guatemala Primera Division
191113080,Guatemala Liga Nacional,Guatemala Primera Division
191113082,Guatemala Liga Nacional,Guatemala Primera Division
191113086,Guatemala Liga Nacional,Guatemala Primera Division
191497030,Romania Liga 2,Romania Liga II
191497034,Romania Liga 2,Romania Liga II
191497047,Romania Liga 2,Romania Liga II
191497056,Romania Liga 2,Romania Liga II
191113088,Guatemala Liga Nacional,Guatemala Primera Division
191113092,Guatemala Liga Nacional,Guatemala Primera Division
191582388,Guatemala Liga Nacional,Guatemala Primera Division
191497058,Romania Liga 2,Romania Liga II
191497062,Romania Liga 2,Romania Liga II
191057751,Scotland Women Premier League,Scotland Premier League Women
191057774,Scotland Women Premier League,Scotland Premier League Women
191057754,Scotland Women Premier League,Scotland Premier League Women
191057761,Scotland Women Premier League,Scotland Premier League Women
191057776,Scotland Women Premier League,Scotland Premier League Women
191705585,Guatemala Liga Nacional,Guatemala Primera Division
191607348,Guatemala Liga Nacional,Guatemala Primera Division
191607350,Guatemala Liga Nacional,Guatemala Primera Division
191705587,Guatemala Liga Nacional,Guatemala Primera Division
191113101,Guatemala Liga Nacional,Guatemala Primera Division
191113103,Guatemala Liga Nacional,Guatemala Primera Division
191705590,Guatemala Liga Nacional,Guatemala Primera Division
191113106,Guatemala Liga Nacional,Guatemala Primera Division
191113110,Guatemala Liga Nacional,Guatemala Primera Division
739971,Guatemala Liga Nacional,Guatemala Primera Division
191848596,Guatemala Liga Nacional,Guatemala Primera Division
191848599,Guatemala Liga Nacional,Guatemala Primera Division
191835019,Guatemala Liga Nacional,Guatemala Primera Division
191835037,Guatemala Liga Nacional,Guatemala Primera Division
191855531,Guatemala Liga Nacional,Guatemala Primera Division
191855537,Guatemala Liga Nacional,Guatemala Primera Division
191907043,Guatemala Liga Nacional,Guatemala Primera Division
191944447,Guatemala Liga Nacional,Guatemala Primera Division
191907047,Guatemala Liga Nacional,Guatemala Primera Division
122759,Guatemala Liga Nacional,Guatemala Primera Division
191944454,Guatemala Liga Nacional,Guatemala Primera Division
191907049,Guatemala Liga Nacional,Guatemala Primera Division
191944640,Guatemala Liga Nacional,Guatemala Primera Division
191970310,Guatemala Liga Nacional,Guatemala Primera Division
191970312,Guatemala Liga Nacional,Guatemala Primera Division
192089532,Guatemala Liga Nacional,Guatemala Primera Division
192089537,Guatemala Liga Nacional,Guatemala Primera Division
192089535,Guatemala Liga Nacional,Guatemala Primera Division
192054816,Guatemala Liga Nacional,Guatemala Primera Division
192054983,Guatemala Liga Nacional,Guatemala Primera Division
192128446,Scotland Women Premier League,Scotland Premier League Women
192128448,Scotland Women Premier League,Scotland Premier League Women
192128450,Scotland Women Premier League,Scotland Premier League Women
192183051,Guatemala Liga Nacional,Guatemala Primera Division
192190461,Guatemala Liga Nacional,Guatemala Primera Division
192190464,Guatemala Liga Nacional,Guatemala Primera Division
192203588,Romania Liga 2,Romania Liga II
192206287,Guatemala Liga Nacional,Guatemala Primera Division
483912,Guatemala Liga Nacional,Guatemala Primera Division
192268229,Guatemala Liga Nacional,Guatemala Primera Division
196554,Guatemala Liga Nacional,Guatemala Primera Division
192232370,Romania Liga 2,Romania Liga II
192232379,Romania Liga 2,Romania Liga II
192232382,Romania Liga 2,Romania Liga II
192232385,Romania Liga 2,Romania Liga II
192232397,Romania Liga 2,Romania Liga II
192232402,Romania Liga 2,Romania Liga II
192232419,Romania Liga 2,Romania Liga II
192339506,Guatemala Liga Nacional,Guatemala Primera Division
192359609,Estonia Women’s Meistriliiga,Estonia Meistriliiga Women
192358299,Scotland Women Premier League,Scotland Premier League Women
192358326,Scotland Women Premier League,Scotland Premier League Women
192359612,Estonia Women’s Meistriliiga,Estonia Meistriliiga Women
192358308,Scotland Women Premier League,Scotland Premier League Women
192369773,Guatemala Liga Nacional,Guatemala Primera Division
192358329,Scotland Women Premier League,Scotland Premier League Women
192369786,Guatemala Liga Nacional,Guatemala Primera Division
192369791,Guatemala Liga Nacional,Guatemala Primera Division
192369793,Guatemala Liga Nacional,Guatemala Primera Division
192378739,Guatemala Liga Nacional,Guatemala Primera Division
192442733,Guatemala Liga Nacional,Guatemala Primera Division
192442736,Guatemala Liga Nacional,Guatemala Primera Division
192507140,Scotland Women Premier League,Scotland Premier League Women
192501826,Guatemala Liga Nacional,Guatemala Primera Division
192452097,Guatemala Liga Nacional,Guatemala Primera Division
192607972,Romania Liga 2,Romania Liga II
192607989,Romania Liga 2,Romania Liga II
192607992,Romania Liga 2,Romania Liga II
192619467,Guatemala Liga Nacional,Guatemala Primera Division
192608010,Romania Liga 2,Romania Liga II
192668653,Guatemala Liga Nacional,Guatemala Primera Division
192668655,Guatemala Liga Nacional,Guatemala Primera Division
192668657,Guatemala Liga Nacional,Guatemala Primera Division
192741872,Guatemala Liga Nacional,Guatemala Primera Division
192741884,Guatemala Liga Nacional,Guatemala Primera Division
192741887,Guatemala Liga Nacional,Guatemala Primera Division
192791174,Guatemala Liga Nacional,Guatemala Primera Division
192791176,Guatemala Liga Nacional,Guatemala Primera Division
192791178,Guatemala Liga Nacional,Guatemala Primera Division
192791181,Guatemala Liga Nacional,Guatemala Primera Division
192668659,Guatemala Liga Nacional,Guatemala Primera Division
192668663,Guatemala Liga Nacional,Guatemala Primera Division
485293,Romania Liga 2,Romania Liga II
639145,Romania Liga 2,Romania Liga II
255381,Romania Liga 2,Romania Liga II
130393,Guatemala Liga Nacional,Guatemala Primera Division
681471,Guatemala Liga Nacional,Guatemala Primera Division
192914977,Guatemala Liga Nacional,Guatemala Primera Division
193068730,Guatemala Liga Nacional,Guatemala Primera Division
192914990,Guatemala Liga Nacional,Guatemala Primera Division
192914992,Guatemala Liga Nacional,Guatemala Primera Division
193046970,Guatemala Liga Nacional,Guatemala Primera Division
192914994,Guatemala Liga Nacional,Guatemala Primera Division
193110182,Romania Liga 2,Romania Liga II
193106247,Swiss Cup,Switzerland Cup
193107493,Guatemala Liga Nacional,Guatemala Primera Division
193116164,Guatemala Liga Nacional,Guatemala Primera Division
193116105,Guatemala Liga Nacional,Guatemala Primera Division
193116097,Guatemala Liga Nacional,Guatemala Primera Division
193125888,Guatemala Liga Nacional,Guatemala Primera Division
193125886,Guatemala Liga Nacional,Guatemala Primera Division
193125890,Guatemala Liga Nacional,Guatemala Primera Division
192511816,Spain Copa del Rey,Spain La Liga
192511819,Spain Copa del Rey,Spain La Liga
192511822,Spain Copa del Rey,Spain La Liga
192511831,Spain Copa del Rey,Spain La Liga
192511665,Mexico Clausura,Mexico Liga MX
192511667,Mexico Clausura,Mexico Liga MX
193386738,Scotland Women Premier League,Scotland Premier League Women
193381398,Estonia Women’s Meistriliiga,Estonia Meistriliiga Women
193392837,Scotland Women Premier League,Scotland Premier League Women
192613325,Germany DFB Pokal,Germany Bundesliga I
193386733,Scotland Women Premier League,Scotland Premier League Women
